lookback_bars,lookback_label,exit_model,trades,win_rate,total_r,avg_r,pf,max_dd_r,max_losing_streak
60,0.5m,fixed_2R,1,0.0,-1.020892894923232,-1.020892894923232,0.0,0.0,1
90,0.75m,fixed_2R,1,100.0,1.9723364385102236,1.9723364385102236,inf,0.0,0
120,1m,fixed_2R,6,83.33333333333334,8.705157026052875,1.450859504342146,9.184877743977502,0.0,1
60,0.5m,fixed_2R_no_1R_by_12bars,1,100.0,0.5536617154661323,0.5536617154661323,inf,0.0,0
90,0.75m,fixed_2R_no_1R_by_12bars,1,100.0,1.9723364385102236,1.9723364385102236,inf,0.0,0
120,1m,fixed_2R_no_1R_by_12bars,6,83.33333333333334,8.705157026052868,1.4508595043421446,9.184877743977497,0.0,1
