metric,p05,p25,median,p75,p95,prob_positive
total_r,28.71661617719125,45.89839636768434,57.20927020342968,68.74918720939311,86.6912325176667,99.94
avg_r,0.18290838329421175,0.2923464736795181,0.3643902560728005,0.43789291216173953,0.5521734555265395,99.94
