rule,trades,win_rate,total_r,avg_r,median_r,pf,max_dd_r,max_losing_streak
通常,157,49.681528662420384,57.17460329300734,0.3641694477261614,-0.022104668109996,1.7807456254197755,11.89436693339602,13
1日1回だけ・最初のシグナル,140,49.28571428571429,50.48016634975892,0.3605726167839923,-0.07731198612912896,1.7752427716554418,11.89436693339602,13
同一通貨は1日1回だけ,157,49.681528662420384,57.17460329300734,0.3641694477261614,-0.022104668109996,1.7807456254197755,11.89436693339602,13
複数通貨同日シグナルを全除外,124,45.96774193548387,36.678588710127315,0.2957950702429622,-0.28415530993182603,1.6010605333086756,11.894366933396022,13
