cost_multiplier,trades,win_rate,total_r,avg_r,median_r,pf,max_dd_r,max_losing_streak
1.0,157,49.681528662420384,57.17460329300734,0.3641694477261614,-0.022104668109996,1.7807456254197755,11.89436693339602,13
1.5,157,49.681528662420384,56.13322823753188,0.35753648558937506,-0.0257887794616585,1.7607517841444082,12.065050943951496,13
2.0,157,49.681528662420384,55.09185318205645,0.35090352345258885,-0.029472890813321,1.7410568742023091,12.235734954506977,13
2.5,157,49.681528662420384,54.050478126581,0.3442705613158025,-0.033157002164983504,1.7216542412783076,12.406418965062453,13
3.0,157,49.681528662420384,53.00910307110556,0.33763759917901626,-0.036841113516646,1.7025374271056792,12.57710297561793,13
