metric,p05,p25,median,p75,p95
total_r,57.17460329300732,57.17460329300733,57.17460329300734,57.17460329300734,57.174603293007344
max_dd_r,5.092735556594158,6.224138727063516,7.376420861841178,8.97932886572692,11.935526832683676
max_losing_streak,5.0,5.0,6.0,8.0,10.0
