window,trades,win_rate,total_r,avg_r,median_r,pf,max_dd_r,max_losing_streak
2015-2016,31,29.03225806451613,-2.216567295303144,-0.07150217081623046,-1.0050037857536396,0.8898112002898316,11.89436693339602,13
2017-2018,26,42.30769230769231,4.787838999336285,0.18414765382062634,-0.6698612367141109,1.3529705144205528,4.098661565610757,4
2019-2020,31,54.83870967741935,13.833521092117318,0.44624261587475217,0.1853333594102788,2.0172402531586555,5.0578621000099755,5
2021-2022,40,50.0,12.445775667138408,0.3111443916784602,-0.07447648219603985,1.6645522064686942,7.257423289123565,4
2023-2024,29,72.41379310344827,28.32403482971847,0.9766908561971887,1.9771017464348235,4.921293551109019,3.0355015194464237,3
