scenario,trades,win_rate,total_r,avg_r,pf,max_dd_r,max_dd_pct_compounded,max_loss_streak,linear_final_jpy_1pct,compound_final_jpy_1pct
trendbreak_only,461,36.8763557483731,191.52982587075968,0.41546599971965226,1.6235694706970738,14.022501305097421,13.150490467389393,13,2915298.2587075965,6216134.603155968
t5_practical_only,34,61.76470588235294,29.1959248295058,0.8587036714560529,3.554542520110223,4.35387395705122,4.280833452555747,5,1291959.248295058,1333027.6132256754
all_trades,495,38.58585858585858,220.7257507002655,0.4459106074752838,1.6928429698574488,14.022501305097421,13.150490467389403,13,3207257.5070026554,8286279.073534523
trendbreak_priority_add_t5_when_free,481,37.62993762993763,204.3246105077889,0.4247912900369831,1.646157108646051,14.022501305097421,13.150490467389412,13,3043246.105077889,7046231.578342078
same_symbol_first_wins,481,38.66943866943867,215.5899818205868,0.44821202041702035,1.6978632954654085,14.022501305097421,13.150490467389378,13,3155899.818205868,7892485.06517174
