rule,period,trades,losses,winrate,total_r,avg_r,pf,max_dd_r,max_losing_streak
BASE_half_BBwidth_gt4,Research_2015_2024,99,44,55.55555555555556,47.00910184867824,0.4748394126129115,2.800036644134823,3.7551385878744235,7
BASE_half_BBwidth_gt4,OOS_2025_2026,15,5,66.66666666666666,7.93415149141145,0.5289434327607634,3.617925599316628,1.5132904923971608,2
BASE_half_BBwidth_gt4,ALL,114,49,57.01754385964912,54.94325334008968,0.48195836263236563,2.885082575084034,3.7551385878744235,7
C123_half_BBwidth_gt4,Research_2015_2024,26,10,61.53846153846154,20.079858505682388,0.7723022502185534,4.864535866521029,1.6499448641474683,4
C123_half_BBwidth_gt4,OOS_2025_2026,5,0,100.0,5.712868507339273,1.1425737014678545,inf,0.0,0
C123_half_BBwidth_gt4,ALL,31,10,67.74193548387096,25.79272701302166,0.8320234520329568,5.964024951122067,1.6499448641474683,4
C125_half_BBwidth_gt4,Research_2015_2024,34,13,61.76470588235294,24.984209892152542,0.7348297027103688,4.442208632409626,2.703929092903752,5
C125_half_BBwidth_gt4,OOS_2025_2026,5,0,100.0,5.712868507339273,1.1425737014678545,inf,0.0,0
C125_half_BBwidth_gt4,ALL,39,13,66.66666666666666,30.697078399491815,0.7871045743459439,5.229301175126418,2.703929092903752,5
