symbol,direction,kind_sequence,p0_time,p1_time,p2_time,p3_time,p4_time,p0_price,p1_price,p2_price,p3_price,p4_price,wave1,wave3,wave2_retrace,wave4_retrace,structure_ok,no_overlap,trend_ok,pre_break_range_atr,signal_time,entry_time,entry_price,sl_price,risk_price,mfe_24,mae_24,wave5_ext_wave1_24,mfe_48,mae_48,wave5_ext_wave1_48,mfe_120,mae_120,wave5_ext_wave1_120,tp1_hit_120,tp2_hit_120,tp3_hit_120,exit_time,exit_price,outcome_2r,r_result_2r,exit_reason,wave3_vs_wave1,entry_over_wave3,period,timeframe,method,variant
XAUUSD,long,LHLHL,2017-02-01 16:00,2017-02-02 14:00,2017-02-03 14:00,2017-02-06 21:00,2017-02-07 14:00,1198.148,1225.288,1206.351,1235.599,1227.691,27.1400000000001,29.24799999999982,0.6977523949889399,0.2703774617067817,1,1,1,4.084078079071244,2017-02-08 08:00,2017-02-08 09:00:00,1236.972,1227.0386495922903,9.93335040770944,0.7787906076479557,0.2147311745234096,0.627008106116433,0.7787906076479557,1.5486214991530989,0.627008106116433,0.7787906076479557,1.7792586866041582,0.627008106116433,0,0,0,2017-02-09 21:00,1227.0386495922903,-1,-1.0,SL,1.0776713338246025,0.0469433807439844,Research_2015_2024,H1,W5_CLASSIC,W3_CAP_1_2
XAUUSD,long,LHLHL,2018-08-16 01:00,2018-08-16 09:00,2018-08-17 01:00,2018-08-21 07:00,2018-08-21 16:00,1160.168,1181.992,1171.838,1196.319,1187.638,21.82400000000007,24.480999999999995,0.4652675953079162,0.3546015277153728,1,1,1,4.588349019588088,2018-08-22 08:00,2018-08-22 09:00:00,1196.469,1187.1339515960692,9.33504840393084,0.5451498245962008,1.0786232233953992,0.6378299120234617,0.5451498245962008,1.4302014753751269,0.6378299120234617,1.9035787744300623,1.4302014753751269,1.2188874633431095,0,0,0,2018-08-23 07:00,1187.1339515960692,-1,-1.0,SL,1.1217467008797617,0.0061272006862501,Research_2015_2024,H1,W5_CLASSIC,W3_CAP_1_2
XAUUSD,short,HLHLH,2023-02-14 14:00,2023-02-14 15:00,2023-02-15 03:00,2023-02-15 16:00,2023-02-16 09:00,1870.467,1843.165,1859.998,1830.475,1844.705,27.302000000000135,29.52300000000014,0.6165482382243059,0.4819970870169004,1,0,1,3.1232081613032463,2023-02-16 14:00,2023-02-16 15:00:00,1828.735,1846.0617779607207,17.326777960720847,0.5731013592088946,0.947839236886992,0.9486484506629456,0.5731013592088946,1.0775228979285276,0.9486484506629456,0.6544782893684719,1.0775228979285276,1.0002930188264527,0,0,0,2023-02-20 07:00,1846.0617779607207,-1,-1.0,SL,1.081349351695846,0.0589370998882227,Research_2015_2024,H1,W5_CLASSIC,W3_CAP_1_2
XAUUSD,long,LHLHL,2024-02-14 16:00,2024-02-15 15:00,2024-02-16 14:00,2024-02-19 08:00,2024-02-19 17:00,1984.088,2008.175,1994.985,2022.895,2013.185,24.08699999999999,27.91000000000008,0.5475982895337759,0.3479039770691511,1,1,1,4.574962222973412,2024-02-20 09:00,2024-02-20 10:00:00,2023.985,2012.534721406428,11.450278593571966,0.7170131218125139,0.100434237525492,0.7892224021256279,0.9364837643356496,0.355449866720691,0.8935525387138352,1.5108802688619447,0.7012929802867773,1.1666043924108502,1,0,0,2024-02-27 15:00,2033.685,0,0.8471409599977329,not_reached_120,1.1587163200066466,0.0390541024722291,Research_2015_2024,H1,W5_CLASSIC,W3_CAP_1_2
XAUUSD,short,HLHLH,2017-02-27 20:00,2017-03-01 16:00,2017-03-01 20:00,2017-03-03 20:00,2017-03-06 00:00,1263.831,1236.849,1250.599,1222.808,1236.868,26.98199999999997,27.79099999999994,0.5095989919205401,0.5059191824691438,1,0,1,4.190226341095458,2017-03-07 12:00,2017-03-07 16:00:00,1220.141,1238.0916212516051,17.95062125160507,1.4090320131810772,0.0321437342982435,1.55733451930917,1.4090320131810772,0.7552384850628947,1.55733451930917,1.4090320131810772,2.2768571308553094,1.55733451930917,1,0,0,2017-03-21 12:00,1238.0916212516051,-1,-1.0,SL,1.0299829515973602,0.0959663200316621,Research_2015_2024,H4,W5_CLASSIC,W3_CAP_1_2
XAUUSD,short,HLHLH,2018-07-09 12:00,2018-07-10 12:00,2018-07-11 00:00,2018-07-13 16:00,2018-07-16 08:00,1265.868,1247.299,1256.849,1236.338,1245.528,18.56899999999996,20.510999999999967,0.5142980235876986,0.44805226463849,1,1,1,4.359433806441876,2018-07-17 12:00,2018-07-17 16:00:00,1227.489,1246.6468379538628,19.15783795386278,0.834123351418054,0.3963390868158535,1.832031881092147,0.834123351418054,0.3988967867044309,1.832031881092147,1.8723407143532955,0.3988967867044309,2.9031719532554376,1,0,0,2018-08-14 00:00,1195.069,0,1.692257763014602,not_reached_120,1.1045829069955309,0.4314270391497219,Research_2015_2024,H4,W5_CLASSIC,W3_CAP_1_2
XAUUSD,short,HLHLH,2021-02-10 16:00,2021-02-19 04:00,2021-02-23 04:00,2021-02-26 20:00,2021-03-01 08:00,1855.232,1760.44,1815.875,1717.09,1759.715,94.79199999999992,98.78500000000008,0.5848067347455481,0.4314926355215869,1,1,1,3.717403409675134,2021-03-02 00:00,2021-03-02 04:00:00,1713.216,1763.2557106922382,50.03971069223826,0.521146098553383,0.5441678143879378,0.7656447801502243,0.7298203665606855,0.5441678143879378,0.8758017554223994,0.7298203665606855,0.8431703424405385,0.8758017554223994,0,0,0,2021-03-29 12:00,1711.628,0,0.0317347957858254,not_reached_120,1.0421238079162816,0.0392164802348536,Research_2015_2024,H4,W5_CLASSIC,W3_CAP_1_2
XAUUSD,long,LHLHL,2022-02-03 16:00,2022-02-10 20:00,2022-02-11 08:00,2022-02-15 08:00,2022-02-15 16:00,1788.538,1841.838,1820.838,1879.378,1844.398,53.299999999999955,58.53999999999997,0.3939962476547846,0.5975401434916303,1,1,1,5.324002282393502,2022-02-17 08:00,2022-02-17 12:00:00,1883.528,1842.107429982716,41.42057001728381,0.7362284002193852,0.0202797788550328,1.306285178236399,2.1938375054250105,0.1349570997614795,2.4390243902439046,4.51056081367399,0.1349570997614795,4.239399624765487,1,1,1,2022-02-24 08:00,1966.3691400345676,1,2.0,TP2,1.0983114446529083,0.0708916979842858,Research_2015_2024,H4,W5_CLASSIC,W3_CAP_1_2
XAUUSD,long,LHLHL,2022-02-11 08:00,2022-02-15 08:00,2022-02-15 16:00,2022-02-21 04:00,2022-02-21 08:00,1820.838,1879.378,1844.398,1908.158,1887.453,58.53999999999997,63.75999999999999,0.5975401434916303,0.324733375156837,1,1,1,2.938019484855745,2022-02-21 20:00,2022-02-22 00:00:00,1909.418,1885.192123231061,24.22587676893886,2.682255863008184,1.2994369739534788,1.485223778612914,2.682255863008184,1.2994369739534788,1.485223778612914,6.643309612073526,1.2994369739534788,3.1244448240519356,1,1,0,2022-02-24 08:00,1957.8697535378776,1,2.0,TP2,1.0891697984284254,0.0197616060225845,Research_2015_2024,H4,W5_CLASSIC,W3_CAP_1_2
XAUUSD,long,LHLHL,2022-02-24 20:00,2022-02-28 00:00,2022-02-28 20:00,2022-03-02 00:00,2022-03-02 12:00,1877.938,1930.948,1890.768,1950.078,1913.738,53.00999999999999,59.309999999999945,0.7579701943029631,0.6127128646096771,1,0,1,3.182780820705548,2022-03-04 12:00,2022-03-04 16:00:00,1957.888,1910.1620390271432,47.72596097285668,2.356579054824389,0.0278674325857229,2.9545368798339964,2.356579054824389,1.0673436209900744,2.9545368798339964,2.356579054824389,1.422496239281827,2.9545368798339964,1,1,0,2022-03-08 12:00,2053.3399219457133,1,2.0,TP2,1.1188455008488956,0.1316809981453372,Research_2015_2024,H4,W5_CLASSIC,W3_CAP_1_2
XAUUSD,short,HLHLH,2022-10-13 12:00,2022-10-14 20:00,2022-10-17 16:00,2022-10-20 04:00,2022-10-20 16:00,1682.336,1640.095,1668.268,1622.257,1645.438,42.240999999999985,46.01099999999997,0.6669586420776026,0.5038143052748268,1,0,1,2.802625850189395,2022-10-21 00:00,2022-10-21 04:00:00,1621.498,1647.661807362506,26.16380736250585,0.1693560856265095,2.032578793414061,0.6716460311072205,0.1693560856265095,2.032578793414061,0.6716460311072205,0.1919063204537777,6.301414687690527,0.6856135034681949,0,0,0,2022-10-21 12:00,1647.661807362506,-1,-1.0,SL,1.0892497810184414,0.0164960552911263,Research_2015_2024,H4,W5_CLASSIC,W3_CAP_1_2
XAUUSD,long,LHLHL,2025-01-13 20:00,2025-01-16 20:00,2025-01-20 04:00,2025-01-22 12:00,2025-01-23 16:00,2656.615,2724.565,2689.308,2763.205,2735.665,67.95000000000027,73.89699999999993,0.5188668138337,0.3726808936763331,1,1,1,3.6355083906158265,2025-01-24 00:00,2025-01-24 04:00:00,2772.238,2732.807765499644,39.43023450035571,0.3445832917853282,1.0577923395211757,0.7381898454746085,1.8538312268810064,1.0577923395211757,1.6139808682854986,4.628859105526084,1.0577923395211757,3.2242825607063907,0,0,0,2025-01-27 16:00,2732.807765499644,-1,-1.0,SL,1.08752023546725,0.1222377092439464,OOS_2025_2026,H4,W5_CLASSIC,W3_CAP_1_2
XAUUSD,long,LHLHL,2026-01-16 16:00,2026-01-21 08:00,2026-01-21 20:00,2026-01-26 08:00,2026-01-27 00:00,4536.515,4888.075,4755.345,5110.885,4989.805,351.5599999999995,355.53999999999996,0.3775457958812144,0.3405523991674634,1,1,1,4.026924634910743,2026-01-27 20:00,2026-01-28 00:00:00,5171.975,4977.361881604985,194.6131183950156,2.1829463681770007,3.961382492392897,1.72659005575151,2.1829463681770007,3.961382492392897,1.72659005575151,2.1829463681770007,3.961382492392897,1.72659005575151,1,1,0,2026-01-28 20:00,5561.2012367900315,1,2.0,TP2,1.0113209693935614,0.1718231422624744,OOS_2025_2026,H4,W5_CLASSIC,W3_CAP_1_2
XAUUSD,long,LHLHL,2015-12-31 00:00,2016-01-09 00:00,2016-01-15 00:00,2016-01-28 00:00,2016-01-30 00:00,1059.389,1112.949,1071.419,1127.99,1108.352,53.56000000000017,56.57099999999991,0.7753920836445078,0.3471389934772224,1,0,1,3.0442689016019817,2016-02-03 00:00,2016-02-04 00:00:00,1141.899,1105.3047987507548,36.59420124924509,3.318285298070417,0.0642451514103859,2.89352128454069,3.888320967326361,0.0642451514103859,3.282991038088115,4.744768134639418,0.0642451514103859,3.868147871545915,1,1,1,2016-02-11 00:00,1215.08740249849,1,2.0,TP2,1.0562173263629524,0.2458680242527072,Research_2015_2024,D1,W5_CLASSIC,W3_CAP_1_2
XAUUSD,short,HLHLH,2016-08-03 00:00,2016-08-09 00:00,2016-08-17 00:00,2016-08-26 00:00,2016-08-27 00:00,1367.198,1329.868,1358.009,1318.009,1342.161,37.330000000000155,40.0,0.753844093222608,0.6038000000000011,1,0,1,2.485430344097219,2016-08-30 00:00,2016-08-31 00:00:00,1312.171,1345.4735048221742,33.302504822174114,0.2918399096973859,1.2127316012911045,1.0637289043664584,2.125455739079123,1.2127316012911045,2.6995178140905365,5.685218004200556,1.2127316012911045,5.875221001875146,0,0,0,2016-09-06 00:00,1345.4735048221742,-1,-1.0,SL,1.0715242432359988,0.1459499999999991,Research_2015_2024,D1,W5_CLASSIC,W3_CAP_1_2
XAUUSD,long,LHLHL,2020-06-06 00:00,2020-06-12 00:00,2020-06-16 00:00,2020-07-02 00:00,2020-07-03 00:00,1670.745,1744.575,1704.025,1789.008,1757.438,73.83000000000015,84.98299999999995,0.5492347284301756,0.3714860619182655,1,1,1,2.153403195568984,2020-07-07 00:00,2020-07-08 00:00:00,1794.285,1752.8034754388143,41.48152456118555,5.702056578251277,0.0932222246146314,3.702790193688194,6.7623599413816375,0.0932222246146314,4.298523635378559,6.7623599413816375,0.0932222246146314,4.298523635378559,1,1,1,2020-07-23 00:00,1877.2480491223712,1,2.0,TP2,1.1510632534200158,0.0620947718955561,Research_2015_2024,D1,W5_CLASSIC,W3_CAP_1_2
XAUUSD,short,HLHLH,2021-01-30 00:00,2021-02-05 00:00,2021-02-11 00:00,2021-02-20 00:00,2021-02-24 00:00,1875.522,1784.888,1855.232,1760.44,1815.875,90.634,94.79199999999992,0.7761325771785427,0.5848067347455481,1,0,1,3.625034243892828,2021-02-26 00:00,2021-02-28 00:00:00,1732.746,1822.6876942639524,89.94169426395229,0.6231815006231703,0.2998498107101894,1.5356157733300977,0.6231815006231703,0.7227126476986112,1.5356157733300977,0.6231815006231703,2.042867899072261,1.5356157733300977,0,0,0,2021-05-07 00:00,1822.6876942639524,-1,-1.0,SL,1.0458768232672055,0.2921554561566375,Research_2015_2024,D1,W5_CLASSIC,W3_CAP_1_2
XAUUSD,short,HLHLH,2022-08-26 00:00,2022-09-02 00:00,2022-09-13 00:00,2022-09-17 00:00,2022-09-22 00:00,1765.368,1688.668,1735.035,1654.048,1687.948,76.70000000000005,80.98700000000008,0.6045241199478508,0.4185856989393366,1,1,1,2.166760558651165,2022-09-23 00:00,2022-09-25 00:00:00,1643.458,1693.5244121936582,50.06641219365815,0.5741973259198613,1.71725906117336,0.9548631029986964,0.5741973259198613,2.8543886757298336,0.9548631029986964,0.5741973259198613,6.31495220342648,0.9548631029986964,0,0,0,2022-10-03 00:00,1693.5244121936582,-1,-1.0,SL,1.055893089960887,0.1307617271907825,Research_2015_2024,D1,W5_CLASSIC,W3_CAP_1_2
XAUUSD,long,LHLHL,2024-12-19 00:00,2025-01-04 00:00,2025-01-07 00:00,2025-01-11 00:00,2025-01-14 00:00,2582.264,2665.185,2614.365,2697.709,2656.615,82.92099999999982,83.34400000000005,0.6128724930958415,0.4930648876943754,1,0,1,2.6103636596682542,2025-01-16 00:00,2025-01-17 00:00:00,2714.355,2650.1072860509944,64.24771394900563,3.5535894737237346,0.3898504469727935,3.449668962024105,4.2870007829167704,0.3898504469727935,4.017920671482505,12.227049831275096,0.3898504469727935,10.169920767959889,1,1,1,2025-02-04 00:00,2842.8504278980113,1,2.0,TP2,1.0051012409401747,0.19972643501632,OOS_2025_2026,D1,W5_CLASSIC,W3_CAP_1_2
USDJPY,long,LHLHL,2016-11-15 09:00,2016-11-16 12:00,2016-11-17 09:00,2016-11-18 08:00,2016-11-18 13:00,107.77,109.757,108.82,110.924,109.799,1.987000000000009,2.1040000000000134,0.4715651736285896,0.5346958174904909,1,1,1,4.314973958822307,2016-11-21 02:00,2016-11-21 03:00:00,110.961,109.72767859622402,1.2333214037759743,0.3267599173793373,0.5610865082543324,0.7876195269250079,0.3267599173793373,0.5610865082543324,0.7876195269250079,2.3813743854667475,0.5610865082543324,2.062908907901344,1,1,0,2016-11-24 08:00,113.42764280755196,1,2.0,TP2,1.0588827377956738,0.0175855513307945,Research_2015_2024,H1,W5_CLASSIC,W3_CAP_1_2
USDJPY,long,LHLHL,2019-05-16 02:00,2019-05-17 02:00,2019-05-17 13:00,2019-05-20 02:00,2019-05-20 13:00,109.336,110.034,109.493,110.318,109.809,0.6980000000000075,0.8250000000000028,0.7750716332378298,0.6169696969696953,1,0,1,6.156433891541001,2019-05-21 11:00,2019-05-21 12:00:00,110.427,109.78362004745723,0.643379952542773,0.3808014207338894,0.1010289483579932,1.2363896848137397,0.3808014207338894,0.6901054318606309,1.2363896848137397,0.3808014207338894,1.8915727715639457,1.2363896848137397,0,0,0,2019-05-23 13:00,109.78362004745723,-1,-1.0,SL,1.1819484240687592,0.1321212121212224,Research_2015_2024,H1,W5_CLASSIC,W3_CAP_1_2
USDJPY,long,LHLHL,2019-09-05 08:00,2019-09-05 15:00,2019-09-06 14:00,2019-09-10 02:00,2019-09-10 14:00,106.372,107.232,106.622,107.498,107.19,0.8599999999999994,0.8760000000000048,0.7093023255813952,0.3515981735159877,1,0,1,2.9045791188797643,2019-09-10 19:00,2019-09-10 20:00:00,107.527,107.16090800541436,0.3660919945856449,0.8740972343909892,0.0874097234390911,0.7639534883720894,1.802825545931444,0.0874097234390911,1.159302325581396,2.305431455706267,0.1912087700230531,1.3732558139534865,1,1,0,2019-09-17 01:00,108.25918398917128,1,2.0,TP2,1.0186046511627969,0.0331050228310459,Research_2015_2024,H1,W5_CLASSIC,W3_CAP_1_2
USDJPY,short,HLHLH,2020-02-20 15:00,2020-02-21 09:00,2020-02-21 13:00,2020-02-23 23:00,2020-02-24 01:00,112.224,111.487,112.031,111.246,111.681,0.737000000000009,0.7850000000000108,0.7381275440976994,0.5541401273885304,1,0,1,6.042209703745531,2020-02-24 14:00,2020-02-24 15:00:00,110.753,111.7262648970178,0.9732648970177992,0.432564660751663,0.2959112168562365,1.8303934871098877,0.8867061810657464,0.2959112168562365,2.430122116689247,3.47695679806082,0.2959112168562365,5.850746268656642,1,1,1,2020-02-28 06:00,108.8064702059644,1,2.0,TP2,1.0651289009497982,0.6280254777069914,Research_2015_2024,H1,W5_CLASSIC,W3_CAP_1_2
USDJPY,short,HLHLH,2020-08-03 14:00,2020-08-04 08:00,2020-08-04 13:00,2020-08-05 02:00,2020-08-05 12:00,106.471,105.836,106.194,105.511,105.872,0.6350000000000051,0.6830000000000069,0.563779527559057,0.528550512445096,1,0,1,2.8979141126607595,2020-08-05 15:00,2020-08-05 16:00:00,105.445,105.91263267420024,0.4676326742002459,0.3079340002198579,0.5388845003848045,0.8992125984251864,0.3079340002198579,1.3044426398203397,0.8992125984251864,0.3079340002198579,3.355197544062411,0.8992125984251864,0,0,0,2020-08-07 14:00,105.91263267420024,-1,-1.0,SL,1.0755905511811046,0.0966325036603247,Research_2015_2024,H1,W5_CLASSIC,W3_CAP_1_2
USDJPY,short,HLHLH,2020-11-11 16:00,2020-11-12 07:00,2020-11-12 10:00,2020-11-13 02:00,2020-11-13 10:00,105.676,105.148,105.415,104.857,105.149,0.5280000000000058,0.5580000000000069,0.5056818181818318,0.5232974910394229,1,0,1,4.179925647340962,2020-11-13 13:00,2020-11-13 14:00:00,104.74,105.17734978657464,0.4373497865746572,0.8642967519442797,0.905453740132104,1.4905303030302983,1.5342410596682663,0.905453740132104,2.0454545454545197,2.4899977853632778,0.905453740132104,2.8371212121211897,1,1,0,2020-11-18 07:00,103.86530042685068,1,2.0,TP2,1.0568181818181834,0.209677419354844,Research_2015_2024,H1,W5_CLASSIC,W3_CAP_1_2
USDJPY,short,HLHLH,2021-07-02 02:00,2021-07-04 22:00,2021-07-05 01:00,2021-07-07 02:00,2021-07-07 11:00,111.657,110.9,111.189,110.394,110.816,0.7569999999999908,0.7949999999999875,0.3817701453104237,0.5308176100628977,1,1,1,5.148028933592961,2021-07-08 05:00,2021-07-08 06:00:00,110.278,110.84542873902892,0.5674287390289123,1.3129401962878802,0.1057401500365861,1.694848084544276,1.3129401962878802,0.1057401500365861,1.694848084544276,1.3129401962878802,0.740181050256228,1.694848084544276,1,0,0,2021-07-15 06:00,109.859,0,0.7384187144223263,not_reached_120,1.050198150594448,0.1459119496855364,Research_2015_2024,H1,W5_CLASSIC,W3_CAP_1_2
USDJPY,short,HLHLH,2021-07-28 19:00,2021-07-30 01:00,2021-07-30 18:00,2021-08-03 14:00,2021-08-04 09:00,110.288,109.36,109.826,108.875,109.236,0.9279999999999972,0.9509999999999934,0.502155172413788,0.3796004206098914,1,1,1,4.806623278365458,2021-08-04 12:00,2021-08-04 13:00:00,108.766,109.26086152816217,0.4948615281621613,0.0909345290330503,1.992476569479629,0.5549568965517264,0.0909345290330503,2.7300566383032496,0.5549568965517264,0.0909345290330503,4.112261479605557,0.5549568965517264,0,0,0,2021-08-04 14:00,109.26086152816217,-1,-1.0,SL,1.0247844827586166,0.1146161934805419,Research_2015_2024,H1,W5_CLASSIC,W3_CAP_1_2
USDJPY,short,HLHLH,2022-03-28 09:00,2022-03-28 17:00,2022-03-29 01:00,2022-03-29 15:00,2022-03-30 00:00,125.097,123.143,124.301,121.978,123.203,1.9539999999999935,2.3230000000000075,0.5926305015353148,0.5273353422298771,1,0,1,3.9924011562930737,2022-03-30 06:00,2022-03-30 07:00:00,121.938,123.30231366725889,1.3643136672588696,0.3056481878084701,0.3774791767898361,0.8607983623336785,0.481560813885283,0.5827105738794565,0.98362333674514,0.481560813885283,1.5480311094759829,0.98362333674514,0,0,0,2022-04-05 14:00,123.30231366725889,-1,-1.0,SL,1.1888433981576332,0.0172191132156659,Research_2015_2024,H1,W5_CLASSIC,W3_CAP_1_2
USDJPY,long,LHLHL,2023-05-24 06:00,2023-05-24 21:00,2023-05-24 23:00,2023-05-25 20:00,2023-05-26 08:00,138.231,139.477,138.812,140.228,139.492,1.246000000000009,1.4159999999999968,0.533707865168529,0.5197740112994492,1,1,1,3.862410731964782,2023-05-26 13:00,2023-05-26 14:00:00,140.352,139.4339404057305,0.9180595942694936,0.6154284575061515,0.3333116955697173,1.143659711075442,0.6317672661124947,0.8430825240880774,1.1556982343499094,0.6317672661124947,2.0935460094280107,1.1556982343499094,0,0,0,2023-05-31 05:00,139.4339404057305,-1,-1.0,SL,1.1364365971107433,0.0875706214689233,Research_2015_2024,H1,W5_CLASSIC,W3_CAP_1_2
USDJPY,long,LHLHL,2023-06-23 14:00,2023-06-27 10:00,2023-06-27 14:00,2023-06-29 07:00,2023-06-29 08:00,142.685,143.942,143.298,144.698,144.145,1.257000000000005,1.4000000000000057,0.5123309466984908,0.3949999999999964,1,1,1,2.9136848897134526,2023-06-29 12:00,2023-06-29 13:00:00,144.784,144.0881990739341,0.6958009260658855,0.4067255293839867,0.6352391660342886,0.7334924423229859,0.4067255293839867,0.8393205270679737,0.7334924423229859,0.4067255293839867,1.770621385869413,0.7334924423229859,0,0,0,2023-07-03 14:00,144.0881990739341,-1,-1.0,SL,1.1137629276054095,0.0614285714285599,Research_2015_2024,H1,W5_CLASSIC,W3_CAP_1_2
USDJPY,short,HLHLH,2023-07-06 15:00,2023-07-09 22:00,2023-07-10 05:00,2023-07-11 11:00,2023-07-11 15:00,144.651,142.064,143.005,140.158,140.954,2.5870000000000175,2.8470000000000084,0.3637417858523371,0.2795925535651627,1,1,1,4.055262296354525,2023-07-11 23:00,2023-07-12 00:00:00,140.12,141.0084970913962,0.8884970913962036,2.2104743155813,0.0472708356692556,1.0815616544259694,2.510981770907266,0.0472708356692556,1.1847700038654725,3.244805219868082,0.0472708356692556,1.436799381522995,1,1,1,2023-07-12 15:00,138.3430058172076,1,2.0,TP2,1.1005025125628098,0.0133473832103907,Research_2015_2024,H1,W5_CLASSIC,W3_CAP_1_2
USDJPY,short,HLHLH,2023-07-10 05:00,2023-07-11 11:00,2023-07-11 15:00,2023-07-13 01:00,2023-07-13 13:00,143.005,140.158,140.954,138.069,138.953,2.8470000000000084,2.8850000000000193,0.2795925535651627,0.3064124783362248,1,1,1,3.700799780038377,2023-07-13 18:00,2023-07-13 19:00:00,138.014,139.02257955450304,1.0085795545030294,0.7703903936292628,1.132285494883652,0.6027397260273983,0.7703903936292628,1.3791673584791204,0.6027397260273983,0.7703903936292628,2.4618781819580757,0.6027397260273983,0,0,0,2023-07-14 14:00,139.02257955450304,-1,-1.0,SL,1.0133473832104007,0.0190641247833546,Research_2015_2024,H1,W5_CLASSIC,W3_CAP_1_2
USDJPY,short,HLHLH,2017-11-14 12:00,2017-11-15 16:00,2017-11-16 12:00,2017-11-20 00:00,2017-11-20 20:00,113.91,112.478,113.33,111.884,112.719,1.4320000000000022,1.445999999999998,0.594972067039108,0.5774550484094018,1,0,1,4.0734249448735325,2017-11-22 12:00,2017-11-22 16:00:00,111.623,112.78976354760452,1.1667635476045035,0.670230057842949,0.0591379462802494,1.3114525139664786,0.670230057842949,1.239325656829782,1.3114525139664786,0.670230057842949,1.8229914744653832,1.3114525139664786,0,0,0,2017-12-01 12:00,112.78976354760452,-1,-1.0,SL,1.009776536312846,0.1804979253112006,Research_2015_2024,H4,W5_CLASSIC,W3_CAP_1_2
USDJPY,short,HLHLH,2017-11-16 12:00,2017-11-20 00:00,2017-11-20 20:00,2017-11-23 04:00,2017-11-27 00:00,113.33,111.884,112.719,111.069,111.692,1.445999999999998,1.6499999999999917,0.5774550484094018,0.3775757575757537,1,1,1,3.493002274562926,2017-11-27 12:00,2017-11-27 16:00:00,111.039,111.75011619462096,0.7111161946209705,0.278435509552054,2.5790440632244875,0.5885200553250348,0.278435509552054,2.882791891826708,0.5885200553250348,0.278435509552054,3.8123164969474206,0.5885200553250348,0,0,0,2017-11-29 12:00,111.75011619462096,-1,-1.0,SL,1.1410788381742696,0.0181818181818189,Research_2015_2024,H4,W5_CLASSIC,W3_CAP_1_2
USDJPY,short,HLHLH,2018-08-01 08:00,2018-08-02 16:00,2018-08-03 12:00,2018-08-07 16:00,2018-08-07 20:00,112.15,111.315,111.876,110.994,111.478,0.835000000000008,0.882000000000005,0.6718562874251517,0.548752834467111,1,0,1,2.889040831960432,2018-08-08 04:00,2018-08-08 08:00:00,110.946,111.5334682364566,0.5874682364566155,1.4230556617706378,0.4187460440138404,1.6383233532933916,1.4230556617706378,0.8255765501899041,1.6383233532933916,1.9932992582935511,1.4979533281796138,2.0395209580837994,1,0,0,2018-08-29 12:00,111.5334682364566,-1,-1.0,SL,1.0562874251496963,0.0544217687074847,Research_2015_2024,H4,W5_CLASSIC,W3_CAP_1_2
USDJPY,long,LHLHL,2018-09-12 20:00,2018-09-14 16:00,2018-09-18 04:00,2018-09-21 08:00,2018-09-24 00:00,111.116,112.168,111.663,112.873,112.385,1.0520000000000067,1.210000000000008,0.4800380228136943,0.4033057851239639,1,1,1,3.0833696712981467,2018-09-25 04:00,2018-09-25 08:00:00,112.933,112.33837892782104,0.5946210721789527,1.730513848473766,0.6256085049876026,1.4990494296577834,2.717697161451521,0.6256085049876026,2.057034220532308,2.717697161451521,2.199720227214486,2.057034220532308,1,1,0,2018-10-03 12:00,114.12224214435793,1,2.0,TP2,1.1501901140684414,0.0495867768595056,Research_2015_2024,H4,W5_CLASSIC,W3_CAP_1_2
USDJPY,long,LHLHL,2020-03-12 04:00,2020-03-13 20:00,2020-03-16 16:00,2020-03-20 00:00,2020-03-20 08:00,103.08,108.501,105.146,111.361,109.329,5.4210000000000065,6.215000000000003,0.6188895037815901,0.3269509251810152,1,1,1,2.5453121590819108,2020-03-24 12:00,2020-03-24 16:00:00,111.453,109.115568418313,2.3374315816870137,0.1112332023050441,1.8537440984145113,0.4397712599151443,0.1112332023050441,1.9414472002319525,0.4397712599151443,0.1112332023050441,1.9414472002319525,0.4397712599151443,0,0,0,2020-03-26 20:00,109.115568418313,-1,-1.0,SL,1.1464674414314695,0.0148028962188252,Research_2015_2024,H4,W5_CLASSIC,W3_CAP_1_2
USDJPY,long,LHLHL,2023-06-14 16:00,2023-06-15 08:00,2023-06-16 04:00,2023-06-20 04:00,2023-06-20 20:00,139.281,141.503,139.85,142.252,141.212,2.22199999999998,2.4020000000000152,0.7439243924392468,0.4329725228975911,1,0,1,3.648914435489588,2023-06-22 12:00,2023-06-22 16:00:00,142.887,141.09703430063473,1.7899656993652684,0.7648191250175658,0.1128513245095302,1.3699369936993873,1.2179004328256384,0.1128513245095302,1.7349234923492587,1.2179004328256384,3.156485066726992,1.7349234923492587,1,0,0,2023-07-11 00:00,141.09703430063473,-1,-1.0,SL,1.0810081008100976,0.2643630308076548,Research_2015_2024,H4,W5_CLASSIC,W3_CAP_1_2
USDJPY,long,LHLHL,2024-06-07 08:00,2024-06-11 20:00,2024-06-12 16:00,2024-06-14 08:00,2024-06-17 08:00,155.119,157.402,155.716,158.255,157.155,2.282999999999987,2.5389999999999873,0.738501971090665,0.4332414336352894,1,0,1,3.892683307282161,2024-06-20 04:00,2024-06-20 08:00:00,158.27,157.0828775133146,1.1871224866854106,1.395812158041523,0.0219016995226883,1.2141918528252331,2.9129260365163767,0.0219016995226883,2.0030661410425026,3.0990904824591556,1.8287919101437584,2.0998685939553385,1,1,1,2024-06-26 12:00,160.64424497337083,1,2.0,TP2,1.1121331581252745,0.0059078377313961,Research_2015_2024,H4,W5_CLASSIC,W3_CAP_1_2
USDJPY,long,LHLHL,2024-06-12 16:00,2024-06-14 08:00,2024-06-17 08:00,2024-06-24 04:00,2024-06-24 12:00,155.716,158.255,157.155,159.927,158.74,2.5389999999999873,2.7719999999999914,0.4332414336352894,0.4282106782106735,1,1,1,5.2958490431335585,2024-06-26 08:00,2024-06-26 12:00:00,160.305,158.66191997984987,1.643080020150137,0.8745770031752179,0.1783236339111672,1.1823552579755794,1.0005599117745856,0.1783236339111672,1.2638834186687748,1.0005599117745856,3.0035055745788113,1.2638834186687748,1,0,0,2024-07-11 12:00,158.66191997984987,-1,-1.0,SL,1.0917684127609315,0.1363636363636419,Research_2015_2024,H4,W5_CLASSIC,W3_CAP_1_2
USDJPY,short,HLHLH,2024-07-19 08:00,2024-07-25 12:00,2024-07-30 08:00,2024-08-01 04:00,2024-08-01 16:00,157.862,151.941,155.213,148.508,150.89,5.920999999999992,6.704999999999984,0.5526093565276129,0.3552572706935096,1,1,1,4.075407858928738,2024-08-02 12:00,2024-08-02 16:00:00,146.981,151.1643897147742,4.183389714774194,1.2681103989104094,0.2189611923472063,1.5561560547204882,1.2681103989104094,0.296649388321929,1.5561560547204882,1.2681103989104094,0.5772830562429077,1.5561560547204882,1,0,0,2024-08-30 00:00,144.792,0,0.5232598799651035,not_reached_120,1.132410065867251,0.2277404921700251,Research_2015_2024,H4,W5_CLASSIC,W3_CAP_1_2
USDJPY,long,LHLHL,2025-03-13 20:00,2025-03-19 16:00,2025-03-20 08:00,2025-03-25 04:00,2025-03-25 16:00,147.411,150.146,148.178,150.942,149.546,2.734999999999985,2.76400000000001,0.7195612431444242,0.5050651230101338,1,0,1,3.265118737156678,2025-03-27 08:00,2025-03-27 12:00:00,151.019,149.43291069767295,1.5860893023270537,0.1191610079726903,1.4633476164265844,0.6076782449725833,0.1191610079726903,4.078584976589218,0.6076782449725833,0.1191610079726903,7.019781284486698,0.6076782449725833,0,0,0,2025-03-30 20:00,149.43291069767295,-1,-1.0,SL,1.010603290676426,0.0278581765557155,OOS_2025_2026,H4,W5_CLASSIC,W3_CAP_1_2
USDJPY,long,LHLHL,2025-07-01 16:00,2025-07-03 16:00,2025-07-04 08:00,2025-07-09 04:00,2025-07-10 04:00,142.679,145.232,144.181,147.182,145.753,2.5529999999999973,3.0009999999999764,0.4116725421073203,0.4761746084638498,1,1,1,3.9667260881589863,2025-07-11 12:00,2025-07-11 16:00:00,147.289,145.64163612203558,1.647363877964409,1.1503226611606885,0.267093388343376,1.3439091265178282,1.1503226611606885,0.6628772274340089,1.3439091265178282,2.2016993625487093,0.8716956946842822,2.022326674500594,1,1,0,2025-07-31 12:00,150.5837277559288,1,2.0,TP2,1.1754798276537326,0.0356547817394202,OOS_2025_2026,H4,W5_CLASSIC,W3_CAP_1_2
USDJPY,long,LHLHL,2026-03-05 04:00,2026-03-09 04:00,2026-03-10 08:00,2026-03-14 00:00,2026-03-18 08:00,156.447,158.898,157.272,159.749,158.566,2.4509999999999934,2.477000000000004,0.6634026927784615,0.4775938635446067,1,0,1,3.310035579708735,2026-03-18 16:00,2026-03-18 20:00:00,159.824,158.47007958091257,1.3539204190874443,0.0553946885966454,1.7120651755605891,0.5438596491228078,0.4697469592996211,1.7120651755605891,0.77274581803346,0.4697469592996211,1.7120651755605891,0.77274581803346,0,0,0,2026-03-19 12:00,158.47007958091257,-1,-1.0,SL,1.0106079151366831,0.0302785627775603,OOS_2025_2026,H4,W5_CLASSIC,W3_CAP_1_2
USDJPY,long,LHLHL,2015-01-17 00:00,2015-01-21 00:00,2015-02-04 00:00,2015-02-12 00:00,2015-02-21 00:00,115.853,118.867,116.876,120.476,118.301,3.01400000000001,3.5999999999999943,0.6605839416058371,0.6041666666666669,1,0,1,3.7005361740462654,2015-03-06 00:00,2015-03-08 00:00:00,120.827,118.09974538040642,2.7272546195935803,0.4392695831893156,0.9163060837980724,1.2355673523556707,0.4392695831893156,0.9163060837980724,1.2355673523556707,1.8428789024286183,0.9163060837980724,2.5056403450563924,1,0,0,2015-07-26 00:00,123.768,0,1.0783738265106595,not_reached_120,1.1944260119442542,0.0974999999999999,Research_2015_2024,D1,W5_CLASSIC,W3_CAP_1_2
USDJPY,short,HLHLH,2019-05-04 00:00,2019-05-14 00:00,2019-05-22 00:00,2019-06-06 00:00,2019-06-12 00:00,111.699,109.019,110.672,107.815,108.8,2.6799999999999926,2.8569999999999993,0.616791044776118,0.3447672383619179,1,1,1,3.1514383290678047,2019-06-20 00:00,2019-06-21 00:00:00,107.299,108.92621221120883,1.6272122112088423,0.3201795048065392,1.0392006576350348,0.7544776119402974,1.3827329862086604,1.2407723996245656,1.3996268656716422,1.74900359055549,1.344631010588681,1.6220149253731366,0,0,0,2019-07-09 00:00,108.92621221120883,-1,-1.0,SL,1.0660447761194056,0.1806090304515195,Research_2015_2024,D1,W5_CLASSIC,W3_CAP_1_2
USDJPY,long,LHLHL,2023-09-02 00:00,2023-09-08 00:00,2023-09-12 00:00,2023-09-28 00:00,2023-09-30 00:00,144.441,147.872,145.9,149.708,148.525,3.4310000000000116,3.8079999999999927,0.5747595453220641,0.310661764705881,1,1,1,1.910258951195353,2023-10-02 00:00,2023-10-03 00:00:00,149.86,148.34819151035066,1.5118084896493542,0.6058968488875546,1.1238195919868623,0.6560769454969388,1.3540074778087627,1.79321654730805,0.9857184494316508,1.3540074778087627,6.357948156667258,0.9857184494316508,0,0,0,2023-10-05 00:00,148.34819151035066,-1,-1.0,SL,1.1098805013115651,0.0399159663865587,Research_2015_2024,D1,W5_CLASSIC,W3_CAP_1_2
EURJPY,short,HLHLH,2015-03-02 14:00,2015-03-05 07:00,2015-03-05 14:00,2015-03-09 00:00,2015-03-10 02:00,134.58,132.13,133.57,130.79,131.85,2.450000000000017,2.780000000000001,0.5877551020408113,0.3812949640287776,1,1,1,5.509753668273092,2015-03-10 11:00,2015-03-10 12:00:00,130.35,131.92032982295223,1.5703298229522318,1.2927220577035123,0.1719384017635277,1.4408163265306029,1.7384882844978191,0.1719384017635277,1.7265306122448818,2.2033587781547497,0.1719384017635277,2.0244897959183508,1,1,0,2015-03-13 15:00,127.20934035409552,1,2.0,TP2,1.134693877551013,0.1582733812949631,Research_2015_2024,H1,W5_CLASSIC,W3_CAP_1_2
EURJPY,long,LHLHL,2015-07-20 21:00,2015-07-21 18:00,2015-07-22 13:00,2015-07-23 13:00,2015-07-24 08:00,134.38,135.74,134.83,136.42,135.52,1.3600000000000136,1.589999999999975,0.6691176470588143,0.5660377358490513,1,0,1,5.447526463081728,2015-07-27 07:00,2015-07-27 08:00:00,136.65,135.46492913397796,1.1850708660220448,0.3628474991064441,0.405039068769993,1.147058823529402,0.3628474991064441,0.405039068769993,1.147058823529402,0.5484904056260163,0.9535294743959852,1.3088235294117525,0,0,0,2015-08-03 10:00,136.11,0,-0.4556689523662182,not_reached_120,1.1691176470587934,0.1446540880503281,Research_2015_2024,H1,W5_CLASSIC,W3_CAP_1_2
EURJPY,short,HLHLH,2015-08-25 02:00,2015-08-25 20:00,2015-08-25 22:00,2015-08-26 20:00,2015-08-26 23:00,138.58,136.47,137.56,135.44,136.38,2.1100000000000136,2.1200000000000045,0.5165876777251167,0.4433962264150923,1,1,1,3.7813799053632295,2015-08-27 14:00,2015-08-27 15:00:00,135.37,136.4533859085691,1.083385908569085,0.0092303212741604,1.126099195448602,0.4834123222748697,0.0738425701933625,1.126099195448602,0.5165876777251167,2.0399010015913293,1.126099195448602,1.52606635071089,0,0,0,2015-08-28 07:00,136.4533859085691,-1,-1.0,SL,1.0047393364928867,0.033018867924525,Research_2015_2024,H1,W5_CLASSIC,W3_CAP_1_2
EURJPY,long,LHLHL,2016-08-26 15:00,2016-08-29 06:00,2016-08-30 01:00,2016-08-31 20:00,2016-09-01 02:00,113.14,114.66,113.84,115.41,115.03,1.519999999999996,1.5699999999999932,0.5394736842105232,0.2420382165605077,1,1,1,4.35574943842501,2016-09-01 10:00,2016-09-01 11:00:00,115.59,114.99728461955527,0.59271538044473,0.7423461825300604,0.2362010580777486,0.657894736842107,1.2653628111307913,0.7929606949752939,0.8618421052631616,1.2653628111307913,2.9356417218234507,0.8618421052631616,1,0,0,2016-09-06 14:00,114.99728461955527,-1,-1.0,SL,1.0328947368421035,0.1146496815286672,Research_2015_2024,H1,W5_CLASSIC,W3_CAP_1_2
EURJPY,short,HLHLH,2017-04-06 12:00,2017-04-07 02:00,2017-04-10 07:00,2017-04-11 08:00,2017-04-11 11:00,118.39,117.31,118.05,116.87,117.44,1.0799999999999983,1.1799999999999926,0.6851851851851816,0.4830508474576244,1,0,1,4.865454202733227,2017-04-11 14:00,2017-04-11 15:00:00,116.61,117.48675822451936,0.8767582245193495,0.7299617866155257,0.0456226116634774,1.3611111111111125,0.8212070099424644,0.0456226116634774,1.435185185185185,2.018800566108557,0.0456226116634774,2.407407407407406,1,1,0,2017-04-16 23:00,114.8564835509613,1,2.0,TP2,1.0925925925925877,0.2203389830508531,Research_2015_2024,H1,W5_CLASSIC,W3_CAP_1_2
EURJPY,short,HLHLH,2018-03-20 08:00,2018-03-21 18:00,2018-03-21 19:00,2018-03-22 16:00,2018-03-22 17:00,131.63,130.3,131.04,129.53,130.2,1.329999999999984,1.509999999999991,0.5563909774436011,0.4437086092715175,1,1,1,2.661007518623316,2018-03-22 20:00,2018-03-22 21:00:00,129.49,130.26764355182772,0.7776435518277083,0.7201242763266347,0.5658119313994935,0.9548872180451106,0.7201242763266347,2.4047007084478658,0.9548872180451106,0.7201242763266347,2.970512639847359,0.9548872180451106,0,0,0,2018-03-26 09:00,130.26764355182772,-1,-1.0,SL,1.1353383458646684,0.0264900662251604,Research_2015_2024,H1,W5_CLASSIC,W3_CAP_1_2
EURJPY,long,LHLHL,2018-08-22 00:00,2018-08-23 15:00,2018-08-23 18:00,2018-08-27 00:00,2018-08-27 07:00,127.35,128.73,128.22,129.63,128.8,1.3799999999999957,1.4099999999999966,0.369565217391299,0.5886524822694936,1,1,1,5.550467279292838,2018-08-27 15:00,2018-08-27 16:00:00,129.69,128.7594628724613,0.9305371275386848,0.6018029624258294,0.064478888831341,1.0507246376811543,1.2143524063235387,0.1182112961907715,1.4637681159420206,1.2143524063235387,1.2250988877954188,1.4637681159420206,1,0,0,2018-08-31 13:00,128.7594628724613,-1,-1.0,SL,1.0217391304347836,0.0425531914893634,Research_2015_2024,H1,W5_CLASSIC,W3_CAP_1_2
EURJPY,short,HLHLH,2019-06-30 23:00,2019-07-01 10:00,2019-07-01 13:00,2019-07-02 09:00,2019-07-02 10:00,123.29,122.55,122.98,122.14,122.51,0.7400000000000091,0.8400000000000034,0.5810810810810831,0.4404761904761941,1,1,1,3.1118568117309335,2019-07-02 14:00,2019-07-02 15:00:00,122.09,122.5453486701526,0.4553486701526026,1.7349342422264038,0.0658835788187261,1.6351351351351258,1.7349342422264038,0.0658835788187261,1.6351351351351258,1.7349342422264038,0.0658835788187261,1.6351351351351258,1,0,0,2019-07-09 16:00,121.93,0,0.3513790870331854,not_reached_120,1.1351351351351258,0.0595238095238059,Research_2015_2024,H1,W5_CLASSIC,W3_CAP_1_2
EURJPY,long,LHLHL,2019-07-03 08:00,2019-07-05 13:00,2019-07-08 07:00,2019-07-09 01:00,2019-07-09 12:00,121.3,121.91,121.5,122.11,121.83,0.6099999999999994,0.6099999999999994,0.6721311475409787,0.4590163934426252,1,0,1,4.269741598919145,2019-07-10 06:00,2019-07-10 07:00:00,122.13,121.81009247210147,0.3199075278985219,0.5314035625130007,1.656728753716989,0.7704918032786874,0.5314035625130007,1.656728753716989,0.7704918032786874,0.5314035625130007,3.282198474344962,0.7704918032786874,0,0,0,2019-07-10 23:00,121.81009247210147,-1,-1.0,SL,1.0,0.0327868852458951,Research_2015_2024,H1,W5_CLASSIC,W3_CAP_1_2
EURJPY,short,HLHLH,2020-01-23 14:00,2020-01-23 17:00,2020-01-24 09:00,2020-01-27 00:00,2020-01-27 09:00,121.72,120.62,121.24,119.92,120.38,1.0999999999999943,1.3199999999999932,0.5636363636363577,0.3484848484848455,1,1,1,4.478458069439947,2020-01-28 09:00,2020-01-28 10:00:00,119.88,120.41293544289417,0.5329354428941713,0.1501119902357187,0.99449193531166,0.5272727272727284,0.1876399877946418,0.99449193531166,0.5454545454545431,0.2251679853535648,1.4635919047982913,0.5636363636363577,0,0,0,2020-02-04 06:00,120.41293544289417,-1,-1.0,SL,1.2,0.0303030303030351,Research_2015_2024,H1,W5_CLASSIC,W3_CAP_1_2
EURJPY,long,LHLHL,2020-05-27 06:00,2020-05-27 12:00,2020-05-27 16:00,2020-05-28 19:00,2020-05-29 06:00,117.69,118.89,118.12,119.38,118.86,1.2000000000000028,1.259999999999991,0.6416666666666618,0.4126984126984125,1,0,1,3.884251850826088,2020-05-29 13:00,2020-05-29 14:00:00,119.55,118.81172815584549,0.7382718441545251,0.5418058445098756,0.1896320455784545,0.908333333333334,2.776754953113069,0.1896320455784545,2.283333333333323,6.582941010794894,0.1896320455784545,4.624999999999987,1,1,1,2020-06-02 12:00,121.02654368830903,1,2.0,TP2,1.0499999999999898,0.1349206349206372,Research_2015_2024,H1,W5_CLASSIC,W3_CAP_1_2
EURJPY,long,LHLHL,2020-07-28 15:00,2020-07-30 06:00,2020-07-30 10:00,2020-07-31 00:00,2020-07-31 02:00,123.0,123.83,123.32,124.29,123.84,0.8299999999999983,0.9700000000000132,0.6144578313253086,0.4639175257731925,1,1,1,3.651876509292853,2020-07-31 12:00,2020-07-31 13:00:00,124.51,123.79413316973512,0.7158668302648721,0.9219591858387898,0.6844848500924511,1.602409638554218,0.9219591858387898,0.6844848500924511,1.602409638554218,1.4248460144781314,0.6844848500924511,2.0361445783132543,1,0,0,2020-08-07 13:00,124.54,0,0.0419072357199468,not_reached_120,1.1686746987951988,0.226804123711336,Research_2015_2024,H1,W5_CLASSIC,W3_CAP_1_2
EURJPY,short,HLHLH,2021-06-25 01:00,2021-06-28 03:00,2021-06-28 08:00,2021-06-29 02:00,2021-06-29 05:00,132.43,131.88,132.21,131.56,131.86,0.5500000000000114,0.6500000000000057,0.6000000000000103,0.461538461538475,1,1,1,3.3645770372089956,2021-06-29 09:00,2021-06-29 10:00:00,131.5,131.8882353469543,0.3882353469543034,0.6181817340507584,0.3348484392774697,1.0909090909091097,0.6181817340507584,2.240908785933926,1.0909090909091097,1.3651513293620428,2.3439390749423614,1.6181818181818115,0,0,0,2021-07-01 05:00,131.8882353469543,-1,-1.0,SL,1.1818181818181677,0.092307692307695,Research_2015_2024,H1,W5_CLASSIC,W3_CAP_1_2
EURJPY,long,LHLHL,2022-05-27 10:00,2022-05-30 23:00,2022-05-31 10:00,2022-06-01 06:00,2022-06-01 14:00,135.83,137.94,136.79,138.95,138.18,2.109999999999985,2.1599999999999966,0.545023696682471,0.3564814814814736,1,1,1,3.990489584413156,2022-06-02 11:00,2022-06-02 12:00:00,139.01,138.1273748783056,0.8826251216943888,1.4502193156963012,0.0453193536155003,1.0,2.028041074294068,0.0453193536155003,1.2417061611374516,5.9255054852278715,0.0453193536155003,2.872037914691964,1,1,1,2022-06-06 12:00,140.77525024338877,1,2.0,TP2,1.0236966824644604,0.0277777777777788,Research_2015_2024,H1,W5_CLASSIC,W3_CAP_1_2
EURJPY,long,LHLHL,2022-05-31 10:00,2022-06-01 06:00,2022-06-01 14:00,2022-06-05 21:00,2022-06-06 00:00,136.79,138.95,138.18,140.37,139.83,2.1599999999999966,2.1899999999999977,0.3564814814814736,0.24657534246575,1,1,1,2.9158047207263578,2022-06-06 05:00,2022-06-06 06:00:00,140.39,139.77341184825335,0.6165881517466119,2.6760163900750342,0.5027667157110229,1.0231481481481404,3.973478882232641,0.5027667157110229,1.3935185185185166,6.244038243508428,0.5027667157110229,2.0416666666666683,1,1,1,2022-06-06 23:00,141.6231763034932,1,2.0,TP2,1.0138888888888895,0.0091324200913159,Research_2015_2024,H1,W5_CLASSIC,W3_CAP_1_2
EURJPY,long,LHLHL,2022-06-01 14:00,2022-06-05 21:00,2022-06-06 00:00,2022-06-07 04:00,2022-06-07 12:00,138.18,140.37,139.83,142.04,141.36,2.1899999999999977,2.2099999999999795,0.24657534246575,0.3076923076923007,1,1,1,3.822485677914615,2022-06-07 21:00,2022-06-07 22:00:00,142.06,141.3096400990821,0.750359900917914,2.905272519671182,0.1199424434726676,1.3150684931506842,2.905272519671182,0.1199424434726676,1.3150684931506842,2.905272519671182,3.571619427852644,1.3150684931506842,1,1,0,2022-06-08 08:00,143.56071980183583,1,2.0,TP2,1.009132420091316,0.0090497737556608,Research_2015_2024,H1,W5_CLASSIC,W3_CAP_1_2
EURJPY,long,LHLHL,2022-08-03 03:00,2022-08-04 07:00,2022-08-04 11:00,2022-08-08 06:00,2022-08-08 12:00,134.82,136.9,135.64,137.9,137.06,2.0800000000000125,2.2600000000000193,0.6057692307692364,0.3716814159292019,1,1,1,4.369093303157536,2022-08-09 06:00,2022-08-09 07:00:00,138.12,136.99763007995205,1.1223699200479589,0.142555495422721,0.3920276124124893,0.5865384615384575,0.2316526800619185,1.38100636190765,0.6346153846153775,0.2316526800619185,2.824380753062736,0.6346153846153775,0,0,0,2022-08-10 10:00,136.99763007995205,-1,-1.0,SL,1.0865384615384643,0.0973451327433615,Research_2015_2024,H1,W5_CLASSIC,W3_CAP_1_2
EURJPY,long,LHLHL,2022-08-25 17:00,2022-08-26 13:00,2022-08-26 16:00,2022-08-29 16:00,2022-08-30 06:00,136.0,137.94,136.75,138.95,138.24,1.9399999999999975,2.1999999999999886,0.6134020618556697,0.3227272727272651,1,1,1,3.5191578276371476,2022-08-30 14:00,2022-08-30 15:00:00,139.01,138.1718018651749,0.8381981348250918,0.7754729735060104,0.9067068613300856,0.7319587628865923,1.121453223224064,0.9067068613300856,0.8814432989690627,3.2569864887252367,0.9067068613300856,1.804123711340208,1,1,1,2022-09-02 10:00,140.68639626965015,1,2.0,TP2,1.1340206185566966,0.0272727272727284,Research_2015_2024,H1,W5_CLASSIC,W3_CAP_1_2
EURJPY,long,LHLHL,2022-09-26 00:00,2022-09-27 05:00,2022-09-28 03:00,2022-09-28 17:00,2022-09-29 06:00,137.56,139.52,138.05,140.38,139.42,1.960000000000008,2.329999999999984,0.7499999999999963,0.4120171673819804,1,0,1,3.7016211942224175,2022-09-29 11:00,2022-09-29 12:00:00,140.78,139.32409607537525,1.4559039246247494,0.9753390838382306,0.1373717019490399,1.4183673469387703,1.1333165410796482,0.1373717019490399,1.5357142857142894,2.2528959119643845,0.1373717019490399,2.367346938775508,1,1,0,2022-10-04 10:00,143.6918078492495,1,2.0,TP2,1.188775510204069,0.1716738197424928,Research_2015_2024,H1,W5_CLASSIC,W3_CAP_1_2
EURJPY,long,LHLHL,2022-09-28 03:00,2022-09-28 17:00,2022-09-29 06:00,2022-09-29 23:00,2022-09-30 11:00,138.05,140.38,139.42,142.2,140.78,2.329999999999984,2.780000000000001,0.4120171673819804,0.5107913669064701,1,1,1,4.593971630768562,2022-10-03 03:00,2022-10-03 04:00:00,142.23,140.69565032805065,1.534349671949343,0.2085574141606663,0.5670154697492577,0.7596566523605246,1.192687712231238,0.5670154697492577,1.407725321888422,1.192687712231238,0.6778115960221145,1.407725321888422,1,0,0,2022-10-10 05:00,141.13,0,-0.7169161111772383,not_reached_120,1.193133047210309,0.0107913669064752,Research_2015_2024,H1,W5_CLASSIC,W3_CAP_1_2
EURJPY,long,LHLHL,2023-04-05 23:00,2023-04-10 03:00,2023-04-10 07:00,2023-04-12 05:00,2023-04-12 12:00,142.59,144.65,144.05,146.36,145.76,2.0600000000000023,2.3100000000000023,0.291262135922327,0.2597402597402693,1,1,1,3.476620365654361,2023-04-12 22:00,2023-04-12 23:00:00,146.49,145.70247286762287,0.7875271323771358,0.4698250825760968,0.5333149585999073,0.5339805825242823,0.838066363514104,0.5333149585999073,0.6747572815534045,1.7142266526424872,0.5333149585999073,1.0097087378640826,1,0,0,2023-04-20 00:00,147.64,0,1.4602671485472811,not_reached_120,1.1213592233009708,0.0562770562770542,Research_2015_2024,H1,W5_CLASSIC,W3_CAP_1_2
EURJPY,long,LHLHL,2023-05-11 12:00,2023-05-12 06:00,2023-05-12 12:00,2023-05-16 02:00,2023-05-16 05:00,146.12,147.45,146.64,148.01,147.59,1.329999999999984,1.3700000000000043,0.6090225563909865,0.3065693430656833,1,1,1,2.614411014027523,2023-05-16 10:00,2023-05-16 11:00:00,148.07,147.5421880839205,0.5278119160794859,1.060984003846683,0.1326230004808219,0.7819548872180485,2.292483294025874,0.1326230004808219,1.2706766917293368,3.71344401346339,0.1326230004808219,1.834586466165434,1,1,1,2023-05-17 15:00,149.12562383215896,1,2.0,TP2,1.0300751879699406,0.0437956204379577,Research_2015_2024,H1,W5_CLASSIC,W3_CAP_1_2
EURJPY,long,LHLHL,2023-05-16 05:00,2023-05-17 06:00,2023-05-17 09:00,2023-05-17 19:00,2023-05-18 05:00,147.59,148.63,148.15,149.24,148.75,1.039999999999992,1.0900000000000034,0.4615384615384552,0.4495412844036767,1,1,1,2.894650412411417,2023-05-18 16:00,2023-05-18 17:00:00,149.25,148.70249858172494,0.5475014182750613,0.9497692291616412,1.0045636077671214,0.9807692307692482,1.1872115364520386,1.0045636077671214,1.1057692307692446,1.826479286849274,1.0045636077671214,1.4423076923077034,0,0,0,2023-05-19 13:00,148.70249858172494,-1,-1.0,SL,1.0480769230769345,0.0091743119265971,Research_2015_2024,H1,W5_CLASSIC,W3_CAP_1_2
EURJPY,short,HLHLH,2023-11-27 10:00,2023-11-28 02:00,2023-11-28 08:00,2023-11-29 00:00,2023-11-29 12:00,163.46,162.21,162.86,161.56,162.22,1.25,1.3000000000000114,0.5200000000000046,0.5076923076923007,1,0,1,3.701332236182077,2023-11-29 20:00,2023-11-29 21:00:00,161.49,162.27065743576517,0.7806574357651641,1.1400647188195654,0.5508177854970566,1.2960000000000036,2.3826071651734515,0.5508177854970566,2.0720000000000027,3.971011941955753,0.5508177854970566,3.06400000000001,1,1,1,2023-12-01 14:00,159.92868512846968,1,2.0,TP2,1.0400000000000091,0.0538461538461481,Research_2015_2024,H1,W5_CLASSIC,W3_CAP_1_2
EURJPY,long,LHLHL,2025-05-06 14:00,2025-05-07 09:00,2025-05-07 19:00,2025-05-09 00:00,2025-05-09 12:00,161.594,163.015,162.379,163.935,163.147,1.4209999999999925,1.5560000000000116,0.4475721323011957,0.5064267352185122,1,1,1,4.291756507484137,2025-05-12 00:00,2025-05-12 01:00:00,163.981,163.09218561349186,0.8888143865081304,1.0564635476806647,0.3319028184939139,1.2477128782547542,1.381615800374734,0.3319028184939139,1.4510907811400584,1.381615800374734,2.0049180425633013,1.4510907811400584,1,0,0,2025-05-15 14:00,163.09218561349186,-1,-1.0,SL,1.095003518648853,0.0295629820051362,OOS_2025_2026,H1,W5_CLASSIC,W3_CAP_1_2
EURJPY,long,LHLHL,2025-05-07 19:00,2025-05-09 00:00,2025-05-09 12:00,2025-05-12 15:00,2025-05-13 01:00,162.379,163.935,163.147,164.92,164.133,1.5560000000000116,1.772999999999996,0.5064267352185122,0.4438804286519907,1,1,1,4.259001095955691,2025-05-13 14:00,2025-05-13 15:00:00,165.009,164.0783510354292,0.9306489645707928,0.214903801125761,1.3700117321765852,0.6915167095115587,0.214903801125761,2.1436654162292577,0.6915167095115587,0.214903801125761,3.078496951126243,0.6915167095115587,0,0,0,2025-05-14 09:00,164.0783510354292,-1,-1.0,SL,1.1394601542416345,0.0501974055273541,OOS_2025_2026,H1,W5_CLASSIC,W3_CAP_1_2
EURJPY,long,LHLHL,2015-07-20 04:00,2015-07-21 20:00,2015-07-22 16:00,2015-07-23 16:00,2015-07-24 08:00,134.33,135.74,134.83,136.42,135.52,1.4099999999999966,1.589999999999975,0.645390070921985,0.5660377358490513,1,0,1,3.021828083990408,2015-07-27 04:00,2015-07-27 08:00:00,136.65,135.4207223469828,1.229277653017192,0.3497989237375269,0.9192390321474362,1.1063829787234083,0.5287658149520718,1.358521401492247,1.2624113475177343,1.862882640369584,1.358521401492247,2.425531914893614,0,0,0,2015-08-04 16:00,135.4207223469828,-1,-1.0,SL,1.1276595744680702,0.1446540880503281,Research_2015_2024,H4,W5_CLASSIC,W3_CAP_1_2
EURJPY,short,HLHLH,2016-05-31 16:00,2016-06-03 20:00,2016-06-07 12:00,2016-06-13 08:00,2016-06-13 16:00,124.17,120.81,122.67,118.99,120.3,3.359999999999999,3.680000000000007,0.5535714285714285,0.3559782608695652,1,1,1,3.1300011122586593,2016-06-14 08:00,2016-06-14 12:00:00,118.92,120.44376991696188,1.523769916961868,2.2575586784511135,0.3609468817291008,1.4345238095238078,6.122971648240959,2.008177196529191,3.1874999999999987,6.122971648240959,2.008177196529191,3.1874999999999987,1,1,0,2016-06-16 12:00,115.87246016607628,1,2.0,TP2,1.0952380952380976,0.0190217391304328,Research_2015_2024,H4,W5_CLASSIC,W3_CAP_1_2
EURJPY,long,LHLHL,2016-11-09 08:00,2016-11-16 12:00,2016-11-17 04:00,2016-11-25 04:00,2016-11-29 04:00,113.84,117.45,116.25,120.14,118.54,3.609999999999999,3.890000000000001,0.3324099722991698,0.4113110539845743,1,1,1,4.456085040771355,2016-11-30 08:00,2016-11-30 12:00:00,120.34,118.43284315814644,1.9071568418535632,1.4786408428051667,0.8179715300624358,1.279778393351798,1.4786408428051667,0.8179715300624358,1.279778393351798,1.955790902008252,0.8179715300624358,1.531855955678667,1,0,0,2016-12-28 08:00,122.76,0,1.2689045530455727,not_reached_120,1.0775623268698065,0.0514138817480727,Research_2015_2024,H4,W5_CLASSIC,W3_CAP_1_2
EURJPY,short,HLHLH,2018-02-21 04:00,2018-02-23 16:00,2018-02-27 12:00,2018-03-01 04:00,2018-03-01 16:00,133.03,130.95,132.14,129.84,130.75,2.0800000000000125,2.299999999999983,0.57211538461538,0.3956521739130449,1,1,1,2.44835601060886,2018-03-02 04:00,2018-03-02 08:00:00,129.65,130.8612991733307,1.2112991733307013,0.2476679639556785,1.9152989212571696,0.6730769230769218,0.2476679639556785,2.253778471996581,0.6730769230769218,0.5944031134936051,2.253778471996581,0.8749999999999915,0,0,0,2018-03-05 16:00,130.8612991733307,-1,-1.0,SL,1.105769230769216,0.0826086956521735,Research_2015_2024,H4,W5_CLASSIC,W3_CAP_1_2
EURJPY,long,LHLHL,2024-02-01 08:00,2024-02-05 00:00,2024-02-07 00:00,2024-02-09 08:00,2024-02-12 12:00,158.1,160.25,158.91,161.22,160.37,2.1500000000000057,2.3100000000000023,0.6232558139534883,0.3679653679653651,1,1,1,3.7181259782212503,2024-02-13 12:00,2024-02-13 16:00:00,161.54,160.29065895514893,1.2493410448510645,0.3121645619563449,0.4962616113151998,0.7255813953488364,1.5047932730202689,0.4962616113151998,1.418604651162779,1.720907200528507,1.0645611984664565,1.5441860465116206,1,0,0,2024-03-11 08:00,160.29065895514893,-1,-1.0,SL,1.074418604651161,0.1385281385281354,Research_2015_2024,H4,W5_CLASSIC,W3_CAP_1_2
EURJPY,long,LHLHL,2021-01-19 00:00,2021-01-30 00:00,2021-02-05 00:00,2021-02-17 00:00,2021-02-23 00:00,125.08,127.31,126.08,128.42,127.49,2.230000000000004,2.339999999999989,0.5515695067264582,0.3974358974358961,1,1,1,2.7452579311096295,2021-02-24 00:00,2021-02-25 00:00:00,128.94,127.3552221360306,1.5847778639693928,1.0727055435655817,0.4795624782999045,1.4125560538116528,1.262006521841869,0.4795624782999045,1.5470852017937204,3.2559768263520197,0.4795624782999045,2.964125560538111,1,1,1,2021-04-29 00:00,132.10955572793878,1,2.0,TP2,1.049327354260083,0.2222222222222276,Research_2015_2024,D1,W5_CLASSIC,W3_CAP_1_2
GBPJPY,short,HLHLH,2015-07-03 09:00,2015-07-05 23:00,2015-07-06 15:00,2015-07-07 16:00,2015-07-07 20:00,192.44,189.46,191.62,188.21,189.78,2.9799999999999898,3.4099999999999966,0.7248322147651021,0.4604105571847492,1,0,1,4.59185033178883,2015-07-08 06:00,2015-07-08 07:00:00,187.87,189.88453302379588,2.0145330237958774,1.4395395685972374,0.009927859093765,1.61409395973155,1.4395395685972374,0.0694950136564114,1.61409395973155,1.4395395685972374,2.8393677008193725,1.61409395973155,1,0,0,2015-07-10 10:00,189.88453302379588,-1,-1.0,SL,1.1442953020134257,0.0997067448680363,Research_2015_2024,H1,W5_CLASSIC,W3_CAP_1_2
GBPJPY,long,LHLHL,2017-08-23 23:00,2017-08-24 13:00,2017-08-24 18:00,2017-08-28 01:00,2017-08-28 06:00,139.28,140.4,139.79,141.11,140.45,1.1200000000000043,1.3200000000000216,0.5446428571428671,0.5000000000000108,1,1,1,4.299529507241002,2017-08-28 12:00,2017-08-28 13:00:00,141.13,140.403483282377,0.7265167176229852,0.3441077045246104,1.5691311326322046,0.8303571428571456,1.6379526735371424,1.5691311326322046,1.6696428571428543,2.5188683971201655,1.5691311326322046,2.241071428571437,0,0,0,2017-08-28 22:00,140.403483282377,-1,-1.0,SL,1.178571428571443,0.0151515151515011,Research_2015_2024,H1,W5_CLASSIC,W3_CAP_1_2
GBPJPY,long,LHLHL,2018-01-30 10:00,2018-01-31 09:00,2018-01-31 12:00,2018-02-01 11:00,2018-02-01 16:00,151.99,154.37,153.53,156.37,155.22,2.3799999999999955,2.8400000000000034,0.3529411764705903,0.4049295774647902,1,1,1,5.5393558681163295,2018-02-02 07:00,2018-02-02 08:00:00,156.55,155.1604262864028,1.3895737135972013,0.0,1.24498612997043,0.558823529411771,0.0,3.691779680201311,0.558823529411771,0.0,4.1451561321558525,0.558823529411771,0,0,0,2018-02-05 00:00,155.1604262864028,-1,-1.0,SL,1.1932773109243735,0.0633802816901431,Research_2015_2024,H1,W5_CLASSIC,W3_CAP_1_2
GBPJPY,long,LHLHL,2018-04-02 18:00,2018-04-04 03:00,2018-04-04 13:00,2018-04-05 08:00,2018-04-05 23:00,148.35,150.08,148.77,150.64,149.86,1.7300000000000182,1.869999999999976,0.7572254335260049,0.4171122994652314,1,0,1,4.451200659637619,2018-04-06 13:00,2018-04-06 14:00:00,150.9,149.79821891641652,1.1017810835834894,0.508267938471615,0.4719630857236498,0.9248554913294668,0.8803926791383285,0.4719630857236498,1.1618497109826416,2.641178037414986,0.4719630857236498,2.2832369942196227,1,1,0,2018-04-13 06:00,153.10356216716698,1,2.0,TP2,1.0809248554913042,0.1390374331550923,Research_2015_2024,H1,W5_CLASSIC,W3_CAP_1_2
GBPJPY,long,LHLHL,2019-06-18 13:00,2019-06-18 23:00,2019-06-19 08:00,2019-06-19 19:00,2019-06-20 02:00,135.35,136.45,135.76,136.97,136.35,1.0999999999999943,1.210000000000008,0.6272727272727284,0.5123966942148764,1,0,1,3.456302148905129,2019-06-20 08:00,2019-06-20 09:00:00,137.0,136.29719790338416,0.7028020966158408,0.2134313496250101,1.4797906907333362,0.7272727272727414,0.2134313496250101,1.5509344739416866,0.7272727272727414,0.4268626992500203,1.7359083102833486,0.8636363636363836,0,0,0,2019-06-20 16:00,136.29719790338416,-1,-1.0,SL,1.100000000000013,0.0247933884297528,Research_2015_2024,H1,W5_CLASSIC,W3_CAP_1_2
GBPJPY,long,LHLHL,2021-12-09 13:00,2021-12-10 04:00,2021-12-10 16:00,2021-12-13 03:00,2021-12-13 08:00,149.49,150.23,149.65,150.53,150.07,0.7399999999999807,0.8799999999999955,0.7837837837837828,0.5227272727272845,1,0,1,3.46614176041638,2021-12-13 13:00,2021-12-13 14:00:00,150.62,150.023839164391,0.5961608356089982,0.083869984429464,1.409015738415482,0.8108108108108243,0.5703158941205556,1.409015738415482,1.202702702702754,3.2877033896361247,1.8619136543347592,3.3918918918920067,0,0,0,2021-12-13 16:00,150.023839164391,-1,-1.0,SL,1.189189189189214,0.1022727272727316,Research_2015_2024,H1,W5_CLASSIC,W3_CAP_1_2
GBPJPY,long,LHLHL,2022-04-12 11:00,2022-04-13 07:00,2022-04-13 12:00,2022-04-13 20:00,2022-04-14 13:00,162.79,164.05,163.39,164.85,164.01,1.260000000000019,1.460000000000008,0.5238095238095356,0.5753424657534238,1,0,1,4.910799175658428,2022-04-14 23:00,2022-04-15 00:00:00,165.06,163.95400096803732,1.105999031962682,0.3254975724175246,0.2712479770146253,1.119047619047599,0.8679935264467752,0.4068719655219122,1.595238095238086,3.0018109456284,0.4068719655219122,3.468253968253918,1,1,1,2022-04-19 06:00,167.27199806392537,1,2.0,TP2,1.1587301587301473,0.1438356164383608,Research_2015_2024,H1,W5_CLASSIC,W3_CAP_1_2
GBPJPY,long,LHLHL,2022-05-27 10:00,2022-05-30 23:00,2022-05-31 06:00,2022-06-01 06:00,2022-06-01 14:00,159.8,161.92,160.94,163.3,161.96,2.119999999999976,2.3600000000000136,0.4622641509433966,0.5677966101694897,1,1,1,5.839093570047463,2022-06-02 18:00,2022-06-02 19:00:00,163.33,161.90134363563604,1.4286563643639738,0.5109696202732277,0.1959883475020634,0.9905660377358576,1.4699126062654662,0.3079816889318311,1.6367924528302065,3.730778186378539,0.3079816889318311,3.1603773584905963,1,1,1,2022-06-07 06:00,166.18731272872796,1,2.0,TP2,1.1132075471698304,0.01271186440678,Research_2015_2024,H1,W5_CLASSIC,W3_CAP_1_2
GBPJPY,short,HLHLH,2022-10-05 05:00,2022-10-05 14:00,2022-10-06 02:00,2022-10-06 15:00,2022-10-07 09:00,165.66,162.58,164.41,161.1,162.56,3.079999999999984,3.3100000000000023,0.5941558441558421,0.4410876132930534,1,1,1,3.4735791567185332,2022-10-07 16:00,2022-10-07 17:00:00,160.94,162.67731415396474,1.7373141539647463,0.2878005678241576,0.3108246132500856,0.6883116883116933,0.5698451242918373,0.9727659192456516,0.8474025974026063,0.7137454082039162,3.626287154584393,0.9285714285714378,0,0,0,2022-10-12 12:00,162.67731415396474,-1,-1.0,SL,1.074675324675331,0.0483383685800593,Research_2015_2024,H1,W5_CLASSIC,W3_CAP_1_2
GBPJPY,short,HLHLH,2022-11-08 16:00,2022-11-09 17:00,2022-11-10 12:00,2022-11-10 20:00,2022-11-11 01:00,168.62,165.94,167.38,164.35,166.07,2.680000000000007,3.030000000000001,0.5373134328358187,0.5676567656765671,1,0,1,5.171113379421884,2022-11-11 08:00,2022-11-11 09:00:00,163.82,166.21503646409775,2.395036464097757,0.1544861656790635,0.7766061301704236,0.9776119402985066,0.1544861656790635,0.7766061301704236,0.9776119402985066,0.1544861656790635,1.4446544141879851,0.9776119402985066,0,0,0,2022-11-16 01:00,166.21503646409775,-1,-1.0,SL,1.1305970149253708,0.1749174917491752,Research_2015_2024,H1,W5_CLASSIC,W3_CAP_1_2
GBPJPY,long,LHLHL,2022-11-17 12:00,2022-11-18 08:00,2022-11-21 04:00,2022-11-21 23:00,2022-11-22 09:00,165.18,167.28,166.07,168.26,167.32,2.0999999999999943,2.1899999999999977,0.5761904761904816,0.4292237442922368,1,1,1,5.872639573075843,2022-11-23 07:00,2022-11-23 08:00:00,168.46,167.26380721038748,1.1961927896125246,0.4179928221787409,0.9028644959060907,0.7809523809523901,0.4179928221787409,1.103501050551894,0.7809523809523901,0.4179928221787409,2.4828773637417196,0.7809523809523901,0,0,0,2022-11-24 08:00,167.26380721038748,-1,-1.0,SL,1.0428571428571447,0.0913242009132498,Research_2015_2024,H1,W5_CLASSIC,W3_CAP_1_2
GBPJPY,long,LHLHL,2023-04-14 07:00,2023-04-17 04:00,2023-04-17 07:00,2023-04-18 07:00,2023-04-18 14:00,165.38,166.52,165.67,166.98,166.39,1.1400000000000148,1.3100000000000025,0.7456140350877296,0.4503816793893148,1,0,1,6.180920338223589,2023-04-19 04:00,2023-04-19 05:00:00,167.6,166.33580095169188,1.2641990483081145,0.2610348429241848,0.4904290988272412,1.3508771929824566,0.2610348429241848,1.2972640678655851,1.3508771929824566,0.2610348429241848,1.7402322861611568,1.3508771929824566,0,0,0,2023-04-21 02:00,166.33580095169188,-1,-1.0,SL,1.149122807017531,0.4732824427480943,Research_2015_2024,H1,W5_CLASSIC,W3_CAP_1_2
GBPJPY,long,LHLHL,2024-05-07 07:00,2024-05-07 11:00,2024-05-07 20:00,2024-05-08 17:00,2024-05-08 23:00,192.98,193.98,193.31,194.47,193.89,1.0,1.1599999999999966,0.6699999999999875,0.5000000000000122,1,0,1,5.019291652997112,2024-05-09 07:00,2024-05-09 08:00:00,194.65,193.8476633487968,0.8023366512032055,0.7602793653826145,0.7228885769212076,1.3700000000000043,0.9472333076898264,0.7228885769212076,1.5200000000000102,2.9912630769152844,0.7228885769212076,3.160000000000025,1,1,0,2024-05-13 22:00,196.2546733024064,1,2.0,TP2,1.1599999999999966,0.1551724137931097,Research_2015_2024,H1,W5_CLASSIC,W3_CAP_1_2
GBPJPY,long,LHLHL,2024-06-24 09:00,2024-06-24 14:00,2024-06-25 00:00,2024-06-26 13:00,2024-06-27 03:00,201.54,202.65,201.99,203.11,202.48,1.1100000000000136,1.1200000000000043,0.5945945945945842,0.562500000000019,1,0,1,3.935365755019272,2024-06-27 11:00,2024-06-27 12:00:00,203.25,202.4317198624403,0.8182801375596966,0.3666226103137267,0.8432320037215367,0.9639639639639715,1.784230036860079,0.8676735110757968,2.009009009009001,3.5195770590116378,0.8676735110757968,3.288288288288253,1,1,1,2024-07-02 21:00,204.8865602751194,1,2.0,TP2,1.0090090090090007,0.1249999999999873,Research_2015_2024,H1,W5_CLASSIC,W3_CAP_1_2
GBPJPY,long,LHLHL,2024-09-17 06:00,2024-09-17 19:00,2024-09-18 03:00,2024-09-18 12:00,2024-09-18 17:00,185.26,187.4,185.8,187.95,186.68,2.140000000000015,2.1499999999999773,0.7476635514018614,0.5906976744186024,1,0,1,3.841152971655224,2024-09-18 21:00,2024-09-18 22:00:00,188.41,186.57000698407023,1.839993015929764,1.0543518280800102,0.1413048841756666,1.7149532710280198,1.9293551493216765,0.1413048841756666,2.4672897196261516,2.6521839799126035,0.1413048841756666,3.088785046728944,1,1,0,2024-09-22 23:00,192.08998603185952,1,2.0,TP2,1.0046728971962442,0.213953488372099,Research_2015_2024,H1,W5_CLASSIC,W3_CAP_1_2
GBPJPY,long,LHLHL,2025-01-17 08:00,2025-01-20 21:00,2025-01-21 03:00,2025-01-24 04:00,2025-01-24 05:00,189.325,192.006,190.469,193.685,192.063,2.6810000000000116,3.216000000000008,0.5732935471838864,0.5043532338308488,1,1,1,3.8003217083967633,2025-01-24 10:00,2025-01-24 11:00:00,193.793,191.94498367548488,1.8480163245151289,0.5151469645430639,0.8890614104456468,1.000372995151065,0.5151469645430639,0.8890614104456468,1.000372995151065,0.5151469645430639,1.4134074279269777,1.000372995151065,0,0,0,2025-01-30 10:00,191.94498367548488,-1,-1.0,SL,1.199552405818722,0.0335820895522399,OOS_2025_2026,H1,W5_CLASSIC,W3_CAP_1_2
GBPJPY,short,HLHLH,2025-05-14 01:00,2025-05-14 14:00,2025-05-14 17:00,2025-05-16 02:00,2025-05-16 20:00,196.402,194.232,195.269,193.028,193.798,2.1699999999999875,2.241000000000014,0.4778801843318028,0.343596608656852,1,1,1,3.12328656604579,2025-05-19 00:00,2025-05-19 01:00:00,192.897,193.87636296632553,0.9793629663255388,0.138865777731266,1.3376041825585636,0.4778801843318028,0.138865777731266,1.3376041825585636,0.4778801843318028,1.0302615421386028,1.3376041825585636,0.8801843317972385,0,0,0,2025-05-19 09:00,193.87636296632553,-1,-1.0,SL,1.032718894009229,0.0584560464078533,OOS_2025_2026,H1,W5_CLASSIC,W3_CAP_1_2
GBPJPY,long,LHLHL,2015-02-03 08:00,2015-02-04 16:00,2015-02-05 00:00,2015-02-06 20:00,2015-02-09 16:00,175.47,179.25,177.57,181.76,180.13,3.780000000000001,4.189999999999998,0.4444444444444461,0.3890214797136029,1,1,1,2.8681370532611177,2015-02-10 12:00,2015-02-10 16:00:00,181.9,179.95392752137636,1.9460724786236483,1.1510362664314595,0.4059458261075231,1.060846560846558,1.1664519307140246,0.4059458261075231,1.0687830687830664,1.5878134211041273,0.4059458261075231,1.285714285714289,1,0,0,2015-03-10 00:00,183.73,0,0.9403555212364156,not_reached_120,1.1084656084656077,0.0334128878281658,Research_2015_2024,H4,W5_CLASSIC,W3_CAP_1_2
GBPJPY,short,HLHLH,2018-04-16 16:00,2018-04-20 20:00,2018-04-26 16:00,2018-05-01 16:00,2018-05-02 12:00,153.72,150.68,152.68,149.09,150.07,3.039999999999992,3.5900000000000034,0.657894736842107,0.2729805013927545,1,1,1,3.87448199113168,2018-05-03 08:00,2018-05-03 12:00:00,148.46,150.18033733050729,1.720337330507277,0.8428579524996149,0.0930050154482303,1.0065789473684243,0.8428579524996149,0.4650250772411514,1.0065789473684243,3.074978323257191,0.8777348332926868,2.269736842105271,1,1,1,2018-05-29 00:00,145.01932533898545,1,2.0,TP2,1.1809210526315832,0.175487465181057,Research_2015_2024,H4,W5_CLASSIC,W3_CAP_1_2
GBPJPY,short,HLHLH,2019-07-25 16:00,2019-07-30 08:00,2019-07-31 16:00,2019-08-05 08:00,2019-08-06 16:00,135.63,131.59,132.96,128.14,130.04,4.039999999999992,4.820000000000022,0.3391089108910909,0.394190871369294,1,1,1,4.715705628075995,2019-08-09 08:00,2019-08-09 12:00:00,127.63,130.17995784555984,2.5499578455598453,0.4353013136796769,0.607853185768923,0.8712871287128721,0.4353013136796769,0.7882483247713037,0.8712871287128721,0.4353013136796769,1.764735055458151,0.8712871287128721,0,0,0,2019-08-22 12:00,130.17995784555984,-1,-1.0,SL,1.1930693069307008,0.105809128630703,Research_2015_2024,H4,W5_CLASSIC,W3_CAP_1_2
GBPJPY,short,HLHLH,2023-11-24 16:00,2023-11-30 12:00,2023-11-30 16:00,2023-12-04 16:00,2023-12-05 00:00,188.61,186.22,187.51,185.04,186.14,2.390000000000015,2.469999999999999,0.5397489539748888,0.4453441295546538,1,1,1,2.6872180561561785,2023-12-06 16:00,2023-12-06 20:00:00,185.01,186.24977895869824,1.2397789586982526,4.452406585280243,0.024197861876524,2.7824267782426513,5.331595566793919,0.024197861876524,3.238493723849344,5.331595566793919,0.024197861876524,3.238493723849344,1,1,1,2023-12-07 04:00,182.53044208260349,1,2.0,TP2,1.0334728033472735,0.0121457489878547,Research_2015_2024,H4,W5_CLASSIC,W3_CAP_1_2
GBPJPY,long,LHLHL,2024-02-01 16:00,2024-02-02 16:00,2024-02-05 16:00,2024-02-09 08:00,2024-02-12 12:00,185.2,187.68,186.16,188.81,187.83,2.480000000000018,2.6500000000000057,0.6129032258064513,0.3698113207547123,1,1,1,3.9099835274509394,2024-02-13 04:00,2024-02-13 08:00:00,189.11,187.7366492230882,1.3733507769118205,0.6771758647788579,0.720864630248485,0.8911290322580497,1.2232854331489174,0.720864630248485,1.1935483870967571,1.5727955569057686,0.8519309266573042,1.3870967741935374,1,0,0,2024-03-11 16:00,188.26,0,-0.6189241774860839,not_reached_120,1.0685483870967687,0.1132075471698153,Research_2015_2024,H4,W5_CLASSIC,W3_CAP_1_2
GBPJPY,long,LHLHL,2024-06-04 12:00,2024-06-06 08:00,2024-06-07 08:00,2024-06-13 08:00,2024-06-13 16:00,197.19,199.89,198.37,201.26,199.68,2.6999999999999886,2.8899999999999864,0.5629629629629586,0.5467128027681631,1,0,1,3.404743094159176,2024-06-14 00:00,2024-06-14 04:00:00,201.51,199.54195727930068,1.968042720699316,0.035568333585334,1.316028342656954,0.7037037037037088,0.6707171476089596,1.316028342656954,1.1666666666666736,3.3383421665081876,1.316028342656954,3.1111111111111263,0,0,0,2024-06-14 04:00,199.54195727930068,-1,-1.0,SL,1.0703703703703698,0.0865051903114191,Research_2015_2024,H4,W5_CLASSIC,W3_CAP_1_2
GBPJPY,long,LHLHL,2015-10-03 00:00,2015-10-10 00:00,2015-10-14 00:00,2015-10-24 00:00,2015-10-28 00:00,180.63,184.82,181.82,186.22,183.91,4.189999999999998,4.400000000000006,0.715990453460621,0.5249999999999998,1,0,1,2.438450691338614,2015-11-03 00:00,2015-11-04 00:00:00,186.66,183.60755385966195,3.0524461403380485,0.6846967657776732,0.7993589035873293,1.1551312649164691,0.6846967657776732,2.814136467957036,1.1551312649164691,0.6846967657776732,10.470291212561916,1.1551312649164691,0,0,0,2015-12-10 00:00,183.60755385966195,-1,-1.0,SL,1.0501193317422453,0.0999999999999993,Research_2015_2024,D1,W5_CLASSIC,W3_CAP_1_2
GBPJPY,long,LHLHL,2021-04-24 00:00,2021-04-30 00:00,2021-05-01 00:00,2021-05-19 00:00,2021-05-20 00:00,149.04,152.36,150.85,154.79,153.54,3.3200000000000216,3.9399999999999977,0.4548192771084366,0.3172588832487311,1,1,1,3.045805735311974,2021-05-27 00:00,2021-05-28 00:00:00,155.87,153.33479978228618,2.5352002177138218,0.047333539639807,1.806563429585904,0.737951807228916,0.047333539639807,2.922846072757971,0.737951807228916,0.047333539639807,2.922846072757971,0.737951807228916,0,0,0,2021-06-17 00:00,153.33479978228618,-1,-1.0,SL,1.186746987951799,0.2741116751269069,Research_2015_2024,D1,W5_CLASSIC,W3_CAP_1_2
CHFJPY,short,HLHLH,2015-08-28 21:00,2015-09-01 22:00,2015-09-02 01:00,2015-09-03 14:00,2015-09-03 23:00,126.445,124.225,125.269,122.777,123.458,2.219999999999999,2.4920000000000044,0.4702702702702755,0.2732744783306565,1,1,1,3.109193490250218,2015-09-04 04:00,2015-09-04 05:00:00,122.729,123.52047600884576,0.7914760088457484,0.9956081943016556,0.3247097791060044,0.6833333333333318,0.9956081943016556,0.3247097791060044,0.6833333333333318,0.9956081943016556,1.974791380321696,0.6833333333333318,0,0,0,2015-09-09 08:00,123.52047600884576,-1,-1.0,SL,1.122522522522525,0.019261637239166,Research_2015_2024,H1,W5_CLASSIC,W3_CAP_1_2
CHFJPY,short,HLHLH,2015-11-19 02:00,2015-11-19 14:00,2015-11-19 23:00,2015-11-22 23:00,2015-11-23 10:00,121.611,120.721,121.351,120.443,120.98,0.8900000000000006,0.9080000000000013,0.7078651685393202,0.5914096916299619,1,0,1,4.581102811406336,2015-11-24 06:00,2015-11-24 07:00:00,120.426,121.01236120342702,0.5863612034270176,0.2643421820783773,0.3786062220735342,0.7966292134831492,1.157989300846564,0.3786062220735342,1.38539325842697,2.8992368356983156,0.3786062220735342,2.5325842696629253,1,1,0,2015-11-27 09:00,119.25327759314597,1,2.0,TP2,1.0202247191011244,0.0187224669603478,Research_2015_2024,H1,W5_CLASSIC,W3_CAP_1_2
CHFJPY,long,LHLHL,2016-03-09 11:00,2016-03-10 05:00,2016-03-10 14:00,2016-03-10 16:00,2016-03-11 01:00,111.897,114.079,113.182,115.53,114.492,2.181999999999988,2.347999999999999,0.4110907424381285,0.4420783645655865,1,1,1,4.487443849647583,2016-03-11 16:00,2016-03-11 17:00:00,115.794,114.41227755399588,1.3817224460041049,0.1230348399504083,0.6361624959788628,0.6746104491292403,0.1230348399504083,1.1529088237705818,0.6746104491292403,0.1230348399504083,1.1529088237705818,0.6746104491292403,0,0,0,2016-03-15 07:00,114.41227755399588,-1,-1.0,SL,1.0760769935838734,0.1124361158432691,Research_2015_2024,H1,W5_CLASSIC,W3_CAP_1_2
CHFJPY,short,HLHLH,2017-02-17 03:00,2017-02-19 23:00,2017-02-21 01:00,2017-02-22 12:00,2017-02-22 18:00,113.777,112.486,113.028,111.502,112.285,1.2909999999999968,1.5260000000000105,0.4198295894655328,0.5131061598951481,1,1,1,5.002985807727316,2017-02-24 17:00,2017-02-24 18:00:00,111.458,112.32827415833673,0.870274158336727,0.44009120152664,0.2516448384708588,0.9372579395817172,0.44009120152664,0.4986934241842373,0.9372579395817172,0.44009120152664,2.1556425432480113,0.9372579395817172,0,0,0,2017-02-28 23:00,112.32827415833673,-1,-1.0,SL,1.1820294345468738,0.0288335517693293,Research_2015_2024,H1,W5_CLASSIC,W3_CAP_1_2
CHFJPY,short,HLHLH,2018-10-22 08:00,2018-10-23 15:00,2018-10-24 05:00,2018-10-25 01:00,2018-10-25 18:00,113.419,112.477,113.215,112.174,112.628,0.9419999999999932,1.0409999999999968,0.7834394904458651,0.4361191162343851,1,0,1,3.907052367542611,2018-10-26 05:00,2018-10-26 06:00:00,112.126,112.66722394316317,0.5412239431631605,1.0568638125227292,0.3565991535260201,1.1401273885350385,1.0568638125227292,0.746456259194365,1.1401273885350385,1.0568638125227292,1.3635760378352624,1.1401273885350385,1,0,0,2018-10-30 11:00,112.66722394316317,-1,-1.0,SL,1.1050955414012786,0.0461095100864572,Research_2015_2024,H1,W5_CLASSIC,W3_CAP_1_2
CHFJPY,long,LHLHL,2019-11-24 23:00,2019-11-26 02:00,2019-11-26 09:00,2019-11-29 01:00,2019-11-29 15:00,108.794,109.471,109.04,109.719,109.367,0.6770000000000067,0.6789999999999878,0.6366322008862527,0.5184094256259145,1,0,1,4.950087743929218,2019-12-02 11:00,2019-12-02 12:00:00,109.783,109.34599027140932,0.4370097285906809,1.025148802624498,0.1487381075236407,1.2762186115213907,1.025148802624498,0.1487381075236407,1.2762186115213907,1.048031588397378,0.7208077518453556,1.290989660265859,1,0,0,2019-12-09 12:00,109.614,0,-0.3867190795614723,not_reached_120,1.0029542097488642,0.094256259204725,Research_2015_2024,H1,W5_CLASSIC,W3_CAP_1_2
CHFJPY,long,LHLHL,2019-11-26 09:00,2019-11-29 01:00,2019-11-29 15:00,2019-12-04 10:00,2019-12-04 12:00,109.04,109.719,109.367,110.121,109.845,0.6789999999999878,0.7539999999999907,0.5184094256259145,0.3660477453580897,1,1,1,3.597914328465397,2019-12-05 00:00,2019-12-05 01:00:00,110.142,109.82290386520016,0.3190961347998211,0.3102513293121194,0.5891641405118887,0.5832106038291721,0.3102513293121194,2.112216120771295,0.5832106038291721,1.3256193161517384,2.112216120771295,1.0603829160530365,0,0,0,2019-12-06 11:00,109.82290386520016,-1,-1.0,SL,1.110456553755529,0.027851458885943,Research_2015_2024,H1,W5_CLASSIC,W3_CAP_1_2
CHFJPY,long,LHLHL,2020-01-08 00:00,2020-01-09 14:00,2020-01-10 12:00,2020-01-14 13:00,2020-01-14 15:00,111.319,112.704,112.303,113.749,113.352,1.384999999999991,1.445999999999998,0.2895306859205768,0.274550484094047,1,1,1,4.02633935276753,2020-01-15 08:00,2020-01-15 09:00:00,113.763,113.32467989844812,0.4383201015518949,1.2319763526429524,0.200766516727021,0.6866425992779781,1.4122099301592566,0.200766516727021,0.7436823104693198,1.4122099301592566,1.5947249453656511,0.7436823104693198,1,0,0,2020-01-22 00:00,113.32467989844812,-1,-1.0,SL,1.0440433212996445,0.0096818810511825,Research_2015_2024,H1,W5_CLASSIC,W3_CAP_1_2
CHFJPY,short,HLHLH,2020-04-23 15:00,2020-04-24 08:00,2020-04-26 22:00,2020-04-28 09:00,2020-04-28 19:00,110.967,109.871,110.58,109.361,109.781,1.0960000000000036,1.218999999999994,0.6468978102189789,0.3445447087776897,1,1,1,4.276359411651844,2020-04-29 10:00,2020-04-29 11:00:00,109.268,109.81327044004394,0.5452704400439359,0.1797273294185954,1.184733212289939,0.5574817518248195,0.1797273294185954,3.763270203744494,0.5574817518248195,0.6473851763751415,4.122724862581711,0.790145985401457,0,0,0,2020-04-30 08:00,109.81327044004394,-1,-1.0,SL,1.1122262773722538,0.0762920426579195,Research_2015_2024,H1,W5_CLASSIC,W3_CAP_1_2
CHFJPY,long,LHLHL,2020-05-06 22:00,2020-05-08 15:00,2020-05-10 22:00,2020-05-11 20:00,2020-05-12 04:00,108.657,109.935,109.353,110.781,110.249,1.2780000000000058,1.4280000000000117,0.4553990610328679,0.3725490196078476,1,1,1,4.222339950328007,2020-05-12 12:00,2020-05-12 13:00:00,110.903,110.20891559135669,0.6940844086433344,0.2218750314547571,1.0344563154838975,0.632237871674494,0.2218750314547571,1.7404223246581545,0.632237871674494,0.4437500629095143,1.7404223246581545,0.7527386541471041,0,0,0,2020-05-13 07:00,110.20891559135669,-1,-1.0,SL,1.1173708920187833,0.085434173669467,Research_2015_2024,H1,W5_CLASSIC,W3_CAP_1_2
CHFJPY,long,LHLHL,2021-02-04 10:00,2021-02-08 09:00,2021-02-09 08:00,2021-02-10 17:00,2021-02-10 22:00,116.589,117.339,116.917,117.732,117.392,0.75,0.8149999999999977,0.5626666666666628,0.4171779141104348,1,1,1,5.553012333381959,2021-02-12 05:00,2021-02-12 06:00:00,117.799,117.3728212203384,0.4261787796615977,0.3754292978337465,0.8846052830208065,0.7560000000000097,2.4402904359193855,0.8846052830208065,1.929333333333337,2.496604830594451,0.8846052830208065,1.9613333333333385,1,1,0,2021-02-16 01:00,118.6513575593232,1,2.0,TP2,1.0866666666666636,0.0822085889570643,Research_2015_2024,H1,W5_CLASSIC,W3_CAP_1_2
CHFJPY,long,LHLHL,2021-03-29 06:00,2021-03-29 09:00,2021-03-29 12:00,2021-03-30 13:00,2021-03-30 16:00,116.415,117.013,116.545,117.21,116.851,0.597999999999999,0.664999999999992,0.7826086956521812,0.5398496240601488,1,0,1,4.241763001559305,2021-03-31 00:00,2021-03-31 01:00:00,117.412,116.81740547811192,0.5945945218880979,0.438954599129515,0.5768637069020218,1.374581939799338,0.438954599129515,0.8106364627602661,1.374581939799338,0.9872273934445396,0.8106364627602661,1.9197324414715689,0,0,0,2021-04-07 01:00,117.805,0,0.6609546262754887,not_reached_120,1.1120401337792527,0.3037593984962629,Research_2015_2024,H1,W5_CLASSIC,W3_CAP_1_2
CHFJPY,short,HLHLH,2021-07-15 11:00,2021-07-15 22:00,2021-07-16 14:00,2021-07-19 13:00,2021-07-20 09:00,120.443,119.499,120.037,118.929,119.479,0.9440000000000026,1.108000000000004,0.5699152542372982,0.4963898916967465,1,1,1,4.351811597338915,2021-07-20 13:00,2021-07-20 14:00:00,118.867,119.5265089500948,0.6595089500948035,0.0409395505491166,1.5920936324655808,0.6769067796610106,0.0409395505491166,2.140986865753708,0.6769067796610106,0.0409395505491166,2.626196353743231,0.6769067796610106,0,0,0,2021-07-21 08:00,119.5265089500948,-1,-1.0,SL,1.1737288135593231,0.0559566787003586,Research_2015_2024,H1,W5_CLASSIC,W3_CAP_1_2
CHFJPY,short,HLHLH,2021-11-04 23:00,2021-11-05 14:00,2021-11-08 02:00,2021-11-08 15:00,2021-11-08 21:00,124.753,123.941,124.517,123.59,124.017,0.8119999999999976,0.9269999999999924,0.709359605911324,0.4606256742179028,1,0,1,4.3822354037174325,2021-11-09 11:00,2021-11-09 12:00:00,123.47,124.05145730000535,0.5814573000053542,0.0945899208755073,1.164315935140504,0.7413793103448171,0.0945899208755073,1.7559328947982924,0.7413793103448171,0.7962751520975494,1.7559328947982924,1.2438423645320122,0,0,0,2021-11-10 09:00,124.05145730000535,-1,-1.0,SL,1.141625615763541,0.1294498381877082,Research_2015_2024,H1,W5_CLASSIC,W3_CAP_1_2
CHFJPY,short,HLHLH,2023-07-06 19:00,2023-07-07 13:00,2023-07-10 05:00,2023-07-11 11:00,2023-07-11 15:00,160.957,159.426,160.531,158.917,159.74,1.531000000000006,1.6140000000000043,0.7217504898759072,0.5099132589838943,1,0,1,3.615848316372299,2023-07-12 01:00,2023-07-12 02:00:00,158.81,159.80727328657528,0.9972732865752788,0.3389241490271082,1.192250926607209,0.8282168517308921,0.3389241490271082,2.278212031330181,0.8282168517308921,0.3389241490271082,3.545668020591352,0.8282168517308921,0,0,0,2023-07-12 13:00,159.80727328657528,-1,-1.0,SL,1.0542129327237086,0.0662949194547701,Research_2015_2024,H1,W5_CLASSIC,W3_CAP_1_2
CHFJPY,short,HLHLH,2024-11-26 10:00,2024-11-26 23:00,2024-11-27 00:00,2024-11-27 18:00,2024-11-28 10:00,173.923,172.116,172.807,170.953,171.878,1.806999999999988,1.853999999999985,0.3824017708909677,0.4989212513484306,1,1,1,4.685383737520289,2024-11-29 00:00,2024-11-29 01:00:00,170.831,171.9362663054498,1.1052663054498169,1.3987579213959729,0.0199047052204005,1.434975096845604,2.476326281281235,0.0199047052204005,2.0940785832872257,2.5369451562705887,0.1637614384040676,2.1311566131710156,1,1,0,2024-12-02 16:00,168.62046738910036,1,2.0,TP2,1.0260099612617584,0.0658036677454234,Research_2015_2024,H1,W5_CLASSIC,W3_CAP_1_2
CHFJPY,long,LHLHL,2025-07-06 22:00,2025-07-07 19:00,2025-07-07 22:00,2025-07-08 19:00,2025-07-08 22:00,181.313,183.13,182.525,184.404,183.411,1.8170000000000073,1.878999999999991,0.3329664281783089,0.5284725918041511,1,1,1,4.443178296157285,2025-07-09 02:00,2025-07-09 03:00:00,184.495,183.34983882619903,1.1451611738009717,0.060253527257623,0.7798028962473396,0.6345624656026345,0.060253527257623,1.1474367364714422,0.6345624656026345,1.341295911126443,1.1474367364714422,1.4419372592184887,0,0,0,2025-07-10 21:00,183.34983882619903,-1,-1.0,SL,1.0341221794166116,0.0484300159659439,OOS_2025_2026,H1,W5_CLASSIC,W3_CAP_1_2
CHFJPY,long,LHLHL,2026-04-07 15:00,2026-04-08 09:00,2026-04-08 22:00,2026-04-09 15:00,2026-04-09 22:00,199.636,200.969,200.087,201.659,200.913,1.3329999999999984,1.5720000000000027,0.661665416354093,0.4745547073791218,1,0,1,4.453873903007653,2026-04-10 10:00,2026-04-10 11:00:00,201.692,200.86534485649523,0.8266551435047802,1.0439661650699077,0.378634310158631,1.2318079519879954,2.65890803108185,0.378634310158631,2.233308327081754,2.65890803108185,0.378634310158631,2.233308327081754,1,1,0,2026-04-13 18:00,203.34531028700957,1,2.0,TP2,1.17929482370593,0.0209923664122235,OOS_2025_2026,H1,W5_CLASSIC,W3_CAP_1_2
CHFJPY,long,LHLHL,2017-04-17 04:00,2017-04-20 16:00,2017-04-21 16:00,2017-04-24 00:00,2017-04-25 00:00,107.682,109.914,109.079,111.517,110.035,2.2319999999999993,2.4380000000000024,0.3741039426523334,0.6078753076292034,1,1,1,3.9489835256606343,2017-04-25 12:00,2017-04-25 16:00:00,111.724,109.92047685826968,1.803523141730338,0.4968053801296719,0.0626551428065319,1.1581541218638032,1.36732373593724,0.0626551428065319,1.8615591397849471,1.795374800066826,0.0626551428065319,2.207437275985667,1,0,0,2017-05-23 00:00,114.262,0,1.4072455968405186,not_reached_120,1.0922939068100372,0.0849056603773616,Research_2015_2024,H4,W5_CLASSIC,W3_CAP_1_2
CHFJPY,long,LHLHL,2018-10-26 16:00,2018-10-30 16:00,2018-11-01 00:00,2018-11-02 12:00,2018-11-05 12:00,111.554,112.766,111.842,113.228,112.486,1.2120000000000033,1.3859999999999957,0.7623762376237657,0.5353535353535299,1,0,1,3.02197224336279,2018-11-07 00:00,2018-11-07 04:00:00,113.248,112.41683986775226,0.8311601322477458,0.5931468328091625,0.9095720194801856,1.035478547854779,0.5931468328091625,1.2729195722355058,1.035478547854779,1.3944364690178932,1.2729195722355058,1.5849834983498243,0,0,0,2018-11-16 08:00,112.41683986775226,-1,-1.0,SL,1.1435643564356368,0.0144300144300218,Research_2015_2024,H4,W5_CLASSIC,W3_CAP_1_2
CHFJPY,long,LHLHL,2019-11-25 00:00,2019-11-26 04:00,2019-11-26 12:00,2019-11-29 04:00,2019-11-29 16:00,108.794,109.471,109.04,109.719,109.367,0.6770000000000067,0.6789999999999878,0.6366322008862527,0.5184094256259145,1,0,1,2.690286895971325,2019-12-02 08:00,2019-12-02 12:00:00,109.783,109.32834241290186,0.4546575870981399,1.007351494831949,0.1429647317992896,1.290989660265859,1.8937328319875883,0.6928290848734996,1.886262924667634,6.123289435834384,0.6928290848734996,4.72673559822741,1,1,1,2019-12-12 08:00,110.69231517419628,1,2.0,TP2,1.0029542097488642,0.094256259204725,Research_2015_2024,H4,W5_CLASSIC,W3_CAP_1_2
CHFJPY,short,HLHLH,2020-01-16 16:00,2020-01-22 12:00,2020-01-23 00:00,2020-01-27 12:00,2020-01-27 16:00,114.382,113.032,113.522,112.083,112.567,1.3500000000000083,1.4390000000000072,0.3629629629629674,0.3363446838081947,1,1,1,3.159087162797283,2020-01-29 04:00,2020-01-29 08:00:00,112.047,112.6182806363521,0.5712806363520997,0.54614138856914,1.1412954658560337,0.6162962962962877,0.54614138856914,1.8309740142414368,0.6162962962962877,0.7404416902716313,3.8930078467236497,0.6985185185185125,0,0,0,2020-01-31 12:00,112.6182806363521,-1,-1.0,SL,1.0659259259259244,0.0250173731758173,Research_2015_2024,H4,W5_CLASSIC,W3_CAP_1_2
CHFJPY,short,HLHLH,2021-09-07 08:00,2021-09-09 16:00,2021-09-10 12:00,2021-09-14 00:00,2021-09-14 16:00,120.355,119.433,120.093,119.108,119.648,0.921999999999997,0.9849999999999994,0.7158351409978294,0.5482233502537993,1,0,1,2.702427624687333,2021-09-15 04:00,2021-09-15 08:00:00,119.06,119.7060034035206,0.6460034035206093,2.3637646360345927,0.2724443850308399,2.293926247288505,2.3637646360345927,1.2151638764159436,2.293926247288505,2.3637646360345927,5.075824650659735,2.293926247288505,1,1,0,2021-09-19 20:00,117.76799319295878,1,2.0,TP2,1.0683297180043412,0.0487309644670069,Research_2015_2024,H4,W5_CLASSIC,W3_CAP_1_2
CHFJPY,short,HLHLH,2022-04-19 16:00,2022-04-27 00:00,2022-04-28 20:00,2022-05-10 12:00,2022-05-11 16:00,136.18,131.909,135.043,130.428,131.808,4.271000000000015,4.615000000000009,0.7337859985951776,0.299024918743227,1,1,1,4.81693402122164,2022-05-12 04:00,2022-05-12 08:00:00,129.397,131.94896103392915,2.5519610339291603,0.7425661970560476,0.4733614596536709,1.008194802154058,0.7425661970560476,1.258248052109226,1.008194802154058,0.7425661970560476,3.288059609233416,1.008194802154058,0,0,0,2022-05-20 08:00,131.94896103392915,-1,-1.0,SL,1.0805431983142104,0.2234019501625143,Research_2015_2024,H4,W5_CLASSIC,W3_CAP_1_2
CHFJPY,short,HLHLH,2024-12-27 00:00,2025-01-03 04:00,2025-01-07 04:00,2025-01-13 12:00,2025-01-15 04:00,175.813,172.352,174.9,171.19,173.219,3.4609999999999843,3.710000000000008,0.7362034094192469,0.5469002695417768,1,0,1,4.909631354330479,2025-01-16 00:00,2025-01-16 04:00:00,170.729,173.36967322709424,2.6406732270942257,0.2957579120304149,0.4180752047139195,0.9451025715111244,0.2957579120304149,0.8270618180210251,0.9451025715111244,1.8423332164250457,0.8270618180210251,2.125108350187814,1,0,0,2025-02-12 12:00,169.076,0,0.6259767331450424,not_reached_120,1.07194452470385,0.1242587601078122,OOS_2025_2026,H4,W5_CLASSIC,W3_CAP_1_2
SILVER,short,HLHLH,2015-10-28 17:00,2015-10-28 19:00,2015-10-29 10:00,2015-11-02 16:00,2015-11-03 05:00,16.352,15.711,15.991,15.259,15.464,0.641,0.7319999999999993,0.436817472698907,0.2800546448087435,1,1,1,4.834026347574524,2015-11-03 14:00,2015-11-03 15:00:00,15.248,15.477498064617034,0.2294980646170348,0.4575201981559755,0.4008748402890527,0.5007800312012476,1.2984858957188807,0.4008748402890527,0.801872074882997,4.122039118624365,0.4008748402890527,1.8127925117004693,1,1,1,2015-11-06 13:00,14.78900387076593,1,2.0,TP2,1.141965678627144,0.0150273224043729,Research_2015_2024,H1,W5_CLASSIC,W3_CAP_1_2
SILVER,short,HLHLH,2016-05-26 14:00,2016-05-27 03:00,2016-05-27 08:00,2016-05-30 08:00,2016-05-31 03:00,16.55,16.11,16.337,15.885,16.148,0.4400000000000013,0.4519999999999999,0.5159090909090901,0.5818584070796459,1,0,1,5.1445764283679205,2016-06-01 16:00,2016-06-01 17:00:00,15.851,16.16452225429703,0.3135222542970286,0.0446539274584879,0.590069755701402,0.7068181818181797,0.0446539274584879,1.8722753870093016,0.7068181818181797,0.0446539274584879,3.929545616346615,0.7068181818181797,0,0,0,2016-06-03 12:00,16.16452225429703,-1,-1.0,SL,1.0272727272727242,0.0752212389380507,Research_2015_2024,H1,W5_CLASSIC,W3_CAP_1_2
SILVER,long,LHLHL,2017-03-17 01:00,2017-03-20 05:00,2017-03-21 04:00,2017-03-21 15:00,2017-03-22 11:00,17.217,17.452,17.31,17.587,17.438,0.2350000000000029,0.277000000000001,0.6042553191489414,0.5379061371841168,1,0,1,4.171555033163318,2017-03-23 10:00,2017-03-23 11:00:00,17.601,17.42685307765801,0.1741469223419898,0.465124498961467,0.4823513322563369,1.0382978723404117,2.549571327640664,0.4823513322563369,2.5829787234042345,3.962171657819935,0.4823513322563369,3.6297872340425137,1,1,1,2017-03-27 10:00,17.94929384468398,1,2.0,TP2,1.1787234042553083,0.0505415162454848,Research_2015_2024,H1,W5_CLASSIC,W3_CAP_1_2
SILVER,short,HLHLH,2017-04-17 02:00,2017-04-18 15:00,2017-04-19 14:00,2017-04-23 23:00,2017-04-25 00:00,18.643,18.066,18.287,17.613,18.001,0.5770000000000017,0.6739999999999995,0.3830155979202763,0.575667655786353,1,1,1,6.499640859171815,2017-04-25 16:00,2017-04-25 17:00:00,17.59,18.018385575980027,0.4283855759800268,0.6512824325649287,0.1190516274581015,1.1958405545927195,0.803014898933105,0.1190516274581015,1.308492201039862,1.888485619874653,0.1190516274581015,2.114384748700171,1,0,0,2017-05-02 23:00,16.856,0,1.7134096971421384,not_reached_120,1.1681109185441898,0.0341246290801182,Research_2015_2024,H1,W5_CLASSIC,W3_CAP_1_2
SILVER,short,HLHLH,2017-04-19 14:00,2017-04-23 23:00,2017-04-25 00:00,2017-04-26 18:00,2017-04-26 20:00,18.287,17.613,18.001,17.311,17.512,0.6739999999999995,0.6900000000000013,0.575667655786353,0.2913043478260871,1,1,1,3.584354432422597,2017-04-27 13:00,2017-04-27 14:00:00,17.31,17.527414212249838,0.2174142122498388,0.7267234205390123,0.4829491085860615,0.5341246290801183,1.4810439329972451,0.4829491085860615,0.7774480712166192,5.082464428453295,0.4829491085860615,1.93916913946588,1,1,1,2017-05-01 17:00,16.87517157550032,1,2.0,TP2,1.0237388724035634,0.0014492753623206,Research_2015_2024,H1,W5_CLASSIC,W3_CAP_1_2
SILVER,short,HLHLH,2018-08-29 23:00,2018-08-30 14:00,2018-08-31 09:00,2018-09-03 02:00,2018-09-03 10:00,14.788,14.496,14.705,14.385,14.543,0.2919999999999998,0.3200000000000003,0.7157534246575334,0.4937499999999979,1,0,1,5.609619483837953,2018-09-04 06:00,2018-09-04 07:00:00,14.327,14.55485463652064,0.2278546365206395,1.4395142666771608,0.1360516532530271,1.8630136986301336,1.4395142666771608,0.1360516532530271,1.8630136986301336,1.4395142666771608,0.1360516532530271,1.8630136986301336,1,0,0,2018-09-11 12:00,14.034,0,1.2859075613914872,not_reached_120,1.0958904109589058,0.1812499999999993,Research_2015_2024,H1,W5_CLASSIC,W3_CAP_1_2
SILVER,long,LHLHL,2019-02-14 13:00,2019-02-15 12:00,2019-02-15 17:00,2019-02-18 14:00,2019-02-19 08:00,15.47,15.71,15.586,15.849,15.733,0.2400000000000002,0.2629999999999999,0.5166666666666685,0.4410646387832688,1,1,1,3.3880368477685012,2019-02-19 14:00,2019-02-19 15:00:00,15.869,15.72289090097336,0.1461090990266402,1.4988799565458315,0.0752862078630269,1.4791666666666672,2.2996514401798835,0.2258586235890931,1.9666666666666557,2.2996514401798835,0.6638874693376446,1.9666666666666557,1,1,0,2019-02-20 18:00,16.16121819805328,1,2.0,TP2,1.095833333333332,0.0760456273764242,Research_2015_2024,H1,W5_CLASSIC,W3_CAP_1_2
SILVER,long,LHLHL,2019-08-23 05:00,2019-08-26 02:00,2019-08-26 08:00,2019-08-28 02:00,2019-08-28 03:00,16.972,17.769,17.503,18.337,18.054,0.796999999999997,0.8339999999999996,0.3337515683814294,0.3393285371702654,1,1,1,3.841732507465704,2019-08-28 10:00,2019-08-28 11:00:00,18.371,18.03219993978309,0.3388000602169079,0.7910270140696571,0.6168830072408866,0.7340025094102923,0.811688167422227,0.9828805809149026,0.7427854454203319,3.6393145833876313,0.9828805809149026,1.9447929736512,1,1,1,2019-09-03 15:00,19.048600120433814,1,2.0,TP2,1.0464240903387738,0.0407673860911258,Research_2015_2024,H1,W5_CLASSIC,W3_CAP_1_2
SILVER,short,HLHLH,2019-11-04 14:00,2019-11-06 13:00,2019-11-07 02:00,2019-11-08 13:00,2019-11-11 09:00,18.215,17.377,17.662,16.681,16.934,0.838000000000001,0.980999999999998,0.3400954653937945,0.2579001019367998,1,1,1,3.6185441925396247,2019-11-11 15:00,2019-11-11 16:00:00,16.675,16.95348297333092,0.2784829733309202,0.154408003784499,0.7899944379672137,0.3603818615751781,0.154408003784499,1.2316731464670712,0.3603818615751781,0.154408003784499,1.5153529673734836,0.3603818615751781,0,0,0,2019-11-13 06:00,16.95348297333092,-1,-1.0,SL,1.1706443914081108,0.0061162079510705,Research_2015_2024,H1,W5_CLASSIC,W3_CAP_1_2
SILVER,long,LHLHL,2020-10-29 13:00,2020-11-04 01:00,2020-11-04 03:00,2020-11-05 22:00,2020-11-06 02:00,22.569,24.491,23.212,25.46,24.879,1.9220000000000008,2.248000000000001,0.6654526534859518,0.2584519572953733,1,1,1,3.1073355734066386,2020-11-06 10:00,2020-11-06 11:00:00,25.508,24.824371204367896,0.683628795632103,0.7138376895735947,0.6728797893521609,0.5811654526534844,0.7138376895735947,2.84949962969132,0.5811654526534844,0.7138376895735947,2.84949962969132,0.5811654526534844,0,0,0,2020-11-09 12:00,24.824371204367896,-1,-1.0,SL,1.169614984391259,0.021352313167259,Research_2015_2024,H1,W5_CLASSIC,W3_CAP_1_2
SILVER,short,HLHLH,2022-04-26 04:00,2022-04-27 09:00,2022-04-27 13:00,2022-04-28 06:00,2022-04-28 09:00,23.918,23.238,23.688,22.985,23.312,0.6799999999999997,0.7029999999999994,0.6617647058823521,0.4651493598862048,1,0,1,2.432400405046592,2022-04-28 15:00,2022-04-28 16:00:00,22.955,23.34900048717854,0.3940004871785412,0.0862943095412768,1.5152265528277655,0.5750000000000028,2.1598958064596725,1.5152265528277655,1.7764705882352978,2.1598958064596725,1.5152265528277655,1.7764705882352978,0,0,0,2022-04-29 05:00,23.34900048717854,-1,-1.0,SL,1.0338235294117644,0.0426742532005706,Research_2015_2024,H1,W5_CLASSIC,W3_CAP_1_2
SILVER,short,HLHLH,2022-08-26 15:00,2022-08-29 05:00,2022-08-29 15:00,2022-08-31 11:00,2022-08-31 14:00,19.423,18.499,18.902,17.922,18.23,0.9239999999999996,0.9800000000000004,0.4361471861471888,0.314285714285714,1,1,1,3.517819570107805,2022-08-31 23:00,2022-09-01 00:00:00,17.904,18.254233761368663,0.3502337613686634,1.030740150776054,0.0,0.7435064935064952,1.030740150776054,1.0707134530222149,0.7435064935064952,1.030740150776054,1.92157374369054,0.7435064935064952,1,0,0,2022-09-02 14:00,18.254233761368663,-1,-1.0,SL,1.0606060606060617,0.0183673469387762,Research_2015_2024,H1,W5_CLASSIC,W3_CAP_1_2
SILVER,long,LHLHL,2023-07-06 15:00,2023-07-07 16:00,2023-07-10 14:00,2023-07-11 07:00,2023-07-11 17:00,22.504,23.144,22.737,23.377,23.001,0.639999999999997,0.6400000000000006,0.635937500000003,0.5874999999999958,1,0,1,6.67251090463526,2023-07-12 12:00,2023-07-12 13:00:00,23.551,22.97619674342008,0.5748032565799193,1.8180133602891435,0.1026438165139279,2.4921875000000098,2.531300898775792,0.1026438165139279,3.132812500000013,2.91752000498076,0.1026438165139279,3.4796875000000167,1,1,0,2023-07-13 14:00,24.700606513159837,1,2.0,TP2,1.0000000000000056,0.271874999999999,Research_2015_2024,H1,W5_CLASSIC,W3_CAP_1_2
SILVER,short,HLHLH,2025-03-18 14:00,2025-03-19 16:00,2025-03-20 02:00,2025-03-20 11:00,2025-03-20 23:00,34.226,33.448,33.934,33.088,33.583,0.7779999999999987,0.8459999999999965,0.6246786632390718,0.5851063829787227,1,0,1,4.334243852741815,2025-03-21 05:00,2025-03-21 06:00:00,33.013,33.620146041032775,0.6071460410327774,0.6077615187481374,0.3738803922922212,1.206940874035992,0.6077615187481374,0.462821102352916,1.206940874035992,0.6077615187481374,2.454104777600885,1.206940874035992,0,0,0,2025-03-25 13:00,33.620146041032775,-1,-1.0,SL,1.0874035989717197,0.0886524822695072,OOS_2025_2026,H1,W5_CLASSIC,W3_CAP_1_2
SILVER,long,LHLHL,2017-02-03 04:00,2017-02-08 16:00,2017-02-10 08:00,2017-02-16 20:00,2017-02-21 16:00,17.28,17.86,17.545,18.129,17.828,0.5799999999999983,0.5839999999999996,0.5431034482758598,0.5154109589041133,1,0,1,3.691372846842955,2017-02-23 12:00,2017-02-23 16:00:00,18.149,17.8018579645016,0.3471420354984005,0.9535001992045548,0.553087728843731,1.124137931034488,0.9535001992045548,1.526752584829051,1.124137931034488,0.9535001992045548,3.837046118853382,1.124137931034488,0,0,0,2017-03-02 16:00,17.8018579645016,-1,-1.0,SL,1.0068965517241402,0.034246575342465,Research_2015_2024,H4,W5_CLASSIC,W3_CAP_1_2
SILVER,short,HLHLH,2020-11-16 04:00,2020-11-19 16:00,2020-11-20 16:00,2020-11-24 16:00,2020-11-25 12:00,25.062,23.626,24.516,22.915,23.513,1.436,1.600999999999999,0.6197771587743712,0.373516552154905,1,1,1,4.79764308924631,2020-11-27 12:00,2020-11-27 16:00:00,22.672,23.575218050498396,0.9032180504983957,0.8757575200844655,1.8168370296568972,1.13649025069638,0.8757575200844655,2.4191279157832555,1.13649025069638,0.8757575200844655,5.235723530315341,1.13649025069638,0,0,0,2020-12-01 12:00,23.575218050498396,-1,-1.0,SL,1.1149025069637877,0.1517801374141153,Research_2015_2024,H4,W5_CLASSIC,W3_CAP_1_2
SILVER,long,LHLHL,2021-10-11 12:00,2021-10-15 04:00,2021-10-18 16:00,2021-10-19 16:00,2021-10-20 04:00,22.48,23.582,22.997,24.113,23.559,1.1020000000000003,1.1159999999999997,0.5308529945553545,0.4964157706093178,1,0,1,3.658148010273619,2021-10-20 12:00,2021-10-20 16:00:00,24.294,23.504942591867625,0.7890574081323756,0.6628161583805307,0.3802004732584317,1.1415607985480931,0.6628161583805307,0.8250350269707947,1.1415607985480931,1.39533573685844,1.631060030278667,1.666061705989109,0,0,0,2021-11-02 12:00,23.504942591867625,-1,-1.0,SL,1.0127041742286746,0.1621863799283163,Research_2015_2024,H4,W5_CLASSIC,W3_CAP_1_2
SILVER,long,LHLHL,2023-07-06 16:00,2023-07-10 04:00,2023-07-10 16:00,2023-07-11 08:00,2023-07-11 20:00,22.504,23.144,22.737,23.377,23.001,0.639999999999997,0.6400000000000006,0.635937500000003,0.5874999999999958,1,0,1,5.082529459311797,2023-07-12 12:00,2023-07-12 16:00:00,24.036,22.94871304286036,1.0872869571396429,0.9206401248786772,0.0,3.1812500000000115,1.1238983342674764,0.0,3.526562500000013,1.1238983342674764,1.275652201005723,3.526562500000013,1,0,0,2023-08-08 08:00,22.94871304286036,-1,-1.0,SL,1.0000000000000056,1.029687500000003,Research_2015_2024,H4,W5_CLASSIC,W3_CAP_1_2
SILVER,long,LHLHL,2024-11-28 04:00,2024-11-29 16:00,2024-12-02 08:00,2024-12-04 20:00,2024-12-06 16:00,29.621,30.889,30.042,31.466,30.808,1.268000000000001,1.4239999999999997,0.6679810725552029,0.4620786516853943,1,0,1,2.7784550458381276,2024-12-09 08:00,2024-12-09 12:00:00,31.633,30.728639349436193,0.904360650563806,0.7353261108667448,1.099119028874498,1.1750788643533132,0.7353261108667448,2.6482797526704456,1.1750788643533132,0.7353261108667448,3.2509154375161193,1.1750788643533132,0,0,0,2024-12-13 08:00,30.728639349436193,-1,-1.0,SL,1.1230283911671914,0.117275280898875,Research_2015_2024,H4,W5_CLASSIC,W3_CAP_1_2
SILVER,short,HLHLH,2015-02-04 00:00,2015-02-07 00:00,2015-02-14 00:00,2015-02-25 00:00,2015-02-27 00:00,17.729,16.548,17.431,16.071,16.885,1.181000000000001,1.3599999999999994,0.7476714648602896,0.5985294117647062,1,0,1,2.9450986809661392,2015-03-06 00:00,2015-03-08 00:00:00,15.868,16.980752309361495,1.112752309361495,0.5338115185227901,1.370475699911201,1.3640982218458944,0.5338115185227901,1.370475699911201,1.3640982218458944,1.345312867388241,1.7047819034305234,2.1287044877222687,0,0,0,2015-03-23 00:00,16.980752309361495,-1,-1.0,SL,1.1515664690939869,0.1492647058823538,Research_2015_2024,D1,W5_CLASSIC,W3_CAP_1_2
XAUUSD,long,LHLHL,2018-08-16 01:00,2018-08-16 09:00,2018-08-17 01:00,2018-08-21 07:00,2018-08-21 16:00,1160.168,1181.992,1171.838,1196.319,1187.638,21.82400000000007,24.480999999999995,0.4652675953079162,0.3546015277153728,1,1,1,4.588349019588088,2018-08-22 08:00,2018-08-22 09:00:00,1196.469,1187.1339515960692,9.33504840393084,0.5451498245962008,1.0786232233953992,0.6378299120234617,0.5451498245962008,1.4302014753751269,0.6378299120234617,1.9035787744300623,1.4302014753751269,1.2188874633431095,0,0,0,2018-08-23 07:00,1187.1339515960692,-1,-1.0,SL,1.1217467008797617,0.0061272006862501,Research_2015_2024,H1,W5_CLASSIC,LONG_W3_CAP_W2_MOD
XAUUSD,long,LHLHL,2024-02-14 16:00,2024-02-15 15:00,2024-02-16 14:00,2024-02-19 08:00,2024-02-19 17:00,1984.088,2008.175,1994.985,2022.895,2013.185,24.08699999999999,27.91000000000008,0.5475982895337759,0.3479039770691511,1,1,1,4.574962222973412,2024-02-20 09:00,2024-02-20 10:00:00,2023.985,2012.534721406428,11.450278593571966,0.7170131218125139,0.100434237525492,0.7892224021256279,0.9364837643356496,0.355449866720691,0.8935525387138352,1.5108802688619447,0.7012929802867773,1.1666043924108502,1,0,0,2024-02-27 15:00,2033.685,0,0.8471409599977329,not_reached_120,1.1587163200066466,0.0390541024722291,Research_2015_2024,H1,W5_CLASSIC,LONG_W3_CAP_W2_MOD
XAUUSD,long,LHLHL,2022-02-03 16:00,2022-02-10 20:00,2022-02-11 08:00,2022-02-15 08:00,2022-02-15 16:00,1788.538,1841.838,1820.838,1879.378,1844.398,53.299999999999955,58.53999999999997,0.3939962476547846,0.5975401434916303,1,1,1,5.324002282393502,2022-02-17 08:00,2022-02-17 12:00:00,1883.528,1842.107429982716,41.42057001728381,0.7362284002193852,0.0202797788550328,1.306285178236399,2.1938375054250105,0.1349570997614795,2.4390243902439046,4.51056081367399,0.1349570997614795,4.239399624765487,1,1,1,2022-02-24 08:00,1966.3691400345676,1,2.0,TP2,1.0983114446529083,0.0708916979842858,Research_2015_2024,H4,W5_CLASSIC,LONG_W3_CAP_W2_MOD
XAUUSD,long,LHLHL,2022-02-11 08:00,2022-02-15 08:00,2022-02-15 16:00,2022-02-21 04:00,2022-02-21 08:00,1820.838,1879.378,1844.398,1908.158,1887.453,58.53999999999997,63.75999999999999,0.5975401434916303,0.324733375156837,1,1,1,2.938019484855745,2022-02-21 20:00,2022-02-22 00:00:00,1909.418,1885.192123231061,24.22587676893886,2.682255863008184,1.2994369739534788,1.485223778612914,2.682255863008184,1.2994369739534788,1.485223778612914,6.643309612073526,1.2994369739534788,3.1244448240519356,1,1,0,2022-02-24 08:00,1957.8697535378776,1,2.0,TP2,1.0891697984284254,0.0197616060225845,Research_2015_2024,H4,W5_CLASSIC,LONG_W3_CAP_W2_MOD
XAUUSD,long,LHLHL,2025-01-13 20:00,2025-01-16 20:00,2025-01-20 04:00,2025-01-22 12:00,2025-01-23 16:00,2656.615,2724.565,2689.308,2763.205,2735.665,67.95000000000027,73.89699999999993,0.5188668138337,0.3726808936763331,1,1,1,3.6355083906158265,2025-01-24 00:00,2025-01-24 04:00:00,2772.238,2732.807765499644,39.43023450035571,0.3445832917853282,1.0577923395211757,0.7381898454746085,1.8538312268810064,1.0577923395211757,1.6139808682854986,4.628859105526084,1.0577923395211757,3.2242825607063907,0,0,0,2025-01-27 16:00,2732.807765499644,-1,-1.0,SL,1.08752023546725,0.1222377092439464,OOS_2025_2026,H4,W5_CLASSIC,LONG_W3_CAP_W2_MOD
XAUUSD,long,LHLHL,2026-01-16 16:00,2026-01-21 08:00,2026-01-21 20:00,2026-01-26 08:00,2026-01-27 00:00,4536.515,4888.075,4755.345,5110.885,4989.805,351.5599999999995,355.53999999999996,0.3775457958812144,0.3405523991674634,1,1,1,4.026924634910743,2026-01-27 20:00,2026-01-28 00:00:00,5171.975,4977.361881604985,194.6131183950156,2.1829463681770007,3.961382492392897,1.72659005575151,2.1829463681770007,3.961382492392897,1.72659005575151,2.1829463681770007,3.961382492392897,1.72659005575151,1,1,0,2026-01-28 20:00,5561.2012367900315,1,2.0,TP2,1.0113209693935614,0.1718231422624744,OOS_2025_2026,H4,W5_CLASSIC,LONG_W3_CAP_W2_MOD
XAUUSD,long,LHLHL,2020-06-06 00:00,2020-06-12 00:00,2020-06-16 00:00,2020-07-02 00:00,2020-07-03 00:00,1670.745,1744.575,1704.025,1789.008,1757.438,73.83000000000015,84.98299999999995,0.5492347284301756,0.3714860619182655,1,1,1,2.153403195568984,2020-07-07 00:00,2020-07-08 00:00:00,1794.285,1752.8034754388143,41.48152456118555,5.702056578251277,0.0932222246146314,3.702790193688194,6.7623599413816375,0.0932222246146314,4.298523635378559,6.7623599413816375,0.0932222246146314,4.298523635378559,1,1,1,2020-07-23 00:00,1877.2480491223712,1,2.0,TP2,1.1510632534200158,0.0620947718955561,Research_2015_2024,D1,W5_CLASSIC,LONG_W3_CAP_W2_MOD
XAUUSD,long,LHLHL,2024-12-19 00:00,2025-01-04 00:00,2025-01-07 00:00,2025-01-11 00:00,2025-01-14 00:00,2582.264,2665.185,2614.365,2697.709,2656.615,82.92099999999982,83.34400000000005,0.6128724930958415,0.4930648876943754,1,0,1,2.6103636596682542,2025-01-16 00:00,2025-01-17 00:00:00,2714.355,2650.1072860509944,64.24771394900563,3.5535894737237346,0.3898504469727935,3.449668962024105,4.2870007829167704,0.3898504469727935,4.017920671482505,12.227049831275096,0.3898504469727935,10.169920767959889,1,1,1,2025-02-04 00:00,2842.8504278980113,1,2.0,TP2,1.0051012409401747,0.19972643501632,OOS_2025_2026,D1,W5_CLASSIC,LONG_W3_CAP_W2_MOD
USDJPY,long,LHLHL,2016-11-15 09:00,2016-11-16 12:00,2016-11-17 09:00,2016-11-18 08:00,2016-11-18 13:00,107.77,109.757,108.82,110.924,109.799,1.987000000000009,2.1040000000000134,0.4715651736285896,0.5346958174904909,1,1,1,4.314973958822307,2016-11-21 02:00,2016-11-21 03:00:00,110.961,109.72767859622402,1.2333214037759743,0.3267599173793373,0.5610865082543324,0.7876195269250079,0.3267599173793373,0.5610865082543324,0.7876195269250079,2.3813743854667475,0.5610865082543324,2.062908907901344,1,1,0,2016-11-24 08:00,113.42764280755196,1,2.0,TP2,1.0588827377956738,0.0175855513307945,Research_2015_2024,H1,W5_CLASSIC,LONG_W3_CAP_W2_MOD
USDJPY,long,LHLHL,2023-05-24 06:00,2023-05-24 21:00,2023-05-24 23:00,2023-05-25 20:00,2023-05-26 08:00,138.231,139.477,138.812,140.228,139.492,1.246000000000009,1.4159999999999968,0.533707865168529,0.5197740112994492,1,1,1,3.862410731964782,2023-05-26 13:00,2023-05-26 14:00:00,140.352,139.4339404057305,0.9180595942694936,0.6154284575061515,0.3333116955697173,1.143659711075442,0.6317672661124947,0.8430825240880774,1.1556982343499094,0.6317672661124947,2.0935460094280107,1.1556982343499094,0,0,0,2023-05-31 05:00,139.4339404057305,-1,-1.0,SL,1.1364365971107433,0.0875706214689233,Research_2015_2024,H1,W5_CLASSIC,LONG_W3_CAP_W2_MOD
USDJPY,long,LHLHL,2023-06-23 14:00,2023-06-27 10:00,2023-06-27 14:00,2023-06-29 07:00,2023-06-29 08:00,142.685,143.942,143.298,144.698,144.145,1.257000000000005,1.4000000000000057,0.5123309466984908,0.3949999999999964,1,1,1,2.9136848897134526,2023-06-29 12:00,2023-06-29 13:00:00,144.784,144.0881990739341,0.6958009260658855,0.4067255293839867,0.6352391660342886,0.7334924423229859,0.4067255293839867,0.8393205270679737,0.7334924423229859,0.4067255293839867,1.770621385869413,0.7334924423229859,0,0,0,2023-07-03 14:00,144.0881990739341,-1,-1.0,SL,1.1137629276054095,0.0614285714285599,Research_2015_2024,H1,W5_CLASSIC,LONG_W3_CAP_W2_MOD
USDJPY,long,LHLHL,2018-09-12 20:00,2018-09-14 16:00,2018-09-18 04:00,2018-09-21 08:00,2018-09-24 00:00,111.116,112.168,111.663,112.873,112.385,1.0520000000000067,1.210000000000008,0.4800380228136943,0.4033057851239639,1,1,1,3.0833696712981467,2018-09-25 04:00,2018-09-25 08:00:00,112.933,112.33837892782104,0.5946210721789527,1.730513848473766,0.6256085049876026,1.4990494296577834,2.717697161451521,0.6256085049876026,2.057034220532308,2.717697161451521,2.199720227214486,2.057034220532308,1,1,0,2018-10-03 12:00,114.12224214435793,1,2.0,TP2,1.1501901140684414,0.0495867768595056,Research_2015_2024,H4,W5_CLASSIC,LONG_W3_CAP_W2_MOD
USDJPY,long,LHLHL,2024-06-12 16:00,2024-06-14 08:00,2024-06-17 08:00,2024-06-24 04:00,2024-06-24 12:00,155.716,158.255,157.155,159.927,158.74,2.5389999999999873,2.7719999999999914,0.4332414336352894,0.4282106782106735,1,1,1,5.2958490431335585,2024-06-26 08:00,2024-06-26 12:00:00,160.305,158.66191997984987,1.643080020150137,0.8745770031752179,0.1783236339111672,1.1823552579755794,1.0005599117745856,0.1783236339111672,1.2638834186687748,1.0005599117745856,3.0035055745788113,1.2638834186687748,1,0,0,2024-07-11 12:00,158.66191997984987,-1,-1.0,SL,1.0917684127609315,0.1363636363636419,Research_2015_2024,H4,W5_CLASSIC,LONG_W3_CAP_W2_MOD
USDJPY,long,LHLHL,2025-07-01 16:00,2025-07-03 16:00,2025-07-04 08:00,2025-07-09 04:00,2025-07-10 04:00,142.679,145.232,144.181,147.182,145.753,2.5529999999999973,3.0009999999999764,0.4116725421073203,0.4761746084638498,1,1,1,3.9667260881589863,2025-07-11 12:00,2025-07-11 16:00:00,147.289,145.64163612203558,1.647363877964409,1.1503226611606885,0.267093388343376,1.3439091265178282,1.1503226611606885,0.6628772274340089,1.3439091265178282,2.2016993625487093,0.8716956946842822,2.022326674500594,1,1,0,2025-07-31 12:00,150.5837277559288,1,2.0,TP2,1.1754798276537326,0.0356547817394202,OOS_2025_2026,H4,W5_CLASSIC,LONG_W3_CAP_W2_MOD
USDJPY,long,LHLHL,2023-09-02 00:00,2023-09-08 00:00,2023-09-12 00:00,2023-09-28 00:00,2023-09-30 00:00,144.441,147.872,145.9,149.708,148.525,3.4310000000000116,3.8079999999999927,0.5747595453220641,0.310661764705881,1,1,1,1.910258951195353,2023-10-02 00:00,2023-10-03 00:00:00,149.86,148.34819151035066,1.5118084896493542,0.6058968488875546,1.1238195919868623,0.6560769454969388,1.3540074778087627,1.79321654730805,0.9857184494316508,1.3540074778087627,6.357948156667258,0.9857184494316508,0,0,0,2023-10-05 00:00,148.34819151035066,-1,-1.0,SL,1.1098805013115651,0.0399159663865587,Research_2015_2024,D1,W5_CLASSIC,LONG_W3_CAP_W2_MOD
EURJPY,long,LHLHL,2016-08-26 15:00,2016-08-29 06:00,2016-08-30 01:00,2016-08-31 20:00,2016-09-01 02:00,113.14,114.66,113.84,115.41,115.03,1.519999999999996,1.5699999999999932,0.5394736842105232,0.2420382165605077,1,1,1,4.35574943842501,2016-09-01 10:00,2016-09-01 11:00:00,115.59,114.99728461955527,0.59271538044473,0.7423461825300604,0.2362010580777486,0.657894736842107,1.2653628111307913,0.7929606949752939,0.8618421052631616,1.2653628111307913,2.9356417218234507,0.8618421052631616,1,0,0,2016-09-06 14:00,114.99728461955527,-1,-1.0,SL,1.0328947368421035,0.1146496815286672,Research_2015_2024,H1,W5_CLASSIC,LONG_W3_CAP_W2_MOD
EURJPY,long,LHLHL,2018-08-22 00:00,2018-08-23 15:00,2018-08-23 18:00,2018-08-27 00:00,2018-08-27 07:00,127.35,128.73,128.22,129.63,128.8,1.3799999999999957,1.4099999999999966,0.369565217391299,0.5886524822694936,1,1,1,5.550467279292838,2018-08-27 15:00,2018-08-27 16:00:00,129.69,128.7594628724613,0.9305371275386848,0.6018029624258294,0.064478888831341,1.0507246376811543,1.2143524063235387,0.1182112961907715,1.4637681159420206,1.2143524063235387,1.2250988877954188,1.4637681159420206,1,0,0,2018-08-31 13:00,128.7594628724613,-1,-1.0,SL,1.0217391304347836,0.0425531914893634,Research_2015_2024,H1,W5_CLASSIC,LONG_W3_CAP_W2_MOD
EURJPY,long,LHLHL,2020-07-28 15:00,2020-07-30 06:00,2020-07-30 10:00,2020-07-31 00:00,2020-07-31 02:00,123.0,123.83,123.32,124.29,123.84,0.8299999999999983,0.9700000000000132,0.6144578313253086,0.4639175257731925,1,1,1,3.651876509292853,2020-07-31 12:00,2020-07-31 13:00:00,124.51,123.79413316973512,0.7158668302648721,0.9219591858387898,0.6844848500924511,1.602409638554218,0.9219591858387898,0.6844848500924511,1.602409638554218,1.4248460144781314,0.6844848500924511,2.0361445783132543,1,0,0,2020-08-07 13:00,124.54,0,0.0419072357199468,not_reached_120,1.1686746987951988,0.226804123711336,Research_2015_2024,H1,W5_CLASSIC,LONG_W3_CAP_W2_MOD
EURJPY,long,LHLHL,2022-05-27 10:00,2022-05-30 23:00,2022-05-31 10:00,2022-06-01 06:00,2022-06-01 14:00,135.83,137.94,136.79,138.95,138.18,2.109999999999985,2.1599999999999966,0.545023696682471,0.3564814814814736,1,1,1,3.990489584413156,2022-06-02 11:00,2022-06-02 12:00:00,139.01,138.1273748783056,0.8826251216943888,1.4502193156963012,0.0453193536155003,1.0,2.028041074294068,0.0453193536155003,1.2417061611374516,5.9255054852278715,0.0453193536155003,2.872037914691964,1,1,1,2022-06-06 12:00,140.77525024338877,1,2.0,TP2,1.0236966824644604,0.0277777777777788,Research_2015_2024,H1,W5_CLASSIC,LONG_W3_CAP_W2_MOD
EURJPY,long,LHLHL,2022-05-31 10:00,2022-06-01 06:00,2022-06-01 14:00,2022-06-05 21:00,2022-06-06 00:00,136.79,138.95,138.18,140.37,139.83,2.1599999999999966,2.1899999999999977,0.3564814814814736,0.24657534246575,1,1,1,2.9158047207263578,2022-06-06 05:00,2022-06-06 06:00:00,140.39,139.77341184825335,0.6165881517466119,2.6760163900750342,0.5027667157110229,1.0231481481481404,3.973478882232641,0.5027667157110229,1.3935185185185166,6.244038243508428,0.5027667157110229,2.0416666666666683,1,1,1,2022-06-06 23:00,141.6231763034932,1,2.0,TP2,1.0138888888888895,0.0091324200913159,Research_2015_2024,H1,W5_CLASSIC,LONG_W3_CAP_W2_MOD
EURJPY,long,LHLHL,2022-06-01 14:00,2022-06-05 21:00,2022-06-06 00:00,2022-06-07 04:00,2022-06-07 12:00,138.18,140.37,139.83,142.04,141.36,2.1899999999999977,2.2099999999999795,0.24657534246575,0.3076923076923007,1,1,1,3.822485677914615,2022-06-07 21:00,2022-06-07 22:00:00,142.06,141.3096400990821,0.750359900917914,2.905272519671182,0.1199424434726676,1.3150684931506842,2.905272519671182,0.1199424434726676,1.3150684931506842,2.905272519671182,3.571619427852644,1.3150684931506842,1,1,0,2022-06-08 08:00,143.56071980183583,1,2.0,TP2,1.009132420091316,0.0090497737556608,Research_2015_2024,H1,W5_CLASSIC,LONG_W3_CAP_W2_MOD
EURJPY,long,LHLHL,2022-08-03 03:00,2022-08-04 07:00,2022-08-04 11:00,2022-08-08 06:00,2022-08-08 12:00,134.82,136.9,135.64,137.9,137.06,2.0800000000000125,2.2600000000000193,0.6057692307692364,0.3716814159292019,1,1,1,4.369093303157536,2022-08-09 06:00,2022-08-09 07:00:00,138.12,136.99763007995205,1.1223699200479589,0.142555495422721,0.3920276124124893,0.5865384615384575,0.2316526800619185,1.38100636190765,0.6346153846153775,0.2316526800619185,2.824380753062736,0.6346153846153775,0,0,0,2022-08-10 10:00,136.99763007995205,-1,-1.0,SL,1.0865384615384643,0.0973451327433615,Research_2015_2024,H1,W5_CLASSIC,LONG_W3_CAP_W2_MOD
EURJPY,long,LHLHL,2022-08-25 17:00,2022-08-26 13:00,2022-08-26 16:00,2022-08-29 16:00,2022-08-30 06:00,136.0,137.94,136.75,138.95,138.24,1.9399999999999975,2.1999999999999886,0.6134020618556697,0.3227272727272651,1,1,1,3.5191578276371476,2022-08-30 14:00,2022-08-30 15:00:00,139.01,138.1718018651749,0.8381981348250918,0.7754729735060104,0.9067068613300856,0.7319587628865923,1.121453223224064,0.9067068613300856,0.8814432989690627,3.2569864887252367,0.9067068613300856,1.804123711340208,1,1,1,2022-09-02 10:00,140.68639626965015,1,2.0,TP2,1.1340206185566966,0.0272727272727284,Research_2015_2024,H1,W5_CLASSIC,LONG_W3_CAP_W2_MOD
EURJPY,long,LHLHL,2022-09-28 03:00,2022-09-28 17:00,2022-09-29 06:00,2022-09-29 23:00,2022-09-30 11:00,138.05,140.38,139.42,142.2,140.78,2.329999999999984,2.780000000000001,0.4120171673819804,0.5107913669064701,1,1,1,4.593971630768562,2022-10-03 03:00,2022-10-03 04:00:00,142.23,140.69565032805065,1.534349671949343,0.2085574141606663,0.5670154697492577,0.7596566523605246,1.192687712231238,0.5670154697492577,1.407725321888422,1.192687712231238,0.6778115960221145,1.407725321888422,1,0,0,2022-10-10 05:00,141.13,0,-0.7169161111772383,not_reached_120,1.193133047210309,0.0107913669064752,Research_2015_2024,H1,W5_CLASSIC,LONG_W3_CAP_W2_MOD
EURJPY,long,LHLHL,2023-04-05 23:00,2023-04-10 03:00,2023-04-10 07:00,2023-04-12 05:00,2023-04-12 12:00,142.59,144.65,144.05,146.36,145.76,2.0600000000000023,2.3100000000000023,0.291262135922327,0.2597402597402693,1,1,1,3.476620365654361,2023-04-12 22:00,2023-04-12 23:00:00,146.49,145.70247286762287,0.7875271323771358,0.4698250825760968,0.5333149585999073,0.5339805825242823,0.838066363514104,0.5333149585999073,0.6747572815534045,1.7142266526424872,0.5333149585999073,1.0097087378640826,1,0,0,2023-04-20 00:00,147.64,0,1.4602671485472811,not_reached_120,1.1213592233009708,0.0562770562770542,Research_2015_2024,H1,W5_CLASSIC,LONG_W3_CAP_W2_MOD
EURJPY,long,LHLHL,2023-05-11 12:00,2023-05-12 06:00,2023-05-12 12:00,2023-05-16 02:00,2023-05-16 05:00,146.12,147.45,146.64,148.01,147.59,1.329999999999984,1.3700000000000043,0.6090225563909865,0.3065693430656833,1,1,1,2.614411014027523,2023-05-16 10:00,2023-05-16 11:00:00,148.07,147.5421880839205,0.5278119160794859,1.060984003846683,0.1326230004808219,0.7819548872180485,2.292483294025874,0.1326230004808219,1.2706766917293368,3.71344401346339,0.1326230004808219,1.834586466165434,1,1,1,2023-05-17 15:00,149.12562383215896,1,2.0,TP2,1.0300751879699406,0.0437956204379577,Research_2015_2024,H1,W5_CLASSIC,LONG_W3_CAP_W2_MOD
EURJPY,long,LHLHL,2023-05-16 05:00,2023-05-17 06:00,2023-05-17 09:00,2023-05-17 19:00,2023-05-18 05:00,147.59,148.63,148.15,149.24,148.75,1.039999999999992,1.0900000000000034,0.4615384615384552,0.4495412844036767,1,1,1,2.894650412411417,2023-05-18 16:00,2023-05-18 17:00:00,149.25,148.70249858172494,0.5475014182750613,0.9497692291616412,1.0045636077671214,0.9807692307692482,1.1872115364520386,1.0045636077671214,1.1057692307692446,1.826479286849274,1.0045636077671214,1.4423076923077034,0,0,0,2023-05-19 13:00,148.70249858172494,-1,-1.0,SL,1.0480769230769345,0.0091743119265971,Research_2015_2024,H1,W5_CLASSIC,LONG_W3_CAP_W2_MOD
EURJPY,long,LHLHL,2025-05-06 14:00,2025-05-07 09:00,2025-05-07 19:00,2025-05-09 00:00,2025-05-09 12:00,161.594,163.015,162.379,163.935,163.147,1.4209999999999925,1.5560000000000116,0.4475721323011957,0.5064267352185122,1,1,1,4.291756507484137,2025-05-12 00:00,2025-05-12 01:00:00,163.981,163.09218561349186,0.8888143865081304,1.0564635476806647,0.3319028184939139,1.2477128782547542,1.381615800374734,0.3319028184939139,1.4510907811400584,1.381615800374734,2.0049180425633013,1.4510907811400584,1,0,0,2025-05-15 14:00,163.09218561349186,-1,-1.0,SL,1.095003518648853,0.0295629820051362,OOS_2025_2026,H1,W5_CLASSIC,LONG_W3_CAP_W2_MOD
EURJPY,long,LHLHL,2025-05-07 19:00,2025-05-09 00:00,2025-05-09 12:00,2025-05-12 15:00,2025-05-13 01:00,162.379,163.935,163.147,164.92,164.133,1.5560000000000116,1.772999999999996,0.5064267352185122,0.4438804286519907,1,1,1,4.259001095955691,2025-05-13 14:00,2025-05-13 15:00:00,165.009,164.0783510354292,0.9306489645707928,0.214903801125761,1.3700117321765852,0.6915167095115587,0.214903801125761,2.1436654162292577,0.6915167095115587,0.214903801125761,3.078496951126243,0.6915167095115587,0,0,0,2025-05-14 09:00,164.0783510354292,-1,-1.0,SL,1.1394601542416345,0.0501974055273541,OOS_2025_2026,H1,W5_CLASSIC,LONG_W3_CAP_W2_MOD
EURJPY,long,LHLHL,2016-11-09 08:00,2016-11-16 12:00,2016-11-17 04:00,2016-11-25 04:00,2016-11-29 04:00,113.84,117.45,116.25,120.14,118.54,3.609999999999999,3.890000000000001,0.3324099722991698,0.4113110539845743,1,1,1,4.456085040771355,2016-11-30 08:00,2016-11-30 12:00:00,120.34,118.43284315814644,1.9071568418535632,1.4786408428051667,0.8179715300624358,1.279778393351798,1.4786408428051667,0.8179715300624358,1.279778393351798,1.955790902008252,0.8179715300624358,1.531855955678667,1,0,0,2016-12-28 08:00,122.76,0,1.2689045530455727,not_reached_120,1.0775623268698065,0.0514138817480727,Research_2015_2024,H4,W5_CLASSIC,LONG_W3_CAP_W2_MOD
EURJPY,long,LHLHL,2021-01-19 00:00,2021-01-30 00:00,2021-02-05 00:00,2021-02-17 00:00,2021-02-23 00:00,125.08,127.31,126.08,128.42,127.49,2.230000000000004,2.339999999999989,0.5515695067264582,0.3974358974358961,1,1,1,2.7452579311096295,2021-02-24 00:00,2021-02-25 00:00:00,128.94,127.3552221360306,1.5847778639693928,1.0727055435655817,0.4795624782999045,1.4125560538116528,1.262006521841869,0.4795624782999045,1.5470852017937204,3.2559768263520197,0.4795624782999045,2.964125560538111,1,1,1,2021-04-29 00:00,132.10955572793878,1,2.0,TP2,1.049327354260083,0.2222222222222276,Research_2015_2024,D1,W5_CLASSIC,LONG_W3_CAP_W2_MOD
GBPJPY,long,LHLHL,2017-08-23 23:00,2017-08-24 13:00,2017-08-24 18:00,2017-08-28 01:00,2017-08-28 06:00,139.28,140.4,139.79,141.11,140.45,1.1200000000000043,1.3200000000000216,0.5446428571428671,0.5000000000000108,1,1,1,4.299529507241002,2017-08-28 12:00,2017-08-28 13:00:00,141.13,140.403483282377,0.7265167176229852,0.3441077045246104,1.5691311326322046,0.8303571428571456,1.6379526735371424,1.5691311326322046,1.6696428571428543,2.5188683971201655,1.5691311326322046,2.241071428571437,0,0,0,2017-08-28 22:00,140.403483282377,-1,-1.0,SL,1.178571428571443,0.0151515151515011,Research_2015_2024,H1,W5_CLASSIC,LONG_W3_CAP_W2_MOD
GBPJPY,long,LHLHL,2018-01-30 10:00,2018-01-31 09:00,2018-01-31 12:00,2018-02-01 11:00,2018-02-01 16:00,151.99,154.37,153.53,156.37,155.22,2.3799999999999955,2.8400000000000034,0.3529411764705903,0.4049295774647902,1,1,1,5.5393558681163295,2018-02-02 07:00,2018-02-02 08:00:00,156.55,155.1604262864028,1.3895737135972013,0.0,1.24498612997043,0.558823529411771,0.0,3.691779680201311,0.558823529411771,0.0,4.1451561321558525,0.558823529411771,0,0,0,2018-02-05 00:00,155.1604262864028,-1,-1.0,SL,1.1932773109243735,0.0633802816901431,Research_2015_2024,H1,W5_CLASSIC,LONG_W3_CAP_W2_MOD
GBPJPY,long,LHLHL,2022-04-12 11:00,2022-04-13 07:00,2022-04-13 12:00,2022-04-13 20:00,2022-04-14 13:00,162.79,164.05,163.39,164.85,164.01,1.260000000000019,1.460000000000008,0.5238095238095356,0.5753424657534238,1,0,1,4.910799175658428,2022-04-14 23:00,2022-04-15 00:00:00,165.06,163.95400096803732,1.105999031962682,0.3254975724175246,0.2712479770146253,1.119047619047599,0.8679935264467752,0.4068719655219122,1.595238095238086,3.0018109456284,0.4068719655219122,3.468253968253918,1,1,1,2022-04-19 06:00,167.27199806392537,1,2.0,TP2,1.1587301587301473,0.1438356164383608,Research_2015_2024,H1,W5_CLASSIC,LONG_W3_CAP_W2_MOD
GBPJPY,long,LHLHL,2022-05-27 10:00,2022-05-30 23:00,2022-05-31 06:00,2022-06-01 06:00,2022-06-01 14:00,159.8,161.92,160.94,163.3,161.96,2.119999999999976,2.3600000000000136,0.4622641509433966,0.5677966101694897,1,1,1,5.839093570047463,2022-06-02 18:00,2022-06-02 19:00:00,163.33,161.90134363563604,1.4286563643639738,0.5109696202732277,0.1959883475020634,0.9905660377358576,1.4699126062654662,0.3079816889318311,1.6367924528302065,3.730778186378539,0.3079816889318311,3.1603773584905963,1,1,1,2022-06-07 06:00,166.18731272872796,1,2.0,TP2,1.1132075471698304,0.01271186440678,Research_2015_2024,H1,W5_CLASSIC,LONG_W3_CAP_W2_MOD
GBPJPY,long,LHLHL,2022-11-17 12:00,2022-11-18 08:00,2022-11-21 04:00,2022-11-21 23:00,2022-11-22 09:00,165.18,167.28,166.07,168.26,167.32,2.0999999999999943,2.1899999999999977,0.5761904761904816,0.4292237442922368,1,1,1,5.872639573075843,2022-11-23 07:00,2022-11-23 08:00:00,168.46,167.26380721038748,1.1961927896125246,0.4179928221787409,0.9028644959060907,0.7809523809523901,0.4179928221787409,1.103501050551894,0.7809523809523901,0.4179928221787409,2.4828773637417196,0.7809523809523901,0,0,0,2022-11-24 08:00,167.26380721038748,-1,-1.0,SL,1.0428571428571447,0.0913242009132498,Research_2015_2024,H1,W5_CLASSIC,LONG_W3_CAP_W2_MOD
GBPJPY,long,LHLHL,2024-06-24 09:00,2024-06-24 14:00,2024-06-25 00:00,2024-06-26 13:00,2024-06-27 03:00,201.54,202.65,201.99,203.11,202.48,1.1100000000000136,1.1200000000000043,0.5945945945945842,0.562500000000019,1,0,1,3.935365755019272,2024-06-27 11:00,2024-06-27 12:00:00,203.25,202.4317198624403,0.8182801375596966,0.3666226103137267,0.8432320037215367,0.9639639639639715,1.784230036860079,0.8676735110757968,2.009009009009001,3.5195770590116378,0.8676735110757968,3.288288288288253,1,1,1,2024-07-02 21:00,204.8865602751194,1,2.0,TP2,1.0090090090090007,0.1249999999999873,Research_2015_2024,H1,W5_CLASSIC,LONG_W3_CAP_W2_MOD
GBPJPY,long,LHLHL,2025-01-17 08:00,2025-01-20 21:00,2025-01-21 03:00,2025-01-24 04:00,2025-01-24 05:00,189.325,192.006,190.469,193.685,192.063,2.6810000000000116,3.216000000000008,0.5732935471838864,0.5043532338308488,1,1,1,3.8003217083967633,2025-01-24 10:00,2025-01-24 11:00:00,193.793,191.94498367548488,1.8480163245151289,0.5151469645430639,0.8890614104456468,1.000372995151065,0.5151469645430639,0.8890614104456468,1.000372995151065,0.5151469645430639,1.4134074279269777,1.000372995151065,0,0,0,2025-01-30 10:00,191.94498367548488,-1,-1.0,SL,1.199552405818722,0.0335820895522399,OOS_2025_2026,H1,W5_CLASSIC,LONG_W3_CAP_W2_MOD
GBPJPY,long,LHLHL,2015-02-03 08:00,2015-02-04 16:00,2015-02-05 00:00,2015-02-06 20:00,2015-02-09 16:00,175.47,179.25,177.57,181.76,180.13,3.780000000000001,4.189999999999998,0.4444444444444461,0.3890214797136029,1,1,1,2.8681370532611177,2015-02-10 12:00,2015-02-10 16:00:00,181.9,179.95392752137636,1.9460724786236483,1.1510362664314595,0.4059458261075231,1.060846560846558,1.1664519307140246,0.4059458261075231,1.0687830687830664,1.5878134211041273,0.4059458261075231,1.285714285714289,1,0,0,2015-03-10 00:00,183.73,0,0.9403555212364156,not_reached_120,1.1084656084656077,0.0334128878281658,Research_2015_2024,H4,W5_CLASSIC,LONG_W3_CAP_W2_MOD
GBPJPY,long,LHLHL,2024-02-01 16:00,2024-02-02 16:00,2024-02-05 16:00,2024-02-09 08:00,2024-02-12 12:00,185.2,187.68,186.16,188.81,187.83,2.480000000000018,2.6500000000000057,0.6129032258064513,0.3698113207547123,1,1,1,3.9099835274509394,2024-02-13 04:00,2024-02-13 08:00:00,189.11,187.7366492230882,1.3733507769118205,0.6771758647788579,0.720864630248485,0.8911290322580497,1.2232854331489174,0.720864630248485,1.1935483870967571,1.5727955569057686,0.8519309266573042,1.3870967741935374,1,0,0,2024-03-11 16:00,188.26,0,-0.6189241774860839,not_reached_120,1.0685483870967687,0.1132075471698153,Research_2015_2024,H4,W5_CLASSIC,LONG_W3_CAP_W2_MOD
GBPJPY,long,LHLHL,2024-06-04 12:00,2024-06-06 08:00,2024-06-07 08:00,2024-06-13 08:00,2024-06-13 16:00,197.19,199.89,198.37,201.26,199.68,2.6999999999999886,2.8899999999999864,0.5629629629629586,0.5467128027681631,1,0,1,3.404743094159176,2024-06-14 00:00,2024-06-14 04:00:00,201.51,199.54195727930068,1.968042720699316,0.035568333585334,1.316028342656954,0.7037037037037088,0.6707171476089596,1.316028342656954,1.1666666666666736,3.3383421665081876,1.316028342656954,3.1111111111111263,0,0,0,2024-06-14 04:00,199.54195727930068,-1,-1.0,SL,1.0703703703703698,0.0865051903114191,Research_2015_2024,H4,W5_CLASSIC,LONG_W3_CAP_W2_MOD
GBPJPY,long,LHLHL,2021-04-24 00:00,2021-04-30 00:00,2021-05-01 00:00,2021-05-19 00:00,2021-05-20 00:00,149.04,152.36,150.85,154.79,153.54,3.3200000000000216,3.9399999999999977,0.4548192771084366,0.3172588832487311,1,1,1,3.045805735311974,2021-05-27 00:00,2021-05-28 00:00:00,155.87,153.33479978228618,2.5352002177138218,0.047333539639807,1.806563429585904,0.737951807228916,0.047333539639807,2.922846072757971,0.737951807228916,0.047333539639807,2.922846072757971,0.737951807228916,0,0,0,2021-06-17 00:00,153.33479978228618,-1,-1.0,SL,1.186746987951799,0.2741116751269069,Research_2015_2024,D1,W5_CLASSIC,LONG_W3_CAP_W2_MOD
CHFJPY,long,LHLHL,2016-03-09 11:00,2016-03-10 05:00,2016-03-10 14:00,2016-03-10 16:00,2016-03-11 01:00,111.897,114.079,113.182,115.53,114.492,2.181999999999988,2.347999999999999,0.4110907424381285,0.4420783645655865,1,1,1,4.487443849647583,2016-03-11 16:00,2016-03-11 17:00:00,115.794,114.41227755399588,1.3817224460041049,0.1230348399504083,0.6361624959788628,0.6746104491292403,0.1230348399504083,1.1529088237705818,0.6746104491292403,0.1230348399504083,1.1529088237705818,0.6746104491292403,0,0,0,2016-03-15 07:00,114.41227755399588,-1,-1.0,SL,1.0760769935838734,0.1124361158432691,Research_2015_2024,H1,W5_CLASSIC,LONG_W3_CAP_W2_MOD
CHFJPY,long,LHLHL,2019-11-26 09:00,2019-11-29 01:00,2019-11-29 15:00,2019-12-04 10:00,2019-12-04 12:00,109.04,109.719,109.367,110.121,109.845,0.6789999999999878,0.7539999999999907,0.5184094256259145,0.3660477453580897,1,1,1,3.597914328465397,2019-12-05 00:00,2019-12-05 01:00:00,110.142,109.82290386520016,0.3190961347998211,0.3102513293121194,0.5891641405118887,0.5832106038291721,0.3102513293121194,2.112216120771295,0.5832106038291721,1.3256193161517384,2.112216120771295,1.0603829160530365,0,0,0,2019-12-06 11:00,109.82290386520016,-1,-1.0,SL,1.110456553755529,0.027851458885943,Research_2015_2024,H1,W5_CLASSIC,LONG_W3_CAP_W2_MOD
CHFJPY,long,LHLHL,2020-01-08 00:00,2020-01-09 14:00,2020-01-10 12:00,2020-01-14 13:00,2020-01-14 15:00,111.319,112.704,112.303,113.749,113.352,1.384999999999991,1.445999999999998,0.2895306859205768,0.274550484094047,1,1,1,4.02633935276753,2020-01-15 08:00,2020-01-15 09:00:00,113.763,113.32467989844812,0.4383201015518949,1.2319763526429524,0.200766516727021,0.6866425992779781,1.4122099301592566,0.200766516727021,0.7436823104693198,1.4122099301592566,1.5947249453656511,0.7436823104693198,1,0,0,2020-01-22 00:00,113.32467989844812,-1,-1.0,SL,1.0440433212996445,0.0096818810511825,Research_2015_2024,H1,W5_CLASSIC,LONG_W3_CAP_W2_MOD
CHFJPY,long,LHLHL,2020-05-06 22:00,2020-05-08 15:00,2020-05-10 22:00,2020-05-11 20:00,2020-05-12 04:00,108.657,109.935,109.353,110.781,110.249,1.2780000000000058,1.4280000000000117,0.4553990610328679,0.3725490196078476,1,1,1,4.222339950328007,2020-05-12 12:00,2020-05-12 13:00:00,110.903,110.20891559135669,0.6940844086433344,0.2218750314547571,1.0344563154838975,0.632237871674494,0.2218750314547571,1.7404223246581545,0.632237871674494,0.4437500629095143,1.7404223246581545,0.7527386541471041,0,0,0,2020-05-13 07:00,110.20891559135669,-1,-1.0,SL,1.1173708920187833,0.085434173669467,Research_2015_2024,H1,W5_CLASSIC,LONG_W3_CAP_W2_MOD
CHFJPY,long,LHLHL,2021-02-04 10:00,2021-02-08 09:00,2021-02-09 08:00,2021-02-10 17:00,2021-02-10 22:00,116.589,117.339,116.917,117.732,117.392,0.75,0.8149999999999977,0.5626666666666628,0.4171779141104348,1,1,1,5.553012333381959,2021-02-12 05:00,2021-02-12 06:00:00,117.799,117.3728212203384,0.4261787796615977,0.3754292978337465,0.8846052830208065,0.7560000000000097,2.4402904359193855,0.8846052830208065,1.929333333333337,2.496604830594451,0.8846052830208065,1.9613333333333385,1,1,0,2021-02-16 01:00,118.6513575593232,1,2.0,TP2,1.0866666666666636,0.0822085889570643,Research_2015_2024,H1,W5_CLASSIC,LONG_W3_CAP_W2_MOD
CHFJPY,long,LHLHL,2025-07-06 22:00,2025-07-07 19:00,2025-07-07 22:00,2025-07-08 19:00,2025-07-08 22:00,181.313,183.13,182.525,184.404,183.411,1.8170000000000073,1.878999999999991,0.3329664281783089,0.5284725918041511,1,1,1,4.443178296157285,2025-07-09 02:00,2025-07-09 03:00:00,184.495,183.34983882619903,1.1451611738009717,0.060253527257623,0.7798028962473396,0.6345624656026345,0.060253527257623,1.1474367364714422,0.6345624656026345,1.341295911126443,1.1474367364714422,1.4419372592184887,0,0,0,2025-07-10 21:00,183.34983882619903,-1,-1.0,SL,1.0341221794166116,0.0484300159659439,OOS_2025_2026,H1,W5_CLASSIC,LONG_W3_CAP_W2_MOD
CHFJPY,long,LHLHL,2017-04-17 04:00,2017-04-20 16:00,2017-04-21 16:00,2017-04-24 00:00,2017-04-25 00:00,107.682,109.914,109.079,111.517,110.035,2.2319999999999993,2.4380000000000024,0.3741039426523334,0.6078753076292034,1,1,1,3.9489835256606343,2017-04-25 12:00,2017-04-25 16:00:00,111.724,109.92047685826968,1.803523141730338,0.4968053801296719,0.0626551428065319,1.1581541218638032,1.36732373593724,0.0626551428065319,1.8615591397849471,1.795374800066826,0.0626551428065319,2.207437275985667,1,0,0,2017-05-23 00:00,114.262,0,1.4072455968405186,not_reached_120,1.0922939068100372,0.0849056603773616,Research_2015_2024,H4,W5_CLASSIC,LONG_W3_CAP_W2_MOD
SILVER,long,LHLHL,2017-03-17 01:00,2017-03-20 05:00,2017-03-21 04:00,2017-03-21 15:00,2017-03-22 11:00,17.217,17.452,17.31,17.587,17.438,0.2350000000000029,0.277000000000001,0.6042553191489414,0.5379061371841168,1,0,1,4.171555033163318,2017-03-23 10:00,2017-03-23 11:00:00,17.601,17.42685307765801,0.1741469223419898,0.465124498961467,0.4823513322563369,1.0382978723404117,2.549571327640664,0.4823513322563369,2.5829787234042345,3.962171657819935,0.4823513322563369,3.6297872340425137,1,1,1,2017-03-27 10:00,17.94929384468398,1,2.0,TP2,1.1787234042553083,0.0505415162454848,Research_2015_2024,H1,W5_CLASSIC,LONG_W3_CAP_W2_MOD
SILVER,long,LHLHL,2019-02-14 13:00,2019-02-15 12:00,2019-02-15 17:00,2019-02-18 14:00,2019-02-19 08:00,15.47,15.71,15.586,15.849,15.733,0.2400000000000002,0.2629999999999999,0.5166666666666685,0.4410646387832688,1,1,1,3.3880368477685012,2019-02-19 14:00,2019-02-19 15:00:00,15.869,15.72289090097336,0.1461090990266402,1.4988799565458315,0.0752862078630269,1.4791666666666672,2.2996514401798835,0.2258586235890931,1.9666666666666557,2.2996514401798835,0.6638874693376446,1.9666666666666557,1,1,0,2019-02-20 18:00,16.16121819805328,1,2.0,TP2,1.095833333333332,0.0760456273764242,Research_2015_2024,H1,W5_CLASSIC,LONG_W3_CAP_W2_MOD
SILVER,long,LHLHL,2019-08-23 05:00,2019-08-26 02:00,2019-08-26 08:00,2019-08-28 02:00,2019-08-28 03:00,16.972,17.769,17.503,18.337,18.054,0.796999999999997,0.8339999999999996,0.3337515683814294,0.3393285371702654,1,1,1,3.841732507465704,2019-08-28 10:00,2019-08-28 11:00:00,18.371,18.03219993978309,0.3388000602169079,0.7910270140696571,0.6168830072408866,0.7340025094102923,0.811688167422227,0.9828805809149026,0.7427854454203319,3.6393145833876313,0.9828805809149026,1.9447929736512,1,1,1,2019-09-03 15:00,19.048600120433814,1,2.0,TP2,1.0464240903387738,0.0407673860911258,Research_2015_2024,H1,W5_CLASSIC,LONG_W3_CAP_W2_MOD
SILVER,long,LHLHL,2017-02-03 04:00,2017-02-08 16:00,2017-02-10 08:00,2017-02-16 20:00,2017-02-21 16:00,17.28,17.86,17.545,18.129,17.828,0.5799999999999983,0.5839999999999996,0.5431034482758598,0.5154109589041133,1,0,1,3.691372846842955,2017-02-23 12:00,2017-02-23 16:00:00,18.149,17.8018579645016,0.3471420354984005,0.9535001992045548,0.553087728843731,1.124137931034488,0.9535001992045548,1.526752584829051,1.124137931034488,0.9535001992045548,3.837046118853382,1.124137931034488,0,0,0,2017-03-02 16:00,17.8018579645016,-1,-1.0,SL,1.0068965517241402,0.034246575342465,Research_2015_2024,H4,W5_CLASSIC,LONG_W3_CAP_W2_MOD
SILVER,long,LHLHL,2021-10-11 12:00,2021-10-15 04:00,2021-10-18 16:00,2021-10-19 16:00,2021-10-20 04:00,22.48,23.582,22.997,24.113,23.559,1.1020000000000003,1.1159999999999997,0.5308529945553545,0.4964157706093178,1,0,1,3.658148010273619,2021-10-20 12:00,2021-10-20 16:00:00,24.294,23.504942591867625,0.7890574081323756,0.6628161583805307,0.3802004732584317,1.1415607985480931,0.6628161583805307,0.8250350269707947,1.1415607985480931,1.39533573685844,1.631060030278667,1.666061705989109,0,0,0,2021-11-02 12:00,23.504942591867625,-1,-1.0,SL,1.0127041742286746,0.1621863799283163,Research_2015_2024,H4,W5_CLASSIC,LONG_W3_CAP_W2_MOD
XAUUSD,short,HLHLH,2017-02-27 20:00,2017-03-01 16:00,2017-03-01 20:00,2017-03-03 20:00,2017-03-06 00:00,1263.831,1236.849,1250.599,1222.808,1236.868,26.98199999999997,27.79099999999994,0.5095989919205401,0.5059191824691438,1,0,1,4.190226341095458,2017-03-07 12:00,2017-03-07 16:00:00,1220.141,1238.0916212516051,17.95062125160507,1.4090320131810772,0.0321437342982435,1.55733451930917,1.4090320131810772,0.7552384850628947,1.55733451930917,1.4090320131810772,2.2768571308553094,1.55733451930917,1,0,0,2017-03-21 12:00,1238.0916212516051,-1,-1.0,SL,1.0299829515973602,0.0959663200316621,Research_2015_2024,H4,W5_CLASSIC,H4_XAU_EUR_USD_W2_MOD_PREATR3
XAUUSD,short,HLHLH,2018-07-09 12:00,2018-07-10 12:00,2018-07-11 00:00,2018-07-13 16:00,2018-07-16 08:00,1265.868,1247.299,1256.849,1236.338,1245.528,18.56899999999996,20.510999999999967,0.5142980235876986,0.44805226463849,1,1,1,4.359433806441876,2018-07-17 12:00,2018-07-17 16:00:00,1227.489,1246.6468379538628,19.15783795386278,0.834123351418054,0.3963390868158535,1.832031881092147,0.834123351418054,0.3988967867044309,1.832031881092147,1.8723407143532955,0.3988967867044309,2.9031719532554376,1,0,0,2018-08-14 00:00,1195.069,0,1.692257763014602,not_reached_120,1.1045829069955309,0.4314270391497219,Research_2015_2024,H4,W5_CLASSIC,H4_XAU_EUR_USD_W2_MOD_PREATR3
XAUUSD,short,HLHLH,2021-02-10 16:00,2021-02-19 04:00,2021-02-23 04:00,2021-02-26 20:00,2021-03-01 08:00,1855.232,1760.44,1815.875,1717.09,1759.715,94.79199999999992,98.78500000000008,0.5848067347455481,0.4314926355215869,1,1,1,3.717403409675134,2021-03-02 00:00,2021-03-02 04:00:00,1713.216,1763.2557106922382,50.03971069223826,0.521146098553383,0.5441678143879378,0.7656447801502243,0.7298203665606855,0.5441678143879378,0.8758017554223994,0.7298203665606855,0.8431703424405385,0.8758017554223994,0,0,0,2021-03-29 12:00,1711.628,0,0.0317347957858254,not_reached_120,1.0421238079162816,0.0392164802348536,Research_2015_2024,H4,W5_CLASSIC,H4_XAU_EUR_USD_W2_MOD_PREATR3
XAUUSD,long,LHLHL,2022-02-03 16:00,2022-02-10 20:00,2022-02-11 08:00,2022-02-15 08:00,2022-02-15 16:00,1788.538,1841.838,1820.838,1879.378,1844.398,53.299999999999955,58.53999999999997,0.3939962476547846,0.5975401434916303,1,1,1,5.324002282393502,2022-02-17 08:00,2022-02-17 12:00:00,1883.528,1842.107429982716,41.42057001728381,0.7362284002193852,0.0202797788550328,1.306285178236399,2.1938375054250105,0.1349570997614795,2.4390243902439046,4.51056081367399,0.1349570997614795,4.239399624765487,1,1,1,2022-02-24 08:00,1966.3691400345676,1,2.0,TP2,1.0983114446529083,0.0708916979842858,Research_2015_2024,H4,W5_CLASSIC,H4_XAU_EUR_USD_W2_MOD_PREATR3
XAUUSD,long,LHLHL,2022-02-28 20:00,2022-03-02 00:00,2022-03-02 12:00,2022-03-07 12:00,2022-03-07 16:00,1890.768,1950.078,1913.738,2002.518,1960.878,59.309999999999945,88.77999999999997,0.6127128646096771,0.4690245550799742,1,1,1,3.4633860677975763,2022-03-08 04:00,2022-03-08 08:00:00,2015.964,1956.5505875468075,59.41341245319222,0.9155171829736856,0.9682325526297728,1.845894452874732,0.9155171829736856,2.036846479662149,1.845894452874732,0.9155171829736856,2.1201610006703437,1.845894452874732,0,0,0,2022-03-14 08:00,1956.5505875468075,-1,-1.0,SL,1.4968807958185812,0.1514530299617021,Research_2015_2024,H4,W5_CLASSIC,H4_XAU_EUR_USD_W2_MOD_PREATR3
XAUUSD,short,HLHLH,2022-05-05 16:00,2022-05-06 04:00,2022-05-06 16:00,2022-05-11 04:00,2022-05-12 04:00,1909.633,1866.001,1892.373,1831.838,1858.708,43.63200000000006,60.53500000000008,0.6044187752108552,0.4438754439580422,1,1,1,3.2653286462890323,2022-05-12 16:00,2022-05-12 20:00:00,1823.848,1861.5660584103248,37.7180584103246,0.98653010171421,0.3221268673966065,1.651769343601028,0.98653010171421,1.099897549038317,1.651769343601028,0.98653010171421,1.3286739061383388,1.651769343601028,0,0,0,2022-05-23 08:00,1861.5660584103248,-1,-1.0,SL,1.3873991565823247,0.1319897579912447,Research_2015_2024,H4,W5_CLASSIC,H4_XAU_EUR_USD_W2_MOD_PREATR3
XAUUSD,long,LHLHL,2022-07-21 12:00,2022-07-22 16:00,2022-07-27 16:00,2022-08-02 16:00,2022-08-03 00:00,1680.748,1739.253,1711.315,1787.928,1754.828,58.50499999999988,76.61300000000006,0.477531834885906,0.4320415595264525,1,1,1,4.2058686471914335,2022-08-04 16:00,2022-08-04 20:00:00,1793.488,1752.408761347173,41.07923865282737,0.3476208534604163,0.6957529140582789,0.9048799247927556,0.3476208534604163,0.6957529140582789,0.9048799247927556,0.3476208534604163,2.2228746927790297,0.9048799247927556,0,0,0,2022-08-19 04:00,1752.408761347173,-1,-1.0,SL,1.3095120075207285,0.0725725399083698,Research_2015_2024,H4,W5_CLASSIC,H4_XAU_EUR_USD_W2_MOD_PREATR3
XAUUSD,long,LHLHL,2023-11-20 16:00,2023-11-21 16:00,2023-11-22 20:00,2023-11-29 04:00,2023-11-30 16:00,1965.355,2007.475,1986.805,2051.865,2031.258,42.11999999999989,65.05999999999972,0.4907407407407383,0.3167383953273875,1,1,1,4.386567278694324,2023-12-01 16:00,2023-12-01 20:00:00,2066.935,2028.7499454550632,38.18505454493652,2.047921652382971,1.4948256767010155,2.70363247863249,2.047921652382971,2.46169610388745,2.70363247863249,2.047921652382971,2.46169610388745,2.70363247863249,1,1,0,2023-12-03 20:00,2143.305109089873,1,2.0,TP2,1.5446343779677083,0.2316323393790382,Research_2015_2024,H4,W5_CLASSIC,H4_XAU_EUR_USD_W2_MOD_PREATR3
XAUUSD,long,LHLHL,2024-04-01 16:00,2024-04-04 20:00,2024-04-05 04:00,2024-04-09 12:00,2024-04-10 16:00,2228.395,2305.425,2267.605,2365.185,2319.265,77.0300000000002,97.57999999999991,0.4909775412177082,0.4705882352941187,1,1,1,3.393452067476007,2024-04-11 16:00,2024-04-11 20:00:00,2372.885,2315.1953977998214,57.6896022001788,1.0140475539597098,0.8498411868031237,1.4555368038426597,1.0140475539597098,1.4148130146015705,1.4555368038426597,1.0140475539597098,1.659224476325191,1.4555368038426597,1,0,0,2024-04-23 00:00,2315.1953977998214,-1,-1.0,SL,1.2667791769440435,0.0789096126255408,Research_2015_2024,H4,W5_CLASSIC,H4_XAU_EUR_USD_W2_MOD_PREATR3
XAUUSD,long,LHLHL,2024-06-26 16:00,2024-06-28 16:00,2024-07-01 08:00,2024-07-05 20:00,2024-07-08 20:00,2293.464,2339.635,2318.395,2392.815,2350.915,46.17100000000028,74.42000000000007,0.4600290225466225,0.5630206933620001,1,1,1,6.501557811279045,2024-07-11 12:00,2024-07-11 16:00:00,2417.278,2348.0333829254737,69.2446170745261,0.9393798788719084,0.374801697178388,2.846158844296183,0.9570419015917928,0.484701936670062,2.87264733274131,0.9570419015917928,0.9282021146975856,2.87264733274131,0,0,0,2024-08-08 00:00,2394.175,0,-0.3336432632031812,not_reached_120,1.6118342682636206,0.3287153990862633,Research_2015_2024,H4,W5_CLASSIC,H4_XAU_EUR_USD_W2_MOD_PREATR3
XAUUSD,long,LHLHL,2024-10-10 16:00,2024-10-14 08:00,2024-10-15 08:00,2024-10-21 16:00,2024-10-21 20:00,2601.734,2666.705,2637.955,2740.418,2714.165,64.971,102.4630000000002,0.4425051176678826,0.2562193181929097,1,1,1,3.1574228030597853,2024-10-22 16:00,2024-10-22 20:00:00,2748.245,2711.4267699499665,36.818230050033435,0.2741305050863284,1.0758257511611071,0.6798879500084688,1.1342207363920336,1.0758257511611071,1.1672900217019924,1.1342207363920336,5.7466369163448565,1.1672900217019924,0,0,0,2024-10-23 12:00,2711.4267699499665,-1,-1.0,SL,1.577057456403629,0.0763885500131731,Research_2015_2024,H4,W5_CLASSIC,H4_XAU_EUR_USD_W2_MOD_PREATR3
XAUUSD,long,LHLHL,2025-01-13 20:00,2025-01-16 20:00,2025-01-20 04:00,2025-01-22 12:00,2025-01-23 16:00,2656.615,2724.565,2689.308,2763.205,2735.665,67.95000000000027,73.89699999999993,0.5188668138337,0.3726808936763331,1,1,1,3.6355083906158265,2025-01-24 00:00,2025-01-24 04:00:00,2772.238,2732.807765499644,39.43023450035571,0.3445832917853282,1.0577923395211757,0.7381898454746085,1.8538312268810064,1.0577923395211757,1.6139808682854986,4.628859105526084,1.0577923395211757,3.2242825607063907,0,0,0,2025-01-27 16:00,2732.807765499644,-1,-1.0,SL,1.08752023546725,0.1222377092439464,OOS_2025_2026,H4,W5_CLASSIC,H4_XAU_EUR_USD_W2_MOD_PREATR3
XAUUSD,long,LHLHL,2025-01-27 20:00,2025-01-31 16:00,2025-02-03 04:00,2025-02-05 16:00,2025-02-06 16:00,2730.529,2816.935,2771.885,2882.215,2833.955,86.40599999999995,110.32999999999991,0.5213758303821465,0.437415027644342,1,1,1,3.988218280654414,2025-02-10 04:00,2025-02-10 08:00:00,2895.395,2830.036583579363,65.35841642063679,0.7232427373358846,0.4851708737237347,1.2581302224382578,0.7875037802131977,0.4851708737237347,1.306737958012174,0.9278070571620048,0.9629976282614902,1.4128648473485637,0,0,0,2025-03-07 20:00,2909.355,0,0.2135914663255549,not_reached_120,1.2768789204453397,0.1194598024109475,OOS_2025_2026,H4,W5_CLASSIC,H4_XAU_EUR_USD_W2_MOD_PREATR3
XAUUSD,long,LHLHL,2026-01-08 16:00,2026-01-14 20:00,2026-01-16 16:00,2026-01-21 08:00,2026-01-21 20:00,4407.485,4642.695,4536.515,4888.075,4755.345,235.21000000000004,351.5599999999995,0.4514263849326107,0.3775457958812144,1,1,1,3.798756503012235,2026-01-22 16:00,2026-01-22 20:00:00,4911.595,4744.230178619236,167.36482138076462,2.387897269586736,0.07199840384967,2.3634199226223354,4.094110066542047,3.050563408653567,3.577483950512308,4.094110066542047,3.050563408653567,3.577483950512308,1,1,1,2026-01-28 00:00,5246.3246427615295,1,2.0,TP2,1.4946643425024422,0.0669018090795325,OOS_2025_2026,H4,W5_CLASSIC,H4_XAU_EUR_USD_W2_MOD_PREATR3
XAUUSD,long,LHLHL,2026-01-16 16:00,2026-01-21 08:00,2026-01-21 20:00,2026-01-26 08:00,2026-01-27 00:00,4536.515,4888.075,4755.345,5110.885,4989.805,351.5599999999995,355.53999999999996,0.3775457958812144,0.3405523991674634,1,1,1,4.026924634910743,2026-01-27 20:00,2026-01-28 00:00:00,5171.975,4977.361881604985,194.6131183950156,2.1829463681770007,3.961382492392897,1.72659005575151,2.1829463681770007,3.961382492392897,1.72659005575151,2.1829463681770007,3.961382492392897,1.72659005575151,1,1,0,2026-01-28 20:00,5561.2012367900315,1,2.0,TP2,1.0113209693935614,0.1718231422624744,OOS_2025_2026,H4,W5_CLASSIC,H4_XAU_EUR_USD_W2_MOD_PREATR3
USDJPY,short,HLHLH,2017-11-14 12:00,2017-11-15 16:00,2017-11-16 12:00,2017-11-20 00:00,2017-11-20 20:00,113.91,112.478,113.33,111.884,112.719,1.4320000000000022,1.445999999999998,0.594972067039108,0.5774550484094018,1,0,1,4.0734249448735325,2017-11-22 12:00,2017-11-22 16:00:00,111.623,112.78976354760452,1.1667635476045035,0.670230057842949,0.0591379462802494,1.3114525139664786,0.670230057842949,1.239325656829782,1.3114525139664786,0.670230057842949,1.8229914744653832,1.3114525139664786,0,0,0,2017-12-01 12:00,112.78976354760452,-1,-1.0,SL,1.009776536312846,0.1804979253112006,Research_2015_2024,H4,W5_CLASSIC,H4_XAU_EUR_USD_W2_MOD_PREATR3
USDJPY,short,HLHLH,2017-11-16 12:00,2017-11-20 00:00,2017-11-20 20:00,2017-11-23 04:00,2017-11-27 00:00,113.33,111.884,112.719,111.069,111.692,1.445999999999998,1.6499999999999917,0.5774550484094018,0.3775757575757537,1,1,1,3.493002274562926,2017-11-27 12:00,2017-11-27 16:00:00,111.039,111.75011619462096,0.7111161946209705,0.278435509552054,2.5790440632244875,0.5885200553250348,0.278435509552054,2.882791891826708,0.5885200553250348,0.278435509552054,3.8123164969474206,0.5885200553250348,0,0,0,2017-11-29 12:00,111.75011619462096,-1,-1.0,SL,1.1410788381742696,0.0181818181818189,Research_2015_2024,H4,W5_CLASSIC,H4_XAU_EUR_USD_W2_MOD_PREATR3
USDJPY,long,LHLHL,2018-09-12 20:00,2018-09-14 16:00,2018-09-18 04:00,2018-09-21 08:00,2018-09-24 00:00,111.116,112.168,111.663,112.873,112.385,1.0520000000000067,1.210000000000008,0.4800380228136943,0.4033057851239639,1,1,1,3.0833696712981467,2018-09-25 04:00,2018-09-25 08:00:00,112.933,112.33837892782104,0.5946210721789527,1.730513848473766,0.6256085049876026,1.4990494296577834,2.717697161451521,0.6256085049876026,2.057034220532308,2.717697161451521,2.199720227214486,2.057034220532308,1,1,0,2018-10-03 12:00,114.12224214435793,1,2.0,TP2,1.1501901140684414,0.0495867768595056,Research_2015_2024,H4,W5_CLASSIC,H4_XAU_EUR_USD_W2_MOD_PREATR3
USDJPY,long,LHLHL,2022-03-15 12:00,2022-03-16 20:00,2022-03-17 20:00,2022-03-23 00:00,2022-03-23 16:00,117.695,119.122,118.365,121.411,120.591,1.4270000000000067,3.0460000000000065,0.5304835318850746,0.2692055154300741,1,1,1,3.2445967714138946,2022-03-24 04:00,2022-03-24 08:00:00,121.629,120.5020058906105,1.1269941093895,3.0772121798210885,0.400179553950213,3.157673440784849,3.0772121798210885,0.400179553950213,3.157673440784849,6.899769870325503,0.400179553950213,6.176594253679023,1,1,1,2022-03-28 04:00,123.882988218779,1,2.0,TP2,2.134548002803078,0.0715692711753128,Research_2015_2024,H4,W5_CLASSIC,H4_XAU_EUR_USD_W2_MOD_PREATR3
USDJPY,long,LHLHL,2024-06-12 16:00,2024-06-14 08:00,2024-06-17 08:00,2024-06-24 04:00,2024-06-24 12:00,155.716,158.255,157.155,159.927,158.74,2.5389999999999873,2.7719999999999914,0.4332414336352894,0.4282106782106735,1,1,1,5.2958490431335585,2024-06-26 08:00,2024-06-26 12:00:00,160.305,158.66191997984987,1.643080020150137,0.8745770031752179,0.1783236339111672,1.1823552579755794,1.0005599117745856,0.1783236339111672,1.2638834186687748,1.0005599117745856,3.0035055745788113,1.2638834186687748,1,0,0,2024-07-11 12:00,158.66191997984987,-1,-1.0,SL,1.0917684127609315,0.1363636363636419,Research_2015_2024,H4,W5_CLASSIC,H4_XAU_EUR_USD_W2_MOD_PREATR3
USDJPY,short,HLHLH,2024-07-19 08:00,2024-07-25 12:00,2024-07-30 08:00,2024-08-01 04:00,2024-08-01 16:00,157.862,151.941,155.213,148.508,150.89,5.920999999999992,6.704999999999984,0.5526093565276129,0.3552572706935096,1,1,1,4.075407858928738,2024-08-02 12:00,2024-08-02 16:00:00,146.981,151.1643897147742,4.183389714774194,1.2681103989104094,0.2189611923472063,1.5561560547204882,1.2681103989104094,0.296649388321929,1.5561560547204882,1.2681103989104094,0.5772830562429077,1.5561560547204882,1,0,0,2024-08-30 00:00,144.792,0,0.5232598799651035,not_reached_120,1.132410065867251,0.2277404921700251,Research_2015_2024,H4,W5_CLASSIC,H4_XAU_EUR_USD_W2_MOD_PREATR3
USDJPY,long,LHLHL,2024-09-30 08:00,2024-10-01 08:00,2024-10-01 16:00,2024-10-07 00:00,2024-10-08 08:00,141.642,144.529,142.969,149.125,147.343,2.8870000000000005,6.156000000000006,0.5403533079321101,0.2894736842105277,1,1,1,3.6172465296048326,2024-10-09 12:00,2024-10-09 16:00:00,149.198,147.2101641548157,1.9878358451843212,0.3938957041633303,0.4889739775820775,0.9137512989262226,0.564935984387514,0.4889739775820775,1.031520609629376,4.8691143302642885,0.4889739775820775,3.9951506754416415,1,1,1,2024-10-23 12:00,153.17367169036865,1,2.0,TP2,2.132317284378249,0.011858349577649,Research_2015_2024,H4,W5_CLASSIC,H4_XAU_EUR_USD_W2_MOD_PREATR3
USDJPY,long,LHLHL,2025-07-01 16:00,2025-07-03 16:00,2025-07-04 08:00,2025-07-09 04:00,2025-07-10 04:00,142.679,145.232,144.181,147.182,145.753,2.5529999999999973,3.0009999999999764,0.4116725421073203,0.4761746084638498,1,1,1,3.9667260881589863,2025-07-11 12:00,2025-07-11 16:00:00,147.289,145.64163612203558,1.647363877964409,1.1503226611606885,0.267093388343376,1.3439091265178282,1.1503226611606885,0.6628772274340089,1.3439091265178282,2.2016993625487093,0.8716956946842822,2.022326674500594,1,1,0,2025-07-31 12:00,150.5837277559288,1,2.0,TP2,1.1754798276537326,0.0356547817394202,OOS_2025_2026,H4,W5_CLASSIC,H4_XAU_EUR_USD_W2_MOD_PREATR3
EURJPY,long,LHLHL,2015-04-23 08:00,2015-04-24 12:00,2015-04-24 16:00,2015-05-01 16:00,2015-05-05 12:00,127.86,130.09,128.82,135.24,133.09,2.230000000000004,6.420000000000016,0.5695067264574026,0.3348909657320872,1,1,1,4.26186638882461,2015-05-06 12:00,2015-05-06 16:00:00,135.51,132.9392444526922,2.570755547307783,0.1828256290226447,0.7935410280982867,1.2959641255605296,0.5562567010689019,0.7935410280982867,1.7264573991031331,1.766017778218751,0.945247401117072,3.1210762331838544,1,0,0,2015-06-03 16:00,140.06,0,1.7699076852192293,not_reached_120,2.8789237668161456,0.0420560747663522,Research_2015_2024,H4,W5_CLASSIC,H4_XAU_EUR_USD_W2_MOD_PREATR3
EURJPY,short,HLHLH,2016-02-09 20:00,2016-02-11 12:00,2016-02-16 04:00,2016-02-24 16:00,2016-02-26 04:00,130.24,125.82,128.13,122.45,125.0,4.420000000000016,5.679999999999993,0.5226244343891389,0.448943661971831,1,1,1,5.61547084106339,2016-02-29 20:00,2016-03-01 00:00:00,122.35,125.13044320249044,2.7804432024904457,0.0827206251844952,1.1580887525829844,0.6515837104072364,0.0827206251844952,1.5680953295844142,0.6515837104072364,0.0827206251844952,1.7695020691640646,0.6515837104072364,0,0,0,2016-03-04 12:00,125.13044320249044,-1,-1.0,SL,1.285067873303161,0.0176056338028184,Research_2015_2024,H4,W5_CLASSIC,H4_XAU_EUR_USD_W2_MOD_PREATR3
EURJPY,short,HLHLH,2016-05-31 16:00,2016-06-03 20:00,2016-06-07 12:00,2016-06-13 08:00,2016-06-13 16:00,124.17,120.81,122.67,118.99,120.3,3.359999999999999,3.680000000000007,0.5535714285714285,0.3559782608695652,1,1,1,3.1300011122586593,2016-06-14 08:00,2016-06-14 12:00:00,118.92,120.44376991696188,1.523769916961868,2.2575586784511135,0.3609468817291008,1.4345238095238078,6.122971648240959,2.008177196529191,3.1874999999999987,6.122971648240959,2.008177196529191,3.1874999999999987,1,1,0,2016-06-16 12:00,115.87246016607628,1,2.0,TP2,1.0952380952380976,0.0190217391304328,Research_2015_2024,H4,W5_CLASSIC,H4_XAU_EUR_USD_W2_MOD_PREATR3
EURJPY,long,LHLHL,2016-11-09 08:00,2016-11-16 12:00,2016-11-17 04:00,2016-11-25 04:00,2016-11-29 04:00,113.84,117.45,116.25,120.14,118.54,3.609999999999999,3.890000000000001,0.3324099722991698,0.4113110539845743,1,1,1,4.456085040771355,2016-11-30 08:00,2016-11-30 12:00:00,120.34,118.43284315814644,1.9071568418535632,1.4786408428051667,0.8179715300624358,1.279778393351798,1.4786408428051667,0.8179715300624358,1.279778393351798,1.955790902008252,0.8179715300624358,1.531855955678667,1,0,0,2016-12-28 08:00,122.76,0,1.2689045530455727,not_reached_120,1.0775623268698065,0.0514138817480727,Research_2015_2024,H4,W5_CLASSIC,H4_XAU_EUR_USD_W2_MOD_PREATR3
EURJPY,long,LHLHL,2017-02-27 04:00,2017-02-27 20:00,2017-02-28 16:00,2017-03-06 04:00,2017-03-08 08:00,118.24,119.44,118.7,121.11,120.01,1.2000000000000028,2.4099999999999966,0.6166666666666609,0.4564315352697078,1,1,1,4.911735504788319,2017-03-09 12:00,2017-03-09 16:00:00,121.65,119.91787370379392,1.7321262962060755,0.6985633799627027,0.2136102897406648,2.37499999999999,0.6985633799627027,0.5715518563331285,2.37499999999999,0.6985633799627027,2.442085204332438,2.37499999999999,0,0,0,2017-03-22 08:00,119.91787370379392,-1,-1.0,SL,2.0083333333333258,0.2240663900414967,Research_2015_2024,H4,W5_CLASSIC,H4_XAU_EUR_USD_W2_MOD_PREATR3
EURJPY,short,HLHLH,2020-10-20 16:00,2020-10-23 00:00,2020-10-23 20:00,2020-10-28 12:00,2020-10-29 04:00,124.99,123.4,124.21,122.17,122.85,1.5899999999999892,2.039999999999992,0.509433962264147,0.333333333333331,1,1,1,3.4102662473092216,2020-10-30 12:00,2020-10-30 16:00:00,121.81,122.93577042928268,1.1257704292826816,0.1065936685479171,1.1991787711640174,0.7295597484276758,0.1065936685479171,2.931325885067608,0.7295597484276758,0.1065936685479171,2.931325885067608,0.7295597484276758,0,0,0,2020-11-03 20:00,122.93577042928268,-1,-1.0,SL,1.283018867924532,0.1764705882352945,Research_2015_2024,H4,W5_CLASSIC,H4_XAU_EUR_USD_W2_MOD_PREATR3
EURJPY,long,LHLHL,2022-03-07 12:00,2022-03-10 12:00,2022-03-10 16:00,2022-03-23 00:00,2022-03-23 16:00,124.38,128.85,127.41,133.84,132.31,4.469999999999999,6.430000000000007,0.322147651006711,0.2379471228615862,1,1,1,4.333826945047202,2022-03-24 12:00,2022-03-24 16:00:00,134.45,132.18424509402186,2.2657549059781275,1.3417161723799296,0.3266019630135248,1.158836689038033,1.3417161723799296,0.3266019630135248,1.158836689038033,2.4451011825607853,0.3266019630135248,1.7181208053691297,1,1,0,2022-04-19 08:00,138.98150981195624,1,2.0,TP2,1.4384787472035814,0.0948678071539633,Research_2015_2024,H4,W5_CLASSIC,H4_XAU_EUR_USD_W2_MOD_PREATR3
EURJPY,long,LHLHL,2025-11-05 04:00,2025-11-06 08:00,2025-11-06 20:00,2025-11-14 12:00,2025-11-14 16:00,175.699,177.214,176.278,179.968,178.973,1.5149999999999864,3.6899999999999977,0.617821782178228,0.2696476964769584,1,1,1,3.3057166265439464,2025-11-18 08:00,2025-11-18 12:00:00,180.055,178.88807136523874,1.1669286347612626,1.669339445422481,0.2459447745566054,2.0,1.669339445422481,0.2459447745566054,2.0,2.6574032958188747,0.2459447745566054,2.761056105610581,1,1,0,2025-12-09 12:00,182.38885726952253,1,2.0,TP2,2.435643564356456,0.0235772357723624,OOS_2025_2026,H4,W5_CLASSIC,H4_XAU_EUR_USD_W2_MOD_PREATR3
XAUUSD,long,LHLHL,2015-04-14 13:00,2015-04-14 16:00,2015-04-15 13:00,2015-04-16 01:00,2015-04-16 05:00,1183.97,1198.998,1188.901,1207.559,1199.988,15.02800000000002,18.6579999999999,0.6718791589033781,0.4057776824954417,1,1,1,3.005872570287386,2015-04-16 10:00,2015-04-16 11:00:00,1207.942,1199.2411286847648,8.70087131523519,0.1409054283854496,1.5159401308354508,0.6108597285067756,0.1409054283854496,1.5159401308354508,0.6108597285067756,0.1409054283854496,2.7167394096048607,0.6108597285067756,0,0,0,2015-04-16 14:00,1199.2411286847648,-1,-1.0,SL,1.241549108331107,0.0205273877157273,Research_2015_2024,H1,W5_CLASSIC,XAU_W3_CAP_1_3
XAUUSD,short,HLHLH,2016-01-08 01:00,2016-01-08 14:00,2016-01-11 01:00,2016-01-12 15:00,2016-01-12 20:00,1112.949,1092.229,1108.401,1083.449,1093.2,20.720000000000027,24.952,0.7805019305019307,0.3907903174094251,1,0,1,4.082553043428506,2016-01-13 07:00,2016-01-13 08:00:00,1082.259,1093.9373449819211,11.678344981921327,0.2139858005452487,1.129612117164024,0.6486486486486505,0.9282137166508432,1.129612117164024,1.05120656370656,0.9282137166508432,1.78364314740195,1.05120656370656,0,0,0,2016-01-13 19:00,1093.9373449819211,-1,-1.0,SL,1.2042471042471026,0.0476915678101977,Research_2015_2024,H1,W5_CLASSIC,XAU_W3_CAP_1_3
XAUUSD,long,LHLHL,2017-02-01 16:00,2017-02-02 14:00,2017-02-03 14:00,2017-02-06 21:00,2017-02-07 14:00,1198.148,1225.288,1206.351,1235.599,1227.691,27.1400000000001,29.24799999999982,0.6977523949889399,0.2703774617067817,1,1,1,4.084078079071244,2017-02-08 08:00,2017-02-08 09:00:00,1236.972,1227.0386495922903,9.93335040770944,0.7787906076479557,0.2147311745234096,0.627008106116433,0.7787906076479557,1.5486214991530989,0.627008106116433,0.7787906076479557,1.7792586866041582,0.627008106116433,0,0,0,2017-02-09 21:00,1227.0386495922903,-1,-1.0,SL,1.0776713338246025,0.0469433807439844,Research_2015_2024,H1,W5_CLASSIC,XAU_W3_CAP_1_3
XAUUSD,short,HLHLH,2017-02-28 18:00,2017-03-01 15:00,2017-03-01 19:00,2017-03-03 19:00,2017-03-06 00:00,1258.358,1236.849,1250.599,1222.808,1236.868,21.509000000000015,27.79099999999994,0.6392672834627361,0.5059191824691438,1,0,1,8.36586677189131,2017-03-07 13:00,2017-03-07 14:00:00,1221.101,1237.3828002134662,16.281800213466113,0.7432224840832892,0.0104411058833189,1.2956436840392356,1.1006153966426306,0.0104411058833189,1.5661815984006635,1.6124138397354373,0.0104411058833189,1.9536008182621207,1,0,0,2017-03-14 16:00,1204.778,0,1.002530419609246,not_reached_120,1.2920637872518443,0.0614227627649197,Research_2015_2024,H1,W5_CLASSIC,XAU_W3_CAP_1_3
XAUUSD,long,LHLHL,2018-02-08 13:00,2018-02-09 00:00,2018-02-09 16:00,2018-02-13 11:00,2018-02-13 15:00,1307.018,1322.671,1311.138,1330.991,1322.869,15.65300000000002,19.853000000000065,0.7367916693285705,0.4091069359794512,1,1,1,3.9949782794451902,2018-02-13 23:00,2018-02-14 00:00:00,1331.872,1322.236768777869,9.635231222131097,2.4564018708380373,1.4397163576248766,2.087203730914202,2.6161281881956393,1.4397163576248766,2.1855235418130703,3.09385413933083,1.4397163576248766,2.4795885772695363,0,0,0,2018-02-14 13:00,1322.236768777869,-1,-1.0,SL,1.2683191720437,0.0443761648113676,Research_2015_2024,H1,W5_CLASSIC,XAU_W3_CAP_1_3
XAUUSD,long,LHLHL,2018-08-16 01:00,2018-08-16 09:00,2018-08-17 01:00,2018-08-21 07:00,2018-08-21 16:00,1160.168,1181.992,1171.838,1196.319,1187.638,21.82400000000007,24.480999999999995,0.4652675953079162,0.3546015277153728,1,1,1,4.588349019588088,2018-08-22 08:00,2018-08-22 09:00:00,1196.469,1187.1339515960692,9.33504840393084,0.5451498245962008,1.0786232233953992,0.6378299120234617,0.5451498245962008,1.4302014753751269,0.6378299120234617,1.9035787744300623,1.4302014753751269,1.2188874633431095,0,0,0,2018-08-23 07:00,1187.1339515960692,-1,-1.0,SL,1.1217467008797617,0.0061272006862501,Research_2015_2024,H1,W5_CLASSIC,XAU_W3_CAP_1_3
XAUUSD,short,HLHLH,2022-05-09 14:00,2022-05-11 01:00,2022-05-12 02:00,2022-05-12 23:00,2022-05-13 08:00,1871.448,1831.838,1858.708,1810.734,1828.678,39.61000000000013,47.97400000000016,0.6783640494824548,0.3740359361320742,1,1,1,3.572841582216838,2022-05-13 12:00,2022-05-13 13:00:00,1810.183,1830.111172975115,19.928172975115103,1.181493156919172,0.4031980257313916,1.061348144407979,1.181493156919172,1.2954022444624504,1.061348144407979,1.181493156919172,1.9631001822822212,1.061348144407979,1,0,0,2022-05-17 06:00,1830.111172975115,-1,-1.0,SL,1.211158798283262,0.0114853879184543,Research_2015_2024,H1,W5_CLASSIC,XAU_W3_CAP_1_3
XAUUSD,long,LHLHL,2022-11-08 10:00,2022-11-09 16:00,2022-11-09 20:00,2022-11-11 22:00,2022-11-14 12:00,1664.557,1722.168,1702.048,1772.448,1753.098,57.61099999999987,70.40000000000009,0.3492388606342527,0.2748579545454561,1,1,1,4.02210778687956,2022-11-14 18:00,2022-11-14 19:00:00,1773.097,1751.8200630892172,21.27693691078275,0.6236799994117103,0.288998365967034,0.5774765235805676,0.6236799994117103,0.288998365967034,0.5774765235805676,0.6236799994117103,1.9156422830461144,0.5774765235805676,0,0,0,2022-11-18 14:00,1751.8200630892172,-1,-1.0,SL,1.221988856294809,0.0092187499999983,Research_2015_2024,H1,W5_CLASSIC,XAU_W3_CAP_1_3
XAUUSD,short,HLHLH,2023-02-14 14:00,2023-02-14 15:00,2023-02-15 03:00,2023-02-15 16:00,2023-02-16 09:00,1870.467,1843.165,1859.998,1830.475,1844.705,27.302000000000135,29.52300000000014,0.6165482382243059,0.4819970870169004,1,0,1,3.1232081613032463,2023-02-16 14:00,2023-02-16 15:00:00,1828.735,1846.0617779607207,17.326777960720847,0.5731013592088946,0.947839236886992,0.9486484506629456,0.5731013592088946,1.0775228979285276,0.9486484506629456,0.6544782893684719,1.0775228979285276,1.0002930188264527,0,0,0,2023-02-20 07:00,1846.0617779607207,-1,-1.0,SL,1.081349351695846,0.0589370998882227,Research_2015_2024,H1,W5_CLASSIC,XAU_W3_CAP_1_3
XAUUSD,long,LHLHL,2024-02-14 16:00,2024-02-15 15:00,2024-02-16 14:00,2024-02-19 08:00,2024-02-19 17:00,1984.088,2008.175,1994.985,2022.895,2013.185,24.08699999999999,27.91000000000008,0.5475982895337759,0.3479039770691511,1,1,1,4.574962222973412,2024-02-20 09:00,2024-02-20 10:00:00,2023.985,2012.534721406428,11.450278593571966,0.7170131218125139,0.100434237525492,0.7892224021256279,0.9364837643356496,0.355449866720691,0.8935525387138352,1.5108802688619447,0.7012929802867773,1.1666043924108502,1,0,0,2024-02-27 15:00,2033.685,0,0.8471409599977329,not_reached_120,1.1587163200066466,0.0390541024722291,Research_2015_2024,H1,W5_CLASSIC,XAU_W3_CAP_1_3
XAUUSD,long,LHLHL,2024-09-18 20:00,2024-09-19 10:00,2024-09-19 14:00,2024-09-23 06:00,2024-09-23 08:00,2546.645,2594.775,2569.625,2631.205,2613.685,48.13000000000011,61.57999999999993,0.5225431124039068,0.284507957128938,1,1,1,3.3529459609004104,2024-09-23 13:00,2024-09-23 14:00:00,2631.765,2612.162234629028,19.602765370972065,0.7799919914687915,0.4739127273214559,0.6933305630583797,1.9682427080994451,0.4739127273214559,1.1772906710991042,2.736348621477196,0.4739127273214559,1.4901308954913794,1,1,0,2024-09-26 10:00,2670.970530741944,1,2.0,TP2,1.2794514855599377,0.0090938616433898,Research_2015_2024,H1,W5_CLASSIC,XAU_W3_CAP_1_3
XAUUSD,short,HLHLH,2025-05-06 23:00,2025-05-07 02:00,2025-05-08 03:00,2025-05-08 07:00,2025-05-08 14:00,3437.655,3359.735,3414.705,3319.835,3369.185,77.92000000000007,94.86999999999988,0.7054671457905511,0.5201855170232946,1,0,1,3.547469947839286,2025-05-08 23:00,2025-05-09 00:00:00,3316.065,3373.244231004556,57.17923100455573,0.884586922758195,0.5474015556016469,1.3308521560574913,1.8987663543664988,0.5474015556016469,2.075077002053386,3.4253696063942356,0.5474015556016469,3.1953285420944533,1,1,1,2025-05-14 12:00,3201.7065379908886,1,2.0,TP2,1.2175308008213528,0.0397385896489932,OOS_2025_2026,H1,W5_CLASSIC,XAU_W3_CAP_1_3
XAUUSD,short,HLHLH,2017-02-27 20:00,2017-03-01 16:00,2017-03-01 20:00,2017-03-03 20:00,2017-03-06 00:00,1263.831,1236.849,1250.599,1222.808,1236.868,26.98199999999997,27.79099999999994,0.5095989919205401,0.5059191824691438,1,0,1,4.190226341095458,2017-03-07 12:00,2017-03-07 16:00:00,1220.141,1238.0916212516051,17.95062125160507,1.4090320131810772,0.0321437342982435,1.55733451930917,1.4090320131810772,0.7552384850628947,1.55733451930917,1.4090320131810772,2.2768571308553094,1.55733451930917,1,0,0,2017-03-21 12:00,1238.0916212516051,-1,-1.0,SL,1.0299829515973602,0.0959663200316621,Research_2015_2024,H4,W5_CLASSIC,XAU_W3_CAP_1_3
XAUUSD,short,HLHLH,2017-04-18 20:00,2017-04-19 16:00,2017-04-21 20:00,2017-04-24 00:00,2017-04-25 00:00,1292.288,1274.071,1288.211,1265.431,1278.129,18.2170000000001,22.779999999999973,0.7761980567601704,0.5574187884108815,1,0,1,3.2221651663526036,2017-04-25 16:00,2017-04-25 20:00:00,1263.708,1279.4113675344604,15.703367534460313,0.354000502618386,0.468944000950105,1.0967777350826102,2.4203088870330176,0.468944000950105,2.877971125871417,3.1489424094218346,0.468944000950105,3.5060657627490555,1,1,1,2017-05-04 12:00,1232.3012649310797,1,2.0,TP2,1.2504803205796702,0.075636523266021,Research_2015_2024,H4,W5_CLASSIC,XAU_W3_CAP_1_3
XAUUSD,short,HLHLH,2018-07-09 12:00,2018-07-10 12:00,2018-07-11 00:00,2018-07-13 16:00,2018-07-16 08:00,1265.868,1247.299,1256.849,1236.338,1245.528,18.56899999999996,20.510999999999967,0.5142980235876986,0.44805226463849,1,1,1,4.359433806441876,2018-07-17 12:00,2018-07-17 16:00:00,1227.489,1246.6468379538628,19.15783795386278,0.834123351418054,0.3963390868158535,1.832031881092147,0.834123351418054,0.3988967867044309,1.832031881092147,1.8723407143532955,0.3988967867044309,2.9031719532554376,1,0,0,2018-08-14 00:00,1195.069,0,1.692257763014602,not_reached_120,1.1045829069955309,0.4314270391497219,Research_2015_2024,H4,W5_CLASSIC,XAU_W3_CAP_1_3
XAUUSD,short,HLHLH,2021-02-10 16:00,2021-02-19 04:00,2021-02-23 04:00,2021-02-26 20:00,2021-03-01 08:00,1855.232,1760.44,1815.875,1717.09,1759.715,94.79199999999992,98.78500000000008,0.5848067347455481,0.4314926355215869,1,1,1,3.717403409675134,2021-03-02 00:00,2021-03-02 04:00:00,1713.216,1763.2557106922382,50.03971069223826,0.521146098553383,0.5441678143879378,0.7656447801502243,0.7298203665606855,0.5441678143879378,0.8758017554223994,0.7298203665606855,0.8431703424405385,0.8758017554223994,0,0,0,2021-03-29 12:00,1711.628,0,0.0317347957858254,not_reached_120,1.0421238079162816,0.0392164802348536,Research_2015_2024,H4,W5_CLASSIC,XAU_W3_CAP_1_3
XAUUSD,long,LHLHL,2022-02-03 16:00,2022-02-10 20:00,2022-02-11 08:00,2022-02-15 08:00,2022-02-15 16:00,1788.538,1841.838,1820.838,1879.378,1844.398,53.299999999999955,58.53999999999997,0.3939962476547846,0.5975401434916303,1,1,1,5.324002282393502,2022-02-17 08:00,2022-02-17 12:00:00,1883.528,1842.107429982716,41.42057001728381,0.7362284002193852,0.0202797788550328,1.306285178236399,2.1938375054250105,0.1349570997614795,2.4390243902439046,4.51056081367399,0.1349570997614795,4.239399624765487,1,1,1,2022-02-24 08:00,1966.3691400345676,1,2.0,TP2,1.0983114446529083,0.0708916979842858,Research_2015_2024,H4,W5_CLASSIC,XAU_W3_CAP_1_3
XAUUSD,long,LHLHL,2022-02-11 08:00,2022-02-15 08:00,2022-02-15 16:00,2022-02-21 04:00,2022-02-21 08:00,1820.838,1879.378,1844.398,1908.158,1887.453,58.53999999999997,63.75999999999999,0.5975401434916303,0.324733375156837,1,1,1,2.938019484855745,2022-02-21 20:00,2022-02-22 00:00:00,1909.418,1885.192123231061,24.22587676893886,2.682255863008184,1.2994369739534788,1.485223778612914,2.682255863008184,1.2994369739534788,1.485223778612914,6.643309612073526,1.2994369739534788,3.1244448240519356,1,1,0,2022-02-24 08:00,1957.8697535378776,1,2.0,TP2,1.0891697984284254,0.0197616060225845,Research_2015_2024,H4,W5_CLASSIC,XAU_W3_CAP_1_3
XAUUSD,long,LHLHL,2022-02-24 20:00,2022-02-28 00:00,2022-02-28 20:00,2022-03-02 00:00,2022-03-02 12:00,1877.938,1930.948,1890.768,1950.078,1913.738,53.00999999999999,59.309999999999945,0.7579701943029631,0.6127128646096771,1,0,1,3.182780820705548,2022-03-04 12:00,2022-03-04 16:00:00,1957.888,1910.1620390271432,47.72596097285668,2.356579054824389,0.0278674325857229,2.9545368798339964,2.356579054824389,1.0673436209900744,2.9545368798339964,2.356579054824389,1.422496239281827,2.9545368798339964,1,1,0,2022-03-08 12:00,2053.3399219457133,1,2.0,TP2,1.1188455008488956,0.1316809981453372,Research_2015_2024,H4,W5_CLASSIC,XAU_W3_CAP_1_3
XAUUSD,short,HLHLH,2022-10-13 12:00,2022-10-14 20:00,2022-10-17 16:00,2022-10-20 04:00,2022-10-20 16:00,1682.336,1640.095,1668.268,1622.257,1645.438,42.240999999999985,46.01099999999997,0.6669586420776026,0.5038143052748268,1,0,1,2.802625850189395,2022-10-21 00:00,2022-10-21 04:00:00,1621.498,1647.661807362506,26.16380736250585,0.1693560856265095,2.032578793414061,0.6716460311072205,0.1693560856265095,2.032578793414061,0.6716460311072205,0.1919063204537777,6.301414687690527,0.6856135034681949,0,0,0,2022-10-21 12:00,1647.661807362506,-1,-1.0,SL,1.0892497810184414,0.0164960552911263,Research_2015_2024,H4,W5_CLASSIC,XAU_W3_CAP_1_3
XAUUSD,long,LHLHL,2024-04-01 16:00,2024-04-04 20:00,2024-04-05 04:00,2024-04-09 12:00,2024-04-10 16:00,2228.395,2305.425,2267.605,2365.185,2319.265,77.0300000000002,97.57999999999991,0.4909775412177082,0.4705882352941187,1,1,1,3.393452067476007,2024-04-11 16:00,2024-04-11 20:00:00,2372.885,2315.1953977998214,57.6896022001788,1.0140475539597098,0.8498411868031237,1.4555368038426597,1.0140475539597098,1.4148130146015705,1.4555368038426597,1.0140475539597098,1.659224476325191,1.4555368038426597,1,0,0,2024-04-23 00:00,2315.1953977998214,-1,-1.0,SL,1.2667791769440435,0.0789096126255408,Research_2015_2024,H4,W5_CLASSIC,XAU_W3_CAP_1_3
XAUUSD,long,LHLHL,2025-01-13 20:00,2025-01-16 20:00,2025-01-20 04:00,2025-01-22 12:00,2025-01-23 16:00,2656.615,2724.565,2689.308,2763.205,2735.665,67.95000000000027,73.89699999999993,0.5188668138337,0.3726808936763331,1,1,1,3.6355083906158265,2025-01-24 00:00,2025-01-24 04:00:00,2772.238,2732.807765499644,39.43023450035571,0.3445832917853282,1.0577923395211757,0.7381898454746085,1.8538312268810064,1.0577923395211757,1.6139808682854986,4.628859105526084,1.0577923395211757,3.2242825607063907,0,0,0,2025-01-27 16:00,2732.807765499644,-1,-1.0,SL,1.08752023546725,0.1222377092439464,OOS_2025_2026,H4,W5_CLASSIC,XAU_W3_CAP_1_3
XAUUSD,long,LHLHL,2025-01-27 20:00,2025-01-31 16:00,2025-02-03 04:00,2025-02-05 16:00,2025-02-06 16:00,2730.529,2816.935,2771.885,2882.215,2833.955,86.40599999999995,110.32999999999991,0.5213758303821465,0.437415027644342,1,1,1,3.988218280654414,2025-02-10 04:00,2025-02-10 08:00:00,2895.395,2830.036583579363,65.35841642063679,0.7232427373358846,0.4851708737237347,1.2581302224382578,0.7875037802131977,0.4851708737237347,1.306737958012174,0.9278070571620048,0.9629976282614902,1.4128648473485637,0,0,0,2025-03-07 20:00,2909.355,0,0.2135914663255549,not_reached_120,1.2768789204453397,0.1194598024109475,OOS_2025_2026,H4,W5_CLASSIC,XAU_W3_CAP_1_3
XAUUSD,long,LHLHL,2026-01-16 16:00,2026-01-21 08:00,2026-01-21 20:00,2026-01-26 08:00,2026-01-27 00:00,4536.515,4888.075,4755.345,5110.885,4989.805,351.5599999999995,355.53999999999996,0.3775457958812144,0.3405523991674634,1,1,1,4.026924634910743,2026-01-27 20:00,2026-01-28 00:00:00,5171.975,4977.361881604985,194.6131183950156,2.1829463681770007,3.961382492392897,1.72659005575151,2.1829463681770007,3.961382492392897,1.72659005575151,2.1829463681770007,3.961382492392897,1.72659005575151,1,1,0,2026-01-28 20:00,5561.2012367900315,1,2.0,TP2,1.0113209693935614,0.1718231422624744,OOS_2025_2026,H4,W5_CLASSIC,XAU_W3_CAP_1_3
XAUUSD,long,LHLHL,2015-12-31 00:00,2016-01-09 00:00,2016-01-15 00:00,2016-01-28 00:00,2016-01-30 00:00,1059.389,1112.949,1071.419,1127.99,1108.352,53.56000000000017,56.57099999999991,0.7753920836445078,0.3471389934772224,1,0,1,3.0442689016019817,2016-02-03 00:00,2016-02-04 00:00:00,1141.899,1105.3047987507548,36.59420124924509,3.318285298070417,0.0642451514103859,2.89352128454069,3.888320967326361,0.0642451514103859,3.282991038088115,4.744768134639418,0.0642451514103859,3.868147871545915,1,1,1,2016-02-11 00:00,1215.08740249849,1,2.0,TP2,1.0562173263629524,0.2458680242527072,Research_2015_2024,D1,W5_CLASSIC,XAU_W3_CAP_1_3
XAUUSD,short,HLHLH,2016-08-03 00:00,2016-08-09 00:00,2016-08-17 00:00,2016-08-26 00:00,2016-08-27 00:00,1367.198,1329.868,1358.009,1318.009,1342.161,37.330000000000155,40.0,0.753844093222608,0.6038000000000011,1,0,1,2.485430344097219,2016-08-30 00:00,2016-08-31 00:00:00,1312.171,1345.4735048221742,33.302504822174114,0.2918399096973859,1.2127316012911045,1.0637289043664584,2.125455739079123,1.2127316012911045,2.6995178140905365,5.685218004200556,1.2127316012911045,5.875221001875146,0,0,0,2016-09-06 00:00,1345.4735048221742,-1,-1.0,SL,1.0715242432359988,0.1459499999999991,Research_2015_2024,D1,W5_CLASSIC,XAU_W3_CAP_1_3
XAUUSD,long,LHLHL,2020-06-06 00:00,2020-06-12 00:00,2020-06-16 00:00,2020-07-02 00:00,2020-07-03 00:00,1670.745,1744.575,1704.025,1789.008,1757.438,73.83000000000015,84.98299999999995,0.5492347284301756,0.3714860619182655,1,1,1,2.153403195568984,2020-07-07 00:00,2020-07-08 00:00:00,1794.285,1752.8034754388143,41.48152456118555,5.702056578251277,0.0932222246146314,3.702790193688194,6.7623599413816375,0.0932222246146314,4.298523635378559,6.7623599413816375,0.0932222246146314,4.298523635378559,1,1,1,2020-07-23 00:00,1877.2480491223712,1,2.0,TP2,1.1510632534200158,0.0620947718955561,Research_2015_2024,D1,W5_CLASSIC,XAU_W3_CAP_1_3
XAUUSD,short,HLHLH,2021-01-30 00:00,2021-02-05 00:00,2021-02-11 00:00,2021-02-20 00:00,2021-02-24 00:00,1875.522,1784.888,1855.232,1760.44,1815.875,90.634,94.79199999999992,0.7761325771785427,0.5848067347455481,1,0,1,3.625034243892828,2021-02-26 00:00,2021-02-28 00:00:00,1732.746,1822.6876942639524,89.94169426395229,0.6231815006231703,0.2998498107101894,1.5356157733300977,0.6231815006231703,0.7227126476986112,1.5356157733300977,0.6231815006231703,2.042867899072261,1.5356157733300977,0,0,0,2021-05-07 00:00,1822.6876942639524,-1,-1.0,SL,1.0458768232672055,0.2921554561566375,Research_2015_2024,D1,W5_CLASSIC,XAU_W3_CAP_1_3
XAUUSD,short,HLHLH,2022-08-26 00:00,2022-09-02 00:00,2022-09-13 00:00,2022-09-17 00:00,2022-09-22 00:00,1765.368,1688.668,1735.035,1654.048,1687.948,76.70000000000005,80.98700000000008,0.6045241199478508,0.4185856989393366,1,1,1,2.166760558651165,2022-09-23 00:00,2022-09-25 00:00:00,1643.458,1693.5244121936582,50.06641219365815,0.5741973259198613,1.71725906117336,0.9548631029986964,0.5741973259198613,2.8543886757298336,0.9548631029986964,0.5741973259198613,6.31495220342648,0.9548631029986964,0,0,0,2022-10-03 00:00,1693.5244121936582,-1,-1.0,SL,1.055893089960887,0.1307617271907825,Research_2015_2024,D1,W5_CLASSIC,XAU_W3_CAP_1_3
XAUUSD,long,LHLHL,2024-12-19 00:00,2025-01-04 00:00,2025-01-07 00:00,2025-01-11 00:00,2025-01-14 00:00,2582.264,2665.185,2614.365,2697.709,2656.615,82.92099999999982,83.34400000000005,0.6128724930958415,0.4930648876943754,1,0,1,2.6103636596682542,2025-01-16 00:00,2025-01-17 00:00:00,2714.355,2650.1072860509944,64.24771394900563,3.5535894737237346,0.3898504469727935,3.449668962024105,4.2870007829167704,0.3898504469727935,4.017920671482505,12.227049831275096,0.3898504469727935,10.169920767959889,1,1,1,2025-02-04 00:00,2842.8504278980113,1,2.0,TP2,1.0051012409401747,0.19972643501632,OOS_2025_2026,D1,W5_CLASSIC,XAU_W3_CAP_1_3
