timeframe,trap_kind,strategy,trades,win_rate,total_r_after_cost,avg_r_after_cost,pf_after_cost,max_dd_r,max_losing_streak,avg_hold_bars,avg_break_depth_atr,avg_reclaim_atr,avg_range_atr,avg_activity_ratio,avg_mfe_16_atr,avg_mae_16_atr,avg_mfe_r,avg_mae_r,hit_1atr_first_16
D1,close_fail,CLOSEFAIL_L120_W6_BODY_RR15,287,49.825783972125436,42.269148672831854,0.14727926366840366,1.3051246507697267,10.5464732243979,7,8.550522648083623,0.8718368246086762,0.5507696857017889,1.3726920911767648,1.432415001461184,2.48515019555448,2.285972758069461,1.1050176801681328,0.866064686500515,56.44599303135889
D1,wick,WICK_L120_BODY_RR15,132,48.484848484848484,18.966036738202952,0.14368209650153752,1.2855220783433785,6.624489720895525,6,7.204545454545454,0.22710572990065397,0.942447790028884,1.4151758615671184,1.476923956735936,2.4617919760480893,2.563322440092905,1.1414294068245154,0.9159757546084455,59.84848484848485
D1,wick,WICK_L120_ACTIVITY_RR15,90,50.0,12.373145016487333,0.1374793890720815,1.2809204130618774,5.624653132472337,4,8.955555555555556,0.2656963262651356,1.1356041035818443,1.6926303297259115,1.7852062892262301,2.471931127213127,2.6905076340017864,1.0737168019374603,0.8634781013180344,64.44444444444444
D1,wick,WICK_L120_STRICT_RR15,42,52.38095238095239,4.798833789358041,0.11425794736566765,1.251770018907146,6.809969179881794,6,11.095238095238095,0.28139487302799465,1.2336272719294648,1.7629533040476082,1.8920571306019158,2.194649949860389,3.4020262219173105,1.1237226180400173,0.8308011987831724,76.19047619047619
