time,open,high,low,close
1493589600,5580.3,5591.3,5579.9,5589.3
1493604000,5589.1,5592.8,5588.1,5592.5
1493618400,5592.7,5596.6,5592,5596.2
1493632800,5596.2,5610.3,5594.8,5608.7
1493647200,5608.5,5633.2,5602.5,5633.2
1493661600,5633.2,5639.4,5625.8,5634
1493672400,5629.4,5637.9,5624.9,5637.9
1493686800,5637.8,5638.2,5632.1,5634.1
1493701200,5634.2,5637.4,5631.1,5636.4
1493715600,5636.4,5641.6,5635.3,5640.8
1493730000,5640.7,5643.8,5624.8,5641.5
1493744400,5641.8,5643,5624,5624.2
1493758800,5617.7,5628.1,5610.8,5627.1
1493773200,5627.3,5628.1,5621.1,5623.2
1493787600,5623.2,5626.9,5622.1,5624.4
1493802000,5624.5,5632.2,5622.9,5632.2
1493816400,5632.1,5633.3,5608.2,5620.7
1493830800,5620.5,5629.8,5608,5610.2
1493845200,5608.2,5624.3,5604.4,5622.9
1493859600,5622.9,5624.6,5620,5623.5
1493874000,5623.4,5627.6,5619.7,5626.2
1493888400,5626.1,5636.3,5625.1,5625.6
1493902800,5625.6,5633,5605.8,5625
1493917200,5624.9,5630.5,5615.9,5629.1
1493931600,5626.5,5628.6,5621.4,5624.2
1493946000,5623.9,5628,5614,5619.3
1493960400,5619.6,5629.5,5617.8,5629
1493974800,5629.5,5641.5,5626.8,5636.3
1493989200,5636.6,5641.5,5618.5,5628.4
1494003600,5628.5,5651.6,5627.8,5650.5
1494194400,5656.1,5658,5637.5,5641.3
1494208800,5641.2,5646.4,5640,5645.3
1494223200,5646.1,5646.1,5634.1,5639.9
1494237600,5640.1,5651.3,5639.2,5639.5
1494252000,5639.4,5651.9,5634.1,5651.7
1494266400,5651.9,5655.8,5644.2,5654.7
1494277200,5652.2,5656.2,5648.3,5652.2
1494291600,5652.1,5655.2,5650.8,5652.8
1494306000,5653,5657.9,5651.8,5655.8
1494320400,5655.9,5664.3,5655.4,5662.1
1494334800,5662.2,5687.2,5658.4,5675.8
1494349200,5675.8,5682.4,5664.4,5681
1494392400,5672,5677,5668.4,5671.2
1494406800,5671.2,5678.2,5669.9,5675.8
1494421200,5675.9,5679.3,5658.9,5676.2
1494435600,5676.1,5680.1,5667.4,5675.5
1494478800,5669.2,5669.3,5666.4,5667.4
1494493200,5667.4,5668.6,5653.1,5660.4
1494507600,5660.5,5666,5634.8,5652.6
1494522000,5652.7,5672.5,5652.1,5668.9
1494565200,5659.6,5660.7,5655.1,5655.5
1494579600,5655.5,5671.4,5655.1,5671.1
1494594000,5671.1,5684.7,5669.5,5680.9
1494608400,5681,5687.6,5675.3,5687.4
1494828000,5697.2,5698.4,5682,5683.5
1494842400,5683.5,5697.5,5681.2,5696.5
1494856800,5696.3,5704.6,5688.4,5699.3
1494871200,5699,5703.8,5692.4,5703.6
1494910800,5698.9,5701.5,5697.3,5699.9
1494925200,5700,5710.7,5698.1,5708
1494939600,5708,5719,5697.8,5717.5
1494954000,5717.3,5723.8,5712.1,5721.2
1494997200,5692.8,5703.7,5689.5,5699.2
1495011600,5699.3,5705.3,5682.9,5683.1
1495026000,5683.1,5688.8,5617.5,5641.7
1495040400,5641.8,5642.5,5571.5,5572.5
1495083600,5598,5599.2,5573.9,5584.5
1495098000,5584.2,5584.2,5548.4,5570.4
1495112400,5570.1,5634.6,5569.2,5612.6
1495126800,5612.7,5645.6,5606.2,5630.7
1495170000,5629.1,5644.1,5625.2,5639
1495184400,5638.7,5651.5,5638,5648.8
1495198800,5648.6,5674.4,5644.1,5671.7
1495213200,5671.4,5673,5644.8,5652.5
1495432800,5661.6,5662.6,5647.4,5652.1
1495447200,5652.2,5683.1,5651,5681.5
1495461600,5681.4,5696.6,5678,5690.5
1495476000,5690.5,5702.4,5687.5,5701.7
1495515600,5693.6,5714.1,5692.8,5710.6
1495530000,5710.7,5715.2,5705.9,5711.7
1495544400,5711.7,5716.6,5690.3,5693.1
1495558800,5693.2,5711.4,5693.2,5709
1495602000,5709.8,5715.8,5706.3,5715.1
1495616400,5715.2,5720.8,5713.8,5720.3
1495630800,5720.4,5722.6,5705.4,5715.8
1495645200,5715.9,5732.6,5710.5,5732.1
1495688400,5754.7,5755.2,5739.5,5746.1
1495702800,5746.2,5754.7,5746,5753.6
1495717200,5753.7,5787.1,5739.7,5787
1495731600,5786.7,5793.8,5773.6,5781.4
1495774800,5781.4,5788.6,5777.8,5778
1495789200,5778.1,5780.8,5770.7,5777.5
1495803600,5777.5,5791,5771.8,5782.8
1495818000,5782.9,5793.6,5778.7,5793.1
1496037600,5796.6,5797.3,5793.7,5796.2
1496052000,5796.2,5799.9,5794.9,5796.7
1496066400,5796.8,5797,5790.2,5793.9
1496120400,5786.3,5792.2,5782.8,5790.6
1496134800,5790.7,5791.5,5776.3,5786.6
1496149200,5786.8,5800.4,5781.7,5798.3
1496163600,5798.4,5799.7,5783.5,5791.6
1496206800,5797.7,5799.9,5793.6,5795.9
1496221200,5795.7,5817.2,5793.9,5813.9
1496235600,5814.2,5817.2,5761.6,5777.7
1496250000,5777.8,5804.5,5768.5,5802.5
1496293200,5802.6,5807.9,5801.1,5806.4
1496307600,5806.2,5806.9,5796.8,5803.8
1496322000,5803.7,5812,5779.5,5805.8
1496336400,5806,5822.9,5801.4,5821.5
1496379600,5839.8,5843.8,5833,5836.5
1496394000,5836.3,5843.8,5827.5,5835.3
1496408400,5835.1,5865.8,5825.7,5864.8
1496422800,5865.1,5886.3,5863.8,5884.8
1496642400,5881.6,5885.1,5878.6,5880.9
1496656800,5881.1,5888.4,5872.4,5884.9
1496671200,5885,5890.9,5875.4,5878.7
1496685600,5878.7,5883.9,5873.5,5881.2
1496725200,5874.4,5882,5871.3,5879.8
1496739600,5879.5,5881.3,5865,5872
1496754000,5871.9,5893.8,5870.3,5883.9
1496768400,5884,5888.8,5849.6,5862.4
1496811600,5865.9,5867.4,5858.9,5864.9
1496826000,5865.1,5873.9,5864.1,5873.6
1496840400,5873.9,5884,5847.3,5856.7
1496854800,5856.8,5886.3,5856,5880.8
1496898000,5887.5,5891.2,5884.5,5886.1
1496912400,5886.1,5899.4,5885.8,5895.2
1496926800,5895.2,5900,5856.2,5881.2
1496941200,5880.9,5894.9,5865.4,5894.2
1496984400,5888.5,5898.3,5887,5892.9
1496998800,5892.8,5897.3,5888.5,5892.7
1497013200,5892.6,5903.3,5815.8,5827
1497027600,5827.3,5829.8,5664.4,5740.9
1497247200,5718.7,5719,5674.7,5699.1
1497261600,5699,5710.5,5639.5,5658.2
1497276000,5658.5,5721.2,5649.7,5679.5
1497290400,5678.8,5719.3,5677.5,5718.5
1497330000,5731.5,5736,5727.5,5729.8
1497344400,5729.5,5740.8,5722.5,5737.6
1497358800,5737.8,5764.5,5712.8,5752.9
1497373200,5753,5765,5738.3,5758.3
1497387600,5758.3,5758.3,5758.3,5758.3
1497416400,5750.9,5763.9,5750.9,5760.9
1497430800,5760.9,5781.2,5759,5773.2
1497445200,5773.2,5784.7,5751.7,5762.2
1497459600,5762.4,5776.2,5683.9,5726.1
1497502800,5699.3,5701.8,5661,5662.5
1497517200,5662.5,5678.3,5655.3,5677.5
1497531600,5677.8,5689.8,5638,5687.8
1497546000,5687.5,5711.5,5676,5705.7
1497589200,5718.8,5723.3,5706,5706.8
1497603600,5706.5,5717.3,5694.6,5695
1497618000,5695,5706,5657.8,5682.2
1497632400,5682.3,5695.5,5673.3,5688
1497852000,5710.8,5725.3,5710.5,5716
1497866400,5715.8,5751,5713.5,5747.4
1497880800,5747.3,5779.3,5747,5769.3
1497895200,5769,5778.8,5756,5766.5
1497934800,5772.9,5780.6,5770.6,5774.4
1497949200,5774.6,5778.9,5759.1,5760.9
1497963600,5760.6,5774.9,5735.4,5747.4
1497978000,5747.1,5754.6,5723.7,5728.6
1498021200,5720.2,5720.2,5695.9,5707.2
1498035600,5707.3,5738.2,5699.9,5735.7
1498050000,5735.8,5774.4,5735.4,5760.4
1498064400,5760.5,5793.7,5760.4,5792.2
1498107600,5806.9,5806.9,5782.2,5785.7
1498122000,5785.4,5795.7,5777.7,5790.4
1498136400,5790.2,5802.8,5767.9,5800.3
1498150800,5800.2,5804.5,5774.8,5782.3
1498194000,5790.5,5797.7,5788,5792
1498208400,5791.7,5795.1,5772.5,5782.2
1498222800,5782,5810,5760.5,5804
1498237200,5804.2,5812.5,5789.2,5802.9
1498456800,5821,5832.2,5821,5827
1498471200,5827.2,5850.2,5826.5,5840.7
1498485600,5841,5841.7,5766.6,5795.8
1498500000,5795.7,5796.3,5772.6,5776.7
1498539600,5766.6,5768.6,5742.3,5750.8
1498554000,5751.1,5759.8,5746.8,5750.3
1498568400,5749.8,5763.3,5719.8,5725.2
1498582800,5725.1,5726.8,5667.7,5671.9
1498626000,5669.9,5671.9,5630.7,5641
1498640400,5641.3,5697,5640.3,5688.5
1498654800,5688.5,5743.3,5661.3,5739.5
1498669200,5739.8,5767.3,5735.4,5765.8
1498712400,5765.5,5770.5,5751.3,5755.3
1498726800,5755,5757.3,5725.9,5727.6
1498741200,5727.9,5734.1,5628.1,5629.4
1498755600,5629.6,5670,5599.9,5649
1498798800,5645.2,5661,5626.2,5659.5
1498813200,5659.3,5679.3,5644.8,5652.8
1498827600,5653,5685.3,5638.2,5660.2
1498842000,5660.5,5676.5,5648.2,5654.1
1499061600,5668.7,5676.5,5665.7,5667.5
1499076000,5667.7,5689.5,5661.3,5668.7
1499090400,5668.4,5675.2,5592.1,5597.7
1499144400,5572.8,5598.8,5571.3,5593
1499158800,5593,5618,5592.3,5604.7
1499173200,5604.6,5613.8,5560.3,5575
1499230800,5573.8,5589.8,5567.6,5573.6
1499245200,5573.6,5611.8,5569.3,5608.7
1499259600,5608.6,5647.3,5593.6,5645.8
1499274000,5645.8,5665.6,5640.6,5649.4
1499288400,5649.4,5649.4,5649.4,5649.4
1499317200,5646.3,5648.5,5630,5636
1499331600,5636,5636,5590.8,5607.3
1499346000,5607.3,5630.8,5578.8,5625.3
1499360400,5625,5629.5,5591,5595.9
1499374800,5595.9,5595.9,5595.9,5595.9
1499403600,5606.4,5608.9,5590.7,5602.3
1499418000,5602.3,5634.4,5594.7,5615.6
1499432400,5615.8,5665.1,5611.3,5662.1
1499446800,5662.3,5675.6,5651.9,5654.7
1499666400,5677.1,5681.1,5669.9,5672.9
1499680800,5672.4,5680.7,5649.7,5654
1499695200,5653.9,5703.3,5652.4,5702.3
1499709600,5702.4,5711,5691.4,5693.5
1499720400,5693.5,5693.5,5693.5,5693.5
1499749200,5698.5,5701.8,5687.7,5689
1499763600,5689,5693,5681.3,5683.4
1499778000,5683.4,5717.3,5666.9,5694.7
1499792400,5694.5,5722.3,5691,5719.3
1499806800,5719.3,5719.3,5719.3,5719.3
1499835600,5716.6,5722.8,5715.6,5719.1
1499850000,5718.8,5765.8,5717.3,5763.7
1499864400,5763.6,5774.1,5751.1,5770.8
1499878800,5770.7,5789.1,5766.3,5786.4
1499893200,5786.4,5786.4,5786.4,5786.4
1499922000,5796.6,5807.4,5795.4,5806.4
1499936400,5806.7,5811.9,5790.5,5793.2
1499950800,5793.2,5808.4,5777.4,5805.4
1499965200,5805.2,5806.9,5779.8,5798.1
1499979600,5798.1,5798.1,5798.1,5798.1
1500008400,5793.6,5797.6,5788.1,5794.4
1500022800,5794.9,5825.5,5789.9,5825.3
1500037200,5825.3,5830.9,5802.6,5827
1500051600,5826.6,5847.9,5825.4,5847.1
1500271200,5849.1,5855.4,5841.1,5846.4
1500285600,5846.6,5857.9,5840.6,5857.1
1500300000,5856.9,5863.9,5835.7,5840
1500314400,5840.1,5859.9,5831.6,5859.1
1500325200,5859.1,5859.1,5859.1,5859.1
1500354000,5853.3,5862.8,5847.8,5859.6
1500368400,5859.8,5861.9,5832.6,5833.3
1500382800,5833.1,5867.7,5820.7,5862.1
1500397200,5861.8,5899.3,5856.3,5896.7
1500411600,5896.7,5896.7,5896.7,5896.7
1500440400,5900,5901.3,5895.8,5899.4
1500454800,5899.3,5903,5893,5901.6
1500469200,5901.5,5924,5896.8,5918.5
1500483600,5918.3,5925.5,5913.3,5920.3
1500498000,5920.3,5920.3,5920.3,5920.3
1500526800,5920.2,5922.2,5917,5917.2
1500541200,5917.2,5937,5915.5,5930.3
1500555600,5930,5939,5897.8,5925.5
1500570000,5925.2,5933.5,5907.8,5931.3
1500584400,5931.3,5931.3,5931.3,5931.3
1500613200,5917.1,5927.6,5916.9,5927.6
1500627600,5927.4,5929.6,5908.9,5910.9
1500642000,5911,5920,5891.7,5919.4
1500656400,5919.5,5924.5,5908,5923.4
1500876000,5910.7,5914.5,5907,5913.7
1500890400,5914,5928.5,5911,5926.5
1500904800,5926.2,5936.4,5914.2,5931.9
1500919200,5931.8,5955.8,5925.5,5926.7
1500958800,5926.1,5936,5926.1,5933.3
1500973200,5933.5,5944.7,5928.3,5930.8
1500987600,5930.8,5939.9,5917.8,5937.2
1501002000,5936.9,5948.3,5930.4,5934.8
1501045200,5930.5,5938.2,5929.2,5935.5
1501059600,5936,5954.5,5933.3,5953.7
1501074000,5953.5,5957.1,5940.7,5946
1501088400,5945.7,5959.8,5938.2,5954.5
1501131600,5983.1,5985.6,5978.1,5978.9
1501146000,5979.3,5995.5,5976.6,5992.2
1501160400,5992.2,5997.8,5910.8,5922.8
1501174800,5923.1,5931.7,5846.3,5917.5
1501218000,5868.9,5869.1,5857.7,5860.4
1501232400,5860.9,5883.4,5852.6,5883.4
1501246800,5883.7,5919.9,5870.9,5916.2
1501261200,5916.3,5917.7,5903.7,5910.3
1501480800,5911.5,5935.2,5910.2,5924.2
1501495200,5924.2,5934.9,5906.4,5907.4
1501509600,5907.7,5910.4,5872.9,5884.3
1501524000,5884.6,5892.8,5875.7,5884.2
1501563600,5908.7,5918.2,5904.4,5916.7
1501578000,5916.5,5917,5898.2,5904.5
1501592400,5904.4,5909,5881.3,5893.3
1501606800,5893.2,5899.8,5888.5,5897.6
1501650000,5945.5,5945.7,5933.2,5938.6
1501664400,5938.3,5945.8,5929.1,5937.7
1501678800,5937.4,5939.4,5860,5881.6
1501693200,5881.8,5926.1,5873,5915.6
1501736400,5911.5,5911.7,5900.5,5911
1501750800,5910.7,5927,5910.2,5924.7
1501765200,5924.5,5926.1,5880.6,5899.8
1501779600,5899.6,5904.6,5882.3,5892.4
1501822800,5894.1,5900.9,5890.9,5899.1
1501837200,5899.1,5909.1,5892.4,5894.9
1501851600,5894.9,5915.1,5877.2,5896.1
1501866000,5895.9,5902.5,5890.3,5900.9
1502085600,5921.4,5923.1,5904.2,5904.2
1502100000,5904.2,5918.2,5902.7,5917.3
1502114400,5917.2,5932.7,5913.7,5928.5
1502128800,5928.6,5939.7,5927.2,5936.7
1502168400,5935.7,5939.3,5934.1,5936.3
1502182800,5936.6,5939.1,5921.8,5925.6
1502197200,5925.8,5976.1,5915.3,5964
1502211600,5964.1,5967.6,5911.1,5928
1502254800,5907.2,5909.4,5884.8,5893.8
1502269200,5893.8,5895.3,5873.6,5884
1502283600,5884,5920.5,5865.1,5905.8
1502298000,5905.6,5922.3,5890,5920.8
1502341200,5911.3,5911.5,5892.8,5894
1502355600,5893.8,5896.8,5879.3,5884.6
1502370000,5884.3,5887.3,5803.3,5821.1
1502384400,5821.2,5841.1,5784.3,5789.8
1502427600,5782.7,5787.5,5761.7,5771.5
1502442000,5771.2,5797,5764.8,5795.7
1502456400,5795.5,5837.4,5784.5,5832.2
1502470800,5832.3,5846.7,5819.9,5833.7
1502690400,5868.9,5879.6,5867.1,5872.6
1502704800,5872.9,5894.1,5866.5,5890.6
1502719200,5890.9,5913.1,5890.9,5909.1
1502733600,5909,5918.3,5899.3,5909.3
1502773200,5926.7,5930.3,5915.9,5921.4
1502787600,5921.7,5929.1,5916.1,5921.7
1502802000,5921.6,5922.7,5894.1,5914.3
1502816400,5914,5920.4,5902.6,5910.1
1502859600,5916.7,5931.2,5915.7,5929.9
1502874000,5929.9,5936.9,5918.7,5926.2
1502888400,5925.9,5948.5,5905.8,5929.4
1502902800,5929.1,5931.4,5900.6,5919.9
1502946000,5912.4,5922.6,5905.5,5909
1502960400,5909.2,5912.1,5889.4,5895.4
1502974800,5895.4,5906.1,5828,5833
1502989200,5832.9,5844.5,5798.9,5799.6
1503032400,5804.4,5805.6,5788.4,5792.1
1503046800,5791.9,5824.7,5790.9,5820.4
1503061200,5820.1,5833.9,5771.5,5825.6
1503075600,5825.6,5829.6,5792,5793.4
1503295200,5789.9,5793.1,5778.2,5788.1
1503309600,5788.1,5807,5781.8,5784.8
1503324000,5784.6,5798.1,5751.8,5777
1503338400,5776.7,5792.5,5766.7,5789
1503378000,5823.6,5827.8,5811.3,5817.8
1503392400,5817.8,5826.9,5804.6,5822.3
1503406800,5822.3,5874.8,5816.3,5869.1
1503421200,5868.8,5881.3,5863.1,5875.1
1503464400,5869.1,5876.3,5866.1,5868.1
1503478800,5868.1,5870.1,5850.1,5852.3
1503493200,5852.3,5865.1,5840.8,5854.1
1503507600,5853.8,5866.8,5842,5854.1
1503550800,5853.9,5859.4,5845,5855.9
1503565200,5855.6,5871,5853.4,5869.7
1503579600,5869.7,5874,5803.1,5827.2
1503594000,5827,5847.3,5824.6,5836.8
1503637200,5845.5,5847.5,5832,5843.8
1503651600,5843.7,5867.1,5838,5860.9
1503666000,5860.6,5874.3,5817.2,5830.2
1503680400,5829.9,5844.4,5822.4,5824.2
1503900000,5807.2,5821,5801.2,5819
1503914400,5818.7,5843.5,5816.5,5828.5
1503928800,5828.5,5856,5823.2,5843.5
1503943200,5843.4,5845,5832.7,5841
1503982800,5808.8,5809.5,5779.7,5782.3
1503997200,5782.5,5805,5777,5795.5
1504011600,5795.5,5863.8,5786,5858.3
1504026000,5858.4,5875,5851.3,5865.1
1504069200,5895.8,5896,5880.3,5880.9
1504083600,5880.8,5881.4,5862.2,5866.7
1504098000,5866.4,5919.4,5863.7,5918.2
1504112400,5918.4,5943.4,5917.2,5933.9
1504155600,5942.5,5952.5,5937.7,5950.7
1504170000,5950.6,5956.2,5941,5947.2
1504184400,5947,5986.7,5946.2,5983.2
1504198800,5983.1,5996.5,5976.6,5989.2
1504242000,5999,6002.9,5992.9,5995.6
1504256400,5995.7,6020,5992,6006
1504270800,6005.9,6013.5,5973.7,5996.7
1504285200,5996.5,5998.5,5984.7,5987
1504504800,5956.7,5968.5,5955.2,5966.7
1504519200,5966.7,5974.5,5964.2,5969.1
1504533600,5969,5983.7,5968.2,5983.5
1504587600,5977.7,5986.2,5975.7,5982.9
1504602000,5983.2,5985.9,5972.7,5976.2
1504616400,5975.9,5985.4,5897.4,5910.7
1504630800,5910.6,5939.6,5891.2,5935.6
1504674000,5946.9,5959.4,5941.4,5952.9
1504688400,5952.6,5958.5,5939.4,5956.2
1504702800,5956.2,5963.2,5911.2,5948.8
1504717200,5948.6,5967.6,5947.8,5953.8
1504760400,5949,5951.4,5944,5947.9
1504774800,5947.9,5966.6,5947.9,5964.6
1504789200,5964.6,5983.5,5946.1,5958.8
1504803600,5958,5972.2,5957.8,5967.8
1504846800,5956.5,5959.3,5950.8,5954
1504861200,5954,5966.5,5951.8,5962.5
1504875600,5962.3,5964,5929.6,5934.8
1504890000,5934.9,5939.8,5910.3,5916.5
1505109600,5952,5966.5,5950.5,5965.5
1505124000,5965.8,5990.5,5956.5,5986.8
1505138400,5986.8,5995.5,5965.8,5985.3
1505152800,5985.4,5988.3,5976.5,5982.8
1505163600,5988,5995.3,5984.5,5993.5
1505178000,5993.3,5993.8,5985,5987.5
1505192400,5987.5,5996.5,5986.8,5995.7
1505206800,5995.5,6003.8,5990.9,5993.8
1505221200,5994,6007.3,5976,5989
1505235600,5989.1,6001.8,5970.5,5998.5
1505250000,6002.5,6003,5996.7,5999
1505264400,5999,6000.7,5991,5995.2
1505278800,5995.5,5996.5,5984.7,5989.7
1505293200,5989.5,5991.2,5983.2,5989
1505307600,5989.2,6001.5,5979,5995.7
1505322000,5995.6,6007,5990.7,6005.5
1505336400,6003.4,6004,5996.2,6001
1505350800,6000.7,6003.2,5996.5,5997.5
1505365200,5997.2,6002.2,5994.7,6001.7
1505379600,6001.4,6001.9,5973.7,5979.4
1505394000,5979.5,5999.9,5966.4,5984.9
1505408400,5984.7,5985.4,5965.1,5969.4
1505422800,5954.5,5958.5,5948,5958
1505437200,5957.8,5968.3,5955.8,5966.3
1505451600,5966.5,5967.9,5959.5,5965.8
1505466000,5965.6,5968.3,5957,5959.3
1505480400,5959,6012.3,5957,5988.8
1505494800,5989,5994.3,5983.5,5988.4
1505685600,5993.3,6004.3,5993.3,6003.8
1505700000,6003.8,6008.6,6002.8,6005.6
1505714400,6005.8,6008.1,5998.6,6003.1
1505728800,6003.1,6015.1,5990.1,6007.8
1505743200,6008.1,6013.8,5999.6,6004.3
1505757600,6004.1,6004.6,5964.3,5982.3
1505768400,5986.8,5991.3,5984.8,5988.6
1505782800,5988.3,5988.6,5981.6,5984.3
1505797200,5984.3,5985.3,5976.1,5982.4
1505811600,5982.4,5991,5982.4,5987.5
1505826000,5987.3,6001.8,5972.1,5990.3
1505840400,5990.2,5997,5985.9,5992.3
1505854800,5987.3,5991,5984.8,5985.8
1505869200,5985.5,5993.5,5985.3,5989.8
1505883600,5989.8,5994.8,5987.1,5993.3
1505898000,5993.6,5995.9,5990.4,5991.9
1505912400,5992.2,5997.9,5951.2,5977.4
1505926800,5977.7,5979.4,5928.2,5975.2
1505941200,5973.7,5977.7,5965.7,5966.4
1505955600,5966.4,5970.7,5965.7,5969.4
1505970000,5969.4,5971.4,5961.4,5970.6
1505984400,5970.4,5976.9,5968.4,5975.9
1505998800,5975.6,5976.1,5916.9,5952.1
1506013200,5952.2,5963.6,5936.1,5937.7
1506027600,5939.9,5942.9,5919.9,5922.1
1506042000,5921.9,5924.4,5908.9,5919.4
1506056400,5919.1,5930,5918.9,5926.9
1506070800,5927,5934.6,5919.9,5922.4
1506085200,5922.1,5940.9,5915.1,5923.6
1506099600,5923.9,5938.4,5913.4,5933.4
1506290400,5931.1,5952.3,5931.1,5938.3
1506304800,5938.3,5938.8,5928.3,5932.2
1506319200,5932.2,5932.7,5919.5,5925.7
1506333600,5925.8,5932.2,5885,5893
1506348000,5893.2,5912.5,5844,5861.8
1506362400,5861.9,5870.2,5840.5,5869.5
1506373200,5877,5877.2,5860.8,5868
1506387600,5868,5880.7,5867,5872.7
1506402000,5872.5,5878,5869.5,5877.2
1506416400,5877,5898.7,5876,5898
1506430800,5898.2,5911,5864.5,5885.2
1506445200,5885.2,5906.5,5881.5,5886.2
1506459600,5890.7,5892.7,5884.9,5885.9
1506474000,5886.2,5898.5,5885.2,5896.5
1506488400,5896.3,5912.5,5895,5901.5
1506502800,5901.8,5911.5,5897.8,5908.8
1506517200,5908.5,5935.3,5901.8,5920.8
1506531600,5920.9,5961.5,5918.5,5939.8
1506546000,5931.6,5938.4,5930.9,5936.4
1506560400,5936.4,5945.7,5934.4,5945.4
1506574800,5945.2,5946.9,5932.9,5937.4
1506589200,5937.6,5939.4,5915.4,5922.9
1506603600,5922.8,5941.7,5909.9,5928.4
1506618000,5928.6,5938.4,5921.4,5935.2
1506632400,5935.4,5936.2,5932.2,5935.7
1506646800,5935.9,5942,5935.2,5939.5
1506661200,5939.7,5943.2,5937.2,5940.9
1506675600,5940.7,5947.5,5940.7,5943.5
1506690000,5943.7,5983.5,5932,5982.5
1506704400,5982.7,5983.5,5971.2,5979.7
1506895200,5983.2,5998.5,5983.2,5990.7
1506909600,5990.5,5991.7,5987,5990.2
1506924000,5990.5,5991.5,5982.7,5989.7
1506938400,5989.5,6003.5,5987,6002.5
1506952800,6002.6,6008.6,5957.3,5979.1
1506967200,5979.3,5987.8,5975.1,5983.1
1506978000,5981.4,5982.2,5977.2,5979.7
1506992400,5979.7,5994.2,5979.2,5991.4
1507006800,5991.2,5993.4,5984.9,5987.2
1507021200,5986.9,5990.7,5981.2,5988.9
1507035600,5989.2,6003.2,5978.2,5993.9
1507050000,5993.7,5999.2,5991.2,5996.5
1507064400,5993.6,5994.1,5989.4,5990.6
1507078800,5990.4,5995.1,5989.9,5993.6
1507093200,5993.6,5994.9,5991.3,5992.3
1507107600,5992.6,5992.8,5982.1,5984.1
1507122000,5983.8,6013.3,5977.6,6003.1
1507136400,6003.3,6004.6,5983.6,6000.8
1507150800,6001.8,6003.6,5998.8,5999.3
1507165200,5999.1,6005.3,5998.8,6003.1
1507179600,6003.3,6006.6,6000.3,6004.8
1507194000,6004.8,6026.8,6002.8,6021.6
1507208400,6021.3,6046.9,6015.6,6042.4
1507222800,6042.4,6062.7,6041.4,6059.2
1507237200,6058.9,6063.9,6058.4,6062.7
1507251600,6062.4,6067.2,6061.4,6064.4
1507266000,6064.2,6066.7,6060.3,6061.4
1507280400,6061.5,6069.4,6040.2,6041.7
1507294800,6041.7,6066.4,6035.7,6060.9
1507309200,6060.7,6066.9,6054.9,6065.4
1507500000,6065.9,6074.2,6063.2,6074.2
1507514400,6074,6076.7,6070.7,6073
1507528800,6072.7,6076,6068.7,6073
1507543200,6073.2,6080.7,6066.7,6075.5
1507557600,6075.7,6082.2,6064.2,6068.7
1507572000,6068.8,6072,6053.3,6060.6
1507582800,6061.3,6070.1,6060.3,6068.3
1507597200,6068.3,6071,6064.8,6067.3
1507611600,6067.5,6074,6066.3,6070.3
1507626000,6070,6079.3,6068.5,6078.8
1507640400,6078.5,6087,6037.8,6053.8
1507654800,6053.7,6066.4,6051.6,6066.1
1507669200,6063.3,6067.1,6063.1,6066.3
1507683600,6066.1,6071.8,6066.1,6068.1
1507698000,6068.1,6068.6,6055.7,6060.2
1507712400,6059.9,6064.3,6052.9,6060.8
1507726800,6060.7,6074.4,6055.4,6071.8
1507741200,6071.9,6085.7,6068.4,6083.9
1507755600,6081.9,6083.4,6077.9,6078.9
1507770000,6079.1,6083.6,6077.9,6082.1
1507784400,6082.1,6083.6,6075.9,6076.9
1507798800,6076.6,6083.1,6071.4,6073.6
1507813200,6073.4,6096.6,6068,6086.4
1507827600,6086.1,6091.6,6066.1,6073.1
1507842000,6071.8,6074.1,6068.6,6072.1
1507856400,6072.1,6081.1,6072.1,6080.8
1507870800,6081.1,6081.3,6072.5,6074.6
1507885200,6074.5,6098.5,6074.5,6094.8
1507899600,6095,6103.3,6090.3,6100.3
1507914000,6100.5,6104,6092.8,6096.3
1508104800,6106,6111,6104.8,6110
1508119200,6110.3,6116,6109.8,6110.5
1508133600,6110.4,6111.5,6104.6,6108.7
1508148000,6108.6,6119.5,6104.8,6117.3
1508162400,6117,6119.3,6099,6106.4
1508176800,6106.5,6118.5,6106.3,6117.8
1508187600,6119,6126.3,6118,6124.7
1508202000,6124.5,6126,6118.5,6121.7
1508216400,6121.5,6122.7,6116.2,6119
1508230800,6118.7,6121.7,6114.9,6119
1508245200,6118.7,6122.3,6106.5,6114.7
1508259600,6114.5,6126.8,6113.5,6125
1508274000,6122.9,6130.3,6122.9,6128.5
1508288400,6128.8,6129.5,6126.7,6127.5
1508302800,6127.8,6129.1,6124.6,6125.5
1508317200,6125.5,6132.8,6124.5,6130
1508331600,6129.7,6134.1,6109.5,6125.7
1508346000,6126.1,6128.8,6114.5,6118.5
1508360400,6120.7,6123.2,6116.2,6117.2
1508374800,6117,6120.1,6113.7,6118.5
1508389200,6118.8,6118.8,6056.5,6082
1508403600,6082,6089.5,6067.8,6086.6
1508418000,6086.3,6092.8,6052.7,6075.8
1508432400,6076,6095.5,6075.5,6095.3
1508446800,6096,6097.3,6093.5,6094.8
1508461200,6094.8,6131.3,6092.3,6118.5
1508475600,6118.8,6120.8,6104.8,6106.8
1508490000,6106.5,6116.5,6105.3,6112.2
1508504400,6112.2,6125.7,6106,6119.2
1508518800,6119,6122.8,6104.7,6110.2
1508709600,6120,6126.3,6113.3,6113.6
1508724000,6113.6,6116.6,6109.6,6112.8
1508738400,6113.1,6125.6,6107.6,6124.3
1508752800,6124.1,6126.8,6107.8,6109.6
1508767200,6109.9,6111.6,6088.8,6096.3
1508781600,6096.1,6100.1,6063.3,6071.6
1508792400,6068.3,6075.8,6067.6,6073.1
1508806800,6073.3,6080.1,6070.8,6074.3
1508821200,6074.3,6078.1,6066.1,6071.3
1508835600,6071.3,6085.3,6070.3,6082.1
1508850000,6081.8,6091.3,6059.3,6084.1
1508864400,6084.3,6094.8,6075.8,6082.8
1508878800,6075.3,6079,6072,6072.8
1508893200,6072.5,6081.3,6072.5,6073
1508907600,6073.3,6075.8,6063.5,6071
1508922000,6071.3,6078,6065.8,6070
1508936400,6070.3,6090,6013.4,6040.5
1508950800,6040.5,6062.3,6035.9,6058
1508965200,6066,6069.2,6060.5,6065.5
1508979600,6065.2,6070.7,6062,6068
1508994000,6068,6070,6061.2,6063
1509008400,6062.7,6079,6057,6058.7
1509022800,6059,6070.2,6038,6048.7
1509037200,6048.5,6058.2,6041,6041.7
1509051600,6095.2,6095.7,6081.9,6087.2
1509066000,6087.2,6106.7,6086.7,6104.2
1509080400,6103.9,6115.4,6096.9,6112.7
1509094800,6112.9,6142.2,6111.7,6139.2
1509109200,6138.9,6217.2,6131.1,6209.2
1509123600,6209.4,6228.9,6205.7,6215.7
1509314400,6213.6,6226.1,6207.1,6214.3
1509328800,6214.3,6216.6,6208.3,6214.1
1509343200,6214.3,6223.5,6213.1,6219.8
1509357600,6219.6,6237.4,6209.2,6235.7
1509372000,6235.4,6254.4,6205.2,6216.6
1509386400,6216.8,6235.3,6214.6,6229.6
1509397200,6223.4,6231.1,6222.3,6229.8
1509411600,6230.1,6238.1,6227.3,6237.6
1509426000,6237.3,6242.3,6231.8,6241.8
1509440400,6241.6,6252.3,6239.8,6249.8
1509454800,6249.6,6253.2,6231.8,6250.1
1509469200,6250.3,6261.7,6246.2,6252.4
1509483600,6257.6,6267.1,6250.1,6266.4
1509498000,6266.1,6272.6,6265.4,6269.6
1509512400,6269.4,6282.9,6267.4,6279.1
1509526800,6279.1,6287.6,6276.4,6277.6
1509541200,6277.4,6280.6,6245.3,6250.2
1509555600,6249.9,6253.7,6226.7,6250.2
1509570000,6231.6,6237.4,6203.9,6217.8
1509584400,6218,6230.4,6211.9,6228.4
1509598800,6228.4,6240.8,6223,6232.9
1509613200,6233.1,6250.8,6230.9,6248.8
1509627600,6249,6249.3,6195.8,6228.2
1509642000,6227.9,6243.7,6219.9,6237.9
1509656400,6252.6,6259.6,6251.7,6257.3
1509670800,6257.1,6258.6,6251.8,6257.1
1509685200,6256.8,6261.6,6247.7,6257
1509699600,6257.2,6276.6,6256.5,6268.1
1509714000,6267.9,6277.1,6239.6,6274.4
1509728400,6274.1,6299.5,6273.9,6297.4
1509922800,6292.8,6301.3,6270.8,6275.3
1509937200,6275.5,6290.5,6271.8,6290.3
1509951600,6290.3,6295.8,6286.5,6289
1509966000,6288.8,6311.3,6287.5,6310.5
1509980400,6310.3,6318.3,6296.8,6315
1509994800,6314.8,6320,6310.8,6316.3
1510005600,6314.8,6324.7,6313.3,6323.2
1510020000,6323.5,6330.5,6319.5,6329.5
1510034400,6329.5,6334,6310.7,6316.2
1510048800,6316,6317.2,6308.2,6314.5
1510063200,6314.2,6329.5,6298.9,6314.9
1510077600,6315.1,6320.6,6306.6,6320.4
1510092000,6310.1,6316.3,6304.3,6315.1
1510106400,6315.3,6320.1,6313.8,6316.6
1510120800,6316.6,6328.8,6313.8,6322.6
1510135200,6322.8,6324.6,6313.9,6320.2
1510149600,6319.9,6336.2,6310.7,6335.2
1510164000,6334.9,6348.7,6334.7,6347.4
1510178400,6345.7,6354.2,6343.2,6350.4
1510192800,6350.4,6353.9,6328.2,6337.2
1510207200,6337.4,6343.4,6331.4,6338.9
1510221600,6338.9,6339.4,6289.2,6295.9
1510236000,6296.2,6316.2,6247.9,6266.2
1510250400,6266.4,6315.9,6253.9,6312.3
1510264800,6311.2,6318.4,6305.9,6313.9
1510279200,6313.9,6320.7,6308.7,6319.7
1510293600,6319.4,6319.7,6281.2,6283.2
1510308000,6282.9,6303.9,6282.9,6299.2
1510322400,6298.9,6308.9,6284.2,6297.4
1510336800,6297.7,6314.4,6295.2,6309.2
1510527600,6312.8,6321.3,6311.3,6317.5
1510542000,6317.5,6324,6309.8,6313.8
1510556400,6314,6320,6305,6306.3
1510570800,6306.3,6309,6281.7,6304.3
1510585200,6304,6321,6304,6317.8
1510599600,6318,6325.5,6310,6317
1510610400,6312,6317,6305.8,6315.5
1510624800,6315.5,6315.8,6306.3,6307.8
1510639200,6307.5,6318.8,6307.3,6312.8
1510653600,6313,6318,6299.3,6299.8
1510668000,6299.5,6302.5,6262.6,6275.8
1510682400,6275.5,6296.3,6265,6294.5
1510696800,6289.8,6289.8,6269.8,6277.8
1510711200,6278,6278.3,6267.3,6272.8
1510725600,6272.3,6274.8,6253.3,6261.5
1510740000,6261.5,6275.8,6253.8,6269.3
1510754400,6269.3,6279.1,6227.8,6269.9
1510768800,6270.1,6277.1,6249.1,6261.1
1510783200,6261.8,6275.1,6257.1,6273.1
1510797600,6273.1,6285.3,6272.3,6282.6
1510812000,6282.3,6289.6,6277.8,6287.8
1510826400,6287.6,6294.8,6284.8,6291.3
1510840800,6291.1,6349.1,6289.8,6346.8
1510855200,6346.6,6354.8,6340.1,6340.3
1510869600,6339.8,6348.1,6339,6342.3
1510884000,6342.6,6342.6,6332.3,6338.6
1510898400,6338.6,6347.8,6333.6,6337.6
1510912800,6337.3,6347.1,6334.6,6341.3
1510927200,6341.1,6345.6,6321.3,6329.8
1510941600,6330.1,6331.1,6309.6,6315.1
1511132400,6314.2,6315.4,6288.3,6293.7
1511146800,6293.9,6304.3,6289.2,6295.6
1511161200,6295.3,6309.9,6293.3,6308.4
1511175600,6308.4,6326.2,6308.2,6321.7
1511190000,6321.4,6324.2,6302.2,6314.8
1511204400,6314.5,6316,6305.3,6311
1511215200,6311.1,6316.1,6308.4,6314.4
1511229600,6314.4,6320.4,6314.4,6316.1
1511244000,6316.1,6319.6,6309.4,6319.1
1511258400,6319.1,6345.5,6318.9,6344.3
1511272800,6344,6381.6,6337.8,6375.9
1511287200,6376.1,6382.6,6373.1,6379.1
1511301600,6377.3,6381,6375.3,6376.5
1511316000,6376.5,6384.5,6376.3,6379.5
1511330400,6379.5,6382.8,6374.3,6377.3
1511344800,6377.3,6390,6373,6381.3
1511359200,6383.3,6390,6372.5,6384.3
1511373600,6384,6392.3,6378.8,6386.3
1511388000,6386.5,6388.7,6384.7,6387.5
1511402400,6387.2,6389.5,6385,6388.2
1511416800,6388,6388.7,6373.2,6388.5
1511431200,6388.2,6395.2,6386.7,6390.5
1511445600,6390.2,6390.2,6377.7,6382.2
1511474400,6381.2,6384.7,6377.2,6384.2
1511488800,6383.9,6391.4,6380.7,6388.2
1511503200,6387.9,6392.5,6386,6391
1511517600,6390.8,6399.4,6389.5,6395.9
1511532000,6396.2,6411.9,6389.9,6409.9
1511546400,6409.7,6413.2,6407.9,6411.7
1511737200,6415.4,6417.6,6398.9,6401.4
1511751600,6401.4,6407.4,6401.4,6405.6
1511766000,6405.6,6419.1,6404.4,6417.9
1511780400,6417.9,6422.4,6402.3,6412.8
1511794800,6413.1,6422.8,6393.1,6411.6
1511809200,6411.3,6412.1,6404.1,6407.3
1511820000,6406.8,6407.8,6399.8,6405.8
1511834400,6405.6,6406.8,6396.3,6402.6
1511848800,6402.3,6413.6,6399.8,6412.3
1511863200,6412.6,6420.1,6408.6,6419.3
1511877600,6419.6,6425.3,6406.8,6418.6
1511892000,6418.8,6427.4,6386.8,6422.9
1511906400,6418.6,6421.1,6413.5,6415.1
1511920800,6414.8,6420.3,6412.6,6420.1
1511935200,6420.1,6423.8,6409.2,6416.8
1511949600,6417.1,6426.1,6411.6,6417.6
1511964000,6417.3,6419.8,6281.4,6313.6
1511978400,6313.9,6333.9,6291.9,6312.9
1511992800,6307,6309.5,6298.7,6308.5
1512007200,6308.5,6309.2,6287.2,6299.7
1512021600,6299.7,6316.7,6294,6310.7
1512036000,6311,6328.5,6311,6327.2
1512050400,6327,6375.7,6322.7,6362.5
1512064800,6362.7,6372.2,6345,6364.7
1512079200,6356.7,6359.9,6338.9,6340.4
1512093600,6340.2,6359.7,6336.7,6353.4
1512108000,6353.2,6366.2,6332.4,6341.4
1512122400,6341.7,6347.7,6308.6,6335.9
1512136800,6335.9,6367.4,6244.7,6321.9
1512151200,6321.7,6343.2,6312.7,6338.2
1512342000,6380.4,6384.1,6368.6,6375.4
1512356400,6375.1,6380.9,6372.1,6375.4
1512370800,6375.6,6377.4,6362.4,6373.1
1512385200,6373.4,6384.1,6349.9,6352.4
1512399600,6352.6,6352.9,6274.6,6325.6
1512414000,6325.9,6326.1,6257.1,6263.1
1512424800,6262.1,6273.1,6259.1,6269.3
1512439200,6269.6,6278.8,6267.1,6268.8
1512453600,6269.1,6277.8,6250.3,6256.3
1512468000,6256.6,6274.3,6231.3,6265.8
1512482400,6265.8,6339.3,6238.5,6299.3
1512496800,6299.5,6312.8,6262.3,6266.8
1512511200,6273.1,6278.9,6272.9,6276.4
1512525600,6276.4,6276.9,6237.5,6239.9
1512540000,6240.4,6255.7,6232.7,6244.7
1512554400,6244.7,6258.5,6235.5,6256.5
1512568800,6256.5,6298.2,6238.2,6279.5
1512583200,6279.2,6307.2,6272.5,6296
1512597600,6296.7,6325,6296,6322.7
1512612000,6322.7,6324.2,6313.7,6323.5
1512626400,6323.2,6327.7,6310.2,6317.5
1512640800,6317.7,6323.2,6300.7,6305.4
1512655200,6305.2,6336.2,6289.2,6331.2
1512669600,6331.4,6333.9,6300,6318.4
1512684000,6325.3,6333.5,6321.5,6332
1512698400,6331.9,6352.5,6329.7,6349.2
1512712800,6349.2,6360.2,6349,6355.2
1512727200,6355.5,6367.7,6346.9,6364.7
1512741600,6364.5,6379.7,6344,6357.7
1512756000,6358.2,6363.7,6336,6345.7
1512946800,6348.6,6356.7,6348.6,6356.7
1512961200,6356.9,6362.4,6356.2,6358.2
1512975600,6358.2,6363.7,6349.7,6352.9
1512990000,6353.2,6372.7,6345.2,6367.7
1513004400,6367.9,6401.7,6362.4,6395.2
1513018800,6395.4,6399.4,6387.7,6398.7
1513029600,6403.5,6410.7,6401.4,6406.7
1513044000,6407,6412.2,6405,6409
1513058400,6409.2,6409.7,6400.5,6403.7
1513072800,6404,6405.2,6394.7,6400.2
1513087200,6400.5,6409.7,6376.5,6397.2
1513101600,6397.5,6400.8,6378.6,6391.3
1513116000,6387.6,6392.1,6380.6,6386.6
1513130400,6386.8,6389.3,6369.6,6386.1
1513144800,6386.1,6397.3,6384.2,6394.1
1513159200,6393.8,6414.1,6387.7,6409.6
1513173600,6409.6,6424.1,6394.1,6403.8
1513188000,6404.1,6420.1,6393.1,6403
1513202400,6406.1,6415.3,6403.3,6409.1
1513216800,6408.8,6413.3,6403.1,6404.1
1513231200,6403.8,6415.1,6401.1,6413.6
1513245600,6413.3,6414.8,6406.6,6414.6
1513260000,6414.6,6429.6,6405.1,6412.2
1513274400,6412,6414.2,6389.7,6395.5
1513288800,6391.5,6397.5,6390.3,6392.3
1513303200,6392.3,6407.2,6385.2,6402
1513317600,6401.7,6411.2,6399.7,6406.5
1513332000,6406.7,6416.7,6405.8,6412.3
1513346400,6412.6,6464.2,6407.2,6461.2
1513360800,6460.7,6477.2,6457.4,6467.9
1513551600,6495.1,6504.6,6492.1,6503.3
1513566000,6503.6,6509.1,6502.1,6507.6
1513580400,6507.6,6523.3,6507.1,6520.8
1513594800,6520.8,6526.1,6499.7,6513.7
1513609200,6513.4,6528.3,6505.8,6525.1
1513623600,6524.8,6526.8,6514.3,6521.6
1513634400,6523.2,6525.9,6519.9,6525.9
1513648800,6526.2,6527.3,6523.2,6526.3
1513663200,6526,6532.4,6524,6529.1
1513677600,6528.9,6529.1,6514.6,6514.6
1513692000,6514.6,6518.1,6466.8,6480.1
1513706400,6479.8,6491.3,6469.6,6484.5
1513720800,6490.5,6505.1,6489.3,6504.9
1513735200,6504.6,6506.6,6501.4,6503.6
1513749600,6503.9,6512.2,6499.9,6509.7
1513764000,6509.9,6516.4,6507.7,6515.2
1513778400,6514.9,6515.2,6451,6475.9
1513792800,6476.2,6489.7,6471.9,6477.7
1513807200,6474.5,6484.5,6463.7,6482.2
1513821600,6482,6484,6473.2,6476.7
1513836000,6477,6482.9,6469.9,6477.1
1513850400,6477.4,6492.6,6475.9,6489.4
1513864800,6489.6,6506.6,6473.9,6505.8
1513879200,6506.1,6512.6,6479.6,6483.8
1513893600,6482.4,6491.4,6481.6,6487.9
1513908000,6487.6,6492.7,6485.6,6491.6
1513922400,6491.7,6494.7,6485.4,6490.5
1513936800,6490.2,6492.2,6483.7,6484
1513951200,6483.7,6486.5,6461,6471.5
1513965600,6471.2,6485.2,6471,6483
1514383200,6454.7,6470.3,6443.6,6447.4
1514397600,6447.7,6450.2,6437.1,6443.8
1514412000,6449,6453.2,6448.2,6452.2
1514426400,6452.2,6458.5,6452,6454.7
1514440800,6454.5,6462.9,6453,6460.1
1514455200,6459.9,6472.5,6458.9,6465
1514469600,6464.7,6465,6438.4,6447.7
1514484000,6447.5,6447.7,6437.1,6444.4
1514498400,6442.7,6446.9,6441.7,6444.7
1514512800,6444.4,6444.9,6440.7,6443.4
1514527200,6443.2,6449.6,6441.9,6449.6
1514541600,6449.6,6462.6,6449.3,6453.3
1514556000,6453.1,6458.6,6412.1,6425.4
1514570400,6425.2,6429.9,6401.6,6404.1
1514844000,6414.2,6419.5,6414.2,6416.2
1514858400,6416,6419.2,6407.7,6417.7
1514872800,6417.7,6418.2,6393.5,6394.2
1514887200,6394.5,6433.4,6394,6426.9
1514901600,6427.1,6504.4,6421.9,6495.6
1514916000,6495.4,6518.9,6494.9,6516.4
1514930400,6509.7,6518.2,6507.7,6515.9
1514944800,6516.2,6520.7,6515.7,6517.3
1514959200,6517.5,6527.5,6515,6525
1514973600,6525.5,6526,6516.3,6517.5
1514988000,6517.5,6585,6517.5,6581.8
1515002400,6582,6587.3,6566.5,6579.3
1515016800,6580.3,6587.8,6574.5,6577.5
1515031200,6577.8,6594,6575.8,6592.8
1515045600,6593,6597.1,6589.5,6595.1
1515060000,6594.9,6612.3,6587.9,6609
1515074400,6608.8,6611,6581.5,6590.4
1515088800,6590.1,6597.9,6583.4,6590.9
1515103200,6601.9,6605.2,6598.9,6600.2
1515117600,6600.4,6607.6,6595.1,6605.8
1515132000,6605.8,6615.6,6603.8,6613.6
1515146400,6613.8,6634.6,6613.8,6625.6
1515160800,6625.8,6649.8,6609.7,6645.8
1515175200,6646.1,6662.2,6643.6,6655.8
1515366000,6669.4,6671.4,6662.4,6667.4
1515380400,6667.2,6669.4,6664.2,6666.7
1515394800,6666.4,6670.9,6661.8,6667
1515409200,6667,6671.8,6649.5,6668
1515423600,6667.8,6686.8,6656.1,6682.8
1515438000,6683,6686.4,6674.4,6682.1
1515448800,6683.7,6689.5,6679,6680.2
1515463200,6680.5,6685.3,6675.5,6681.3
1515477600,6681.1,6693.8,6680.1,6691.6
1515492000,6691.6,6701.8,6687.1,6699.8
1515506400,6699.6,6701.8,6663.8,6695.9
1515520800,6696.2,6703.9,6681.9,6685.7
1515535200,6677,6683.5,6674.5,6676.2
1515549600,6676.2,6682.5,6671.7,6676.5
1515564000,6676.7,6678.2,6665.7,6667.2
1515578400,6667,6669.5,6637.6,6648.4
1515592800,6648.1,6665.8,6625,6659.5
1515607200,6659.2,6670.9,6644.2,6669.6
1515621600,6672.2,6681.4,6667.4,6676.7
1515636000,6676.2,6679.2,6661.2,6678.9
1515650400,6679.2,6683.2,6673.7,6678.2
1515664800,6678.4,6694.9,6673.7,6681.6
1515679200,6681.9,6707.7,6669.4,6706.9
1515693600,6706.9,6714.3,6697.9,6714
1515708000,6720.1,6722.8,6715.3,6722.8
1515722400,6723.3,6724.6,6718.5,6719.5
1515736800,6719.7,6741.7,6719,6733.1
1515751200,6733.1,6739.6,6701.1,6704.9
1515765600,6704.6,6764.6,6700.4,6763.8
1515780000,6763.6,6771.2,6752,6762.7
1515970800,6780.1,6789.7,6779.7,6786.9
1515985200,6786.9,6796.1,6783.2,6784.2
1515999600,6784.4,6787.4,6775.8,6776.8
1516014000,6776.8,6779.8,6771.1,6774.9
1516028400,6775.2,6781.9,6771.4,6778.6
1516053600,6779.1,6782.5,6773.9,6781.7
1516068000,6781.7,6793.5,6781.2,6789.7
1516082400,6790,6807.8,6788.8,6805.6
1516096800,6805.3,6817.8,6805.1,6810.1
1516111200,6809.9,6844,6775.7,6780.7
1516125600,6780.5,6787,6727.5,6746.7
1516140000,6752.1,6770.2,6743.4,6759
1516154400,6759,6770.8,6751,6764
1516168800,6764.3,6779.7,6756.8,6777.2
1516183200,6777.2,6793.1,6773.7,6791.3
1516197600,6791.6,6801.2,6750.2,6800.7
1516212000,6800.4,6833,6797.9,6822
1516226400,6818.5,6834.9,6818.2,6820.1
1516240800,6820.1,6828.6,6803,6806.2
1516255200,6806,6822.2,6803.5,6814.1
1516269600,6813.9,6822,6796.9,6802.1
1516284000,6802,6829.6,6794.9,6824.7
1516298400,6825.2,6837,6813.1,6822
1516312800,6818.6,6825.1,6814.8,6819.9
1516327200,6819.6,6821.6,6800.8,6812.8
1516341600,6813,6846.8,6809.3,6844
1516356000,6844,6851.5,6824.3,6832
1516370400,6832.3,6855.2,6810.1,6831.9
1516384800,6831.9,6847.5,6827.1,6844.3
1516575600,6833,6843,6830.6,6837.6
1516590000,6837.2,6843,6834.2,6841.4
1516604400,6841.9,6847.4,6834.9,6840.8
1516618800,6840.8,6857.9,6834.4,6854.9
1516633200,6854.7,6903.8,6851.9,6900.1
1516647600,6900.1,6918.5,6890,6918.3
1516658400,6932.3,6938.8,6927.6,6938.3
1516672800,6938.1,6947.2,6933.1,6944.3
1516687200,6944.5,6957.9,6944,6950.2
1516701600,6950.4,6950.7,6920.4,6926.8
1516716000,6926.8,6978.9,6926.1,6964
1516730400,6964.2,6981.6,6952.1,6974.6
1516744800,6962.2,6969.7,6956.2,6966.4
1516759200,6966.2,6968.9,6958.9,6966.4
1516773600,6966.7,6980.4,6963.9,6976
1516788000,6976,6995.7,6971.5,6989.5
1516802400,6989.5,7004.5,6908,6923
1516816800,6923,6958.7,6889,6929.4
1516831200,6928.5,6945.7,6922.2,6936.7
1516845600,6936.2,6939.5,6928,6935.5
1516860000,6935.5,6960,6925.5,6959.5
1516874400,6959.2,6988.5,6950.6,6983.4
1516888800,6983.2,6985.5,6918,6945.5
1516903200,6945.5,6957.7,6903.7,6925.7
1516917600,6939.7,6955.7,6936,6952.7
1516932000,6952.7,6958.2,6948.5,6952.6
1516946400,6952.9,6965.4,6950.4,6960.6
1516960800,6960.8,6973.4,6957.6,6968.5
1516975200,6968.7,6989.8,6952.6,6984.4
1516989600,6984.7,7031.2,6984.7,7030.7
1517180400,7038.7,7051.7,7036.2,7045.2
1517194800,7045.4,7045.4,7026.4,7031.9
1517209200,7031.7,7035.1,7005.4,7016.3
1517223600,7016.3,7025.8,6996.8,7020.7
1517238000,7020.5,7032.4,6985.7,7019.4
1517252400,7019.6,7024.4,6985.3,6998.5
1517263200,7002.7,7011.2,6993.2,7002.5
1517277600,7002.7,7006.5,6930.6,6949.1
1517292000,6949.1,6973.9,6949.1,6972.3
1517306400,6971.8,6973.6,6946.3,6947.4
1517320800,6947.2,6974,6908,6938.5
1517335200,6938.3,6960.5,6920.8,6945.5
1517349600,6945.1,6961.7,6943.7,6960.7
1517364000,6960.5,6980.6,6948.4,6952
1517378400,6952,6977.9,6948.5,6966.1
1517392800,6965.9,6985.6,6957.5,6981.4
1517407200,6981.4,6996.3,6950.4,6969.6
1517421600,6969.9,6984.3,6927.6,6968.5
1517436000,6984.9,6992.8,6969.2,6990.8
1517450400,6991,6993.5,6984.7,6987
1517464800,6986.8,6988.9,6968.7,6968.7
1517479200,6968.9,6978.2,6909.7,6920.7
1517493600,6920.9,6978.3,6903.4,6973.3
1517508000,6973.5,6984.8,6890.3,6912.8
1517522400,6962.5,6969,6918.4,6937.7
1517536800,6938,6949.7,6927.9,6934.2
1517551200,6934.5,6945.7,6874.4,6876.5
1517565600,6877,6899.2,6850.2,6878
1517580000,6878,6901.5,6809.4,6848
1517594400,6848,6850.2,6767.5,6770.5
1517785200,6737,6749.6,6716.3,6734.9
1517799600,6735.5,6755.2,6735.5,6753.2
1517814000,6753.2,6769.5,6739.9,6758
1517828400,6758.2,6758.2,6688.7,6752.2
1517842800,6752.5,6819.9,6696.5,6742.2
1517857200,6742,6744.7,6494.6,6500
1517868000,6462.7,6500.9,6285.4,6314.3
1517882400,6311,6441.6,6265.3,6431.6
1517896800,6431.2,6541.7,6390.6,6479.8
1517911200,6479.6,6491.4,6362.8,6448.4
1517925600,6448.3,6604.9,6379.1,6568.3
1517940000,6567.5,6681.4,6489.3,6672.1
1517954400,6674,6674,6628.2,6651
1517968800,6651.7,6667.2,6586.5,6587.2
1517983200,6587.7,6625.7,6570.6,6604.1
1517997600,6604,6652.5,6587.4,6640.5
1518012000,6640.5,6722.8,6628.6,6640
1518026400,6640,6661.1,6585.2,6585.2
1518040800,6530.6,6563.8,6496.1,6558
1518055200,6557.7,6588.8,6533.8,6575.2
1518069600,6575,6602.8,6555.1,6583.2
1518084000,6583.2,6624.3,6546,6606.8
1518098400,6606.8,6620.8,6393.5,6424.1
1518112800,6424.1,6499.1,6306.9,6307.7
1518127200,6339.4,6366.9,6298.5,6323.5
1518141600,6323.5,6369.1,6290,6337
1518156000,6337,6380.4,6314,6370.1
1518170400,6370.1,6382.1,6312.2,6375.1
1518184800,6374.8,6426.6,6172.8,6262.1
1518199200,6262.1,6458.1,6167,6412.6
1518390000,6435.6,6457.7,6417.6,6449.9
1518404400,6449.9,6453.2,6441.7,6448.2
1518418800,6448.3,6501.9,6434.2,6492.9
1518433200,6492.9,6520.2,6442.7,6478.6
1518447600,6478.8,6548.9,6428.5,6544.2
1518462000,6544.4,6570.9,6510.7,6528.7
1518472800,6533.4,6549.5,6509.1,6545.4
1518487200,6545.5,6554.7,6517.4,6519.5
1518501600,6519.1,6530,6496.1,6504.5
1518516000,6504.7,6518.7,6480.1,6486.5
1518530400,6487,6543.2,6474.5,6514
1518544800,6514,6574.5,6513.5,6558.7
1518559200,6556.5,6570.5,6554,6563.2
1518573600,6563,6568.5,6551.7,6565.5
1518588000,6565.7,6601.7,6562.7,6590
1518602400,6590.2,6599.6,6454.9,6509.4
1518616800,6509,6644.8,6489.9,6641.3
1518631200,6640.5,6689.7,6639,6679.4
1518645600,6675,6710.8,6674.5,6709.1
1518660000,6708.6,6732.1,6706.1,6725.1
1518674400,6724.6,6739.8,6715.7,6735.3
1518688800,6735.3,6739.4,6706.4,6725.8
1518703200,6726.1,6761,6670.1,6760.2
1518717600,6760.4,6802.4,6755.2,6800.9
1518732000,6816.6,6834,6816.6,6826.2
1518746400,6826,6844.7,6822.9,6825.7
1518760800,6825.7,6859.7,6821.5,6849.1
1518775200,6848.9,6858,6801,6801.5
1518789600,6801.7,6847.7,6778.6,6826.2
1518804000,6826.5,6833.1,6762.4,6776
1518994800,6795.4,6812.5,6793.4,6806.5
1519009200,6806.5,6820.5,6806.5,6814.7
1519023600,6815,6819.2,6802.2,6809
1519038000,6809,6817.5,6782.5,6792.5
1519052400,6792.7,6793.7,6759.7,6780.4
1519077600,6790.9,6797.9,6763.9,6769.2
1519092000,6768.9,6793.2,6762.9,6784.7
1519106400,6784.7,6789.2,6734.1,6736.4
1519120800,6736.9,6754.7,6724.9,6747.4
1519135200,6747.2,6845.2,6741.2,6841.4
1519149600,6841.4,6844.8,6752.2,6785.9
1519164000,6788.2,6809.9,6784.3,6803.4
1519178400,6803.4,6816.4,6776.2,6793.9
1519192800,6793.7,6814.4,6782.2,6789.7
1519207200,6789.9,6818.4,6782.9,6814.4
1519221600,6814.7,6864.2,6807.9,6842.9
1519236000,6842.7,6886.9,6763.9,6763.9
1519250400,6749.7,6763.2,6696.6,6714.2
1519264800,6713.9,6733.9,6711.1,6729.7
1519279200,6729.7,6738.9,6713.7,6735.9
1519293600,6735.7,6795.9,6733.6,6793.7
1519308000,6793.7,6832.9,6780.9,6790.7
1519322400,6790.4,6801.7,6748.5,6766.4
1519336800,6795.9,6806.6,6784.4,6797.9
1519351200,6798.1,6808.9,6791.8,6805.4
1519365600,6805.4,6829.4,6801.4,6813.6
1519380000,6813.6,6834.6,6797.3,6821.6
1519394400,6821.4,6846.8,6793.1,6842.6
1519408800,6842.6,6903.8,6830.3,6902.6
1519599600,6925.2,6926.5,6893,6902.5
1519614000,6902.5,6916,6902,6913
1519628400,6912.7,6929.7,6904.2,6928
1519642800,6928.2,6967.5,6927.2,6961.2
1519657200,6961,6978.3,6936.7,6974.5
1519671600,6974.7,6996,6974.5,6995.2
1519682400,7004.2,7011,6998,7007
1519696800,7007.2,7009,6989.7,6993
1519711200,6993,7002.2,6980.5,6987.7
1519725600,6988,7002.2,6979.5,6997.5
1519740000,6997.7,7010.7,6914.7,6959.7
1519754400,6959.5,6964.7,6906.5,6907
1519768800,6923.4,6934.7,6917,6922.7
1519783200,6922.7,6927,6895.7,6909.5
1519797600,6909.7,6932.2,6903.2,6931.2
1519812000,6931.2,6947.7,6916.7,6941.2
1519826400,6941.5,6965.5,6895.5,6944.3
1519840800,6943.7,6972.5,6862.4,6862.5
1519855200,6885,6890,6843.7,6867
1519869600,6866.4,6876,6852,6864.5
1519884000,6864.8,6901,6853.8,6858.2
1519898400,6858.3,6884.5,6824.7,6881.3
1519912800,6881.3,6900.8,6798.7,6809.5
1519927200,6809.8,6809.8,6691.4,6753.8
1519941600,6774.7,6780.6,6757.7,6768.6
1519956000,6768.3,6774.6,6743.3,6764.6
1519970400,6764.5,6779.8,6736.3,6738.6
1519984800,6738.6,6745.6,6670.5,6692.3
1519999200,6692.3,6784.8,6648.2,6778.6
1520013600,6778.3,6825.8,6722.1,6814.1
1520204400,6803.6,6815,6778.9,6779.2
1520218800,6779,6786,6767,6768.7
1520233200,6768.5,6836.2,6745.7,6829.7
1520247600,6829.7,6830.5,6765.2,6781.2
1520262000,6782.5,6899.5,6756.7,6883
1520276400,6883.2,6907.7,6855.7,6887.2
1520287200,6886.7,6896.7,6880.4,6889.7
1520301600,6889.2,6897.2,6881.9,6896.2
1520316000,6896.2,6912.7,6891.2,6908.2
1520330400,6908.2,6929.4,6899.9,6916.7
1520344800,6916.9,6942.9,6875.3,6925.7
1520359200,6925.4,6930.9,6895.8,6918.1
1520373600,6852.8,6864.4,6802.4,6863.9
1520388000,6863.7,6867.7,6826.4,6832.7
1520402400,6832.7,6864.7,6818.4,6847.9
1520416800,6848.4,6882.2,6844.2,6871.9
1520431200,6871.9,6921.9,6854.3,6889.7
1520445600,6889.7,6940.9,6868.9,6933.9
1520460000,6924.3,6935.6,6917.1,6932.1
1520474400,6932.1,6938.8,6924.1,6931.8
1520488800,6931.8,6952,6928.2,6939.8
1520503200,6939.5,6969.3,6939.3,6960.8
1520517600,6961,6977.5,6945,6961.8
1520532000,6962,6976.6,6934.7,6971.3
1520546400,6976.7,6997,6971,6989
1520560800,6988.7,6989.2,6968.5,6977
1520575200,6977.2,6982.7,6971,6977.2
1520589600,6977.5,7038.2,6963.3,7026.7
1520604000,7026.7,7081.6,7012.2,7072.4
1520618400,7072.6,7106.6,7072.4,7105.9
1520805600,7109.6,7139.6,7108.5,7130.9
1520820000,7131.1,7151.4,7129.4,7145.1
1520834400,7145.1,7156.4,7138.1,7144.9
1520848800,7145.1,7149.6,7121.9,7144.1
1520863200,7144.5,7165.2,7115.7,7146
1520877600,7146.2,7162.7,7128.4,7139.5
1520888400,7139.8,7147.3,7132.5,7138.9
1520902800,7138.8,7145.6,7131.3,7144.5
1520917200,7144.3,7153.4,7141,7149.9
1520931600,7150,7182.5,7148.4,7172.5
1520946000,7172.5,7194.4,7061.1,7100.9
1520960400,7101.1,7114.9,7030.9,7051.4
1520974800,7036.6,7050.2,7027.3,7035.7
1520989200,7035.7,7043.2,7023.1,7041.7
1521003600,7041.7,7096.7,7035.8,7091.7
1521018000,7091.4,7102.2,7080.9,7087.9
1521032400,7088,7093.3,7017.2,7054.8
1521046800,7054.5,7088.3,7032.5,7047
1521061200,7043.3,7055,7009.7,7013.3
1521075600,7012.4,7054.5,7008.5,7046.5
1521090000,7046.3,7057.3,7036.1,7047.9
1521104400,7048.3,7057.5,7028.9,7044.5
1521118800,7044.4,7080.8,7019.3,7051.8
1521133200,7052,7056.3,7013,7036
1521147600,7055.2,7063.8,7049,7051.1
1521162000,7050.8,7050.8,7036.3,7041.7
1521176400,7041.8,7054.6,7032.6,7049.7
1521190800,7049.8,7058.1,7040.3,7052.6
1521205200,7052.8,7065.3,7013.9,7034.4
1521219600,7034.1,7038.6,7017.4,7018.6
1521410400,7019.7,7024.2,6983.6,6990.8
1521424800,6990.8,6998.3,6963.8,6972.3
1521439200,6972.6,6976.7,6910,6944.2
1521453600,6944.2,6956.1,6922.6,6940.1
1521468000,6940.1,6944.1,6808.8,6835.2
1521482400,6835.4,6870.9,6803.7,6867.9
1521493200,6890.7,6891.5,6864.5,6871.7
1521507600,6871.7,6887,6865.4,6878.5
1521522000,6878.2,6892.2,6873.6,6881.1
1521536400,6881.1,6911.3,6858.6,6897.3
1521550800,6897.3,6902,6846.6,6879.6
1521565200,6879.8,6905.3,6857.8,6887.5
1521579600,6900.7,6904.8,6888.7,6893.2
1521594000,6893.2,6906.8,6893,6905.6
1521608400,6905.6,6906.6,6873,6877.6
1521622800,6877.9,6885.2,6865.1,6879.8
1521637200,6880.3,6913.2,6861.8,6911.9
1521651600,6912.2,6934.4,6826.1,6855.2
1521666000,6871.2,6883.8,6868.1,6882.6
1521680400,6882.3,6899.3,6868.6,6875.1
1521694800,6875.1,6884.1,6797.3,6819.2
1521709200,6818.9,6818.9,6763.3,6772.1
1521723600,6772.1,6808.3,6699.6,6752.1
1521738000,6751.8,6792.4,6678.2,6683.6
1521752400,6666.9,6679.5,6607.7,6618.7
1521766800,6618.5,6629.5,6578.7,6614.5
1521781200,6615,6661.2,6592,6626.1
1521795600,6626.1,6686.6,6597.5,6658
1521810000,6658,6706,6607.5,6614.3
1521824400,6614.1,6681.5,6503.9,6504.7
1522015200,6529.8,6596.7,6510.6,6596
1522029600,6595.7,6607.5,6567.7,6598.5
1522044000,6598.7,6654.5,6598.5,6650.2
1522058400,6650,6665.7,6629.5,6651.2
1522072800,6651,6662.7,6538.2,6639.2
1522087200,6639,6764.8,6636.2,6756.8
1522098000,6766.2,6792,6755.7,6788.7
1522112400,6788.5,6806.2,6781,6786.2
1522126800,6786.5,6830.7,6783.9,6818.2
1522141200,6818,6834.2,6798.2,6799.5
1522155600,6799.5,6805,6705.4,6729.6
1522170000,6729.7,6743.7,6475.1,6528.8
1522184400,6530.4,6560.4,6519,6544.4
1522198800,6544.9,6568.1,6513.8,6523.1
1522213200,6523,6551.9,6471.4,6486.4
1522227600,6486.6,6566.1,6473,6498.6
1522242000,6498.4,6560.6,6407,6474
1522256400,6474.2,6532.2,6430.6,6456.7
1522270800,6480.6,6495,6455.7,6483
1522285200,6482.7,6488.5,6457.2,6466
1522299600,6465.7,6506.5,6463,6501.2
1522314000,6500.9,6527.2,6490,6503.7
1522328400,6503.5,6563.7,6430.7,6546.2
1522342800,6546.5,6640.3,6520.5,6575.9
1522620000,6561.4,6576.5,6537.1,6558
1522634400,6558.2,6561.5,6543.2,6548.7
1522648800,6548.5,6548.5,6527,6544
1522663200,6544.2,6559.2,6485.2,6495.4
1522677600,6495.7,6497,6339.7,6339.7
1522692000,6339.7,6405.7,6315.4,6387.7
1522702800,6399,6412,6382.5,6408.7
1522717200,6408.7,6421.3,6392.1,6405.8
1522731600,6405.8,6427.8,6386.2,6411
1522746000,6410.7,6454.3,6404,6453.5
1522760400,6453.5,6471.9,6340.6,6388.6
1522774800,6388.6,6486.2,6360.6,6457.1
1522789200,6457.8,6459.1,6432.3,6438.1
1522803600,6438.3,6438.6,6420.7,6433.1
1522818000,6433.3,6434.6,6312.5,6339.3
1522832400,6339.2,6361,6296.5,6357.6
1522846800,6357.7,6496.2,6327,6468.2
1522861200,6468.5,6581.6,6425.5,6559.7
1522875600,6571.4,6593.5,6564.3,6580
1522890000,6579.8,6622,6572.3,6617.3
1522904400,6617.3,6644.2,6602.2,6613.3
1522918800,6613.6,6641.6,6594.6,6628.8
1522933200,6628.5,6635.6,6579.9,6610.1
1522947600,6610.1,6622.9,6549.3,6594.8
1522962000,6588.9,6597.8,6480.2,6508.8
1522976400,6508.8,6530.6,6475.5,6515.5
1522990800,6515.8,6543.4,6498.3,6538.6
1523005200,6538.6,6560.4,6506.1,6537.1
1523019600,6536.9,6589.6,6502.9,6545.6
1523034000,6545.6,6545.6,6398.8,6432.1
1523224800,6466,6498.1,6451.5,6483.6
1523239200,6483.9,6509.9,6481.9,6493.9
1523253600,6494.1,6519.1,6477.3,6503.1
1523268000,6503.4,6538.4,6474.4,6529.4
1523282400,6529.1,6610,6520.3,6591.7
1523296800,6591.5,6593.7,6467.5,6475
1523307600,6479.9,6493,6463.8,6483.5
1523322000,6483.8,6614.5,6483.2,6590.3
1523336400,6590,6616.9,6567.7,6583.7
1523350800,6583.5,6598.7,6566.1,6579
1523365200,6579,6609,6534.3,6571.2
1523379600,6571,6644.2,6561.6,6619.2
1523394000,6616.4,6619.4,6578.7,6585.4
1523408400,6585.7,6599.4,6582.9,6587.2
1523422800,6587.2,6594.2,6576.8,6585.4
1523437200,6585.4,6592.2,6543.2,6564.5
1523451600,6564.2,6655.9,6560.2,6614.7
1523466000,6614.2,6636.6,6577.7,6586.9
1523480400,6592.2,6617,6587,6613.5
1523494800,6614,6621.5,6598.5,6605.5
1523509200,6605.5,6610,6585.1,6587.5
1523523600,6587.7,6631.5,6582.7,6622.5
1523538000,6622.7,6683.4,6620.1,6676.3
1523552400,6676.6,6686.8,6632.1,6660.8
1523566800,6656.3,6661.9,6638.6,6644.4
1523581200,6644.6,6655.6,6640.7,6647.1
1523595600,6647.4,6664.4,6642.6,6656
1523610000,6655.7,6698.2,6654,6696.2
1523624400,6696.5,6706.3,6619,6651.9
1523638800,6651.7,6668.9,6599.9,6628.4
1523829600,6680.1,6693,6662.8,6666.4
1523844000,6666.4,6670.7,6646.4,6659.7
1523858400,6660.2,6684.4,6637.4,6679.7
1523872800,6679.9,6690.9,6639.8,6648.6
1523887200,6648.6,6704.8,6634.3,6697.7
1523901600,6697.5,6700.5,6667.8,6678.1
1523912400,6702.1,6724.2,6693.3,6715.4
1523926800,6715.7,6731.8,6701.4,6730.8
1523941200,6730.5,6741.9,6719.1,6734.6
1523955600,6734.8,6755.9,6726.8,6748.5
1523970000,6748.8,6821,6735,6812.5
1523984400,6812.5,6839.8,6804.3,6821.9
1523998800,6819.8,6843.1,6816.6,6839.5
1524013200,6839.7,6842.5,6829,6836
1524027600,6835.7,6848.9,6830,6844.1
1524042000,6844.1,6853.7,6831.3,6840.8
1524056400,6840.7,6853.2,6792.4,6848.7
1524070800,6848.4,6862.7,6831.5,6837.7
1524085200,6851.5,6860.7,6850.5,6859.1
1524099600,6859,6862.1,6852.6,6857.6
1524114000,6857.5,6858,6830.5,6832.3
1524128400,6832.2,6840.2,6808,6808.6
1524142800,6808.3,6819.4,6752.7,6762.8
1524157200,6762.7,6797.2,6751.3,6777.7
1524171600,6775.8,6779.2,6757.8,6764.3
1524186000,6764.5,6786.5,6762.6,6783
1524200400,6783.1,6784.1,6730.2,6755.2
1524214800,6755.1,6785,6741.5,6764.6
1524229200,6764.7,6769.6,6656.8,6663.3
1524243600,6663.2,6694.7,6642.8,6669.5
1524434400,6702.2,6702.3,6680,6690.7
1524448800,6690.9,6700.2,6677.7,6690.2
1524463200,6690.2,6691.3,6657.8,6664.7
1524477600,6664.8,6703,6656.5,6678.7
1524492000,6679.1,6725.5,6659.5,6669
1524506400,6668.8,6670.3,6614.5,6651.3
1524517200,6661.8,6671.2,6658,6658.8
1524531600,6658.5,6674.7,6652.1,6672.3
1524546000,6672.5,6703.5,6665.8,6701.2
1524560400,6701.3,6715.5,6688.5,6692.2
1524574800,6692,6693.8,6515.7,6515.7
1524589200,6515.8,6539.2,6465,6509.9
1524603600,6523.7,6536.6,6521.2,6534.2
1524618000,6534.3,6535.8,6495.3,6512.5
1524632400,6512.3,6529.2,6481,6485.5
1524646800,6485.2,6519.5,6473.2,6511.9
1524661200,6511.8,6542.7,6427.4,6506
1524675600,6506.2,6544.4,6488.4,6519.3
1524690000,6596.4,6610.8,6588.3,6607.7
1524704400,6607.8,6609.8,6588.7,6591.7
1524718800,6591.5,6593.2,6557.5,6571.9
1524733200,6571.2,6613.5,6569,6612.5
1524747600,6612.3,6645.9,6580.2,6634.8
1524762000,6635,6676.5,6634.9,6653.4
1524776400,6749.2,6752.7,6741.7,6747.8
1524790800,6747.7,6748.6,6729.5,6740.1
1524805200,6740,6753.1,6736.5,6739.6
1524819600,6739.7,6769.5,6731.2,6768.7
1524834000,6768.6,6770.2,6621.4,6666.1
1524848400,6666.2,6676.2,6644.3,6659.6
1525053600,6698.2,6707.8,6694.3,6705.3
1525068000,6705.3,6711.9,6697.3,6709.8
1525082400,6709.8,6711.5,6671.5,6695.3
1525096800,6695,6717.6,6595.5,6636.5
1525111200,6636.8,6640.8,6604.7,6609.9
1525122000,6609.7,6622.9,6596.4,6616.7
1525136400,6616.9,6622.7,6613.9,6618.2
1525150800,6618.4,6627.4,6592.3,6594.1
1525165200,6594.3,6618.8,6591.8,6606.9
1525179600,6607.4,6633.2,6578.3,6609.4
1525194000,6609.2,6688.2,6590.2,6684.2
1525208400,6717.2,6722.7,6686.2,6704.5
1525222800,6704.7,6716.2,6688.7,6708
1525237200,6708,6721.8,6705.5,6715.8
1525251600,6715.8,6728.2,6689,6699.5
1525266000,6699.6,6706.3,6647.8,6673.3
1525280400,6673,6717.3,6637,6645.5
1525294800,6634.1,6640.5,6626.9,6633.2
1525309200,6633.4,6640,6621.8,6634.8
1525323600,6635,6648.5,6625.8,6645
1525338000,6644.8,6650.2,6599.8,6608.3
1525352400,6608,6646,6537,6642
1525366800,6641.9,6669,6623,6644.8
1525381200,6668.4,6670.1,6642.5,6654.2
1525395600,6654.3,6665.9,6630.7,6664.2
1525410000,6664.1,6664.5,6637.1,6649.6
1525424400,6649.9,6656.9,6617.1,6639.5
1525438800,6639.7,6757.2,6608.9,6748.4
1525453200,6748.6,6786.6,6740.6,6770.9
1525644000,6789.1,6807.1,6780.8,6802
1525658400,6801.9,6832,6800.3,6824.8
1525672800,6825,6825,6803.9,6814.3
1525687200,6814.1,6840.9,6796.7,6834.9
1525701600,6835,6847.7,6817.2,6836.5
1525716000,6836.7,6850,6798.8,6825.3
1525726800,6815.6,6826.3,6808.8,6820.7
1525741200,6821,6833.3,6820.7,6827.8
1525755600,6827.9,6836.7,6805.9,6810.5
1525770000,6810.8,6818.7,6790.2,6816.9
1525784400,6816.8,6835.2,6779.3,6788.8
1525798800,6788.7,6821.7,6770.2,6817.2
1525813200,6822.8,6827.4,6811.7,6818.3
1525827600,6818.4,6823.3,6812.2,6820.4
1525842000,6820.2,6848.7,6814.4,6847.8
1525856400,6847.5,6848.9,6832.4,6833.5
1525870800,6833.7,6873.1,6807.4,6868.9
1525885200,6869.2,6899.9,6864.6,6894.9
1525899600,6898.8,6899.7,6887.6,6895
1525914000,6895.1,6918.7,6893.2,6915.6
1525928400,6915.5,6917,6902,6908.5
1525942800,6908.3,6922.2,6896.7,6917.2
1525957200,6917.3,6959.2,6910.2,6957.1
1525971600,6957.2,6970,6935.5,6964.7
1525986000,6952.6,6964.4,6950.4,6961.2
1526000400,6960.8,6966.9,6954.4,6963.2
1526014800,6963.5,6964.5,6944.3,6962
1526029200,6962,6975.4,6952.2,6954.9
1526043600,6954.8,6970.9,6929.7,6940.7
1526058000,6940.4,6956.4,6924.6,6955.4
1526248800,6970.5,6987.3,6970,6985.8
1526263200,6986,6991.3,6982.3,6983.6
1526277600,6983.5,6984.6,6970.2,6978.6
1526292000,6978.7,6996.3,6967.1,6986.8
1526306400,6987.1,7010.6,6961.6,6973.8
1526320800,6973.6,6978.3,6955.6,6966.1
1526331600,6970.6,6973.8,6963.7,6967
1526346000,6967.1,6973.2,6956.5,6963
1526360400,6962.8,6963.1,6943.3,6952.7
1526374800,6952.6,6963.2,6901.5,6908.1
1526389200,6908.2,6914.7,6857.5,6879
1526403600,6879.2,6891.6,6851.7,6890.1
1526418000,6886.2,6886.7,6870.1,6882.1
1526432400,6882.2,6891.1,6876.6,6883.8
1526446800,6884,6901.2,6876.7,6889.5
1526461200,6889.3,6895.8,6876.8,6881.1
1526475600,6881.2,6947.7,6879.1,6939.9
1526490000,6940.2,6946.4,6916.6,6932.4
1526504400,6931.2,6938.2,6927,6933.2
1526518800,6933.4,6934.5,6919.9,6926.1
1526533200,6926.2,6926.5,6900.6,6902.9
1526547600,6902.7,6911.5,6892.1,6899.7
1526562000,6899.6,6955.6,6899.4,6911
1526576400,6910.9,6917.6,6868.9,6903.4
1526590800,6896.6,6930.3,6888.9,6924.3
1526605200,6924.2,6928.7,6915.7,6921.5
1526619600,6921.7,6929.9,6906,6916.9
1526634000,6916.7,6923.3,6863.4,6864
1526648400,6864.1,6899.9,6856.4,6884.9
1526662800,6885.1,6888.7,6866.9,6867.9
1526853600,6935.7,6941.8,6915.9,6926.2
1526868000,6926.2,6928.9,6918.4,6918.7
1526882400,6918.7,6922.6,6894.1,6914.4
1526896800,6914.5,6952,6910.3,6941.8
1526911200,6942.3,6947,6876.5,6911.8
1526925600,6911.9,6912.3,6878.3,6907.5
1526936400,6905.8,6909.7,6904.3,6906.4
1526950800,6906.3,6915.8,6905.7,6912.5
1526965200,6912.7,6928,6910.4,6926.7
1526979600,6926.4,6942.9,6925.9,6932.4
1526994000,6932.5,6950.3,6895.9,6905.7
1527008400,6905.8,6927.2,6885.8,6898.2
1527022800,6903,6904.1,6891.3,6897.5
1527037200,6897.7,6898.7,6863.5,6876.3
1527051600,6876.4,6879.8,6830.7,6836.3
1527066000,6836.1,6844.1,6825.8,6839.6
1527080400,6839.7,6909.1,6833.8,6904
1527094800,6903.8,6956.7,6887,6956.6
1527109200,6954.6,6955,6933.7,6938.5
1527123600,6938.2,6940.9,6921.4,6931.4
1527138000,6931.1,6970.1,6930.4,6968.5
1527152400,6968.3,6968.5,6938.3,6945.6
1527166800,6945.9,6964.6,6881.6,6942.9
1527181200,6943.1,6965.4,6941,6951.4
1527195600,6959,6970.9,6951.9,6966.9
1527210000,6966.8,6999.7,6963.7,6980.7
1527224400,6980.5,6985,6965.2,6979
1527238800,6979.2,6984,6947.3,6948.3
1527253200,6948.4,6986.1,6939.3,6970.9
1527267600,6971,6976.8,6952.3,6960.5
1527458400,6980.2,6997.8,6977.3,6991.9
1527472800,6991.7,7000.8,6989.7,7000.3
1527487200,7000.2,7005.2,6978.8,6979.5
1527501600,6979.4,6985.7,6967.9,6979.7
1527516000,6979.5,6996.3,6977.4,6990.7
1527541200,6989.6,6992.4,6978,6979.6
1527555600,6979.4,6979.4,6968.2,6972.7
1527570000,6972.6,6973.7,6892.9,6907.6
1527584400,6907.4,6940.1,6903,6937.1
1527598800,6937.4,6969.4,6888.1,6931.1
1527613200,6931,6938.2,6891.1,6930.1
1527627600,6943.3,6946.6,6925.6,6932.2
1527642000,6932.3,6947.5,6916.3,6937.5
1527656400,6937.3,6967.7,6926.3,6955.7
1527670800,6955.5,6975.5,6948.7,6956.3
1527685200,6956.2,6992.6,6940.6,6974.3
1527699600,6974.6,6989.6,6966.6,6980.8
1527714000,6976.9,6982.8,6970.9,6981.6
1527728400,6981.7,6988.8,6973.2,6987.3
1527742800,6987.5,7002.1,6982.8,6997.1
1527757200,6997.2,6997.8,6982.8,6991.5
1527771600,6991.3,7022,6956.7,7001.5
1527786000,7001.2,7002,6960,6975
1527800400,6979.7,6984.5,6978,6984.2
1527814800,6984.4,6992.7,6978,6985.7
1527829200,6985.6,7005,6981.4,6996
1527843600,6995.9,7013.4,6992,7012.2
1527858000,7012.4,7084.1,7007.2,7078.1
1527872400,7078.2,7089.4,7065.9,7084.9
1528063200,7081.2,7104.7,7073,7104
1528077600,7104.2,7109.6,7099.2,7106.3
1528092000,7106.2,7120.5,7101.1,7113.8
1528106400,7113.7,7128.2,7099,7122.2
1528120800,7122.3,7151.3,7102.2,7139.2
1528135200,7139,7150.2,7136.5,7146.7
1528146000,7146.5,7154.9,7141.7,7144.9
1528160400,7144.8,7145.9,7137.4,7145.1
1528174800,7145,7162.4,7138.4,7162
1528189200,7162.2,7174.7,7152.9,7156.2
1528203600,7156,7184.6,7139.7,7155.9
1528218000,7156,7173.9,7154,7171.7
1528232400,7181.1,7189.5,7177.3,7186.6
1528246800,7186.7,7203.6,7186.3,7202.1
1528261200,7202,7202.8,7183.3,7187.1
1528275600,7186.8,7195.8,7179.3,7179.6
1528290000,7179.5,7192.3,7142.6,7181.8
1528304400,7182,7214.6,7164.1,7213.7
1528318800,7215.7,7218.6,7210.1,7216.4
1528333200,7216.5,7228,7215.9,7224.4
1528347600,7224.2,7233.9,7217.2,7218.1
1528362000,7218,7222.9,7205.6,7209.1
1528376400,7208.9,7215.4,7132.6,7142.1
1528390800,7142.2,7162.4,7116.6,7152.6
1528405200,7156.9,7160.4,7149.5,7158.5
1528419600,7158.6,7160.4,7140.1,7144.1
1528434000,7144.4,7144.8,7078.2,7093
1528448400,7093.1,7121.8,7082.5,7113
1528462800,7112.8,7154,7101,7150.3
1528477200,7150.5,7163.1,7139.7,7152.6
1528668000,7135.4,7151.3,7129.8,7144.1
1528682400,7143.5,7150.8,7136.1,7140.1
1528696800,7139.8,7161.4,7136,7154.5
1528711200,7154.4,7172,7138.3,7165.9
1528725600,7166.1,7190.5,7146.9,7181
1528740000,7181.3,7186.8,7168.8,7171.8
1528750800,7169.3,7182.7,7164.4,7168.3
1528765200,7168.4,7178.6,7157.9,7175.3
1528779600,7175.4,7188.9,7161.8,7167.6
1528794000,7167.3,7182.7,7160.2,7182.4
1528808400,7182.6,7212.9,7175.4,7208.7
1528822800,7208.6,7219.2,7181.3,7213.3
1528837200,7214.9,7232,7214.9,7228.7
1528851600,7228.6,7234.2,7220.6,7226.3
1528866000,7226.4,7227.3,7207.4,7214.9
1528880400,7215.1,7227.4,7211.3,7218.2
1528894800,7218.3,7267.1,7217.4,7248.3
1528909200,7248.2,7255.6,7196.4,7209.2
1528923600,7211.2,7216.9,7208,7216
1528938000,7215.9,7219.5,7199.5,7203.9
1528952400,7204,7205.1,7181.8,7194.4
1528966800,7193.9,7239,7190.9,7234.8
1528981200,7234.5,7288.9,7233,7276.2
1528995600,7275.9,7297.4,7265.9,7286.4
1529010000,7280.9,7288.9,7278.9,7281.1
1529024400,7280.9,7294.9,7278.4,7288.8
1529038800,7289.1,7292.9,7262.6,7267.6
1529053200,7268.1,7285.2,7248.2,7253.7
1529067600,7253.8,7265.8,7221.7,7261.2
1529082000,7261.3,7270.6,7245.2,7257.4
1529272800,7261.3,7267.1,7211.9,7213.7
1529287200,7213.8,7221.8,7202.6,7218.2
1529301600,7218.3,7226.3,7213.1,7223.1
1529316000,7223.2,7223.4,7186.6,7212.7
1529330400,7212.4,7258.6,7204.3,7250
1529344800,7249.8,7257.6,7242.2,7252.4
1529355600,7250.9,7256.1,7201.1,7209.6
1529370000,7209.7,7215.2,7166.4,7185.1
1529384400,7185.3,7186.6,7138.6,7172.2
1529398800,7172.4,7184.4,7144.3,7161.4
1529413200,7161.6,7202.2,7135.4,7188.9
1529427600,7189.3,7231.7,7181.2,7230.2
1529442000,7229.4,7241.5,7223.1,7229.8
1529456400,7229.6,7237.8,7204.6,7236.6
1529470800,7236.8,7252.3,7235.3,7247.3
1529485200,7247.1,7269,7243.3,7265.3
1529499600,7265.4,7309.6,7257.6,7304
1529514000,7304.1,7313.9,7281,7283.6
1529528400,7295.2,7306.7,7290.7,7301.2
1529542800,7301.5,7335.5,7300.5,7321
1529557200,7320.8,7327.6,7289.1,7292.3
1529571600,7292.6,7297.7,7266.7,7285.5
1529586000,7285.2,7307.5,7212.7,7222.1
1529600400,7222,7243,7204.3,7218.7
1529614800,7201,7215.3,7201,7213.5
1529629200,7213.6,7223.4,7208.5,7219.5
1529643600,7219.4,7244.5,7215.1,7241.3
1529658000,7241.4,7252.4,7235.4,7245.1
1529672400,7245.2,7247.4,7177.1,7215.1
1529686800,7215,7228,7190.6,7195.7
1529877600,7197.1,7202.3,7158.6,7173.1
1529892000,7173.2,7177.5,7153.4,7157.4
1529906400,7157.5,7172.3,7132.5,7138.6
1529920800,7138.8,7152.8,7091,7098
1529935200,7098.1,7108.8,6988,7013.4
1529949600,7013.5,7052.8,6975.3,7038.5
1529960400,7051.1,7061,7035,7052.7
1529974800,7052.6,7058.5,7020.8,7046.7
1529989200,7046.8,7068.2,7038.5,7057.9
1530003600,7058,7073.4,7042.1,7066.6
1530018000,7066.4,7095.4,7040.5,7091.3
1530032400,7091.4,7110.9,7062.3,7070.7
1530046800,7082.8,7100.4,7074.7,7093.6
1530061200,7093.7,7098.2,7068.3,7084.1
1530075600,7083.9,7084.6,6994.3,6998.9
1530090000,6998.8,7098.9,6997.8,7079.3
1530104400,7079.2,7132.7,7051.4,7051.7
1530118800,7051.6,7060.1,6969.2,6970.3
1530133200,6977,6997.8,6977,6987.8
1530147600,6987.7,7005.9,6983.9,7002.7
1530162000,7002.9,7020.2,6977.8,6998.3
1530176400,6998.4,7010.2,6937.4,6947.9
1530190800,6947.8,7023.1,6947.6,7000.8
1530205200,7001.1,7057.4,6997.6,7034.8
1530219600,7044.2,7050,7029.3,7035.1
1530234000,7034.9,7083.1,7027,7073.8
1530248400,7073.5,7095.5,7059.3,7091.8
1530262800,7091.6,7092.9,7050.1,7064
1530277200,7064.1,7105,7060,7068.3
1530291600,7068.4,7088.5,7043.3,7043.8
1530482400,7058.6,7069.8,7031.1,7064.1
1530496800,7064.1,7068.1,7012.3,7012.8
1530511200,7012.9,7018.6,6974.3,6999.4
1530525600,6999.3,7019.6,6969.7,7016.9
1530540000,7016.8,7055.3,7006.2,7052.3
1530554400,7052.2,7100.9,7051.1,7100.4
1530565200,7093.3,7098.7,7086.7,7090.7
1530579600,7090.8,7118.8,7079.2,7088.5
1530594000,7088.6,7125.8,7081.9,7123.1
1530608400,7123.2,7147.3,7116.8,7134.6
1530622800,7134.4,7135.6,7009.3,7015
1530637200,7014.9,7020.8,7005,7005.5
1530651600,7011.9,7018.4,7005.4,7010.3
1530666000,7010.6,7025.4,7007.1,7022.4
1530680400,7022.2,7031.8,7016.5,7028.7
1530694800,7028.8,7035.7,7018.5,7026.5
1530709200,7026.3,7030,7007.5,7025.5
1530738000,7020.1,7029.4,7008.1,7008.2
1530752400,7007.8,7024.2,6998.9,7010.3
1530766800,7010.4,7039.8,7002.4,7034.9
1530781200,7034.8,7076.3,7031.9,7064.8
1530795600,7064.9,7096.6,7024.3,7092.4
1530810000,7092.6,7108.8,7064.1,7102.8
1530824400,7097.1,7103.7,7083.7,7098.7
1530838800,7098.8,7133.5,7088,7116.8
1530853200,7116.7,7139.5,7089.8,7107.1
1530867600,7107.2,7133.1,7087.2,7111.2
1530882000,7111.1,7205.5,7106,7199
1530896400,7199,7220.2,7193.8,7210.2
1531087200,7219.3,7246.2,7216.5,7244.8
1531101600,7245,7252,7237.7,7239.6
1531116000,7239.4,7249.1,7235.5,7246.5
1531130400,7246.6,7264.7,7239.7,7246.5
1531144800,7246.2,7256.7,7223.2,7254
1531159200,7254.1,7280.7,7248.5,7279.2
1531170000,7281.7,7318.5,7281.1,7314.4
1531184400,7314.2,7315.7,7305.6,7309.1
1531198800,7309,7311.4,7289.1,7294.4
1531213200,7294.5,7309.6,7287.6,7289.6
1531227600,7289.9,7300.6,7271.4,7290.6
1531242000,7290.5,7293.6,7259.1,7284.4
1531256400,7252.1,7256.4,7214.5,7216.5
1531270800,7216.4,7231.8,7188.3,7221.8
1531285200,7221.5,7223,7197.1,7219.4
1531299600,7219.5,7245.4,7210.5,7228.6
1531314000,7228.4,7273.5,7221.4,7244.6
1531328400,7244.7,7263.9,7232.8,7244.7
1531342800,7240.6,7248.4,7233,7244.1
1531357200,7244.3,7276.3,7241.3,7269.9
1531371600,7269.8,7279.1,7249.1,7260
1531386000,7260.1,7284.3,7258.5,7281.8
1531400400,7281.9,7352.6,7272.1,7349.1
1531414800,7349.3,7370.5,7340.7,7368.5
1531429200,7365.1,7386.4,7364.6,7385.9
1531443600,7386.1,7397.2,7379.3,7396.3
1531458000,7396.2,7398.1,7379.6,7380.2
1531472400,7380.3,7380.3,7361.8,7366.7
1531486800,7366.9,7388.9,7351.3,7382.2
1531501200,7382.1,7384.2,7363.4,7376.8
1531692000,7386.6,7398.2,7385.9,7385.9
1531706400,7385.7,7389.6,7378.6,7381.9
1531720800,7382.1,7394.7,7378.9,7390.9
1531735200,7390.8,7392.2,7367.4,7384.2
1531749600,7384.4,7390.4,7360.4,7370.8
1531764000,7370.9,7372.9,7348.4,7361.1
1531774800,7302.3,7318.4,7300.8,7314.4
1531789200,7314.6,7324.4,7296.8,7311.8
1531803600,7311.9,7311.9,7282.9,7302.6
1531818000,7302.4,7309.8,7289.2,7294.7
1531832400,7294.6,7407.5,7277.7,7396.8
1531846800,7397,7420,7395,7405.6
1531861200,7410.4,7421.3,7410.3,7419.5
1531875600,7419.6,7421.8,7407.8,7412.5
1531890000,7412.6,7413.8,7398,7404.6
1531904400,7404.8,7407.8,7389.5,7396.8
1531918800,7396.9,7410.8,7365.1,7392.6
1531933200,7392.5,7401.1,7384.9,7388.6
1531947600,7385.3,7396.1,7384.3,7393.7
1531962000,7393.6,7400.2,7385.4,7386.5
1531976400,7386.6,7390.5,7370,7377.2
1531990800,7377.4,7379.5,7355.7,7358.9
1532005200,7358.7,7386.1,7342.3,7353.7
1532019600,7353.6,7376.2,7341.4,7351.3
1532034000,7367,7386.4,7365.6,7384.7
1532048400,7384.8,7390.4,7334.9,7358.3
1532062800,7358.4,7381.7,7357.4,7378.2
1532077200,7378.1,7384.9,7336.6,7354.7
1532091600,7354.6,7397.9,7351.4,7366.7
1532106000,7366.9,7371.9,7339.8,7346.8
1532296800,7358.3,7359.2,7320.1,7326.2
1532311200,7326.4,7328.1,7312.2,7322
1532325600,7321.9,7331,7312.9,7318.6
1532340000,7318.5,7338.9,7296.4,7318.7
1532354400,7318.5,7366.6,7316.6,7361.1
1532368800,7361,7375.2,7359.9,7367.7
1532379600,7403.6,7427,7402.2,7421.4
1532394000,7421.8,7432.6,7414.2,7427.1
1532408400,7427,7428.2,7407.6,7420.7
1532422800,7420.9,7448.1,7420.9,7441.1
1532437200,7441,7474.6,7386.4,7393.1
1532451600,7393,7404,7371.4,7401.6
1532466000,7396.6,7399.9,7382.2,7386.8
1532480400,7386.9,7398.9,7383.9,7390.7
1532494800,7390.9,7406.8,7388.6,7402.6
1532509200,7402.4,7412.6,7389.8,7406.1
1532523600,7405.9,7461.5,7399.6,7456.6
1532538000,7456.8,7512.5,7447.8,7508
1532552400,7393.3,7416.5,7388.8,7407.5
1532566800,7407.7,7417.6,7379.4,7394.5
1532581200,7394.6,7401.3,7385,7389.5
1532595600,7389.6,7414.9,7385.4,7396.5
1532610000,7396.6,7428.9,7383.2,7396.4
1532624400,7396.3,7408.9,7389.9,7395.9
1532638800,7420.6,7427,7415.4,7425.3
1532653200,7425,7436.5,7416.8,7435
1532667600,7435.3,7437.8,7430.6,7434.1
1532682000,7434.3,7454.8,7419.5,7442
1532696400,7442.3,7445.4,7270.5,7271.5
1532710800,7271.6,7310.9,7251.5,7293.5
1532901600,7286.3,7288.1,7262.7,7271.8
1532916000,7271.7,7273.1,7239.8,7253.8
1532930400,7253.7,7288.2,7253.1,7279.1
1532944800,7279.2,7298.9,7200.2,7212.8
1532959200,7212.7,7239.3,7156.2,7202.6
1532973600,7201.8,7204.6,7201.5,7202.1
1532984400,7199.6,7205,7180.6,7196.7
1532998800,7196.6,7207,7185.2,7203.7
1533013200,7203.8,7214,7192.4,7199.7
1533027600,7199.9,7219.7,7194.9,7208.6
1533042000,7208.5,7273.4,7179,7255.5
1533056400,7255.4,7261.1,7223.1,7234.4
1533070800,7282.1,7282.7,7238.4,7254.7
1533085200,7254.6,7261.5,7243.1,7256.9
1533099600,7257,7270,7244.6,7251.5
1533114000,7251.4,7258.4,7244.4,7257.5
1533128400,7257.4,7294.1,7242.7,7258
1533142800,7257.9,7277.6,7232.6,7271.5
1533157200,7280.6,7283.9,7275.3,7280.9
1533171600,7281,7282.4,7242.1,7253.6
1533186000,7253.7,7257.9,7226,7227.1
1533200400,7227.3,7227.5,7204.8,7216.9
1533214800,7216.8,7350.3,7209.8,7340.9
1533229200,7341.1,7380.3,7341.1,7374.6
1533243600,7378.6,7383.4,7375.3,7379.6
1533258000,7379.7,7382.2,7370.8,7376.6
1533272400,7376.4,7380.8,7369.5,7375.3
1533286800,7375.1,7405.1,7372.5,7374.8
1533301200,7374.6,7393.5,7352.5,7375.3
1533315600,7375.4,7392.4,7370.8,7391.3
1533506400,7402.2,7413.4,7393.6,7409.9
1533520800,7410.1,7414.4,7399.5,7401.1
1533535200,7400.9,7403.4,7384.3,7401.1
1533549600,7401,7408.1,7377.8,7401
1533564000,7401.3,7438.1,7386.8,7422.3
1533578400,7422.1,7438.3,7420.3,7436.8
1533589200,7432.6,7439.1,7430.6,7437.9
1533603600,7438,7451.4,7435.3,7448.2
1533618000,7448.3,7464.8,7446.2,7461.4
1533632400,7461.3,7462.4,7451.3,7455.1
1533646800,7455.3,7477.1,7440.7,7469.2
1533661200,7469.3,7474.6,7456.1,7462.1
1533675600,7464.6,7471.7,7461.4,7467.8
1533690000,7467.7,7472.2,7459.4,7461.2
1533704400,7461,7466.6,7454.5,7465.2
1533718800,7465.1,7471.3,7444.4,7448.8
1533733200,7448.5,7486.1,7433,7467.6
1533747600,7467.5,7482.6,7462.8,7468.1
1533762000,7455.2,7460.8,7449.8,7452.7
1533776400,7452.4,7469.9,7449.8,7468.1
1533790800,7468.2,7470.4,7458.3,7466.7
1533805200,7466.4,7477.2,7461.8,7467.6
1533819600,7467.7,7492.8,7455.8,7487.8
1533834000,7487.7,7496.3,7460.8,7465.4
1533848400,7457.8,7460.7,7443.6,7444
1533862800,7444.2,7456.6,7444.1,7447
1533877200,7447.1,7447.3,7417.5,7428.5
1533891600,7428.6,7435.3,7412.9,7419.7
1533906000,7419.6,7435.3,7401.2,7423.8
1533920400,7423.7,7425,7379.5,7407.7
1534111200,7402.6,7408.9,7384.6,7385.3
1534125600,7385.2,7393.4,7368.1,7383.3
1534140000,7383.4,7400.8,7373.7,7388.1
1534154400,7388.1,7450.5,7383.6,7448.5
1534168800,7448.7,7468.7,7396.2,7416.5
1534183200,7416.6,7435.2,7396.2,7400.5
1534194000,7410,7427.7,7410,7427.4
1534208400,7427.5,7431.5,7415.5,7427.7
1534222800,7427.6,7454.9,7423.2,7438.1
1534237200,7438,7449.4,7431,7435.1
1534251600,7435.2,7454.5,7387.3,7441
1534266000,7441.1,7454,7435.7,7446.5
1534280400,7451.3,7453.7,7445.9,7446.7
1534294800,7446.6,7447.7,7430.6,7435.8
1534309200,7435.7,7447.3,7430.8,7441.1
1534323600,7441.2,7441.8,7374.1,7379.5
1534338000,7379.3,7407.6,7306.1,7342.7
1534352400,7343,7364.5,7317,7356.6
1534366800,7367.6,7371,7352.4,7359.3
1534381200,7359.4,7411,7354.7,7389.8
1534395600,7390.3,7406.8,7382.8,7404.6
1534410000,7404.4,7420.1,7395.3,7397.3
1534424400,7397.4,7423.1,7385.7,7407.9
1534438800,7407.8,7413.8,7361.1,7374.6
1534453200,7369.3,7369.6,7357.7,7365.2
1534467600,7365.3,7385.9,7365.2,7373.7
1534482000,7373.9,7383.6,7367.2,7378.7
1534496400,7378.8,7379.2,7345.8,7357.1
1534510800,7357.2,7371.1,7310.8,7340.4
1534525200,7340.3,7395.8,7338.5,7378.2
1534716000,7383.5,7392,7376,7384.5
1534730400,7384.6,7393.4,7381.1,7385.2
1534744800,7385.6,7410.4,7385.4,7404.4
1534759200,7404.3,7407.9,7350.1,7354.9
1534773600,7354.6,7382.1,7341.4,7381.9
1534788000,7382.1,7386.9,7368.6,7370.2
1534798800,7368.1,7373.1,7358.9,7363.7
1534813200,7363.6,7382.4,7362,7376.9
1534827600,7377,7388.5,7375.6,7388.2
1534842000,7388.3,7400.3,7387.9,7391.2
1534856400,7390.9,7442.2,7388.2,7438
1534870800,7438.1,7439.7,7388.7,7397.2
1534885200,7364.9,7369.6,7341.8,7355.6
1534899600,7355.7,7378.8,7352,7370.3
1534914000,7370.2,7379.2,7360,7378.5
1534928400,7378.5,7395.2,7368.5,7378
1534942800,7377.8,7431.6,7371.4,7415.9
1534957200,7415.6,7434.4,7410.1,7425.4
1534971600,7424.9,7431.6,7421.7,7422.6
1534986000,7422.7,7426.8,7407.1,7413.1
1535000400,7412.8,7428.3,7406.7,7426.7
1535014800,7426.8,7427.4,7412.9,7418.8
1535029200,7418.9,7464.9,7401.3,7426.7
1535043600,7426.6,7439.7,7407.8,7413.1
1535058000,7415.4,7427.1,7410.7,7425.4
1535072400,7425.6,7434.9,7417.8,7432.1
1535086800,7432.2,7436.2,7424.6,7433.2
1535101200,7433.3,7440.7,7428.2,7435.1
1535115600,7434.8,7489.8,7434.8,7482.3
1535130000,7482.3,7488.3,7467.3,7483.3
1535320800,7490.5,7519.3,7490.5,7511.6
1535335200,7511.5,7520,7508.1,7514.3
1535349600,7514.3,7523.9,7510.5,7517.5
1535364000,7517.3,7535.2,7509.8,7533
1535378400,7533.3,7559.3,7530.3,7553.5
1535392800,7553.8,7559.5,7546.5,7558.8
1535403600,7565.8,7579.9,7564.9,7577.9
1535418000,7578.1,7583.2,7566.7,7566.7
1535432400,7566.8,7574.6,7562.4,7568.2
1535446800,7567.9,7584.9,7567.2,7577.7
1535461200,7577.9,7589.2,7556.4,7573.7
1535475600,7573.8,7580.9,7559.9,7571.4
1535490000,7574.2,7585.2,7574.2,7582.7
1535504400,7582.5,7592.1,7580.9,7591.4
1535518800,7591.2,7591.9,7584.7,7585.9
1535533200,7586.1,7590.6,7573.6,7577.1
1535547600,7577,7651.6,7575.9,7648.9
1535562000,7648.6,7664.1,7641.4,7659.1
1535576400,7664.2,7666.7,7656.7,7660.2
1535590800,7660.3,7663.4,7650.1,7652.9
1535605200,7652.8,7655.2,7639.9,7644.7
1535619600,7644.4,7654.4,7639.4,7645.2
1535634000,7645.3,7684.9,7634.6,7682.9
1535648400,7683.1,7689.2,7617.5,7644.7
1535662800,7634.8,7639.6,7627.9,7636.3
1535677200,7636.4,7650.9,7636.4,7648.4
1535691600,7648.3,7655.7,7628.9,7638.8
1535706000,7638.7,7645.9,7629.2,7630.7
1535720400,7630.4,7674.9,7628,7649.4
1535734800,7649.3,7657.2,7626.1,7652.6
1535925600,7665.3,7671.3,7658.4,7669.2
1535940000,7669.1,7669.7,7656.5,7659.7
1535954400,7659.6,7671.8,7652.5,7665.1
1535968800,7665.2,7673.8,7660.5,7669.1
1535983200,7668.9,7680.8,7665.8,7674.9
1536008400,7672.1,7677.9,7657.7,7664.6
1536022800,7664.6,7671.8,7651.1,7668.5
1536037200,7668.5,7686.9,7667,7671.4
1536051600,7671.5,7671.7,7623,7632.7
1536066000,7632.7,7644.2,7581,7607.2
1536080400,7607.3,7630,7600.7,7623.7
1536094800,7632.6,7635,7621.9,7628.2
1536109200,7628.1,7638.2,7624.6,7625.9
1536123600,7625.8,7626.5,7590.3,7600.7
1536138000,7600.6,7616.8,7594.6,7606.1
1536152400,7606.2,7619.4,7498.3,7534.2
1536166800,7534.1,7555,7505.4,7531.6
1536181200,7525.7,7529.8,7518.5,7522.3
1536195600,7522.4,7534.3,7516,7521
1536210000,7520.9,7535.4,7504.5,7535.1
1536224400,7535,7538.9,7512.4,7534.5
1536238800,7534.4,7536.9,7409.7,7416.4
1536253200,7416,7464.9,7402.5,7449.1
1536267600,7448,7451.9,7422.9,7429.6
1536282000,7429.4,7448.5,7423.2,7436.2
1536296400,7436.1,7457.3,7433.7,7439.3
1536310800,7439.1,7449.6,7401.2,7401.4
1536325200,7401.6,7489.4,7388.3,7459.6
1536339600,7459.7,7459.7,7418.8,7428.8
1536530400,7429.6,7458.8,7428.6,7450
1536544800,7450.1,7457.9,7444.1,7452.1
1536559200,7452.2,7476,7448.8,7471.2
1536573600,7471.3,7480.1,7429.3,7440.4
1536588000,7440.3,7455.4,7410.7,7447.8
1536602400,7447.9,7458.6,7442.5,7456.4
1536613200,7457.6,7474.3,7453,7470
1536627600,7469.9,7483.4,7466.1,7480
1536642000,7479.9,7481,7441.8,7450.3
1536656400,7450.1,7450.6,7418.5,7422.5
1536670800,7422.6,7521.1,7401.1,7509.4
1536685200,7509.5,7514.3,7484,7509.9
1536699600,7514.4,7519.2,7504.8,7508.4
1536714000,7508.6,7510.5,7499.9,7507.4
1536728400,7507.2,7538.1,7504.1,7535.6
1536742800,7535.3,7536.1,7496.7,7499.5
1536757200,7499.4,7503.3,7422.2,7470.8
1536771600,7470.7,7492,7455.4,7479.3
1536786000,7476.3,7492.1,7473.1,7490
1536800400,7490.1,7490.1,7468.7,7469.3
1536814800,7469,7494.7,7466.7,7493.8
1536829200,7493.9,7530.2,7487.3,7519.5
1536843600,7519.4,7579.5,7519.4,7566.3
1536858000,7566.4,7568.6,7544,7562.5
1536872400,7559.1,7575.4,7556.5,7571.8
1536886800,7571.7,7575.8,7561.9,7569.1
1536901200,7569.2,7595.7,7568.1,7592.8
1536915600,7592.7,7593.8,7574.1,7574.3
1536930000,7574.4,7582.3,7517.2,7528.4
1536944400,7528.6,7553.6,7509.9,7541.6
1537135200,7533.6,7536.7,7522.3,7528.6
1537149600,7528.5,7536.4,7524.9,7529.1
1537164000,7529.1,7546.8,7521.5,7532
1537178400,7531.9,7538.3,7490.5,7503
1537192800,7502.8,7503.8,7454.9,7480.6
1537207200,7480.6,7486.5,7429.7,7435.6
1537218000,7435.7,7435.8,7394.4,7404.9
1537232400,7404.8,7429.6,7403,7424.3
1537246800,7424.6,7456.8,7420.2,7451.1
1537261200,7451.3,7462.2,7438.3,7455.8
1537275600,7455.9,7536.1,7437.3,7510.7
1537290000,7510.8,7525.7,7492.5,7500.9
1537304400,7503.1,7512,7487.3,7495.7
1537318800,7495.8,7509.2,7490.8,7500.3
1537333200,7500.2,7509.3,7495.1,7497.8
1537347600,7497.9,7500.5,7478.7,7492.3
1537362000,7492.4,7517.9,7443.1,7471.1
1537376400,7470.9,7501.8,7459.9,7501.3
1537390800,7501.2,7508.3,7498.8,7502.3
1537405200,7502.3,7506.6,7492.6,7495.8
1537419600,7495.9,7501.2,7486.4,7496.7
1537434000,7496.6,7548.6,7494.7,7544.9
1537448400,7545.4,7583.4,7525.4,7575.9
1537462800,7576.1,7589.4,7566.6,7585.9
1537477200,7574.8,7588.4,7572.3,7584.8
1537491600,7584.6,7591.4,7578.6,7591.1
1537506000,7591.3,7610.4,7590.4,7598.2
1537520400,7598.3,7598.8,7575.6,7594.7
1537534800,7594.9,7608,7548.4,7567.4
1537549200,7567.2,7569.4,7520.5,7520.9
1537740000,7506.7,7507.7,7482.4,7493.2
1537754400,7493.1,7500.2,7491,7494.5
1537768800,7494.6,7502,7484.9,7494.4
1537783200,7494.4,7511.9,7449,7503.8
1537797600,7503.7,7550.9,7492.5,7548.6
1537812000,7548.8,7569.1,7539.5,7566.6
1537822800,7567.3,7567.7,7552.4,7552.8
1537837200,7552.7,7558.4,7549.2,7556.9
1537851600,7556.8,7561.9,7549.7,7557.7
1537866000,7557.6,7578.9,7557.4,7565.1
1537880400,7564.9,7568.9,7526.2,7556.2
1537894800,7556.4,7574.4,7549.4,7573.6
1537909200,7574,7583.4,7571.5,7581.4
1537923600,7581.6,7600.4,7581.2,7597.9
1537938000,7597.8,7604.5,7593,7598.6
1537952400,7598.5,7600.6,7578.9,7585.5
1537966800,7585.3,7618.3,7568.5,7611.8
1537981200,7611.6,7643.5,7553,7566.1
1537995600,7566.1,7586.3,7563,7584.1
1538010000,7584.1,7590.9,7570.4,7579.5
1538024400,7579.6,7582.1,7561.7,7569.1
1538038800,7569,7595.5,7567.3,7594.5
1538053200,7594.4,7662,7592.1,7658.4
1538067600,7658.3,7659.3,7626.8,7640.1
1538082000,7640,7642.8,7631,7638.6
1538096400,7638.8,7650.5,7638.5,7643.8
1538110800,7643.5,7644.3,7618.5,7636.1
1538125200,7636.2,7638,7593.3,7608
1538139600,7608.1,7652.8,7599.4,7625
1538154000,7624.9,7644.8,7613.3,7643.8
1538344800,7655.3,7673.3,7653.4,7668.8
1538359200,7668.7,7691.3,7668.1,7684.5
1538373600,7684.3,7697.3,7676,7695.8
1538388000,7695.6,7703.3,7669,7697.2
1538402400,7697.4,7706.3,7660.3,7667.9
1538416800,7668,7668.3,7629.6,7651.9
1538427600,7649.3,7655.2,7644.8,7651.1
1538442000,7650.9,7650.9,7632.5,7642.2
1538456400,7642.1,7642.7,7608.8,7613.9
1538470800,7614.1,7638.6,7607.8,7632.2
1538485200,7632.3,7690.2,7611.2,7660.8
1538499600,7660.7,7672.3,7614.6,7635.5
1538514000,7634.1,7636.2,7619.7,7626.9
1538528400,7627.2,7653.7,7621.1,7640.9
1538542800,7640.8,7654.6,7631.4,7651.6
1538557200,7651.6,7668.4,7641.8,7667.3
1538571600,7667.3,7681.7,7641.7,7664.9
1538586000,7665,7676,7623.7,7629.4
1538600400,7620.1,7625.9,7608.6,7618.6
1538614800,7618.9,7618.9,7597.4,7608
1538629200,7607.9,7608.1,7583,7589.5
1538643600,7589.4,7608.4,7579.5,7602.7
1538658000,7602.6,7610.2,7464.6,7472
1538672400,7472.1,7501.1,7434.1,7501
1538686800,7497.7,7512.8,7489.9,7510.8
1538701200,7510.9,7518.2,7481,7500.1
1538715600,7500.3,7505.5,7457.8,7467.8
1538730000,7467.7,7504.8,7448.2,7478.6
1538744400,7478.5,7513,7340.6,7352.9
1538758800,7353.1,7425.5,7325.1,7416.7
1538949600,7430.7,7432.7,7393.1,7411.7
1538964000,7411.6,7421.4,7402.5,7414.7
1538978400,7414.8,7416.6,7367.1,7389.1
1538992800,7389,7404.7,7339.8,7394.1
1539007200,7394,7419.1,7266.7,7306.9
1539021600,7307.2,7374.7,7305.5,7372.1
1539032400,7371.3,7373.8,7361.3,7368.9
1539046800,7368.8,7379.3,7359,7370
1539061200,7370.1,7373.1,7344.4,7356.3
1539075600,7356.4,7361.6,7317.8,7358.4
1539090000,7358.5,7436.2,7342.4,7370.9
1539104400,7370.7,7395.3,7350.6,7375.5
1539118800,7375.3,7389.1,7371.8,7386.2
1539133200,7386,7391.9,7361.4,7375.1
1539147600,7375.2,7393.3,7362.6,7364.8
1539162000,7364.9,7376.9,7327.2,7334
1539176400,7333.9,7339.9,7182.5,7202.5
1539190800,7202.3,7243.6,6981,6985.1
1539205200,6997.4,7027.9,6977.4,7010.7
1539219600,7010.7,7011.8,6908.9,6948.7
1539234000,6948.6,7026.2,6918.1,6956.5
1539248400,6956.8,7033.9,6930.7,7013.3
1539262800,7013.1,7123.1,6961.1,7057.1
1539277200,7057.3,7083.3,6893.3,7027.2
1539291600,7027.1,7085.2,7018.9,7064.8
1539306000,7064.9,7107.5,7058.9,7107
1539320400,7107.1,7153.5,7097,7101.7
1539334800,7101.6,7137,7094.9,7118.4
1539349200,7118.5,7159.6,7020.5,7069.2
1539363600,7069.3,7182.2,7046.6,7168.3
1539554400,7150.4,7157.3,7114.8,7142.6
1539568800,7142.5,7149.8,7111,7112.3
1539583200,7112.3,7117.2,7067,7100.1
1539597600,7100.2,7157.3,7087.2,7092.7
1539612000,7092.5,7148.2,7043.9,7134.8
1539626400,7135,7148,7052.9,7055.8
1539637200,7058.8,7098.3,7046,7090
1539651600,7089.9,7114.8,7079.5,7093.7
1539666000,7093.5,7112.3,7090.5,7103.7
1539680400,7103.9,7139.7,7091.9,7135.5
1539694800,7135.6,7231.3,7133.1,7230.2
1539709200,7230.1,7344.2,7226.9,7327.8
1539723600,7323.2,7333.6,7320.3,7332.6
1539738000,7332.5,7335.3,7320.8,7326.4
1539752400,7326.6,7354.7,7317.6,7324.2
1539766800,7323.9,7327.1,7294,7305.6
1539781200,7305.7,7321.6,7208.4,7279.8
1539795600,7279.9,7310.3,7234.6,7302.1
1539810000,7290.8,7293.6,7265.2,7273.6
1539824400,7273.7,7278.2,7254.3,7271.8
1539838800,7271.6,7291.7,7252.1,7278.6
1539853200,7278.7,7283.9,7249.2,7267.7
1539867600,7267.6,7269.2,7113.5,7142.5
1539882000,7142.7,7149.4,7081.3,7142.1
1539896400,7139.9,7154.5,7126.5,7152.4
1539910800,7152.5,7166.1,7139.5,7159.8
1539925200,7159.9,7183.2,7122.8,7139.1
1539939600,7139.2,7181,7134.8,7166
1539954000,7166.1,7231.5,7088.5,7128.2
1539968400,7128.3,7150.2,7080.7,7092.3
1540159200,7073.5,7100.1,7045.9,7087.5
1540173600,7087.2,7127.1,7085.9,7123
1540188000,7123.2,7146.2,7118.9,7126.6
1540202400,7126.5,7171.6,7090.1,7102.2
1540216800,7102.3,7199.1,7089.1,7140
1540231200,7140.1,7187.1,7135.9,7146.7
1540242000,7142.6,7148.8,7091.5,7110.5
1540256400,7110.6,7122.5,7070.5,7076.7
1540270800,7076.8,7087.9,7031.2,7038.6
1540285200,7038.5,7052.7,7005.3,7026
1540299600,7025.9,7074.9,6933.4,7045.3
1540314000,7045.4,7153,7041.9,7129.9
1540328400,7126.9,7131.3,7107.1,7118.2
1540342800,7118.1,7163.5,7093.8,7142.1
1540357200,7142.2,7143.7,7044.1,7045.2
1540371600,7044.9,7138,7041.8,7127.8
1540386000,7127.9,7132.9,6973.1,7011
1540400400,7010.8,7010.8,6775.4,6865.5
1540414800,6861.4,6864.4,6807,6860.3
1540429200,6860.4,6882.7,6835.7,6841.3
1540443600,6841.4,6913.9,6824.6,6909.4
1540458000,6909.3,6956.9,6880.8,6887.8
1540472400,6887.4,7001.4,6863.6,6975.8
1540486800,6976,7065.9,6877.9,6880.2
1540501200,6865.6,6890.4,6833.5,6860.1
1540515600,6860,6875.9,6795.2,6828.3
1540530000,6828.4,6869.8,6804.4,6817.7
1540544400,6817.4,6817.7,6725.2,6801.2
1540558800,6801.3,6956.4,6741.2,6931.6
1540573200,6931.5,6976.9,6796.5,6859.1
1540764000,6886.3,6940.6,6886,6901.9
1540778400,6901.6,6917,6885.8,6892.6
1540792800,6892.3,6952.6,6874.8,6947.9
1540807200,6947.9,6983.6,6913.2,6936.1
1540821600,6936.1,6974.7,6778.6,6818.3
1540836000,6818.4,6820.1,6572.7,6713.4
1540846800,6709.8,6763.9,6694.3,6754.5
1540861200,6754.6,6787.6,6730.1,6777
1540875600,6776.7,6786.4,6754.5,6765.8
1540890000,6765.7,6776.2,6710,6716.4
1540904400,6716.4,6803.7,6652.7,6727.2
1540918800,6727.4,6841.1,6669.3,6835.1
1540933200,6844.3,6846.4,6808.4,6820.4
1540947600,6820.3,6845.5,6814.9,6832.7
1540962000,6832.8,6888.2,6831.6,6885.3
1540976400,6885.1,6921.3,6857.2,6913.8
1540990800,6913.9,7015.6,6908.2,6988.9
1541005200,6988.8,7030.5,6945.2,6950.7
1541019600,6950.6,6979.5,6950.6,6975.2
1541034000,6975.4,7000.1,6967.6,6981.1
1541048400,6981,6986,6943.4,6980.1
1541062800,6980.4,7007.2,6963.9,6968.9
1541077200,6969,7044.7,6928.5,7043.1
1541091600,7042.9,7071.8,6992.9,7021.4
1541106000,7020.6,7030.4,6968.9,7020.6
1541120400,7020.4,7063.7,6999.3,7060.9
1541134800,7061,7135.3,7058.5,7094.6
1541149200,7094.6,7098.5,7048.6,7060.6
1541163600,7060.8,7083.3,6908.6,6923.6
1541178000,6923.6,6978.1,6904.7,6968.4
1541372400,6966.3,6969.8,6938.9,6963
1541386800,6962.9,6976.3,6956.1,6972.6
1541401200,6972.3,6981.8,6950.3,6976.7
1541415600,6976.7,6992.6,6892.7,6899.3
1541430000,6900.4,6917,6859.2,6905.5
1541444400,6905.5,6952.3,6899.9,6943.4
1541455200,6935.8,6962.6,6934.5,6938.8
1541469600,6938.7,6946.9,6928.8,6942.2
1541484000,6942.3,6957.6,6905.6,6908
1541498400,6908.1,6929.2,6900.4,6920.5
1541512800,6920.5,7027.9,6920,6984.3
1541527200,6984.4,7015.7,6925.8,7007.2
1541541600,7004.1,7054.4,6965.3,7044.6
1541556000,7044.6,7073.4,7014.2,7024
1541570400,7023.6,7115.8,7016.6,7109.4
1541584800,7109.3,7112.9,7064.2,7066.4
1541599200,7066.5,7177,7050.5,7167.1
1541613600,7166.9,7218.2,7146.5,7213.4
1541628000,7203.1,7221,7189.6,7191.1
1541642400,7191.2,7202.5,7184.8,7190.9
1541656800,7191.1,7206.5,7175.2,7175.5
1541671200,7175.6,7181.8,7152.5,7170.4
1541685600,7170.5,7192.7,7144,7159.6
1541700000,7159.5,7178.8,7122.6,7140.2
1541714400,7135.5,7156.8,7132.6,7141
1541728800,7140.9,7155.2,7124.1,7135.2
1541743200,7135.4,7140.4,7098.8,7116.3
1541757600,7116.2,7119.3,7083.8,7098.9
1541772000,7098.8,7107,7005.5,7016.6
1541786400,7016.5,7058.5,6979.8,7027.5
1541977200,7021.6,7066.9,7004.4,7065.8
1541991600,7065.9,7095.7,7057.2,7068.6
1542006000,7068.7,7074.8,7025.9,7044.6
1542020400,7044.6,7045.6,6916,6921.9
1542034800,6921.8,6930.1,6818.1,6864.8
1542049200,6864.7,6899.7,6819.5,6832.7
1542060000,6832.8,6847.6,6794.3,6820.6
1542074400,6820.4,6882.1,6811.6,6860.6
1542088800,6860.4,6897.1,6833.2,6860
1542103200,6859.9,6902,6852.2,6862.2
1542117600,6862.4,6954.5,6827.7,6867.1
1542132000,6867.2,6895.3,6811.5,6848.9
1542146400,6845.5,6888.6,6844.5,6861.2
1542160800,6861.3,6866.3,6834.9,6843.1
1542175200,6843.2,6847.8,6766.7,6793.1
1542189600,6793.2,6889.3,6789.5,6877.3
1542204000,6877.4,6919.1,6766.4,6773.8
1542218400,6773.6,6842.7,6736.6,6772.5
1542232800,6765.2,6795.5,6741.2,6749.9
1542247200,6749.6,6783.4,6747.1,6776.9
1542261600,6776.8,6832.7,6772.9,6775.6
1542276000,6775.7,6814.2,6754.7,6765.8
1542290400,6766,6821.4,6702,6786.1
1542304800,6785.9,6910.2,6769.7,6878.3
1542319200,6878.2,6878.2,6842.5,6851.7
1542333600,6851.8,6876.4,6845.9,6857.2
1542348000,6857.1,6868.9,6833.3,6846.9
1542362400,6846.8,6848.3,6796.5,6834.8
1542376800,6834.7,6902.2,6797.7,6871.6
1542391200,6871.7,6901.1,6826.5,6877.7
1542582000,6857.5,6876.3,6845.2,6862
1542596400,6861.9,6871.5,6858.6,6868.1
1542610800,6868.2,6925.9,6862.1,6883.1
1542625200,6883.2,6889.7,6769.8,6786.1
1542639600,6786,6786.9,6640.5,6653.1
1542654000,6653.2,6697.5,6624.3,6666.6
1542664800,6658.7,6662.2,6627.4,6647.8
1542679200,6647.8,6650.5,6624.9,6640.5
1542693600,6640.4,6642.8,6579.5,6592.4
1542708000,6592.5,6608.8,6509,6514.6
1542722400,6514.5,6617.2,6442,6556.6
1542736800,6556.8,6568.3,6482.6,6515.3
1542751200,6515.1,6553.5,6501.7,6549
1542765600,6548.9,6562.9,6540.6,6560.6
1542780000,6560.7,6598.9,6553.5,6578.3
1542794400,6578.2,6615.9,6556.5,6600.8
1542808800,6600.8,6640.6,6563.8,6627.3
1542823200,6627.1,6630.4,6567.5,6569.6
1542837600,6576.5,6591.2,6567.3,6569
1542852000,6568.9,6579.2,6554.5,6576
1542866400,6575.9,6585.7,6525.6,6536
1542880800,6536,6556.8,6530.6,6543.7
1542895200,6543.7,6548,6500.1,6514.6
1542924000,6527.6,6549.1,6523.9,6540
1542938400,6540.1,6547.3,6512.1,6517.3
1542952800,6517.1,6558.6,6515.6,6555.2
1542967200,6555.1,6556.7,6489.1,6515.2
1542981600,6515.2,6595.2,6512.3,6529
1542996000,6528.6,6529.2,6516.3,6524.5
1543186800,6528,6564.5,6525.9,6556.5
1543201200,6557.1,6578.3,6556,6570
1543215600,6570.2,6650.1,6570.2,6636.5
1543230000,6636.6,6655,6594,6654.7
1543244400,6654.6,6660.7,6591.8,6643.6
1543258800,6643.7,6692,6633.9,6635
1543269600,6633.5,6645.5,6619.5,6622.6
1543284000,6622.7,6664.3,6622.1,6647.1
1543298400,6647,6707.8,6628.1,6653.1
1543312800,6653.1,6659,6618.3,6635.6
1543327200,6635.6,6718.5,6608.9,6669.1
1543341600,6669,6717.6,6656.9,6713.6
1543356000,6721.7,6725.1,6708.1,6708.7
1543370400,6708.9,6728.6,6705.3,6725.2
1543384800,6725.4,6739.3,6707.3,6718.4
1543399200,6718.3,6754.7,6715.6,6750.2
1543413600,6750.1,6857.9,6712.4,6831.5
1543428000,6831.4,6919.3,6814.5,6911.8
1543442400,6899.6,6915,6891.8,6895.5
1543456800,6895.5,6906.3,6888.9,6889.9
1543471200,6890.1,6901.4,6876.5,6879.2
1543485600,6879.4,6894.9,6862.7,6884.4
1543500000,6884.2,6907.3,6839.7,6902.3
1543514400,6902.4,6939.8,6883.5,6902.6
1543528800,6898.1,6904.8,6890.5,6899.3
1543543200,6899.4,6911.1,6896.1,6903.2
1543557600,6903.1,6908.4,6883.5,6885.8
1543572000,6885.7,6913.6,6868.3,6908.4
1543586400,6908.4,6929,6869.3,6889.8
1543600800,6889.9,6948.8,6880.8,6947.3
1543791600,7067.3,7100.5,7067.3,7092.5
1543806000,7093,7114.3,7092.8,7113.8
1543820400,7114,7136.9,7113,7117.6
1543834800,7117.6,7118.1,7032.3,7046.7
1543849200,7046.8,7098.2,7021.3,7032.5
1543863600,7032.5,7067.3,7013.7,7053.6
1543874400,7043.3,7053.1,7026.2,7033.2
1543888800,7033.1,7036.8,6980.4,6985.2
1543903200,6985.4,7018.9,6978.4,6998.3
1543917600,6998.6,7040.6,6995,7035.4
1543932000,7035.5,7049.9,6860.1,6885.6
1543946400,6885.5,6896.7,6781.1,6800.6
1543960800,6795.1,6836.8,6791.5,6834.7
1543975200,6834.5,6838.9,6826,6838.5
1543989600,6838.6,6854.8,6826.2,6841.4
1544004000,6841.3,6860.7,6835.2,6851.2
1544018400,6851.3,6852,6838.1,6839.7
1544047200,6756.3,6763.6,6679.3,6712.8
1544061600,6712.7,6716,6666.8,6695.8
1544076000,6695.9,6734.2,6633.7,6637.7
1544090400,6637.7,6694.9,6627.8,6671.2
1544104800,6671.3,6796.2,6631.2,6780.3
1544119200,6780.3,6850.7,6721.1,6839.2
1544133600,6835.6,6853.9,6808.4,6811.2
1544148000,6811.3,6827.1,6806.8,6821.1
1544162400,6821,6823.1,6762.6,6803.3
1544176800,6803.4,6844.9,6772.7,6809.9
1544191200,6810,6850.1,6650.7,6694.9
1544205600,6694.8,6712.9,6593.2,6611.5
1544396400,6584.4,6594,6553.7,6566.5
1544410800,6566.5,6585.8,6557.7,6573.4
1544425200,6573.5,6613,6573.2,6609
1544439600,6608.9,6672,6581.7,6597.7
1544454000,6597.6,6671.8,6535.1,6655.4
1544468400,6655.5,6714.3,6638,6693.4
1544479200,6694,6694.8,6654.8,6672.5
1544493600,6672.6,6684.1,6657.2,6672.6
1544508000,6672.7,6701.6,6667.2,6700.2
1544522400,6700.2,6808.8,6699.8,6797.3
1544536800,6797.3,6800.4,6692.4,6713.9
1544551200,6713.9,6764,6651.2,6681.8
1544565600,6681.9,6770.2,6681.9,6758.1
1544580000,6758.2,6774.2,6744.6,6771.5
1544594400,6771.7,6803.2,6733.6,6795.6
1544608800,6795.8,6824.3,6769.2,6817.5
1544623200,6817.4,6867.6,6779.5,6864.7
1544637600,6864.7,6872.1,6747.6,6765.4
1544652000,6769.7,6799.3,6766.4,6797.9
1544666400,6798,6814.3,6793.9,6799.4
1544680800,6799.4,6836.2,6781.5,6786.8
1544695200,6786.9,6810.2,6764.7,6807.8
1544709600,6807.9,6837.2,6727.2,6747.5
1544724000,6747.5,6782.6,6722.4,6743.9
1544738400,6745.4,6760.3,6685.8,6698.1
1544752800,6698,6704.5,6680,6682.4
1544767200,6682.6,6697.5,6650.6,6660.4
1544781600,6660.5,6697.7,6660.4,6689.2
1544796000,6689.3,6714.2,6642.3,6656.2
1544810400,6656.1,6671,6586.1,6605.3
1545001200,6582.7,6634.2,6582.1,6633
1545015600,6632.8,6633.7,6621.5,6625.8
1545030000,6625.9,6631.6,6590.4,6605.2
1545044400,6605.3,6610.2,6500.9,6532.2
1545058800,6532.1,6626.4,6489.6,6491.3
1545073200,6491.4,6498.8,6400.8,6470.1
1545084000,6470,6505.1,6470,6504.1
1545098400,6503.9,6504.6,6462.7,6467.9
1545112800,6467.7,6500.4,6465.2,6498
1545127200,6498.1,6524.7,6486.4,6502
1545141600,6502.1,6555,6475.5,6547.7
1545156000,6547.8,6551.2,6434.1,6438.6
1545170400,6438.7,6494.6,6438.7,6491.9
1545184800,6491.7,6501.2,6478.4,6495.1
1545199200,6495,6508.2,6487.2,6506.8
1545213600,6506.7,6526.5,6490.1,6493.8
1545228000,6493.7,6572.5,6470.5,6538.2
1545242400,6538.3,6587.2,6299.7,6326.8
1545256800,6315.9,6368.3,6312.3,6358.5
1545271200,6358.4,6360,6264.1,6292.8
1545285600,6292.8,6328.6,6280.2,6325.4
1545300000,6325.3,6368.8,6306.3,6308.8
1545314400,6308.9,6382.6,6193.6,6260.3
1545328800,6260.2,6306.7,6162.1,6299.6
1545343200,6298,6311.2,6269.6,6272.5
1545357600,6272.6,6299.1,6266.5,6292.5
1545372000,6292.6,6304.1,6243.7,6268.3
1545386400,6268.3,6311.6,6250.9,6296.7
1545400800,6296.6,6316.3,6099.5,6109.3
1545415200,6109.2,6154,6008.7,6058.2
1545606000,6001.7,6074,5996,6060.7
1545620400,6060.9,6089.5,6057.4,6076
1545634800,6076.2,6104.4,6072.5,6086.3
1545649200,6086.3,6098.7,5923.5,5954.7
1545663600,5954.7,6078.2,5870,5871.5
1545861600,6259.7,6260.4,6227,6238.7
1545876000,6238.9,6287.1,6220.9,6225.6
1545890400,6225.5,6236.5,6126.9,6127.7
1545904800,6127.7,6192.2,6126.1,6169.8
1545919200,6169.8,6210.7,6081.6,6112.2
1545933600,6112.1,6315.3,6036.7,6291.7
1545948000,6292.2,6299.5,6253.7,6281.4
1545962400,6281.7,6330.2,6277.4,6300.7
1545976800,6300.8,6319.4,6265.8,6317.4
1545991200,6317.5,6360.4,6305.7,6323.7
1546005600,6323.8,6331,6226.4,6295.6
1546020000,6295.6,6385.3,6257.2,6279
1546210800,6327.9,6339.7,6317.5,6335.2
1546225200,6335.1,6344.6,6326.7,6339.8
1546239600,6339.9,6348.2,6320,6333.2
1546254000,6333.1,6359.9,6313,6328.8
1546268400,6328.8,6345.6,6266.4,6309.4
1546282800,6309.1,6343.1,6278.2,6335.8
1546380000,6335.3,6369.8,6327.3,6329.1
1546394400,6329.2,6331.1,6237.5,6242.8
1546408800,6242.8,6260.6,6137.9,6179.2
1546423200,6179.1,6209.1,6164.1,6177
1546437600,6176.6,6361.9,6175.6,6356.2
1546452000,6356,6392.6,6234.1,6245.4
1546466400,6213.4,6235.2,6190.7,6231.3
1546480800,6231.4,6237.5,6187.7,6195.3
1546495200,6195.4,6216.3,6171.6,6182.5
1546509600,6182.5,6256.5,6172.6,6252.7
1546524000,6252.8,6287.8,6153.4,6230
1546538400,6229.9,6230.7,6131.2,6155.3
1546552800,6158.5,6168.1,6121.2,6155.6
1546567200,6155.5,6201.9,6143.7,6196.6
1546581600,6196.6,6261.7,6194.6,6243.8
1546596000,6243.7,6270.9,6211.9,6234.2
1546610400,6234.1,6425.3,6226.2,6417.2
1546624800,6417.3,6447.5,6393.2,6417.1
1546815600,6431.9,6481.9,6425.6,6441.1
1546830000,6441.2,6450.9,6421.6,6439.3
1546844400,6439.4,6453.7,6400.8,6411.9
1546858800,6411.8,6448.7,6389.6,6430.6
1546873200,6430.5,6522.3,6412.7,6495.7
1546887600,6495.7,6506.8,6456.9,6491.7
1546898400,6492.5,6504.7,6477,6497.7
1546912800,6497.7,6518.5,6493.1,6496.9
1546927200,6496.7,6527.6,6489.3,6512.3
1546941600,6512.4,6547.7,6505,6546.6
1546956000,6546.7,6573.2,6454.4,6509.3
1546970400,6509.2,6558.7,6499.6,6538.5
1546984800,6539.1,6584.1,6536.7,6580.5
1546999200,6580.6,6595.2,6573.2,6583.3
1547013600,6583.1,6583.6,6548.5,6575.1
1547028000,6575.2,6582.2,6552.5,6574.8
1547042400,6574.7,6619.5,6546.3,6617
1547056800,6617.1,6631,6578.3,6589.8
1547071200,6588.6,6591,6540,6558.8
1547085600,6558.7,6571.7,6546.1,6554.5
1547100000,6554.7,6562.3,6527.4,6544.7
1547114400,6544.6,6564,6539.8,6550.6
1547128800,6550.5,6614.8,6514.2,6604.4
1547143200,6604.1,6628.2,6551.3,6613.9
1547157600,6606,6618.6,6594.9,6603.3
1547172000,6603.5,6608.1,6591.7,6601.5
1547186400,6601.6,6619.1,6598.3,6609.5
1547200800,6609.6,6611.4,6575.7,6585.2
1547215200,6585.3,6602.4,6559.4,6596.3
1547229600,6596.1,6603.3,6569.5,6601.1
1547420400,6583.3,6586,6532.7,6538.5
1547434800,6538.6,6542.9,6522.3,6530.1
1547449200,6530.1,6549.5,6514.4,6520.3
1547463600,6520.4,6546.5,6510.1,6521.2
1547478000,6521.3,6567.6,6515.7,6557.4
1547492400,6557.4,6564,6528.6,6535
1547503200,6531.7,6580.4,6528.7,6574.4
1547517600,6574.1,6593.2,6572.4,6586.1
1547532000,6585.9,6594.2,6552.9,6556.3
1547546400,6556.4,6574.7,6549.6,6558.9
1547560800,6559,6676.2,6556.5,6661.3
1547575200,6661.1,6673.9,6616.9,6666.2
1547589600,6667.8,6679,6649.5,6665.2
1547604000,6664.9,6678.8,6658.5,6676
1547618400,6675.7,6685.9,6660.4,6665.5
1547632800,6665.4,6678,6658.4,6673.7
1547647200,6673.6,6724.5,6663.8,6683.7
1547661600,6683.8,6694.6,6650.6,6659.3
1547676000,6653.8,6662.7,6628.6,6636
1547690400,6635.9,6646.5,6626.5,6636.8
1547704800,6636.7,6641.3,6600.5,6618.3
1547719200,6618.2,6653.9,6617.8,6644.9
1547733600,6645.1,6685.9,6632.3,6671.3
1547748000,6671.3,6747.1,6670.9,6717.4
1547762400,6711.8,6736.7,6699.3,6732.6
1547776800,6731.4,6736.1,6719.7,6726.6
1547791200,6726.8,6739.7,6716.5,6735
1547805600,6735.1,6750.6,6719.9,6747.4
1547820000,6747.3,6816.1,6724.6,6809.4
1547834400,6809.3,6812,6759,6793.2
1548025200,6779.1,6781.9,6745.1,6765
1548039600,6765.1,6765.3,6750.9,6759.6
1548054000,6759.7,6761.3,6736.6,6751.9
1548068400,6751.8,6761.5,6731.3,6737.9
1548082800,6737.7,6756.7,6737.3,6751.7
1548108000,6749,6768,6731.8,6733.3
1548122400,6733.5,6738.2,6712.4,6718.2
1548136800,6717.5,6739.3,6710.1,6731.2
1548151200,6731.1,6738.5,6711.7,6731.1
1548165600,6730.9,6739,6664.8,6672.9
1548180000,6672.7,6672.7,6602.2,6642.2
1548194400,6640.8,6675.1,6629.5,6672.6
1548208800,6672.4,6673.3,6653.1,6656.4
1548223200,6656.3,6666.1,6629,6664.5
1548237600,6664.5,6685.6,6655.3,6676
1548252000,6676.2,6714.8,6583.4,6622.4
1548266400,6622.5,6664.8,6603.8,6659.6
1548280800,6656.6,6685.1,6643.3,6659.6
1548295200,6659.7,6673.3,6646.5,6671.2
1548309600,6671.1,6690.6,6652.1,6689.2
1548324000,6689.3,6697.7,6662,6667.4
1548338400,6667.5,6709.6,6653.1,6674.1
1548352800,6674.1,6705.6,6654.3,6675.3
1548367200,6674.7,6693.9,6667.3,6686.2
1548381600,6686.3,6742.1,6685.5,6722.8
1548396000,6722.7,6736.2,6707.9,6720.6
1548410400,6720.4,6760.1,6717.5,6753.3
1548424800,6753.4,6802.1,6731.2,6786.3
1548439200,6786.6,6798.7,6768.3,6786.2
1548630000,6780.9,6781.2,6755.5,6761.3
1548644400,6761.3,6768.4,6746.7,6749.9
1548658800,6749.8,6758.5,6736.6,6746.6
1548673200,6746.4,6756.6,6645.3,6665.9
1548687600,6666,6689.6,6641.6,6681.2
1548702000,6681.2,6700.6,6669.4,6692.1
1548712800,6688.3,6688.8,6655.4,6664.4
1548727200,6664.3,6685.9,6655.4,6681.4
1548741600,6681.5,6686.9,6659.9,6682.5
1548756000,6682.6,6715.2,6675.6,6711.5
1548770400,6711.6,6714.7,6611.1,6645.6
1548784800,6645.6,6680.1,6620,6676
1548799200,6693.1,6695.3,6651.4,6669.2
1548813600,6669.3,6685.3,6664,6667.4
1548828000,6667.3,6689.9,6660,6682.5
1548842400,6682.4,6702.6,6676.9,6697
1548856800,6696.9,6754.5,6688.5,6746.2
1548871200,6746.3,6837.7,6734.3,6829.8
1548885600,6842.6,6859.7,6838.9,6853.6
1548900000,6853.5,6873.4,6849.6,6859.6
1548914400,6858.9,6871.8,6848.6,6851.5
1548928800,6851.5,6871.7,6841.3,6849.4
1548943200,6849.3,6936.4,6832.8,6910.8
1548957600,6910.9,6929.8,6876.7,6922.5
1548972000,6894.2,6903.1,6872.8,6876.1
1548986400,6876.2,6886,6864.7,6872.9
1549000800,6873,6896.9,6869.8,6880.6
1549015200,6880.6,6893.2,6856.1,6882.3
1549029600,6882.2,6920.9,6863.5,6886
1549044000,6886,6891.9,6854.1,6870.5
1549234800,6857.3,6890.9,6857.1,6884.4
1549249200,6884.3,6885.8,6869.7,6876.8
1549263600,6877.7,6887.8,6860.7,6874.6
1549278000,6874.6,6905.7,6864.3,6900.5
1549292400,6900.4,6949.2,6887.8,6947.5
1549306800,6947.7,6974.5,6927.7,6938.3
1549317600,6929.7,6938.1,6921.8,6925.3
1549332000,6925.2,6934.8,6923.4,6928.1
1549346400,6927.3,6946.6,6924.4,6940.4
1549360800,6940.7,6961.8,6938.6,6961.1
1549375200,6961.3,7023.3,6958.6,6982.1
1549389600,6982,7028.5,6976.9,7005.6
1549404000,7005.2,7014.2,6999,7013.1
1549418400,7013,7017,7003.8,7004.8
1549432800,7004.9,7010.3,6985.3,6991.7
1549447200,6991.6,7021.7,6987.4,7018.1
1549461600,7018,7032.6,6966.4,6995.1
1549476000,6995,7007.7,6978.2,6981.4
1549490400,6981.3,6987.3,6965.5,6974.9
1549504800,6974.8,6977.3,6967.5,6972.3
1549519200,6972.1,6977.2,6959,6977.1
1549533600,6977.2,6977.3,6934.7,6946.7
1549548000,6946.8,6952.9,6850.3,6862
1549562400,6862,6907.7,6860.5,6896.1
1549576800,6890.1,6890.1,6857.5,6863.8
1549591200,6863.7,6869.8,6851.8,6860.3
1549605600,6860.3,6875,6853.8,6863.9
1549620000,6864,6867.3,6834.2,6840.9
1549634400,6841,6874.1,6832.3,6864.5
1549648800,6864.3,6917.4,6864.2,6914.9
1549839600,6920.1,6923.7,6889.1,6904
1549854000,6904.1,6905.8,6888.5,6903.3
1549868400,6903.3,6961.7,6898.8,6940.6
1549882800,6940.5,6958.2,6913.9,6923.2
1549897200,6923.1,6940.1,6895.8,6904.9
1549911600,6904.8,6914.7,6890.3,6902
1549922400,6899.5,6936,6895.1,6935.4
1549936800,6935.5,6955.3,6928.9,6946
1549951200,6945.9,6964.8,6944.9,6953.9
1549965600,6953.8,6971.8,6953.8,6955.9
1549980000,6955.8,7009.8,6946.3,7000.8
1549994400,7000.9,7020.5,6998.5,7011.6
1550008800,7005.8,7043.2,7004.1,7038.8
1550023200,7039,7049.2,7034.8,7047.2
1550037600,7047.3,7056.5,7026.8,7031.6
1550052000,7031.6,7049.5,7028.8,7046.6
1550066400,7046.5,7062,7012.7,7025.9
1550080800,7025.8,7044.5,7004.3,7009.2
1550095200,7005.3,7018.2,6994.3,7005.4
1550109600,7005.3,7030,7000.8,7021.1
1550124000,7020.8,7048.7,7020.5,7034
1550138400,7034,7046.7,6989.2,6992.2
1550152800,6992.3,7041.7,6963.5,7036.3
1550167200,7036.4,7046.2,7006.7,7008.3
1550181600,7008.2,7016.5,6991,6999.2
1550196000,6999.3,6999.3,6972.4,6978.3
1550210400,6978.5,7001,6967.4,6999.6
1550224800,6999.6,7051.9,6993.8,7046.1
1550239200,7046.1,7086.4,7017,7029.4
1550253600,7029.5,7059.1,7022.3,7056.7
1550444400,7066,7067.6,7049.1,7067.1
1550458800,7066.9,7075.2,7056.8,7065.9
1550473200,7065.8,7068.8,7048.6,7057.2
1550487600,7057.3,7065.7,7051.6,7065
1550502000,7065.2,7075.6,7062.3,7073.6
1550527200,7067.9,7079.9,7063.7,7075.4
1550541600,7075.5,7076.3,7061.6,7065.5
1550556000,7065.4,7070.4,7048.4,7052.5
1550570400,7052.6,7055.4,7032.1,7036.3
1550584800,7036.2,7084.2,7028.9,7073.4
1550599200,7073.3,7088,7054.3,7061.8
1550613600,7055.4,7075.3,7052.1,7072.5
1550628000,7072.4,7072.9,7050.5,7058.6
1550642400,7058.7,7071,7047.7,7049.4
1550656800,7049.3,7070.3,7049.2,7067.3
1550671200,7067.4,7095.5,7028.1,7036.6
1550685600,7036.5,7080,7022.7,7062.2
1550700000,7061.1,7065.1,7047.3,7056.2
1550714400,7056.1,7104.5,7054.6,7087.3
1550728800,7087.4,7088,7067.6,7076.5
1550743200,7076.5,7085.1,7042,7051.7
1550757600,7051.6,7060.3,6995.9,7058.8
1550772000,7058.7,7060,7004.2,7028.1
1550786400,7017.3,7028.2,7014.3,7015.9
1550800800,7016,7029.3,7010.5,7027
1550815200,7026.9,7057.2,7024.1,7051.9
1550829600,7051.8,7070.5,7042.5,7047.3
1550844000,7047.3,7092.7,7045.8,7079.9
1550858400,7080,7092.3,7049.7,7092.1
1551049200,7107.8,7121.4,7094.5,7100.2
1551063600,7100.3,7114,7097.2,7112.8
1551078000,7112.7,7126.8,7105.9,7126.4
1551092400,7126.3,7161.3,7123.3,7142
1551106800,7141.9,7161.9,7110.5,7126.2
1551121200,7126.1,7136.4,7109.6,7114.4
1551132000,7113.5,7114.7,7079.6,7084.6
1551146400,7084.7,7086.2,7067.1,7078.7
1551160800,7078.9,7095.9,7076.9,7094.2
1551175200,7093.9,7103.5,7082.9,7084.5
1551189600,7084.7,7133.9,7084.7,7107.4
1551204000,7107.2,7145.2,7103.7,7104.5
1551218400,7099.8,7115.1,7098.6,7111.2
1551232800,7111.3,7119.4,7106.6,7114.8
1551247200,7114.1,7115.2,7083.5,7091.7
1551261600,7091.6,7103.3,7088.5,7089
1551276000,7089,7113.2,7042.5,7097.7
1551290400,7097.7,7126.1,7097.1,7117.4
1551304800,7109.4,7114.8,7097.3,7108.5
1551319200,7108.4,7111.6,7088.4,7088.9
1551333600,7088.9,7092.8,7065.1,7083.8
1551348000,7084,7101.9,7077,7093.1
1551362400,7093.2,7123,7077.1,7120.9
1551376800,7120.8,7122.3,7086.4,7102.1
1551391200,7098.9,7129.4,7090.8,7118.8
1551405600,7118.5,7138.9,7116.3,7135.4
1551420000,7135.4,7152.1,7130,7145.8
1551434400,7145.9,7150.6,7138.5,7141.8
1551448800,7141.7,7154.5,7096.6,7127.3
1551463200,7127.2,7156.9,7124.8,7151
1551654000,7174.1,7199.9,7168.2,7193.1
1551668400,7193.2,7199.5,7187.2,7192.1
1551682800,7192,7193.1,7174.7,7177.5
1551697200,7177.4,7205,7174.6,7200.5
1551711600,7200.6,7203.6,7068.6,7124.1
1551726000,7124,7149.5,7110.8,7136.5
1551736800,7132.2,7141.7,7118.6,7122
1551751200,7122.1,7144.6,7120.8,7139.3
1551765600,7139.4,7163.3,7139.2,7159.7
1551780000,7159.8,7161,7132.5,7143.5
1551794400,7143.6,7171.4,7118.3,7156.7
1551808800,7156.9,7175.8,7149.7,7153.8
1551823200,7148.5,7152.8,7133.6,7139.1
1551837600,7139.1,7152.3,7133.3,7142.2
1551852000,7143.2,7159.5,7136.6,7151.6
1551866400,7151.7,7158.9,7139.9,7156.4
1551880800,7156.2,7164.9,7105.3,7109.8
1551895200,7110,7129.7,7101,7104.9
1551909600,7100.3,7105.1,7086.5,7092.8
1551924000,7092.9,7103.6,7087,7089.1
1551938400,7089.1,7091,7076.8,7084.8
1551952800,7084.9,7117.2,7082.3,7099.4
1551967200,7099.5,7108.2,7019.3,7070.8
1551981600,7070.9,7073.6,6997.2,7019.1
1551996000,7019.5,7027.3,7004.4,7016.3
1552010400,7016.2,7023.7,6995.2,6999.8
1552024800,6999.9,7001.7,6972.9,6982.8
1552039200,6982.9,6990.2,6949.3,6950.6
1552053600,6950.7,6997.3,6934,6955.8
1552068000,6955.8,7027.7,6952.4,7024.6
1552255200,7016.8,7029.7,6995.1,7023.3
1552269600,7023.2,7038.4,7016.7,7028.1
1552284000,7028.3,7046.8,7025,7035.9
1552298400,7040.3,7093.9,7036.3,7091.3
1552312800,7091.2,7155.7,7090.8,7153.8
1552327200,7153.9,7173.2,7143.6,7169.6
1552338000,7166.1,7194.1,7163.3,7189.9
1552352400,7189.8,7198.7,7187.4,7188.9
1552366800,7189,7192.8,7174,7182.1
1552381200,7182.1,7189.2,7157.5,7184.1
1552395600,7184,7219.3,7161.7,7212.8
1552410000,7212.7,7217.5,7186.2,7208.4
1552424400,7207.2,7207.2,7192.2,7197.3
1552438800,7197.2,7200.8,7180.8,7193
1552453200,7192.8,7214.5,7188.6,7213.7
1552467600,7213.8,7238.6,7207.5,7223.6
1552482000,7223.5,7283.4,7223.2,7272.4
1552496400,7272.3,7293.9,7251.6,7270.4
1552510800,7269.3,7280.3,7252,7253.1
1552525200,7253.2,7264,7247.1,7252.6
1552539600,7252.7,7285.3,7250.2,7284.6
1552554000,7284.7,7287.4,7248.4,7268.8
1552568400,7268.8,7270.5,7237.5,7254.4
1552582800,7254.5,7256.7,7234.1,7238.9
1552597200,7239.3,7253.8,7238.7,7252.5
1552611600,7252.6,7273.3,7250.4,7266.9
1552626000,7267,7271.6,7255.4,7269.7
1552640400,7269.6,7283.9,7265.1,7270.3
1552654800,7270.2,7326.2,7253.2,7315.4
1552669200,7315.5,7329.4,7294,7314.3
1552860000,7308.1,7310.6,7298.2,7303.1
1552874400,7303.1,7322,7302.5,7321.7
1552888800,7321.7,7327.8,7316.6,7318.8
1552903200,7318.7,7338.6,7302.8,7338.5
1552917600,7338.4,7349.2,7291.6,7318.9
1552932000,7318.9,7334.6,7316.9,7334.1
1552942800,7333.5,7338.2,7326.4,7329.7
1552957200,7329.8,7342.5,7328.5,7335.4
1552971600,7335.5,7348.1,7330.5,7347.8
1552986000,7347.8,7365.1,7345.6,7360.3
1553000400,7360.4,7391.3,7343.8,7369.5
1553014800,7369.6,7377.1,7321,7348.5
1553029200,7348.5,7348.5,7330.9,7331.7
1553043600,7331.8,7341.9,7322.1,7334.6
1553058000,7334.8,7361.5,7334.8,7360.4
1553072400,7360.5,7360.6,7338.5,7341
1553086800,7341.1,7360.5,7319,7338.4
1553101200,7338.5,7426.9,7332.4,7368.5
1553115600,7373.6,7408.7,7369.9,7407.3
1553130000,7407.2,7409.4,7391,7397.1
1553144400,7397.2,7402.3,7369.2,7376
1553158800,7375.9,7390.7,7337.5,7352.6
1553173200,7352.7,7458.9,7351.2,7445.7
1553187600,7445.6,7509.8,7445.4,7499.4
1553202000,7499.5,7513.9,7493.9,7506.4
1553216400,7506.4,7507.4,7483.8,7491.8
1553230800,7491.9,7507.8,7467.7,7470.4
1553245200,7470.4,7486.1,7456.4,7469.5
1553259600,7469.4,7482.6,7345.5,7372.2
1553274000,7372,7391.8,7322.4,7327.9
1553464800,7351.6,7351.6,7266.2,7291.1
1553479200,7291,7296.1,7275,7284.7
1553493600,7284.8,7316.1,7261.4,7310.5
1553508000,7310.6,7342.6,7273.5,7279.3
1553522400,7279.4,7339,7264.8,7281.8
1553536800,7281.9,7334.5,7270,7333.3
1553547600,7329.4,7354.8,7324.3,7351.3
1553562000,7351.4,7359.6,7343,7346
1553576400,7346.1,7353,7326.2,7330.6
1553590800,7330.5,7374.7,7330.3,7360.7
1553605200,7360.6,7418.9,7347.1,7362.1
1553619600,7362,7372.8,7312.5,7355.1
1553634000,7350.4,7356.9,7338.2,7347.8
1553648400,7347.9,7363.8,7336.6,7361.6
1553662800,7361.5,7375.9,7357.8,7360.6
1553677200,7360.6,7372.8,7331.8,7357.1
1553691600,7357.3,7376.5,7248.3,7279.9
1553706000,7279.8,7322.1,7271.3,7294.9
1553720400,7296.4,7299.6,7264.9,7274.8
1553734800,7274.9,7297,7262.2,7287.9
1553749200,7288,7315.9,7273.4,7312.5
1553763600,7312.6,7318.9,7293,7307.1
1553778000,7307,7344.9,7273.6,7310.1
1553792400,7310,7329.8,7299.1,7327.2
1553806800,7326.1,7350.8,7322.9,7339.5
1553821200,7339.6,7351,7327.8,7345
1553835600,7344.9,7355,7336.8,7337.1
1553850000,7337,7364.5,7330.3,7361.6
1553864400,7361.7,7376.8,7329,7360.9
1553878800,7361.1,7387.1,7350.6,7383.8
1554069600,7411.4,7449.7,7411.4,7445.3
1554084000,7445.3,7461.6,7441.5,7450.2
1554098400,7450.2,7461.3,7443.2,7445.1
1554112800,7445.2,7456.7,7429.4,7436.4
1554127200,7436.2,7471.6,7419,7470.7
1554141600,7470.5,7480.3,7461.7,7471.7
1554152400,7468,7480.2,7464.8,7472.4
1554166800,7472.3,7474.7,7457.5,7461.1
1554181200,7461.2,7468.3,7458.6,7465.3
1554195600,7465.4,7485.3,7463.6,7479.3
1554210000,7479.2,7490.8,7459.9,7484.6
1554224400,7484.5,7506.1,7479.9,7489.5
1554238800,7491.1,7528.8,7487.3,7523.7
1554253200,7523.8,7542.1,7511.8,7536.2
1554267600,7536.1,7550.8,7532.3,7542.5
1554282000,7542.6,7549.4,7532.4,7541.2
1554296400,7541.1,7590.1,7527.5,7573.2
1554310800,7573.1,7576.8,7519.7,7555.3
1554325200,7555.5,7559.6,7545.3,7556.7
1554339600,7556.6,7567.2,7541.3,7546
1554354000,7546.1,7548.6,7531.5,7538.4
1554368400,7538.3,7554.4,7536,7544.1
1554382800,7544.1,7571,7495.3,7514
1554397200,7513.9,7545.9,7511.7,7536
1554411600,7532.3,7554.1,7529.4,7547
1554426000,7546.9,7549.8,7537.4,7546.3
1554440400,7546.4,7559.1,7545.2,7550.5
1554454800,7550.4,7575.3,7541.8,7563.1
1554469200,7563,7581,7550.8,7571
1554483600,7571.1,7584.8,7565.8,7582.3
1554674400,7579.5,7592.8,7569.7,7574.3
1554688800,7574.5,7575.4,7558.1,7562.1
1554703200,7562.2,7572.4,7561.8,7565.1
1554717600,7565,7576.2,7536.3,7551.3
1554732000,7551.3,7587.9,7543.2,7586.7
1554746400,7586.8,7604.2,7583.2,7598.5
1554757200,7601.6,7606.7,7595.5,7597.1
1554771600,7597.3,7597.6,7583.6,7594.6
1554786000,7594.4,7594.9,7586.7,7590.7
1554800400,7590.8,7592.8,7574.7,7579.2
1554814800,7579.3,7596.3,7560.1,7585.7
1554829200,7585.5,7585.9,7554.4,7561.2
1554843600,7565.6,7568.8,7556.8,7565.9
1554858000,7565.8,7572.1,7549.6,7570.7
1554872400,7570.8,7583.5,7570,7574.5
1554886800,7574.8,7588.7,7568.7,7583.4
1554901200,7583.4,7605.1,7572.2,7592.6
1554915600,7592.5,7620.1,7579,7617.2
1554930000,7618.6,7632.8,7614.6,7626.1
1554944400,7625.3,7635.1,7606.8,7613.2
1554958800,7613.2,7620.7,7601.1,7611.4
1554973200,7611.5,7630.6,7610.5,7615.8
1554987600,7615.9,7625.1,7586.1,7603.1
1555002000,7603.3,7606.1,7578,7592.5
1555016400,7590.6,7598.5,7585.1,7595.7
1555030800,7595.6,7601,7587.6,7596.3
1555045200,7596.5,7630.9,7594,7628.9
1555059600,7629.1,7641.9,7619,7630.1
1555074000,7630,7632.8,7594.8,7617.4
1555088400,7617.3,7629.9,7612,7627.1
1555279200,7633.4,7633.8,7618.7,7625.5
1555293600,7625.6,7631.6,7619.9,7621.6
1555308000,7621.7,7632,7616.9,7630.6
1555322400,7630.6,7637.8,7618.3,7622.6
1555336800,7622.6,7623.1,7577.6,7614.6
1555351200,7614.5,7637.3,7613.2,7626.1
1555362000,7630,7640.5,7625.2,7635.2
1555376400,7635.4,7641,7628.5,7640.5
1555390800,7640.6,7665,7638.8,7664.1
1555405200,7664,7664.1,7649.9,7656
1555419600,7656.1,7672.2,7647.2,7662.1
1555434000,7662.2,7671.1,7631.1,7655.6
1555448400,7653.1,7666.7,7645.4,7665.4
1555462800,7665.5,7681.2,7657.2,7668.7
1555477200,7668.8,7676.6,7668.6,7675.6
1555491600,7675.7,7701.5,7673.1,7697.8
1555506000,7697.7,7712.3,7657.5,7681.4
1555520400,7681.4,7689.8,7657.3,7665.3
1555534800,7666.7,7674.5,7663.5,7666.5
1555549200,7666.6,7670.3,7643.5,7649
1555563600,7649.1,7661.1,7640.1,7655.8
1555578000,7655.9,7688.1,7653.2,7679.1
1555592400,7679,7702.6,7645.1,7679.6
1555606800,7679.8,7694.5,7676.1,7693.6
1555884000,7692,7706.1,7667.7,7682.7
1555898400,7682.8,7686.9,7671.2,7672.8
1555912800,7672.2,7677.9,7662.4,7668.4
1555927200,7667.7,7678.8,7650.1,7678.6
1555941600,7678.5,7707.7,7675.7,7705.7
1555956000,7705.9,7728,7702.3,7718.8
1555966800,7716,7722.7,7708.6,7711.4
1555981200,7711.3,7720.2,7705.6,7718.6
1555995600,7718.5,7728.1,7709.5,7711.9
1556010000,7712,7728.2,7705.4,7720.8
1556024400,7720.9,7809.7,7718.2,7805.7
1556038800,7805.6,7824.1,7797.7,7811.5
1556053200,7811.2,7817.4,7809.7,7814.4
1556067600,7814.4,7817.4,7799.2,7800
1556082000,7800.1,7809.6,7798.1,7807.5
1556096400,7807.4,7828.3,7806,7822.6
1556110800,7822.5,7827.1,7789.8,7791.8
1556125200,7791.8,7832.4,7783.7,7818.8
1556139600,7835.5,7846.8,7831.8,7842.6
1556154000,7842.5,7852.4,7840.2,7849.3
1556168400,7849.2,7856.7,7831.5,7841.4
1556182800,7841.2,7861,7835.3,7855.3
1556197200,7855.4,7856.4,7773.7,7821.5
1556211600,7821.6,7836.4,7775.4,7777.2
1556226000,7778.8,7789.5,7764.1,7765.8
1556240400,7765.7,7781.6,7759.6,7777.8
1556254800,7778,7793.5,7776.3,7785.9
1556269200,7786,7816.6,7778.2,7811.6
1556283600,7811.7,7822.8,7738.1,7792.5
1556298000,7792.4,7827.6,7778.8,7818.3
1556488800,7823.8,7827,7817.9,7821.3
1556503200,7821.4,7833.3,7820.8,7832
1556517600,7832.1,7844.1,7820.8,7824.1
1556532000,7824.2,7836.1,7812.1,7825.1
1556546400,7825.2,7846.7,7811.8,7840.1
1556560800,7840.2,7852.2,7789,7789.5
1556571600,7787.8,7791.7,7778.4,7782.5
1556586000,7782.8,7783.2,7763.4,7772.7
1556600400,7772.9,7789.8,7772,7784.9
1556614800,7784.8,7796.3,7769.5,7773
1556629200,7772.9,7792.1,7725.3,7769.9
1556643600,7769.8,7843.1,7760.3,7837.1
1556658000,7832.6,7833.7,7822.9,7832.6
1556672400,7832.7,7846.1,7828.5,7841.1
1556686800,7841.2,7847.8,7833.6,7844.4
1556701200,7844.5,7844.5,7831.7,7834
1556715600,7834.1,7846.6,7810.5,7820.2
1556730000,7820.3,7852.8,7722.8,7723.6
1556744400,7728.1,7745.2,7717.6,7744.8
1556758800,7744.8,7755.4,7743.1,7753
1556773200,7753.1,7765,7744.2,7762.6
1556787600,7762.6,7772.6,7743.2,7749.8
1556802000,7749.4,7790,7667.5,7692.5
1556816400,7692.4,7730.7,7678.2,7723
1556830800,7720.2,7733.5,7720.1,7731.9
1556845200,7732,7750.6,7720.1,7748.1
1556859600,7749.1,7763.9,7743.7,7758.9
1556874000,7758.8,7782.9,7748.6,7780.8
1556888400,7780.7,7832.2,7767.5,7826
1556902800,7826,7856.5,7823.4,7855.6
1557093600,7735.6,7737.8,7651.7,7678.7
1557108000,7678.7,7708.8,7660.3,7698.3
1557122400,7698.1,7712.6,7659.9,7676.3
1557136800,7676.4,7739.1,7659.8,7737.5
1557151200,7737.4,7772.5,7719.3,7758.8
1557165600,7758.9,7804.6,7723.3,7723.7
1557176400,7734.8,7751.5,7719.8,7735.3
1557190800,7735.5,7750.8,7722.8,7739.9
1557205200,7740,7791.4,7726.8,7753.7
1557219600,7753.5,7755.8,7706.5,7726.1
1557234000,7726,7739.8,7628.5,7649
1557248400,7648.9,7662.7,7568.5,7654.5
1557262800,7654,7654.2,7629.9,7641.3
1557277200,7641.2,7671.8,7641.2,7663.5
1557291600,7663.6,7685,7650.2,7662.7
1557306000,7662.7,7664.9,7589.4,7621.1
1557320400,7621.2,7678.5,7587.5,7662
1557334800,7662,7669.1,7611.9,7626.6
1557349200,7620.6,7629.5,7581.2,7601.1
1557363600,7601,7611.3,7571.4,7581.7
1557378000,7581.5,7597.8,7545.8,7564.9
1557392400,7565,7580.4,7537.3,7539.7
1557406800,7539.6,7604.3,7468.4,7568.2
1557421200,7568,7603.3,7542.3,7578.2
1557435600,7565.9,7636.9,7559,7609.7
1557450000,7609.9,7630.6,7515.1,7530.1
1557464400,7530.2,7594.1,7516.7,7568
1557478800,7568.1,7599,7509.5,7531.6
1557493200,7531.7,7572.9,7420.9,7512.3
1557507600,7512.4,7621.2,7506.4,7593.3
1557698400,7532.8,7536.3,7491,7513.4
1557712800,7513.3,7515.3,7496.2,7501
1557727200,7501.1,7509.3,7454.2,7479.6
1557741600,7479.7,7482.6,7362.7,7379
1557756000,7378.7,7384.5,7306.2,7346.5
1557770400,7346.4,7372.9,7291.5,7298.7
1557781200,7291,7319.1,7276.2,7316
1557795600,7315.9,7354.8,7309.8,7350.5
1557810000,7350.6,7366.9,7334.7,7355.6
1557824400,7355.7,7388.2,7350.3,7369.8
1557838800,7369.7,7441.3,7334.4,7425.6
1557853200,7425.7,7448.5,7393.4,7409.8
1557867600,7409.3,7416.9,7391.7,7403.7
1557882000,7403.9,7431.1,7396.8,7425.1
1557896400,7425.3,7443,7395.7,7407.6
1557910800,7407.9,7422,7346,7357.5
1557925200,7357.6,7507,7340,7478.2
1557939600,7478.4,7524.7,7476,7510
1557954000,7506,7510.2,7489.2,7490
1557968400,7490.2,7494.7,7459.2,7474.7
1557982800,7474.8,7508.7,7466.1,7505.1
1557997200,7505.2,7550.8,7503.8,7519.3
1558011600,7519.3,7627,7498,7603.3
1558026000,7603.4,7608.1,7562.7,7585.3
1558040400,7582.8,7595.1,7575.4,7588.1
1558054800,7588,7596,7552.3,7556.4
1558069200,7556.2,7566.8,7525.9,7532.1
1558083600,7532,7560.1,7494.4,7512
1558098000,7511.9,7606.1,7497.6,7557.5
1558112400,7557.4,7571.1,7489.3,7494
1558303200,7509.4,7543.7,7503.1,7521.6
1558317600,7521.7,7534.2,7509.5,7521.6
1558332000,7521.6,7526.4,7455.3,7468.4
1558346400,7468.5,7468.5,7348.9,7387.8
1558360800,7387.8,7425,7364.9,7389.8
1558375200,7389.7,7391.8,7350.1,7390.6
1558386000,7395.7,7410.7,7390.6,7410.4
1558400400,7410.5,7430.6,7406,7423.7
1558414800,7423.6,7423.7,7387.7,7410.6
1558429200,7410.6,7454.8,7400.7,7442.8
1558443600,7442.9,7466.9,7413.4,7454
1558458000,7454.1,7472.2,7442.6,7447.9
1558472400,7445.4,7459.9,7432,7434.2
1558486800,7434.4,7456.6,7433.2,7441.1
1558501200,7441,7442.1,7416.5,7426.5
1558515600,7426.6,7450.2,7378.5,7406.7
1558530000,7406.6,7459.6,7398.9,7420.3
1558544400,7420.2,7452.2,7407.1,7414.4
1558558800,7418,7422.6,7389.9,7393.4
1558573200,7393.2,7393.3,7365.4,7377
1558587600,7376.7,7379,7326.9,7339.1
1558602000,7339.1,7344.4,7304.6,7333.8
1558616400,7333.7,7336.8,7259.4,7263.2
1558630800,7262.9,7316.9,7257.1,7305.4
1558645200,7306.3,7326.2,7296.8,7318.6
1558659600,7318.5,7336.1,7317.9,7329
1558674000,7329.1,7351.1,7326,7342.5
1558688400,7342.4,7349.8,7318.3,7334.1
1558702800,7334.2,7368.8,7300.3,7334.3
1558717200,7334.4,7338,7289.8,7302.6
1558908000,7305.9,7311.4,7282,7299
1558922400,7299.1,7306.7,7284.1,7294.3
1558936800,7294.4,7329,7293.6,7308.3
1558951200,7308.2,7313.1,7298.5,7304.7
1558965600,7304.7,7309.1,7301.3,7306.6
1558990800,7306.8,7328.9,7306.8,7327.6
1559005200,7327.5,7340.2,7319.1,7336
1559019600,7336.1,7345.9,7287.9,7290.3
1559034000,7290.4,7332.4,7282.6,7314.7
1559048400,7314.8,7363,7311.6,7333.3
1559062800,7333.2,7337.6,7272.2,7284.2
1559077200,7278.4,7287.7,7243.7,7248.6
1559091600,7248.7,7255.7,7234.2,7241
1559106000,7241.1,7258.2,7210.2,7226.1
1559120400,7226.1,7238.7,7209.7,7225.7
1559134800,7225.8,7253.7,7174.6,7196.5
1559149200,7196.6,7236.9,7182.3,7207.1
1559163600,7209.1,7229.1,7200.9,7202.7
1559178000,7202.8,7228.3,7201.9,7226.2
1559192400,7226.3,7245.9,7221.8,7232.8
1559206800,7232.8,7242.7,7220.4,7234.4
1559221200,7234.3,7263.4,7224.3,7245.4
1559235600,7245.5,7251.2,7201.6,7247
1559250000,7245.6,7249.2,7171.8,7182.3
1559264400,7182.3,7209.9,7176.4,7195.5
1559278800,7195.6,7199,7142.2,7152.4
1559293200,7152.3,7161.7,7127.5,7155.4
1559307600,7155.7,7182.1,7126.5,7150.2
1559322000,7150.1,7172,7122.3,7130.4
1559512800,7090.9,7098.1,7071.1,7084.6
1559527200,7084.7,7086.4,7064.4,7081
1559541600,7080.9,7096,7062.1,7092.4
1559556000,7092.5,7127.4,7047.2,7047.3
1559570400,7047.3,7091.1,6962.7,6998.6
1559584800,6998.6,7016.2,6936.1,7003.4
1559595600,7005.6,7010.2,6986.4,6993.8
1559610000,6993.7,6999.7,6977.2,6993.3
1559624400,6993.3,7029,6980.6,7026.7
1559638800,7026.9,7052.2,7012.4,7045
1559653200,7045.1,7139.6,7022.8,7133.2
1559667600,7133.5,7182.1,7126.1,7182
1559682000,7197.9,7206.1,7188.2,7201.6
1559696400,7201.5,7215.9,7197.5,7200.7
1559710800,7200.6,7212.9,7175.3,7203.6
1559725200,7203.5,7240.4,7198.3,7213.4
1559739600,7213.5,7237.2,7145.4,7190.3
1559754000,7190.4,7230,7189.5,7225.7
1559768400,7198.7,7227.7,7175.6,7218.4
1559782800,7218.3,7233.1,7215.1,7226.2
1559797200,7226.1,7252.3,7203.8,7248.8
1559811600,7248.6,7258.7,7217.2,7221.4
1559826000,7221.4,7248.1,7198.6,7234.2
1559840400,7234.3,7293.4,7223.8,7257.2
1559854800,7255.5,7277.8,7252.7,7268.6
1559869200,7268.8,7287.9,7259.5,7284.6
1559883600,7284.5,7307.5,7277,7302.7
1559898000,7302.7,7329.9,7280.9,7303.5
1559912400,7303.4,7447.1,7297.8,7433.1
1559926800,7433.1,7436.4,7406.5,7421.9
1560117600,7475.1,7480,7427.6,7445.4
1560132000,7445.4,7449.9,7430.8,7439.3
1560146400,7439.4,7447.4,7433.1,7442.9
1560160800,7442.7,7516.8,7437.8,7508
1560175200,7508,7574.5,7502.3,7528.7
1560189600,7528.7,7530.6,7497.6,7514.9
1560200400,7510.3,7525.4,7501.6,7522.6
1560214800,7522.7,7542,7522.3,7538.1
1560229200,7538,7557.3,7528.9,7554.5
1560243600,7554.4,7585.5,7550,7577.5
1560258000,7577.4,7597.2,7489.9,7492
1560272400,7492,7531,7489.3,7514.7
1560286800,7512.1,7527.8,7507.7,7520.2
1560301200,7520.4,7522,7499.3,7502.9
1560315600,7503.2,7505.8,7472.5,7480
1560330000,7480,7496.7,7469.5,7485.1
1560344400,7485.2,7509.2,7458,7478.1
1560358800,7478.3,7484.5,7463.1,7473
1560373200,7470.7,7495.4,7470.7,7489.5
1560387600,7489.4,7493.4,7417.3,7452.3
1560402000,7452.4,7512.8,7442,7505.7
1560416400,7505.7,7519.9,7489.9,7503.8
1560430800,7503.7,7531.9,7487.9,7514.1
1560445200,7514.2,7523.2,7485.4,7506.5
1560459600,7492.7,7501.3,7482.9,7490.3
1560474000,7490.4,7517.6,7488.4,7513
1560488400,7512.9,7513.3,7464.6,7470.5
1560502800,7470.5,7476,7448.4,7473
1560517200,7473.1,7491.4,7452.8,7478.3
1560531600,7478.4,7501.6,7469.9,7480.5
1560722400,7482.9,7513.8,7482.2,7511.2
1560736800,7511.1,7513.6,7506.6,7507.3
1560751200,7507.3,7507.4,7486.3,7493.3
1560765600,7493.4,7546,7481.6,7537.2
1560780000,7537.4,7549.5,7522.3,7540.3
1560794400,7540.4,7545.3,7519.5,7538.7
1560805200,7540.1,7542.1,7533.9,7539.8
1560819600,7539.9,7547.9,7533.9,7537.7
1560834000,7537.7,7586.5,7514.1,7572.3
1560848400,7572.2,7621.4,7568.9,7615.4
1560862800,7615.3,7694.4,7597.7,7652.5
1560877200,7652.6,7662.9,7630.9,7644.8
1560891600,7641,7663.7,7640.8,7658.8
1560906000,7658.7,7661.4,7644.8,7649.7
1560920400,7649.5,7655.5,7640.4,7645
1560934800,7644.9,7658,7635.6,7655
1560949200,7655.2,7657.7,7612.3,7628.2
1560963600,7628.1,7684.7,7602.9,7669.9
1560978000,7665.4,7712.3,7665.2,7709.3
1560992400,7709.2,7738.9,7709.1,7735.5
1561006800,7735.7,7766.6,7725.2,7763.7
1561021200,7763.6,7793.8,7762.8,7783.8
1561035600,7783.9,7790.7,7679.6,7708.8
1561050000,7708.9,7750.3,7705.3,7737.3
1561064400,7737.2,7742.8,7726.5,7735
1561078800,7734.9,7736.7,7705.9,7707.5
1561093200,7707.4,7740.5,7698.3,7719.6
1561107600,7719.4,7732.9,7705.6,7716.3
1561122000,7716.1,7775.4,7709.4,7737.2
1561136400,7737.3,7750.6,7718.4,7718.6
1561327200,7721.1,7754.1,7720.8,7749.1
1561341600,7749,7767.9,7747.5,7753.2
1561356000,7753.3,7764.5,7744.8,7751.2
1561370400,7751.1,7756.4,7723.2,7725.8
1561384800,7725.9,7749,7724.1,7731.9
1561399200,7732,7736.4,7723.3,7730.1
1561410000,7731.2,7750.9,7729.6,7749.4
1561424400,7749.3,7753.8,7688.5,7691.9
1561438800,7691.9,7720.3,7690.4,7708.5
1561453200,7708.4,7727.4,7703.1,7724.8
1561467600,7725,7731.1,7631.6,7636.1
1561482000,7635.9,7654.6,7583.7,7609.5
1561496400,7609.4,7617,7591.6,7612.7
1561510800,7612.8,7621.6,7599.5,7599.5
1561525200,7599.7,7624.4,7596.9,7624.3
1561539600,7624.4,7673.1,7619.7,7634.1
1561554000,7634.2,7694.1,7630.4,7656.4
1561568400,7656.3,7658,7616.7,7618.4
1561582800,7621.8,7636.9,7618.6,7633.9
1561597200,7634,7660.9,7633.9,7650.8
1561611600,7651,7680.7,7648.4,7666.4
1561626000,7666.3,7691,7626.2,7665.5
1561640400,7665.5,7677,7638.1,7664
1561654800,7664.1,7676.1,7657.3,7661.6
1561669200,7670.9,7684.1,7661.7,7674.3
1561683600,7674.2,7678.6,7647.8,7655.1
1561698000,7655,7679.9,7649.6,7673.3
1561712400,7673.3,7680.8,7664.2,7676.2
1561726800,7676.2,7685.6,7640.3,7678.2
1561741200,7678.4,7701.3,7645,7698.2
1561932000,7785.6,7801.1,7749.7,7762.6
1561946400,7762.5,7800.6,7762.5,7798.4
1561960800,7798.6,7808.7,7791,7802.4
1561975200,7802.5,7826.5,7794.3,7800.8
1561989600,7809.3,7819.4,7742,7756.5
1562004000,7756.6,7773.5,7735.8,7768.1
1562014800,7766.5,7768.3,7742.6,7758.6
1562029200,7758.9,7775,7755.4,7772.6
1562043600,7772.5,7775.3,7739.1,7744.4
1562058000,7744.4,7764.7,7741.3,7759.2
1562072400,7759.1,7784.8,7745.2,7754.3
1562086800,7754.2,7818.5,7748.5,7815.6
1562101200,7814.3,7815.3,7804,7808.3
1562115600,7808.3,7810.5,7799.3,7803.9
1562130000,7803.8,7840.9,7802.5,7838.8
1562144400,7838.7,7846.2,7824.1,7827.6
1562158800,7827.8,7857.5,7809.9,7857.5
1562173200,7857.4,7867.4,7856.7,7862.9
1562187600,7868.9,7874.3,7859.6,7861.5
1562202000,7861.4,7865.4,7855.4,7861.9
1562216400,7862,7866.6,7856.4,7860.2
1562230800,7860.3,7873.4,7860.1,7869.6
1562245200,7869.8,7881.4,7868.5,7876.4
1562259600,7876.3,7876.3,7876.3,7876.3
1562274000,7876.9,7882.9,7873,7876.2
1562288400,7876.1,7881.2,7870.2,7879.3
1562302800,7879.4,7883.6,7847.5,7848.3
1562317200,7848.4,7854,7802.6,7815.6
1562331600,7815.7,7824.8,7772.5,7819.3
1562346000,7819.4,7855.8,7815.3,7828.1
1562536800,7831.1,7838.8,7804.8,7807.2
1562551200,7807.1,7810.6,7783.4,7787.7
1562565600,7787.5,7820.1,7786.3,7800.1
1562580000,7799.9,7802.2,7753.8,7755.9
1562594400,7755.8,7785.7,7754.3,7773.9
1562608800,7773.8,7792.5,7763.5,7775.8
1562619600,7772.7,7780,7766.9,7768.4
1562634000,7768.4,7770.9,7725.3,7736.9
1562648400,7737,7749.3,7719.6,7729.7
1562662800,7729.6,7754,7722,7750.6
1562677200,7750.5,7819.8,7742.1,7812.1
1562691600,7812.3,7835.1,7806.6,7821.6
1562706000,7820.6,7843.9,7816.1,7840.7
1562720400,7840.8,7843,7818.8,7819.9
1562734800,7820,7826,7797,7810.5
1562749200,7810.4,7888.2,7788.3,7879.2
1562763600,7879.4,7926.3,7858.7,7895.2
1562778000,7895.3,7914.2,7880.5,7901.7
1562792400,7904.3,7919.7,7898.1,7913.9
1562806800,7914,7939.4,7911.1,7937.1
1562821200,7937.2,7939.5,7920.3,7925.3
1562835600,7925.4,7940.9,7906,7917.6
1562850000,7917.5,7935.8,7899.7,7926.5
1562864400,7926.6,7928.5,7872.5,7896.1
1562878800,7896.4,7920.8,7891.2,7920.7
1562893200,7920.6,7922.5,7908.3,7911.9
1562907600,7912,7923.6,7904.9,7920.7
1562922000,7920.6,7927.1,7910.1,7912.4
1562936400,7912.3,7936.9,7900.1,7935.9
1562950800,7936,7947,7925.3,7937.3
1563141600,7942.8,7947.6,7922,7929.5
1563156000,7933,7949,7930.1,7944
1563170400,7944.1,7963.2,7939.3,7945.1
1563184800,7945,7967.5,7942.7,7951.3
1563199200,7951.4,7961.5,7942.1,7956
1563213600,7955.9,7972.9,7955.7,7964.9
1563224400,7963.2,7980.9,7962.6,7974.4
1563238800,7974.6,7979.9,7969.5,7977.7
1563253200,7977.8,7982.9,7968,7976.1
1563267600,7975.9,7979.9,7965.4,7966.3
1563282000,7966.2,7969.4,7905.6,7932.8
1563296400,7933.1,7947.8,7916.9,7919.4
1563310800,7923.1,7927.4,7917.1,7918.3
1563325200,7918.4,7931.6,7911.5,7929
1563339600,7928.9,7948.6,7925.8,7941.4
1563354000,7941.5,7947.5,7924.1,7927.7
1563368400,7927.6,7944.6,7903.6,7925.7
1563382800,7925.7,7928.7,7850.4,7852
1563397200,7857.3,7863.7,7826.5,7832
1563411600,7832.1,7842.8,7827.2,7833.3
1563426000,7833.5,7848,7816,7843.2
1563440400,7843.1,7871.5,7841.9,7861
1563454800,7860.9,7888.2,7828,7845.7
1563469200,7845.8,7937.5,7845,7929.8
1563483600,7941.3,7958.4,7919.8,7947.1
1563498000,7947.2,7957.7,7942.3,7949.8
1563512400,7950,7956.1,7936.6,7952.1
1563526800,7952.1,7952.1,7921.4,7948.8
1563541200,7948.9,7964.4,7883.7,7913.9
1563555600,7913.8,7914.5,7798.8,7803.2
1563746400,7818.5,7840.1,7812.2,7823.1
1563760800,7823,7854.4,7820.6,7838.3
1563775200,7838.1,7861.4,7837.5,7856
1563789600,7855.9,7902.1,7848.6,7900.1
1563804000,7900,7905.3,7873.7,7902.9
1563818400,7902.9,7921.9,7894,7912.3
1563829200,7916.7,7925,7907.1,7919.7
1563843600,7919.6,7929.5,7914,7915.9
1563858000,7916,7933.8,7908.3,7931.6
1563872400,7931.7,7950.1,7929.6,7944.6
1563886800,7944.7,7948.5,7893.9,7917.8
1563901200,7917.9,7971.5,7914.4,7926.9
1563915600,7934.8,7940.9,7930,7934.5
1563930000,7934.4,7957.6,7934,7951.8
1563944400,7951.6,7952.5,7914.4,7917.9
1563958800,7918,7944.3,7911.7,7928.1
1563973200,7928.2,7981.4,7925,7977.9
1563987600,7978,8037.6,7968.3,7988
1564002000,7993.7,8004.8,7993.2,7998.3
1564016400,7998.4,8007.9,7993.3,8006
1564030800,8006.1,8012.7,7996.2,8010.4
1564045200,8010.5,8020.8,7993.9,8003.8
1564059600,8003.7,8004.1,7918.8,7930.1
1564074000,7930.2,7979,7903.8,7968.9
1564088400,7968.8,7987.3,7968.8,7984
1564102800,7984.1,8008.8,7983.8,8000.7
1564117200,8000.6,8007.2,7988.2,7994
1564131600,7993.9,8009,7978.8,7990.6
1564146000,7990.7,8020.8,7981.7,8014.6
1564160400,8014.5,8028,8002.7,8002.7
1564351200,8011.3,8015.3,7996.8,7999.6
1564365600,7999.7,8000.6,7990.8,7997.7
1564380000,7997.6,8011.8,7993.3,8003.6
1564394400,8003.5,8020.2,7954.9,7958.8
1564408800,7958.7,7988.7,7940.4,7981.1
1564423200,7981,7997.4,7976.8,7993.6
1564434000,7992.8,8006.3,7991.3,7999.8
1564448400,8000,8008.6,7996.1,8001.9
1564462800,8002,8005.1,7959.5,7961
1564477200,7960.9,7964.3,7916.8,7924.2
1564491600,7924.3,7966.2,7921,7949.6
1564506000,7949.7,7986.3,7939.2,7977.5
1564520400,7980.1,7986.4,7971.4,7979.1
1564534800,7978.9,7986.6,7967.6,7983.9
1564549200,7984,7990.4,7967.9,7982.2
1564563600,7982.3,7987.7,7972.1,7983.8
1564578000,7983.7,7984.6,7955.4,7965.8
1564592400,7965.7,7970.5,7771.4,7828.5
1564606800,7828.4,7840.3,7809.3,7836.7
1564621200,7836.8,7866.7,7834.2,7856.7
1564635600,7856.8,7864.2,7828.5,7857
1564650000,7857.2,7885.2,7855.5,7866.1
1564664400,7866.2,8004.2,7850.3,7985.3
1564678800,7985.5,7989.2,7766.8,7780.9
1564693200,7780.8,7796.6,7750.9,7755.2
1564707600,7755.3,7786.1,7755.1,7780.3
1564722000,7780.4,7790.5,7729,7738.8
1564736400,7738.9,7768.2,7716.1,7748.3
1564750800,7748.2,7794.5,7644.1,7663.9
1564765200,7664,7716.1,7640.8,7698.8
1564956000,7676.3,7698.2,7600.8,7623.1
1564970400,7622.7,7628.2,7565,7597.1
1564984800,7597.2,7607,7544.4,7577.5
1564999200,7577.4,7585.7,7474.1,7506.5
1565013600,7506.4,7511.1,7405.7,7407.2
1565028000,7407.1,7435.2,7352.4,7360.4
1565038800,7360.5,7360.5,7217.2,7277.1
1565053200,7277.2,7447.6,7276,7392
1565067600,7392.1,7468,7391.9,7463.3
1565082000,7463.3,7486.4,7442.8,7456.9
1565096400,7457.1,7527,7430.1,7453.5
1565110800,7453.7,7541.5,7453.7,7510.1
1565125200,7510.7,7515.7,7474.7,7495.2
1565139600,7495.1,7507.4,7443.7,7459.6
1565154000,7459.4,7550.9,7454.3,7544.8
1565168400,7545,7561.4,7424.8,7431.1
1565182800,7430.7,7525.7,7380.2,7481.6
1565197200,7481.8,7570,7477.2,7543.2
1565211600,7534.1,7564.2,7523,7525.4
1565226000,7525.4,7598.6,7519,7589
1565240400,7589.1,7603.6,7551.4,7578.3
1565254800,7578.7,7598,7563.1,7584.5
1565269200,7584.4,7695,7571,7691.9
1565283600,7691.7,7730.8,7677.4,7721.3
1565298000,7721.2,7721.2,7647.6,7687
1565312400,7687.3,7696.7,7666.3,7680
1565326800,7680,7693.1,7664.7,7675.3
1565341200,7675.4,7684.5,7648.8,7671.8
1565355600,7671.7,7710.3,7587.1,7635.7
1565370000,7635.8,7686.5,7633.3,7659.2
1565560800,7658.1,7676.7,7630.5,7668.1
1565575200,7668.4,7687.3,7665.1,7682.7
1565589600,7682.8,7701.4,7607.4,7614.7
1565604000,7614.6,7620.9,7573,7589.2
1565618400,7589,7625.2,7569.9,7581.2
1565632800,7581.1,7585.4,7526.9,7563.2
1565643600,7565.3,7582.5,7557.2,7577.1
1565658000,7577,7586.8,7560.9,7574.6
1565672400,7574.7,7578.7,7524.5,7551.6
1565686800,7551.7,7558.8,7506.6,7539.9
1565701200,7539.8,7781.7,7531.8,7722.6
1565715600,7722.7,7757.2,7707.1,7743.6
1565730000,7736.2,7748.2,7725.5,7731
1565744400,7731.1,7756,7711.8,7741.9
1565758800,7742,7747,7697,7706.2
1565773200,7706.1,7708.9,7598.5,7623.1
1565787600,7623.1,7628,7482.6,7488.3
1565802000,7487.1,7537.3,7465.9,7466.4
1565816400,7466.5,7502.7,7456.3,7489
1565830800,7488.9,7523.2,7482.6,7500.5
1565845200,7500.6,7543.8,7496.6,7524.3
1565859600,7524.5,7561.7,7378.1,7527.7
1565874000,7527.8,7539.2,7444.4,7484.9
1565888400,7484.8,7506.8,7425.4,7498.8
1565902800,7498.9,7527.5,7492.7,7523.2
1565917200,7523.1,7544.6,7519.6,7530.2
1565931600,7530.2,7586.8,7527.4,7581.3
1565946000,7581,7590.7,7556.3,7565.1
1565960400,7565.3,7622.5,7535.9,7601.8
1565974800,7601.7,7617,7592.4,7601.3
1566165600,7633.5,7648.3,7627.4,7644.5
1566180000,7644.8,7663.9,7639.9,7658.2
1566194400,7658.2,7693.7,7654.1,7678.5
1566208800,7678.6,7735.9,7672.3,7711.5
1566223200,7711.7,7740.9,7686.3,7731.5
1566237600,7731.4,7732.5,7706.9,7710.9
1566248400,7708.7,7715.3,7692.1,7695
1566262800,7694.9,7733.1,7691.4,7723.3
1566277200,7723.5,7742.4,7716.1,7731.5
1566291600,7731.7,7737.8,7708.3,7716.3
1566306000,7716.4,7732.7,7671.6,7714.5
1566320400,7714.6,7715.3,7646.1,7649.1
1566334800,7647.9,7676.9,7647.3,7670.7
1566349200,7670.5,7689.6,7668.9,7684.4
1566363600,7684.7,7729.6,7684,7726
1566378000,7726.1,7731.9,7710.9,7729.3
1566392400,7729.4,7756.5,7721.7,7739
1566406800,7738.9,7750,7704.9,7749
1566421200,7746.9,7773.1,7743.9,7753
1566435600,7752.9,7757.4,7722.2,7733.4
1566450000,7733.3,7755.1,7713.4,7726.3
1566464400,7726.4,7762.8,7698.3,7755.2
1566478800,7755.3,7764.6,7645.2,7692.5
1566493200,7692.4,7734.5,7692.1,7697.6
1566507600,7697.7,7723.4,7694.2,7720.9
1566522000,7721,7743.9,7716.4,7738.5
1566536400,7738.7,7753.8,7733.1,7744.2
1566550800,7744,7749.6,7632.1,7662.8
1566565200,7663,7723.5,7504.6,7521.3
1566579600,7521.1,7521.1,7439.5,7481.6
1566770400,7392.4,7438.8,7346.2,7428.3
1566784800,7428.3,7467.9,7421.9,7430.7
1566799200,7430.8,7618.9,7429,7557.4
1566813600,7557.3,7585.5,7518.5,7540.2
1566828000,7540.1,7575.3,7503.8,7551.8
1566842400,7551.9,7592.8,7533.3,7581.4
1566853200,7586.4,7590.4,7561.1,7572.8
1566867600,7572.9,7601.9,7571.2,7586.9
1566882000,7586.8,7587.6,7541.1,7556.7
1566896400,7556.8,7632.1,7555.6,7627
1566910800,7627,7641.7,7534.7,7537.1
1566925200,7537,7600.7,7530.5,7559
1566939600,7560,7591.6,7558.5,7576.9
1566954000,7576.7,7594.1,7571.8,7584.5
1566968400,7584.5,7591.5,7544.2,7560.6
1566982800,7560.8,7578.4,7515.6,7539
1566997200,7539,7593.6,7498,7584.8
1567011600,7584.8,7599.6,7560,7574.3
1567026000,7575.4,7585.9,7563.4,7567.2
1567040400,7567,7567.2,7542.2,7563.9
1567054800,7563.9,7667,7557.4,7662
1567069200,7662.1,7696.1,7662.1,7679.8
1567083600,7679.7,7719.4,7650.4,7707.3
1567098000,7707.4,7723.7,7691.8,7699.7
1567112400,7696,7703.5,7685.1,7697
1567126800,7697.1,7727.2,7695.5,7717.9
1567141200,7717.8,7749.5,7686.2,7746.6
1567155600,7746.7,7764.2,7744.5,7749.6
1567170000,7749.7,7750.5,7640,7672.7
1567184400,7672.8,7690.9,7650.6,7669.7
1567375200,7591.5,7643.7,7588.1,7637.9
1567389600,7638,7646.4,7617.2,7637.6
1567404000,7637.8,7673.3,7627.9,7660.9
1567418400,7660.8,7690.3,7636.2,7642.3
1567432800,7642.4,7666.9,7576.7,7607.3
1567458000,7612.4,7640.2,7611.6,7626.5
1567472400,7626.7,7660,7620.9,7641.7
1567486800,7641.6,7654.3,7591.1,7621
1567501200,7621.1,7657.4,7588.9,7641.7
1567515600,7641.9,7672,7592.5,7613.8
1567530000,7613.8,7622.3,7583,7612.6
1567544400,7608.9,7621.7,7604.5,7617.7
1567558800,7617.8,7678.3,7617.8,7676.8
1567573200,7676.9,7726,7670.8,7716.8
1567587600,7716.8,7721.7,7683.4,7689.6
1567602000,7689.5,7711.3,7661.8,7709.4
1567616400,7709.4,7725.9,7696.6,7719
1567630800,7720.3,7743.9,7712.8,7740.6
1567645200,7740.5,7834.8,7729.6,7816.3
1567659600,7816.2,7825.8,7764.3,7801
1567674000,7800.9,7815.7,7794.7,7809.8
1567688400,7809.9,7881.7,7799.6,7848.9
1567702800,7848.8,7867.7,7833.9,7845.4
1567717200,7853.7,7880.3,7850.3,7873.8
1567731600,7873.9,7880.2,7855.8,7857.9
1567746000,7858,7878.7,7849.2,7866.4
1567760400,7866.3,7890.4,7855,7865.6
1567774800,7865.6,7876,7834.1,7853.8
1567789200,7853.5,7874.8,7846,7860.3
1567980000,7864.8,7883.8,7857.6,7862.4
1567994400,7862.3,7875.1,7860.7,7870.8
1568008800,7870.9,7878,7861.7,7876.1
1568023200,7876.2,7882.7,7847.6,7849
1568037600,7849,7874,7800,7818.2
1568052000,7818.4,7838.6,7795.5,7830
1568062800,7833.5,7855,7830.1,7849.7
1568077200,7849.7,7854.7,7817.5,7819.7
1568091600,7819.7,7825.6,7779.3,7791.6
1568106000,7791.8,7825.6,7790.8,7800.1
1568120400,7800.1,7810.1,7741.8,7801.4
1568134800,7801.5,7818,7758.2,7816.4
1568149200,7813.6,7814.8,7793.6,7798.4
1568163600,7798.3,7844.8,7784,7823.9
1568178000,7823.9,7836.4,7805.9,7822.7
1568192400,7822.6,7834.3,7789.5,7828.7
1568206800,7828.7,7889.9,7808.8,7881.4
1568221200,7881.6,7901.6,7855.8,7889.6
1568235600,7888.4,7956.5,7883.4,7948.4
1568250000,7948.1,7953.6,7924.7,7938.2
1568264400,7938.1,7938.9,7907.1,7911.4
1568278800,7911.5,7944.4,7902.6,7934.3
1568293200,7934.3,7978.4,7905.8,7948.6
1568307600,7948.5,7961.9,7906.5,7907.9
1568322000,7907.8,7934.8,7907.8,7932.3
1568336400,7932.2,7941.3,7922.4,7938.7
1568350800,7938.8,7947.2,7927.8,7931.1
1568365200,7931,7954.7,7916.3,7917.4
1568379600,7917.5,7924.1,7882.9,7890.9
1568394000,7890.9,7902.3,7878.4,7884.1
1568584800,7834,7847.8,7774.6,7799.5
1568599200,7799.4,7824.2,7788.9,7820
1568613600,7819.8,7843.4,7814.6,7829.5
1568628000,7829.6,7870.2,7822.9,7868.1
1568642400,7868,7871.6,7831.5,7854
1568656800,7853.9,7865.8,7845.1,7864.3
1568667600,7868.9,7873.7,7851.5,7863.8
1568682000,7863.7,7863.8,7838,7842.9
1568696400,7842.8,7858.9,7827.5,7845
1568710800,7844.9,7862.2,7833.5,7849.3
1568725200,7849.3,7869.8,7839.4,7855.6
1568739600,7855.5,7898.1,7854.2,7893.5
1568754000,7888.5,7894.2,7882.1,7883.9
1568768400,7883.8,7887.4,7875.3,7878.8
1568782800,7878.8,7888.3,7871.9,7879.8
1568797200,7879.6,7885.8,7864.3,7881.6
1568811600,7881.7,7883.8,7855.7,7856.3
1568826000,7856.1,7907,7790.9,7899.9
1568840400,7899.7,7902.5,7879.1,7887.9
1568854800,7887.9,7893.8,7848.3,7855.3
1568869200,7855.2,7882.3,7830.4,7875.4
1568883600,7875.4,7915.3,7858.5,7910.1
1568898000,7910.4,7951.8,7899.4,7911.1
1568912400,7911.2,7916.1,7886.3,7895.9
1568926800,7894.2,7909.1,7890.6,7905.6
1568941200,7905.5,7915.3,7903.8,7909.3
1568955600,7909.4,7918.8,7900.1,7907.8
1568970000,7907.7,7924.5,7905.9,7920.6
1568984400,7920.8,7929.7,7853.3,7867.5
1568998800,7867.6,7870.1,7789,7809.5
1569189600,7850,7876.9,7837.2,7847.5
1569204000,7847.4,7854.8,7841.2,7852.8
1569218400,7852.8,7865.1,7793.8,7817.9
1569232800,7817.8,7828.2,7798.5,7814.9
1569247200,7815,7841.1,7787.4,7835.4
1569261600,7835.6,7848.9,7818.4,7847.6
1569272400,7848.9,7882.7,7845.2,7862.9
1569286800,7862.9,7870.4,7850,7857.8
1569301200,7857.7,7864.4,7842.9,7857.1
1569315600,7857.3,7869.1,7847.8,7851.6
1569330000,7851.8,7873.9,7692.4,7697.9
1569344400,7697.8,7752,7681.9,7717.7
1569358800,7719.1,7736.5,7703.2,7711.7
1569373200,7712,7739.7,7710.9,7730.9
1569387600,7731.1,7735.6,7675.4,7679.3
1569402000,7679.2,7716.9,7664.1,7715.4
1569416400,7715.3,7755,7644.4,7743.6
1569430800,7743.5,7824.7,7739.9,7803.5
1569445200,7805.6,7809.8,7784.9,7791.7
1569459600,7791.8,7798.6,7776.1,7779.5
1569474000,7779.6,7823.6,7764.8,7811.6
1569488400,7811.9,7817.1,7793,7805.7
1569502800,7805.6,7807.2,7715.8,7749.2
1569517200,7748.9,7799.2,7733.9,7766.9
1569531600,7769.8,7775.4,7743.9,7750.3
1569546000,7750.2,7756.6,7734.5,7748.2
1569560400,7748.3,7788.2,7747,7784.5
1569574800,7784.5,7802.9,7775.2,7784
1569589200,7783.9,7792,7672,7672
1569603600,7672.1,7698,7622,7697.9
1569794400,7732.7,7733.5,7688.5,7720.4
1569808800,7720.4,7731.8,7714,7718.3
1569823200,7718.4,7735.9,7709.6,7725.8
1569837600,7725.9,7730.8,7690.4,7716.2
1569852000,7716.1,7764.1,7707.9,7757.2
1569866400,7757.3,7771.4,7734.1,7767.4
1569877200,7770.6,7787.8,7760.9,7785.5
1569891600,7785.6,7803.8,7784.4,7793.2
1569906000,7793.3,7809.5,7775.4,7785.1
1569920400,7785.2,7787,7768.6,7779.4
1569934800,7779.4,7824.5,7692.5,7704.2
1569949200,7704.1,7716.4,7673.9,7692.7
1569963600,7689.5,7713.4,7684.7,7701.6
1569978000,7701.5,7705.9,7684.8,7694
1569992400,7693.9,7702.7,7627.5,7634.9
1570006800,7634.7,7645.9,7613.6,7622.9
1570021200,7623,7638.5,7508.8,7517.8
1570035600,7517.7,7574.2,7510.9,7538.1
1570050000,7538.2,7557.9,7528.7,7533.9
1570064400,7533.7,7560.5,7533.1,7542.3
1570078800,7542.4,7570.3,7525.2,7557.6
1570093200,7557.5,7567.7,7525.7,7537
1570107600,7537,7619.8,7457.3,7614.8
1570122000,7615,7643.4,7604.9,7641.6
1570136400,7636.1,7641.1,7623.5,7628.8
1570150800,7629.1,7638.6,7621.1,7638.6
1570165200,7638.6,7668,7621.2,7627.7
1570179600,7627.8,7677.9,7606.6,7672.4
1570194000,7672.3,7728.5,7663.8,7717.6
1570208400,7717.5,7756.5,7713.2,7750
1570399200,7706.6,7731.1,7701.5,7715.6
1570413600,7715.7,7723.4,7706.3,7719.9
1570428000,7719.9,7732.2,7706.3,7714.4
1570442400,7714.3,7743.1,7708.6,7723.5
1570456800,7723.6,7783.7,7714.7,7776.3
1570471200,7776.4,7778.1,7714.8,7722.8
1570482000,7722.7,7748.1,7717,7744.9
1570496400,7745.1,7769,7739.5,7762.4
1570510800,7762.3,7769.6,7714.5,7721.8
1570525200,7722.1,7726.3,7648.4,7675.3
1570539600,7675.4,7685,7610.9,7661
1570554000,7661.1,7706.5,7598.8,7608.2
1570568400,7613.4,7629.1,7591.4,7623.7
1570582800,7623.9,7635.2,7609.5,7614.4
1570597200,7614.5,7650.5,7597.3,7643.5
1570611600,7643.6,7704.8,7641.6,7673.5
1570626000,7673.4,7694.7,7647.7,7692.6
1570640400,7692.6,7717.6,7674.6,7690
1570654800,7696,7698.2,7569.8,7616.3
1570669200,7616.7,7696.8,7616.1,7673.1
1570683600,7673.2,7694.3,7650.8,7679.7
1570698000,7679.5,7700.8,7657.4,7678.8
1570712400,7678.6,7772,7672.5,7734.6
1570726800,7734.9,7784.5,7694,7773.7
1570741200,7767.8,7797.5,7753.7,7764.9
1570755600,7765,7794.7,7758.3,7790.7
1570770000,7790.5,7830.7,7772.9,7829.5
1570784400,7829.6,7848.1,7823.1,7825.6
1570798800,7825.8,7896.9,7819.2,7875.8
1570813200,7875.4,7904.9,7822.7,7844.8
1571004000,7855.5,7882.1,7843.5,7863.4
1571018400,7863.4,7873.5,7849.9,7854
1571032800,7853.8,7861.1,7795,7797.9
1571047200,7797.7,7853.5,7796,7844.3
1571061600,7844,7866.6,7837,7852.8
1571076000,7852.7,7859.3,7835.2,7847.5
1571086800,7849.6,7868.8,7849.6,7858.2
1571101200,7858.1,7870.3,7855.2,7868.1
1571115600,7868,7896.1,7864.5,7879.6
1571130000,7879.6,7887.2,7855.9,7865.1
1571144400,7865.2,7945.4,7859.8,7939.2
1571158800,7939.7,7959.9,7937.7,7947.3
1571173200,7945.1,7948.6,7924.9,7931.4
1571187600,7931.2,7939,7920.3,7925.9
1571202000,7926,7947.2,7921.5,7927.3
1571216400,7927.4,7942.6,7914.4,7926.4
1571230800,7926.3,7941.2,7896,7906.8
1571245200,7906.7,7940.4,7901.9,7939.4
1571259600,7940.9,7943.3,7921.6,7932.4
1571274000,7932.3,7942.2,7927.1,7935.1
1571288400,7935,7956.1,7919.4,7946.4
1571302800,7946.4,7983.3,7937.8,7972.1
1571317200,7972,7980.9,7911.2,7938.3
1571331600,7938.3,7951.9,7930.4,7942.2
1571346000,7940.7,7942.5,7929.6,7934.5
1571360400,7934.6,7943.8,7920.6,7926.6
1571374800,7926.8,7933.9,7906.6,7929.8
1571389200,7929.7,7946.7,7925.4,7938.8
1571403600,7938.9,7947.2,7825.1,7855.4
1571418000,7855.3,7900,7853.8,7872.6
1571608800,7864.3,7899.5,7858.8,7893.8
1571623200,7893.9,7900.5,7884.7,7885
1571637600,7885,7903.8,7876.7,7893.6
1571652000,7893.7,7926.5,7889.5,7898.7
1571666400,7898.6,7933.3,7884.1,7926.2
1571680800,7926.1,7941.3,7925.4,7938.3
1571691600,7938.5,7967.6,7935.1,7959.9
1571706000,7960,7970.3,7952.7,7959.6
1571720400,7959.5,7961.6,7925.5,7934
1571734800,7933.7,7968.7,7933.2,7962.5
1571749200,7962.5,7979.1,7920.6,7931.1
1571763600,7931.2,7931.6,7827.7,7832
1571778000,7837.3,7848.6,7801.5,7826
1571792400,7825.9,7835.9,7816.3,7833.1
1571806800,7833.3,7854,7828.7,7846.1
1571821200,7845.9,7863.3,7825.7,7851.7
1571835600,7851.8,7890.2,7844.2,7877.3
1571850000,7877.3,7908.9,7855,7908.1
1571864400,7920.9,7923.1,7907.3,7910.6
1571878800,7910.5,7917.8,7904.6,7909.2
1571893200,7909.3,7931.6,7904.4,7921.4
1571907600,7921.5,7943.7,7918.9,7937.9
1571922000,7938,7969.2,7907.9,7953.5
1571936400,7953.5,7975.1,7913.6,7915.7
1571950800,7920,7930.2,7910,7925.8
1571965200,7925.9,7929.6,7915,7926
1571979600,7926.1,7938.4,7923,7927.3
1571994000,7927.4,7936.2,7912.7,7919.8
1572008400,7919.7,8031.5,7916.3,8016.7
1572022800,8016.6,8033,8005.2,8028.4
1572213600,8043.7,8057.8,8043.3,8049.8
1572228000,8049.9,8054.5,8045.5,8046.8
1572242400,8046.9,8067.8,8043,8051
1572256800,8051.1,8091.5,8049.2,8085.2
1572271200,8085.3,8114.3,8081.8,8105.3
1572285600,8105.2,8119.8,8079.7,8103.9
1572296400,8103,8112.1,8097.3,8108.7
1572310800,8108.7,8110.6,8099.2,8104.1
1572325200,8104.1,8105.9,8088.4,8095.4
1572339600,8095.4,8098.7,8073.2,8097.9
1572354000,8098,8107.3,8045,8070.7
1572368400,8070.5,8080.3,8044.2,8049.5
1572382800,8054.5,8055.5,8044.9,8047.6
1572397200,8047.7,8052.7,8039.2,8046.4
1572411600,8046.5,8050.9,8040.8,8045.6
1572426000,8045.5,8068.4,8042.1,8064
1572440400,8064.1,8067.9,8012.6,8041.8
1572454800,8042,8134,8022,8111.1
1572469200,8118.6,8120.7,8110.6,8117.7
1572483600,8117.7,8118.2,8103.3,8111.5
1572498000,8111.6,8131.7,8106.1,8121.1
1572512400,8121,8124.2,8074.4,8101.2
1572526800,8101.3,8110.3,8039.4,8057.8
1572541200,8057.7,8092.2,8045.2,8084.7
1572555600,8085.1,8091.6,8078.1,8089.3
1572570000,8089.2,8115,8088.8,8112.5
1572584400,8112.6,8117.8,8097.3,8102.6
1572598800,8102.5,8122.4,8087.4,8116.5
1572613200,8116.3,8154.9,8107.8,8116.4
1572627600,8116.5,8161.2,8114.6,8156.6
1572822000,8166.1,8188.1,8165.6,8185.9
1572836400,8186,8187.1,8179.5,8181.8
1572850800,8181.7,8212.5,8177.3,8205.5
1572865200,8205.5,8227.8,8198.5,8213.9
1572879600,8213.8,8218.1,8195.4,8215.8
1572894000,8215.9,8221,8200.9,8213.6
1572904800,8211.6,8241.9,8205.2,8222.9
1572919200,8223,8235.4,8220.6,8230.2
1572933600,8230.1,8239.1,8223.7,8235.6
1572948000,8235.5,8242.4,8223.5,8232.1
1572962400,8232.2,8235,8187.5,8222.1
1572976800,8222.2,8228.2,8201.9,8204.2
1572991200,8205.7,8209.7,8193.7,8199.8
1573005600,8199.7,8212.3,8196.6,8211.5
1573020000,8211.6,8221.8,8196.7,8200.4
1573034400,8200.3,8218.9,8199.7,8213.5
1573048800,8213.7,8213.8,8154.8,8172.4
1573063200,8172.5,8207.6,8168.3,8205.6
1573077600,8202.1,8202.6,8180.3,8181.6
1573092000,8181.6,8192.2,8180.4,8192.2
1573106400,8192.2,8254.2,8191.5,8246.5
1573120800,8246.6,8250.4,8225.2,8230
1573135200,8230.1,8271.4,8224.2,8256.7
1573149600,8257.1,8257.6,8194.4,8222.8
1573164000,8223.7,8240.1,8198.2,8202.4
1573178400,8202.5,8204,8188.1,8197.1
1573192800,8197.2,8217,8190,8208
1573207200,8207.8,8228.2,8202.5,8207.7
1573221600,8207.5,8239.1,8182.1,8231.5
1573236000,8231.7,8256.4,8220.9,8251.9
1573426800,8252.5,8253,8223.7,8229.5
1573441200,8229.5,8232.4,8214.9,8217.1
1573455600,8217.3,8229.2,8207.2,8213.5
1573470000,8213.6,8222.9,8199.5,8222.5
1573484400,8222.7,8246,8215.5,8245
1573498800,8244.9,8248.3,8233.7,8247.4
1573509600,8247,8247.4,8227.2,8228.3
1573524000,8228.4,8260.2,8222.7,8258.1
1573538400,8258,8268.1,8240.5,8247.5
1573552800,8247.9,8263.4,8246.2,8248.5
1573567200,8248.7,8295.4,8247.3,8281.4
1573581600,8281.5,8287.8,8238.5,8266.4
1573596000,8265,8265.3,8241.2,8242.8
1573610400,8243,8250.7,8237.9,8245
1573624800,8245,8258.5,8216.3,8221.1
1573639200,8221.2,8247.4,8221,8246.9
1573653600,8246.7,8277.7,8233.4,8273.7
1573668000,8273.6,8277.4,8235.9,8263.5
1573682400,8257.1,8276.9,8246.8,8268.8
1573696800,8268.6,8268.6,8235.5,8255.5
1573711200,8255.6,8256.5,8236.1,8246.9
1573725600,8247,8266.7,8232.9,8238.2
1573740000,8238.5,8259.5,8211.6,8244.7
1573754400,8244.9,8267.2,8227.7,8264.4
1573768800,8259,8298.6,8256.5,8292
1573783200,8292.2,8303.8,8289.1,8292.1
1573797600,8292.2,8295.9,8280.9,8294.7
1573812000,8294.6,8307.1,8281.3,8305.7
1573826400,8305.9,8317.6,8284.4,8308.5
1573840800,8308.4,8318.5,8292.7,8318.5
1574031600,8309.2,8318.2,8303.2,8315.5
1574046000,8315.3,8319.7,8309.3,8316.5
1574060400,8316.6,8363.5,8315.8,8330.2
1574074800,8330.1,8342.7,8273.8,8292.7
1574089200,8292.6,8331.9,8280.9,8327.8
1574103600,8328,8342.2,8318.7,8330.5
1574114400,8328.5,8340.2,8314.4,8335.3
1574128800,8335.4,8347,8332.7,8343.3
1574143200,8343.2,8367.5,8341.2,8366.1
1574157600,8366.4,8376,8359.4,8361.3
1574172000,8361.2,8367.4,8309.6,8343.9
1574186400,8344,8359.8,8331.3,8331.5
1574200800,8322.7,8326.7,8294.9,8297.4
1574215200,8297.4,8314.3,8292.7,8310.2
1574229600,8310.3,8320.6,8285.9,8300.4
1574244000,8300.3,8314.3,8285.2,8301.2
1574258400,8301,8341.7,8250.4,8273
1574272800,8273.2,8288.2,8224.5,8282.4
1574287200,8252,8270.2,8234,8238.7
1574301600,8238.7,8284,8237.5,8269.6
1574316000,8269.7,8282.8,8251.1,8267
1574330400,8267,8301.5,8266.5,8284.2
1574344800,8284.2,8288.4,8241.4,8264.2
1574359200,8264.3,8282.4,8252.1,8272.2
1574373600,8272.9,8294.2,8260.7,8293.2
1574388000,8293.3,8294.7,8285.6,8286.3
1574402400,8286.2,8307.7,8280.8,8295.4
1574416800,8295.3,8298.5,8275.1,8290.1
1574431200,8290.2,8293.6,8228,8267.5
1574445600,8267.6,8277.4,8254.4,8277.2
1574636400,8296.2,8312.1,8292.7,8306.2
1574650800,8306.1,8309.4,8299,8307.2
1574665200,8307.3,8308.4,8300.1,8306.4
1574679600,8306.5,8349.3,8297.2,8346.8
1574694000,8347,8367.6,8344,8361.4
1574708400,8361.2,8374.8,8356.5,8370.8
1574719200,8368.2,8417,8367.5,8397.1
1574733600,8397.3,8398.7,8377,8378.1
1574748000,8378.2,8382.7,8362.5,8369.6
1574762400,8369.5,8380.2,8364.9,8374.7
1574776800,8374.5,8398.8,8365,8396.9
1574791200,8397,8400.9,8380.5,8398.8
1574805600,8395,8405.7,8393.6,8397.5
1574820000,8397.5,8411,8396.5,8406.7
1574834400,8406.7,8424.6,8405.5,8423.2
1574848800,8423.3,8426.5,8409.2,8409.2
1574863200,8409.2,8438.2,8399.1,8432.7
1574877600,8432.6,8454.9,8432.1,8452.8
1574892000,8452.4,8452.5,8410.9,8427.2
1574906400,8427.2,8428.7,8420.9,8423.5
1574920800,8423.6,8431.6,8420,8426.1
1574935200,8426.2,8440.7,8425.2,8434.1
1574949600,8434,8444.7,8431.5,8441.4
1574978400,8442.5,8447.8,8423.1,8425.4
1574992800,8425.2,8429.7,8410.6,8416
1575007200,8415.8,8430.2,8406.9,8427
1575021600,8426.9,8437.3,8423.7,8425.9
1575036000,8425.8,8437.5,8403.5,8412
1575050400,8411.8,8420.7,8406.9,8418.5
1575241200,8424.9,8450.4,8421,8446.7
1575255600,8446.7,8450.7,8441.8,8442.2
1575270000,8442.1,8455.2,8434.1,8439.6
1575284400,8439.9,8441.5,8339.4,8339.6
1575298800,8336.5,8339.1,8274.9,8318.7
1575313200,8318.7,8334.1,8307.4,8308.2
1575324000,8308.4,8320.4,8291.2,8314.9
1575338400,8315,8336,8312.9,8331.8
1575352800,8332,8334.9,8317.1,8326.1
1575367200,8326.2,8331.4,8220.1,8221.3
1575381600,8221.4,8222.9,8166.9,8214.5
1575396000,8214.5,8259.9,8213.1,8254.1
1575410400,8255.6,8265.5,8240.1,8249
1575424800,8248.8,8264.6,8246.5,8259.6
1575439200,8259.7,8312.5,8219,8305.2
1575453600,8305.2,8307,8280.6,8295.2
1575468000,8295.3,8317.7,8286,8304.4
1575482400,8304.3,8314.9,8284.5,8295.4
1575496800,8292.6,8306.2,8282,8290.4
1575511200,8290.5,8297.4,8284.5,8287.4
1575525600,8287.5,8319.4,8286.6,8315.5
1575540000,8315.2,8336.7,8311.8,8323.6
1575554400,8323.5,8323.9,8270,8287.6
1575568800,8287.5,8313.1,8282.5,8307.9
1575583200,8306.5,8326,8305,8322.5
1575597600,8322.4,8325.3,8314.3,8317
1575612000,8316.9,8342.5,8316.5,8337.3
1575626400,8337.4,8378.1,8318.1,8372
1575640800,8372.1,8399.8,8364.9,8397
1575655200,8397.1,8406.5,8392.7,8401
1575846000,8405.4,8406.7,8378.8,8389
1575860400,8389,8392.4,8381.8,8390.4
1575874800,8390.3,8396,8381.4,8395.3
1575889200,8395.4,8425.5,8380.7,8417.5
1575903600,8417.8,8422.7,8383.3,8387.7
1575918000,8387.7,8389,8345.4,8349.4
1575928800,8352.9,8360.7,8348.9,8353.8
1575943200,8353.7,8369,8353.7,8365.7
1575957600,8365.4,8372.2,8316.7,8324.8
1575972000,8324.9,8382.2,8295.7,8370.5
1575986400,8370.5,8396.9,8337.4,8374.8
1576000800,8374.7,8382.9,8341.3,8366.5
1576015200,8364.4,8371.6,8344,8351
1576029600,8350.8,8365.3,8349.8,8364.1
1576044000,8364.2,8393.6,8354,8362.9
1576058400,8362.9,8386.7,8357.5,8384.2
1576072800,8384,8395.5,8363.1,8377.2
1576087200,8377,8410.4,8374.3,8407.5
1576101600,8407.4,8416.6,8403.6,8416.2
1576116000,8416.1,8417.9,8410,8410
1576130400,8410.2,8429.1,8409.5,8425.2
1576144800,8425.3,8428.1,8382.5,8395.8
1576159200,8395.7,8496.5,8380.6,8426.9
1576173600,8426.6,8479.5,8418.5,8471.9
1576188000,8492.5,8514.7,8489.7,8509.1
1576202400,8508.9,8518.9,8499.6,8509.6
1576216800,8509.5,8516.2,8499.8,8511.2
1576231200,8511.4,8523.5,8452,8496.5
1576245600,8496.2,8519.8,8433.8,8504.3
1576260000,8504.2,8505.7,8488.4,8495
1576450800,8509,8525.8,8506.5,8521.2
1576465200,8521.1,8530.6,8517.5,8527.5
1576479600,8527.5,8536,8522.6,8527.2
1576494000,8527.3,8580.6,8527.2,8573.4
1576508400,8573.5,8594.5,8571,8592.2
1576522800,8592.3,8594.5,8577.4,8584.5
1576533600,8580.7,8584,8570,8577.1
1576548000,8577,8599.5,8574.3,8597.8
1576562400,8597.9,8603.7,8579.3,8585.2
1576576800,8585.5,8600.5,8572.5,8594.2
1576591200,8594.1,8602.3,8573.6,8587.2
1576605600,8587.1,8589.9,8575.5,8579.6
1576620000,8578.3,8586.2,8577.7,8584
1576634400,8584.2,8586.6,8579,8581
1576648800,8580.7,8591.7,8573.1,8590.8
1576663200,8591,8596.5,8581.5,8588.8
1576677600,8588.7,8620,8586.8,8609.7
1576692000,8609.8,8615.2,8589.9,8603.5
1576706400,8604.3,8609.2,8595.2,8597
1576720800,8597.1,8597.7,8591,8596.5
1576735200,8596.5,8604,8587.4,8603.2
1576749600,8603.2,8604.7,8587.7,8594.9
1576764000,8595,8636.7,8593.5,8629.4
1576778400,8629.3,8661.2,8625.7,8659.4
1576792800,8655.5,8659.3,8647.4,8653.7
1576807200,8653.6,8655.5,8647.4,8648.2
1576821600,8648.4,8652.5,8643.6,8646.2
1576836000,8646.1,8674.7,8645.9,8672.2
1576850400,8672.3,8702.7,8664.3,8688.1
1576864800,8688.2,8695.3,8672,8688.2
1577055600,8692.5,8703,8692.2,8698.1
1577070000,8697.7,8700.3,8691.9,8693.1
1577084400,8693.2,8702.7,8692.1,8698.7
1577098800,8698.8,8722.6,8698.7,8705.8
1577113200,8705.9,8716,8700,8706.7
1577127600,8706.6,8711.8,8696,8708
1577138400,8708.1,8709.7,8697.6,8699.1
1577152800,8699.2,8706,8697.5,8705.6
1577167200,8705.7,8711,8703.1,8709.7
1577181600,8709.6,8715.2,8708.2,8711.7
1577196000,8711.6,8714.2,8686.6,8704.9
1577210400,8704.7,8710.7,8704.4,8709
1577397600,8800.2,8810.2,8800.1,8809.3
1577412000,8809.5,8814.6,8804,8806.3
1577426400,8806.2,8814,8802.3,8807.5
1577440800,8807.4,8824,8806,8814.5
1577455200,8814.5,8817.7,8760.6,8786.1
1577469600,8786,8788.5,8750,8760.2
1577660400,8764.5,8786.4,8764,8786.2
1577674800,8786.4,8791.3,8781.8,8783.2
1577689200,8783.4,8787.7,8763.2,8766.8
1577703600,8766.4,8776.5,8685.6,8696.4
1577718000,8696.2,8737.5,8672.9,8731.2
1577732400,8731.2,8731.9,8701.9,8713.8
1577743200,8712,8730.4,8711.6,8728
1577757600,8727.9,8732.5,8727.2,8729.3
1577772000,8729.5,8731.5,8713.7,8721
1577786400,8720.9,8729.5,8689.1,8692.5
1577800800,8692.4,8728.5,8674.6,8703.9
1577815200,8704,8754.2,8698.6,8754.1
1577829600,8754.2,8754.2,8754.2,8754.2
1577916000,8760.5,8768.5,8754.1,8763.5
1577930400,8763.4,8773.7,8761.7,8770.6
1577944800,8770.5,8798.5,8766.7,8797
1577959200,8796.8,8812.8,8789.5,8810.4
1577973600,8810.4,8834,8784.4,8826.3
1577988000,8826.2,8883.6,8816.6,8883.4
1578002400,8883.9,8889.5,8852.1,8856
1578016800,8856,8860.2,8785.1,8801
1578031200,8801.1,8806.7,8745.4,8758.7
1578045600,8758.5,8790.2,8717.8,8773.7
1578060000,8773.7,8844.3,8750.3,8836.3
1578074400,8836.4,8839,8788.1,8793.8
1578265200,8745.2,8769,8732.4,8749.2
1578279600,8749.2,8780,8747.9,8758.5
1578294000,8758.5,8774.8,8708.2,8732.3
1578308400,8732.2,8785.4,8714,8782.2
1578322800,8782.3,8821.4,8777.6,8815.7
1578337200,8815.8,8857.8,8810.7,8837.7
1578348000,8837.6,8861.8,8831.3,8857.2
1578362400,8857.3,8874.8,8854.4,8861.4
1578376800,8861.3,8879.5,8837.5,8862.7
1578391200,8862.6,8868.4,8838,8842.3
1578405600,8842.1,8873.2,8819.8,8860.4
1578420000,8860.3,8870.2,8810.9,8830.4
1578434400,8830,8832.8,8663.7,8735.3
1578448800,8735.2,8816.3,8731.7,8789.6
1578463200,8789.7,8830.2,8784.4,8825.1
1578477600,8825,8874.2,8821.6,8852.7
1578492000,8852.6,8930.3,8833.6,8925.2
1578506400,8925.1,8957.7,8909.4,8932
1578520800,8936.8,8950.7,8928.9,8940.2
1578535200,8940,8952.3,8918.5,8947.7
1578549600,8947.5,8979.7,8942.2,8971.9
1578564000,8972,8985.5,8960.3,8981.2
1578578400,8981.4,9008.1,8938.3,8966.3
1578592800,8966.5,8995.8,8958.3,8994.7
1578607200,8998.3,9019.8,8994.4,9014.3
1578621600,9014.5,9027.3,9011.2,9026
1578636000,9026.1,9030,9010.9,9026.8
1578650400,9027,9041.4,9012.8,9025.7
1578664800,9025.6,9031.3,8975.2,8991.9
1578679200,8992,9005.8,8952.7,8963.8
1578870000,8980.5,9000.3,8972.4,8998
1578884400,8997.8,9004.5,8995.2,8995.9
1578898800,8995.8,9014.7,8993.4,9012.8
1578913200,9013,9024.7,8991.3,9020.5
1578927600,9020.5,9059.7,9007.2,9052.7
1578942000,9052.5,9082.8,9048.8,9077.2
1578952800,9077.5,9102.9,9076.1,9090.8
1578967200,9091,9093.1,9067.4,9072.1
1578981600,9072.3,9082.7,9030.1,9077.5
1578996000,9077.7,9084.8,9049.4,9075.3
1579010400,9075.6,9077.7,9023.6,9068.4
1579024800,9068.5,9083.3,9023.4,9051.7
1579039200,9049,9050.2,9014.8,9037.7
1579053600,9037.7,9039.8,9017.2,9031.1
1579068000,9030.9,9048.5,9028.6,9038.2
1579082400,9038.2,9063.7,9032.3,9036.5
1579096800,9036.2,9084.7,9033.3,9054.7
1579111200,9054.8,9063.3,9012.1,9050.8
1579125600,9050.7,9072.2,9050.7,9061.7
1579140000,9061.8,9072.1,9053.6,9071.2
1579154400,9071.3,9099,9066.5,9080.5
1579168800,9080.4,9090.8,9076.3,9082.7
1579183200,9082.9,9108.7,9066,9082.3
1579197600,9082,9129.7,9077.7,9126.8
1579212000,9127,9147.7,9123.7,9129.1
1579226400,9131.7,9138.7,9124.2,9129
1579240800,9129.2,9156.9,9125.5,9153
1579255200,9153.1,9171.3,9149.9,9164.4
1579269600,9164.5,9176.1,9120,9137
1579284000,9137.1,9179.1,9136.2,9161.5
1579474800,9161.9,9178.2,9160,9170.5
1579489200,9170.5,9172.8,9167.5,9171
1579503600,9171,9171.7,9151.5,9153.5
1579518000,9153.5,9164.2,9153.2,9162.8
1579532400,9163,9168.7,9153,9167.2
1579557600,9167.9,9169.8,9121.2,9126.5
1579572000,9126.7,9132.2,9112.8,9119.4
1579586400,9119.5,9135,9106.6,9119.5
1579600800,9119.6,9139.1,9116,9133.9
1579615200,9133.7,9191.2,9133.5,9182.8
1579629600,9183,9187,9144,9166.3
1579644000,9170.1,9187.6,9166.3,9179.7
1579658400,9179.7,9227.5,9179.5,9223.7
1579672800,9223.7,9228.8,9208.4,9216.5
1579687200,9216.3,9232,9213.1,9217.8
1579701600,9218.1,9245.8,9203.6,9232.1
1579716000,9232.2,9238.7,9172.8,9180.2
1579730400,9180.1,9196.2,9170,9194.8
1579744800,9194.6,9201.5,9163.5,9168
1579759200,9167.9,9197.7,9166.8,9185.8
1579773600,9185.7,9203.1,9178,9181.4
1579788000,9181.4,9207,9140.8,9182.5
1579802400,9182.4,9245.7,9177.5,9243.4
1579816800,9245.2,9265.1,9244.5,9253.2
1579831200,9253,9263,9248.8,9260.7
1579845600,9260.9,9280,9250,9270.5
1579860000,9270.5,9276,9263.2,9266.6
1579874400,9266.3,9275.8,9155.2,9190.6
1579888800,9190.8,9191.2,9102.5,9129.5
1580079600,9056.9,9058.3,8988.2,9009.1
1580094000,9009,9035.2,9009,9024.4
1580108400,9024.7,9048,8951,8953.3
1580122800,8953.5,8992.9,8919.6,8978.1
1580137200,8978.2,9005.2,8937.8,8988.8
1580151600,8988.7,9004.4,8943.8,8954.5
1580162400,8954.6,8994.5,8953,8983.3
1580176800,8983.4,9022.8,8969.5,9020
1580191200,9020,9035,8969.2,8987.9
1580205600,8988,9034.7,8973.3,9022.9
1580220000,9023.1,9101.4,8996.2,9089.5
1580234400,9089.5,9130.9,9077.3,9119.5
1580248800,9119.5,9142.5,9087.3,9132.7
1580263200,9132.7,9146,9129,9132.3
1580277600,9132.2,9137.5,9111.5,9122.8
1580292000,9122.7,9152,9122.1,9132
1580306400,9132.3,9153.9,9067.5,9125
1580320800,9124.8,9153,9075.4,9100.4
1580335200,9116.6,9131.3,9086.7,9093.1
1580349600,9093,9095.1,9037.9,9054.2
1580364000,9054.2,9064.2,8998.3,9046.7
1580378400,9046.8,9068.1,9012.9,9054.2
1580392800,9054.3,9109.4,9019,9039.6
1580407200,9039.5,9234.7,9030,9232.1
1580421600,9212.2,9243.2,9198,9206
1580436000,9206.4,9238.3,9206.4,9217.3
1580450400,9217.5,9218.3,9161.8,9170.7
1580464800,9170.6,9193.8,9132.7,9181.2
1580479200,9181.3,9195.3,9007.1,9030.5
1580493600,9030.3,9043.2,8960.7,9007.4
1580684400,9009.3,9087.9,8994.5,9051.7
1580698800,9051.8,9084.2,9047.8,9053.9
1580713200,9054,9076,9021.6,9033.7
1580727600,9033.8,9123.7,9028.6,9122.5
1580742000,9126.9,9152,9100.5,9124
1580756400,9123.8,9145.6,9085.4,9101.6
1580767200,9101.7,9153.9,9069.6,9147.9
1580781600,9148.1,9182.7,9131.7,9176.7
1580796000,9176.6,9233.1,9165.6,9229.1
1580810400,9229.3,9260.7,9212.7,9258.1
1580824800,9258,9329.1,9223.5,9325.5
1580839200,9325.6,9365.5,9307,9356.8
1580853600,9346,9360.5,9314.5,9344.7
1580868000,9344.5,9345,9317,9324
1580882400,9324.1,9457.7,9322.2,9450.7
1580896800,9450.5,9458.6,9415.8,9455.5
1580911200,9455.4,9455.5,9314,9350.7
1580925600,9350.9,9397.5,9330.7,9384.2
1580940000,9384.1,9420.7,9368.9,9403.5
1580954400,9403.6,9448.7,9403.6,9443.2
1580968800,9443.4,9454.7,9401.4,9410.2
1580983200,9410,9430.3,9394.8,9401.9
1580997600,9401.8,9444.9,9356.7,9443.2
1581012000,9443.4,9457.5,9419.7,9457.1
1581026400,9457,9461.4,9415.2,9427.7
1581040800,9427.6,9443.1,9417.7,9427.9
1581055200,9428,9455.9,9410.1,9412.6
1581069600,9412.8,9446.9,9387.7,9405.6
1581084000,9405.3,9456.1,9377.7,9445.5
1581098400,9445.3,9445.9,9378.7,9392.9
1581289200,9388.9,9433.6,9324.4,9422.9
1581303600,9422.5,9428.4,9398,9422.1
1581318000,9422.4,9427.7,9378.1,9413.8
1581332400,9413.7,9442.5,9372.6,9441.8
1581346800,9441.7,9478.9,9438.1,9465.6
1581361200,9465.5,9525.1,9459.4,9520.2
1581372000,9519.1,9566.4,9510.6,9564.7
1581386400,9564.5,9576.4,9558.3,9569.1
1581400800,9569.3,9572.2,9539.7,9552.9
1581415200,9552.8,9570.4,9548.2,9570.3
1581429600,9570.2,9603.4,9532.7,9574
1581444000,9573.9,9586.5,9495.7,9526.5
1581458400,9532.4,9542.5,9519,9532.7
1581472800,9532.8,9559.6,9529,9557.9
1581487200,9557.7,9579.4,9548.7,9566.6
1581501600,9566.5,9576.1,9557.5,9570.6
1581516000,9570.5,9614.5,9554.2,9609.2
1581530400,9609.4,9623,9591.3,9618.5
1581544800,9613,9620,9555.4,9584.5
1581559200,9584.5,9591.1,9568.7,9577.8
1581573600,9577.7,9579.8,9528.1,9535.7
1581588000,9535.8,9561.6,9505.3,9555.7
1581602400,9555.9,9625,9533.3,9598.9
1581616800,9599,9638.6,9588.8,9619.2
1581631200,9619.1,9629.3,9595.1,9627.7
1581645600,9627.7,9653.7,9618.7,9635.6
1581660000,9635.7,9642.6,9619.8,9629.2
1581674400,9629.3,9643.8,9609.1,9617.7
1581688800,9617.7,9636.3,9588,9597.7
1581703200,9597.6,9630.2,9583.2,9624.6
1581894000,9645.7,9672.3,9645,9667.2
1581908400,9667.4,9683,9664.2,9670.8
1581922800,9671.1,9677,9662.1,9668.5
1581937200,9668.5,9671.5,9650.5,9657.1
1581951600,9656.9,9664.9,9653.9,9661.9
1581976800,9589.5,9602.1,9574.3,9582.8
1581991200,9582.9,9589,9560.3,9572.3
1582005600,9572,9574.7,9529.7,9543
1582020000,9542.8,9587.9,9536.7,9576.6
1582034400,9576.7,9623.5,9570.4,9607.3
1582048800,9607.4,9650.1,9603.9,9636
1582063200,9635.9,9662,9635.9,9655.8
1582077600,9655.7,9670.6,9652.9,9660.7
1582092000,9660.8,9666.5,9645,9659.2
1582106400,9659.1,9678.8,9655.4,9675.5
1582120800,9675.4,9736.4,9674.5,9729.8
1582135200,9730,9741.4,9712.5,9726.4
1582149600,9734.9,9755.8,9727.8,9728.6
1582164000,9728.4,9733.8,9679.6,9710.2
1582178400,9710.3,9736.8,9701.1,9718.6
1582192800,9718.7,9722.2,9684.2,9695
1582207200,9694.8,9718.5,9508.7,9576.2
1582221600,9576.2,9636.1,9566.3,9611.1
1582236000,9606.2,9617.1,9557.1,9586.2
1582250400,9586.1,9587,9549.7,9556.2
1582264800,9556,9580.4,9532,9557.5
1582279200,9557.6,9599.2,9557.3,9581
1582293600,9581.2,9598.8,9466.2,9479.5
1582308000,9479.5,9491.8,9405,9448.8
1582498800,9336.8,9352.9,9247.9,9263.9
1582513200,9264,9297.3,9248.5,9283
1582527600,9282.9,9286.9,9119.6,9141.5
1582542000,9141.3,9223.8,9037.7,9178.5
1582556400,9178.5,9196.8,9040.4,9098
1582570800,9098.1,9180.1,9063.1,9091.9
1582581600,9092,9212.7,9072.7,9187.2
1582596000,9187.1,9203.9,9155.8,9194.7
1582610400,9194.7,9219.7,9124.6,9127
1582624800,9127.2,9176.7,9065.8,9160.2
1582639200,9160.2,9186.4,8937.4,8965
1582653600,8964.8,8988.9,8806,8869.5
1582668000,8861.4,8922,8836.1,8887.4
1582682400,8887.2,8944,8863.8,8915
1582696800,8915.4,8923.7,8705.4,8781.7
1582711200,8781.9,8926,8779.7,8883
1582725600,8882.3,9033.6,8862.4,8926.6
1582740000,8926.7,8942.4,8806.7,8817.5
1582754400,8811.4,8874,8745.1,8773
1582768800,8772.9,8783.9,8697,8732.3
1582783200,8731.9,8841,8693.2,8794.1
1582797600,8794,8808,8671.9,8682.2
1582812000,8682.2,8789,8515.8,8731.8
1582826400,8731.6,8775.1,8329.1,8345.5
1582840800,8345.6,8426.3,8308.3,8414
1582855200,8414.3,8443.1,8188.2,8214.3
1582869600,8214.5,8353.7,8125.2,8209.8
1582884000,8210.1,8378.7,8194.5,8200.7
1582898400,8200.6,8491.1,8124.9,8412.5
1582912800,8412.4,8569.6,8211.3,8541.4
1583103600,8364,8553.5,8312.9,8528.7
1583118000,8528.9,8559.7,8462.4,8503.4
1583132400,8503.5,8674.1,8492.1,8498.9
1583146800,8498.8,8593.1,8359.9,8511.9
1583161200,8512.1,8733.4,8440.5,8675.7
1583175600,8675.4,8879.9,8570.2,8816.8
1583186400,8816.7,8889.5,8797.9,8815.9
1583200800,8816,8858.4,8753.5,8755.6
1583215200,8755.9,8904.5,8736.1,8895.1
1583229600,8895,8915,8783.2,8848.2
1583244000,8848.1,9000,8703.9,8763.2
1583258400,8763,8763,8510.3,8558.4
1583272800,8558.3,8672.7,8507.7,8641.6
1583287200,8641.2,8717,8623.1,8705.1
1583301600,8705,8774.9,8681.8,8760.1
1583316000,8760.2,8808.2,8720.5,8741.8
1583330400,8741.6,8817.2,8664.6,8816.9
1583344800,8817,8949.1,8808.5,8888.7
1583359200,8888.9,8899,8826.7,8834.9
1583373600,8835.1,8875.7,8815.7,8867
1583388000,8866.9,8867.7,8748.1,8763.5
1583402400,8763.5,8765.5,8683,8717.2
1583416800,8717.5,8867,8671.7,8685.5
1583431200,8685.4,8744.2,8610.5,8672.4
1583445600,8672.5,8726.1,8607,8609
1583460000,8608.7,8614.1,8520.5,8540.5
1583474400,8540.6,8594.4,8465.5,8465.9
1583488800,8466.1,8475.7,8337.2,8391.2
1583503200,8389.9,8543.9,8310.5,8419.7
1583517600,8419.4,8570.7,8316.6,8501.8
1583704800,8275.5,8277.5,8091.2,8091.2
1583719200,8091.3,8127.8,8090.3,8093.9
1583733600,8093.8,8131.5,8090.7,8094.3
1583748000,8084.4,8094.2,8066.7,8072.2
1583762400,8072,8240.7,7998.1,8013.3
1583776800,8013.3,8094.1,7881.1,7916.2
1583787600,7916.3,8162.6,7816.2,8160.1
1583802000,8160.4,8218.6,8107.6,8208.6
1583816400,8209.4,8285.5,8153.9,8283.4
1583830800,8283.1,8347.7,8173,8231.2
1583845200,8230.8,8255.7,7933.4,8089.2
1583859600,8088.8,8380.8,8012.6,8358.4
1583874000,8320.8,8323.2,8155.1,8190.1
1583888400,8189.4,8226.2,8117.3,8153.7
1583902800,8154.1,8247.8,8086.8,8220.7
1583917200,8221.1,8227.4,8073.1,8079.7
1583931600,8079.7,8224.1,8034.8,8058.6
1583946000,8058.8,8069.8,7894.5,8006.6
1583960400,7993.9,8108.1,7925.7,7983
1583974800,7983.1,7997,7598.3,7730
1583989200,7732.4,7740.4,7602.9,7622.5
1584003600,7623.4,7666.7,7599.8,7600.3
1584018000,7467.6,7647.7,7325,7591.8
1584032400,7591.8,7810.7,7129.5,7160.4
1584046800,7168.1,7246.2,7060.5,7136.2
1584061200,7136.9,7273.2,6941,7272.8
1584075600,7273.4,7608.9,7263,7442.9
1584090000,7442,7623.6,7398.2,7623.2
1584104400,7651.5,7657.9,7292.4,7469.3
1584118800,7468.6,7975.7,7382.4,7824.6
1584309600,7703.9,7781.3,7546.7,7553.2
1584367200,7186.3,7559,7168.3,7288.5
1584381600,7288.4,7402.6,6921.1,7042.6
1584392400,7071.2,7286.6,6980,7266.1
1584406800,7266.6,7293.9,7231.5,7293.6
1584435600,7137.1,7292.7,6996.6,7180.7
1584450000,7180.6,7552.2,6946.9,7351.7
1584464400,7354.2,7509.2,7229.9,7361.5
1584478800,7357.3,7395,7114.7,7148
1584493200,7148.2,7280.6,7103.8,7142.6
1584507600,7142.7,7146.7,7073.1,7074.1
1584536400,7126.7,7337.8,6994.2,7016.7
1584550800,7016.7,7276.2,6823.2,7254.4
1584565200,7221.6,7435.6,7118.6,7271.8
1584579600,7271.7,7344.6,6886.3,6940.6
1584594000,6940.7,7338.1,6940.5,7300.6
1584608400,7300.8,7325.2,7052.1,7171.4
1584622800,7171.3,7460.8,7020.9,7352.2
1584637200,7352.1,7512.1,7167.1,7195.8
1584651600,7178.9,7247.2,7135.3,7227.8
1584666000,7227.2,7379,7202.6,7340.6
1584680400,7340.8,7640,7295.9,7638.9
1584694800,7638.9,7639.2,7433.5,7433.5
1584709200,7434.7,7497.8,7141.3,7261.1
1584723600,7261.4,7329,6899.6,6926.8
1584914400,6688.9,6688.9,6635,6635
1584928800,6741.7,6793.6,6676,6755.3
1584943200,6755.4,6850,6727.3,6796.1
1584957600,6796.1,7326,6774.8,7040.6
1584972000,7041,7151.2,6769.8,6964.2
1584986400,6963.6,7050.1,6854.8,6987.8
1584997200,6987.7,7172.7,6987.7,7111.5
1585011600,7111.7,7270.3,7105,7212.9
1585026000,7213,7333.9,7144.4,7321
1585040400,7320.4,7372.3,7240.9,7350.5
1585054800,7350.6,7538.3,7323.2,7443.3
1585069200,7443.4,7582,7303.4,7565.7
1585083600,7538.6,7641.3,7425.3,7454
1585098000,7454.7,7536.2,7385.4,7498
1585112400,7497.9,7718.8,7390.9,7706.2
1585126800,7705.8,7766.3,7425.5,7531.1
1585141200,7531,7671.7,7379.9,7609.1
1585155600,7609.1,7769.8,7438.7,7485.8
1585170000,7483.6,7556.7,7440.2,7490.5
1585184400,7490.4,7491.5,7363.7,7436
1585198800,7436.4,7455.4,7328.4,7369
1585213200,7369.1,7481,7317.9,7467.5
1585227600,7467.3,7773.6,7443.1,7764.1
1585242000,7764.1,7901.1,7655,7872.1
1585256400,7877.6,7898.9,7792.8,7798.3
1585270800,7798.4,7810,7713.9,7728.2
1585285200,7728.3,7813.2,7692.7,7722.2
1585299600,7722.2,7753.4,7625.1,7650.6
1585314000,7651.4,7704.5,7584.9,7659.2
1585328400,7659.1,7808,7559.2,7564.5
1585519200,7419.9,7512.9,7418.3,7496.8
1585533600,7496.8,7697.8,7489.3,7675.7
1585548000,7675.5,7677,7498.8,7562.1
1585562400,7562.2,7719.2,7558.4,7693
1585576800,7694.1,7856,7681.5,7823
1585591200,7823,7891.7,7791.6,7861.2
1585602000,7851.2,7903.6,7848.6,7878.9
1585616400,7878.7,7942.7,7820.8,7842.2
1585630800,7842.1,7954.6,7817.7,7942.8
1585645200,7942.7,7962.7,7769.9,7812.7
1585659600,7812.6,8001.3,7803.5,7851.3
1585674000,7851.4,7898.7,7753.7,7785
1585688400,7761.5,7772.2,7693.4,7745.4
1585702800,7744.3,7747.2,7669.9,7692.8
1585717200,7692.7,7701.2,7534.2,7587.5
1585731600,7586.4,7627.4,7530.4,7571.9
1585746000,7573.2,7689.5,7505.6,7517.1
1585760400,7516.9,7564,7410.6,7470
1585774800,7482.5,7524.6,7470.3,7504.1
1585789200,7504.2,7552.8,7462.8,7526.9
1585803600,7527.1,7600.5,7495.2,7569.6
1585818000,7568.3,7581,7435.3,7454.2
1585832400,7454.5,7623,7379.7,7593.9
1585846800,7593.9,7660.9,7450.8,7626.5
1585861200,7619.1,7656.3,7570.1,7584.7
1585875600,7584.5,7604.5,7532.1,7541.8
1585890000,7541.5,7582,7517,7540.1
1585904400,7540.8,7653.2,7513.8,7601.2
1585918800,7601.1,7665.4,7470.8,7501.6
1585933200,7501.4,7546.1,7427.6,7526.5
1586124000,7607.4,7818.6,7598.3,7793.2
1586138400,7792.4,7846.6,7749.5,7828.3
1586152800,7827.8,7870.2,7797.9,7836.8
1586167200,7837.5,7859,7753.1,7854.2
1586181600,7854.2,7963.5,7833.1,7963.3
1586196000,7963.2,8101.7,7915.2,8038.8
1586206800,8022.1,8098.8,7999.8,8045.7
1586221200,8044.7,8055.8,7950.6,8009.2
1586235600,8008.1,8249.2,7999.1,8203.8
1586250000,8203.9,8306.1,8197.4,8278.3
1586264400,8278.3,8301.1,8074.5,8226.6
1586278800,8226.8,8242.5,7993.5,8001.6
1586293200,8001.5,8069.6,7955.9,7974.2
1586307600,7973.8,8092.1,7967.1,8087
1586322000,8087.1,8145.4,7984.1,8020.6
1586336400,8020.7,8128.4,8000.4,8103.4
1586350800,8103.3,8197.9,8047.9,8176.8
1586365200,8176.7,8245.4,8123.6,8204.8
1586379600,8177.5,8238.9,8161.8,8210.9
1586394000,8212,8224.5,8137.9,8198.1
1586408400,8197.4,8275.9,8166.6,8185.9
1586422800,8185.8,8276.1,8104.6,8269.1
1586437200,8269.1,8329.1,8159.8,8274.1
1586451600,8273.9,8285.2,8154.4,8242.6
1586728800,8276.5,8283.7,8076.9,8126.8
1586743200,8126.9,8149.6,8093.6,8096.5
1586757600,8096.6,8155.4,8093.9,8137.7
1586772000,8137.9,8246.5,8128,8172.4
1586786400,8172.7,8256.6,8144.8,8244.4
1586800800,8244.5,8341,8218.6,8340.8
1586811600,8340.7,8375.8,8321.4,8346.6
1586826000,8347.7,8485.9,8341,8481.2
1586840400,8481.1,8490.2,8416.9,8427.9
1586854800,8428,8494.6,8423.5,8488.7
1586869200,8488.6,8664.9,8459.6,8654.6
1586883600,8654.6,8710.4,8638.6,8706.4
1586898000,8706.3,8706.5,8657.9,8668.8
1586912400,8668.9,8684.6,8637,8672.1
1586926800,8672.2,8681.2,8570.1,8586.7
1586941200,8586.6,8620.9,8509.4,8518.7
1586955600,8518.5,8590.1,8489.6,8573.1
1586970000,8573,8659.5,8561.7,8579
1586984400,8587.8,8593.5,8504.4,8530.3
1586998800,8530.5,8572.5,8518.4,8567.1
1587013200,8567.6,8698.9,8545.9,8668.7
1587027600,8668.8,8702.4,8624.5,8683
1587042000,8682.6,8789.5,8596.5,8666
1587056400,8665.8,8846.6,8645.2,8842.4
1587070800,8916.1,8971.1,8880.3,8909.9
1587085200,8910,8951.9,8895.2,8915.9
1587099600,8916.1,8956.6,8863.5,8896.2
1587114000,8896.1,8952,8880.7,8888.7
1587128400,8888.3,8895.1,8719.1,8759.9
1587142800,8759.7,8830.7,8693.7,8812.7
1587333600,8782.4,8842.4,8738.1,8793.8
1587348000,8794,8834.3,8775.1,8782.1
1587362400,8782,8796.8,8744.2,8751.1
1587376800,8751.6,8790.2,8702.1,8746.1
1587391200,8746,8851.5,8737.2,8823.7
1587405600,8823.9,8833.7,8692.4,8718.1
1587416400,8715.7,8759.6,8705.1,8742.9
1587430800,8743,8768.5,8607.4,8664.2
1587445200,8664.4,8714.5,8648.2,8686
1587459600,8685.9,8703.6,8601,8613.2
1587474000,8613.5,8657.8,8347.8,8397.3
1587488400,8397.6,8522.1,8384,8440.5
1587502800,8473.8,8496.6,8406.4,8450.7
1587517200,8450.8,8483.2,8428,8439.9
1587531600,8440,8558.4,8438.9,8554.7
1587546000,8554.6,8583.7,8516.5,8578.3
1587560400,8578.2,8630.2,8540.6,8615.9
1587574800,8616.1,8705.6,8605.9,8639.4
1587589200,8637.9,8641.9,8592.9,8619.4
1587603600,8619.6,8659,8588.1,8622.8
1587618000,8623,8685,8602.2,8622.1
1587632400,8622.3,8703.5,8618.5,8701.9
1587646800,8702.1,8793.6,8619.6,8709.5
1587661200,8709.8,8741.3,8597.6,8608.2
1587675600,8578,8599.4,8519.7,8536.4
1587690000,8535.5,8562.7,8507.1,8544.1
1587704400,8544.2,8591.9,8513.3,8571.4
1587718800,8571.5,8682.6,8571.5,8664
1587733200,8663.9,8702.3,8592.5,8692.5
1587747600,8692.1,8789,8675.6,8773
1587938400,8803.6,8819.9,8738.7,8815
1587952800,8815.1,8906.9,8811.4,8892
1587967200,8892.1,8906,8848.4,8898.8
1587981600,8898.5,8899.2,8829.3,8875
1587996000,8875,8886.4,8798.4,8810.9
1588010400,8811,8859,8810.7,8827
1588021200,8815.5,8856.4,8811,8848.7
1588035600,8848.8,8848.8,8785.9,8811
1588050000,8810.9,8884.3,8802.9,8871.7
1588064400,8871.6,8955.3,8869.1,8930.5
1588078800,8930.6,8932.8,8684.7,8739.6
1588093200,8740,8773.5,8664.1,8708.2
1588107600,8759.8,8803.6,8743.2,8796.8
1588122000,8796.7,8868.9,8796.6,8851.3
1588136400,8851.2,8861.6,8802.5,8832.5
1588150800,8832.4,8904.6,8783.5,8899.5
1588165200,8899.3,8973.8,8826.5,8958
1588179600,8958.1,9128.7,8933.2,9128.4
1588194000,9128.5,9128.5,9052.9,9071
1588208400,9071.1,9154.5,9064.9,9139.3
1588222800,9139.1,9146.3,9073,9081.4
1588237200,9081.5,9114.7,8999.7,9002.9
1588251600,9003.2,9028,8916.1,8954.5
1588266000,8954.4,9010.2,8867,8879.7
1588280400,8844.8,8865.1,8814.5,8863.3
1588294800,8863.2,8871.4,8796.6,8833.9
1588309200,8833.9,8841.8,8736.1,8782.9
1588323600,8783,8798.9,8756,8793.7
1588338000,8793.4,8889.1,8686.7,8710
1588352400,8709.8,8765.9,8682.7,8712.4
1588543200,8628,8651.4,8567,8642.7
1588557600,8642.8,8680.9,8623.3,8644.8
1588572000,8644.1,8707.5,8628.3,8661
1588586400,8660.8,8736,8644.1,8729.5
1588600800,8729.6,8794.2,8710,8757.1
1588615200,8757,8838.8,8744.8,8820.6
1588626000,8822.2,8856.4,8814.2,8853.4
1588640400,8853.5,8888.2,8843.4,8881.7
1588654800,8881.6,8928.9,8836.8,8840.5
1588669200,8840.5,8938.3,8834.5,8924.8
1588683600,8924.7,9010.5,8907.5,8987.5
1588698000,8987.5,9031.9,8897.1,8945.4
1588712400,8944.8,8977.4,8895.1,8906.5
1588726800,8906.6,8951.2,8888.7,8942.1
1588741200,8942.6,9020.2,8939.6,8994.9
1588755600,8995,9020.9,8968.1,8989.3
1588770000,8989.4,9057.1,8946.6,9039.5
1588784400,9039.6,9067.5,8952,8957
1588798800,8968.8,9005.9,8940.9,8999.5
1588813200,9000.2,9041.1,8985,9032.6
1588827600,9032.8,9095.1,9014.5,9086.4
1588842000,9086.3,9111.1,9072.6,9100.9
1588856400,9100.6,9126.2,9041.6,9124.1
1588870800,9124,9136.8,9076.4,9129.1
1588885200,9115.2,9192.6,9113.7,9189
1588899600,9189.4,9224,9182.9,9217.1
1588914000,9217.1,9245.9,9176.4,9194.3
1588928400,9194.2,9227.7,9180.5,9193.7
1588942800,9193.8,9225.9,9124.6,9222.6
1588957200,9222.5,9237.1,9159.5,9229.2
1589148000,9192.9,9293.1,9185.5,9287.7
1589162400,9287.8,9292.9,9245,9245.1
1589176800,9245.4,9279.5,9201.9,9223.7
1589191200,9223.6,9232.2,9127.2,9213.1
1589205600,9212.9,9331.3,9210.5,9317
1589220000,9317,9347.2,9274.4,9289
1589230800,9293.2,9319.4,9245.4,9255.4
1589245200,9255.6,9279.8,9232.2,9273.5
1589259600,9273,9301.7,9238.4,9272.7
1589274000,9272.9,9331.7,9256.1,9328
1589288400,9328,9353.9,9245.4,9336
1589302800,9336.2,9337.2,9049.3,9052.2
1589317200,9054.6,9084.8,9006.2,9051.7
1589331600,9051.6,9114.8,9034.9,9112.5
1589346000,9112.5,9137.2,9077.6,9103.1
1589360400,9103,9177.6,9096.4,9148.2
1589374800,9148.1,9211.4,8894.7,8986.7
1589389200,8986.6,9029.5,8886.9,9021.5
1589403600,9035.5,9046.1,8972.8,9006.7
1589418000,9006.6,9026.8,8951.5,8984.1
1589432400,8983.8,9040.9,8953.4,9011.6
1589446800,9011.7,9046.1,8897.8,8938.2
1589461200,8938.1,8992.2,8855.2,8987.4
1589475600,8987.2,9112.4,8944.4,9095.7
1589490000,9087,9126.6,9079.4,9099
1589504400,9099,9119.8,9059.4,9113.5
1589518800,9113.5,9149.9,9086.1,9134
1589533200,9134.1,9143.9,8936.1,8960.3
1589547600,8960.2,9072.7,8932.9,9065.4
1589562000,9065.5,9155.7,9055.2,9123.9
1589752800,9129.1,9196,9117.5,9180.4
1589767200,9180.3,9220.3,9179.3,9183.8
1589781600,9183.7,9251.5,9182.8,9214.7
1589796000,9214.9,9304.4,9203.1,9268.4
1589810400,9268.3,9368.7,9259.2,9351.8
1589824800,9351.9,9367.1,9317.5,9324.5
1589835600,9327,9360.8,9321.7,9343.4
1589850000,9344.4,9353.1,9302.7,9349.5
1589864400,9349.5,9422.9,9308.1,9342.3
1589878800,9342.2,9356.1,9298.1,9342.9
1589893200,9343,9412.4,9321,9400.5
1589907600,9400.3,9423.2,9290.8,9303.9
1589922000,9286.1,9335.9,9275.6,9329.9
1589936400,9330,9369.5,9325.5,9355.3
1589950800,9355.4,9395.8,9325.2,9384
1589965200,9383.8,9414.5,9378.7,9407.7
1589979600,9407.8,9500,9401.1,9465.7
1589994000,9465.9,9501.4,9434.5,9498
1590008400,9494.9,9505.8,9464.2,9480
1590022800,9479.9,9480,9430.4,9459.4
1590037200,9459.5,9466.4,9414,9442.1
1590051600,9442,9482.5,9420,9475.5
1590066000,9475.5,9514.1,9358.5,9403.7
1590080400,9404,9431.8,9355.5,9362.7
1590094800,9358.4,9411.2,9351.5,9392.3
1590109200,9392.5,9398.1,9286.2,9293.8
1590123600,9294.1,9308.8,9245,9299.9
1590138000,9299.9,9368.1,9289.9,9353
1590152400,9353.1,9402.3,9323.2,9384.4
1590166800,9384.5,9425.9,9378.2,9424.3
1590357600,9405,9466.9,9399.4,9448.4
1590372000,9448.5,9466.7,9430.4,9460.1
1590386400,9460.3,9477.5,9447.9,9459.5
1590440400,9512.9,9534.3,9507.4,9526.1
1590454800,9525.9,9598.5,9524,9586
1590469200,9585.9,9607.5,9571.2,9590.9
1590483600,9590.6,9605.7,9540.9,9553.8
1590498000,9554,9573,9416.2,9474.2
1590512400,9474.1,9490,9376.6,9415
1590526800,9402.7,9419.7,9378.7,9411
1590541200,9411,9499.2,9411,9485.6
1590555600,9485.6,9496.8,9456.7,9486.6
1590570000,9486.8,9511.3,9390,9393.7
1590584400,9393.6,9406.8,9176.8,9323
1590598800,9322.9,9452.2,9299.2,9445
1590613200,9440,9476.6,9414.5,9465.9
1590627600,9465.8,9484.1,9361.2,9396.6
1590642000,9396.4,9448.7,9373.1,9408.2
1590656400,9408,9426.8,9323.3,9344.9
1590670800,9345,9556.2,9341.5,9546.1
1590685200,9546,9568.4,9389.2,9462.3
1590699600,9452.5,9462.7,9390.9,9397.8
1590714000,9397.7,9455.6,9383.4,9455
1590728400,9455,9465.7,9386.5,9408.9
1590742800,9409,9493.4,9392.5,9461.1
1590757200,9460.9,9485.4,9374.8,9448.8
1590771600,9448.7,9593.1,9394.9,9589.6
1590962400,9519.1,9577.4,9452.4,9566.2
1590976800,9566.3,9581.5,9542.7,9559.7
1590991200,9559.7,9590.5,9484,9506.7
1591005600,9506.6,9569.2,9495.5,9553.2
1591020000,9553,9608.2,9538.3,9597.1
1591034400,9597,9604,9578,9595.1
1591045200,9590.9,9599.1,9555.9,9587.1
1591059600,9587,9591.3,9561.2,9578.1
1591074000,9578,9651.6,9578,9644.2
1591088400,9644.3,9672.5,9601,9613
1591102800,9612.9,9616.5,9507.7,9575.4
1591117200,9575.5,9664.1,9573.5,9660.7
1591131600,9658.6,9688.1,9637.5,9683.7
1591146000,9683.6,9693.9,9653.7,9673.9
1591160400,9674,9699.8,9663.5,9681
1591174800,9681.2,9696.1,9651.8,9665.2
1591189200,9665,9705.6,9642.9,9665.1
1591203600,9665,9730.6,9661,9692.7
1591218000,9685.6,9707.9,9668.2,9684.9
1591232400,9685.4,9691.7,9647.3,9672.1
1591246800,9672.4,9695.8,9659.2,9667.5
1591261200,9667.5,9685.5,9645.3,9660.8
1591275600,9660.7,9743.6,9624.2,9626.6
1591290000,9626.7,9672,9573.6,9644.8
1591304400,9642.1,9644.6,9611.4,9632.5
1591318800,9632.6,9667.3,9623.3,9659
1591333200,9658.8,9705.1,9652.8,9675.5
1591347600,9676,9683,9602.8,9646.4
1591362000,9646.4,9842.5,9644.4,9831.6
1591376400,9831.5,9847.1,9790.5,9808.6
1591567200,9837.1,9876.5,9826.4,9837.1
1591581600,9837.2,9855.6,9827.3,9847.3
1591596000,9847.1,9849.8,9798.2,9814.2
1591610400,9814.3,9831.1,9770.4,9786.2
1591624800,9786.3,9860.1,9748.4,9856.8
1591639200,9857.1,9901.9,9852.9,9884.5
1591650000,9880.3,9897.7,9873.9,9878.1
1591664400,9877.5,9891.4,9860,9884.2
1591678800,9884.1,9908.1,9813.9,9824.6
1591693200,9824.5,9862.5,9812.9,9859.1
1591707600,9859.2,9987.9,9847.4,9979.1
1591722000,9978.8,10006.1,9943.6,9962.5
1591736400,9968,9998.8,9962.4,9996.5
1591750800,9996.4,10017.5,9988.2,10007.6
1591765200,10007.7,10016.3,9987,10002
1591779600,10001.9,10048.2,9959.6,10045.7
1591794000,10045.5,10079,10019.5,10065.3
1591808400,10065,10156.5,10031.9,10087.8
1591822800,10084.1,10105.8,10031.7,10070.7
1591837200,10071.2,10095.2,10001,10018.2
1591851600,10018.3,10025.4,9924.2,9927.6
1591866000,9927.9,9991,9895.7,9933.9
1591880400,9933.8,9980.7,9704,9708
1591894800,9707.7,9783.7,9584.8,9620.7
1591909200,9630.2,9695.1,9595.6,9644.2
1591923600,9643.9,9740.5,9602.6,9721
1591938000,9720.9,9776.5,9662.8,9767.5
1591952400,9767.7,9794.7,9719.5,9756.9
1591966800,9756.4,9849.8,9569.4,9671.5
1591981200,9671.5,9684.2,9494.9,9646.2
1592172000,9542.3,9594.2,9503.8,9585.7
1592186400,9585.5,9597.3,9414.6,9420.1
1592200800,9420.1,9527.5,9379.3,9523.1
1592215200,9522.9,9600.7,9475.6,9597.3
1592229600,9597.5,9711.7,9557.3,9706
1592244000,9705.7,9815.2,9705.6,9811.3
1592254800,9811.2,9886.9,9799.4,9869
1592269200,9869.1,9959.4,9863.4,9912.5
1592283600,9912.6,9941.1,9863.4,9910
1592298000,9910.2,10011.5,9897.8,10001.7
1592312400,10001.5,10014.4,9800.4,9962.7
1592326800,9962.4,9983.7,9876.3,9971.9
1592341200,9947.3,10001.2,9930.3,9985.6
1592355600,9985.5,9995.7,9927.4,9975.3
1592370000,9975.4,10051.4,9950.9,10043.9
1592384400,10044.5,10046.6,9985.1,10015.7
1592398800,10015.5,10045.2,9949.7,10042.5
1592413200,10042.5,10060.4,9957.4,9998.9
1592427600,9987.4,10010.2,9931.7,9948.2
1592442000,9948.1,9975.6,9878.9,9972.4
1592456400,9972.4,10039.4,9939.9,10031.9
1592470800,10032.1,10042.2,9942.5,9986.7
1592485200,9986.4,10021.4,9938.2,9990
1592499600,9990,10019,9949,10000
1592514000,10003.2,10038.8,9995.3,10010.5
1592528400,10010.6,10031.1,9993.7,10018.4
1592542800,10018.2,10087.5,10015.2,10070.6
1592557200,10070.7,10108.7,10064,10104
1592571600,10104,10124.7,9948.7,10031.8
1592586000,10032,10033.8,9928.8,9937.2
1592776800,9890.2,9985.7,9855.1,9971.4
1592791200,9970.9,10009.4,9963.6,9976.2
1592805600,9975.5,10050.2,9956.9,10028.8
1592820000,10028.7,10034.4,9987.7,10033
1592834400,10033,10116.2,10025.1,10107.6
1592848800,10107.5,10146,10078,10133
1592859600,10135.2,10169.3,10126.7,10154
1592874000,10153.9,10157.8,9983.2,10122.2
1592888400,10122.2,10209.3,10100.2,10185.5
1592902800,10185.5,10216.7,10180.7,10205.3
1592917200,10205.2,10280.5,10171,10273.9
1592931600,10274,10307.9,10187.3,10188.8
1592946000,10201.1,10235.5,10177.6,10227.1
1592960400,10227.2,10253.6,10191.5,10243.8
1592974800,10243.5,10247.6,10138.2,10169.7
1592989200,10169.8,10195.6,10118.5,10193.5
1593003600,10193.4,10233,9939.4,10038.4
1593018000,10038.5,10051.7,9950.3,10026.7
1593032400,10022.2,10040.8,9974.9,10035.1
1593046800,10035.2,10043.4,9952.9,9998.8
1593061200,9999.1,10036.9,9906,10025.5
1593075600,10025.5,10059.9,9973.9,10006.3
1593090000,10006,10052.9,9897.7,10024.2
1593104400,10024.3,10118.6,9978.3,10107.1
1593118800,10099.4,10131.7,10085.7,10113.4
1593133200,10112.8,10123.7,10092.4,10107.1
1593147600,10106.8,10115.6,10044.7,10084.5
1593162000,10084.4,10131.5,10074.6,10086
1593176400,10085.6,10094.1,9863.4,9932.1
1593190800,9931.9,9963.8,9836.2,9856.8
1593381600,9800,9893.7,9791.7,9890.7
1593396000,9890.9,9893.1,9817.4,9823.4
1593410400,9823.3,9891.4,9813.9,9868.6
1593424800,9868.6,9899.4,9741.3,9804.9
1593439200,9804.9,9951,9795,9938.5
1593453600,9938.5,10009.3,9884.9,9998.9
1593464400,9988.5,10019.5,9987.6,10002
1593478800,10001.9,10033.9,9999.4,10023.2
1593493200,10023.1,10039.7,9965.5,9973.9
1593507600,9973.7,10004,9951.9,9963
1593522000,9963.1,10114.6,9953,10075.7
1593536400,10075.9,10182.9,10050.6,10150.5
1593550800,10146.1,10159.7,10132.9,10148.6
1593565200,10148.5,10165.2,10137.2,10140.3
1593579600,10140.2,10168.1,10115.4,10147.5
1593594000,10147.3,10165.5,10087.8,10160
1593608400,10160,10278.8,10137.5,10264.1
1593622800,10264,10320.4,10238.1,10267.2
1593637200,10267.7,10288.6,10255.9,10273.7
1593651600,10273.4,10308.9,10262.7,10297.7
1593666000,10297.6,10345.2,10289.6,10332.4
1593680400,10332.2,10390.8,10310.7,10384.3
1593694800,10384.5,10432.1,10339.1,10398.1
1593709200,10397.9,10414.5,10327.6,10359.5
1593723600,10360.4,10372.7,10350,10367.3
1593738000,10367.3,10382,10350.1,10359.6
1593752400,10359.8,10396.6,10353,10387
1593766800,10387.1,10391.5,10351.7,10353.5
1593781200,10353.7,10368,10319.2,10337.5
1593795600,10337.4,10337.6,10337.4,10337.4
1593986400,10371.3,10484.5,10370,10473.5
1594000800,10473.5,10514.4,10473.1,10496.9
1594015200,10497.2,10514,10473.9,10486.4
1594029600,10486.3,10530.1,10476.7,10529.7
1594044000,10529.8,10624.8,10521.2,10574.7
1594058400,10574.8,10614.8,10529.3,10608.7
1594069200,10613.1,10674.6,10603.4,10669.8
1594083600,10669.7,10674.6,10596.7,10613.1
1594098000,10613.3,10623.5,10548.6,10559
1594112400,10558.7,10585.2,10539.9,10583.6
1594126800,10583.5,10704.4,10567.7,10646.9
1594141200,10646.8,10652.4,10516.2,10537
1594155600,10538.4,10579.5,10535.4,10566.9
1594170000,10567,10582.7,10522.4,10528.6
1594184400,10528.5,10595.6,10515.3,10573
1594198800,10573.1,10594.5,10534.7,10576.9
1594213200,10576.8,10650.6,10523.1,10636.6
1594227600,10636.7,10683.7,10571.6,10682.3
1594242000,10697.1,10704.9,10670.6,10684.6
1594256400,10684.5,10694,10655.8,10683.1
1594270800,10683,10698.6,10656.8,10692.7
1594285200,10692.6,10749.3,10685.7,10737.8
1594299600,10737.7,10758.1,10571,10694.4
1594314000,10694.4,10784.7,10682.4,10734.7
1594328400,10741.2,10767.8,10712.1,10722
1594342800,10721.9,10734.3,10689.2,10692.5
1594357200,10692.8,10721,10661.1,10700.5
1594371600,10700.6,10751.1,10681.9,10734
1594386000,10733.9,10761.1,10636.7,10752.1
1594400400,10752.2,10858.2,10745.1,10852.5
1594591200,10869.7,10920.5,10860.5,10903.4
1594605600,10903.3,10912.5,10882.1,10909.8
1594620000,10910,10928,10877.6,10906.9
1594634400,10906.7,11008.1,10900,10976
1594648800,10976.1,11069.5,10953.3,10957.6
1594663200,10957.8,10969.1,10573.6,10609.9
1594674000,10637.2,10672.5,10631.2,10655.3
1594688400,10655.5,10671,10622.4,10635.6
1594702800,10635.7,10704.8,10597.4,10649.3
1594717200,10649.5,10685.6,10514.5,10521.8
1594731600,10521.8,10641.4,10371.2,10539.5
1594746000,10539.3,10700.8,10500.1,10654.7
1594760400,10742,10750.2,10709,10729.7
1594774800,10729.9,10736,10672.9,10705.1
1594789200,10705.1,10724,10682.4,10699.5
1594803600,10699.6,10766.4,10678.9,10736.1
1594818000,10735.4,10778.1,10562.2,10656.2
1594832400,10656.3,10721.4,10628.4,10698.5
1594846800,10696.7,10707.9,10615.5,10626.6
1594861200,10626.5,10649.1,10585.4,10617.3
1594875600,10616.8,10628.6,10533.3,10548.8
1594890000,10548.6,10576.1,10495.7,10567.1
1594904400,10567,10610.5,10486,10568.9
1594918800,10569.1,10656.8,10516.1,10544.3
1594933200,10537.9,10598,10532.9,10596.6
1594947600,10596.5,10617.8,10571.1,10600.9
1594962000,10601,10628.6,10576.5,10622.8
1594976400,10622.6,10639.4,10605.6,10629.3
1594990800,10628.9,10668.5,10547.5,10617.4
1595005200,10617.6,10679.1,10598.4,10633.1
1595196000,10651.6,10666.9,10562.6,10574.9
1595210400,10574.5,10605.3,10569.5,10591
1595224800,10591.3,10647.9,10556.5,10640.8
1595239200,10640.6,10705.5,10616.1,10692.6
1595253600,10692.7,10873.8,10681.3,10856.1
1595268000,10856.4,10972.7,10853.8,10958
1595278800,10970.8,11003.2,10942.9,10998.9
1595293200,10998.8,11031.5,10987.2,11024.7
1595307600,11024.8,11068.5,11018.1,11054.4
1595322000,11054.5,11067.1,11026.9,11029.9
1595336400,11030,11030.4,10839.1,10879.6
1595350800,10879.4,10945,10795.1,10855.6
1595365200,10859.9,10893.5,10853.4,10859.6
1595379600,10859.7,10926.4,10855.6,10864.6
1595394000,10864.6,10886.1,10793.1,10810.5
1595408400,10810.5,10894.1,10792.1,10876.6
1595422800,10876.5,10909.8,10772,10840
1595437200,10839.7,10886.5,10794.2,10855.4
1595451600,10850.1,10870.7,10817.2,10828.4
1595466000,10828.6,10862.2,10815.9,10846.9
1595480400,10846.8,10948.1,10838.1,10899.7
1595494800,10899.6,10919.5,10851.6,10854.3
1595509200,10854.2,10881.7,10660.9,10700
1595523600,10699.6,10728.8,10525.1,10575.6
1595538000,10585.7,10607.1,10581.4,10606.6
1595552400,10606.6,10608.3,10461.8,10505.8
1595566800,10505.8,10509,10388.7,10447.7
1595581200,10447.8,10508.7,10420.9,10456.2
1595595600,10455.9,10541,10311.8,10441
1595610000,10441,10522.2,10392.2,10471.8
1595800800,10508,10528.6,10411.1,10506.9
1595815200,10507.8,10552.9,10483,10521.4
1595829600,10521.4,10562.7,10505.4,10558.2
1595844000,10558,10639.8,10524.4,10630.7
1595858400,10630.6,10646.6,10523,10621.7
1595872800,10621.6,10695,10620.2,10693.3
1595883600,10701,10746.1,10693.2,10742.9
1595898000,10743,10769.7,10696.1,10714.6
1595912400,10714.4,10730,10665,10692.4
1595926800,10692.4,10697.1,10612.7,10655.4
1595941200,10655.4,10664,10569,10643
1595955600,10643,10662,10526.2,10559.1
1595970000,10579.7,10591.4,10556.2,10587
1595984400,10587.1,10589.3,10524.4,10535.4
1595998800,10535.3,10617.7,10530.1,10594.8
1596013200,10595.1,10629.9,10576.5,10610.9
1596027600,10610.8,10657.7,10583.9,10636.5
1596042000,10636.6,10711.7,10610.6,10711.4
1596056400,10704.2,10707,10668.8,10682.8
1596070800,10682.9,10692.5,10662.7,10674.7
1596085200,10674.9,10676.9,10537.6,10542.1
1596099600,10542,10609.1,10513.7,10552
1596114000,10551.9,10717.5,10526.8,10697.6
1596128400,10697.5,10905.1,10684.4,10901.1
1596142800,10931.5,10936.4,10888.6,10906.6
1596157200,10905.9,10948.5,10870.5,10882.7
1596171600,10882.8,10932.3,10853,10914.4
1596186000,10914.3,10943,10885.5,10913.7
1596200400,10913.5,10918.5,10701.2,10719.4
1596214800,10719.4,10930.6,10713,10924.6
1596405600,10918.3,10964.5,10885.3,10958.5
1596420000,10958.7,10959.8,10920.1,10943.5
1596434400,10943.5,10964.5,10909.4,10955.2
1596448800,10955.1,11059.7,10950.7,11042.1
1596463200,11042.2,11077.6,11001.6,11047.2
1596477600,11047.4,11083.1,11026.5,11061.7
1596488400,11048.6,11062.7,11036.2,11053.5
1596502800,11053.6,11080.7,11044.7,11064.4
1596517200,11064.6,11101.7,10996.6,11017.6
1596531600,11017.5,11038.2,10993.2,11013.1
1596546000,11013,11091.8,11007.6,11036.8
1596560400,11036.7,11104.9,10998.1,11088
1596574800,11084.4,11093.1,11068.8,11082.5
1596589200,11082.6,11113.1,11065.9,11103.6
1596603600,11103.4,11148.3,11099.1,11137.3
1596618000,11137.1,11154.1,11093.6,11098
1596632400,11097.7,11138.7,11075.1,11112.5
1596646800,11112.5,11132.5,11081,11106.1
1596661200,11098.2,11126.1,11093,11123.2
1596675600,11123.6,11134.1,11076.7,11092.1
1596690000,11092,11137.3,11088.7,11099.7
1596704400,11099.7,11123.6,11060.7,11114.9
1596718800,11114.9,11182.1,11083.1,11181.6
1596733200,11181.5,11280.1,11170.4,11266.9
1596747600,11259.2,11288.5,11248.3,11274.4
1596762000,11274.4,11277.5,11190.5,11211.7
1596776400,11211.1,11246.1,11194.6,11223.1
1596790800,11222.6,11263.9,11196.6,11225.9
1596805200,11226,11274.2,11143.1,11143.6
1596819600,11143.7,11147.2,11041.7,11138.1
1597010400,11133.4,11145.1,11078.5,11096.8
1597024800,11097,11141.2,11091.8,11140.5
1597039200,11140.4,11140.4,11101.1,11126.9
1597053600,11127,11152.9,11071.5,11087.2
1597068000,11087.4,11108.7,10935,11068.2
1597082400,11068.3,11102,11047.2,11086.1
1597093200,11077.6,11099.9,11064.8,11097.3
1597107600,11097.6,11130.3,11092.6,11114.7
1597122000,11114.6,11155.8,11094.3,11155.1
1597136400,11154.6,11163.7,10992.3,11028.2
1597150800,11027.2,11090.3,10948.2,11067.9
1597165200,11068,11078.7,10851.7,10916.7
1597179600,10936.8,10955.4,10891.4,10903.3
1597194000,10902.2,10932.5,10884.8,10902.8
1597208400,10902.6,10991.3,10893.7,10976.8
1597222800,10975.6,10996.7,10939.2,10954.5
1597237200,10954.4,11171.4,10941,11135.2
1597251600,11135.5,11191.4,11121.9,11123.6
1597266000,11125.4,11156.5,11107.3,11112.6
1597280400,11112.7,11141,11100.7,11123.6
1597294800,11123.1,11154.7,11101.6,11125
1597309200,11125.1,11204.1,11113,11197.3
1597323600,11197.4,11266.6,11171,11265
1597338000,11265.2,11272,11135.5,11188
1597352400,11192.6,11219,11185.8,11197.6
1597366800,11197.7,11216.7,11188.9,11207.1
1597381200,11206.6,11242.6,11151.7,11164.8
1597395600,11165,11222.7,11143.5,11201.9
1597410000,11201.6,11211.9,11101.5,11173.5
1597424400,11173.4,11178.7,11124.7,11152.1
1597615200,11161.1,11181.8,11154.1,11179
1597629600,11179.1,11195.3,11178.6,11188.7
1597644000,11188.6,11214.9,11180.6,11203.9
1597658400,11203.8,11273.3,11201.1,11269.5
1597672800,11269.4,11289.9,11243.4,11283
1597687200,11282.9,11306,11276.1,11292.4
1597698000,11292,11316.8,11288.3,11307.6
1597712400,11307.1,11310.6,11285.6,11300.4
1597726800,11300.2,11303.7,11277.7,11298.7
1597741200,11298.5,11351.5,11296.6,11338.1
1597755600,11337.9,11390.5,11273.8,11375.5
1597770000,11375.5,11420.2,11369,11419.2
1597784400,11415.4,11421.5,11400.7,11408.4
1597798800,11408.3,11431.9,11407.2,11420
1597813200,11419.9,11430.6,11395.1,11420
1597827600,11419.9,11431.5,11376.5,11382.9
1597842000,11382.7,11440.2,11335.1,11425
1597856400,11425.1,11434,11301.5,11324.2
1597870800,11329,11332.8,11280.6,11295.4
1597885200,11295.5,11296.6,11224.5,11254.3
1597899600,11254.1,11302,11252.9,11294.8
1597914000,11294.9,11339,11288.3,11305.9
1597928400,11306,11427,11269.6,11402
1597942800,11401.9,11498.9,11392,11482.9
1597957200,11488.5,11520.2,11484.4,11520.2
1597971600,11520.3,11526.2,11494.4,11508.5
1597986000,11508.4,11511.7,11464.4,11480.8
1598000400,11480.7,11498.9,11410.2,11467.7
1598014800,11467.7,11561,11453.2,11541.5
1598029200,11541.7,11576.1,11516.3,11564.5
1598220000,11584.2,11608.7,11569.8,11599.7
1598234400,11599.6,11617.2,11599.2,11612
1598248800,11611.9,11679,11611.7,11665.2
1598263200,11665.2,11725.3,11617,11658.7
1598277600,11658.8,11668.5,11531.4,11606.5
1598292000,11606,11644.6,11550.2,11636.8
1598302800,11638.3,11660,11633.8,11655.2
1598317200,11655.1,11692.6,11652.2,11680
1598331600,11680,11690.5,11654.5,11664
1598346000,11664.1,11668,11610.8,11627.1
1598360400,11626.7,11694,11577.4,11665.4
1598374800,11665.5,11745,11653.1,11739.2
1598389200,11739.2,11760.6,11732.4,11743.4
1598403600,11743.2,11753.2,11732.1,11741.9
1598418000,11741.8,11769,11729.5,11763
1598432400,11763.2,11786.7,11737.6,11754.5
1598446800,11754.7,11953.7,11754.1,11906.4
1598461200,11906.5,12005,11872,11988.7
1598475600,11978.4,11983.1,11958.1,11972.2
1598490000,11972.3,11983,11937.7,11962.6
1598504400,11962.3,11984.1,11950.6,11964.5
1598518800,11964.5,11981.4,11946.3,11970.9
1598533200,11971,12049.4,11838,11873.1
1598547600,11873.2,11991.3,11851.8,11950.7
1598562000,11954.4,11977.5,11947.7,11958.8
1598576400,11959.3,12019.1,11937.4,12006.9
1598590800,12007,12007.8,11925.7,11944.4
1598605200,11944.4,11982.4,11923.9,11966.4
1598619600,11966.1,12021.4,11951,11985.7
1598634000,11985.9,12016.4,11929,12005.7
1598824800,12013.9,12095,12008.6,12086
1598839200,12086.1,12095.1,12064.3,12064.6
1598853600,12064.9,12072.5,12026.8,12042.4
1598868000,12042.5,12053.4,11992,12037.9
1598882400,12037.9,12150.7,12019.8,12144.2
1598896800,12144.5,12168.2,12086,12111.1
1598907600,12119.4,12150.6,12095.9,12136
1598922000,12135.9,12177.9,12131.5,12166.2
1598936400,12166.1,12237.4,12157.6,12217.7
1598950800,12217.9,12251.9,12188.6,12192.1
1598965200,12192,12274,12128.2,12254.6
1598979600,12254.7,12331.9,12237.1,12331.5
1598994000,12325.6,12419.4,12320.5,12390.7
1599008400,12390.7,12397.8,12369.4,12375.7
1599022800,12375.4,12451.8,12371.3,12451.3
1599037200,12451.4,12467.7,12422.7,12438.3
1599051600,12438.2,12446.9,12175,12330.9
1599066000,12330.8,12438.1,12319.2,12410
1599080400,12406.3,12439.1,12375,12379.7
1599094800,12380.1,12420.6,12361.4,12387
1599109200,12386.7,12412.1,12353.5,12365.9
1599123600,12366.1,12367.4,12255.7,12268.7
1599138000,12268.6,12272.2,11743.9,11781.8
1599152400,11781.7,11855.8,11659.2,11803.2
1599166800,11726.9,11735.9,11583.6,11646.4
1599181200,11645.9,11711.4,11592.9,11690.7
1599195600,11690.8,11790.2,11620.6,11770.7
1599210000,11770.6,11799.8,11614.2,11689.6
1599224400,11689.8,11844,11142.4,11510.8
1599238800,11510.7,11752.4,11369.5,11539.5
1599429600,11543.7,11544.7,11308,11448.7
1599444000,11448.8,11468.6,11392.3,11413.3
1599458400,11412.5,11460.4,11372.1,11428.2
1599472800,11429.5,11511.4,11418.4,11461.9
1599487200,11461.7,11528.7,11452.4,11502.9
1599512400,11509.2,11585.7,11506.2,11542.4
1599526800,11541.7,11567.7,11471.5,11501.7
1599541200,11501.5,11574.1,11337.2,11362
1599555600,11362.1,11393.6,11149.9,11223.8
1599570000,11223.6,11405.5,11117.4,11277.4
1599584400,11277.5,11295.5,11042.1,11045.4
1599598800,10989,11142.2,10936,11132.1
1599613200,11131.9,11162.2,11089.2,11160.3
1599627600,11160.7,11266.2,11056.2,11244.8
1599642000,11245.1,11296.1,11188.5,11200.1
1599656400,11200,11448.6,11189.4,11446.7
1599670800,11446.8,11479.7,11351.6,11371.7
1599685200,11387.9,11448.4,11374.5,11391.5
1599699600,11392.6,11398.2,11329.6,11375.8
1599714000,11376.5,11456.1,11263.7,11317
1599728400,11317.1,11501.8,11305.4,11493.5
1599742800,11493.5,11568.2,11326.5,11384.2
1599757200,11384.3,11417.6,11090.5,11179.5
1599771600,11207.6,11248.8,11181.7,11234.4
1599786000,11233.8,11270.2,11231.7,11244.1
1599800400,11244.4,11358.1,11238.1,11313.4
1599814800,11315,11338.9,11204.2,11212.9
1599829200,11213.1,11281.6,11018.4,11020.6
1599843600,11020.8,11128.5,10939.6,11073.2
1600034400,11104.8,11195,11104.8,11193.4
1600048800,11193.4,11256.6,11191.2,11248.6
1600063200,11248.6,11279.1,11185.4,11193
1600077600,11192.7,11318,11189.4,11299.9
1600092000,11299.8,11363.9,11188.6,11256.3
1600106400,11256.5,11325.3,11228.2,11275
1600117200,11291.1,11317.7,11247.2,11264.3
1600131600,11264.4,11330.6,11248,11328.6
1600146000,11329.1,11354.3,11306.9,11349.3
1600160400,11349.3,11427.9,11347.6,11415.4
1600174800,11415.4,11490.6,11382.6,11485.2
1600189200,11485.3,11496,11364.7,11462.8
1600203600,11470.8,11477.9,11403.5,11435.2
1600218000,11435,11510.6,11419.7,11488.4
1600232400,11488.6,11543.1,11459.6,11533.9
1600246800,11534.1,11550.2,11471,11489.3
1600261200,11489.5,11492.4,11351.3,11374.1
1600275600,11373.9,11444.9,11238.4,11265.2
1600290000,11260.5,11303.4,11182.4,11202.2
1600304400,11202.1,11237.7,11080.4,11117.3
1600318800,11118,11165.1,11017,11129.7
1600333200,11129.6,11189.3,10980.4,10993.9
1600347600,10993.6,11164.4,10919.2,10998.8
1600362000,10998.9,11116.7,10961.2,11081.8
1600376400,11076.7,11131.6,11061.2,11075.3
1600390800,11075.3,11131,11036,11113.9
1600405200,11114,11163.6,11079.9,11118.7
1600419600,11118.6,11169.2,11111.5,11153.1
1600434000,11152.7,11177.2,10835.6,10862.7
1600448400,10862.8,10956.4,10757.8,10949.9
1600639200,10924.6,11002.4,10865,10939.9
1600653600,10939.8,10972.1,10841.2,10876.7
1600668000,10876.7,10935.2,10721.2,10749.5
1600682400,10749.3,10853,10717.8,10814.6
1600696800,10815,10898,10669.8,10841.9
1600711200,10842.5,11024.7,10768.8,10995.9
1600722000,10976.6,11063.3,10975.4,11041.9
1600736400,11042.4,11044.7,10955.5,10991
1600750800,10990,11033.1,10913.3,11017
1600765200,11016.9,11098.5,11006.5,11061.7
1600779600,11061.4,11090,10937.2,11034.2
1600794000,11034.3,11206.3,11028.9,11167.6
1600808400,11176.9,11178.3,11097,11097.9
1600822800,11098.4,11136.4,11091.1,11129.4
1600837200,11129.4,11209.2,11122.4,11206.9
1600851600,11207.3,11237.3,11130.7,11152.5
1600866000,11152.6,11176.3,10987,11058.1
1600880400,11058,11060.5,10801.5,10834.6
1600894800,10826.2,10844.4,10740.5,10841.9
1600909200,10841.9,10861.9,10748.9,10754.2
1600923600,10754.3,10844.3,10730.4,10788.7
1600938000,10789,10840.4,10679.1,10702.2
1600952400,10702.2,10997.5,10676.8,10966.7
1600966800,10966.6,11027.4,10822.4,10923.7
1600981200,10942.7,10981.6,10939.6,10970.8
1600995600,10970.4,10992.1,10937.4,10965.3
1601010000,10965.2,10973.1,10872.1,10913.2
1601024400,10913,10937,10830.1,10928.6
1601038800,10929.1,11048.5,10846.6,11031.7
1601053200,11031.8,11182,11020.2,11150.2
1601244000,11178.3,11205.6,11156.2,11203.6
1601258400,11204.1,11222.8,11181.2,11221.6
1601272800,11221.7,11295.5,11211.5,11286.4
1601287200,11286.4,11381.1,11267.1,11290
1601301600,11290,11346.2,11242.1,11338.8
1601316000,11338.9,11419.5,11310.8,11410.2
1601326800,11408.7,11454,11404,11449.2
1601341200,11449,11459.7,11412.2,11459
1601355600,11459.6,11463.9,11349.2,11380.4
1601370000,11380.3,11407.4,11355.5,11384.1
1601384400,11384,11401.1,11304.7,11361
1601398800,11360.8,11380.5,11307.6,11334.4
1601413200,11335,11371.9,11333.9,11349.5
1601427600,11349.1,11442,11247.6,11281.4
1601442000,11281.4,11300,11182.4,11250.6
1601456400,11250.5,11341.4,11200.6,11328.3
1601470800,11328.2,11521,11322.5,11476.5
1601485200,11476.5,11540.7,11351,11372.4
1601499600,11402.5,11465.7,11394.9,11426.1
1601514000,11426.2,11490.7,11423.3,11470.5
1601528400,11471,11532.5,11455.7,11495.1
1601542800,11494.7,11608.2,11491.4,11571.5
1601557200,11571.4,11588.1,11488,11558.5
1601571600,11558.5,11612.7,11510.7,11586.7
1601586000,11583.4,11618.6,11552.4,11558
1601600400,11558.2,11582.4,11465.6,11476.1
1601614800,11476,11480.4,11315.5,11398
1601629200,11398.4,11411.3,11295.1,11331.1
1601643600,11331.1,11482.7,11218.9,11329.8
1601658000,11329.6,11350.3,11236.2,11265.9
1601848800,11306.8,11377.7,11295,11353.9
1601863200,11353.6,11379.8,11327.3,11350
1601877600,11349.7,11363.2,11282,11358.5
1601892000,11358.6,11386.5,11315.4,11380.1
1601906400,11380.2,11467.5,11380.2,11423.8
1601920800,11423.6,11512,11402.6,11485
1601931600,11490.7,11504.9,11431.5,11455.6
1601946000,11455.8,11480.6,11441.5,11466.4
1601960400,11466.5,11500.9,11425.5,11442.6
1601974800,11442.4,11475.8,11417.9,11460.8
1601989200,11460.9,11512.5,11371.2,11457.6
1602003600,11457.4,11538.4,11210.5,11219.9
1602018000,11232.9,11282.7,11223,11273.9
1602032400,11273.4,11313.3,11256.3,11301.4
1602046800,11301.5,11371.1,11293.3,11343.6
1602061200,11343.2,11402.7,11320.1,11387.1
1602075600,11387,11473.1,11376.6,11469.7
1602090000,11469.8,11519.7,11469.5,11488.6
1602104400,11485.7,11517.5,11485.7,11502
1602118800,11502.1,11534.3,11486.8,11521.7
1602133200,11521.8,11585.9,11513.6,11558
1602147600,11557.9,11591.9,11538.7,11577
1602162000,11576.9,11589.9,11501.5,11562.8
1602176400,11563,11582,11514.6,11572.6
1602190800,11579.3,11602,11573.5,11585.4
1602205200,11585.5,11615.6,11580,11607.2
1602219600,11607.1,11607.4,11565.7,11590.9
1602234000,11590.7,11629.9,11566.9,11625.1
1602248400,11624.9,11711.5,11601.6,11700.2
1602262800,11700.2,11752,11677.9,11738.6
1602453600,11711.1,11781.6,11706.7,11781
1602468000,11781.1,11805.5,11770.7,11799.6
1602482400,11799.8,11892.8,11787.1,11849
1602496800,11848.9,11969.4,11846.7,11900.8
1602511200,11901,12163.8,11881.3,12145
1602525600,12144.9,12210.2,12073.8,12103.6
1602536400,12123.1,12136.1,12060.9,12079.2
1602550800,12079,12094.1,12049.4,12071.4
1602565200,12071.2,12174.7,12036.9,12169.5
1602579600,12169.5,12264,12154.6,12166.7
1602594000,12166.5,12196.2,12046.7,12128.7
1602608400,12128.5,12160.9,12033.2,12095
1602622800,12099.3,12152.1,12096.4,12150
1602637200,12149.3,12185.7,12126,12156.3
1602651600,12156.4,12191,12133.1,12154.7
1602666000,12154.7,12166.4,12078.6,12136.9
1602680400,12136.9,12166.8,11916,11954
1602694800,11954.1,12046.6,11920.5,11957.3
1602709200,11969.1,11996.1,11944.4,11959.8
1602723600,11959.9,11976.9,11875,11909.6
1602738000,11909.5,11933.2,11765.4,11789.9
1602752400,11789.8,11841.7,11750.6,11810.2
1602766800,11809.8,11893.5,11760.5,11821.1
1602781200,11821,11931.4,11794.9,11897.2
1602795600,11912.1,11946.4,11901.1,11926.9
1602810000,11927.1,11954.6,11839.2,11856.2
1602824400,11856.1,11942.7,11856.1,11923.4
1602838800,11923.4,11984,11885.1,11982.2
1602853200,11982.1,12035.5,11889,11933.2
1602867600,11934,11975.7,11806.1,11808.9
1603058400,11852.3,11923,11843.9,11913.8
1603072800,11913.9,11934.5,11877.4,11913.7
1603087200,11913.8,11963,11890.7,11941.5
1603101600,11941.5,11964.7,11886,11888
1603116000,11888.2,11890.3,11731.9,11757.5
1603130400,11757.4,11777,11606.6,11706.4
1603141200,11712.7,11760.3,11707.3,11737
1603155600,11737,11746.7,11680,11714.8
1603170000,11714.9,11756.2,11695.7,11733.2
1603184400,11733.6,11766.6,11660.7,11689
1603198800,11689.3,11753.1,11612.1,11726
1603213200,11726,11805.5,11635.1,11665.2
1603227600,11696.7,11746,11676.7,11733.5
1603242000,11733.4,11757,11719.1,11746.5
1603256400,11746.6,11754.4,11618.5,11620
1603270800,11620,11705.5,11597.7,11687.1
1603285200,11687.2,11792.4,11643.5,11655.7
1603299600,11655.8,11765,11647.6,11699.9
1603314000,11692.7,11714.9,11604.4,11645.9
1603328400,11646,11649.2,11613.6,11622.8
1603342800,11623.1,11686.1,11615.9,11665.5
1603357200,11665.6,11710.2,11649.2,11680.6
1603371600,11680.8,11737.6,11524.4,11617.9
1603386000,11618,11697.3,11610.2,11669.4
1603400400,11681.8,11693.9,11653.9,11666.1
1603414800,11666.7,11690.7,11635.6,11679.8
1603429200,11679.8,11694,11614,11661.3
1603443600,11661.9,11703.7,11645.6,11695.7
1603458000,11695.6,11697,11564.1,11606
1603472400,11606.1,11692.7,11603.2,11681.2
1603663200,11645.8,11651.1,11584.2,11627.6
1603677600,11627.6,11640.6,11613.8,11615.5
1603692000,11615.6,11623.6,11555.3,11575.2
1603706400,11575.1,11691.9,11564.6,11680.5
1603720800,11680.7,11708.4,11356,11422.6
1603735200,11422.7,11525.4,11414.5,11509.5
1603746000,11513.2,11543.7,11490.6,11536.9
1603760400,11537.2,11539.2,11498.8,11526.3
1603774800,11526.3,11559.6,11514.3,11540.4
1603789200,11540.5,11578.1,11519.8,11548.5
1603803600,11548.5,11620.8,11498.7,11586.6
1603818000,11586.7,11635.2,11552.5,11566.7
1603832400,11569.3,11570.4,11519.6,11540.9
1603846800,11541,11560.6,11536.9,11553.1
1603861200,11553.1,11579.2,11451.4,11496.3
1603875600,11496.4,11502.1,11395.5,11409.5
1603890000,11409.2,11435.8,11203.4,11216
1603904400,11215.7,11285.2,11136.2,11188.8
1603918800,11178.5,11229.7,11177.8,11223.5
1603933200,11223,11264.7,11221.9,11259.4
1603947600,11259.5,11307.2,11223.7,11260.6
1603962000,11260.7,11298.5,11156,11212
1603976400,11211.9,11346.7,11181.9,11330.1
1603990800,11330.2,11469.5,11232.1,11256.8
1604005200,11232.4,11250.2,11168.7,11175.4
1604019600,11175.9,11227,11172.9,11202.5
1604034000,11201.9,11208.7,11051.7,11126.5
1604048400,11127.2,11270.5,11117.8,11254.2
1604062800,11254.1,11293.2,10993,11035.3
1604077200,11035.4,11110,10958.3,11099.5
1604271600,11037.2,11089.7,10994.2,11077.9
1604286000,11077.8,11106.7,11051.5,11069.8
1604300400,11069.6,11225,11058.9,11209.2
1604314800,11209.7,11226.4,11121.9,11190.8
1604329200,11190.7,11223.1,10955.9,10962
1604343600,10962,11103.1,10956.2,11087.7
1604354400,11089.3,11132.1,11080.3,11126.4
1604368800,11126.4,11138.9,11079.7,11096.4
1604383200,11096.2,11188.7,11084.6,11177.1
1604397600,11177.2,11194.4,11120.6,11145.9
1604412000,11145.7,11360.3,11114.6,11309.4
1604426400,11309.6,11348.6,11226.8,11260.6
1604440800,11274,11435,11243.4,11403.6
1604455200,11403.7,11780.4,11326.8,11536.9
1604469600,11536.7,11644.7,11316.1,11582.8
1604484000,11582.5,11745.2,11462.9,11676.7
1604498400,11676.6,11853.5,11570.9,11816.6
1604512800,11816.9,11857.4,11741.3,11828.1
1604527200,11821.5,11867.4,11786,11837.7
1604541600,11837.8,11998.8,11783.2,11978.8
1604556000,11978.7,12086.1,11916.1,12081.6
1604570400,12080.5,12130.6,12055.9,12069
1604584800,12068.5,12120.7,11985.6,12045.2
1604599200,12045.3,12125,12033.2,12104
1604613600,12082.8,12099.5,11989.2,12044.9
1604628000,12045,12047.7,11922,11976.8
1604642400,11976.1,12038.5,11911.8,11915.7
1604656800,11916.4,12034.7,11878.7,12032
1604671200,12031.8,12087,11894,12073.9
1604685600,12073.7,12118.9,12040,12104
1604876400,12160.7,12366.1,12132.4,12338.4
1604890800,12338.4,12417.9,12318.9,12347.7
1604905200,12347.8,12363.3,12270.1,12319.9
1604919600,12320.4,12393.9,11945.8,12122.6
1604934000,12122.7,12270.4,12066.3,12088.9
1604948400,12088.8,12097.5,11823.2,11856.1
1604959200,11877.5,11911.5,11800.2,11880.9
1604973600,11880.8,11903.2,11691.9,11733.3
1604988000,11733.4,11881.7,11723.4,11734.8
1605002400,11734.7,11755.2,11563.2,11678
1605016800,11678,11760,11514.2,11706.6
1605031200,11706.4,11744,11584.8,11633.9
1605045600,11648.2,11663.7,11589.9,11659.7
1605060000,11659.6,11708.3,11647.8,11671.1
1605074400,11671.1,11769.1,11585.6,11741.7
1605088800,11741.4,11794.8,11720.7,11743.7
1605103200,11742.9,11897.6,11713.6,11867.7
1605117600,11867.7,11928,11838.6,11903.7
1605132000,11894.1,11923.1,11844.8,11855.2
1605146400,11855.2,11884.7,11791.4,11876.7
1605160800,11876.6,11955.2,11824,11955.2
1605175200,11955.4,11976,11884.5,11926.5
1605189600,11926.3,11985.1,11817.6,11847.4
1605204000,11847.5,11885.8,11786.9,11873.1
1605218400,11858.7,11876.5,11819.6,11823.5
1605232800,11822.9,11879.1,11813.9,11860.1
1605247200,11860.2,11945.5,11856.5,11936.8
1605261600,11935.6,11942,11893.6,11909.9
1605276000,11909.6,11932.7,11811,11908.1
1605290400,11908.2,11961.7,11856.8,11953.6
1605481200,12001.7,12073.2,11999.5,12052.1
1605495600,12051.7,12066.7,12022.3,12030.8
1605510000,12030.8,12037.1,11987.2,12001.9
1605524400,12002,12026.5,11861,11975.4
1605538800,11975.3,12043,11938.7,11978.8
1605553200,11978.9,12050.7,11952.1,12049.2
1605564000,12083.4,12090,12022.6,12030.6
1605578400,12030.4,12038.9,11999.4,12004.1
1605592800,12004.3,12067,12003.1,12049.5
1605607200,12049.7,12059.1,12010.9,12040.5
1605621600,12040.5,12050.1,11970.2,12025.5
1605636000,12025.2,12051,11962.7,11977.4
1605650400,11976.1,11990.9,11945.4,11948.6
1605664800,11948.6,11988.5,11938.1,11954.4
1605679200,11954.6,12015.4,11921.4,11999.5
1605693600,11999.4,12028.6,11983.8,11989
1605708000,11988.9,12033.8,11916.6,12014.2
1605722400,12014.3,12025.2,11868.3,11880.6
1605736800,11881.9,11903,11861.9,11882.2
1605751200,11881.8,11892.8,11838,11886.1
1605765600,11886.6,11909.4,11811.9,11843.4
1605780000,11843.3,11893.9,11824.4,11884.5
1605794400,11884.2,11971.9,11849.3,11929
1605808800,11928.9,12007,11924,11973.2
1605823200,11961.5,11985,11930.4,11977.5
1605837600,11977.7,12021.9,11967.6,11996.7
1605852000,11996.4,12007.4,11970.9,11998.6
1605866400,11998.4,12029.1,11988.4,11994.7
1605880800,11994.9,12023.4,11954.2,11999
1605895200,11999,12006.9,11881.8,11917
1606086000,11916.3,11960.7,11909.2,11950.9
1606100400,11951.2,11964.2,11948.8,11958.8
1606114800,11959.4,11986.3,11940.3,11959
1606129200,11958.9,12010.2,11925.4,11981.4
1606143600,11981.5,11990.1,11817.4,11902.7
1606158000,11902.5,11952.6,11879.1,11925.2
1606168800,11932,11976.5,11921.3,11953.5
1606183200,11953.5,11986.5,11953.3,11972.7
1606197600,11972.6,11985.7,11939.4,11956.7
1606212000,11956.6,11968,11935.1,11961.7
1606226400,11961.4,12064.4,11881,12053
1606240800,12052.9,12112.6,12041.9,12110
1606255200,12106.4,12180.7,12104.2,12172
1606269600,12172.2,12177.7,12112.2,12114.7
1606284000,12114.9,12137.4,12101.4,12123.4
1606298400,12123.7,12131.7,12086.9,12113.5
1606312800,12113.7,12153.2,12086.4,12144.8
1606327200,12144.6,12185.7,12124.1,12176.2
1606341600,12183.5,12207.6,12174.8,12203
1606356000,12203.1,12220.8,12193.9,12206.2
1606370400,12206.3,12230.7,12181.3,12201.4
1606384800,12201.5,12211.9,12191.5,12204.8
1606399200,12204.7,12222.7,12134.9,12162.1
1606413600,12162,12162.2,12162,12162.2
1606690800,12338,12341,12260.9,12288.7
1606705200,12288.9,12300.5,12199.6,12217.1
1606719600,12216.9,12276,12210.6,12272.7
1606734000,12272.6,12314.3,12232.4,12261.3
1606748400,12261.5,12274.1,12094.7,12245.7
1606762800,12245.6,12328.4,12236.7,12327.5
1606773600,12340.2,12386.3,12316.6,12382.4
1606788000,12382.4,12406.5,12374.9,12385.6
1606802400,12385.7,12405.1,12355.4,12372.5
1606816800,12372.3,12404.1,12362.6,12385
1606831200,12385.2,12492.9,12339.6,12464.3
1606845600,12464.2,12517,12425.4,12463.7
1606860000,12468.1,12475.6,12418.9,12424.2
1606874400,12424.1,12446.6,12410.2,12426.6
1606888800,12427.1,12462.9,12416.8,12447.1
1606903200,12447.2,12454.5,12397.2,12408.5
1606917600,12408.1,12476,12318.6,12439.7
1606932000,12439.5,12476.2,12416,12467.2
1606946400,12485.7,12488.5,12461.9,12478.9
1606960800,12478.8,12498.9,12457.7,12476.6
1606975200,12476.6,12492,12460.7,12482.5
1606989600,12482.5,12495.9,12464.7,12474.9
1607004000,12475,12542.7,12451.5,12490
1607018400,12490,12516.1,12446.6,12491
1607032800,12493.4,12500.9,12477.3,12487.9
1607047200,12488,12515.5,12480.2,12511.1
1607061600,12511.3,12522.6,12503.2,12505.6
1607076000,12505.9,12517.6,12474.5,12480.2
1607090400,12480.1,12532.7,12450.8,12531.3
1607104800,12531.2,12538.1,12495.1,12511.1
1607295600,12565.7,12569.9,12519.2,12524.9
1607310000,12524.8,12531.5,12512.5,12525.7
1607324400,12526.1,12533.7,12477.3,12516
1607338800,12516.1,12591.2,12511.5,12587.2
1607353200,12587.3,12614.7,12550.2,12572.3
1607367600,12572.2,12605.5,12555,12574.1
1607378400,12577.1,12591.6,12562.4,12568
1607392800,12568.2,12582.1,12557.5,12579.5
1607407200,12579.6,12602.1,12561.5,12589
1607421600,12589.2,12598,12530.5,12569.8
1607436000,12569.9,12604.5,12505.4,12603.7
1607450400,12603.9,12655.2,12600.1,12649
1607464800,12670.9,12671.6,12637,12640.6
1607479200,12640.6,12654.9,12640.6,12650.1
1607493600,12650.3,12655.9,12630.8,12644
1607508000,12643.9,12646,12618.8,12631.2
1607522400,12631,12644.3,12459.3,12497.2
1607536800,12497.2,12505.1,12309.7,12354.5
1607551200,12351,12375.9,12337.4,12353.8
1607565600,12353.8,12364.1,12319.4,12327.1
1607580000,12327.1,12371.5,12307.1,12363.7
1607594400,12363.5,12381.1,12257.7,12262.1
1607608800,12262,12453.2,12222.8,12366.8
1607623200,12367.1,12434.3,12361.5,12393.4
1607637600,12385.7,12418.6,12379.5,12390.7
1607652000,12390.4,12391.7,12363.4,12372.1
1607666400,12372.1,12391.8,12317.5,12329.6
1607680800,12329.9,12342.6,12269.1,12333.2
1607695200,12333.4,12364.6,12240.1,12278.2
1607709600,12278.1,12384.7,12276.5,12373.8
1607900400,12432.9,12443.6,12410.5,12425.8
1607914800,12425.9,12429.6,12395.9,12409.8
1607929200,12409.9,12443.7,12408.3,12428.5
1607943600,12428.6,12527.9,12413.7,12527.2
1607958000,12527.4,12556.9,12475.2,12524.3
1607972400,12524.7,12534.8,12458.9,12480
1607983200,12486.4,12496.5,12466.8,12477.8
1607997600,12477.1,12482.9,12430.1,12473.6
1608012000,12473.8,12536.8,12463.1,12528.9
1608026400,12529,12569.5,12514.3,12568
1608040800,12567.9,12592.5,12480,12543.4
1608055200,12543.4,12622.8,12539.7,12611.2
1608069600,12621.1,12621.4,12593.1,12604.2
1608084000,12604.3,12639.3,12602.9,12629.7
1608098400,12629.5,12662,12623.6,12652
1608112800,12651.9,12656.5,12614.2,12639.5
1608127200,12639.6,12672.8,12585.3,12658.9
1608141600,12658.8,12717.1,12623.9,12689.6
1608156000,12697,12703.7,12687.5,12691.6
1608170400,12691.7,12725.9,12684.6,12724
1608184800,12724.1,12761.7,12720.4,12743.6
1608199200,12743.5,12753.1,12736.8,12746.3
1608213600,12746.5,12774.8,12696.1,12739.3
1608228000,12739.1,12779,12718.3,12766.3
1608242400,12759.5,12764.9,12732.6,12736.3
1608256800,12736.4,12744.5,12718.7,12733.2
1608271200,12733.5,12789.9,12730.8,12758.5
1608285600,12758.4,12792.1,12746.7,12789.3
1608300000,12789.4,12800.7,12671.7,12722.2
1608314400,12722.3,12771.3,12621.5,12760.6
1608505200,12752.5,12769.1,12735,12759.5
1608519600,12759.5,12786.9,12751.2,12761.9
1608534000,12761.5,12761.5,12475.3,12515.9
1608548400,12516.1,12662.1,12512.9,12595.7
1608562800,12595.5,12712.7,12474.5,12701
1608577200,12701.1,12716.2,12650,12703.9
1608588000,12721.3,12742.1,12697.6,12721.6
1608602400,12721.7,12741.9,12662.2,12672.4
1608616800,12672.6,12754.1,12654,12735.7
1608631200,12735.8,12774.1,12732.5,12756.8
1608645600,12756.9,12768.2,12608,12691.2
1608660000,12691.7,12731.2,12687,12721
1608674400,12721.2,12738,12644,12676.5
1608688800,12676.4,12719.4,12663.9,12710.5
1608703200,12710.4,12752.8,12709,12747.7
1608717600,12747.8,12753,12721.4,12737.4
1608732000,12737.3,12741.2,12663.8,12725
1608746400,12724.6,12745.5,12638.8,12670.8
1608760800,12674.3,12682.6,12645.5,12679.1
1608775200,12679.3,12692,12674.4,12683.4
1608789600,12683.4,12690.6,12669.4,12681.9
1608804000,12681.9,12688,12672.4,12675.9
1608818400,12675.8,12738.4,12670.6,12718.4
1608832800,12718.6,12722.7,12712.1,12712.5
1609110000,12699.9,12789,12692.2,12785.4
1609124400,12785.3,12800.6,12782.4,12790.2
1609138800,12790.3,12812.3,12779.8,12800.4
1609153200,12800.2,12842,12797.7,12812.8
1609167600,12812.7,12861.2,12755.7,12853.5
1609182000,12853.7,12870.5,12839.1,12856.5
1609192800,12861,12880.1,12858.1,12872.3
1609207200,12872.4,12900,12871.1,12893.5
1609221600,12893.9,12913.4,12891,12902.1
1609236000,12902,12908,12889,12905.9
1609250400,12905.8,12933,12823.2,12861.5
1609264800,12861.5,12879.7,12834.5,12872.7
1609279200,12873,12875.1,12842.1,12864
1609293600,12863.9,12907.5,12863.9,12889.5
1609308000,12889.4,12910.2,12888.9,12902
1609322400,12902,12919.2,12887.7,12912.5
1609336800,12912.3,12924.1,12835.1,12869
1609351200,12869.1,12887,12837.1,12855.9
1609365600,12859.1,12873.4,12855,12872.1
1609380000,12871.8,12873.7,12848,12863.4
1609394400,12863.3,12869.5,12850.5,12859.5
1609408800,12859.6,12878.2,12855.1,12862
1609423200,12862.1,12872.1,12810.8,12839.3
1609437600,12839.5,12910.1,12819.3,12899.9
1609714800,12908.9,12913.9,12838.3,12872.1
1609729200,12872,12908.2,12868.9,12903.6
1609743600,12903.8,12972.6,12903.8,12953.1
1609758000,12953,12966.9,12871.9,12893.1
1609772400,12892.9,12904.1,12536,12686.7
1609786800,12686.5,12721.3,12619.5,12701.3
1609797600,12694.6,12734.5,12672.8,12725.2
1609812000,12725.3,12739.7,12674.6,12704.6
1609826400,12704.3,12729.3,12653.1,12714.9
1609840800,12715,12737.7,12625.4,12625.4
1609855200,12625.5,12794.1,12624.1,12740.5
1609869600,12740.5,12820.9,12735.2,12816.7
1609884000,12807.2,12856.4,12679.6,12730.9
1609898400,12731,12750.2,12587.5,12623.4
1609912800,12622.3,12678.9,12504.4,12594.8
1609927200,12594.7,12656.6,12514.7,12584.5
1609941600,12584.3,12808.4,12564.7,12778.2
1609956000,12778.3,12805.7,12603,12670.6
1609970400,12676,12750.3,12657.9,12749.7
1609984800,12749.6,12754.2,12705,12721.5
1609999200,12721.6,12774.4,12672.9,12699.2
1610013600,12699.1,12740.1,12675,12722.6
1610028000,12722.4,12933.5,12721.9,12906.8
1610042400,12906.7,12971.6,12882.2,12938.7
1610056800,12940.1,12986.9,12931.7,12977.4
1610071200,12977.5,12990.7,12959,12980.1
1610085600,12979.7,13005.4,12960.8,12992
1610100000,12992.1,13027.7,12981.5,13009.6
1610114400,13009.5,13078.4,12966.5,13046.3
1610128800,13046.2,13137.8,12940.7,13136.2
1610319600,13097.3,13118.2,13033.1,13064.9
1610334000,13064.6,13068.2,13036.1,13044.9
1610348400,13045,13087.6,13036.6,13066.5
1610362800,13066.4,13070.9,12906,12972.5
1610377200,12972.3,13026.5,12945,12973.5
1610391600,12973.5,12974,12885.8,12918.6
1610402400,12917.2,12958.5,12912.4,12936.5
1610416800,12936.6,12950.4,12900.2,12929.9
1610431200,12929.5,12972.5,12923.9,12964.9
1610445600,12965,12969.2,12880,12896.8
1610460000,12896.6,12961.1,12781.2,12859
1610474400,12859,12925.4,12851.7,12896.1
1610488800,12893.8,12935.1,12885.6,12931.1
1610503200,12930.6,12948.5,12925.5,12929.3
1610517600,12928.8,12945.2,12919.7,12934.7
1610532000,12934.8,12942.2,12834.5,12883.1
1610546400,12883.3,13007,12875.6,12986.5
1610560800,12986.7,13016.9,12971.9,12989.5
1610575200,12992.2,13027,12981,13023.6
1610589600,13023.7,13028.6,12945.8,12978.4
1610604000,12978,12995.7,12949.1,12967.1
1610618400,12967,13003.4,12937,12996.2
1610632800,12996.4,13042.8,12948,12995.3
1610647200,12995.1,12996.5,12895,12913.6
1610661600,12933.4,12941.9,12883.4,12900.9
1610676000,12900.9,12930.2,12844.3,12847.7
1610690400,12847.5,12913.8,12844.2,12891.5
1610704800,12891.5,12924.3,12865.2,12907.6
1610719200,12907.3,12944.9,12757.9,12863.9
1610733600,12864,12901.1,12770.5,12775.3
1610924400,12782.5,12810.2,12741.1,12781
1610938800,12780.9,12805.5,12766.6,12786.4
1610953200,12786.5,12805.9,12776.9,12800.7
1610967600,12800.8,12831.2,12795.4,12825.2
1610982000,12825.2,12829.5,12808.2,12825.6
1611007200,12837.9,12902.3,12837.9,12899.5
1611021600,12899.4,12963.1,12894.1,12929.1
1611036000,12929.2,12954.5,12919.4,12940.5
1611050400,12940.7,12949.3,12906.2,12911.4
1611064800,12911.3,12972.2,12864.1,12970
1611079200,12969.9,13046.2,12968.9,13045.5
1611093600,13049.4,13068.7,13031.9,13053.5
1611108000,13053.5,13072.2,13036,13063
1611122400,13063,13104,13056.2,13094.1
1611136800,13094.3,13136.6,13090.5,13135.6
1611151200,13135.5,13289.2,13135,13281.8
1611165600,13281.7,13341.4,13279.4,13304.3
1611180000,13316.3,13396.4,13307.3,13368.5
1611194400,13368.5,13406.1,13361.9,13393.6
1611208800,13393.4,13397.2,13349.6,13364.7
1611223200,13364.6,13381.8,13320.1,13332.5
1611237600,13332.7,13407.2,13297.7,13374.7
1611252000,13374.8,13438.2,13374.3,13411.7
1611266400,13415.6,13416.1,13375.6,13385.1
1611280800,13385,13388.2,13347.4,13362.7
1611295200,13362.8,13373.6,13325.9,13342.6
1611309600,13342.5,13351.4,13315.4,13336.9
1611324000,13337,13406.3,13335,13372.2
1611338400,13372.2,13410.8,13354,13366.9
1611529200,13399.2,13475.9,13390.5,13474
1611543600,13474.2,13483.6,13466.8,13473.2
1611558000,13473.2,13512.2,13466.7,13505.3
1611572400,13505.2,13569.5,13485.8,13553.5
1611586800,13553.8,13565.2,13204.3,13449.2
1611601200,13449,13498.6,13390.2,13478.3
1611612000,13468.5,13489,13443.9,13460.1
1611626400,13460,13464.3,13394.3,13417.8
1611640800,13417.7,13471.6,13397.5,13445.7
1611655200,13445.8,13503.7,13436,13492.8
1611669600,13492.9,13548,13441.9,13494.9
1611684000,13495.2,13614.7,13483.2,13566.9
1611698400,13574.8,13601.9,13554.5,13565.8
1611712800,13565.8,13582.6,13550.6,13578.4
1611727200,13578.4,13587.8,13543.7,13564.8
1611741600,13564.9,13568.5,13368.1,13409.3
1611756000,13409.2,13418,13186.8,13333.5
1611770400,13333.6,13346.4,12899.6,13074.3
1611784800,13052.5,13140.8,12967.9,13121.2
1611799200,13121.3,13135.2,13024.3,13044.3
1611813600,13044.5,13057.4,12921.5,12979.6
1611828000,12979.3,13143.6,12953.3,13134.8
1611842400,13135,13400,13129.4,13383
1611856800,13383.2,13409.4,13139.8,13168.5
1611871200,13158.1,13201.1,13074.6,13081.9
1611885600,13081.8,13100.5,12978.2,13017.5
1611900000,13017.6,13089.1,12948.4,13009
1611914400,13008.8,13180.9,12954.3,13144.7
1611928800,13144.6,13171.3,12844.1,12870
1611943200,12869.9,13033.2,12844.9,12883.1
1612134000,12855,12909.1,12740.3,12894.2
1612148400,12894.5,12996,12885.8,12978.1
1612162800,12978.3,13074.7,12944.9,13050.3
1612177200,13050.2,13115.6,12983.2,13032.8
1612191600,13030.3,13283.9,13000.5,13273.8
1612206000,13273.9,13282.6,13220.5,13248.5
1612216800,13255.3,13351.6,13245,13344.7
1612231200,13344.8,13383.3,13316.5,13342.9
1612245600,13342.7,13391.2,13313.6,13379.1
1612260000,13379.2,13388.5,13339.3,13366.3
1612274400,13366.2,13484,13342.8,13473.7
1612288800,13473.8,13521.2,13421.1,13509.4
1612303200,13519,13547.7,13490.4,13525.3
1612317600,13524.9,13559.7,13504.6,13558
1612332000,13557.9,13597.1,13526.7,13532.7
1612346400,13532.5,13568.3,13530.7,13553
1612360800,13552.9,13560.6,13404.6,13494.7
1612375200,13494.9,13509.7,13400.6,13428.5
1612389600,13453,13463.7,13425.4,13437.5
1612404000,13437.4,13458.7,13357.4,13393.3
1612418400,13394.8,13468.8,13379.5,13452
1612432800,13451.9,13475,13430.6,13463
1612447200,13463,13496.2,13403.4,13491.5
1612461600,13491.2,13580.2,13487.2,13572.4
1612476000,13570.6,13575.9,13537.2,13574.7
1612490400,13574.9,13624.7,13570.4,13621.9
1612504800,13622,13627.2,13575.6,13595.9
1612519200,13595.7,13616.8,13580.4,13593.1
1612533600,13593.3,13640.8,13528.6,13639.7
1612548000,13639.9,13647.1,13577.6,13612.8
1612738800,13625.6,13695.6,13623.6,13684.9
1612753200,13685,13691.6,13674.7,13681.7
1612767600,13681.5,13684.3,13636.8,13650.9
1612782000,13651.3,13682.6,13637.1,13672.2
1612796400,13672.4,13701.1,13604.9,13634.1
1612810800,13634.2,13698.4,13629.2,13693.8
1612821600,13694.7,13697.6,13665.5,13686.9
1612836000,13687,13696.5,13675.5,13687.7
1612850400,13687.8,13691.2,13670.6,13678.5
1612864800,13678.7,13686.5,13659.7,13667.7
1612879200,13667.6,13743.5,13640.7,13702.2
1612893600,13702.3,13719,13670.4,13706
1612908000,13707.8,13734.4,13687.6,13731.4
1612922400,13731.3,13760,13731.1,13748.4
1612936800,13748.6,13777.8,13742.5,13752.1
1612951200,13752.2,13760,13722.4,13752.5
1612965600,13752.2,13770.3,13525.5,13635.2
1612980000,13635.2,13703,13617.8,13673.7
1612994400,13666.4,13673.3,13620.3,13629.7
1613008800,13629.6,13677.5,13626.3,13655.9
1613023200,13655.8,13718.8,13655.1,13714.3
1613037600,13714.1,13730.4,13703.2,13719.1
1613052000,13719.3,13751.2,13632.5,13692.8
1613066400,13692.9,13743,13647.9,13719.1
1613080800,13709.1,13749.8,13707.7,13728.5
1613095200,13728.4,13731.4,13710.4,13724.7
1613109600,13724.9,13725.9,13671.3,13712.6
1613124000,13712.5,13730.2,13691.3,13693.1
1613138400,13693,13762.8,13654,13749.8
1613152800,13749.7,13828.7,13717.7,13827.5
1613343600,13841.3,13874.8,13827.5,13855.8
1613358000,13855.9,13865.4,13844.4,13845.9
1613372400,13845.8,13857.6,13840.6,13852.1
1613386800,13851.9,13870.3,13844.8,13865
1613401200,13864.9,13886.7,13860.8,13880.3
1613426400,13881.3,13908.5,13865.4,13900
1613440800,13900.2,13908.5,13880.6,13892.4
1613455200,13892.3,13897,13853.6,13868.8
1613469600,13868.7,13889.2,13856.9,13860.5
1613484000,13860.6,13883.8,13724.4,13797.7
1613498400,13797.7,13810.6,13754.1,13762.5
1613512800,13761.5,13770.6,13699.1,13729.6
1613527200,13729.5,13777,13724.2,13762.9
1613541600,13763,13790.2,13733.5,13747.1
1613556000,13747,13763.3,13664.5,13681.8
1613570400,13681.8,13697.5,13548.5,13639.6
1613584800,13639.5,13715.2,13634.2,13703.6
1613599200,13708,13727.1,13664.7,13681.3
1613613600,13681.2,13703.6,13616.6,13633.4
1613628000,13633.5,13658.7,13610.7,13631.4
1613642400,13631.2,13639.4,13556.7,13565.3
1613656800,13565.3,13587.1,13473.2,13561.3
1613671200,13561.2,13674,13542.7,13644.5
1613685600,13644,13660.5,13560.7,13590.1
1613700000,13590.2,13623.7,13554.7,13620.6
1613714400,13620.8,13694,13613.4,13677.1
1613728800,13677,13733.3,13659,13730.4
1613743200,13730.3,13730.7,13559.5,13587.2
1613757600,13587.6,13614.7,13539,13576.7
1613948400,13602.5,13633.1,13532.7,13548.2
1613962800,13548.1,13570.2,13509.4,13534.5
1613977200,13534.6,13538.7,13369.4,13413.1
1613991600,13413.2,13443.2,13363,13431.8
1614006000,13432.2,13450.2,13285.1,13372.3
1614020400,13372.4,13378.2,13219.5,13225.5
1614031200,13245.1,13288.9,13199.1,13284.1
1614045600,13284.2,13340.2,13273.3,13313.5
1614060000,13313.7,13318.9,13084.6,13101.4
1614074400,13101.6,13107.3,12951.7,13025.9
1614088800,13025.7,13125,12763.6,12906.9
1614103200,12907,13262.7,12891.2,13163.2
1614117600,13188.7,13268.2,13141.9,13238.8
1614132000,13238.9,13246.5,13073.5,13094.1
1614146400,13094,13240.6,13033.2,13214.9
1614160800,13214.9,13300.9,13059.7,13092.2
1614175200,13092.1,13257.7,12963.9,13210.7
1614189600,13210.8,13337.1,13174.4,13316.6
1614204000,13293,13342.6,13278.4,13288.4
1614218400,13288.3,13351.5,13282.7,13342
1614232800,13342.1,13358.3,13188.8,13217.2
1614247200,13216.7,13273,13149.8,13204.9
1614261600,13205.2,13294.2,12838.3,12856.1
1614276000,12856.1,13024.4,12769,12792.6
1614290400,12787,12852.5,12707.6,12805.7
1614304800,12806,12871.5,12666.9,12703.7
1614319200,12704,12920.2,12685,12870.1
1614333600,12870.1,12972.9,12722.2,12961.4
1614348000,12961,13092.7,12755.7,13000.3
1614362400,13000.4,13069.3,12861,12911
1614553200,12969.7,13090.4,12951.7,13048.7
1614567600,13048.8,13086,13035.9,13067.8
1614582000,13067.7,13137.9,13065.1,13101.2
1614596400,13101.2,13120.7,13039.6,13104.1
1614610800,13104.1,13235.3,13076.2,13213.4
1614625200,13213.2,13323.2,13207.6,13318.7
1614636000,13318.3,13333.6,13277.9,13282.2
1614650400,13282.3,13311.3,13212.9,13226
1614664800,13226.1,13271.3,13167.4,13204.1
1614679200,13204.2,13287.6,13189.8,13267.6
1614693600,13267.7,13308.6,13104.2,13173.3
1614708000,13173.4,13217.7,13053.7,13060.4
1614722400,13076.1,13132.4,13072,13099
1614736800,13099,13155.5,13093.5,13151.6
1614751200,13150.1,13195.8,13133.1,13155.5
1614765600,13155.5,13161.8,12976.2,13004.2
1614780000,13003.9,13056.9,12819,12820.5
1614794400,12820.6,12873.7,12668.1,12683.2
1614808800,12682,12701.3,12586.8,12650.5
1614823200,12650.6,12669,12514.5,12579
1614837600,12579.1,12712.4,12569.8,12621.2
1614852000,12621.2,12711.1,12558.1,12676.5
1614866400,12676.6,12800.6,12448.2,12488.2
1614880800,12488.2,12538.6,12310.5,12435.7
1614895200,12438.4,12462.6,12308.7,12348.2
1614909600,12348.4,12478.5,12316.6,12474.7
1614924000,12474.8,12478.2,12356.4,12388
1614938400,12388.1,12537,12374.3,12503.7
1614952800,12503.8,12636.2,12212,12527.5
1614967200,12527.6,12701.9,12452.3,12656.5
1615158000,12752.9,12765.1,12531,12567.2
1615172400,12567.5,12579.5,12516.5,12529.1
1615186800,12529.2,12552.8,12380.9,12464.1
1615201200,12464.2,12703.5,12450.2,12584.5
1615215600,12584.3,12720.7,12422.1,12428.3
1615230000,12428.2,12500.5,12286.5,12336.6
1615240800,12358.6,12413.3,12330.7,12345.1
1615255200,12345,12479.5,12341.7,12445
1615269600,12444.8,12582.3,12371.1,12564
1615284000,12564,12616.6,12533.6,12599.8
1615298400,12599.6,12801,12582.8,12779.4
1615312800,12779.4,12871.9,12773.4,12793.6
1615327200,12811.9,12832.3,12745.6,12747.6
1615341600,12747.4,12798,12724.9,12760.6
1615356000,12760.7,12813.9,12727.9,12808.2
1615370400,12808.3,12902.9,12708.5,12887.9
1615384800,12887.8,12997.5,12748.3,12831.9
1615399200,12832,12846.6,12725.2,12793.5
1615413600,12797.5,12813.5,12728.2,12809.5
1615428000,12809.6,12860,12807.6,12845.2
1615442400,12845,13002.3,12827.3,12985.6
1615456800,12985.8,13017.5,12942.2,12963.9
1615471200,12963.9,13099.6,12916.5,13077.9
1615485600,13078.1,13123.1,13042.5,13049.3
1615500000,13060.9,13098,13057,13069.8
1615514400,13070.1,13079.8,12999.9,13018.2
1615528800,13018.3,13024.9,12808.4,12818.2
1615543200,12818.4,12903.2,12788.2,12849.8
1615557600,12849.7,12933.4,12775.3,12880.6
1615572000,12880.5,12953.1,12860.6,12942.7
1615759200,12963,13015.3,12931.1,13007.7
1615773600,13007.9,13013.4,12910.5,12914.2
1615788000,12914.4,13003.1,12879.4,12991.3
1615802400,12991.4,12994.6,12904.3,12968.3
1615816800,12968.5,13002.8,12887.8,12987.6
1615831200,12987.7,13106,12987.7,13091.5
1615842000,13088.8,13094.2,13064.5,13091.1
1615856400,13091.2,13144.1,13087.2,13139.6
1615870800,13139.5,13184.2,13107,13122.5
1615885200,13122.7,13175.4,13113.2,13155.3
1615899600,13155.5,13303.5,13147.8,13227.7
1615914000,13227.9,13258.7,13093.7,13169.8
1615928400,13173.1,13190.2,13115.7,13152
1615942800,13152.1,13159.2,13122.7,13136.7
1615957200,13136.6,13157.4,13121.1,13139.7
1615971600,13139.8,13143,12984.4,13018.2
1615986000,13018,13089.7,12951.3,12979.7
1616000400,12979.5,13287.7,12968,13188
1616014800,13208.9,13275.9,13195.6,13273.4
1616029200,13273.5,13283.4,13182.8,13210.6
1616043600,13210.5,13245.3,13023.7,13030.7
1616058000,13030.7,13077.7,12963.9,12987.9
1616072400,12987.4,13039.1,12913.2,12916.9
1616086800,12916.8,12993.5,12778.7,12807.1
1616101200,12826.8,12837.7,12789.2,12824.9
1616115600,12825,12835.2,12767.5,12811.4
1616130000,12811.3,12913.4,12729,12892.9
1616144400,12892.9,12906,12832.1,12857.6
1616158800,12857.6,12900,12697.3,12894
1616173200,12893.9,12906.7,12838.3,12841.7
1616364000,12820,12930.1,12805.3,12917.5
1616378400,12917.8,12949.1,12896.4,12927.7
1616392800,12927.9,12943.1,12886.1,12935.5
1616407200,12935.6,13038.4,12930.2,13025.1
1616421600,13025.1,13174.4,13000.4,13156.4
1616436000,13156.5,13170.7,13078.5,13080.4
1616446800,13088.2,13122.7,13068.3,13076
1616461200,13076,13089.4,13030.8,13035
1616475600,13034.8,13074.7,13020.4,13070.5
1616490000,13070.5,13133,13033.1,13124.6
1616504400,13124.7,13189.3,13068.2,13137.5
1616518800,13137.4,13166.4,12996.7,13048.2
1616533200,13058.5,13076.3,13034.3,13065.2
1616547600,13065.4,13091.1,13039,13066.4
1616562000,13066.5,13157.2,13038.4,13147.6
1616576400,13147.6,13162.4,13099.3,13100.2
1616590800,13100.2,13103.5,12928.5,12951.1
1616605200,12951.1,12967.5,12800.9,12813.9
1616619600,12826,12843.5,12798.6,12834.6
1616634000,12834.3,12850,12769.1,12825.7
1616648400,12825.8,12876.5,12805.2,12852.8
1616662800,12853,12872.2,12722.7,12735.5
1616677200,12735.5,12853.9,12626.8,12768.4
1616691600,12768.5,12838.3,12672,12807.6
1616706000,12803.6,12836.8,12779.3,12811.3
1616720400,12811.1,12856.7,12797.3,12852.7
1616734800,12852.8,12897.2,12820.4,12824.1
1616749200,12824.1,12844.7,12693,12760.4
1616763600,12760.4,12881,12754.9,12844.8
1616778000,12844.9,13005.5,12718,12975.8
1616968800,12979.5,12984.8,12864,12897.4
1616983200,12897.4,12921.6,12824,12860.6
1616997600,12860.8,12957.4,12844.7,12951.2
1617012000,12951.1,12995,12870,12872.9
1617026400,12873,13019.7,12833.6,12970.9
1617040800,12971,12995.9,12903.2,12981.1
1617051600,12993.9,13001,12956.5,12962.9
1617066000,12962.9,12964,12922.6,12954.5
1617080400,12954.4,12954.7,12870.9,12891.5
1617094800,12891.7,12920,12852.8,12877.7
1617109200,12877.9,12933.1,12794,12866.4
1617123600,12866.5,12931.2,12842.6,12906.7
1617138000,12903,12927.2,12875.3,12921.4
1617152400,12921.3,12941.6,12892,12901.7
1617166800,12901.5,12926,12877.3,12921.2
1617181200,12921.4,12997.4,12908.5,12981
1617195600,12981,13163.2,12970.1,13148.3
1617210000,13148.2,13174.3,13087,13105.5
1617224400,13112.7,13145.6,13112.4,13142
1617238800,13141.7,13155.4,13121,13142.6
1617253200,13142.5,13252.4,13138.4,13230.8
1617267600,13230.7,13262.9,13215.8,13253.5
1617282000,13253.3,13338.1,13252.1,13313.4
1617296400,13313.5,13348.8,13277.2,13344.6
1617310800,13350,13375.1,13342.1,13362.4
1617325200,13362.3,13388.9,13358.1,13380.1
1617339600,13380,13386.4,13360.6,13385.8
1617354000,13385.7,13409.1,13359.4,13393.2
1617368400,13393.1,13393.2,13356.8,13359.3
1617382800,13359.3,13359.3,13359.3,13359.3
1617573600,13342.7,13371.4,13330.1,13357.3
1617588000,13357.2,13362.5,13333.8,13343.6
1617602400,13343.6,13399,13327.1,13393.1
1617616800,13393.2,13500.8,13374.6,13491.2
1617631200,13491.1,13615.4,13472.8,13614.5
1617645600,13614.4,13630.5,13580.1,13615.3
1617656400,13620.8,13636.5,13609,13618
1617670800,13618.1,13624,13581.4,13592.6
1617685200,13592.5,13610.2,13538.9,13565.8
1617699600,13565.9,13620.3,13549.3,13600.9
1617714000,13601.1,13668.6,13553.5,13630.4
1617728400,13630.3,13633.3,13560.5,13598.6
1617742800,13596.5,13612.3,13590.7,13605.2
1617757200,13604.9,13608.1,13563.7,13575.2
1617771600,13575,13622.3,13568.2,13592.2
1617786000,13592.3,13610.3,13545.1,13546.1
1617800400,13546,13645.5,13527.8,13590
1617814800,13589.9,13655.8,13579.4,13636.3
1617829200,13643.4,13668.3,13630.2,13655.4
1617843600,13655.5,13722.3,13651.3,13719.9
1617858000,13720,13750.4,13705.5,13719
1617872400,13719.1,13758.6,13698.9,13730.1
1617886800,13730.2,13769.7,13706.5,13739.3
1617901200,13739.4,13804.3,13731.5,13802.8
1617915600,13797.4,13850.7,13788.3,13850.5
1617930000,13850.4,13855.5,13796.8,13808.1
1617944400,13807.9,13810.8,13721.3,13753.6
1617958800,13753.8,13768.9,13663,13680
1617973200,13679.9,13792.9,13664.1,13787.3
1617987600,13787.1,13854,13771,13824.6
1618178400,13820.7,13846.6,13782.6,13812.4
1618192800,13812.3,13818.9,13789.7,13801.9
1618207200,13802,13840.7,13801,13828.7
1618221600,13828.8,13829.7,13757.3,13782.2
1618236000,13782.2,13843,13746.6,13797.2
1618250400,13797.3,13841.1,13782.6,13838.1
1618261200,13845.7,13847.2,13817.8,13827.9
1618275600,13828,13843.6,13798.2,13806
1618290000,13806.1,13831.4,13787.1,13820.3
1618304400,13820.4,13903.2,13789.8,13899
1618318800,13898.9,13963.2,13881.5,13918.5
1618333200,13918.5,14008.4,13917.5,13989.6
1618347600,13992.8,13994.3,13977.3,13985.4
1618362000,13985.3,14000.1,13972.8,13994.7
1618376400,13994.8,14017.5,13975.6,14014.5
1618390800,14014.7,14043.3,14006,14018.7
1618405200,14018.8,14019.7,13868.7,13926.6
1618419600,13926.5,13927.5,13787.4,13841.4
1618434000,13837,13851,13817.7,13837.3
1618448400,13837.2,13844.8,13804,13828.1
1618462800,13827.9,13910.4,13826.7,13897.6
1618477200,13897.5,13959.4,13878.9,13950.1
1618491600,13950.2,14026.5,13935.6,14022.8
1618506000,14022.9,14048.1,13992.2,14012.6
1618520400,14005.2,14032.3,13998,14001.7
1618534800,14001.6,14002.3,13968.2,14001.6
1618549200,14001.5,14008,13980.3,13989.5
1618563600,13989.4,14074.4,13986.6,14066.7
1618578000,14066.8,14067,13969.1,14038.8
1618592400,14038.8,14056.2,14011.4,14038.6
1618783200,14006.7,14036.1,13992.6,14029
1618797600,14028.9,14067.6,14026.5,14058.9
1618812000,14058.8,14061.9,14030.5,14036.3
1618826400,14036.2,14037.7,13961.5,14010.6
1618840800,14010.3,14022,13836,13892
1618855200,13891.9,13922.4,13866,13908.4
1618866000,13914.6,13942.2,13911.7,13923.2
1618880400,13923.4,13947,13921.2,13932.7
1618894800,13932.7,13948.9,13902.9,13922.4
1618909200,13922.4,13930.7,13829.7,13868.6
1618923600,13869,13944.9,13734.9,13794.1
1618938000,13794.2,13832.4,13743.7,13750.6
1618952400,13758.1,13776.2,13749.6,13768.4
1618966800,13768.2,13772.1,13725.2,13756.5
1618981200,13756.7,13792.3,13740.6,13772.5
1618995600,13772.4,13803.7,13739.2,13767.3
1619010000,13767.1,13890.7,13715.9,13853.3
1619024400,13853.4,13942.2,13851.3,13907.1
1619038800,13912.3,13916.1,13893.9,13903.7
1619053200,13903.6,13930.2,13901.4,13925.1
1619067600,13924.9,13952.8,13913.4,13931
1619082000,13930.9,13937.7,13896.7,13916.9
1619096400,13916.8,13958.2,13870.2,13952.5
1619110800,13952.5,13956.4,13716.7,13777.2
1619125200,13775.5,13787.3,13763.1,13783.3
1619139600,13783.3,13802.6,13765.6,13786
1619154000,13786,13805.5,13753,13789.2
1619168400,13789.4,13800.6,13777.4,13787.3
1619182800,13787.3,13971.7,13781.2,13965.9
1619197200,13966,13995.8,13919.2,13919.8
1619388000,13931.5,13956.2,13920.3,13952.6
1619402400,13952.5,13959.2,13929.2,13929.9
1619416800,13929.8,13951.5,13890.6,13898.7
1619431200,13898.7,13966.2,13880.8,13948.2
1619445600,13948.2,14010.9,13947.9,14008.1
1619460000,14008.3,14052.2,13997.9,14036
1619470800,14036.9,14046.1,14029.1,14034
1619485200,14033.8,14040.4,14029.4,14039.4
1619499600,14039.5,14064.6,14030.9,14049.1
1619514000,14049.2,14054.9,14022.6,14046
1619528400,14045.9,14049.4,13927.5,13975.8
1619542800,13975.9,14000.6,13954.2,13965.7
1619557200,13973.8,13987.3,13971.1,13972.9
1619571600,13973,13994.3,13969,13987.8
1619586000,13987.8,13992.1,13919.7,13954.5
1619600400,13954.5,13965.6,13932.8,13944.9
1619614800,13945,13995.9,13893.2,13933.1
1619629200,13933.2,14007.7,13898.1,13983.7
1619643600,13977.7,14010.8,13967.3,14007.3
1619658000,14007.2,14045.2,13999.8,14031.6
1619672400,14031.7,14052.6,14007.3,14045
1619686800,14044.9,14078.8,14030.8,14069.9
1619701200,14069.8,14075.5,13833.2,13898.1
1619715600,13898,13995.1,13879.5,13959.3
1619730000,13956.9,13959.7,13906.6,13916.7
1619744400,13916.8,13921.6,13899.6,13911.1
1619758800,13911,13937.2,13879.7,13916.6
1619773200,13916.7,13929,13833.5,13868.9
1619787600,13868.9,13970.5,13849.6,13904
1619802000,13903.9,13915.1,13839.6,13879.3
1619992800,13897.6,13917.1,13885.3,13892.4
1620007200,13892.6,13895.3,13870.2,13874.7
1620021600,13874.8,13928.1,13858.7,13874.6
1620036000,13874.5,13929.6,13865.1,13888.6
1620050400,13885.4,13961,13785.5,13808.7
1620064800,13808.3,13834.1,13787.3,13798.8
1620075600,13804.2,13805.2,13763.9,13767.9
1620090000,13768,13768.1,13737.2,13755.9
1620104400,13755.7,13791,13739.3,13750.1
1620118800,13750,13776.6,13664.7,13696.1
1620133200,13696,13709.8,13393.8,13424.4
1620147600,13424.3,13566.1,13418.8,13534.4
1620162000,13539.4,13574.7,13521.5,13570.7
1620176400,13570.6,13597,13558.4,13587.9
1620190800,13588.1,13618.4,13540.9,13605.1
1620205200,13605,13666.7,13603.8,13635.2
1620219600,13635.3,13678.8,13543.2,13584.3
1620234000,13584.2,13608.9,13476.6,13498.2
1620248400,13504.4,13538,13483.8,13527.5
1620262800,13527.4,13541.4,13464.6,13485.7
1620277200,13485.9,13582.5,13485.6,13542
1620291600,13542,13560.8,13474.4,13489.1
1620306000,13489,13603.6,13401.8,13575
1620320400,13574.8,13624.2,13479.2,13617.5
1620334800,13624.1,13651.6,13613.1,13650.5
1620349200,13650.4,13670.6,13632.3,13652.8
1620363600,13652.7,13652.7,13598.3,13631.8
1620378000,13631.7,13827.4,13620.6,13777.7
1620392400,13777.6,13820.3,13672.3,13749.8
1620406800,13750,13757.6,13672.5,13725.9
1620597600,13727.9,13762.1,13724.3,13752.6
1620612000,13752.7,13758.3,13716.4,13730.4
1620626400,13730.3,13735.3,13649.5,13683.4
1620640800,13683.3,13691.4,13524.9,13546.5
1620655200,13546.4,13564.7,13465.6,13482.9
1620669600,13483,13486.7,13315.8,13321.2
1620680400,13331.6,13354.4,13177.4,13237.7
1620694800,13237.6,13247.2,13187.7,13225.3
1620709200,13225.4,13286.5,13149.7,13198.3
1620723600,13198.5,13221.6,13089.7,13095.3
1620738000,13095.4,13349.2,13075.7,13283.8
1620752400,13283.8,13385.8,13278,13326.9
1620766800,13330.6,13361.6,13274.7,13286.1
1620781200,13285.9,13325.9,13194.6,13251.3
1620795600,13251.1,13347.4,13249.5,13293.3
1620810000,13293.3,13314.5,13100.6,13167.4
1620824400,13167.6,13240.4,12989.3,13058.3
1620838800,13058.3,13099.3,12969.8,12974.5
1620853200,12988.8,13056.4,12988.6,13042.3
1620867600,13042.6,13078.5,13030.3,13065.4
1620882000,13065.5,13070.6,12924.8,12961.3
1620896400,12961.4,13128.7,12945.9,13097.6
1620910800,13097.7,13233.2,13067.8,13082.7
1620925200,13082.5,13179.5,13007.3,13100.7
1620939600,13113.9,13165.7,13080.1,13159.5
1620954000,13159.5,13209.6,13153.9,13184.1
1620968400,13184,13231.6,13172.1,13222.6
1620982800,13222.7,13269,13211.2,13248
1620997200,13248.1,13374.1,13217.7,13369.6
1621011600,13369.7,13435,13356.8,13408.4
1621202400,13391.6,13457.1,13351.4,13382.7
1621216800,13382.8,13407.2,13349.7,13371
1621231200,13370.9,13402.8,13341.5,13355.7
1621245600,13355.6,13356,13273.4,13295
1621260000,13295.1,13337.8,13192.1,13216.8
1621274400,13216.8,13326.3,13209.9,13322.2
1621285200,13325.7,13355.4,13299.7,13354.1
1621299600,13354,13371.9,13344.9,13359.5
1621314000,13359.5,13441.5,13351.8,13409
1621328400,13408.8,13425.1,13363.7,13374.8
1621342800,13374.6,13405.7,13310.5,13366.8
1621357200,13366.9,13377.9,13187.7,13196.2
1621371600,13201.6,13229.2,13162.8,13205.3
1621386000,13205.5,13222.5,13133.9,13147.6
1621400400,13147.5,13164.6,13040.2,13053.8
1621414800,13053.9,13094,12972.8,12987.2
1621429200,12986.9,13178.7,12961.1,13156.8
1621443600,13156.8,13248.9,13109.3,13225
1621458000,13232.1,13244.9,13184.1,13223.5
1621472400,13223.4,13238.4,13192.3,13236.6
1621486800,13236.7,13264.4,13173.6,13193
1621501200,13193.1,13287.4,13157.2,13287.4
1621515600,13287.5,13509.8,13283.7,13472.9
1621530000,13473,13528.7,13463.4,13494.6
1621544400,13497.1,13549.8,13494.3,13542
1621558800,13542.2,13552.8,13498.3,13519.7
1621573200,13519.6,13545.3,13506.7,13523.1
1621587600,13523.2,13554.4,13514.7,13530.6
1621602000,13530.5,13575.5,13404.5,13428.3
1621616400,13428.3,13468.3,13402.1,13420.1
1621807200,13396.3,13450.6,13363,13440.3
1621821600,13440.3,13443.3,13390.8,13421.3
1621836000,13421.2,13503.9,13417.7,13502
1621850400,13501.9,13589.4,13483,13585.2
1621864800,13585.4,13671.6,13585.4,13663.5
1621879200,13663.6,13692,13637.9,13657.1
1621890000,13658.2,13678,13638.6,13668
1621904400,13668.2,13684.6,13649.6,13676.4
1621918800,13676.4,13744.6,13673.8,13716.3
1621933200,13716.3,13732.2,13682.1,13708.5
1621947600,13708.6,13738.4,13613.1,13645.8
1621962000,13645.7,13676.2,13622.4,13675.3
1621976400,13675,13725.6,13669.8,13718.8
1621990800,13718.8,13726.1,13704.5,13713
1622005200,13713.1,13724.4,13677.8,13695.5
1622019600,13695.3,13734.5,13689.8,13706.8
1622034000,13706.6,13730.8,13661.9,13717.3
1622048400,13717.2,13730.2,13682.1,13709.7
1622062800,13710.7,13722.1,13689.6,13699.5
1622077200,13699.6,13701.1,13666.7,13679.8
1622091600,13680,13692.7,13627.2,13639.1
1622106000,13639.2,13687.5,13625.7,13667.3
1622120400,13667.5,13725.8,13649.3,13708
1622134800,13707.8,13715.7,13652.3,13698.2
1622149200,13702,13721.4,13688.2,13709.9
1622163600,13710,13712.5,13689.7,13701.8
1622178000,13701.8,13707,13667.9,13702.6
1622192400,13702.7,13731.3,13685.3,13691.6
1622206800,13691.7,13768.6,13689.3,13761.9
1622221200,13762.1,13766.3,13687.7,13691.7
1622412000,13708,13724.8,13696.7,13709.7
1622426400,13709.8,13714.6,13695.7,13702.6
1622440800,13702.8,13707.8,13698.6,13706.1
1622455200,13679.7,13688.4,13668.9,13678.8
1622469600,13678.7,13679.7,13666.8,13678.2
1622494800,13687.2,13700.1,13679.7,13696
1622509200,13696.2,13704.1,13677.6,13699.4
1622523600,13699.5,13741.7,13692.3,13739.7
1622538000,13739.5,13761.7,13734.6,13745.8
1622552400,13745.8,13778,13597.8,13669.5
1622566800,13669.4,13698.2,13641.1,13652.8
1622581200,13647.1,13660.5,13626.3,13655.9
1622595600,13655.8,13662,13639.6,13644.7
1622610000,13644.8,13664.8,13620.7,13628.3
1622624400,13628.5,13677.3,13625.1,13674.5
1622638800,13674.6,13716.2,13655.7,13673.5
1622653200,13673.4,13682.3,13607,13681.7
1622667600,13685.9,13709.5,13675.8,13705.8
1622682000,13706,13706.7,13683.5,13688
1622696400,13687.9,13699.6,13650.3,13669.2
1622710800,13669.3,13669.3,13513.7,13547.7
1622725200,13547.8,13611.8,13464.7,13581.6
1622739600,13581.5,13596.3,13520.1,13533
1622754000,13539.6,13544.1,13470.3,13492
1622768400,13492.3,13535.2,13490,13524.7
1622782800,13524.8,13549.1,13495.2,13527.5
1622797200,13527.6,13609.5,13503.7,13600.6
1622811600,13600.7,13771.8,13595.2,13762.5
1622826000,13762.5,13786,13756.6,13766.4
1623016800,13782,13784,13734.5,13737.9
1623031200,13738,13756.3,13732.3,13737.5
1623045600,13737.6,13748.3,13693,13708.3
1623060000,13708.3,13770.7,13702.6,13756.3
1623074400,13756.2,13766.4,13714,13739.2
1623088800,13739.3,13823.8,13738.3,13823.7
1623099600,13825.5,13846.6,13812.6,13845.1
1623114000,13845.3,13865.8,13826.7,13838.2
1623128400,13838.3,13840.3,13792.1,13833.2
1623142800,13833.3,13897.1,13786.2,13877.3
1623157200,13877.5,13917.2,13742.8,13823.1
1623171600,13823,13838.5,13794.6,13812.9
1623186000,13813.9,13833.8,13804.6,13831.1
1623200400,13831.2,13832.5,13807.2,13817.3
1623214800,13817.2,13845.6,13809.3,13834.4
1623229200,13834.5,13872.3,13817,13862.2
1623243600,13862.3,13904.3,13818,13868.4
1623258000,13868.6,13876.7,13809.4,13812.4
1623272400,13819.8,13829,13811.7,13825
1623286800,13825.2,13840,13821.4,13830.9
1623301200,13831,13832.1,13764.8,13787.8
1623315600,13787.6,13835,13727.1,13829
1623330000,13829.1,13965,13811.7,13944.4
1623344400,13944.3,13976.4,13921.7,13973
1623358800,13973.8,13981.7,13961.8,13976.8
1623373200,13976.8,13985.9,13969.5,13975
1623387600,13975.1,13976,13948.7,13967.4
1623402000,13967.5,14000.3,13952.6,13976.3
1623416400,13976.5,13990.5,13937.6,13966.1
1623430800,13966,14002.3,13952.5,13998.6
1623621600,14015.1,14034.4,14014,14028.6
1623636000,14028.7,14033.2,14023.2,14023.8
1623650400,14023.9,14043.3,14015.5,14038.4
1623664800,14038.3,14059.8,13973.8,14037.4
1623679200,14037.3,14080.8,13997.3,14075.4
1623693600,14075.5,14142.2,14061.2,14126
1623704400,14131.1,14163.5,14119.5,14157.9
1623718800,14158,14171.1,14137.8,14148.6
1623733200,14148.5,14169.8,14140.8,14155.2
1623747600,14155.3,14161.4,14125.5,14129.8
1623762000,14129.7,14137.8,14043.5,14053.7
1623776400,14053.8,14062.9,14017,14053.7
1623790800,14053.2,14058.6,14042,14045
1623805200,14045.1,14055.7,14039.6,14051.8
1623819600,14051.9,14065.6,14043.3,14054.1
1623834000,14054,14063.4,14035.6,14060.9
1623848400,14061,14112.4,13992.8,14033.6
1623862800,14033.5,14056.1,13847.3,13947.6
1623877200,13956.6,13957.3,13858.7,13887.2
1623891600,13887.3,13932.1,13871,13929.1
1623906000,13928.8,13942.8,13886.2,13899.4
1623920400,13899.7,13951.4,13896,13930.6
1623934800,13930.7,14209.6,13922.8,14124.4
1623949200,14124.3,14217.1,14123.6,14195.8
1623963600,14194,14207.9,14181,14197.5
1623978000,14197.6,14220.2,14191.3,14205.6
1623992400,14205.7,14222.5,14187,14201.6
1624006800,14201.5,14206.8,14069.2,14124
1624021200,14124.1,14149.6,14028.2,14100.3
1624035600,14100.2,14126.9,14032.8,14034.6
1624226400,14048.1,14063.4,14020,14020.1
1624240800,14020,14035.5,14000.1,14024.6
1624255200,14024.5,14142.9,14020.7,14128.2
1624269600,14128.1,14131.7,13975,14073.3
1624284000,14073.2,14160.3,14029.1,14149.8
1624298400,14149.9,14157,14113.3,14153.1
1624309200,14153.9,14170.3,14144.8,14159.8
1624323600,14159.6,14168.8,14149.2,14162.4
1624338000,14162.5,14162.8,14082.8,14102.3
1624352400,14102.5,14194,14101.4,14144.5
1624366800,14144.7,14249.2,14123.6,14237.6
1624381200,14237.7,14295.3,14220.1,14285.1
1624395600,14285.5,14302.2,14280.4,14298
1624410000,14298.1,14317.3,14293.4,14302.5
1624424400,14302.6,14329.4,14273.5,14281
1624438800,14281.3,14296.4,14255.3,14288.2
1624453200,14288,14331.7,14247.9,14276.8
1624467600,14276.8,14309.8,14269.2,14291
1624482000,14290.3,14315,14289.5,14309.5
1624496400,14309.4,14323.9,14306.3,14317.8
1624510800,14317.8,14366.3,14311,14363.8
1624525200,14363.8,14374.8,14352.6,14361.6
1624539600,14361.7,14437.9,14358.4,14386.2
1624554000,14386.1,14400,14343.5,14374.8
1624568400,14370.9,14381.1,14357.1,14364.8
1624582800,14364.7,14391.3,14348.1,14376.9
1624597200,14377,14389.6,14360.2,14386.9
1624611600,14386.8,14409.8,14368.1,14391.6
1624626000,14391.5,14406.2,14329,14353.8
1624640400,14353.7,14374.3,14333.6,14346.6
1624831200,14355.5,14381.8,14349.1,14357
1624845600,14356.8,14380.6,14352.3,14377.6
1624860000,14377.5,14402.5,14365.7,14389.5
1624874400,14389.3,14474.1,14372.9,14466.7
1624888800,14467,14510.4,14466.8,14479
1624903200,14478.9,14535.2,14475.4,14519.1
1624914000,14512.3,14512.9,14496.3,14498.6
1624928400,14498.5,14502.6,14486.4,14501.6
1624942800,14501.5,14515.6,14484.1,14499.1
1624957200,14499.2,14528.6,14491.9,14501.8
1624971600,14502.1,14569.8,14485.6,14565.8
1624986000,14565.7,14599.8,14545.7,14597.4
1625000400,14595.2,14613.9,14590.7,14601
1625014800,14601,14606.3,14588.1,14598.2
1625029200,14598.3,14605.8,14567.3,14568.3
1625043600,14568.4,14590.4,14542.5,14571.6
1625058000,14571.6,14591.6,14534.1,14555.3
1625072400,14555.2,14585,14544.2,14571
1625086800,14572.3,14587.5,14568.6,14586.3
1625101200,14586.3,14591.3,14559,14564.3
1625115600,14564.4,14621.2,14559.5,14583.1
1625130000,14583,14583.3,14513.3,14546.3
1625144400,14546.2,14585.1,14486.2,14511
1625158800,14510.9,14568.4,14504.5,14554.8
1625173200,14551.4,14560.3,14545.6,14554.5
1625187600,14554.6,14560.2,14532.4,14538.6
1625202000,14538.8,14603.7,14527.2,14575.8
1625216400,14575.9,14651.4,14573.4,14636.9
1625230800,14636.8,14702.9,14632.8,14702.3
1625245200,14702.4,14742.4,14688.9,14714.8
1625436000,14721.6,14735.4,14719.2,14722.2
1625450400,14722.1,14725.2,14704.7,14710.4
1625464800,14710.3,14718,14688.4,14711.9
1625479200,14711.8,14726.9,14706.2,14709
1625493600,14709.1,14716.2,14702.8,14706.3
1625518800,14717.8,14736,14717,14728.2
1625533200,14728.1,14729.2,14693.7,14699.3
1625547600,14699.4,14721.4,14683.7,14712.3
1625562000,14712.2,14759.4,14708.2,14750.2
1625576400,14750.3,14802.4,14637.9,14713.8
1625590800,14713.7,14796.2,14708.2,14775.9
1625605200,14775,14785.3,14766.6,14780.1
1625619600,14780,14809.8,14775.9,14800.4
1625634000,14800.3,14871.7,14784.9,14846
1625648400,14845.9,14884.4,14841.7,14874.9
1625662800,14874.8,14896.3,14738.9,14812.5
1625677200,14812.3,14840.1,14783.8,14822.2
1625691600,14822.3,14834.3,14816,14820.3
1625706000,14820.3,14824.5,14784.8,14795.9
1625720400,14795.8,14806.8,14650.8,14668.8
1625734800,14669,14673.6,14557.3,14609.1
1625749200,14609.1,14735.3,14558.4,14722.4
1625763600,14722.6,14767.8,14672.4,14726.2
1625778000,14720.5,14729.4,14679.4,14680.7
1625792400,14680.8,14707.3,14654,14693.6
1625806800,14693.5,14756,14693.2,14737.5
1625821200,14737.6,14752,14681.4,14717.6
1625835600,14717.8,14844.5,14681.5,14832.1
1625850000,14832,14840.1,14810.2,14827.3
1626040800,14845.5,14855.8,14812.7,14814.9
1626055200,14814.8,14824.1,14807.1,14816
1626069600,14816.1,14865.5,14798.2,14849.1
1626084000,14849.3,14901,14825.5,14842.3
1626098400,14842.4,14870.4,14816.1,14849.9
1626112800,14849.8,14896.3,14847.5,14888.2
1626123600,14890.6,14897.2,14880.6,14890.2
1626138000,14890.1,14896.5,14881.8,14890.5
1626152400,14890.4,14918.7,14863.3,14912.9
1626166800,14912.8,14940.1,14812.6,14814.2
1626181200,14814.1,15007.6,14814.1,14991.5
1626195600,14991.3,14992.8,14847,14877.3
1626210000,14878.2,14891.1,14855.6,14879
1626224400,14878.9,14900.7,14870.3,14872.8
1626238800,14872.7,14908.3,14854.8,14898.7
1626253200,14898.6,14987.3,14898.6,14979.7
1626267600,14979.8,15009.2,14875.2,14946.3
1626282000,14946.4,14960.1,14895,14909.8
1626296400,14910.5,14918.8,14888.2,14894.4
1626310800,14894.5,14937.3,14889,14930.8
1626325200,14930.8,14975.6,14910.6,14973.1
1626339600,14973.2,14976,14877.9,14902.7
1626354000,14902.8,14918.7,14746,14795.8
1626368400,14795.7,14814.4,14721.6,14788.9
1626382800,14788.6,14792.8,14755,14758.3
1626397200,14758.1,14796.6,14749,14792.8
1626411600,14793,14826.6,14773.1,14810.9
1626426000,14810.8,14858.2,14802.2,14855.6
1626440400,14853.2,14882.1,14708.4,14771.5
1626454800,14771.3,14795.6,14670.3,14682.3
1626645600,14690.5,14694.8,14623.7,14632.8
1626660000,14632.7,14664.5,14625.6,14652.6
1626674400,14652.5,14679.8,14613.9,14644.3
1626688800,14644.2,14652,14484,14496.5
1626703200,14496.6,14587,14458.1,14477.1
1626717600,14476.8,14609.8,14468.6,14605.8
1626728400,14607.6,14623.6,14590.5,14618.6
1626742800,14618.4,14656.2,14595.6,14615.7
1626757200,14615.5,14654.7,14605.6,14626.3
1626771600,14626.3,14639.1,14594.6,14612.1
1626786000,14612.2,14756.9,14529.2,14755.5
1626800400,14755.4,14794.3,14699.4,14739.7
1626814800,14740.8,14763.1,14735.8,14750.1
1626829200,14750,14751.8,14699.8,14699.8
1626843600,14699.9,14777.8,14699.6,14752.8
1626858000,14752.7,14761.8,14680.2,14716.6
1626872400,14716.7,14798.1,14704.3,14756.6
1626886800,14756.5,14851.7,14747.6,14850.6
1626901200,14845.6,14858.5,14839.7,14849.1
1626915600,14849.2,14868.6,14847.7,14854
1626930000,14854.1,14891.3,14846.3,14863.1
1626944400,14863.3,14875.6,14845.3,14851.1
1626958800,14850.8,14936.1,14842.2,14901.7
1626973200,14901.6,14995.5,14898.6,14990.1
1626987600,14989.6,15009.5,14976.6,15003.6
1627002000,15003.7,15008.2,14977.3,14985.1
1627016400,14985.2,15021.3,14977.4,15009.8
1627030800,15009.8,15027.6,14981.8,14985.1
1627045200,14984.9,15096.5,14946.3,15094.9
1627059600,15095,15129.5,15089.7,15103.7
1627250400,15110.8,15138.1,15086.7,15102.1
1627264800,15102.3,15108.5,15085.3,15095
1627279200,15094.8,15118.7,15051.3,15095.4
1627293600,15095.2,15113.9,15053.2,15111.8
1627308000,15111.7,15146.4,15095.1,15118.1
1627322400,15118,15141,15105.6,15137.1
1627333200,15132.8,15135.7,15114.2,15118.6
1627347600,15118.4,15123.8,15103.1,15115.1
1627362000,15114.9,15116.3,15065.3,15092.6
1627376400,15092.7,15144.3,15084.6,15133.9
1627390800,15134,15135.5,14816.2,14833.2
1627405200,14833.3,14981,14783,14896.3
1627419600,14893.5,14960.4,14885.3,14956.5
1627434000,14956.7,14971.3,14916.9,14918
1627448400,14918.1,15011.1,14906.1,15009.3
1627462800,15009.3,15031.6,14966.1,15016
1627477200,15015.9,15086.9,14914.3,15010.4
1627491600,15010.5,15053.6,14931.9,14997
1627506000,14993.6,15005.4,14986.7,15004.6
1627520400,15004.5,15006,14957.3,14983.2
1627534800,14983.3,15037.3,14982,15010.4
1627549200,15010.5,15031.8,14973.2,15005.4
1627563600,15005.6,15096.5,14995.2,15066.2
1627578000,15066.3,15084.6,14917.8,14925.1
1627592400,14919.8,14948.8,14831.8,14849
1627606800,14848.9,14881,14843.4,14854.8
1627621200,14854.7,14897.8,14823.3,14883.9
1627635600,14883.8,14915.3,14858.2,14885
1627650000,14885.1,14991.6,14859.7,14988.1
1627664400,14987.9,14990.7,14937.7,14978
1627855200,14987.2,15037.3,14987.2,15024.3
1627869600,15024.4,15056.3,15010.8,15045.9
1627884000,15046.1,15068.6,15038.2,15053.7
1627898400,15053.8,15057,14948.3,14989.2
1627912800,14989.1,15064,14955.7,14998.5
1627927200,14998.3,15012.3,14945.1,14972.8
1627938000,14972.2,15000.4,14964.9,14989.6
1627952400,14989.8,14991.9,14954.5,14983.9
1627966800,14983.7,15005.9,14983.7,15000
1627981200,14999.9,15001.6,14970.6,15000.3
1627995600,15000.4,15035.6,14863.2,15034.6
1628010000,15034.4,15063.6,15008.6,15048.6
1628024400,15057,15059.6,15036.3,15050.6
1628038800,15050.3,15066.8,15039.7,15061.8
1628053200,15062,15088.2,15055.6,15068.2
1628067600,15068.1,15078,15031.1,15044.1
1628082000,15044,15085.3,15012.1,15081
1628096400,15081.1,15123.7,15078,15096.9
1628110800,15091.3,15117.3,15087.6,15110.1
1628125200,15110,15115,15100.5,15104.1
1628139600,15104,15111.6,15083.8,15107.7
1628154000,15107.8,15131.4,15104.6,15108.8
1628168400,15108.9,15180.7,15087.4,15153.7
1628182800,15153.8,15186.2,15149.4,15184.8
1628197200,15177,15180.6,15169.6,15172.8
1628211600,15172.7,15181.4,15169.3,15177.2
1628226000,15177.1,15179.4,15153.2,15168.1
1628240400,15168.2,15170.4,15095,15120.8
1628254800,15121,15161.6,15059.7,15110.1
1628269200,15110.2,15121.3,15084.8,15104.5
1628460000,15099.1,15103.3,15016,15045.2
1628474400,15045.3,15066.6,15043.7,15062.9
1628488800,15062.8,15119.8,15057.8,15112.8
1628503200,15112.6,15151.3,15081.6,15122.1
1628517600,15121.9,15150.8,15098.7,15134.1
1628532000,15134,15157.5,15125.5,15138.9
1628542800,15140.3,15142.3,15125.2,15137.6
1628557200,15137.7,15137.8,15104.9,15119.1
1628571600,15119,15159.8,15118.3,15146.4
1628586000,15146.6,15162.4,15145.1,15150.6
1628600400,15150.7,15169.1,15006.6,15067.2
1628614800,15067.3,15079.6,15032.4,15059.1
1628629200,15055,15056.5,15038.1,15039.9
1628643600,15039.8,15060.1,15034.4,15054.5
1628658000,15054.6,15062.9,15009.6,15013.3
1628672400,15013.4,15123.6,14987.9,15101.3
1628686800,15101.7,15130.3,14974.4,15014.8
1628701200,15014.6,15043.6,15001.8,15018.9
1628715600,15012.3,15015.1,15000.6,15010.4
1628730000,15010.3,15021.1,15009.1,15012.8
1628744400,15012.7,15022.6,14992.9,15017.7
1628758800,15017.8,15045,14996.4,14999.4
1628773200,14999.2,15083.8,14951.7,15052.8
1628787600,15052.5,15100.3,15043.6,15088.8
1628802000,15085.7,15085.9,15071.7,15079.9
1628816400,15080,15088.9,15074.7,15081.7
1628830800,15081.4,15106.1,15074.4,15102
1628845200,15102.1,15104.8,15065.4,15087.1
1628859600,15087.3,15151.6,15078.2,15126.4
1628874000,15126.3,15139.4,15104.4,15131.6
1629064800,15125.7,15131.5,15102.2,15115.8
1629079200,15115.6,15125.3,15105.3,15115.1
1629093600,15114.9,15128.1,15097.4,15110.6
1629108000,15110.9,15120.5,15033.7,15041
1629122400,15038.7,15086.8,14926.1,15082.4
1629136800,15082.5,15147.6,15075.6,15143.4
1629147600,15138.7,15142,15117.6,15124.4
1629162000,15124.3,15129.6,15116.6,15121.9
1629176400,15121.8,15122.6,15066.9,15089.1
1629190800,15089,15100.1,15041.6,15056.8
1629205200,15056.6,15066.6,14907,14912.7
1629219600,14912.6,15012,14905.6,14977.3
1629234000,14978.8,14984.5,14957.6,14981.2
1629248400,14981.3,15027.8,14979.3,15019.2
1629262800,15019.3,15028.6,14984.7,14993.4
1629277200,14993.5,15033.9,14980.6,14987.1
1629291600,14987,15043.1,14963.8,14996
1629306000,14996.1,15035.2,14812.5,14844.5
1629320400,14850.8,14872.3,14843.1,14871.1
1629334800,14871.2,14879.8,14838.8,14847.9
1629349200,14848,14849.3,14715.9,14738.1
1629363600,14738.2,14804.3,14717.6,14744.4
1629378000,14744.3,15003.8,14743.8,14992.3
1629392400,14992.6,14993.9,14862.7,14948.2
1629406800,14947.6,14961.9,14915,14954.9
1629421200,14954.8,14959.5,14914.2,14925
1629435600,14924.9,14926.5,14857.1,14888.9
1629450000,14889.1,14962.6,14876.8,14961.8
1629464400,14962,15103,14955.5,15071.4
1629478800,15071.5,15105.4,15052.7,15100.4
1629669600,15098.7,15144.9,15098.7,15143.6
1629684000,15143.5,15158.8,15140.1,15142.3
1629698400,15142.1,15150.1,15126.6,15135.9
1629712800,15136,15214.2,15122.5,15209.3
1629727200,15209.4,15333.6,15198.7,15320.3
1629741600,15320.4,15343.5,15307.5,15334.1
1629752400,15331,15339.6,15328.3,15337
1629766800,15337.1,15341.4,15327.9,15331.8
1629781200,15331.7,15389.8,15328.4,15379.2
1629795600,15379.1,15386.5,15315.2,15330
1629810000,15330.1,15386.5,15318.7,15347.4
1629824400,15347.1,15378.1,15340.9,15368.2
1629838800,15369.1,15374.4,15357,15362.9
1629853200,15362.8,15369.9,15352.6,15353.1
1629867600,15353.2,15395.2,15352.3,15385.8
1629882000,15385.8,15386.2,15339.3,15371.5
1629896400,15371.4,15402.5,15338.9,15375.3
1629910800,15375.4,15388.9,15351.9,15372.6
1629925200,15372.4,15372.4,15346.3,15353.7
1629939600,15353.6,15354.2,15323.7,15332.7
1629954000,15332.6,15351.7,15301.1,15335.5
1629968400,15335.6,15360,15321.5,15332.4
1629982800,15332.5,15369.8,15260.7,15338.4
1629997200,15338.3,15342.2,15268.5,15292.2
1630011600,15289.8,15296.8,15270.9,15284.2
1630026000,15284.3,15338.2,15282.5,15332.7
1630040400,15332.8,15342.1,15316.8,15328.2
1630054800,15328.3,15338.4,15314,15333
1630069200,15332.9,15431.6,15285.5,15422.6
1630083600,15422.5,15449.1,15420.9,15433.3
1630274400,15438.1,15461.1,15425.3,15434.4
1630288800,15434.5,15449.7,15432,15443.4
1630303200,15443.5,15457.2,15436.5,15452.5
1630317600,15452.6,15535.2,15442.8,15534.3
1630332000,15534.5,15618,15524.6,15617.4
1630346400,15617.5,15622.3,15598.8,15611.4
1630357200,15607.8,15615.5,15594.4,15596.8
1630371600,15596.9,15650,15593.8,15646.8
1630386000,15647,15681.6,15644.1,15656.4
1630400400,15656.6,15658.1,15567.2,15589.9
1630414800,15589.8,15618.9,15520.4,15600.6
1630429200,15600.7,15608,15567.6,15603.6
1630443600,15601.6,15606.3,15583.8,15586.3
1630458000,15586.2,15622.3,15582,15617.9
1630472400,15617.8,15651.8,15608.7,15611.9
1630486800,15612.1,15650.6,15589.9,15638
1630501200,15638.1,15702,15624.7,15682.2
1630515600,15682.4,15691.2,15606.4,15614.1
1630530000,15615,15633.7,15602.7,15613.8
1630544400,15613.6,15627.1,15607.7,15613.1
1630558800,15613,15650.3,15606.5,15647.4
1630573200,15647.4,15663.8,15638.3,15659.4
1630587600,15659.5,15683.6,15604.6,15622
1630602000,15621.9,15627.9,15553.6,15601.8
1630616400,15599,15620.9,15597.7,15615.6
1630630800,15615.7,15633.7,15601.2,15626.2
1630645200,15626.1,15631.4,15609.1,15613.1
1630659600,15613.2,15680.2,15570.1,15609.3
1630674000,15609.6,15669.8,15554.6,15648.3
1630688400,15648.3,15671.8,15642.5,15656.3
1630879200,15662.7,15664.9,15643.6,15655.9
1630893600,15656.1,15685.8,15651.6,15678.1
1630908000,15677.9,15709.8,15677.5,15693.6
1630922400,15693.7,15703.5,15686.8,15703.4
1630936800,15703.8,15705.9,15703.5,15705.3
1630962000,15699.3,15700.1,15686,15687.3
1630976400,15687.4,15689.1,15670.8,15675.8
1630990800,15676,15694.4,15647.5,15665
1631005200,15665.1,15669.1,15622.2,15650.3
1631019600,15650.4,15702.2,15607.7,15692.1
1631034000,15692.2,15701.4,15657.2,15672.3
1631048400,15673.8,15687.2,15659.3,15685.5
1631062800,15685.6,15691.7,15670.3,15675.7
1631077200,15675.6,15686.1,15606.1,15637.2
1631091600,15637.4,15679.8,15634.5,15670.5
1631106000,15670.3,15672.6,15522.1,15577.7
1631120400,15577.7,15626.4,15576.7,15609.9
1631134800,15611.3,15611.8,15583.1,15588
1631149200,15587.9,15602.2,15570.9,15575.7
1631163600,15575.6,15593.1,15547.2,15577
1631178000,15576.9,15634.3,15572.1,15621.9
1631192400,15621.7,15676.2,15611.6,15619.3
1631206800,15619.4,15638.1,15546,15562.7
1631221200,15566.9,15580.1,15554,15569.2
1631235600,15569.1,15597.9,15556.7,15593
1631250000,15593.1,15628.2,15584.9,15620.9
1631264400,15620.8,15641,15611.6,15628.2
1631278800,15628.2,15670.5,15531.1,15592.6
1631293200,15592.5,15609.4,15436.8,15450
1631484000,15463.8,15499.8,15442.8,15445.3
1631498400,15445.1,15465.8,15417.6,15456.9
1631512800,15457.1,15515.5,15455.9,15509.8
1631527200,15509.7,15570.6,15441.7,15452
1631541600,15452.1,15462.3,15360.6,15397.5
1631556000,15397.3,15467,15359.3,15461.4
1631566800,15457.2,15469.3,15448.2,15456.3
1631581200,15456.2,15477.2,15453.7,15465.2
1631595600,15465.3,15473.7,15405.6,15449.2
1631610000,15449.4,15512.1,15409.2,15496.5
1631624400,15496.4,15538.2,15401.1,15438
1631638800,15438.1,15447.8,15360.6,15405
1631653200,15407.5,15431.2,15398.9,15417.6
1631667600,15417.8,15427.8,15385.3,15425.8
1631682000,15425.8,15445.5,15402.8,15442.1
1631696400,15442.3,15448.2,15405.1,15425.7
1631710800,15425.5,15460.8,15324.1,15455.9
1631725200,15456,15531.2,15451.4,15525.5
1631739600,15523,15526.9,15511.7,15521.6
1631754000,15521.6,15537.6,15494.9,15501.6
1631768400,15501.5,15517.9,15483.5,15491.8
1631782800,15491.9,15495.8,15452.2,15477.4
1631797200,15477.5,15491.5,15378.3,15449.8
1631811600,15449.9,15551.7,15435.6,15516.7
1631826000,15519.2,15520.3,15492.9,15500.1
1631840400,15500.2,15542.3,15484.5,15540.3
1631854800,15540.6,15547.7,15513.7,15525.7
1631869200,15525.6,15532.7,15478.5,15520.4
1631883600,15520.3,15525.4,15309.2,15366.1
1631898000,15366.2,15367.2,15295.8,15302.4
1632088800,15321.3,15357.7,15309.8,15314.4
1632103200,15314.2,15317.3,15225.2,15273.6
1632117600,15273.1,15279,15153.5,15171.6
1632132000,15171.4,15197,15055.5,15127
1632146400,15127.1,15131,14903.8,14945.2
1632160800,14945.5,15035.3,14827.2,15011.6
1632171600,15021.3,15083.6,15000.2,15057.3
1632186000,15057.5,15106.8,15030.5,15104.9
1632200400,15104.8,15181.1,15068.2,15156.5
1632214800,15156.5,15164.1,15093.4,15096
1632229200,15096,15149.7,14992.9,15076.8
1632243600,15076.7,15121.4,14981.8,15011.2
1632258000,15015.1,15020.8,14948.7,14974.2
1632272400,14974.3,15088.6,14960.6,15057.6
1632286800,15057.7,15116.2,15054.8,15101.6
1632301200,15101.5,15112.1,15073.2,15104.1
1632315600,15104.2,15221.9,15033.5,15171.2
1632330000,15171.3,15244.9,15106.7,15197.8
1632344400,15199.6,15221.1,15195,15216.8
1632358800,15217,15235.8,15197.9,15212.6
1632373200,15212.4,15294,15196.7,15291.8
1632387600,15291.8,15324.8,15224.6,15226.5
1632402000,15226.3,15357.3,15194.4,15318.9
1632416400,15318.8,15365.5,15306.1,15315.9
1632430800,15324,15351.4,15314.7,15334.8
1632445200,15334.9,15341.9,15296.7,15310.4
1632459600,15310.2,15314.9,15224.6,15264.1
1632474000,15264.1,15269.6,15192.3,15207.6
1632488400,15207.5,15310.5,15200.8,15303.9
1632502800,15303.9,15352.8,15278,15336.5
1632693600,15345,15416.2,15319.8,15408.8
1632708000,15409,15413.1,15380.3,15412.5
1632722400,15412.7,15417.6,15290.5,15292.8
1632736800,15292.7,15306.9,15102.6,15141.6
1632751200,15141.5,15241.3,15119.2,15218.5
1632765600,15218.6,15249.2,15189.6,15190.2
1632776400,15198.4,15204.8,15151.3,15162.6
1632790800,15162.7,15210.4,15153.9,15189.9
1632805200,15189.8,15210.4,14980.7,15032
1632819600,15032.4,15049.1,14943.2,14983.1
1632834000,14982.9,15047.3,14766.6,14776.9
1632848400,14776.8,14893.1,14759.8,14786.4
1632862800,14796.6,14868.6,14778.3,14846.9
1632877200,14847.1,14884.1,14792.1,14875.1
1632891600,14875,14944.1,14838.8,14917.1
1632906000,14917.2,14937.8,14845.3,14863.9
1632920400,14864,14924.6,14743.9,14784.7
1632934800,14784.8,14871,14730.2,14782.1
1632949200,14796.6,14835.3,14772.9,14829.4
1632963600,14829.6,14865.6,14800.7,14865.3
1632978000,14865,14901.4,14833.4,14863.7
1632992400,14863.8,14870.8,14802.5,14822
1633006800,14821.7,14897.2,14700.5,14736.3
1633021200,14736.2,14846.3,14689.1,14710.3
1633035600,14723.7,14749.8,14699.1,14699.7
1633050000,14699.8,14709.2,14592.2,14621.8
1633064400,14621.6,14662.6,14570.7,14612.4
1633078800,14612.3,14761,14612.2,14720.8
1633093200,14720.5,14753,14555.5,14680.9
1633107600,14681.1,14834.9,14665.2,14793.1
1633298400,14812.6,14850.6,14722.3,14741
1633312800,14740.8,14767.6,14708.3,14721.4
1633327200,14721.5,14734.1,14649.8,14714.3
1633341600,14714.5,14751.9,14583.8,14615.1
1633356000,14611.6,14625.3,14383.6,14415.5
1633370400,14415.7,14511.7,14411.6,14503.7
1633381200,14510.6,14524.5,14440.1,14445.6
1633395600,14445.5,14533.4,14425.4,14516.1
1633410000,14515.9,14553.3,14467.5,14544.7
1633424400,14544.9,14563.5,14509.5,14533.1
1633438800,14532.9,14746.8,14510.6,14737.4
1633453200,14737.4,14768.4,14660.1,14676.1
1633467600,14678.7,14689,14648.4,14668.7
1633482000,14668.6,14673.8,14565,14591.5
1633496400,14591.4,14614,14475.5,14481.5
1633510800,14481.3,14540.4,14438.1,14522.4
1633525200,14522.2,14702.1,14499.1,14616.6
1633539600,14616.4,14783.8,14582.9,14780.8
1633554000,14788.9,14853,14785.5,14834.6
1633568400,14834.5,14902.5,14825.3,14858.7
1633582800,14858.5,14925.3,14847.3,14913.7
1633597200,14913.9,14965.7,14896.4,14928.3
1633611600,14928.1,15015.4,14874,15000.6
1633626000,15000.7,15000.8,14883.3,14905.2
1633640400,14911.2,14940.8,14890.8,14934
1633654800,14934.1,14949.9,14889.5,14893
1633669200,14892.8,14928.1,14850.3,14859.4
1633683600,14859.6,15010.1,14854.3,14982.4
1633698000,14982.6,14987.4,14824,14847.6
1633712400,14847.3,14885.2,14805.7,14819.6
1633903200,14839.5,14844.1,14719.3,14770.3
1633917600,14770.5,14807.1,14740.5,14805.3
1633932000,14805.5,14814.5,14735.1,14764.2
1633946400,14764.3,14875.7,14696.7,14874.6
1633960800,14874.6,14912.2,14773.4,14797.9
1633975200,14798,14831.3,14692,14700
1633986000,14707.5,14709.7,14631,14644.2
1634000400,14644.1,14667.5,14612.1,14652.2
1634014800,14652.1,14719.5,14602.2,14712.3
1634029200,14712.1,14798.2,14712.1,14760.1
1634043600,14760.2,14793.9,14648.2,14674.9
1634058000,14674.8,14735.2,14601.2,14613
1634072400,14611.1,14660.5,14607.9,14652.2
1634086800,14652.3,14656,14613.9,14654.7
1634101200,14654.9,14745,14606.9,14725.8
1634115600,14725.7,14759.7,14664.1,14696.8
1634130000,14696.7,14793.4,14676,14719.9
1634144400,14720,14810,14717.3,14782.8
1634158800,14791.2,14851.2,14786.6,14838.4
1634173200,14838.3,14843.4,14822.4,14837.1
1634187600,14837.3,14910.1,14831.8,14903.2
1634202000,14903.1,14963,14884.4,14935.6
1634216400,14935.7,15058.5,14905.8,15053.2
1634230800,15053.3,15086.6,15027,15081.1
1634245200,15075.1,15092.4,15046.4,15059.3
1634259600,15059.4,15118.4,15036.2,15115.4
1634274000,15115.6,15127.5,15051.7,15090.3
1634288400,15090.3,15121.3,15073.6,15099.3
1634302800,15099.5,15136.1,15061.6,15112.6
1634317200,15112.7,15160.3,15092.5,15160
1634508000,15177.1,15177.7,15092.1,15119.9
1634522400,15119.8,15127,15098.5,15103.7
1634536800,15103.9,15109.9,15054.1,15086.1
1634551200,15086.2,15162.9,15061,15152.9
1634565600,15153.3,15267,15141.1,15262.3
1634580000,15262.5,15312.4,15255.5,15304
1634590800,15304.1,15331.8,15284.9,15307.2
1634605200,15307.1,15323,15291,15303.2
1634619600,15303.1,15355.6,15296.5,15341.9
1634634000,15341.8,15383.4,15333.3,15344.3
1634648400,15344.4,15410.2,15317.8,15408.3
1634662800,15408.4,15444,15378.3,15426.5
1634677200,15421.5,15430.6,15391.8,15393.9
1634691600,15394.2,15405.4,15382.1,15396.6
1634706000,15396.8,15427.1,15383.8,15406.6
1634720400,15406.5,15436.6,15400.5,15428.6
1634734800,15428.4,15461.7,15394.7,15407.5
1634749200,15407.3,15411.7,15335,15372.7
1634763600,15375,15379.6,15346.5,15355.7
1634778000,15355.6,15382.5,15339,15347.4
1634792400,15347.5,15375,15316.8,15357.6
1634806800,15357.7,15377,15329.3,15353.9
1634821200,15354,15461.3,15350.1,15451.1
1634835600,15450.9,15499.5,15384.1,15396.5
1634850000,15395.1,15435.1,15390.9,15422.8
1634864400,15422.6,15434.4,15404.1,15417
1634878800,15416.8,15450.2,15406.6,15442.8
1634893200,15443,15475.1,15434.1,15452
1634907600,15451.8,15479.2,15289.6,15356
1634922000,15355.8,15399.2,15327.1,15339.5
1635112800,15334.4,15353.6,15311.6,15346.4
1635127200,15346.3,15381.4,15337.8,15379.1
1635141600,15378.9,15407.1,15370.6,15389
1635156000,15389.1,15448,15338.1,15406.6
1635170400,15406.3,15522.5,15393.1,15505.8
1635184800,15505.9,15561.2,15467.9,15558.9
1635195600,15545.5,15589.5,15540.1,15583.3
1635210000,15583.4,15599,15577.5,15591
1635224400,15591,15627.8,15582.9,15613.5
1635238800,15613.2,15618.8,15591.3,15602.8
1635253200,15602.7,15716.4,15518.7,15552.3
1635267600,15552.2,15609.4,15533.5,15538.1
1635282000,15550.1,15587.5,15545.7,15550.6
1635296400,15550.5,15564.3,15536.6,15563.7
1635310800,15563.4,15608.5,15562.9,15569.3
1635325200,15569.3,15590.3,15523.3,15580.8
1635339600,15580.8,15701.8,15574.8,15693
1635354000,15692.8,15733.4,15597.6,15608.4
1635368400,15616,15646.1,15613.9,15635.8
1635382800,15636,15642.2,15612.1,15637.6
1635397200,15637.3,15679.6,15607.5,15675
1635411600,15674.9,15704.7,15653.6,15680.7
1635426000,15680.8,15769,15651.3,15716.1
1635440400,15716.6,15791.8,15641.3,15686.6
1635454800,15697.9,15706.8,15670.8,15674.8
1635469200,15674.9,15691.2,15655.8,15665.1
1635483600,15665.2,15676.2,15632.8,15650.7
1635498000,15646.8,15669.2,15610,15639.8
1635512400,15639.6,15808.5,15629.8,15798.5
1635526800,15798.3,15879.1,15773.4,15878.2
1635717600,15898.8,15923.7,15870,15892.5
1635732000,15892.3,15906.2,15884.4,15895.5
1635746400,15895.6,15927.6,15873.1,15913.7
1635760800,15913.8,15929.4,15812.7,15819.5
1635775200,15819.1,15886.5,15783.6,15834.3
1635789600,15834.1,15913.5,15804.1,15903.1
1635800400,15900.1,15908.6,15882,15892.1
1635814800,15892.2,15902.4,15864.3,15884.1
1635829200,15884,15911.3,15876.5,15877.6
1635843600,15877.8,15899.5,15866.4,15882.8
1635858000,15882.7,15994.8,15879.1,15968.1
1635872400,15968.2,15992.9,15920.3,15973.3
1635886800,15966.3,15971.4,15952.6,15969
1635901200,15969.2,15991.4,15968.5,15974.9
1635915600,15975,15992.6,15966,15984.4
1635930000,15984.6,16003.6,15977.2,15992.5
1635944400,15992.6,16012,15950.5,15990.9
1635958800,15991,16160.7,15973.5,16146.7
1635973200,16146.2,16200,16145.5,16197.7
1635987600,16197.7,16197.7,16165.9,16175.2
1636002000,16175.2,16229,16171.1,16201.1
1636016400,16201.2,16218.7,16184.4,16198.3
1636030800,16198.2,16344.7,16170.2,16318
1636045200,16318.1,16389.1,16297.6,16350.7
1636059600,16342.2,16362.1,16323.2,16337.1
1636074000,16337,16356.5,16326.2,16351.6
1636088400,16351.8,16364,16312.7,16360.2
1636102800,16360.4,16434.8,16340.8,16391.6
1636117200,16391.7,16461.3,16378.3,16393.2
1636131600,16393,16398.6,16303.1,16355.6
1636326000,16320.6,16345.3,16283.4,16293.7
1636340400,16293.8,16327.7,16291.2,16304
1636354800,16304.2,16366.8,16300.2,16355.3
1636369200,16355.4,16404.6,16328.3,16349.2
1636383600,16349.3,16378.8,16313.8,16370.1
1636398000,16370,16393.8,16313.6,16335
1636408800,16329,16334,16293.9,16308.5
1636423200,16308.4,16331.6,16305,16330.3
1636437600,16330.3,16365.6,16313.3,16361.7
1636452000,16361.8,16398.5,16345.5,16386.3
1636466400,16386.3,16402.3,16195.1,16219.8
1636480800,16219.6,16243.5,16170.8,16207.6
1636495200,16203.5,16210.3,16173.7,16185
1636509600,16184.8,16186.8,16142.3,16176.3
1636524000,16176.6,16252.2,16172.7,16206.9
1636538400,16206.7,16211.5,16091.4,16114.1
1636552800,16114.2,16228.7,16051.3,16137.6
1636567200,16137,16142.5,15906.7,15994.6
1636581600,16001,16051.3,15985.5,16050.9
1636596000,16050.9,16054.5,15990.1,16027.8
1636610400,16027.9,16097.2,16007,16091.7
1636624800,16091.8,16123.3,16065.6,16118.3
1636639200,16118.2,16121,16033.2,16062.6
1636653600,16062.7,16088.7,16017.7,16046.7
1636668000,16049.3,16102.5,16048,16095.4
1636682400,16095.6,16098.7,16053.2,16072.8
1636696800,16073,16087.2,16041.5,16054.7
1636711200,16054.8,16080.9,16050.6,16074.2
1636725600,16074.3,16208.8,16011.4,16183.5
1636740000,16183.6,16222.2,16165.2,16210.3
1636930800,16232.5,16248.8,16221.8,16231.5
1636945200,16231.4,16243.5,16214,16230.4
1636959600,16230.7,16246.8,16217.5,16237.2
1636974000,16237.1,16284.7,16196.3,16236.6
1636988400,16236.5,16238.6,16090.9,16138.3
1637002800,16138.4,16207.1,16128.3,16203.9
1637013600,16205.5,16233.3,16186.2,16227.6
1637028000,16227.7,16229.2,16181.2,16191.7
1637042400,16192,16213.2,16174.2,16185.6
1637056800,16185.4,16222.3,16159.1,16177.8
1637071200,16177.6,16316.8,16150.8,16301.1
1637085600,16301,16331.4,16292.7,16301.4
1637100000,16305.6,16316.6,16297,16306
1637114400,16305.8,16308.3,16278.2,16296.2
1637128800,16296.3,16337.1,16288.1,16318.5
1637143200,16318.4,16334.4,16295.2,16314
1637157600,16314.2,16401.1,16274.6,16309.5
1637172000,16309.5,16354.2,16288.9,16326.8
1637186400,16332.7,16345.7,16324.7,16342.8
1637200800,16342.7,16357.8,16333.5,16350
1637215200,16350.1,16414.6,16346.8,16391.9
1637229600,16392,16413.1,16385.4,16401.7
1637244000,16401.9,16494.1,16308.7,16443
1637258400,16443.3,16512.1,16411.1,16509
1637272800,16500.9,16543.8,16494.5,16533.9
1637287200,16534.1,16594.3,16529.1,16570.5
1637301600,16570.3,16579.8,16542.4,16544.7
1637316000,16544.8,16572,16512.6,16571
1637330400,16570.8,16632.7,16520.8,16595.4
1637344800,16595.5,16613.8,16538.4,16591.8
1637535600,16616.8,16636.7,16587.1,16630.8
1637550000,16630.7,16634.3,16610.7,16620.6
1637564400,16620.8,16653.6,16614.3,16637.4
1637578800,16637.3,16742.2,16632,16725.6
1637593200,16725.7,16771.6,16455.6,16515.8
1637607600,16516,16603.3,16369.2,16403.1
1637618400,16406.6,16418.6,16371.3,16379.8
1637632800,16380.1,16381.8,16323.7,16336.8
1637647200,16337,16356.5,16278.8,16337.8
1637661600,16337.7,16382.6,16304.4,16355.7
1637676000,16355.8,16423,16145.6,16177.2
1637690400,16177.1,16322.8,16122.2,16302.6
1637704800,16307.8,16315.5,16286.8,16309.1
1637719200,16309.2,16338.3,16270.3,16337.4
1637733600,16337.3,16359.1,16256.5,16264.1
1637748000,16264,16298,16188.3,16197.6
1637762400,16197.4,16341.1,16105.7,16319.6
1637776800,16319.4,16371.8,16254.8,16358.3
1637791200,16361,16383.2,16355.9,16369.8
1637805600,16370.1,16417.4,16367.6,16416.5
1637820000,16416.3,16438.9,16410.3,16419.1
1637834400,16419,16422.8,16379.2,16392
1637848800,16391.8,16420.6,16373.7,16409
1637863200,16409,16409,16409,16409
1637877600,16415.6,16416.9,16305.2,16325.3
1637892000,16325.1,16328.1,16259.1,16300.5
1637906400,16300.4,16311.2,16126.8,16160.7
1637920800,16160.8,16260.5,16157.1,16195.5
1637935200,16195.6,16311.1,15993.3,16043.6
1637949600,16041.9,16071.7,16033.5,16046
1638140400,16095.4,16254.3,16068.8,16238.2
1638154800,16238.6,16256.3,16196.6,16252.6
1638169200,16253,16256.4,16170.3,16216.6
1638183600,16216.8,16310,16179,16302.1
1638198000,16301.8,16422.6,16230.7,16416.9
1638212400,16416.8,16441.1,16379.7,16417.6
1638223200,16420.5,16444,16418.6,16427.4
1638237600,16427.6,16430.2,16288.5,16309.4
1638252000,16309.6,16347.7,16242,16324.5
1638266400,16324.6,16362.1,16283.8,16361.6
1638280800,16361.2,16459.7,16073.2,16125.2
1638295200,16127.9,16242.7,16105.2,16241.9
1638309600,16258.5,16276.2,16185.2,16268.3
1638324000,16268.2,16381.2,16265.7,16367.8
1638338400,16367.7,16405.9,16305.2,16382.3
1638352800,16382.2,16401.6,16340.5,16348.5
1638367200,16348.7,16430,16236.6,16245.7
1638381600,16245.9,16283.6,15829.7,15862.6
1638396000,15909.2,15981.9,15869.1,15977.2
1638410400,15977.1,15988.4,15932.9,15952.1
1638424800,15951.8,15993.9,15905.8,15947.7
1638439200,15947.9,15953.7,15792.5,15834.6
1638453600,15834.5,16061.6,15764.2,15998.2
1638468000,15998.1,16066.7,15923.3,16015.6
1638482400,16019.8,16028.3,15863.9,15902.7
1638496800,15902.6,16005.1,15886.3,15995.2
1638511200,15995.4,16019,15928.4,15953.4
1638525600,15953.1,16123.6,15914.7,16049.2
1638540000,16049.4,16092.1,15564.8,15634.5
1638554400,15634.2,15744.6,15541.6,15690.3
1638745200,15695.7,15754,15674.7,15741.1
1638759600,15741.3,15775.4,15724.3,15747.7
1638774000,15748.1,15809.6,15592.8,15601.3
1638788400,15601.5,15761.6,15560.2,15668.1
1638802800,15668.5,15883.4,15602.1,15872.1
1638817200,15872.1,15898.3,15825.8,15850.4
1638828000,15857.5,15885.5,15825.5,15870.7
1638842400,15870.7,15959.3,15846.3,15957.1
1638856800,15957,16134.8,15939.1,16109
1638871200,16108.9,16168.1,16105,16122.3
1638885600,16122.1,16337.3,16098.9,16332
1638900000,16332.1,16375.1,16243,16366.9
1638914400,16360.9,16392.2,16328.8,16370.3
1638928800,16370.7,16418.6,16369.2,16405.2
1638943200,16405.1,16412,16357.6,16374.7
1638957600,16374.5,16436.3,16319.3,16334.4
1638972000,16334.2,16357.8,16253.5,16320.8
1638986400,16320.9,16398.9,16314.3,16383.1
1639000800,16382.9,16395.3,16373,16387.4
1639015200,16387.3,16420.8,16357.5,16369.1
1639029600,16368.7,16399.3,16347.3,16357.5
1639044000,16357.7,16359.1,16303.8,16325
1639058400,16324.8,16415.3,16254.9,16303.2
1639072800,16303.1,16304.5,16121.1,16155.6
1639087200,16162.6,16188.1,16145,16183
1639101600,16183.2,16192.6,16145.2,16148.2
1639116000,16148.3,16206.3,16145.3,16205.6
1639130400,16205.8,16317.8,16175.9,16290
1639144800,16290.1,16336.7,16146.5,16277.3
1639159200,16277.2,16353.3,16241.2,16340
1639350000,16354.5,16423.2,16353.2,16406.9
1639364400,16407,16413.1,16387.4,16400.1
1639378800,16400.1,16420.8,16363,16411.5
1639393200,16411.7,16429.5,16272.2,16292
1639407600,16292.1,16330.1,16128.8,16176.3
1639422000,16176.2,16225.8,16081.3,16110
1639432800,16109,16127.1,16098.5,16116.1
1639447200,16116.2,16121.8,16090.8,16113.9
1639461600,16113.8,16148.6,15979.1,15980.2
1639476000,15980.3,16039.8,15907,15926.6
1639490400,15926.4,16014.2,15750.7,15781.1
1639504800,15780.9,15981.4,15767.2,15944.7
1639519200,15947.7,15962.7,15910,15939.2
1639533600,15939.1,15969.3,15922.2,15963.6
1639548000,15963.7,15978,15864.8,15893.9
1639562400,15893.8,15984.1,15873,15919
1639576800,15918.8,15944,15756.2,15812.7
1639591200,15812.6,16315.3,15766.6,16300.8
1639605600,16305.5,16352.2,16292.2,16297.5
1639620000,16297.6,16370.9,16297.1,16368.5
1639634400,16368.2,16447.7,16365.1,16399.8
1639648800,16399.6,16472.9,16339.5,16359.6
1639663200,16359.7,16360.5,15916.6,15918.1
1639677600,15918.2,15994.5,15808.8,15895.8
1639692000,15885.8,15913.5,15827.6,15904.5
1639706400,15904.6,15907.8,15781.6,15848.2
1639720800,15848.4,15889.6,15693.3,15782.7
1639735200,15782.8,15790.1,15678.3,15746.1
1639749600,15746,15973.6,15667.9,15832.6
1639764000,15832.3,15933.5,15780.3,15844.3
1639954800,15834.8,15867.7,15604.9,15627.9
1639969200,15628.1,15655.3,15579.1,15620.2
1639983600,15621.1,15628,15519.9,15583.3
1639998000,15583.5,15674.8,15550.7,15647.6
1640012400,15647.1,15659.9,15509.1,15584
1640026800,15583.8,15707.8,15572.2,15689.8
1640037600,15694.7,15775.3,15689.7,15769.1
1640052000,15769.3,15801.1,15734.4,15798.3
1640066400,15798.2,15841.1,15738.7,15743
1640080800,15743.1,15834.2,15731,15816.4
1640095200,15816.2,15881.6,15619.6,15879
1640109600,15879.1,16001,15860.7,15988.6
1640124000,15993,15994,15953.7,15957.8
1640138400,15957.9,15965.2,15935.3,15958.6
1640152800,15958.5,15990,15895.9,15932
1640167200,15931.7,15999,15923.2,15950.4
1640181600,15950.5,16154.4,15940.1,16128.8
1640196000,16128.9,16196.8,16052.4,16193
1640210400,16198,16208.8,16177.1,16182.1
1640224800,16182.2,16199.2,16179.7,16192.5
1640239200,16192.7,16204.1,16159.9,16193.4
1640253600,16193.4,16234.5,16184.3,16207.2
1640268000,16207.3,16337,16190.5,16332.8
1640282400,16333,16369.1,16299.5,16316.3
1640559600,16345.7,16377,16335.7,16357.3
1640574000,16357.2,16363.5,16327.6,16343
1640588400,16342.8,16363.1,16318.5,16353.6
1640602800,16353.9,16461.7,16346.1,16449.3
1640617200,16449.4,16563.1,16442.8,16562.9
1640631600,16562.7,16593.9,16529.8,16583.7
1640642400,16582.6,16585.1,16546.8,16562.7
1640656800,16562.4,16576.5,16548.9,16576.4
1640671200,16576.5,16652.6,16555.9,16652
1640685600,16652.1,16672.7,16621.4,16624.7
1640700000,16625,16628.5,16481.2,16514.8
1640714400,16514.7,16542.5,16467.1,16525.6
1640728800,16533.7,16566.5,16516.2,16520.1
1640743200,16520.3,16568.2,16512.3,16562.5
1640757600,16562.8,16577.8,16542.6,16564.2
1640772000,16564.3,16570.5,16483.8,16499.9
1640786400,16500.1,16562.8,16401.4,16454
1640800800,16454.1,16538.3,16451,16494.7
1640815200,16502,16504.4,16455.2,16496.3
1640829600,16496.2,16505.6,16484.6,16484.9
1640844000,16484.8,16552.6,16482.6,16546.1
1640858400,16546.3,16555.4,16513.8,16522.5
1640872800,16522.8,16580.7,16463,16559.4
1640887200,16559.5,16562.7,16425.4,16443.3
1640901600,16453.4,16458,16364.4,16434
1640916000,16433.8,16435.7,16392.1,16429.3
1640930400,16429.2,16445.6,16410.6,16425.3
1640944800,16425.1,16451.4,16383.7,16440.9
1640959200,16441.1,16476.7,16360.7,16400.4
1640973600,16400.3,16409.8,16327.2,16344.8
1641164400,16395.5,16440.9,16383,16429.6
1641178800,16429.4,16431.5,16397.1,16411.3
1641193200,16411.4,16442.2,16396.3,16440.3
1641207600,16440.1,16497.5,16305.3,16330.1
1641222000,16330.3,16480,16318.6,16472.7
1641236400,16472.8,16520.9,16462.7,16508.2
1641247200,16514.2,16519.1,16487.3,16496.4
1641261600,16496.6,16548.3,16494.7,16544.4
1641276000,16544.7,16552.1,16495.1,16529.4
1641290400,16529.6,16574.4,16501.6,16533.7
1641304800,16533.9,16537.5,16173.2,16192.4
1641319200,16192.3,16333.9,16150.8,16271.2
1641333600,16273.4,16279,16208,16216.2
1641348000,16216.3,16231.6,16185.9,16193.7
1641362400,16193.6,16255.6,16182.2,16243.4
1641376800,16243.3,16270.4,16193.6,16232.9
1641391200,16233.1,16257.1,16056.3,16061.6
1641405600,16061.5,16138,15763.2,15764.5
1641420000,15775.2,15824.2,15721.7,15809.5
1641434400,15809.6,15811.1,15632,15690.5
1641448800,15690.6,15792.5,15653.8,15745.7
1641463200,15746,15778.7,15671.8,15703.3
1641477600,15703.6,15905.4,15609.1,15831.1
1641492000,15831.3,15876.8,15729.2,15802.8
1641506400,15821.7,15862.8,15811.3,15838.7
1641520800,15838.6,15838.6,15770.7,15795.7
1641535200,15795.5,15810.9,15676.9,15761.2
1641549600,15761.2,15835.2,15634.7,15687.5
1641564000,15687.1,15837.9,15520.3,15647
1641578400,15647.3,15680.2,15566.3,15581.6
1641769200,15612,15633.7,15525.5,15611.8
1641783600,15611.9,15656.4,15596.4,15648.5
1641798000,15648.2,15679,15530.2,15551
1641812400,15551.2,15564.5,15252.5,15269.4
1641826800,15274.7,15438.9,15163.1,15419
1641841200,15419.1,15633.1,15414,15627.5
1641852000,15628.4,15652.6,15583.8,15594.6
1641866400,15594.7,15649.4,15590.5,15610.6
1641880800,15610.8,15735.8,15574.6,15720.5
1641895200,15720.5,15743.9,15607.2,15609
1641909600,15609.1,15840.7,15485.5,15780.6
1641924000,15780.7,15848.3,15740.5,15834.7
1641938400,15840.3,15856.1,15815.8,15827.8
1641952800,15828,15898.3,15827.1,15896.8
1641967200,15896.8,15907.6,15775.7,15871
1641981600,15871.1,15987.3,15847.3,15982.7
1641996000,15982.6,16021.6,15810.2,15957.3
1642010400,15957.4,15960.5,15867.3,15908.8
1642024800,15906.9,15910.3,15832.5,15835.3
1642039200,15835.5,15867.5,15833.6,15846.7
1642053600,15846.6,15931.1,15843.5,15906
1642068000,15905.7,15966.2,15887.9,15953.4
1642082400,15953.5,15991.8,15608.6,15651
1642096800,15649.3,15727.8,15474.9,15515.6
1642111200,15523.5,15529.7,15465.9,15480
1642125600,15480.1,15529.5,15428.7,15527.6
1642140000,15527.2,15568,15485.7,15529.6
1642154400,15529.8,15530.9,15325.7,15369.3
1642168800,15369.5,15612.7,15353.5,15454.2
1642183200,15454,15631.9,15418.3,15630.4
1642374000,15643.5,15651.3,15520.8,15539.8
1642388400,15539.6,15577.2,15528.6,15565.8
1642402800,15565.7,15649.2,15545.9,15625.6
1642417200,15620.3,15642.6,15561,15589.7
1642431600,15589.6,15608.9,15556.2,15571.1
1642456800,15596.4,15615.9,15584.3,15603.1
1642471200,15602.9,15604.5,15420.3,15440.8
1642485600,15441,15472.5,15284,15323
1642500000,15322.8,15397.6,15305.3,15386.2
1642514400,15386.4,15445.8,15261.6,15267.6
1642528800,15267.5,15341.2,15183,15251.6
1642543200,15257.5,15260.3,15170.1,15181.1
1642557600,15181.2,15220.1,15064.2,15090.9
1642572000,15090.8,15280,15068.7,15273.9
1642586400,15274,15335,15235.6,15327.4
1642600800,15327.2,15381.8,15117.2,15323.4
1642615200,15323.5,15328.2,15023.4,15048.1
1642629600,15059.6,15085,15006.1,15067
1642644000,15067.3,15144.4,15066.1,15117.3
1642658400,15117.1,15175.5,15057.5,15143.5
1642672800,15143.2,15217.8,15124.3,15200
1642687200,15199.9,15352,15173.2,15257
1642701600,15256.9,15256.9,14658.7,14735.9
1642716000,14743.4,14770.4,14648,14733.5
1642730400,14733.3,14755.4,14615.2,14711.6
1642744800,14711.8,14805.2,14683.3,14794.1
1642759200,14794.2,14828.7,14692.3,14727.1
1642773600,14727.5,14870.9,14546.3,14655.3
1642788000,14655.4,14713.1,14419.3,14420.8
1642978800,14417.2,14591.6,14399.6,14540.7
1642993200,14540.8,14571.1,14539.2,14548.2
1643007600,14548.8,14585.7,14303.2,14351.5
1643022000,14351.3,14423.3,14065.2,14109.2
1643036400,14110,14192.7,13718.7,14188.2
1643050800,14188,14538.5,13987.4,14516.3
1643061600,14499.7,14512.8,14307.8,14360.6
1643076000,14360.3,14365.9,14215.6,14326.3
1643090400,14326.3,14391.5,14166,14363.5
1643104800,14363.4,14384.9,14143.1,14219.8
1643119200,14219.2,14315.7,14026.7,14105.7
1643133600,14105.9,14413.2,13904.1,13936
1643148000,13984.4,14266.4,13983.3,14215.2
1643162400,14215,14260.9,14195.2,14235.1
1643176800,14234.9,14456.4,14165.5,14417.3
1643191200,14417.3,14520.6,14380.5,14479.2
1643205600,14479.9,14562.7,14341.7,14549.7
1643220000,14550.1,14653.3,13991.6,14165.7
1643234400,14210.8,14297.2,13993.2,14006.9
1643248800,14006.8,14006.8,13860.2,13950
1643263200,13949.6,14245.9,13897.7,14225.7
1643277600,14226,14320.2,14090.4,14311.4
1643292000,14311,14423.6,14091.4,14161.1
1643306400,14160.3,14187.4,13962.4,14126.9
1643320800,14174.2,14189,14065,14121.4
1643335200,14121.6,14195.1,14098.8,14162.3
1643349600,14162.1,14182.7,14024.2,14071.7
1643364000,14071.8,14073.4,13844.8,14025.6
1643378400,14025.7,14323.8,13873.6,14208
1643392800,14207.9,14454.8,14074.2,14442
1643583600,14464.2,14497.7,14367.2,14488.7
1643598000,14488.8,14515.6,14469.7,14482.8
1643612400,14481.8,14559.8,14438.3,14511.9
1643626800,14511.9,14647.9,14412.8,14643.3
1643641200,14643.4,14800.2,14641.4,14789.1
1643655600,14789.5,14929,14729.2,14879.6
1643666400,14889.5,14898.9,14835.8,14842.9
1643680800,14843.1,14897.3,14832.3,14893.8
1643695200,14893.7,14978.8,14860.8,14896.5
1643709600,14896.5,14973.6,14874.1,14964.1
1643724000,14964,14973.5,14743.5,14918.4
1643738400,14918.1,15151,14835.7,15129.1
1643752800,15135.9,15164.3,15120.1,15154.3
1643767200,15154.4,15199.9,15145.9,15184.7
1643781600,15184.6,15268.6,15171.6,15261.5
1643796000,15261.9,15275.7,15183.7,15187.6
1643810400,15187.7,15197.2,14957,15134.4
1643824800,15134.4,15167.3,14841.6,14877.5
1643839200,14864.7,14880.6,14771.7,14784.2
1643853600,14783.8,14814.2,14767.1,14800.5
1643868000,14800.7,14885,14787.7,14802.3
1643882400,14803,14843.1,14708.2,14715.5
1643896800,14715.7,14857.6,14645.1,14683
1643911200,14683.2,14828.2,14472.4,14818.7
1643925600,14764.7,14798.3,14711.5,14723.3
1643940000,14723.4,14819.9,14723.4,14815.3
1643954400,14815.3,14836.9,14691.5,14696.7
1643968800,14696.5,14708.8,14425,14428.8
1643983200,14428.6,14677.8,14374.1,14664.1
1643997600,14664.1,14831.1,14640.2,14656
1644188400,14675.3,14729.9,14613.6,14623
1644202800,14623.2,14728.4,14622.7,14723.4
1644217200,14723.3,14756.6,14629.2,14664.7
1644231600,14664.3,14818.5,14655,14793
1644246000,14793.1,14802.4,14568,14679.9
1644260400,14679.7,14739.3,14524.1,14612.4
1644271200,14610.4,14634.7,14577.5,14585.7
1644285600,14586,14613.8,14549.6,14567.7
1644300000,14567.6,14630.8,14552.2,14581.6
1644314400,14581.8,14598.5,14496.9,14540.6
1644328800,14540,14771.3,14480.7,14737.1
1644343200,14737.2,14788.7,14628.8,14759
1644357600,14762.6,14799.8,14753.8,14779.2
1644372000,14779.6,14832.5,14765,14813.4
1644386400,14813.5,14877,14770.8,14855.4
1644400800,14855.8,14959.2,14850.9,14931.1
1644415200,14930.9,15000.1,14865.9,14997.6
1644429600,14997.4,15080.5,14960.1,15065
1644444000,15063.8,15068.5,14996.9,15007.3
1644458400,15007.1,15021.2,14979.2,15021
1644472800,15020.8,15050.6,14977.2,14993.7
1644487200,14994,15063.6,14807.3,14813.5
1644501600,14813.4,15040.2,14732.7,14883
1644516000,14882.9,14915.5,14632.4,14706.1
1644530400,14698.8,14722.2,14626.9,14679.7
1644544800,14679.3,14682.6,14537.8,14554.3
1644559200,14553.3,14675,14543.9,14595.4
1644573600,14595.2,14749.2,14583.2,14729.7
1644588000,14731.2,14776.1,14515.7,14520.3
1644602400,14520.2,14557.8,14190.8,14266.1
1644793200,14252.6,14287.8,14193.4,14257.2
1644807600,14257.3,14306.8,14234.5,14276.3
1644822000,14275.9,14303.9,14039.7,14108.5
1644836400,14108.3,14343.3,14071.7,14296.5
1644850800,14296.5,14403.6,14148.1,14148.5
1644865200,14148.7,14302.9,14111.2,14269.7
1644876000,14277,14320.7,14260.6,14303.1
1644890400,14303,14342.7,14233.5,14255.9
1644904800,14255.8,14542.7,14249.4,14516.3
1644919200,14516.3,14583.5,14472.5,14481.9
1644933600,14482.4,14573.4,14437.3,14477.1
1644948000,14476.7,14624.1,14471.5,14591.9
1644962400,14590.1,14598.5,14556.4,14570.3
1644976800,14570.2,14587.8,14554.5,14579.5
1644991200,14579.4,14675.6,14562.4,14611.9
1645005600,14611.8,14629.6,14523.5,14533.2
1645020000,14533,14537.8,14392.9,14420.1
1645034400,14420.4,14650.5,14399.5,14599
1645048800,14599,14626,14566.9,14583
1645063200,14582.9,14606.5,14448,14527.3
1645077600,14527.2,14590,14474.8,14504.5
1645092000,14504.4,14571.1,14452.4,14464.4
1645106400,14464.7,14508.8,14319,14354.4
1645120800,14354.3,14357.8,14139.4,14162
1645135200,14159.2,14296.8,14134.8,14279.2
1645149600,14279.2,14304.9,14252.4,14268.3
1645164000,14268.1,14293.7,14228.7,14277.1
1645178400,14277.2,14285.2,14136.3,14188.8
1645192800,14188.4,14226.6,13946,13949.5
1645207200,13949.4,14149.1,13912,13999.8
1645398000,13941.8,14091,13815.8,14068.9
1645412400,14069.1,14146.7,14009.4,14128.8
1645426800,14129.1,14164,13962.7,13983.6
1645441200,13983.8,13997.1,13780.6,13835.3
1645455600,13835.1,13878.9,13722.6,13740.2
1645480800,13647.1,13744.3,13599.5,13696.1
1645495200,13696.3,13728.4,13644.8,13703.8
1645509600,13703.8,13771.3,13619.7,13730.6
1645524000,13731.2,13972.6,13726.5,13942.9
1645538400,13942.6,14114.2,13819.1,13836.9
1645552800,13836.8,14019.3,13716.8,13926.6
1645567200,13936.9,13995.7,13919.7,13946.5
1645581600,13946.7,13994.5,13918.7,13963.4
1645596000,13963.1,14074.8,13931.7,14034.2
1645610400,14034.2,14046.7,13958.1,14026.8
1645624800,14026,14036.6,13720.4,13770.1
1645639200,13770.3,13770.9,13477.2,13492.9
1645653600,13512.9,13522.8,13362.6,13436.8
1645668000,13436.6,13449.8,13110.1,13171.9
1645682400,13172.3,13253.2,13030.5,13164.2
1645696800,13164.4,13223.2,13032,13102.8
1645711200,13102.4,13566.4,13063.1,13459.5
1645725600,13459.3,13987.5,13444,13915.2
1645740000,13905,13946.4,13822,13859.2
1645754400,13858.6,13924.7,13812.2,13860.9
1645768800,13861,13892.2,13765.5,13870.9
1645783200,13870.7,14112.2,13837,14044.7
1645797600,14044.4,14180.8,13836.7,14084.1
1645812000,14084,14201.5,14041.4,14189.7
1646002800,13742.8,13959.7,13692.4,13804.4
1646017200,13804.5,13893.2,13760.5,13867
1646031600,13867.8,14053.7,13855.8,14008.3
1646046000,14008.2,14149,13968.5,14144.4
1646060400,14128,14296,14038.5,14144.3
1646074800,14143.8,14244.9,14000.9,14224.4
1646085600,14217.4,14275.7,14192.4,14207.6
1646100000,14207.7,14228.5,14178.8,14215.5
1646114400,14215.7,14331.6,14112,14119.9
1646128800,14119.6,14215,14085.7,14186.8
1646143200,14186.8,14277.4,14003.4,14094.6
1646157600,14094.7,14123.2,13905.5,14032.1
1646172000,14021.7,14071.4,14011.2,14020.5
1646186400,14020.8,14099.9,13977.2,14072.8
1646200800,14072.2,14121.2,13916.4,14095.4
1646215200,14095.5,14147.9,14008.9,14037.4
1646229600,14036.9,14227.2,13955.7,14195.6
1646244000,14196,14297.7,14177.3,14199.9
1646258400,14195.6,14227.1,14185.5,14188.9
1646272800,14189.4,14251.3,14186.6,14241.9
1646287200,14241.7,14258,14163.8,14201.8
1646301600,14201.8,14336,14171.1,14333.9
1646316000,14333.8,14393.8,14035,14144
1646330400,14143.5,14197,13959.1,14062.8
1646344800,14062.5,14089.7,13749.4,13936
1646359200,13935.3,13956.1,13878.3,13952.2
1646373600,13952.4,14062.9,13888.5,13915.2
1646388000,13915,14012.8,13876.7,13915
1646402400,13915.2,13998,13736.4,13869.4
1646416800,13869.2,13936.4,13744.3,13803
1646607600,13707.2,13720.5,13531.4,13549.7
1646622000,13549.7,13673,13540.5,13627.3
1646636400,13626.2,13654.6,13547.7,13592.5
1646650800,13593,13881.6,13570.1,13677.3
1646665200,13676.8,13696,13462.5,13478.4
1646679600,13478.2,13524.6,13266.4,13270.9
1646690400,13273.9,13381.3,13254.5,13350.1
1646704800,13350.3,13360.3,13202.8,13205.1
1646719200,13205.6,13379.8,13105.1,13352.8
1646733600,13352.6,13423,13231.4,13293
1646748000,13292.9,13619.7,13120.4,13590.8
1646762400,13590.7,13666.8,13185.4,13197.3
1646776800,13217,13348.4,13207.8,13313.4
1646791200,13313.5,13345.3,13223.9,13287.8
1646805600,13287.7,13557.3,13285.7,13551.1
1646820000,13550.4,13610.9,13489.4,13555.1
1646834400,13555,13749.5,13497.5,13723.5
1646848800,13723.5,13822.3,13659.8,13774.9
1646863200,13763.9,13776.5,13702.7,13725.8
1646877600,13726.1,13764.7,13669.9,13709.7
1646892000,13710.4,13722.3,13588.3,13620.1
1646906400,13620.4,13647.5,13508.6,13520.1
1646920800,13519.7,13611.1,13396.5,13432.4
1646935200,13432.7,13635.4,13420.5,13572.5
1646949600,13563.3,13615.5,13500.8,13509.5
1646964000,13509.8,13568.2,13454.7,13557.2
1646978400,13556.8,13662.3,13541,13640.8
1646992800,13640.9,13860.4,13620,13734.3
1647007200,13734.3,13753.4,13402.6,13447.9
1647021600,13447.7,13517,13281.7,13302.6
1647208800,13351.3,13409.7,13335.4,13355.1
1647223200,13355.3,13361.5,13284.7,13333.7
1647237600,13333.5,13442.5,13299.3,13409.8
1647252000,13410,13411.3,13202.2,13273.2
1647266400,13272.7,13390.4,13025.6,13070.6
1647280800,13070.5,13122.4,13019,13082.6
1647291600,13086.2,13119.8,13070.5,13096.2
1647306000,13095.4,13144.1,13052.1,13124.5
1647320400,13124.8,13126.2,12960.3,12971.4
1647334800,12971.3,13187.1,12945.7,13147.4
1647349200,13147.5,13407.4,13091,13350.7
1647363600,13350.5,13489.6,13263.6,13448
1647378000,13452.8,13480.8,13421.3,13436.3
1647392400,13436.8,13479.2,13424.7,13468.2
1647406800,13468.3,13683.2,13462.4,13666.9
1647421200,13667,13723.3,13646.2,13651.8
1647435600,13651.4,13869.6,13616.2,13729.7
1647450000,13729.8,14029.5,13467.1,14001.6
1647464400,13988.8,13998,13950.8,13994
1647478800,13993.9,13997.2,13904.8,13970.6
1647493200,13971,14025.7,13920.5,13934.8
1647507600,13934.9,13944.2,13836.5,13859
1647522000,13858.7,14016.1,13822.5,13985.9
1647536400,13986,14136.2,13946.5,14056.1
1647550800,14064.6,14076.6,13984.2,13990.7
1647565200,13990.8,14003.2,13971.1,13994.3
1647579600,13993.5,14066.3,13984,14034
1647594000,14033.7,14044,13981.1,14008.4
1647608400,14008.3,14314.8,13995,14300.1
1647622800,14300.2,14444.7,14286.1,14437.7
1647813600,14419.6,14437.3,14350.6,14351
1647828000,14351.1,14381.3,14309.3,14331.6
1647842400,14331.4,14387.6,14315.5,14370.5
1647856800,14370.1,14470.1,14296.3,14305.6
1647871200,14305.8,14458.8,14188.6,14267.2
1647885600,14267.1,14403.6,14233.2,14398.5
1647896400,14390.4,14393.5,14316.8,14317.1
1647910800,14317,14353,14299,14320.2
1647925200,14320.3,14447,14306.8,14433.6
1647939600,14433.7,14453.6,14367.9,14401.6
1647954000,14401.7,14689.7,14380.2,14618.3
1647968400,14618.3,14695.1,14588.4,14659.2
1647982800,14653.2,14682.4,14635.7,14643.1
1647997200,14643.3,14679.1,14631.1,14668.1
1648011600,14667.8,14681.3,14619.8,14638
1648026000,14638.2,14644,14525.6,14534.4
1648040400,14534.5,14687,14466.3,14604.2
1648054800,14604.1,14612.8,14446.5,14468.8
1648069200,14463.3,14505.1,14460.2,14476.6
1648083600,14476.3,14529.5,14454,14520.5
1648098000,14520.3,14575.1,14508.6,14561.8
1648112400,14562.2,14577.2,14508.4,14538
1648126800,14537.8,14668.3,14439.3,14636.6
1648141200,14636.1,14774.4,14617.3,14767.7
1648155600,14769.4,14780.6,14724.3,14733.1
1648170000,14733,14819.1,14727.2,14808.1
1648184400,14808,14808.5,14700.1,14735.6
1648198800,14735.5,14844.7,14712.3,14819
1648213200,14818.8,14818.8,14577.4,14648.6
1648227600,14648.5,14763.6,14624.5,14755.4
1648418400,14753.4,14782.9,14687.1,14693.7
1648432800,14693.6,14724.3,14670.2,14679
1648447200,14679.1,14743,14664.5,14716.3
1648461600,14716.7,14916.7,14708.4,14891.5
1648476000,14891.6,14895,14705.9,14849.5
1648490400,14849.7,15001.4,14834.8,14985.9
1648501200,14979.1,14993.1,14962.1,14965.2
1648515600,14965.4,14997.2,14963.4,14979.5
1648530000,14979.6,15046.4,14968.2,15026
1648544400,15026.4,15172.8,15019.2,15166.7
1648558800,15167.4,15223.5,15038,15130.5
1648573200,15130.4,15274.9,15096,15229.4
1648587600,15230.7,15240.2,15207.3,15226.4
1648602000,15226.7,15267.6,15210.6,15219.4
1648616400,15219.2,15252.2,15152.8,15168.4
1648630800,15168.7,15200,15132.8,15164.5
1648645200,15164.5,15240.2,15102,15198.7
1648659600,15198.4,15201,15018.3,15111.4
1648674000,15108.7,15172.2,15102.3,15163.6
1648688400,15163.7,15169,15140.2,15148
1648702800,15148.1,15185.4,15124.1,15148.9
1648717200,15148.7,15151,15082.5,15111.7
1648731600,15111.9,15120.3,14972.2,14986.4
1648746000,14986.7,15070.4,14861.5,14922.5
1648760400,14917.1,14929,14881.7,14904.9
1648774800,14904.5,14942.9,14896.5,14916.9
1648789200,14917,14958.5,14907.3,14935.2
1648803600,14935,14964.9,14901.4,14903.8
1648818000,14903.7,14937.7,14738.8,14750.4
1648832400,14750.2,14876.1,14731,14856.9
1649023200,14862.7,14866.7,14807.4,14833.3
1649037600,14833.4,14896.5,14824.6,14893.5
1649052000,14893.9,14930.5,14831.3,14923.5
1649066400,14923.3,15056.3,14884.4,15053.6
1649080800,15053.4,15135.7,15013.7,15124.7
1649095200,15124.8,15179.7,15073.2,15164.4
1649106000,15161.2,15165.2,15147.6,15159.9
1649120400,15159.8,15162,15147,15156
1649134800,15155.6,15201,15140.6,15166.2
1649149200,15166.3,15169.7,15103.7,15107.8
1649163600,15107.9,15137.8,14852.4,14894.4
1649178000,14894.3,14942.3,14782.7,14863.4
1649192400,14858.1,14861,14785.5,14787.8
1649206800,14788,14813.5,14776,14799.2
1649221200,14799.3,14846.8,14711,14741.9
1649235600,14742,14749.4,14583.6,14605
1649250000,14605.1,14645,14422.9,14449.3
1649264400,14449,14654.5,14397.8,14498.2
1649278800,14507.7,14522.6,14440.6,14464.7
1649293200,14465.1,14499.5,14435.8,14454
1649307600,14453.5,14580.2,14442.3,14578.8
1649322000,14578.5,14605.9,14476.8,14483
1649336400,14483.4,14610.2,14321.7,14361.2
1649350800,14361.3,14635.9,14357,14536.6
1649365200,14541.2,14578.1,14525.5,14536.1
1649379600,14536.3,14556,14519,14534.2
1649394000,14534.4,14643.3,14528.3,14588.2
1649408400,14587.9,14601.8,14512.1,14517.9
1649422800,14517.5,14517.5,14314.8,14482
1649437200,14481.9,14482.7,14312.5,14331.7
1649628000,14351.9,14373.9,14234.5,14244.6
1649642400,14244.8,14252,14199.7,14245
1649656800,14245.5,14307.8,14158.5,14218.6
1649671200,14218.7,14246.8,14101.8,14142.2
1649685600,14142,14190.5,14036.3,14095.1
1649700000,14095.3,14125.2,13987,14005.4
1649710800,14014.8,14020.7,13935.7,13942.8
1649725200,13942.7,13951.8,13905.9,13909.8
1649739600,13909.9,14023.9,13904.8,14011
1649754000,14011.2,14286.1,13988.7,14262.2
1649768400,14262.1,14280.8,14065.4,14106.6
1649782800,14106.5,14136.9,13884.8,13957
1649797200,13968.8,14019.2,13944.9,14017.3
1649811600,14017.5,14053.5,14007.6,14034.5
1649826000,14034.6,14102.2,14021.5,14070.9
1649840400,14070.8,14080,13929.4,13954.7
1649854800,13954.8,14205.1,13925.9,14190.9
1649869200,14190.7,14270,14136.1,14215
1649883600,14222,14255.7,14214.9,14235.8
1649898000,14235.9,14294.9,14219.5,14287
1649912400,14287.4,14299.6,14222.9,14243.6
1649926800,14243.3,14252.3,14185.2,14192.2
1649941200,14192.4,14250,13963.8,13987.2
1649955600,13987,14051.5,13880.3,13896
1649970000,13896,13896,13896,13896
1650232800,13861.8,13866.8,13734.1,13767.7
1650247200,13767.5,13796.9,13752.6,13790.4
1650261600,13790.5,13841.9,13774.9,13800.3
1650276000,13800.2,13936.4,13799.2,13871
1650290400,13871.1,14006.7,13790.1,13959.5
1650304800,13959.6,13999.9,13828.5,13968.8
1650315600,13967.2,14023.2,13947.5,13958.2
1650330000,13957.7,14004.1,13937.7,14000.9
1650344400,14000.9,14011.4,13864.3,13870
1650358800,13869.9,13951,13832.6,13900.8
1650373200,13900.5,14200.6,13839,14161.5
1650387600,14161.6,14245.4,14069.8,14100.5
1650402000,14100.5,14122.1,14071,14094
1650416400,14093.8,14130.6,14048.8,14111.2
1650430800,14111.4,14158.9,14071.7,14150.9
1650445200,14150.7,14302.5,14148.4,14295.4
1650459600,14295.5,14297.4,13984.7,14058.9
1650474000,14058.7,14121.1,13963.4,14075
1650488400,14073.8,14109,14068.1,14095
1650502800,14095.3,14130.1,14081.2,14100.2
1650517200,14100,14179.8,14060,14178.9
1650531600,14178.5,14198.8,14132.6,14189.1
1650546000,14188.9,14287.4,13911,13918
1650560400,13917.7,13955.9,13672.4,13721.4
1650574800,13716.4,13733,13618.2,13642.5
1650589200,13642.3,13717.1,13635.8,13715.1
1650603600,13714.9,13766,13670.6,13713
1650618000,13712.9,13784.6,13658,13728.1
1650632400,13728.3,13783.2,13490.7,13496.6
1650646800,13496.5,13514.2,13303.2,13318.5
1650837600,13335.1,13366.5,13242.7,13253.6
1650852000,13253.8,13328.1,13248.5,13259.7
1650866400,13259.5,13343.4,13207.2,13255.1
1650880800,13255.5,13372.3,13190.6,13255.8
1650895200,13255.7,13473.1,13247.4,13358.1
1650909600,13358.2,13556,13330.1,13534
1650920400,13524.1,13543.8,13513.9,13541.2
1650934800,13541,13589.8,13527.7,13577.3
1650949200,13577.3,13580.5,13438.7,13528.4
1650963600,13528.5,13535.9,13454.5,13482.9
1650978000,13483,13483.2,13102.7,13224.2
1650992400,13224,13225.6,12808.1,12821.6
1651006800,12891.5,13048.7,12885.5,12967.2
1651021200,12966.8,13087.3,12962.1,13062.3
1651035600,13062.4,13189.7,12985.1,13133.4
1651050000,13133.4,13167.4,13022,13047.1
1651064400,13047.3,13261.7,12938.5,13195.4
1651078800,13195,13212.6,12984.4,13177
1651093200,13194.1,13195.8,13147.5,13170.8
1651107600,13170.4,13205.5,13140.1,13204.1
1651122000,13204.2,13346.7,13173.7,13346.1
1651136400,13345.7,13354,13176,13202.8
1651150800,13202.7,13379,13041.3,13363.5
1651165200,13363.6,13548.5,13278.7,13314.9
1651179600,13214.1,13297.1,13199.1,13293.9
1651194000,13294,13361.2,13283.9,13356
1651208400,13356.2,13428.2,13329.1,13356.9
1651222800,13356.6,13363.7,13257.1,13290.7
1651237200,13291,13439.4,13066.8,13081.4
1651251600,13081.5,13145,12839.6,12897.3
1651442400,12911.7,12937.8,12816.5,12871
1651456800,12871.2,12979,12848.4,12915.5
1651471200,12915.4,12986.5,12879,12914.9
1651485600,12914.8,12979.1,12749.8,12931
1651500000,12929.3,13052.1,12744.7,12790.7
1651514400,12790.3,13091.8,12716.2,13058.4
1651525200,13056.2,13126.6,13036.4,13111.3
1651539600,13111,13178.1,13078.6,13128.4
1651554000,13129.3,13152.2,13051.9,13080.9
1651568400,13080.8,13129.8,13009,13114
1651582800,13114.2,13158.8,12976.5,13089.9
1651597200,13090,13190.4,13002.4,13126.2
1651611600,13120.6,13141.1,13111.6,13129.5
1651626000,13129.9,13151.2,13095.6,13115
1651640400,13114.7,13142.9,13088,13119.4
1651654800,13119.3,13161.1,13099.8,13109.9
1651669200,13109.7,13125.7,12890.5,13108.9
1651683600,13108.4,13562,12946.7,13501.1
1651698000,13511.4,13543.8,13508.6,13535.9
1651712400,13535.9,13551.1,13516.1,13550.7
1651726800,13550.6,13557.4,13384.5,13409.6
1651741200,13409.5,13459.1,13400.8,13406.5
1651755600,13409.2,13409.3,12804.1,12913
1651770000,12912.8,12972.7,12712.4,12905.4
1651784400,12884,12893.1,12824.2,12827.5
1651798800,12827.4,12881.1,12785.5,12845.5
1651813200,12845.5,12885.1,12753.4,12794.7
1651827600,12794.9,12898,12720.6,12727.4
1651842000,12727.7,12931.1,12523.4,12865.3
1651856400,12865,12878.5,12570.8,12668.1
1652047200,12607.9,12641.3,12513.7,12563.4
1652061600,12563.8,12607,12543,12559.4
1652076000,12559,12628.4,12436.6,12460.3
1652090400,12460.4,12560.3,12347.9,12453.1
1652104800,12456,12469.5,12231,12261.7
1652119200,12261.5,12343.4,12140.2,12212.7
1652130000,12247.2,12256.3,12107.5,12159.7
1652144400,12159.8,12315.7,12150.2,12304.6
1652158800,12304.4,12416.4,12298.5,12394.5
1652173200,12394.7,12480,12299.7,12473.5
1652187600,12473.3,12552.3,12175.7,12235.5
1652202000,12235.4,12524.2,12223,12337.4
1652216400,12335.4,12406.9,12324.9,12377.2
1652230800,12377.4,12467.7,12357.4,12454.4
1652245200,12454.4,12521.8,12389.9,12508.9
1652259600,12508.8,12557.5,12104.5,12144.5
1652274000,12144.2,12482.5,12131.2,12140.2
1652288400,12140.4,12170.8,11944,12013.8
1652302800,12003.7,12055.4,11925.9,12043.4
1652317200,12041.6,12074.8,11962.9,11976.7
1652331600,11977,11997.8,11816.7,11837.8
1652346000,11837.6,11920.3,11758.6,11796.8
1652360400,11797.2,12136.4,11696.1,11913.8
1652374800,11913.3,11959.6,11693.5,11878.2
1652389200,11909.2,12079.7,11907.7,12065
1652403600,12064.8,12151,12050.7,12124.9
1652418000,12124.9,12183.4,12071.8,12149.7
1652432400,12150.1,12211,12116.9,12178.3
1652446800,12178.4,12433.5,12068.2,12389.6
1652461200,12389.5,12435,12224,12367.6
1652652000,12406.4,12502.1,12379.9,12386.2
1652666400,12386.2,12386.3,12240.4,12325.6
1652680800,12325,12358.7,12234.6,12298.2
1652695200,12298.3,12417,12220.5,12255.7
1652709600,12254.6,12378.1,12193.9,12326.7
1652724000,12326.4,12403.4,12215.9,12240.7
1652734800,12248.9,12314.2,12242.3,12294.6
1652749200,12294.5,12340.7,12284.8,12327.7
1652763600,12327.7,12531.1,12318.9,12499.2
1652778000,12498.9,12546.7,12440.7,12479.2
1652792400,12479.2,12538.6,12335.2,12468.5
1652806800,12468.8,12581,12375.7,12577.6
1652821200,12578.4,12594.2,12542.8,12549.1
1652835600,12549.2,12552.7,12475.5,12495.7
1652850000,12495.8,12541.2,12460.4,12479.6
1652864400,12479.7,12524,12365.2,12367.3
1652878800,12367.6,12400,12057.1,12132.9
1652893200,12133.1,12133.4,11862.5,11892.9
1652907600,11904.4,11919.9,11805.8,11852
1652922000,11852.1,11949.4,11819.4,11930.2
1652936400,11930.1,11943.6,11734.7,11739.9
1652950800,11739.8,11858.3,11703.3,11817.3
1652965200,11817,12075.5,11794.4,11930.7
1652979600,11930.5,12049.1,11847.6,11897.2
1652994000,11900.3,11979.7,11894.5,11955.4
1653008400,11955.1,12015.1,11950.6,12011.6
1653022800,12011.3,12087.1,11963.6,12065
1653037200,12064.9,12095.9,12007.6,12030
1653051600,12029.9,12051.5,11532.1,11574.7
1653066000,11574,11854.2,11488.7,11836.8
1653256800,11897,12007.6,11890.3,11978.3
1653271200,11978.2,12023.5,11928,11995.2
1653285600,11991.5,12044.9,11864.6,11895.9
1653300000,11896.3,11977.4,11819,11852.8
1653314400,11854.7,12052.8,11784.3,12002
1653328800,12001.9,12075,11955.8,12055
1653339600,11877.4,11897.3,11820.2,11875.2
1653354000,11875.3,11890.4,11842.3,11845.7
1653368400,11845.4,11853.3,11753.3,11783.7
1653382800,11783.9,11876.8,11781.2,11840
1653397200,11839.8,11851,11576.1,11700.6
1653411600,11700.5,11831.4,11642.6,11811
1653426000,11817.8,11869.7,11788.3,11815.2
1653440400,11815.3,11892,11813.4,11869.7
1653454800,11869.2,11885.2,11761.4,11785.3
1653469200,11785.2,11806.9,11672,11718.3
1653483600,11717.9,11929.5,11707.4,11839.2
1653498000,11839,12032.8,11770.9,11892.7
1653512400,11911.7,11992.4,11888.8,11985
1653526800,11985,11994.2,11860.8,11874.8
1653541200,11874.4,11979.2,11848.9,11893.5
1653555600,11893.3,12020.3,11877.7,11976
1653570000,11975.9,12319.2,11898.5,12317.5
1653584400,12318.1,12342.6,12234.1,12257.5
1653598800,12260.5,12296.7,12220.8,12243.4
1653613200,12243.7,12275.8,12237.1,12264.4
1653627600,12264.4,12345.6,12232.3,12335.8
1653642000,12335.5,12435.7,12287,12416
1653656400,12415.8,12610.2,12380.3,12584.1
1653670800,12584.3,12719,12566.4,12716.2
1653861600,12712.5,12768.3,12673.2,12750.9
1653876000,12751,12868.8,12744.7,12867.4
1653890400,12867.3,12882.3,12831.2,12870
1653904800,12870.2,12872.3,12746.8,12772.9
1653919200,12772.8,12834.7,12737.5,12809.1
1653944400,12822.2,12825.6,12683.8,12713.3
1653958800,12713,12768.3,12677,12750.7
1653973200,12751,12765.2,12632.3,12718.7
1653987600,12718.4,12719.2,12595.2,12606.7
1654002000,12606.6,12755.5,12480.9,12731.5
1654016400,12731.4,12767.8,12602.4,12653.9
1654030800,12664.7,12717.5,12656.3,12698.2
1654045200,12698.3,12725.8,12645.4,12679
1654059600,12678.9,12695,12581.5,12620.2
1654074000,12621.4,12716.9,12604.7,12688.7
1654088400,12690,12822.3,12453.8,12496.4
1654102800,12496.5,12663.4,12488.5,12546.3
1654117200,12547.9,12583.7,12492,12573.8
1654131600,12573.7,12587.1,12535,12562.1
1654146000,12561.9,12644.2,12525.7,12613.9
1654160400,12613.7,12652.4,12582.1,12584.6
1654174800,12584.4,12798.1,12440.5,12783.1
1654189200,12783.2,12901.1,12762.3,12894.3
1654203600,12902.1,12943,12886.5,12890.2
1654218000,12889.9,12911.7,12884.2,12889.8
1654232400,12889.7,12906.3,12807.8,12837.1
1654246800,12836.9,12840.9,12682.5,12713.5
1654261200,12713.3,12739.6,12501.3,12604.3
1654275600,12604.1,12644.3,12509.4,12547
1654466400,12571.9,12606,12525.8,12599.8
1654480800,12599.7,12648.4,12596.3,12636.7
1654495200,12636,12749,12616.2,12711.6
1654509600,12711.7,12783.9,12672.5,12747.4
1654524000,12747.7,12808.5,12531.5,12676
1654538400,12675.9,12681.4,12539.7,12604.9
1654549200,12608.4,12612.9,12542.9,12556
1654563600,12556.1,12571,12486.9,12513.1
1654578000,12513.2,12564.6,12469.5,12551.2
1654592400,12551.3,12556.3,12427.4,12433.2
1654606800,12432.4,12704,12411.4,12623.9
1654621200,12624,12739,12610.5,12680
1654635600,12691.5,12701.3,12662,12688
1654650000,12688.2,12709.8,12636.9,12638.3
1654664400,12638,12691.1,12623.4,12679.7
1654678800,12679.6,12720.8,12630.5,12654
1654693200,12653.9,12782,12605.3,12645.4
1654707600,12645.5,12657,12578.5,12619.4
1654722000,12618.7,12635.4,12583.5,12593.1
1654736400,12593.7,12605,12565.9,12595.9
1654750800,12595.8,12677.9,12568.9,12677.2
1654765200,12677.2,12724.7,12536.3,12556.2
1654779600,12556.4,12672,12505.3,12587.1
1654794000,12586.8,12607,12254.6,12295.8
1654808400,12301,12305.8,12262,12276.3
1654822800,12276.1,12331.5,12270.9,12288.4
1654837200,12289,12338.3,12257.9,12289.7
1654851600,12289.4,12330,12033.1,12034.8
1654866000,12035.1,12090.5,11822.5,11860.2
1654880400,11860.3,11972.9,11835.1,11857.2
1655071200,11723,11725.3,11568.4,11599.9
1655085600,11600,11645.7,11572.9,11588.6
1655100000,11588.4,11613.5,11429.4,11488.4
1655114400,11488,11576.2,11458.5,11484.8
1655128800,11484.9,11530.6,11317.2,11452.9
1655143200,11453.1,11454.5,11257.7,11333.4
1655154000,11357.3,11398.7,11317.5,11383.9
1655168400,11383.8,11457.5,11338.7,11438.2
1655182800,11438.4,11507.2,11380.6,11392.4
1655197200,11392.6,11448.7,11328.7,11389.9
1655211600,11386.9,11428,11242.7,11329.8
1655226000,11329.9,11428.2,11209.2,11334.9
1655240400,11345.6,11423.4,11335.5,11379
1655254800,11378.9,11421.5,11349.5,11355.8
1655269200,11356,11433.9,11332,11400.7
1655283600,11400.5,11489.7,11371.8,11467.8
1655298000,11468,11546.9,11433.6,11465.4
1655312400,11465.5,11767,11347.9,11599.2
1655326800,11628.1,11711.5,11624.9,11703.9
1655341200,11704.1,11746.3,11613,11615.6
1655355600,11615.7,11621.3,11269.5,11269.8
1655370000,11269.9,11396.7,11241.1,11330.5
1655384400,11333,11347.5,11101.5,11166.5
1655398800,11167.7,11207.1,11041.6,11176.6
1655413200,11185.9,11202.7,11135.6,11174.8
1655427600,11174.6,11259.3,11167.7,11253
1655442000,11252.9,11275.8,11168.8,11239
1655456400,11238.9,11294.3,11203.6,11213.9
1655470800,11213.7,11321,11092.7,11264.7
1655485200,11265,11368.5,11242.3,11280.2
1655676000,11323.8,11410.9,11247.9,11273.9
1655690400,11274,11362.4,11271.1,11339.8
1655704800,11340,11372.1,11304.3,11356.2
1655719200,11356.5,11375.5,11307.2,11337.6
1655733600,11337.4,11404,11336.8,11396.4
1655758800,11389.3,11430.9,11371.1,11420.3
1655773200,11420,11478.6,11398.1,11463.8
1655787600,11463.9,11521.4,11407.7,11508.2
1655802000,11508.5,11514,11416.9,11432.5
1655816400,11432.2,11653,11431,11603.8
1655830800,11604,11617.8,11537.1,11557.4
1655845200,11553.2,11554.3,11498.4,11507.9
1655859600,11508.2,11519.5,11425,11447.5
1655874000,11447.5,11462.9,11296.1,11330.1
1655888400,11330,11404.6,11327.1,11392.8
1655902800,11392.7,11720.8,11364.3,11629.2
1655917200,11629.1,11693.8,11515.6,11519.9
1655931600,11520.2,11580.7,11437,11563.1
1655946000,11563.1,11569.8,11466.2,11535
1655960400,11534.9,11601.4,11462,11565.5
1655974800,11565.4,11681.3,11562.3,11618.8
1655989200,11618.7,11719.6,11519.4,11554.9
1656003600,11554.8,11742.9,11524,11663.4
1656018000,11673.9,11713.3,11661.4,11705.9
1656032400,11706.2,11842,11699.8,11831.9
1656046800,11832,11851,11782.6,11817.2
1656061200,11817.5,11841.3,11789.2,11798.2
1656075600,11798.3,12058.8,11797.6,12003.2
1656090000,12003.1,12124.8,11974.8,12108.8
1656280800,12127.3,12132.4,12050.3,12104.9
1656295200,12105.1,12208.7,12099.8,12139.3
1656309600,12139.6,12239.3,12104.6,12197.2
1656324000,12197.3,12201.2,11998,12041.6
1656338400,12041.8,12128.8,12002.9,12016.9
1656352800,12017,12054,11968.8,12049.1
1656363600,12041.2,12071.4,12028.8,12055.2
1656378000,12055.4,12062.4,11946.1,11998.7
1656392400,11998.8,12133.2,11996.7,12085
1656406800,12084.8,12101.7,12018.4,12045.3
1656421200,12045.5,12148.8,11733.8,11792.8
1656435600,11792.9,11792.9,11637,11655.5
1656450000,11657.5,11681.9,11634.8,11641.7
1656464400,11642,11695.8,11637.9,11686.1
1656478800,11686,11699.7,11603.7,11658.8
1656493200,11658.4,11698.3,11593,11635.3
1656507600,11635.1,11724.9,11540.7,11628.2
1656522000,11628.4,11703.7,11597,11667.2
1656536400,11668.7,11672.8,11628.5,11650.7
1656550800,11650.8,11651.2,11607,11625.2
1656565200,11624.3,11630.7,11467.9,11501.2
1656579600,11501.7,11556.3,11438.1,11489.6
1656594000,11489.4,11660.8,11327.2,11611.1
1656608400,11611.4,11644.6,11447.6,11488.2
1656622800,11483.7,11533.8,11458.9,11505.1
1656637200,11504.9,11514.7,11360,11380.7
1656651600,11380.7,11476.7,11361.4,11466.1
1656666000,11466.1,11505.4,11407.7,11473.9
1656680400,11473.9,11594.4,11380.2,11413.9
1656694800,11413.8,11605.2,11410.4,11590.3
1656885600,11568.9,11593.1,11481.3,11515
1656900000,11515.1,11529.8,11488.3,11528.2
1656914400,11528.1,11559.1,11493.7,11548.7
1656928800,11548.8,11559.4,11523.8,11528.4
1656943200,11528.3,11553.7,11510.5,11534.8
1656968400,11562.9,11725.4,11560.7,11674.7
1656982800,11674.3,11681.1,11626.7,11651
1656997200,11650.7,11679.9,11499.6,11503.9
1657011600,11504.2,11537.3,11408.9,11416.4
1657026000,11416.5,11623.7,11365.7,11559.8
1657040400,11560.2,11792.6,11556.9,11788.5
1657054800,11789,11837,11751.5,11827
1657069200,11827.1,11849.1,11754.2,11774.6
1657083600,11774.8,11838.9,11708.2,11746.7
1657098000,11746.3,11799.4,11704.7,11784.7
1657112400,11784.5,11858.8,11730,11798.2
1657126800,11798.5,11949.5,11768.5,11879.4
1657141200,11881.4,11887.3,11839,11860.8
1657155600,11860.9,11892.8,11813.4,11891.7
1657170000,11891.9,11938.6,11871,11909
1657184400,11909,11925.9,11866.7,11905.7
1657198800,11905.7,12083.8,11889.2,12078.3
1657213200,12078.4,12144.2,12055.5,12095.4
1657227600,12093.7,12100,12068.1,12096.2
1657242000,12096.1,12106.7,12041.6,12071.4
1657256400,12071.3,12090.9,12038.2,12051.5
1657270800,12051.7,12100.8,11929,11987.4
1657285200,11987.6,12186.9,11955,12035.9
1657299600,12035.9,12166,12015.4,12135.8
1657490400,12114.2,12115.4,12031,12032.9
1657504800,12032.6,12037.7,11999,12006.4
1657519200,12006.3,12054.8,11975.2,12029.5
1657533600,12029.5,12063.2,11833.6,11861.9
1657548000,11862.3,11983.1,11830.7,11963.4
1657562400,11963.5,11965.9,11836.7,11879.5
1657573200,11872.4,11888,11788.2,11792.9
1657587600,11793.3,11813.8,11767.6,11786.2
1657602000,11786.5,11803.8,11737.9,11796.7
1657616400,11796.6,11904.3,11774.9,11886.2
1657630800,11886.2,12003.8,11784.1,11892.8
1657645200,11893,11920.2,11691,11758.9
1657659600,11759.3,11782,11740.5,11776
1657674000,11776,11798.2,11752.3,11784.8
1657688400,11784.8,11821.7,11748.9,11812.4
1657702800,11812.2,11945.9,11459.1,11540.5
1657717200,11540.4,11811.8,11502.3,11798
1657731600,11798.1,11832.7,11706.6,11711.8
1657746000,11704.9,11712,11642.8,11674.2
1657760400,11674.3,11744.2,11668.9,11729.6
1657774800,11729.5,11740.7,11580.8,11609.6
1657789200,11609.4,11665,11589.8,11636
1657803600,11635.9,11692,11487.4,11627.6
1657818000,11627.4,11810.4,11606.6,11782.6
1657832400,11793,11844.1,11785.6,11790.2
1657846800,11790.2,11836,11779.5,11815.2
1657861200,11815.3,11828.3,11740.4,11808.3
1657875600,11808,11882.9,11717.2,11869
1657890000,11869.1,11976.3,11830.3,11930.4
1657904400,11930.7,11997.5,11926,11995.4
1658095200,12035.6,12042.2,12004.8,12028.4
1658109600,12028.1,12096.8,12019,12090.7
1658124000,12090.8,12155,12074.9,12125.7
1658138400,12125.4,12162.1,12066.4,12138.2
1658152800,12138.4,12160.2,11950,11965
1658167200,11965.1,11992.2,11834.1,11892.1
1658178000,11885,11921.4,11878.1,11903.4
1658192400,11903.7,11929.1,11884.5,11887.9
1658206800,11888.1,11945.9,11865.8,11933
1658221200,11932.9,12008.7,11930,11999.4
1658235600,11999.3,12185.8,11970.3,12184.2
1658250000,12184.4,12304.7,12162,12296.6
1658264400,12303.7,12326.8,12275.4,12312.2
1658278800,12312.2,12335.4,12294.7,12318.8
1658293200,12318.5,12319.2,12253,12276.8
1658307600,12276.7,12300.7,12212.8,12244.4
1658322000,12244.2,12494.3,12234.5,12435.8
1658336400,12435.7,12477.6,12335,12404.3
1658350800,12418.4,12428.4,12388.1,12421.3
1658365200,12421.1,12437.5,12375.3,12424.4
1658379600,12424.3,12470.7,12382.5,12414.7
1658394000,12414.5,12535.8,12406.8,12502.4
1658408400,12502.5,12597.8,12350.5,12583.5
1658422800,12583.7,12631.9,12523.3,12548.4
1658437200,12537.7,12540.3,12505.3,12529.3
1658451600,12529.3,12546,12507.4,12514.8
1658466000,12515,12553.4,12500.2,12544.3
1658480400,12544.1,12592.9,12539.4,12572.6
1658494800,12572.7,12670.5,12382.8,12404.5
1658509200,12404.4,12407,12321,12402.9
1658700000,12398.1,12414.7,12363.5,12376.4
1658714400,12376.2,12404.9,12373,12386
1658728800,12386.2,12472.9,12366.4,12472.4
1658743200,12472.4,12476.9,12337.5,12366.9
1658757600,12367,12387.2,12270.7,12302.4
1658772000,12302.6,12356.4,12247.5,12305.4
1658782800,12294.9,12295,12257.7,12269.8
1658797200,12269.9,12298.9,12267.5,12289.4
1658811600,12289.3,12312.2,12275.4,12292.8
1658826000,12292.8,12313.4,12246.3,12261
1658840400,12260.9,12276.6,12086.8,12120.4
1658854800,12120.7,12177.7,12051.2,12177.5
1658869200,12183.2,12287.7,12182.8,12261.2
1658883600,12260.9,12287.7,12240.7,12281.3
1658898000,12281,12314.7,12251.7,12296.6
1658912400,12296.7,12304,12249.3,12283
1658926800,12282.9,12459,12261.8,12413.5
1658941200,12413.7,12675.3,12389,12566.3
1658955600,12562.3,12578.4,12537.7,12549.1
1658970000,12549.4,12570.8,12539.5,12552.6
1658984400,12552.9,12568.1,12483.4,12488.7
1658998800,12488.6,12611,12466.4,12565.2
1659013200,12565,12680.6,12435.2,12629.6
1659027600,12629.9,12933.4,12609.7,12908.4
1659042000,12883.2,12885.2,12855.9,12869.9
1659056400,12869.6,12909,12866.2,12885.2
1659070800,12884.9,12924.6,12839.3,12858.2
1659085200,12858.1,12883,12788.5,12820.5
1659099600,12820.5,12915.6,12729.8,12880.9
1659114000,12881.1,12994.9,12866.5,12961.7
1659304800,12951,12960.5,12891.7,12915.8
1659319200,12915.7,12922.5,12889.4,12906.1
1659333600,12906,12953.4,12897,12928.3
1659348000,12928.5,13010,12838.3,12977
1659362400,12963.3,13094.9,12884.3,12919.5
1659376800,12919.6,12986.9,12895,12966.8
1659387600,12951.7,12962.9,12910,12911.4
1659402000,12911.3,12917.4,12871.7,12893.3
1659416400,12893.1,12906.6,12831.1,12846.8
1659430800,12846.6,12869.1,12804.5,12839.8
1659445200,12840,13084.4,12808,13061.9
1659459600,13062.1,13064.6,12874.7,12908.3
1659474000,12915.3,12923.3,12856.2,12876.4
1659488400,12876.3,12935,12874.2,12912.4
1659502800,12912.1,12943,12881.6,12922.5
1659517200,12922.2,13004.9,12917.3,12988.6
1659531600,12988.8,13264.5,12978,13245.8
1659546000,13245.6,13297,13230.2,13236.5
1659560400,13229.2,13253.3,13214.3,13252
1659574800,13251.9,13258.4,13216.5,13231.2
1659589200,13230.9,13260.2,13215.8,13243
1659603600,13243.3,13342.7,13232.6,13305.1
1659618000,13305,13326,13171.9,13236
1659632400,13235.9,13333.2,13235.1,13314.8
1659646800,13307.3,13338,13302.2,13330.8
1659661200,13330.9,13369.6,13328.2,13357.2
1659675600,13357.6,13358.3,13297.7,13309
1659690000,13309.1,13335.2,13104,13122.2
1659704400,13122,13295.3,13070.5,13185.2
1659718800,13185.3,13226.7,13130.8,13201.1
1659909600,13208.6,13214.5,13155.3,13184.7
1659924000,13184.5,13248.9,13180.9,13236.8
1659938400,13236.9,13291.7,13232.6,13261.9
1659952800,13262.2,13399.1,13218.9,13377.8
1659967200,13377.9,13405,13145.1,13197.8
1659981600,13198,13200.4,13107.8,13199.5
1659992400,13187.1,13220.8,13177.6,13189.3
1660006800,13189.2,13212.1,13154.9,13204
1660021200,13204.1,13210.1,13155.6,13182
1660035600,13182.2,13189.1,13063.7,13087.6
1660050000,13087.7,13099.5,12951,12971.9
1660064400,12972,13046.7,12960.7,13043
1660078800,13031.2,13043.1,13002.4,13005.5
1660093200,13005.5,13028.3,12993.3,13008.6
1660107600,13008.8,13080.9,12969.5,13074.9
1660122000,13075.2,13360.5,13034.3,13314.3
1660136400,13314.4,13375.1,13224.7,13328.4
1660150800,13328.5,13395.2,13306.7,13367.8
1660165200,13365,13439.5,13357,13436
1660179600,13435.9,13444.2,13415.1,13422.3
1660194000,13422.4,13468.7,13373.4,13395.4
1660208400,13395.8,13496.7,13387.7,13490.8
1660222800,13490.9,13561.5,13348,13408
1660237200,13408.3,13428.7,13271.8,13333.4
1660251600,13325.3,13346.3,13299,13302.3
1660266000,13302.4,13335.8,13301.3,13327.6
1660280400,13327.7,13393.4,13320.9,13370.5
1660294800,13370.4,13390.8,13328.1,13377.7
1660309200,13377.4,13485.2,13345,13466.7
1660323600,13466.8,13568.5,13461.8,13566.4
1660514400,13556.3,13556.4,13517.5,13545.5
1660528800,13545.8,13547.9,13523,13532.9
1660543200,13532.8,13545.7,13484.1,13509.7
1660557600,13509.5,13622.7,13490.1,13605.4
1660572000,13605.5,13665.5,13528,13649.3
1660586400,13649.5,13694,13629.5,13666.9
1660597200,13657.4,13675.2,13647.1,13649.9
1660611600,13649.8,13670.9,13635.8,13659.3
1660626000,13659.2,13677.4,13616.1,13665
1660640400,13664.8,13671.2,13618.7,13637.2
1660654800,13637.5,13673.4,13512.5,13639.2
1660669200,13639.4,13729.8,13570.7,13652.9
1660683600,13638.2,13657.3,13625.7,13641.2
1660698000,13641.2,13641.9,13618.9,13636.9
1660712400,13636.8,13653.9,13557.9,13564.3
1660726800,13564.5,13581.5,13486.8,13502.5
1660741200,13502.1,13546.5,13387.7,13458.5
1660755600,13458.7,13596.7,13437,13491.7
1660770000,13474.9,13477.4,13421.3,13436.7
1660784400,13436.6,13462.7,13434.7,13444.6
1660798800,13444.8,13461,13391.8,13458.2
1660813200,13458.4,13538.8,13454.8,13499.4
1660827600,13499.6,13555.5,13403.9,13492.2
1660842000,13492.3,13553.3,13482.2,13520
1660856400,13509.7,13515.3,13476.8,13483.4
1660870800,13483.3,13501.8,13471.5,13474.3
1660885200,13474.5,13476.8,13353.3,13379.3
1660899600,13379,13403.3,13340.2,13363.5
1660914000,13363.4,13406.9,13228.7,13278.2
1660928400,13278.4,13291.8,13210.9,13231.7
1661119200,13174.3,13195.7,13161,13181.8
1661133600,13181.9,13206,13161.3,13169.7
1661148000,13169.8,13173.8,13031.2,13052.6
1661162400,13052.3,13077.5,12990.3,13011.8
1661176800,13011.7,13015,12905,12907.9
1661191200,12908.3,12921.3,12859.9,12917.1
1661202000,12911,12942.3,12908.3,12912.4
1661216400,12912.3,12933.2,12899.2,12903
1661230800,12902.9,12949.1,12808.3,12924.2
1661245200,12924.4,12937.7,12882.5,12885.1
1661259600,12884.9,13001.9,12851.1,12918.6
1661274000,12919.1,12946,12866.3,12873.3
1661288400,12875.4,12894.3,12865.3,12870.3
1661302800,12870.2,12873,12817.4,12859.3
1661317200,12859.2,12904.2,12810.8,12894.7
1661331600,12894.9,12922.8,12857.3,12891
1661346000,12891,12996.1,12839.8,12930.6
1661360400,12930.5,12956.9,12896.3,12940.8
1661374800,12934.4,12953.3,12911.1,12949.9
1661389200,12949.9,12972.1,12945,12967.3
1661403600,12967.5,13070.6,12959.4,13044.4
1661418000,13044.5,13049.6,12971,12992.9
1661432400,12992.6,13103.2,12947.9,13014.8
1661446800,13014.7,13146.7,13006.4,13129.9
1661461200,13139.5,13147.4,13115.7,13136.5
1661475600,13136.4,13144.9,13122.8,13125
1661490000,13125.3,13132.8,13074.3,13084.7
1661504400,13085,13152.9,13055.8,13144.5
1661518800,13144.3,13206,12746.2,12790.7
1661533200,12790.5,12806,12544.6,12545.5
1661724000,12484.5,12500.9,12391,12432.8
1661738400,12432.7,12481.2,12421.5,12422.2
1661752800,12422,12522,12421.8,12470.9
1661767200,12470.7,12595.4,12443,12523.3
1661781600,12523.2,12600,12438.2,12563.9
1661796000,12564.1,12584.7,12471,12495.4
1661806800,12495.1,12527.7,12474,12498.3
1661821200,12498.1,12556,12475.2,12540.7
1661835600,12540.7,12648.7,12519.5,12622.5
1661850000,12622.6,12641.5,12549.9,12552.6
1661864400,12552.5,12577.5,12260.7,12306.2
1661878800,12306.1,12376.3,12239.3,12351.4
1661893200,12350,12404.4,12338.6,12396.5
1661907600,12396.4,12479.9,12387.8,12443.8
1661922000,12443.6,12465.3,12358.6,12384.1
1661936400,12384,12464,12352.2,12446.3
1661950800,12446.2,12503.1,12291.6,12335
1661965200,12335,12377.6,12267.5,12296.2
1661979600,12279.7,12282.5,12114.7,12140
1661994000,12140.1,12178.7,12123.8,12151.2
1662008400,12151.3,12176.2,12103.3,12130.4
1662022800,12130.2,12227.1,12106.4,12167.9
1662037200,12168,12214,12008.3,12029.4
1662051600,12029.5,12288.5,12021.9,12281.2
1662066000,12290.5,12308.3,12264.4,12281.7
1662080400,12281.6,12301,12245.4,12291.2
1662094800,12290.9,12305.1,12234.3,12293.8
1662109200,12293.5,12394,12230.7,12354.8
1662123600,12354.5,12451.7,12190,12226.6
1662138000,12227,12227.3,12031.3,12121.2
1662328800,12099.7,12142.3,12048.9,12099.6
1662343200,12099.8,12121.5,12071.2,12077.7
1662357600,12077.8,12134.4,12060.5,12106.5
1662372000,12106.4,12137.2,12048.8,12124.9
1662386400,12125.3,12159.8,12115.9,12129
1662411600,12110.7,12222.4,12105.8,12210
1662426000,12210.3,12227.1,12148.8,12152.5
1662440400,12152.8,12238.1,12141.5,12204.4
1662454800,12204.7,12229.6,12137,12162.5
1662469200,12162.9,12182.4,11924.9,12052
1662483600,12052.2,12060.7,11957.9,12013.8
1662498000,12010.7,12028.5,11916.4,11947.5
1662512400,11947.4,11982.5,11927.7,11976.9
1662526800,11976.9,12072.6,11965.3,12056.8
1662541200,12056.9,12057.8,11972.2,12007.1
1662555600,12007.3,12167.7,12000,12152.4
1662570000,12152.3,12300.4,12142.6,12257.7
1662584400,12269.9,12282.5,12244.3,12272.9
1662598800,12272.8,12289.2,12254,12282.8
1662613200,12282.9,12327,12219.9,12262.5
1662627600,12262.2,12288,12170.8,12177.4
1662642000,12177.5,12374.3,12111.1,12223.4
1662656400,12223.5,12343.6,12189.5,12341.5
1662670800,12334,12394.4,12324.9,12384.1
1662685200,12384,12410.3,12356,12403.1
1662699600,12402.9,12449.3,12351.3,12446.5
1662714000,12446.5,12477.2,12423.4,12441
1662728400,12441.2,12575.9,12402.9,12569.9
1662742800,12570.2,12608.8,12552.7,12586.8
1662933600,12639.2,12676.6,12592.7,12614.3
1662948000,12614,12616.3,12570.5,12604.9
1662962400,12605.4,12695,12579.9,12665
1662976800,12665.3,12739.7,12611.9,12738.4
1662991200,12738.3,12759.3,12645.4,12744.2
1663005600,12744.2,12778.8,12686.5,12777.2
1663016400,12779.9,12780.9,12755.9,12763.5
1663030800,12763.4,12772.1,12741.5,12751
1663045200,12751,12814.3,12744.7,12799.8
1663059600,12800,12881.5,12379.2,12379.7
1663074000,12379.9,12430.7,12188,12220
1663088400,12220,12263.4,12010,12053.8
1663102800,12060.4,12078.3,12015.8,12034.7
1663117200,12034.6,12081.5,12031.3,12066.2
1663131600,12066.4,12145.7,12023.7,12123.9
1663146000,12123.5,12131.6,12007.1,12088.8
1663160400,12089,12179.2,12020.5,12153.8
1663174800,12153.7,12178.5,12019.4,12176.4
1663189200,12165.6,12194.7,12154.5,12167.2
1663203600,12167.2,12187.9,12139.9,12151.2
1663218000,12151.4,12178.3,12130.1,12146
1663232400,12146.3,12164.8,12070.3,12109.6
1663246800,12109.8,12161,11916.5,11998.6
1663261200,11998.9,12078.5,11866.7,11902.7
1663275600,11867.2,11869.4,11821.8,11837.7
1663290000,11837.8,11854.6,11824.4,11834.7
1663304400,11834.8,11841.4,11780.6,11796.3
1663318800,11796.4,11847.9,11764.7,11768.4
1663333200,11768.3,11846,11709.2,11772.9
1663347600,11772.8,11891.6,11733.2,11889.2
1663538400,11851.2,11881.9,11813.2,11863.2
1663552800,11862.8,11865.3,11787.8,11789
1663567200,11788.9,11795.6,11733.7,11750.4
1663581600,11750.7,11862.7,11724.5,11846.6
1663596000,11846.5,11910.4,11781.1,11850.2
1663610400,11850.3,11998,11830.5,11977.6
1663621200,11977.7,12025.3,11974.3,11993.6
1663635600,11993.5,11994.8,11966,11988
1663650000,11988.2,12021.2,11907.7,11924
1663664400,11924,11928.2,11847.7,11871.4
1663678800,11871.3,11956.1,11820,11883
1663693200,11882.8,11901.5,11761.4,11881.4
1663707600,11872.4,11885,11842.8,11874.9
1663722000,11874.8,11880.7,11842.6,11863.3
1663736400,11863.2,11883.9,11793.6,11858
1663750800,11857.9,11921,11836.3,11908.2
1663765200,11908,11941.7,11870.3,11913
1663779600,11913.2,12068.7,11579.6,11598
1663794000,11604.4,11609.9,11504.4,11513.5
1663808400,11513.4,11562.4,11482.3,11549.6
1663822800,11549.5,11727.2,11529,11685.7
1663837200,11685.7,11689.3,11572.2,11649.1
1663851600,11649.1,11653.4,11442,11510.5
1663866000,11510.8,11616.2,11453.6,11497.6
1663880400,11505.8,11532.7,11490.7,11514.2
1663894800,11514,11517.3,11432.7,11444.7
1663909200,11445,11490.3,11403.4,11405.2
1663923600,11405,11409.9,11312.1,11343.3
1663938000,11343.2,11414.5,11230.2,11288.3
1663952400,11288.4,11325.9,11161.9,11321.2
1664143200,11300.8,11330.7,11219,11272.7
1664157600,11272.8,11299.7,11199.2,11207.5
1664172000,11207.5,11356.2,11191.8,11240.3
1664186400,11240.5,11431,11220.9,11426.4
1664200800,11426.1,11472.3,11228.3,11233.8
1664215200,11233.7,11341.9,11225.4,11249.9
1664226000,11256.2,11353.4,11233.9,11344.6
1664240400,11344.4,11358.2,11310.2,11335.3
1664254800,11335.2,11445.6,11321.6,11390.5
1664269200,11390.2,11460.1,11350.3,11410.1
1664283600,11410.2,11502.1,11169.2,11236.4
1664298000,11236.3,11299.2,11177.9,11288.4
1664312400,11301.9,11328.5,11279.4,11297.7
1664326800,11297.6,11312.6,11120.8,11170.3
1664341200,11170.2,11218.3,11104.5,11152.4
1664355600,11152.2,11291.7,11079.4,11258
1664370000,11258.3,11449,11202.4,11413.2
1664384400,11413.4,11548.4,11396.1,11475.9
1664398800,11489,11501.3,11457.7,11477
1664413200,11477.1,11493.7,11437,11482.2
1664427600,11482.4,11486.8,11296.1,11332.3
1664442000,11332.1,11404.7,11299.7,11305.7
1664456400,11306.6,11351.6,11095.3,11118.2
1664470800,11118.4,11190,11028,11169.2
1664485200,11169.2,11211.2,11144.1,11170.8
1664499600,11170.9,11207.7,11117.5,11151.6
1664514000,11151.3,11286.5,11148.5,11279.2
1664528400,11279.5,11281.3,11101.4,11176.9
1664542800,11177.3,11292.9,11080.6,11163.8
1664557200,11163.6,11174.3,10961.7,10995.2
1664748000,10939,10989.5,10830.4,10955
1664762400,10954.6,10973.6,10891.2,10949.7
1664776800,10949.9,11001.4,10883,10944.2
1664791200,10943.8,11074.4,10937.2,11026.9
1664805600,11028,11220.1,11028,11203
1664820000,11203.4,11296,11202.3,11248.2
1664830800,11260.2,11339.8,11219.4,11322.4
1664845200,11322.3,11364.3,11273.2,11349.8
1664859600,11349.9,11435.9,11344,11430.7
1664874000,11430.8,11488.8,11403.8,11450.9
1664888400,11451.1,11611.5,11433.5,11537.3
1664902800,11537.6,11602.3,11461.8,11582
1664917200,11568.8,11576.4,11510.4,11524.4
1664931600,11524.5,11550.8,11502,11511.9
1664946000,11511.8,11534,11447,11488.5
1664960400,11488.4,11505.8,11441.4,11450.6
1664974800,11450.5,11505.4,11307.3,11480.2
1664989200,11480.3,11649.1,11476,11566.2
1665003600,11565.4,11668.3,11555.2,11645.5
1665018000,11645.4,11652.2,11606.5,11639.2
1665032400,11639.5,11655.8,11505.8,11523.2
1665046800,11523.4,11598.8,11463,11560.4
1665061200,11560.7,11660.2,11465.6,11553.6
1665075600,11554,11578.4,11444.5,11444.6
1665090000,11426.1,11469.5,11420.3,11454.4
1665104400,11454.7,11503.9,11445.7,11448.2
1665118800,11448.5,11467.7,11393.3,11440.9
1665133200,11441.2,11483,11240.4,11293
1665147600,11293.2,11317.5,11062.9,11077.3
1665162000,11077.3,11094.1,10983.5,11036
1665352800,10995.5,11024.5,10929,11005.7
1665367200,11005.7,11014,10971.1,10971.6
1665381600,10971.7,11035.1,10939.5,11020.2
1665396000,11020.1,11079.5,10947.5,10957.4
1665410400,10957.4,11011.5,10820.7,10979.1
1665424800,10978.9,10993,10915.3,10937.3
1665435600,10941,10975.2,10913,10958.8
1665450000,10958.7,10973.7,10858.3,10871.8
1665464400,10871.9,10911.8,10802,10837.7
1665478800,10837.8,10938.5,10807.2,10891.3
1665493200,10891.5,10989.7,10737.2,10946.5
1665507600,10946.8,10959.4,10717.9,10830.9
1665522000,10825.3,10859.2,10787.4,10843.7
1665536400,10843.8,10879.7,10792.2,10856.1
1665550800,10856,10927.5,10827.5,10871.9
1665565200,10871.7,10925.2,10803.4,10839.5
1665579600,10839.5,10896.5,10756.8,10833.4
1665594000,10833.5,10870.3,10781.5,10804.4
1665608400,10813.7,10828.9,10801.9,10824.8
1665622800,10824.9,10830.3,10786.6,10793.9
1665637200,10793.9,10815.2,10755,10809.2
1665651600,10808.8,10946.4,10454.7,10494.4
1665666000,10494.2,11066.2,10437.7,10925.5
1665680400,10925.8,11094.9,10925.8,11018.3
1665694800,11029.9,11039.8,10975.6,11014
1665709200,11013.9,11138.7,11007.6,11101.2
1665723600,11101,11135.7,10960.7,10965.1
1665738000,10965.3,11207.1,10942.7,11173.8
1665752400,11173.9,11179.7,10737.2,10773.2
1665766800,10773.4,10806.8,10680.7,10700.3
1665957600,10696.6,10760.2,10694.4,10740.5
1665972000,10740.4,10806.6,10729,10796
1665986400,10795.8,10855.1,10767.3,10838.8
1666000800,10838.6,11072.8,10829.8,11029.9
1666015200,11030.1,11092.7,10979,11084.6
1666029600,11084.6,11102.3,11045.1,11090.8
1666040400,11128,11175.4,11118.6,11162
1666054800,11161.9,11320.3,11137,11289
1666069200,11288.9,11309.2,11214.6,11217.2
1666083600,11217,11355.5,11195,11348.3
1666098000,11348.3,11388.7,11041.2,11150.9
1666112400,11150.9,11295.5,11038.9,11281.2
1666126800,11292.1,11336.1,11261.6,11303.4
1666141200,11303.5,11331.1,11264.5,11268.8
1666155600,11268.7,11277,11128.7,11165.4
1666170000,11165.2,11245.2,11058.7,11084.1
1666184400,11084.2,11238.1,11061.4,11075.6
1666198800,11075.7,11167.5,11005.8,11105.4
1666213200,11086.5,11101.3,10992.6,11014
1666227600,11013.7,11057.7,10964.1,11037.2
1666242000,11037,11110.5,10984.6,11010.3
1666256400,11010.4,11173.7,11006.3,11038.9
1666270800,11038.9,11284.5,11038.4,11131.6
1666285200,11131.5,11138.6,10998.2,11016.6
1666299600,11004.4,11013.2,10944.6,10985
1666314000,10985.1,11019.7,10964.8,10977.7
1666328400,10977.7,11043.7,10934.1,10945
1666342800,10945.1,10984.7,10894.9,10939.5
1666357200,10939.4,11214.6,10938.9,11190.6
1666371600,11190.7,11343,11181.1,11333.8
1666562400,11408.5,11489,11365.3,11376
1666576800,11376.1,11393.9,11317.6,11330.7
1666591200,11330.6,11375.9,11219.5,11308.5
1666605600,11308.6,11408.2,11259.2,11320.1
1666620000,11320.2,11413.1,11167.4,11353.4
1666634400,11353.5,11473.2,11349.4,11417.2
1666645200,11420.5,11456.7,11404.7,11443.5
1666659600,11443.6,11448.9,11383.9,11438.5
1666674000,11438.9,11466.1,11417.4,11426.1
1666688400,11426,11445.9,11393.5,11431
1666702800,11430.7,11659.7,11430.2,11607.1
1666717200,11607.1,11685.7,11494.6,11539.9
1666731600,11474.6,11479.3,11396.8,11403.3
1666746000,11403.2,11461.3,11391.1,11446.1
1666760400,11445.9,11522.9,11430.2,11513.4
1666774800,11513.3,11513.3,11433.7,11460.7
1666789200,11460.8,11657,11387.8,11509.5
1666803600,11509.7,11509.7,11368.2,11427.1
1666818000,11427,11490,11371.1,11444.1
1666832400,11444,11470,11414.5,11454.3
1666846800,11454.5,11469.8,11381.1,11391.6
1666861200,11391.8,11410.5,11308.5,11390
1666875600,11390.2,11416,11205.8,11246.6
1666890000,11248.6,11295.2,10882.5,11052.1
1666904400,11089.4,11144.6,11079.5,11100.4
1666918800,11100.9,11145.3,11091.1,11101.6
1666933200,11102.1,11103,11018.3,11065.1
1666947600,11065.3,11175.1,11025.8,11106.6
1666962000,11106.8,11488.3,11095.3,11476.1
1666976400,11476.6,11583.2,11470.6,11581
1667167200,11532.3,11544.3,11473.9,11506.8
1667181600,11506.7,11536.7,11498.2,11508.4
1667196000,11508.9,11520.7,11441.8,11463.5
1667210400,11463.8,11502.3,11370.3,11380.5
1667224800,11380.2,11472.6,11324.9,11432.2
1667239200,11432.4,11457.9,11376.3,11413.5
1667250000,11413.3,11453.6,11406.4,11441.9
1667264400,11441.8,11459.3,11437.8,11444.2
1667278800,11444.6,11533.6,11442.9,11514.3
1667293200,11514.4,11573.4,11495.4,11561.7
1667307600,11561.7,11573.4,11275.8,11315.4
1667322000,11315.4,11339.8,11248.7,11288.4
1667336400,11298,11337.5,11286.7,11333
1667350800,11333.1,11351,11319.7,11338.2
1667365200,11338.4,11357,11303.5,11339.5
1667379600,11339.6,11348.1,11263.2,11299.7
1667394000,11300,11307.9,11151.2,11195.2
1667408400,11195.3,11414.6,10868.8,10902.2
1667422800,10896.7,10905.6,10861.2,10903.5
1667437200,10903.6,10946.8,10899,10935.7
1667451600,10935.8,10955.7,10856.3,10878
1667466000,10877.8,10893.6,10762.6,10764.6
1667480400,10764.8,10847.7,10668.7,10811.3
1667494800,10811.5,10817.6,10680.2,10692.6
1667509200,10681.3,10698.2,10657.2,10696.3
1667523600,10697.1,10745.2,10680.1,10739.1
1667538000,10739,10791.8,10713.5,10751.6
1667552400,10751.7,10840.8,10601.6,10836.1
1667566800,10836.1,10937.7,10643.3,10678.6
1667581200,10679.3,10880,10628.4,10834.9
1667775600,10752.6,10831.3,10747.6,10827.5
1667790000,10827.6,10854.1,10813.7,10833.3
1667804400,10833.5,10915.1,10775.5,10911.8
1667818800,10912,10933.8,10810.1,10845.6
1667833200,10846,10925.2,10814.2,10896
1667847600,10896.1,11000.8,10895.8,10975.3
1667858400,10974.2,11025.2,10966.7,11003.9
1667872800,11004,11004.1,10946.6,10955.1
1667887200,10954.9,11020.5,10917.1,11020.4
1667901600,11020.4,11055.2,10995.7,11043.2
1667916000,11042.2,11193.5,10969.2,11163
1667930400,11162.9,11181.4,10891.8,11049.8
1667944800,11049.7,11125.3,11046.2,11085.3
1667959200,11085.6,11109.5,11037.5,11061.3
1667973600,11062.5,11116,10995.7,11009.6
1667988000,11009.1,11069.1,10972,10984.6
1668002400,10984,11013.7,10892.2,10924.4
1668016800,10925.2,10939.7,10788.5,10808.6
1668031200,10818.5,10849.5,10801.2,10833.1
1668045600,10833.2,10857.3,10814.1,10845.1
1668060000,10845.2,10853.6,10806.3,10830.3
1668074400,10830.1,11281.5,10809.3,11271.6
1668088800,11270.6,11462.4,11241.5,11389.8
1668103200,11390.9,11642.3,11388.9,11640.1
1668117600,11620.8,11649.7,11592.1,11595.6
1668132000,11595.5,11686.3,11586,11683.6
1668146400,11683,11742.3,11669.7,11692.3
1668160800,11693.1,11708,11637.2,11666.8
1668175200,11667.2,11745.1,11535,11727.6
1668189600,11727.5,11841.1,11725.4,11799
1668380400,11745.3,11789.2,11731.3,11761.8
1668394800,11761.7,11773.3,11722.2,11749.2
1668409200,11749.4,11774.7,11709.6,11733.9
1668423600,11734.1,11767.6,11665.7,11708.4
1668438000,11708.1,11859.7,11693.5,11857.5
1668452400,11857.5,11863.5,11694.2,11732.8
1668463200,11739.2,11759.4,11726.7,11753.4
1668477600,11753.5,11792.3,11748.4,11782.7
1668492000,11782.2,11826.7,11780.4,11820
1668506400,11820.8,12083.3,11818.5,12039.8
1668520800,12039.8,12042.9,11908.3,11954
1668535200,11954,11965.3,11729.3,11853
1668549600,11824.8,11863.1,11798.9,11834.7
1668564000,11834.8,11888.9,11818.3,11883.1
1668578400,11882.4,11921.6,11862.4,11883.9
1668592800,11883.8,11912.8,11786.1,11791.3
1668607200,11791.2,11818.7,11667.7,11755.6
1668621600,11755.3,11770.7,11674.1,11734.2
1668636000,11739,11752.1,11715.9,11722
1668650400,11722.1,11738.5,11704.9,11724.5
1668664800,11724,11789.2,11675.9,11687.4
1668679200,11687.7,11711,11518.1,11522.5
1668693600,11522.5,11725.5,11490,11714.6
1668708000,11714.6,11741.3,11590.8,11709.9
1668722400,11720.1,11721.1,11680.6,11695.7
1668736800,11695.8,11713.5,11671.6,11680.1
1668751200,11680,11742.6,11637.5,11716.5
1668765600,11716.3,11806.8,11706.6,11798
1668780000,11798.1,11807.6,11575,11602.7
1668794400,11602.9,11710.3,11596.1,11679.7
1668985200,11709.5,11724.2,11627.7,11644.9
1668999600,11645,11657.2,11630.2,11634.5
1669014000,11634,11651.4,11580.9,11588
1669028400,11588.1,11668.4,11565.2,11631.6
1669042800,11631.9,11643,11522.9,11569.5
1669057200,11569.3,11589.9,11546.4,11557.5
1669068000,11558.7,11594.1,11552.6,11574.8
1669082400,11574.7,11587.5,11550.3,11551.8
1669096800,11552,11592.3,11495.5,11583.7
1669111200,11583.8,11609.7,11534.7,11605.5
1669125600,11606.5,11641.3,11496.7,11626.2
1669140000,11626.3,11731.5,11616.7,11710.7
1669154400,11718.6,11727.7,11695.7,11701.7
1669168800,11701.6,11714.3,11692.2,11713.3
1669183200,11713.2,11753.1,11700.1,11744.6
1669197600,11744.7,11764.9,11710.1,11730.6
1669212000,11730.7,11860.6,11717.9,11736.6
1669226400,11736.5,11868.5,11728.1,11851.1
1669240800,11856.1,11880.1,11850.9,11873.1
1669255200,11873.2,11877.2,11862,11862.4
1669269600,11862.5,11900,11850,11891
1669284000,11891.1,11908.4,11877.1,11895.4
1669298400,11895.5,11900.6,11874.7,11888.2
1669312800,11888.2,11888.5,11887.4,11887.8
1669327200,11895.2,11899.5,11877.2,11883.9
1669341600,11883.7,11893.9,11878.5,11881
1669356000,11881.2,11892.4,11822,11833.1
1669370400,11833,11850.1,11790.1,11794.6
1669384800,11794.6,11806,11742.2,11757.7
1669399200,11763.2,11766.1,11752.3,11757.6
1669590000,11704.6,11725,11644.6,11672.3
1669604400,11672.5,11673.6,11636,11667.5
1669618800,11668,11707.2,11620.6,11654.2
1669633200,11653.7,11766.2,11644,11735.6
1669647600,11735.7,11746.3,11604.4,11607
1669662000,11607.1,11612.9,11553,11600.9
1669672800,11598.4,11615,11589,11613.4
1669687200,11612.7,11653.7,11609.5,11652.5
1669701600,11652.4,11681.7,11625.3,11635.2
1669716000,11635,11660.2,11594.4,11612.5
1669730400,11611.8,11626.2,11442.8,11514.3
1669744800,11514.4,11531.5,11454.7,11496.8
1669759200,11498.6,11521.4,11476.3,11512.3
1669773600,11512.1,11525.6,11505.3,11511.5
1669788000,11511.8,11564.8,11507.3,11540.3
1669802400,11539.8,11574.6,11495.8,11498.1
1669816800,11498.8,11558.6,11477.1,11510.8
1669831200,11510.6,12055.5,11508.8,12051.8
1669845600,12051.8,12059,12025.7,12027.2
1669860000,12027.1,12060.7,12005,12050.7
1669874400,12051.2,12054.6,11969.4,11991.9
1669888800,11992.4,12108.8,11976.3,12054.5
1669903200,12054.7,12116.4,11923,12026.9
1669917600,12026.9,12079.4,11997.6,12016.5
1669932000,12017.3,12028.6,11978.6,11984.8
1669946400,11984.9,12008.2,11983.2,12002.8
1669960800,12002.9,12038.8,11997.2,12037.6
1669975200,12037.7,12048.1,11721.7,11804.9
1669989600,11804.8,11962.9,11770.3,11904.2
1670004000,11904.7,12029.9,11879.8,11960.2
1670194800,11982.7,11992.7,11962.2,11972.3
1670209200,11972.4,11979.2,11958.2,11977
1670223600,11977.2,11977.2,11923.8,11952.3
1670238000,11952.7,11979.2,11893.5,11913.4
1670252400,11913.4,11935.7,11765.4,11767.5
1670266800,11767.2,11796.9,11729.6,11795.5
1670277600,11793.8,11827.5,11785.5,11816.1
1670292000,11816,11824.6,11778.9,11786.9
1670306400,11787,11822.8,11765.3,11799.1
1670320800,11798.4,11829.3,11773.3,11804.4
1670335200,11804.9,11813.3,11560.5,11573
1670349600,11573.5,11587.5,11488.3,11552.1
1670364000,11554.9,11581.3,11552,11576.5
1670378400,11576.9,11580.9,11558.8,11562.4
1670392800,11562.7,11572,11498,11511.9
1670407200,11511.8,11527,11409,11490.5
1670421600,11491.5,11581.3,11426.2,11510
1670436000,11509.8,11544.4,11461.8,11484.7
1670450400,11493.6,11503.9,11421.5,11444.3
1670464800,11444,11484.1,11441,11480.5
1670479200,11480.3,11535,11473.9,11518.6
1670493600,11518.8,11584.4,11504.8,11561.9
1670508000,11560.6,11657.5,11463.9,11617.7
1670522400,11618,11674.7,11567.7,11626
1670536800,11638.2,11651.3,11614,11649.8
1670551200,11650,11677.4,11650,11671.5
1670565600,11671.3,11706,11655.8,11661.9
1670580000,11662,11725.4,11508.4,11608
1670594400,11607.9,11708,11540,11674.6
1670608800,11673.9,11674,11542.5,11544.1
1670799600,11562.1,11563.6,11514.7,11535.5
1670814000,11535.6,11555.1,11531.4,11551.5
1670828400,11551,11605.2,11542.2,11601
1670842800,11600.9,11607.7,11480.9,11589.4
1670857200,11589.1,11616.8,11524.5,11593.9
1670871600,11594,11707.5,11575,11686.3
1670882400,11686.2,11711,11680.2,11683.2
1670896800,11683.1,11718.2,11670.7,11714.7
1670911200,11714.5,11753.2,11695.8,11731.5
1670925600,11731.6,12257.5,11717.6,12157.3
1670940000,12156.2,12199.6,11713.4,11767.9
1670954400,11768.9,11882.1,11750,11826.8
1670968800,11834.6,11873.3,11829.1,11869.9
1670983200,11870.3,11889.9,11854.9,11874.7
1670997600,11874.6,11883.2,11812.2,11831.6
1671012000,11831.7,11852.9,11796.1,11821.6
1671026400,11821.4,11936.1,11798.6,11866.7
1671040800,11867.1,11942.5,11604.1,11762.9
1671055200,11763,11773.3,11732.6,11737.7
1671069600,11737.8,11744.1,11711.2,11740.7
1671084000,11740.8,11743.6,11567.8,11596.6
1671098400,11596,11614.1,11521.3,11558.1
1671112800,11557.6,11590.6,11331.2,11340.3
1671127200,11340.7,11388.9,11298.2,11343.5
1671141600,11343.1,11362.6,11338.6,11350
1671156000,11349.9,11379.7,11322.5,11352.9
1671170400,11353,11367.2,11205.2,11245.1
1671184800,11245.2,11313.6,11214.9,11292.1
1671199200,11293.6,11382.6,11180.5,11185.7
1671213600,11186,11289.5,11169.6,11211.9
1671404400,11232.3,11276.2,11228.1,11263.3
1671418800,11263.1,11272.3,11225.5,11261.8
1671433200,11262.1,11304,11243.5,11293.3
1671447600,11293.6,11295.3,11147.6,11161.8
1671462000,11161.8,11203.1,11075.3,11086.2
1671476400,11085.9,11099.5,11027.2,11080.3
1671487200,11089,11123.1,11085.7,11119.1
1671501600,11119,11122.5,10939.1,10968.7
1671516000,10968.2,11075.1,10962,11061.2
1671530400,11061,11082.8,11017.1,11033.3
1671544800,11033.1,11144,10962.2,11090.5
1671559200,11090.8,11124.3,11055.5,11089.8
1671573600,11105.8,11158.8,11100,11147.1
1671588000,11147.3,11152.8,11102.6,11121.2
1671602400,11121,11153.8,11095.3,11145.7
1671616800,11145.8,11147.6,11083.3,11133.1
1671631200,11132.5,11275.6,11077.5,11250.8
1671645600,11251.1,11286.9,11204.9,11251
1671660000,11254.1,11271.1,11235.8,11264.9
1671674400,11265,11278.1,11261.3,11269.9
1671688800,11270.4,11281.9,11233.4,11236.1
1671703200,11236,11236.3,11089.3,11100.6
1671717600,11100.9,11105,10813.7,10836.2
1671732000,10836.1,10987.2,10779.2,10951.5
1671746400,10960.9,10971.5,10918.4,10966.2
1671760800,10966.4,10986.1,10956.6,10960.5
1671775200,10960.6,10977.9,10934.1,10949.7
1671789600,10949.9,11050,10886.9,10958.2
1671804000,10958.4,11009.5,10824.4,10948.4
1671818400,10948.9,10993.6,10924,10973.1
1672092000,11041.1,11088.8,11024.5,11086.6
1672106400,11086.2,11089.8,11060.8,11067.2
1672120800,11067.1,11083.2,11023.8,11050.3
1672135200,11051.1,11059.6,10947,10962
1672149600,10961,10983.2,10802.7,10857.4
1672164000,10857.6,10875.3,10809.5,10820.3
1672178400,10822.7,10846.1,10800.6,10844.9
1672192800,10844.8,10846.6,10819.1,10823.3
1672207200,10823.3,10862.8,10800.7,10819.1
1672221600,10818.9,10860.7,10807.1,10824.9
1672236000,10824.6,10904.4,10679.7,10765.2
1672250400,10765.2,10800,10668.6,10693
1672264800,10704.5,10715.3,10687.1,10702.2
1672279200,10702.3,10715.5,10691.8,10710.2
1672293600,10710.1,10755.8,10708,10748.3
1672308000,10748.2,10813.2,10740.7,10800
1672322400,10799.8,10984,10766.5,10949.6
1672336800,10949.9,10981.6,10922.5,10940.7
1672351200,10942.1,10943.3,10916.8,10925.8
1672365600,10925.6,10941.6,10905.3,10916.3
1672380000,10916.5,10917.5,10855.1,10904
1672394400,10904.1,10922.1,10816.2,10836
1672408800,10835.8,10882.3,10767.5,10869.4
1672423200,10870.5,10966.1,10790.4,10954.5
1672696800,11023.8,11030.5,10867,10900.4
1672711200,10900.5,10971.8,10890.8,10965.1
1672725600,10965,11080.8,10949.1,11080.8
1672740000,11081,11084.2,10966.6,11030.3
1672754400,11030.3,11095.2,10765.5,10790.8
1672768800,10790,10891.5,10771.9,10859.9
1672783200,10850.3,10903,10849,10895.6
1672797600,10895.8,10905.9,10871,10895.9
1672812000,10895.3,10969,10883.4,10921.8
1672826400,10922,10965.8,10890.8,10942.8
1672840800,10942.8,10982.4,10781.1,10918.7
1672855200,10918.5,10978,10816.9,10898.1
1672869600,10908.1,10921.1,10892.3,10896.1
1672884000,10895.8,10905.8,10850.7,10898.8
1672898400,10898.5,10908.8,10847.5,10900
1672912800,10900.5,10962,10829.5,10845.6
1672927200,10845.3,10845.6,10731.2,10758.5
1672941600,10758.3,10835.9,10727.3,10757.7
1672956000,10764.6,10790.2,10752.5,10786.1
1672970400,10786.2,10807,10765.6,10771.1
1672984800,10771.8,10786.2,10700.7,10726.1
1672999200,10726,10890.8,10673.6,10865.6
1673013600,10865.5,10966.1,10689.6,10935.7
1673028000,10936.7,11087.2,10931.4,11026.7
1673218800,11060.3,11080.4,11044.1,11066.3
1673233200,11066.1,11098.3,11058.5,11079.9
1673247600,11081.4,11106.6,11041.5,11081.3
1673262000,11081.4,11231.6,11061.5,11230.9
1673276400,11231.1,11306.4,11184,11202.5
1673290800,11202.6,11228.5,11082.8,11105
1673301600,11106.4,11107.6,11064.6,11096.4
1673316000,11096.6,11099.4,11047.1,11082.2
1673330400,11082.1,11117.9,11074.2,11110.4
1673344800,11110.3,11127.6,11016.2,11049.8
1673359200,11048.4,11206.5,11039.7,11142.2
1673373600,11142.4,11211.4,11131.1,11203
1673388000,11204.6,11223.9,11192,11206.3
1673402400,11206.1,11213.9,11193,11201
1673416800,11200.9,11238.6,11162.4,11226.9
1673431200,11227,11250.9,11198.6,11246.8
1673445600,11246.9,11342.9,11214.1,11325.8
1673460000,11326.6,11399.8,11309,11395.4
1673474400,11394.9,11397.9,11384.4,11391.5
1673488800,11391.3,11412.5,11383.3,11403.4
1673503200,11403.8,11409.4,11372.2,11404.3
1673517600,11404.4,11482.8,11212.5,11467
1673532000,11468.2,11499.9,11233.4,11464.6
1673546400,11464.3,11502.1,11380.3,11450
1673560800,11449.1,11464.2,11415.2,11423
1673575200,11422.8,11424.5,11399.5,11419.3
1673589600,11420.6,11455.8,11417.1,11447.1
1673604000,11447.2,11462.5,11322.7,11332.8
1673618400,11333.3,11466.2,11318.3,11455.7
1673632800,11456.3,11549.2,11435.3,11531.3
1673823600,11547.9,11568,11512.9,11557.5
1673838000,11557.6,11558.5,11513.7,11521.2
1673852400,11521,11521.6,11440.2,11483.1
1673866800,11483.1,11540.9,11481.6,11529.2
1673881200,11529.4,11549,11501.6,11533.2
1673906400,11513.7,11538.5,11489.4,11495
1673920800,11494.9,11507.9,11471.9,11480.4
1673935200,11480.5,11514,11467.6,11493
1673949600,11492.7,11525.9,11479.7,11501.4
1673964000,11501.5,11622,11487.1,11557.9
1673978400,11558,11581.7,11534.9,11553.9
1673992800,11541.4,11541.8,11513.6,11534.6
1674007200,11534.4,11623.7,11522.9,11572.1
1674021600,11571.7,11593.7,11545.9,11562.6
1674036000,11562.2,11652.4,11545.9,11622.4
1674050400,11622.1,11690.4,11440.3,11446.7
1674064800,11446.8,11478.2,11401.6,11415.6
1674079200,11415.5,11420,11382,11389
1674093600,11389.1,11409.9,11380.3,11394.5
1674108000,11394.6,11420,11355.5,11359
1674122400,11359.3,11368.9,11280.3,11321.3
1674136800,11320.8,11379.8,11247.4,11293.6
1674151200,11293.4,11390.2,11288,11328.9
1674165600,11336.8,11343.8,11318.4,11340
1674180000,11340.1,11343,11325.3,11341.1
1674194400,11341,11369.1,11304.8,11319.1
1674208800,11319,11384.3,11301.9,11345.8
1674223200,11345.8,11491.1,11319.9,11471.5
1674237600,11470.8,11622.9,11444.4,11613.8
1674428400,11608.1,11612.1,11588.7,11602.4
1674442800,11602.2,11620,11596.5,11617
1674457200,11617.4,11643.5,11591.4,11606.2
1674471600,11606.1,11759.5,11590.2,11739
1674486000,11739.8,11922.1,11730.3,11897.3
1674500400,11897.3,11899.1,11797.7,11871.9
1674511200,11872.5,11872.6,11849.1,11863.1
1674525600,11863,11880.9,11858,11868
1674540000,11867.9,11873.1,11837.5,11840.8
1674554400,11840.8,11845.1,11772.8,11785.4
1674568800,11786.6,11887.9,11776.6,11839
1674583200,11838.3,11947.8,11798.1,11908.7
1674597600,11906.9,11908.9,11736.8,11743.6
1674612000,11743.3,11771.4,11742.1,11759.6
1674626400,11759.9,11796.1,11721.2,11722.9
1674640800,11722.7,11727.3,11641.4,11648.1
1674655200,11647.6,11729.6,11547.1,11695.2
1674669600,11695,11857.1,11693,11814.5
1674684000,11812.1,11862.5,11807.7,11841.6
1674698400,11841.5,11878.2,11839.2,11875.5
1674712800,11875.6,11902.8,11856,11858.7
1674727200,11858.8,11948.7,11857,11937.2
1674741600,11937,12015,11846.6,11941.4
1674756000,11940.7,12055.4,11912.9,12001.4
1674770400,11984.4,12001.7,11976.8,11978.7
1674784800,11978.8,11991.3,11968.1,11985.1
1674799200,11984.9,11987.8,11958.8,11983.1
1674813600,11983.3,12015.7,11969.3,11985.3
1674828000,11985.8,12183.1,11975.1,12166.7
1674842400,12167.9,12250.5,12144,12161.8
1675033200,12153.5,12192.6,12115.7,12124.8
1675047600,12125.1,12132.8,12094.8,12106.3
1675062000,12106.7,12109.7,11996.7,12019.7
1675076400,12019.5,12077.6,11980.7,12066
1675090800,12065.2,12089,11929,11967.6
1675105200,11967.7,11980,11905.3,11933.8
1675116000,11934.7,11948.9,11921.8,11935.4
1675130400,11935.5,11941.2,11866.4,11873.7
1675144800,11874,11926.4,11851.5,11860.9
1675159200,11860.8,11960.9,11815.7,11945.4
1675173600,11945.7,12040.8,11914.2,12032.1
1675188000,12032.6,12102,12006.4,12064.9
1675202400,12060.5,12068.8,12031.2,12040.8
1675216800,12040.2,12065.3,12031.6,12055.7
1675231200,12055.8,12094.1,12049.2,12063.8
1675245600,12064.7,12115.1,12050.5,12081.3
1675260000,12082.1,12104.5,12025.4,12071.1
1675274400,12070.6,12471,12004.7,12453.1
1675288800,12475.1,12507.5,12456.2,12471.3
1675303200,12471.5,12492.6,12449.6,12478.2
1675317600,12478.3,12554.1,12456.5,12538.7
1675332000,12538.8,12615.3,12501.1,12609.3
1675346400,12609.7,12788.2,12594.3,12781.7
1675360800,12781.3,12895.1,12564.7,12620.1
1675375200,12684.8,12693,12601.5,12605.5
1675389600,12605.6,12622.7,12565.8,12607.5
1675404000,12608,12620.5,12528.3,12600
1675418400,12599.8,12707.6,12516.3,12536.5
1675432800,12536.6,12828,12498.2,12679.2
1675447200,12680.4,12687.5,12531.1,12563.8
1675638000,12529.4,12553.1,12498.9,12522.9
1675652400,12522.8,12530.1,12490.3,12496.1
1675666800,12496.9,12523.8,12414.7,12440.7
1675681200,12440.2,12516.9,12415.6,12497.8
1675695600,12498.1,12556.4,12405.6,12481.7
1675710000,12481.5,12525.2,12420.5,12464.6
1675720800,12467.4,12518,12462.4,12515
1675735200,12515.4,12516.1,12481.2,12490.1
1675749600,12490,12525.2,12427.9,12512.6
1675764000,12512.5,12520.7,12456.4,12471.1
1675778400,12471.2,12735.1,12434.6,12697.5
1675792800,12697.2,12775.5,12417,12696.9
1675807200,12709.2,12732.7,12696.1,12717.6
1675821600,12717.3,12765.1,12714.3,12760.5
1675836000,12761,12763,12674.2,12711.2
1675850400,12711.5,12739.3,12667.8,12677.3
1675864800,12677.2,12708.8,12472.6,12547.4
1675879200,12546.7,12576.7,12468.2,12511.8
1675893600,12506.9,12538.9,12495.6,12535.1
1675908000,12535.3,12566,12509.1,12545.3
1675922400,12545.1,12657.3,12540.4,12657.1
1675936800,12656.9,12674.5,12614.5,12667.4
1675951200,12667.8,12681.9,12456.5,12498.5
1675965600,12500.5,12520,12326.3,12403.6
1675980000,12389.7,12406.3,12358.8,12378.4
1675994400,12378,12381.2,12333.7,12361
1676008800,12360.9,12401.2,12286.3,12288.9
1676023200,12289.2,12305.7,12226,12286.9
1676037600,12287.2,12378.9,12201.6,12261
1676052000,12260.7,12326.6,12237.6,12296.2
1676242800,12293.1,12297.2,12222.2,12247.6
1676257200,12247.7,12271.1,12238.1,12264.9
1676271600,12265,12352.5,12258.1,12349.1
1676286000,12349.2,12421.7,12308.5,12417.7
1676300400,12417.4,12524.2,12372.7,12517
1676314800,12517.2,12524.2,12440,12500.6
1676325600,12496.6,12504.3,12473.4,12481.3
1676340000,12481.7,12489.4,12461.4,12475.3
1676354400,12475.2,12531.4,12471.8,12517.1
1676368800,12517.9,12641.2,12419.1,12474.3
1676383200,12474.9,12630.8,12347.6,12482.9
1676397600,12481,12623.3,12478.2,12571.6
1676412000,12568.4,12570.4,12529.4,12530.4
1676426400,12530.5,12532.1,12494.1,12513.5
1676440800,12513.7,12546.1,12485.2,12529
1676455200,12528.9,12573.6,12489.7,12537.5
1676469600,12537.1,12628.1,12482.1,12588.4
1676484000,12586.6,12710.3,12569.4,12701.8
1676498400,12689.8,12736.2,12685.9,12728.1
1676512800,12727.9,12746.3,12722.2,12728.9
1676527200,12728.6,12737.4,12682.1,12682.2
1676541600,12682.4,12693.2,12487.7,12512.9
1676556000,12513.2,12657.8,12451.2,12616.8
1676570400,12616.9,12641.4,12416.7,12424.8
1676584800,12410.1,12414.2,12380.4,12389.7
1676599200,12389.6,12389.9,12355.9,12361.1
1676613600,12361.2,12377.6,12299.6,12340.7
1676628000,12340.6,12362.9,12304.8,12351.3
1676642400,12349.8,12384.3,12231,12248
1676656800,12247.9,12372,12240.4,12347.4
1676847600,12342.7,12355.6,12310.5,12353
1676862000,12353.1,12370.3,12346.2,12360.3
1676876400,12360.7,12361.2,12318.2,12345
1676890800,12345.5,12381.2,12338.7,12351.1
1676905200,12349.5,12351.8,12326.7,12326.9
1676930400,12330.1,12343.1,12298.2,12315.2
1676944800,12315.1,12325,12303.6,12314.3
1676959200,12314.5,12321.7,12192.2,12257.5
1676973600,12257.7,12263.5,12203.5,12204.2
1676988000,12204.1,12252.5,12108.2,12137.9
1677002400,12137.6,12140.9,12058.1,12077
1677016800,12074.8,12095.8,12064.5,12088.5
1677031200,12088.3,12108.9,12084.4,12088.1
1677045600,12087.6,12110.8,12030.3,12075.5
1677060000,12076,12128.3,12029.9,12096.8
1677074400,12096.1,12140.3,12000.4,12103.3
1677088800,12103,12159.1,12016.7,12133
1677103200,12132.8,12165.7,12119,12165.2
1677117600,12165,12179.5,12154.2,12158
1677132000,12158.1,12193,12117.6,12149.9
1677146400,12150,12203.2,12139.4,12188.1
1677160800,12188,12228,12001.9,12051.3
1677175200,12052.3,12220.3,12029,12162.3
1677189600,12162.5,12185,12134.4,12155.1
1677204000,12154.9,12165.1,12144.7,12148.1
1677218400,12148.2,12154.4,12093.4,12096.6
1677232800,12096.5,12104.1,11945,11969.2
1677247200,11969,12013.2,11894,11919.3
1677261600,11918.6,11995,11905.1,11973.1
1677452400,11974.8,12019.3,11963.7,12012.4
1677466800,12012.8,12015.3,11980.1,11985.3
1677481200,11984.8,12051.3,11981.8,12026.2
1677495600,12026.6,12126.2,12022.6,12121.1
1677510000,12121,12162.5,12038.7,12102.3
1677524400,12102.2,12118.5,12032.7,12067.5
1677535200,12076.8,12102.4,12062.6,12094.1
1677549600,12094.6,12099.8,12057.8,12060.8
1677564000,12061.4,12075.1,12003.8,12034.6
1677578400,12034.4,12120.1,12033.3,12070.3
1677592800,12070.6,12127.7,12018.9,12119.4
1677607200,12119.3,12146.5,12001,12014.3
1677621600,12012,12018.3,11964.7,12016.8
1677636000,12016.7,12053.3,12011.8,12046.8
1677650400,12047.8,12102,12045.8,12092.3
1677664800,12092.6,12116.6,12013.5,12014.1
1677679200,12014.3,12054.2,11902.3,11984.3
1677693600,11982.8,11983.6,11913.4,11959.4
1677708000,11947.6,11966.7,11830.9,11861.9
1677722400,11862.3,11894.1,11854.6,11862.6
1677736800,11862.7,11879.3,11807.7,11841.8
1677751200,11842,11895.7,11815.3,11820
1677765600,11819.7,11918.5,11818.1,11906.1
1677780000,11904.5,12074.3,11891.7,12028.8
1677794400,12020.4,12035.7,11995.6,11997.2
1677808800,11997.4,12021,11990.6,12016
1677823200,12015.9,12068.1,11997.5,12057.4
1677837600,12057.2,12120.4,12057.1,12117.7
1677852000,12117.6,12247.9,12090.9,12245.1
1677866400,12243.5,12307.8,12231.7,12306.1
1678057200,12276.4,12357.7,12255.8,12334.8
1678071600,12335.4,12345.2,12315.5,12334.2
1678086000,12333.8,12338.5,12283.3,12307
1678100400,12307.3,12375.7,12275.5,12363.8
1678114800,12364.1,12466.6,12336.1,12343.7
1678129200,12344.2,12361.1,12296.3,12302.7
1678140000,12303.5,12342.9,12294.7,12342.4
1678154400,12342.5,12355.2,12332.7,12338.2
1678168800,12338.1,12363,12313.1,12331.2
1678183200,12331.4,12353,12323.2,12327
1678197600,12326.7,12344.7,12163.9,12244.5
1678212000,12245.1,12248.2,12128.1,12158.9
1678226400,12159.8,12168.3,12135.5,12153.9
1678240800,12153.7,12160.8,12123.2,12141.2
1678255200,12141,12178.2,12132.7,12167.4
1678269600,12167.5,12184.2,12129.8,12161.9
1678284000,12161.8,12240.7,12094.8,12178.6
1678298400,12178.1,12231.5,12127.7,12221.5
1678312800,12215.4,12220.6,12168.1,12169.8
1678327200,12169.7,12202.9,12167.3,12196.6
1678341600,12196.7,12202.6,12128.4,12132.4
1678356000,12132.3,12242.7,12121.2,12239.7
1678370400,12239.9,12338.4,12202.1,12217.8
1678384800,12218.6,12228.7,11966.7,11997.3
1678399200,11982.5,11982.6,11932.6,11955.3
1678413600,11955,11961.6,11915.3,11940.1
1678428000,11940.2,12012.1,11912.2,11988.3
1678442400,11988.1,12097.3,11927.2,12059.1
1678456800,12059.8,12076.7,11856.2,11889.9
1678471200,11890.8,11910.8,11788.4,11880.9
1678658400,11875.9,12034.4,11841.5,11967
1678672800,11967.2,12065.3,11960.4,12056.9
1678687200,12056.8,12086.2,11848.9,11889.8
1678701600,11889.7,11994.9,11673.7,11882.3
1678716000,11881.2,12069.2,11834.7,11999
1678730400,11998.9,12078.1,11908.3,11935.6
1678741200,11937.2,11976.9,11920.8,11953.7
1678755600,11953.8,12000.3,11939.7,11976.7
1678770000,11976,11987.3,11917.8,11981.1
1678784400,11981.2,12059.7,11893.1,12044.9
1678798800,12043.2,12217,12036.3,12180.1
1678813200,12179.7,12205.8,12029.8,12195.5
1678827600,12194.3,12197.1,12172.3,12184.2
1678842000,12184.1,12235.1,12182,12207.3
1678856400,12207.6,12229,12182.2,12190.7
1678870800,12190.5,12193.2,11959.5,12013.1
1678885200,12013.2,12172.2,11989.7,12065.7
1678899600,12066.2,12274.5,12056,12262.9
1678914000,12262,12324.3,12251.2,12319.6
1678928400,12319.5,12329.6,12281.8,12315.1
1678942800,12314.6,12323.5,12256.1,12285
1678957200,12285.1,12296.6,12222.5,12241.2
1678971600,12240.2,12549.5,12181.6,12541
1678986000,12541.7,12595.5,12501.4,12573.9
1679000400,12561,12592.6,12556.5,12570.5
1679014800,12570.3,12601.6,12565.3,12600.2
1679029200,12600.5,12630.2,12580.7,12589
1679043600,12589.5,12605.1,12523.1,12540.7
1679058000,12540.5,12672.1,12439.3,12507.7
1679072400,12507.5,12570.5,12455,12518.4
1679263200,12593.4,12604.4,12527.5,12546.9
1679277600,12546.8,12564,12507.4,12524.2
1679292000,12524.5,12533.4,12396.8,12524.7
1679306400,12524.9,12559.2,12401.5,12435.5
1679320800,12433.8,12570.2,12425,12532.9
1679335200,12533.3,12578.2,12506.1,12566.2
1679346000,12566.3,12604.3,12549.3,12571.1
1679360400,12571.5,12577.5,12544.1,12564.1
1679374800,12564,12609.1,12558.8,12578
1679389200,12578.1,12658.6,12561.5,12631
1679403600,12630.5,12704.6,12581.8,12648.3
1679418000,12647.4,12762.4,12639.9,12739.7
1679432400,12734.4,12741.7,12723.3,12733.1
1679446800,12733.2,12751.9,12729.6,12747.4
1679461200,12747.3,12748.8,12675.6,12683.1
1679475600,12683.2,12732.8,12676.9,12719.7
1679490000,12719.3,12813.1,12716.8,12759.8
1679504400,12758.3,12946.3,12543.4,12564.8
1679518800,12568.9,12597.6,12568.9,12587.6
1679533200,12588.5,12640.6,12584.5,12636.8
1679547600,12636.9,12719.6,12628.6,12706
1679562000,12706.6,12708.4,12656.5,12687
1679576400,12687.4,12895.6,12668.3,12824.4
1679590800,12824.6,12842.3,12598.9,12742.9
1679605200,12747.4,12748.3,12707.4,12726.6
1679619600,12726.4,12741.2,12693.3,12728.2
1679634000,12728.1,12791.1,12693.8,12728.6
1679648400,12728.9,12747.1,12624.7,12679.8
1679662800,12679.7,12730.9,12599.6,12677.9
1679677200,12678,12799.2,12658.8,12796
1679868000,12792.7,12834.7,12780.1,12787.5
1679882400,12787.2,12849.5,12785.2,12835.9
1679896800,12836.9,12839.2,12724.5,12792.5
1679911200,12792.6,12839.4,12757.7,12806.9
1679925600,12809.2,12822.9,12642.1,12682.6
1679940000,12682.9,12747.6,12655.1,12691.7
1679950800,12687.4,12704.3,12680.6,12690.4
1679965200,12690.9,12701.3,12670.1,12680.1
1679979600,12679.8,12711.8,12630.6,12643.6
1679994000,12642.9,12674.7,12631.2,12650.2
1680008400,12650.3,12656.7,12530.7,12563.2
1680022800,12563.8,12633.7,12515.3,12626.9
1680037200,12628.4,12659.9,12621.9,12657.4
1680051600,12657.3,12670.7,12641.9,12665.5
1680066000,12665.4,12735.6,12663,12719.2
1680080400,12719.1,12739.8,12709.7,12732.7
1680094800,12732.3,12811.2,12731.7,12776.1
1680109200,12776.9,12868.1,12768.3,12834.3
1680123600,12834.4,12844.1,12806.9,12821.8
1680138000,12821.5,12836.4,12810.5,12831
1680152400,12830.9,12880.8,12828.5,12871.3
1680166800,12871,12942,12870.5,12926.5
1680181200,12926.8,12990.5,12907.1,12928.5
1680195600,12929,12977.5,12890.2,12965.4
1680210000,12951.3,13016.5,12950.7,13013
1680224400,13012.7,13016.5,12992.3,13008.3
1680238800,13008.2,13008.8,12953.7,12958.4
1680253200,12959.4,13006.3,12937.7,12974.7
1680267600,12974.8,13116.4,12960.3,13104.9
1680282000,13104.8,13187.5,13086.2,13183.8
1680472800,13133.1,13141,13076.1,13089.2
1680487200,13088.8,13105.7,13082.3,13095.3
1680501600,13095.5,13122.8,13079.3,13095.3
1680516000,13095.5,13137.6,13056,13103.1
1680530400,13110.6,13147.6,13033.7,13055.6
1680544800,13055.5,13158.1,13040.6,13138.3
1680555600,13128.8,13134.6,13113.9,13126.8
1680570000,13126.6,13138.1,13103.4,13126.6
1680584400,13126.9,13147.1,13110.1,13143.4
1680598800,13143.3,13225.5,13142.6,13180.1
1680613200,13180.4,13205.2,13063.4,13098.9
1680627600,13099.5,13127.9,13047.7,13108.5
1680642000,13108.5,13125.9,13104.2,13110.9
1680656400,13111.2,13119.5,13091.4,13097.2
1680670800,13097,13109.8,13055.5,13064.7
1680685200,13064.9,13114.4,13062.7,13078.9
1680699600,13079.7,13086.4,12893.6,12909.1
1680714000,12908.7,12979.9,12900.6,12957.3
1680728400,12952,12955,12923.1,12930
1680742800,12929.8,12930.1,12905.2,12913.6
1680757200,12913.5,12966.2,12905.5,12939.2
1680771600,12939,12957.8,12872,12906.7
1680786000,12906.2,13049.7,12841.1,13018.1
1680800400,13017.1,13078.3,13008.8,13050.3
1680814800,13041.2,13057.4,13038.6,13046.5
1680829200,13046.4,13052.6,13039.6,13048.7
1680843600,13048.6,13063.7,13041.6,13060.9
1680858000,13060.7,13077.1,13014.4,13055.4
1680872400,13054.6,13073.5,13054.6,13071.7
1681077600,13056.6,13090.5,13024.2,13030.5
1681092000,13030.7,13036.7,13012.1,13015
1681106400,13015.2,13051.7,12995.4,13043
1681120800,13042.9,13053.6,12855.6,12875.2
1681135200,12875.1,13029.7,12859.1,13016.1
1681149600,13016.2,13061.2,13009.3,13052.7
1681160400,13048,13074.2,13038.1,13049.7
1681174800,13049.2,13061.7,13034,13034.4
1681189200,13034.2,13078.5,13032.6,13077.9
1681203600,13077.7,13096.5,13013.7,13024.5
1681218000,13024.4,13051.2,12945,12988.8
1681232400,12987.7,13023.1,12951.5,12970.3
1681246800,12969.5,12986.5,12966.3,12973.6
1681261200,12973.5,12980,12956.5,12964.9
1681275600,12964.8,12980.8,12928.4,12966.6
1681290000,12966.8,13130.8,12942.5,13063.5
1681304400,13064.1,13079.8,12869.3,12979.4
1681318800,12980,13002.9,12829.3,12847.2
1681333200,12846.2,12850,12817.2,12849
1681347600,12848.7,12868.8,12840.7,12864.8
1681362000,12864.7,12900.2,12853.5,12865.9
1681376400,12866,12927.3,12848.4,12916.3
1681390800,12916.2,13054.2,12894.9,13044.4
1681405200,13043.9,13123.9,13026.9,13075.9
1681419600,13076,13111.2,13073.1,13103.2
1681434000,13103.3,13103.4,13084.8,13090.6
1681448400,13090.7,13112.7,13075.3,13077.9
1681462800,13077.8,13080.1,12996.9,13017.6
1681477200,13017.4,13150.6,12954.1,12970.3
1681491600,12971.7,13110.3,12962,13098
1681682400,13106.6,13106.7,13072.7,13082.6
1681696800,13082.5,13094.8,13073.8,13091.8
1681711200,13092.1,13116.5,13055.1,13062.3
1681725600,13062.5,13104.5,13041.1,13060.8
1681740000,13060.7,13092.1,12978.4,12997.4
1681754400,12997.3,13095.6,12991.9,13080.2
1681765200,13079.9,13084.9,13066.7,13068.7
1681779600,13068.4,13082.9,13059.9,13063.9
1681794000,13063.4,13149.9,13062.7,13141.7
1681808400,13141.6,13198.2,13136.2,13187.9
1681822800,13188.1,13197.3,13052.6,13080.3
1681837200,13079.3,13102.6,13040.7,13089.4
1681851600,13083.1,13086.7,13073.7,13081.7
1681866000,13081.4,13088.9,13064.7,13066.9
1681880400,13066.8,13069.6,13001.1,13016.9
1681894800,13016.4,13018.6,12967.7,12981.2
1681909200,12982.2,13111.2,12977.8,13095.8
1681923600,13095.9,13129.2,13058.8,13069.9
1681938000,13064.9,13068.6,13026.1,13044.4
1681952400,13044.8,13055.9,13025.6,13036.4
1681966800,13036.6,13040.1,12928.2,12938.2
1681981200,12938.1,12977.9,12931.4,12971.7
1681995600,12971.2,13078.8,12949.4,13077.4
1682010000,13077.6,13102.6,12931,12998.7
1682024400,12992,13014.8,12985.8,13014.8
1682038800,13014.2,13016.8,12989.3,12991.3
1682053200,12991.5,13000,12946.3,12993
1682067600,12992.8,13000.1,12914.2,12963.8
1682082000,12964,13008.5,12891.8,12984.2
1682096400,12983.1,13032.1,12966.7,12986.6
1682287200,12978.7,12984.4,12956.9,12964.9
1682301600,12964.7,12975.4,12937.4,12939.1
1682316000,12939,12991.7,12924.5,12980.9
1682330400,12980.7,13047.9,12968,13012.8
1682344800,13012.5,13015.8,12880,12959.2
1682359200,12959,12981.7,12942.2,12961.1
1682370000,12958.3,12972.2,12951.8,12953.8
1682384400,12953.7,12960.7,12917.8,12922.3
1682398800,12922.2,12940,12879.7,12906.1
1682413200,12906.2,12930.7,12897.3,12911.3
1682427600,12911.5,12928,12804.7,12823.5
1682442000,12823.2,12859,12719.4,12834.4
1682456400,12845.3,12909.9,12844.3,12898.8
1682470800,12898.6,12913.4,12882.3,12889
1682485200,12888.8,12909.9,12858.3,12890.1
1682499600,12889.9,12893.9,12802.6,12865.3
1682514000,12865.1,12929.4,12813.6,12872.4
1682528400,12872.5,12888.3,12781.1,12877.5
1682542800,12881.8,12886.1,12857.5,12863.5
1682557200,12863.4,12890.1,12853.5,12889.5
1682571600,12889.6,12933,12880.3,12909.3
1682586000,12909.1,12962.8,12889,12939
1682600400,12938,13096,12930.5,13094.5
1682614800,13095.1,13254,13086.1,13183.3
1682629200,13142.2,13148.7,13115.3,13130.5
1682643600,13130.4,13153.5,13113.2,13130.4
1682658000,13130.3,13158.2,13103.4,13112.2
1682672400,13112.9,13146.5,13092.9,13132.2
1682686800,13132,13216.2,13095.8,13207.6
1682701200,13207.3,13258.8,13180.1,13247.8
1682892000,13235,13246.3,13219.3,13234.2
1682906400,13234.1,13270.5,13231.3,13262.8
1682920800,13262.2,13289.6,13220.2,13241.3
1682935200,13241.2,13253.8,13208.3,13237.3
1682949600,13228.6,13286.5,13184.4,13273.8
1682964000,13273.7,13276.7,13209.3,13211.9
1682974800,13207.3,13222.7,13192.8,13201.6
1682989200,13201.7,13230.9,13198.8,13223.6
1683003600,13223.8,13259.2,13222.1,13226.4
1683018000,13225.2,13249.2,13207.9,13221.3
1683032400,13221.2,13237.9,13040.3,13101
1683046800,13101.8,13150.6,13093,13096.2
1683061200,13088.9,13123.4,13087.8,13118.6
1683075600,13118.3,13121.6,13101.4,13115
1683090000,13115.1,13140.9,13106.8,13134.1
1683104400,13134,13159.6,13125.4,13130.3
1683118800,13130.8,13170.7,13107.3,13156
1683133200,13155.9,13236.4,13008.9,13016.4
1683147600,13000.7,13044.6,12976.1,13034.7
1683162000,13034.9,13095.8,13030.1,13087.6
1683176400,13087.4,13100.6,13030.6,13061.3
1683190800,13061.2,13071.7,12990.7,13007.3
1683205200,13007.2,13042.3,12937.1,13024.8
1683219600,13024.5,13065.3,12959.3,12976.5
1683234000,12994.5,13045.6,12988.2,13041.6
1683248400,13041.5,13046.5,13027.2,13040.5
1683262800,13040.3,13045.6,13009,13040.2
1683277200,13040.3,13080.5,13020.5,13046.5
1683291600,13046.3,13209.3,13044.8,13203.6
1683306000,13202.7,13292,13200.6,13243.8
1683496800,13251.4,13266.3,13228.3,13242.4
1683511200,13242.6,13263.4,13238.9,13247.8
1683525600,13247.4,13268.9,13231.4,13248.4
1683540000,13248.3,13257.7,13194.9,13204.4
1683554400,13204.3,13291,13192.2,13282.3
1683568800,13282.1,13304,13225.8,13270.7
1683579600,13268.7,13275.9,13263.2,13265.9
1683594000,13265.8,13283.1,13264.2,13277.3
1683608400,13277.2,13281.1,13222.2,13231.7
1683622800,13231.8,13240.1,13209.8,13212.1
1683637200,13212.3,13253.4,13194.3,13223.4
1683651600,13222.7,13231.5,13190.6,13196
1683666000,13192.1,13222,13190.1,13215
1683680400,13214.9,13220.5,13202.5,13210.5
1683694800,13210.4,13221.7,13139,13169.5
1683709200,13169.4,13329,13161.6,13320.1
1683723600,13320.2,13370.2,13236.2,13270
1683738000,13269.9,13384.8,13200.5,13343.8
1683752400,13342.9,13377.8,13341.3,13370.8
1683766800,13370.7,13382.8,13363.3,13370.3
1683781200,13370.4,13398.8,13355.3,13385.6
1683795600,13385.7,13403.3,13340.9,13370.3
1683810000,13370.4,13402.3,13298.4,13393.5
1683824400,13393.7,13412.8,13336.7,13386.2
1683838800,13386.7,13420.8,13385.8,13419.7
1683853200,13419.6,13434,13412.3,13429.8
1683867600,13430,13430.3,13397.8,13422.7
1683882000,13423.3,13433.3,13393.8,13403.6
1683896400,13403.3,13427,13259.7,13268.2
1683910800,13269.5,13343.3,13252.8,13310.8
1684101600,13312.4,13328.6,13291,13324.1
1684116000,13324.3,13359.3,13318.9,13357.9
1684130400,13358,13388.3,13353.9,13372.6
1684144800,13372.5,13381.6,13317.3,13319
1684159200,13319.5,13420.9,13294.4,13392.3
1684173600,13392.2,13416.8,13386,13406.2
1684184400,13402.7,13410.3,13398.1,13408.4
1684198800,13408.3,13408.9,13394.9,13399.7
1684213200,13399.6,13435.4,13382.2,13417.8
1684227600,13417.7,13425.8,13373.6,13376.9
1684242000,13375.9,13499.3,13370.1,13494.1
1684256400,13493.3,13498.4,13416.6,13440.9
1684270800,13439.8,13444.8,13425.1,13442.9
1684285200,13442.8,13462.3,13442.3,13454.9
1684299600,13455,13460.4,13413.6,13446.5
1684314000,13446.4,13461.1,13429.9,13460.8
1684328400,13460.9,13556,13415,13547.3
1684342800,13547.6,13609,13545.9,13581.5
1684357200,13581.6,13587,13571.6,13572
1684371600,13572.2,13594.5,13569,13585.2
1684386000,13585.1,13616.2,13572.2,13605
1684400400,13604.8,13623.6,13578.3,13579.1
1684414800,13579.2,13795.6,13572.5,13737.4
1684429200,13737,13856.9,13702.1,13854.8
1684443600,13848.3,13903.9,13843.1,13875.9
1684458000,13875.8,13886.5,13858.3,13868.8
1684472400,13868.9,13875.6,13832.4,13870.9
1684486800,13870.6,13872.3,13821.6,13857
1684501200,13856.6,13872.8,13767.4,13797.1
1684515600,13797.2,13820.9,13760.3,13784
1684706400,13758.6,13811.5,13758.2,13803.2
1684720800,13803.3,13823.6,13797.6,13809.3
1684735200,13809.5,13820.5,13781.6,13784
1684749600,13783.8,13891.7,13769.8,13873.8
1684764000,13873.1,13883,13807,13850.7
1684778400,13850.8,13889.1,13831,13860.7
1684789200,13861.3,13900.1,13858.4,13891.6
1684803600,13891.5,13923.8,13869,13873.6
1684818000,13874.1,13882.8,13843.4,13853.8
1684832400,13853.5,13858.6,13784.8,13787.1
1684846800,13787.3,13823.8,13725.2,13743.7
1684861200,13743.6,13768.1,13661,13681.6
1684875600,13680.7,13704.9,13680.4,13700.2
1684890000,13700.7,13702,13677.6,13698
1684904400,13698.1,13701.6,13638.7,13669.9
1684918800,13670,13680.2,13593.1,13595.2
1684933200,13595.5,13624,13519.4,13554.7
1684947600,13554.1,13795.6,13529.6,13793
1684962000,13824.4,13834.2,13754,13801.2
1684976400,13801.1,13811.5,13774.2,13783.5
1684990800,13783.7,13836,13777.5,13835.5
1685005200,13835.3,13920.6,13833.5,13914.2
1685019600,13914.3,13962.4,13802.1,13933.9
1685034000,13933.6,13990.1,13900.7,13940.2
1685048400,13941,13946.4,13913.1,13928
1685062800,13928.1,13931,13884.4,13913.1
1685077200,13913.7,13955.4,13903.5,13949.1
1685091600,13949,14004,13925.6,13982
1685106000,13981.9,14286.7,13974.5,14279.9
1685120400,14278.4,14328.3,14252.5,14323.8
1685311200,14384.4,14405.2,14346.3,14362.4
1685325600,14362.5,14370,14343.5,14367.3
1685340000,14367.4,14391.5,14346.8,14356.3
1685354400,14356.2,14378.5,14327.2,14332.3
1685368800,14333,14370.7,14332.8,14365.1
1685383200,14367.9,14370.6,14364.3,14365.7
1685394000,14356.9,14368.8,14340.4,14347.5
1685408400,14347.3,14358.4,14338,14353.3
1685422800,14352.8,14444.4,14345.7,14432
1685437200,14431.8,14529.3,14428.5,14485.5
1685451600,14486.3,14518.7,14355,14408.5
1685466000,14407.4,14408,14297.8,14365.2
1685480400,14353.2,14389.5,14343.3,14375.5
1685494800,14375.3,14376.5,14331.4,14332.5
1685509200,14332.3,14332.3,14292.9,14324.9
1685523600,14323.4,14346.7,14277.5,14280.9
1685538000,14281.3,14372.7,14214.7,14241.2
1685552400,14240.4,14320.9,14232.9,14246.7
1685566800,14253.6,14276.2,14234.2,14240.5
1685581200,14240.6,14292.3,14207.5,14243.5
1685595600,14243.3,14284.3,14237,14268.6
1685610000,14268.5,14295.3,14232.1,14255.7
1685624400,14255,14431.9,14211,14428
1685638800,14427.5,14494.3,14399.9,14462.4
1685653200,14458,14462.1,14444.7,14446
1685667600,14445.9,14479.7,14440.2,14473.4
1685682000,14473.2,14494.9,14459.6,14494.7
1685696400,14495,14530.1,14460,14477.1
1685710800,14477.4,14593.5,14436.4,14561.5
1685725200,14560.9,14573.6,14522,14554.8
1685916000,14528,14543.7,14481.3,14501.6
1685930400,14501.5,14514.7,14485.2,14503.3
1685944800,14503.6,14543,14494.8,14503.6
1685959200,14503.5,14620,14496.8,14566.9
1685973600,14566.6,14662.8,14560.1,14600.6
1685988000,14600.5,14606.6,14513,14551.9
1685998800,14546.6,14553,14525.6,14543.1
1686013200,14543.3,14569.6,14541.4,14557.3
1686027600,14557.4,14583,14536.1,14550.5
1686042000,14551,14563.1,14532.8,14540.6
1686056400,14540.5,14594.6,14474.3,14503.8
1686070800,14504.1,14573.4,14502.2,14565.5
1686085200,14565.2,14572.9,14546.2,14563.5
1686099600,14563.6,14565.6,14539.9,14552.2
1686114000,14552.1,14557.1,14509.5,14527.9
1686128400,14527.7,14585.5,14520.6,14569.4
1686142800,14569.2,14646.2,14348.1,14363.6
1686157200,14364.7,14385.1,14281.4,14291.5
1686171600,14300.5,14312.3,14282.3,14309.6
1686186000,14309.4,14313,14235.6,14246.6
1686200400,14246.8,14309.4,14232.1,14298.4
1686214800,14298,14346.3,14263.4,14334.4
1686229200,14334.3,14504.7,14303.4,14463
1686243600,14462.7,14507.1,14401.8,14500.6
1686258000,14492,14494.8,14463.8,14468.6
1686272400,14468.8,14486.1,14464.6,14469.5
1686286800,14469.3,14488.6,14440.9,14482.6
1686301200,14482.8,14537.5,14464.8,14533.3
1686315600,14533.1,14672.7,14483.4,14540
1686330000,14539.9,14602.1,14524.1,14550.6
1686520800,14544,14593.9,14540.6,14580.1
1686535200,14580.2,14587.5,14563.9,14584.1
1686549600,14584,14639.2,14578.1,14612.7
1686564000,14612.6,14627.1,14586.9,14599.8
1686578400,14600.2,14698.5,14569.2,14697.7
1686592800,14697.2,14812,14686.6,14810.2
1686603600,14804.2,14824.2,14797.6,14799.8
1686618000,14800,14856.1,14797.7,14850.6
1686632400,14850.5,14887.2,14844.5,14872.2
1686646800,14871.6,14913.5,14781.7,14913.5
1686661200,14913.7,14953.1,14769,14904.8
1686675600,14905.3,14917.7,14814.8,14911.8
1686690000,14918.5,14922,14894.4,14894.7
1686704400,14895.4,14914.2,14895.4,14904.7
1686718800,14905,14955.2,14884.9,14937.6
1686733200,14937.5,14947.9,14904,14908.5
1686747600,14908.6,15019.9,14857.1,14980
1686762000,14980.4,15046.3,14784.5,15035.7
1686776400,15025,15031.8,15009.3,15013.3
1686790800,15013.2,15017.4,14969.2,14996.5
1686805200,14996.7,15010.4,14925,14927.2
1686819600,14927.4,14939.8,14869.4,14925.8
1686834000,14925.9,15135.3,14916,15110.2
1686848400,15109.6,15250,15072.3,15175.2
1686862800,15166.4,15180.6,15134.4,15140.8
1686877200,15140.5,15161.5,15122.8,15151.8
1686891600,15151.5,15217.1,15143.4,15205.1
1686906000,15205.3,15249.3,15176,15240.3
1686920400,15240.6,15282.9,15140.9,15218
1686934800,15218.5,15223.2,15072.5,15112.9
1687125600,15126.1,15135.6,15084.1,15087.1
1687140000,15087,15110.7,15076.6,15096.7
1687154400,15096.6,15119.5,15066.5,15087.1
1687168800,15087.2,15092,15047.9,15054.2
1687183200,15054,15064.1,15044.4,15058.4
1687197600,15061.3,15073.7,15057.2,15063.1
1687208400,15062.4,15071.6,15046.4,15063.7
1687222800,15063.6,15069.7,15039.6,15045.1
1687237200,15045,15064.9,14982.9,14991.9
1687251600,14992,15066.6,14987.5,15066.4
1687266000,15067,15136.9,14945.2,15076.2
1687280400,15075.3,15104.6,15045.7,15059.8
1687294800,15067.8,15088.5,15054.6,15082.3
1687309200,15082.2,15084.8,15060.7,15076
1687323600,15076.1,15081,15030.8,15062.2
1687338000,15062.1,15075,15001.3,15016
1687352400,15015.7,15034.2,14823.6,14881.8
1687366800,14873.3,14970.3,14855.8,14860.2
1687381200,14866,14880.3,14846.6,14859
1687395600,14859.1,14864.1,14832,14836.3
1687410000,14836.4,14838.9,14792.9,14815.4
1687424400,14815.3,14846.1,14792.8,14812.8
1687438800,14811.8,15007,14786.6,14953
1687453200,14954.2,15063.5,14910,15058.4
1687467600,15055,15059.1,15029,15030.5
1687482000,15030.4,15033.3,14953.6,14962
1687496400,14962.1,15001.4,14916,14925
1687510800,14924.1,14970.6,14846.1,14866.4
1687525200,14866.5,14957.7,14817.8,14951.7
1687539600,14950.4,14985.1,14861.3,14884
1687730400,14886.4,14947,14884.7,14934.3
1687744800,14934.4,14949.6,14916.8,14920.9
1687759200,14920.8,14923.4,14834.9,14869.3
1687773600,14859.3,14972.5,14851.5,14969.9
1687788000,14970,14984.6,14710.9,14734.4
1687802400,14734.6,14782.3,14687.2,14705.9
1687813200,14714.2,14730.7,14698.1,14711.6
1687827600,14711.8,14726.7,14698.3,14716.6
1687842000,14716.4,14760.1,14713.8,14743.3
1687856400,14743.4,14771.7,14726.3,14749.6
1687870800,14749.8,14900.8,14722.1,14886.9
1687885200,14885.3,14969.6,14866.8,14920.9
1687899600,14924.1,14926.1,14873.4,14880.7
1687914000,14880.9,14904.1,14872.6,14890.4
1687928400,14890.1,14913,14860.7,14869.5
1687942800,14869.6,14924.2,14857,14879.9
1687957200,14880,15051.8,14861.6,14923.5
1687971600,14923.2,15012.3,14900.4,14989.1
1687986000,14991.9,15019,14991.1,15011.3
1688000400,15011.2,15017.2,14977.3,14983.3
1688014800,14983.4,14999.8,14950.2,14993.5
1688029200,14993.7,15037.7,14963.4,14974
1688043600,14974.3,14981.7,14870.6,14931.9
1688058000,14931.1,14956.8,14879.3,14948
1688072400,14940.9,14966.9,14939.7,14951.3
1688086800,14951.4,14984.8,14950.9,14969.9
1688101200,14970.1,15010.7,14963.1,15006.7
1688115600,15008.4,15101.2,15003.8,15076.9
1688130000,15077.2,15218.3,15076.2,15195.9
1688144400,15196,15208.8,15148,15156.4
1688335200,15180.7,15203.5,15170.9,15192.1
1688349600,15192.2,15209.9,15185.6,15198.9
1688364000,15199,15237.9,15187.1,15219.7
1688378400,15219.6,15236,15177.5,15218.5
1688392800,15218.4,15233.2,15154.2,15205.2
1688407200,15205.1,15205.9,15196.8,15199
1688418000,15187.8,15197.1,15177.8,15188.6
1688432400,15188.4,15201.2,15179.8,15195.1
1688446800,15194.9,15206.2,15183.2,15190.9
1688461200,15191.1,15204.2,15186.9,15203.6
1688475600,15203.4,15213.8,15187.7,15191.3
1688490000,15188.2,15195.9,15180.7,15185.2
1688504400,15196,15198.8,15179.3,15189.7
1688518800,15189.5,15204.8,15187.6,15189
1688533200,15189.2,15196.2,15135.8,15145.5
1688547600,15145.7,15151.7,15103.6,15131
1688562000,15131.1,15279.6,15125.9,15207.2
1688576400,15207,15236.2,15169.1,15195.3
1688590800,15203.9,15211.4,15178.4,15182.7
1688605200,15182.9,15200.9,15114,15133.6
1688619600,15133.4,15151.9,15110.4,15138.5
1688634000,15138.6,15152.2,15011.1,15038.2
1688648400,15038.1,15074.8,14970,15070.8
1688662800,15070.3,15107.3,15046.8,15072.5
1688677200,15072.9,15093.2,15070.2,15092.2
1688691600,15092.3,15098.4,15071.9,15078.9
1688706000,15079.2,15093.2,15032,15068.2
1688720400,15068.3,15169,15053.4,15073.3
1688734800,15073.2,15192.4,15035.4,15188.1
1688749200,15188.5,15210.7,15027.7,15044.8
1688940000,15043.7,15053.3,14989.2,14996
1688954400,14995.8,15011.1,14946.1,14950
1688968800,14949.3,15009.3,14940,14986
1688983200,14986.1,15076.2,14942.2,14971.7
1688997600,14971.9,15059.7,14919.1,15008.8
1689012000,15009,15074.2,14991,15045.7
1689022800,15047.3,15054.2,15034.6,15053.1
1689037200,15052.8,15061.3,15039.6,15052.8
1689051600,15052.9,15096.1,15037.8,15053.2
1689066000,15052.9,15097.4,15046.6,15087.6
1689080400,15087.4,15109.2,14970,15074.7
1689094800,15074,15137.1,15016.1,15119
1689109200,15119.9,15141.6,15116.3,15122.4
1689123600,15122.3,15151.6,15115.6,15141.8
1689138000,15141.7,15159.8,15130.3,15151.8
1689152400,15151.6,15285.3,15146.1,15262.2
1689166800,15261.8,15363.5,15202.8,15271.8
1689181200,15273.4,15336.4,15262.4,15314.5
1689195600,15319.4,15348.4,15319.1,15343.4
1689210000,15343.3,15393.2,15332.8,15358.7
1689224400,15358.8,15407.8,15349.2,15406.1
1689238800,15406.2,15441.2,15390.6,15418.8
1689253200,15419.3,15525,15411.3,15514.5
1689267600,15514.7,15603.3,15499.9,15559.5
1689282000,15565.1,15583.5,15545.9,15556.8
1689296400,15556.4,15593.6,15555.3,15587.1
1689310800,15587,15602.8,15563,15574.8
1689325200,15574.6,15589.3,15550.3,15574.8
1689339600,15574.6,15721.9,15566.6,15630
1689354000,15629.5,15631.3,15529.7,15553.8
1689544800,15549.4,15556.4,15528.4,15543.9
1689559200,15534.6,15557.3,15534.6,15549.4
1689573600,15549.3,15594.7,15543.1,15554.8
1689588000,15555.4,15647.9,15545.1,15604.2
1689602400,15604.4,15686.3,15593.4,15684.3
1689616800,15684.4,15747,15672.9,15689.1
1689627600,15697.9,15700,15676.2,15682.1
1689642000,15682,15693,15666.2,15682.9
1689656400,15682.6,15710.2,15680.4,15690.6
1689670800,15690.5,15704,15663,15679.1
1689685200,15679.2,15797.6,15600.4,15777
1689699600,15777.1,15897.6,15775.4,15812.1
1689714000,15822.6,15835.7,15821,15826.7
1689728400,15826.6,15836.5,15822,15825.7
1689742800,15826,15861.2,15825.7,15856
1689757200,15855.8,15883.3,15848.5,15878.1
1689771600,15878,15930.9,15817.1,15843.8
1689786000,15843.3,15867.9,15780.2,15807.9
1689800400,15790.7,15795.2,15714,15743.5
1689814800,15743.6,15768,15742.6,15760.8
1689829200,15761.1,15775.6,15693.6,15704.3
1689843600,15703.8,15744.5,15689.5,15704.1
1689858000,15703.5,15772.2,15562.4,15570.2
1689872400,15570.5,15593.6,15428.7,15475.7
1689886800,15472.6,15481.7,15437.9,15469.4
1689901200,15469.3,15494.2,15453.9,15483.3
1689915600,15482.7,15547.5,15473.3,15537
1689930000,15536.9,15581.5,15512.2,15580.3
1689944400,15580.4,15601.7,15430.9,15460.1
1689958800,15461.1,15537.7,15406.6,15435.4
1690149600,15448.1,15454.7,15416.6,15429.4
1690164000,15430.2,15455,15424.5,15433.8
1690178400,15434,15485,15418,15473.6
1690192800,15473.2,15508.5,15371.3,15393.4
1690207200,15392.9,15478.8,15385.6,15470.6
1690221600,15470.8,15483.1,15410.7,15453.2
1690232400,15450.3,15460.6,15438,15442.8
1690246800,15442.4,15452.3,15438.6,15445
1690261200,15445.1,15516.9,15443.6,15509.8
1690275600,15509.6,15515.9,15481.1,15494
1690290000,15493.5,15585,15470.1,15583.7
1690304400,15584.3,15624.5,15500.2,15608
1690318800,15550.9,15551.7,15518.5,15524.8
1690333200,15524.9,15551,15520.1,15538.5
1690347600,15538.4,15567.1,15530.1,15534.1
1690362000,15533.5,15543.8,15496.4,15504.5
1690376400,15504.4,15529,15406.6,15443.4
1690390800,15442.7,15599.2,15412.4,15512.4
1690405200,15534.6,15563.2,15523,15562.1
1690419600,15562.2,15615.6,15561.7,15601.9
1690434000,15602,15695.9,15589.4,15693.4
1690448400,15693.2,15734.2,15675.4,15711.4
1690462800,15711.5,15796.4,15654.5,15727.3
1690477200,15727.2,15740.5,15411.9,15479.5
1690491600,15480.9,15514.1,15466.2,15509.6
1690506000,15510.2,15570.4,15447.3,15515.3
1690520400,15515.1,15600.5,15515.1,15568.3
1690534800,15568.4,15648.5,15558.5,15641.9
1690549200,15641.8,15788.4,15615.6,15747.9
1690563600,15748.6,15775.6,15669.2,15737.6
1690754400,15740.7,15814.2,15719,15722.5
1690768800,15722.6,15731,15689.6,15720.4
1690783200,15721,15761,15705.4,15737.2
1690797600,15737.4,15806.8,15706.4,15728.3
1690812000,15728.6,15779.7,15707.9,15738.9
1690826400,15739.7,15776.5,15701,15765.9
1690837200,15775.9,15779.5,15754.7,15777
1690851600,15776.9,15791.5,15765.3,15771.5
1690866000,15771.3,15773,15696.7,15715
1690880400,15713.4,15731.3,15658.7,15675.7
1690894800,15675.4,15739.9,15633,15727.8
1690909200,15726.6,15749.2,15695.7,15707.4
1690923600,15603.1,15675.8,15601.6,15669.2
1690938000,15669.3,15692.4,15614,15620.4
1690952400,15620.2,15633.9,15494.9,15537.7
1690966800,15537.3,15622.5,15521.2,15583.3
1690981200,15582.3,15582.3,15321.5,15386.6
1690995600,15386.8,15422.7,15339.5,15354.7
1691010000,15367.4,15407.7,15365.5,15398
1691024400,15397.5,15415.3,15357.5,15360.5
1691038800,15360.4,15384.7,15247.5,15300
1691053200,15300.2,15353.2,15270.8,15286.9
1691067600,15286.2,15438.3,15258.9,15423
1691082000,15423.3,15463.5,15326.4,15358.5
1691096400,15362,15422.1,15354,15421.5
1691110800,15421.6,15448.9,15411.7,15429.4
1691125200,15429.1,15473.4,15399.5,15433
1691139600,15433.2,15458.7,15315.1,15427
1691154000,15426.1,15527.8,15309.7,15512.6
1691168400,15513.1,15515.6,15256.6,15279.8
1691359200,15301.6,15361.5,15301.5,15357.4
1691373600,15357.5,15367.9,15341.7,15359
1691388000,15358.7,15389.7,15328,15355.9
1691402400,15354.2,15396.9,15298.1,15310.1
1691416800,15310.4,15367.2,15252.6,15363.4
1691431200,15363.2,15413.6,15339.1,15405.6
1691442000,15414.7,15415.8,15394.3,15399.3
1691456400,15399.1,15399.8,15340.4,15361.9
1691470800,15362,15364.9,15321.9,15352.8
1691485200,15353.1,15355.1,15239.8,15295.1
1691499600,15294.8,15307.5,15145.4,15198.6
1691514000,15197.6,15293.7,15186.5,15271.5
1691528400,15278.2,15305.6,15268.7,15296.2
1691542800,15296.6,15319.2,15293.3,15304.2
1691557200,15304.4,15356.8,15302.9,15346.6
1691571600,15346.7,15347.9,15287.9,15296.6
1691586000,15296.8,15301.1,15073.3,15114.6
1691600400,15116.4,15233.1,15094.4,15126
1691614800,15128,15162.9,15127,15162
1691629200,15161.7,15175.1,15136.7,15159.9
1691643600,15160.2,15220.4,15147.5,15205.1
1691658000,15204.5,15283.5,15170.9,15256.9
1691672400,15256,15366.2,15125.6,15142.6
1691686800,15142,15177.7,15068.4,15145.5
1691701200,15150.9,15196.5,15149.1,15191.7
1691715600,15191.8,15195.7,15129.5,15134.9
1691730000,15134.2,15171.7,15086,15102.3
1691744400,15102.4,15125,15014,15027.2
1691758800,15026.5,15103.6,14966.7,14992.9
1691773200,14993.1,15068.5,14982.5,15032
1691964000,15055.6,15084.4,15005.1,15029.7
1691978400,15029.2,15031.1,14958.7,15010.2
1691992800,15010.4,15159.2,14998.9,15079.4
1692007200,15081.1,15102.8,14972.8,15051.1
1692021600,15050.2,15182.3,15036,15154.3
1692036000,15154.4,15214,15120.5,15209.2
1692046800,15215,15249.1,15207.6,15229.6
1692061200,15229.5,15267.4,15224.7,15252.7
1692075600,15252.9,15263.2,15120.9,15162
1692090000,15161.9,15167.7,15086,15116.6
1692104400,15117.1,15192.1,15041.9,15096.4
1692118800,15097.3,15119.3,15012.5,15040.9
1692133200,15050.9,15062.7,15017.1,15043.2
1692147600,15043.3,15069.7,15033.4,15044.7
1692162000,15044.6,15099.6,15025.9,15082.6
1692176400,15082.4,15086.1,14998.3,15001.7
1692190800,15001.6,15076,14940.5,14949.4
1692205200,14949.9,15020.2,14855.5,14869.3
1692219600,14880.1,14887.2,14835,14849.9
1692234000,14850,14886.1,14823.4,14876.6
1692248400,14877.1,14916.6,14840.5,14896.9
1692262800,14896.6,14952.9,14888.2,14945.2
1692277200,14945.5,14949.2,14797.9,14892.6
1692291600,14890.9,14896,14679,14681.4
1692306000,14697.4,14716.4,14672.9,14713
1692320400,14713.3,14731.4,14688.5,14704.3
1692334800,14704.5,14717.4,14665.8,14695.3
1692349200,14695,14700.3,14571.4,14590.1
1692363600,14589.9,14695.6,14552.5,14659
1692378000,14658.9,14746.5,14612.2,14686.2
1692568800,14718.1,14741.9,14682.7,14702.9
1692583200,14702.6,14727.4,14675.1,14677.9
1692597600,14677.6,14791.6,14668.2,14786.9
1692612000,14786.7,14854.3,14742.7,14854.3
1692626400,14855.4,14909.3,14736,14890.4
1692640800,14890.8,14959.3,14884.9,14915.4
1692651600,14921.1,14923.4,14891.1,14910.7
1692666000,14910.6,14931.2,14895.1,14909.4
1692680400,14909.5,15011.4,14900.9,15003.7
1692694800,15003.9,15065.7,14990.7,15034.9
1692709200,15035,15044.6,14881.3,14922.1
1692723600,14921.7,14958,14880.4,14910.2
1692738000,14918.8,14945.8,14908.3,14945.4
1692752400,14945.3,14978.8,14940.5,14962.4
1692766800,14962.5,15032.8,14958.4,15014.8
1692781200,15015.4,15025.8,14908.3,14933.6
1692795600,14933.3,15153,14930.4,15125.4
1692810000,15124.8,15304.1,15120.2,15300
1692824400,15280.5,15297.4,15246.6,15290.8
1692838800,15290.6,15349.4,15278,15343
1692853200,15343.3,15368.3,15318.6,15329.1
1692867600,15329.4,15346.3,15273.9,15290.3
1692882000,15290.1,15310.6,14901,14955.1
1692896400,14956.5,14969.8,14772.5,14784.3
1692910800,14801,14831.6,14791,14820
1692925200,14820.1,14828.4,14784.1,14800.3
1692939600,14801,14845.3,14743.1,14834.3
1692954000,14834.1,14875.3,14805.8,14856
1692968400,14855.9,15004,14711.2,14840.5
1692982800,14840.7,14984.7,14796.9,14926.1
1693173600,14970,14991.9,14936,14967.1
1693188000,14966.9,14974.7,14938,14967.2
1693202400,14967.4,14993,14939.2,14973.4
1693216800,14973.6,15087.9,14956.6,15012.1
1693231200,15013.1,15063.2,14944,14967.7
1693245600,14967.1,15070,14963.5,15055.9
1693256400,15066.5,15071.8,15039.2,15059.7
1693270800,15059.5,15076.9,15047.2,15071.3
1693285200,15071.4,15106.9,15029.7,15035
1693299600,15035.4,15074,15010.3,15033
1693314000,15033.5,15351,15020.3,15338.7
1693328400,15338.6,15389.9,15317.8,15383.6
1693342800,15388.1,15411.8,15387.6,15405.1
1693357200,15405.2,15429.2,15398.6,15401.7
1693371600,15401.6,15409.2,15339,15340.7
1693386000,15339.8,15412.5,15323,15388.7
1693400400,15386.1,15482.6,15335.5,15469.5
1693414800,15469.3,15481.8,15410.8,15469.5
1693429200,15469.7,15477.7,15461.8,15464
1693443600,15464.2,15491,15462.1,15467.6
1693458000,15467.5,15477.5,15444.3,15466.7
1693472400,15466.8,15504.2,15420.8,15468.8
1693486800,15469.2,15575.4,15441.8,15496.6
1693501200,15497.1,15564.1,15488.8,15501.5
1693515600,15500.4,15513.2,15489.7,15509.6
1693530000,15509.7,15525.1,15507.4,15515.7
1693544400,15515.4,15531.3,15468.8,15511.3
1693558800,15511.4,15620.1,15508.4,15604.4
1693573200,15604.6,15627.8,15425.2,15486.4
1693587600,15484.5,15497.8,15430.1,15479.6
1693778400,15498.6,15512.2,15476.5,15497.4
1693792800,15497.2,15523.5,15495.6,15521.9
1693807200,15521.7,15543.9,15510,15542
1693821600,15541.6,15553.5,15521.5,15551.5
1693836000,15551.1,15554.1,15488,15493.9
1693850400,15494,15500.8,15494,15495.7
1693861200,15503.9,15510.2,15469.5,15472.3
1693875600,15472.4,15488,15466,15484.8
1693890000,15485.2,15490.2,15395.8,15428.3
1693904400,15428.2,15476.4,15414.7,15467.9
1693918800,15468.2,15548.5,15415.7,15526.3
1693933200,15526.4,15558.3,15484.6,15486.3
1693947600,15482.8,15503.6,15482.8,15496.8
1693962000,15496.6,15499,15465.1,15478.3
1693976400,15477.8,15488.4,15410.1,15454.4
1693990800,15454.6,15481.4,15438.4,15469.9
1694005200,15469.6,15485,15289.7,15303.4
1694019600,15302.9,15379.5,15286.2,15359.5
1694034000,15364.6,15371.6,15352.6,15355.1
1694048400,15355,15366.7,15330.8,15334.2
1694062800,15334.1,15335.8,15250.3,15273.8
1694077200,15273.5,15308.8,15164,15177.3
1694091600,15176.5,15262.1,15134.3,15222.3
1694106000,15222.6,15290.2,15218.1,15265.6
1694120400,15271.9,15272.8,15241,15252.5
1694134800,15252.7,15272,15238.3,15262.5
1694149200,15262.8,15327.4,15245.5,15246.9
1694163600,15247.5,15274.7,15207.5,15256.3
1694178000,15256.2,15375.3,15252.4,15313.6
1694192400,15312.9,15327.3,15242.9,15296
1694383200,15295.4,15325,15288.6,15308.1
1694397600,15308.4,15354.4,15298.4,15352.9
1694412000,15352.7,15391.9,15344.4,15374
1694426400,15373.7,15437.1,15338.7,15351.8
1694440800,15352.8,15455.2,15326.1,15453.8
1694455200,15454.6,15482.9,15439.6,15454
1694466000,15449.3,15452.6,15428.9,15432.9
1694480400,15433.3,15461,15427.4,15447.4
1694494800,15447.5,15465.6,15406.3,15412.3
1694509200,15412.1,15439.6,15400.4,15405.6
1694523600,15404.9,15445.8,15309.8,15352.5
1694538000,15352.8,15406.5,15277.2,15294.2
1694552400,15299.1,15302.9,15289.5,15297
1694566800,15297.4,15306.4,15265.2,15296.7
1694581200,15297,15322.2,15259.9,15272.5
1694595600,15272.7,15307.6,15199.6,15287.1
1694610000,15288.4,15403.2,15250.5,15387.7
1694624400,15386.1,15414.5,15303.1,15363.4
1694638800,15362.8,15392,15357,15390.1
1694653200,15389.9,15418.3,15381.8,15406.8
1694667600,15405.1,15427.3,15359.8,15390.6
1694682000,15390.8,15430.6,15362.5,15409.6
1694696400,15409.8,15509,15330.7,15505.2
1694710800,15505.7,15513.8,15452.9,15475.4
1694725200,15476.9,15494.4,15474.4,15486.8
1694739600,15486.9,15519.3,15474,15514
1694754000,15514.1,15518.6,15451.4,15454.8
1694768400,15455.4,15472.4,15417.9,15421
1694782800,15421.3,15433.1,15224.1,15273.9
1694797200,15272.6,15274.3,15170.2,15191.4
1694988000,15199.1,15234.9,15198.8,15214.6
1695002400,15214.7,15232.4,15213.9,15224.3
1695016800,15224.2,15243.6,15207.3,15228.4
1695031200,15228.3,15245.3,15146.2,15217.8
1695045600,15217.7,15269.5,15174.9,15246.5
1695060000,15247.3,15260.7,15189,15231.4
1695070800,15234.8,15248.6,15229.8,15236
1695085200,15236.3,15238.5,15205.8,15209.6
1695099600,15209.5,15248.8,15191.1,15239.9
1695114000,15240.1,15253.8,15194,15195.9
1695128400,15195.8,15200.5,15064.9,15119.2
1695142800,15120,15221.2,15114.1,15191.6
1695157200,15190.1,15197.9,15173.7,15177.7
1695171600,15177.2,15186.2,15154,15159.4
1695186000,15159.5,15217.5,15154.7,15214.1
1695200400,15214.2,15243.1,15199.9,15241.9
1695214800,15241.2,15247.5,15142.4,15198
1695229200,15198.9,15207.9,14947.1,14949
1695243600,14964.2,14966.3,14909.7,14917.7
1695258000,14918.3,14929,14899.8,14910.8
1695272400,14911,14931.1,14870.1,14877.5
1695286800,14877.3,14891.3,14763.7,14780.3
1695301200,14780.7,14847.7,14749.9,14778.9
1695315600,14778.6,14830.8,14670.4,14675.6
1695330000,14687.3,14700.4,14668,14688.2
1695344400,14688,14736,14674.8,14732.5
1695358800,14732.3,14758.3,14721.4,14747.8
1695373200,14747,14803.2,14736.2,14785.3
1695387600,14785.7,14858.6,14719.2,14838.9
1695402000,14837.5,14839.3,14683.6,14703.9
1695592800,14725.8,14756.8,14703.7,14738.8
1695607200,14738.3,14769.1,14736.8,14747.8
1695621600,14747.7,14781.6,14633.2,14691.7
1695636000,14691.8,14730.5,14618.6,14710
1695650400,14711,14767.8,14649.3,14736.9
1695664800,14737.7,14787.8,14675.7,14781.5
1695675600,14777.1,14780.7,14700.9,14710.2
1695690000,14710.4,14717.7,14684.5,14710.5
1695704400,14710.4,14719.7,14627.8,14690.3
1695718800,14690.5,14724.7,14668.2,14677.2
1695733200,14677,14678.3,14559.3,14599.6
1695747600,14599.8,14619.9,14504,14560.6
1695762000,14562.4,14587.4,14551.4,14568.8
1695776400,14568.9,14590.4,14565.9,14589.6
1695790800,14589.4,14633.5,14577.9,14618.4
1695805200,14618.9,14621.3,14571.6,14609.3
1695819600,14607.9,14646.2,14483.9,14496.7
1695834000,14496.9,14663,14429.5,14605.3
1695848400,14604.9,14632.5,14582.2,14626.9
1695862800,14626.7,14630,14551.7,14580.1
1695877200,14580.4,14614.7,14548,14557.6
1695891600,14557.4,14617.5,14517.2,14534.5
1695906000,14534.6,14790,14498.8,14733.7
1695920400,14732.6,14755.8,14654,14719.5
1695934800,14723,14739.1,14676.1,14677.5
1695949200,14677.3,14736,14670.8,14713.8
1695963600,14713.7,14809.5,14702.2,14782.5
1695978000,14784.6,14854.3,14765.3,14847.6
1695992400,14847.2,14903.9,14734,14743.9
1696006800,14744.6,14776.4,14661.2,14737.2
1696197600,14845.2,14848.5,14786.2,14833.9
1696212000,14834,14844.9,14789.2,14792.6
1696226400,14792.5,14861.9,14742.9,14750.7
1696240800,14750.4,14812.1,14677.9,14770
1696255200,14758.8,14895.6,14717.1,14759.4
1696269600,14759,14849,14713.4,14834.8
1696280400,14833.5,14848.5,14800.5,14835.2
1696294800,14835.1,14841.5,14798.1,14798.5
1696309200,14798.2,14874.6,14787.8,14850.2
1696323600,14850.1,14853.1,14691.5,14696.8
1696338000,14697,14817.6,14562.6,14614.9
1696352400,14615.2,14637.4,14504.4,14562.5
1696366800,14567.2,14584.3,14538.5,14548.9
1696381200,14548.7,14553.5,14492.2,14535.5
1696395600,14536.9,14538.4,14441,14525.3
1696410000,14525.2,14651.2,14519.5,14627.8
1696424400,14627.9,14749.5,14585.3,14726.7
1696438800,14726.3,14805.4,14654.6,14748.5
1696453200,14745.5,14768,14737,14765.3
1696467600,14765,14794,14755.5,14782
1696482000,14781.9,14782.5,14717.3,14721.2
1696496400,14721.4,14809.9,14703.3,14741.9
1696510800,14742,14779.3,14579.1,14667.6
1696525200,14665.8,14766.5,14633.9,14716.8
1696539600,14717,14732.9,14705,14730.9
1696554000,14731.1,14738.1,14712.4,14717.4
1696568400,14717.2,14753.5,14696.7,14726.4
1696582800,14727,14781.6,14520.4,14543.7
1696597200,14543.4,14930.1,14531.2,14908.6
1696611600,14909,15021.4,14899.9,14998.3
1696802400,14883.4,14904.2,14854.9,14872.1
1696816800,14872.4,14881.5,14844,14880.1
1696831200,14880,14898.2,14838.1,14865.7
1696845600,14865.9,14927.5,14815,14919.1
1696860000,14919.2,15050.7,14830.6,15049.9
1696874400,15050.9,15071.1,15025.3,15050.3
1696885200,15052.5,15081.9,15048.1,15074.6
1696899600,15074.5,15097.9,15066.6,15071.5
1696914000,15071.4,15099.1,15047.5,15089.4
1696928400,15089.5,15097.7,15033.5,15056.1
1696942800,15054.2,15241.7,15040.4,15219.3
1696957200,15218.8,15218.8,15113.3,15140.3
1696971600,15144.3,15163.5,15136.5,15147.1
1696986000,15146.5,15165.7,15144.1,15154.3
1697000400,15154.6,15178,15136.1,15163.7
1697014800,15163.6,15207.6,15146.5,15198.3
1697029200,15198,15248.2,15139.2,15166.4
1697043600,15166,15278.9,15115.9,15270.6
1697058000,15267,15295.1,15262,15288.6
1697072400,15288.4,15293.7,15276.6,15292.9
1697086800,15292.7,15313.6,15279.7,15303.1
1697101200,15303.6,15313.1,15227.7,15256.8
1697115600,15256.6,15338.6,15232.3,15305.6
1697130000,15304.3,15307.1,15085.3,15190.9
1697144400,15193.2,15212.9,15185.4,15204.5
1697158800,15203.5,15217.4,15190.2,15192.2
1697173200,15192.4,15212.4,15160.2,15167.4
1697187600,15167.2,15204.4,15090,15200.7
1697202000,15200.9,15238.6,14982,15039.3
1697216400,15040.3,15043.5,14938.5,14979.2
1697407200,15014,15066.6,15011.6,15045.5
1697421600,15045.4,15058.4,15016.4,15035.7
1697436000,15035.6,15064.2,14962.4,15001.6
1697450400,14998.9,15134.5,14970.4,15103.5
1697464800,15104,15200.5,15086.5,15184.3
1697479200,15185,15210.7,15156.7,15177.2
1697490000,15181,15181.1,15149.4,15161.6
1697504400,15161.5,15164.7,15140.2,15144
1697518800,15143.7,15180,15116.9,15126.9
1697533200,15126.5,15158.9,15041.9,15045.1
1697547600,15044.9,15188.3,14931.2,15152.9
1697562000,15153.4,15163.4,15057.6,15116.9
1697576400,15110.6,15114,15065.9,15069.9
1697590800,15070,15107.6,15064.9,15090.4
1697605200,15090.2,15102.4,15042.4,15083.4
1697619600,15083.6,15093.1,15004.2,15007.5
1697634000,15008,15104.4,14963,14971.3
1697648400,14971.1,15055.1,14862.8,14941.6
1697662800,14931.4,14938.6,14911.4,14932.3
1697677200,14931.8,14942.2,14865.9,14901.5
1697691600,14901.3,14923,14826.5,14879
1697706000,14879.3,14979.1,14874.6,14972.5
1697720400,14973.7,15026.9,14816.4,14946.5
1697734800,14947.2,15006.6,14732.3,14739.3
1697749200,14746.7,14749.1,14715.6,14742.4
1697763600,14742.3,14750.3,14712.2,14743.9
1697778000,14743.8,14781.4,14690.7,14761.3
1697792400,14761.1,14764.6,14698.9,14720.9
1697806800,14720.3,14780.2,14558.3,14671.6
1697821200,14671.8,14701.9,14545.8,14548.4
1698012000,14585.6,14618.6,14566,14613.1
1698026400,14613,14615,14587,14602.6
1698040800,14602.7,14610.8,14424,14437.5
1698055200,14437.1,14542.4,14418.2,14535.9
1698069600,14536.2,14751.7,14510.9,14697.4
1698084000,14697.3,14717.7,14598.1,14644.3
1698094800,14643.5,14664.1,14626.9,14640.3
1698109200,14640.4,14671.1,14621.6,14670.6
1698123600,14670.9,14723.8,14642.3,14678.5
1698138000,14678.8,14719.6,14674.3,14703.6
1698152400,14703.8,14778.1,14606.9,14623.4
1698166800,14624.4,14848.5,14620.1,14728
1698181200,14741.9,14756.4,14678.4,14702.7
1698195600,14702.6,14718.1,14683.1,14690.8
1698210000,14691,14694.7,14615.8,14661
1698224400,14660.6,14692.5,14635.1,14650.1
1698238800,14649.5,14660.7,14445,14458.8
1698253200,14458.1,14465.9,14356.5,14369.2
1698267600,14332.4,14333.3,14240.6,14250.6
1698282000,14250.7,14262.2,14216.2,14229.3
1698296400,14229.1,14255.6,14170.9,14245.1
1698310800,14244.8,14326.8,14216.3,14317.7
1698325200,14318.2,14372.3,14059.7,14065.2
1698339600,14065.5,14246.2,14054.4,14123.6
1698354000,14189.9,14234.7,14177.6,14198.1
1698368400,14196.7,14240,14194.6,14236.9
1698382800,14236.7,14259,14193.2,14256.2
1698397200,14256.9,14260.4,14187.4,14231.1
1698411600,14231.6,14324.5,14191.5,14220.3
1698426000,14220.8,14228.7,14127.3,14182.2
1698616800,14241.4,14268.5,14220.4,14262.2
1698631200,14262,14263.6,14243,14256.5
1698645600,14256.4,14308.5,14254.7,14295
1698660000,14295.2,14391,14251.2,14365.3
1698674400,14365.7,14371.8,14220.5,14342.2
1698688800,14341,14387,14313.9,14325.1
1698699600,14324.5,14332.8,14286.1,14300.5
1698714000,14300.3,14305.6,14245.3,14256.7
1698728400,14256.2,14335.2,14238.2,14333.5
1698742800,14332.5,14371.7,14298,14330
1698757200,14330.8,14356.9,14229.6,14352.2
1698771600,14353.4,14420.8,14330.9,14366.7
1698786000,14391.1,14391.1,14362.3,14372.4
1698800400,14372.3,14396.1,14358.9,14392.4
1698814800,14392.2,14411.9,14350.3,14358.8
1698829200,14358.7,14432.7,14331.1,14418.3
1698843600,14417.6,14567,14389.1,14505.5
1698858000,14504,14677.5,14476.6,14673.6
1698872400,14676.3,14725.5,14676.1,14715.7
1698886800,14715.9,14738.2,14714,14726
1698901200,14725.7,14767.1,14702.6,14759.9
1698915600,14760.5,14873.9,14759.4,14867.6
1698930000,14867.9,14891.7,14791.7,14873.7
1698944400,14874.2,14934.8,14853.8,14887
1698958800,14859.8,14882,14855.2,14874.6
1698973200,14874.3,14889.1,14870.7,14879.6
1698987600,14879.8,14890.1,14862.3,14867
1699002000,14866.7,14988.1,14854.2,14968.3
1699016400,14968.5,15114,14941.6,15107
1699030800,15107.3,15148.4,15077.4,15101.8
1699225200,15119.9,15121,15085.1,15103
1699239600,15102.7,15116,15096.5,15112
1699254000,15112.2,15147.4,15106.2,15139.2
1699268400,15139.1,15179.4,15111.2,15139.2
1699282800,15140.1,15169,15059.5,15090.4
1699297200,15091,15159.1,15064.3,15142.9
1699308000,15137.3,15147.4,15123.9,15140
1699322400,15139.6,15142.2,15121.9,15132.7
1699336800,15133,15152.4,15109.7,15118.5
1699351200,15117.6,15178,15101.2,15177.6
1699365600,15177.7,15325.6,15149.6,15295.5
1699380000,15295.8,15335.1,15278,15296.8
1699394400,15294.2,15301.7,15285.3,15291.3
1699408800,15292,15302.2,15273.5,15275.5
1699423200,15275.8,15295.3,15263.5,15286.2
1699437600,15286,15315.5,15276.2,15301
1699452000,15301.3,15343.8,15215,15254.9
1699466400,15255.8,15321.3,15246.2,15281
1699480800,15274.7,15304.9,15272.3,15300.5
1699495200,15300.4,15312.8,15292.1,15300.4
1699509600,15299.8,15329.1,15293.1,15304.9
1699524000,15304.8,15335.4,15294.4,15334.9
1699538400,15335.1,15385.1,15279.3,15347.6
1699552800,15347.8,15350.4,15169.6,15182.8
1699567200,15176.5,15182.6,15138.1,15176.7
1699581600,15176.5,15188.4,15169,15181.6
1699596000,15181.5,15207.6,15144.4,15175.5
1699610400,15176,15255.9,15142.9,15253.9
1699624800,15253.7,15467.9,15240.9,15452.4
1699639200,15452.2,15542.9,15432.4,15508.9
1699830000,15531.1,15532.6,15453.1,15457.2
1699844400,15457.1,15475.1,15444.5,15472.1
1699858800,15471.6,15503.5,15460.4,15501
1699873200,15500.9,15508.7,15398.8,15423.6
1699887600,15423.5,15524.3,15412.3,15493.6
1699902000,15493.7,15523.5,15476.6,15488.1
1699912800,15490.1,15504.1,15485.6,15501.1
1699927200,15501,15512.8,15496.7,15503.8
1699941600,15503.7,15542.6,15498.5,15528.6
1699956000,15529.5,15774.6,15494.6,15755.3
1699970400,15755.2,15833,15725.7,15807.6
1699984800,15807.1,15850.2,15753.3,15818.9
1699999200,15827.2,15842.6,15825.1,15841.1
1700013600,15841.3,15867.5,15836.8,15856.6
1700028000,15856.7,15893.5,15842.3,15862.3
1700042400,15862.5,15977.1,15860.1,15894.8
1700056800,15894.7,15906.9,15816.8,15820.9
1700071200,15822.6,15858.4,15760.6,15771.5
1700085600,15779.6,15810.7,15768.3,15768.9
1700100000,15769,15799.4,15760,15795.4
1700114400,15795.3,15808,15781.5,15788.5
1700128800,15789.3,15818.7,15758.2,15818
1700143200,15817.4,15839.5,15734.5,15819.5
1700157600,15818.7,15841.6,15768.5,15831.4
1700172000,15829.3,15834.3,15819.8,15830.6
1700186400,15830.7,15840.5,15815,15824
1700200800,15823.9,15858.1,15813.5,15836.4
1700215200,15836.1,15858.9,15820.2,15829.4
1700229600,15828.8,15838.4,15766.5,15833.7
1700244000,15834.5,15879,15810.5,15811
1700434800,15834.1,15834.6,15790.5,15803.5
1700449200,15803.6,15803.6,15779.5,15788.1
1700463600,15788,15873.2,15786.1,15857.1
1700478000,15856.5,15939.6,15829.1,15938.3
1700492400,15938.8,16017,15881,16012.3
1700506800,16012.5,16057,16000.3,16027.2
1700517600,16025.7,16055.2,16025.2,16048.1
1700532000,16047.8,16064.7,16043.2,16046.1
1700546400,16045.9,16047.7,16014.7,16019
1700560800,16018.7,16038,15948.4,15951.6
1700575200,15951.9,15964.5,15863.6,15934.1
1700589600,15932.2,15961.6,15858.1,15911.5
1700604000,15906.6,15924.9,15890.2,15920.2
1700618400,15920,15935.9,15912.2,15913.2
1700632800,15913.9,15940.6,15895.1,15936.7
1700647200,15936.6,16021.7,15935.7,16017.1
1700661600,16018.9,16125.2,15956.3,16023.5
1700676000,16024.7,16056.8,15965.6,15997.9
1700690400,15992.5,16013.5,15987.9,16012.8
1700704800,16013,16017.5,15999,16016.8
1700719200,16017,16038.5,16015.5,16034.5
1700733600,16034.3,16039.3,16009.8,16020.2
1700748000,16019.8,16024.3,16001.1,16012.2
1700762400,16012.4,16018.8,16002.8,16012.9
1700776800,16017.5,16022.4,16009.2,16018.6
1700791200,16018.4,16020.9,16009.1,16012.9
1700805600,16012.6,16023.4,15978.6,16007.4
1700820000,16007.6,16008.9,15976.9,16002.4
1700834400,16001.6,16005.4,15938.8,15978.6
1700848800,15978.8,15981.4,15950,15950.7
1701039600,15955.5,15956.2,15903.4,15906
1701054000,15905.9,15916.1,15897.1,15914
1701068400,15914.1,15968.6,15914.1,15967.5
1701082800,15967.4,15995.1,15929,15965.9
1701097200,15966,16046.5,15957.9,16010.6
1701111600,16010.8,16015.5,15956.6,15958.7
1701122400,15966.7,15969.7,15944.8,15964.9
1701136800,15965.1,15971.9,15949.6,15961.2
1701151200,15960.9,15971.2,15908.1,15948.1
1701165600,15948.6,15968.8,15903.7,15944.9
1701180000,15944.8,16030.7,15918.1,15982.5
1701194400,15983.5,16015.4,15929.2,16007
1701208800,16008.1,16045.7,16000.1,16032.1
1701223200,16031.9,16038.7,16018.6,16029.7
1701237600,16029.9,16081.4,16015.7,16074.4
1701252000,16075.3,16132.3,16071.6,16104.7
1701266400,16104.9,16166.7,15995.5,16051.8
1701280800,16053.2,16061.7,15975.5,15997
1701295200,16000.4,16018,15998.3,16008.2
1701309600,16008.3,16029.8,16005.2,16029.3
1701324000,16029.1,16036.5,15997.1,16019.1
1701338400,16019.3,16063.8,16013,16016.2
1701352800,16016.5,16017.1,15827.9,15870.5
1701367200,15870.3,15955,15822.5,15918.9
1701381600,15919.9,15931.9,15916.9,15919
1701396000,15919.2,15935.7,15911.5,15921.7
1701410400,15921.2,15966,15911.2,15949
1701424800,15948.8,15952.4,15884.8,15896
1701439200,15896.2,16017.1,15831.7,16005.7
1701453600,16006.4,16009.4,15953.4,15994.2
1701644400,15985.4,15985.9,15941.5,15944.6
1701658800,15944.8,15952.8,15930.5,15935.6
1701673200,15935.8,15971,15911.9,15934.8
1701687600,15934.3,15940.5,15792.2,15808.4
1701702000,15807.5,15840.2,15691.1,15791.2
1701716400,15791.7,15852.6,15764.5,15821.9
1701727200,15823.7,15827.6,15801.4,15811.4
1701741600,15811.3,15812.1,15791.2,15796.4
1701756000,15796.3,15796.8,15730.8,15769.4
1701770400,15768.6,15786.3,15731.3,15767.1
1701784800,15767.3,15932.6,15738.4,15844.5
1701799200,15843.9,15897.4,15826.5,15869
1701813600,15867.4,15953.1,15864.4,15948.7
1701828000,15948.9,15961.8,15939.8,15949.9
1701842400,15950.3,15961.1,15916.4,15930.2
1701856800,15928.6,15989.8,15895.4,15986.7
1701871200,15987.1,16010.9,15836.9,15843.4
1701885600,15843.8,15863.2,15776.1,15785.3
1701900000,15779.6,15799.7,15774.8,15782
1701914400,15781.5,15797.4,15771,15777.9
1701928800,15777.7,15830.1,15769.4,15822.7
1701943200,15823.2,15894.2,15812.9,15887.6
1701957600,15888.1,16032.2,15867.8,16010.1
1701972000,16011.6,16045.3,15985.6,15993.5
1701986400,16006.4,16011.3,15987.8,15992
1702000800,15991.8,16010,15990.9,15998.2
1702015200,15997.9,16009.8,15969.7,16008.2
1702029600,16008.3,16019.4,15871.4,15946
1702044000,15946.9,16098.9,15919.4,16053.3
1702058400,16053.1,16102.2,16045.6,16073.9
1702249200,16071,16098.7,16037.6,16038.9
1702263600,16040.4,16062.4,16034.6,16045.7
1702278000,16045.1,16075.9,16037.6,16047.1
1702292400,16047,16151.3,16030.8,16147.7
1702306800,16152,16229.5,16107.7,16220.9
1702321200,16221,16232,16196.5,16224.8
1702332000,16219.8,16258.6,16215.1,16238.2
1702346400,16238.1,16255.2,16236.3,16250.5
1702360800,16250.3,16266.1,16236.6,16253.8
1702375200,16253.5,16320.3,16217,16224
1702389600,16224.1,16292.2,16175.7,16275.7
1702404000,16275.9,16374.9,16269.4,16369.2
1702418400,16366.1,16388.1,16365.6,16378.7
1702432800,16379,16387.4,16373.9,16381
1702447200,16380.7,16394.8,16369.8,16377.9
1702461600,16377.8,16408.3,16371.3,16406.9
1702476000,16406.4,16434.5,16368.1,16372.4
1702490400,16373.1,16584.9,16356.2,16535.4
1702504800,16559.2,16662.6,16559.2,16659.4
1702519200,16659.6,16666.1,16631.6,16652.7
1702533600,16653.1,16664.7,16601.3,16612.1
1702548000,16612.3,16636.4,16588.3,16633.7
1702562400,16634.2,16658.7,16515.7,16516.3
1702576800,16516.9,16555,16417.7,16529.4
1702591200,16532.4,16565.4,16521.6,16552
1702605600,16551.9,16571.5,16550.5,16567.6
1702620000,16566,16600.6,16559,16599.1
1702634400,16599.9,16604.1,16548.1,16579.3
1702648800,16579.6,16678.5,16548.4,16588.5
1702663200,16589.1,16653.7,16550.6,16598
1702854000,16619,16631.5,16590.6,16628.2
1702868400,16628.1,16646.7,16624,16632.2
1702882800,16632.1,16643.5,16596.7,16624.2
1702897200,16624.4,16671.2,16605.1,16667.1
1702911600,16667.9,16747.8,16644.5,16745.3
1702926000,16745.6,16765.3,16699.9,16706.5
1702936800,16709.1,16717.1,16700.1,16711.4
1702951200,16711.2,16727.4,16709.5,16720.4
1702965600,16721,16739.6,16707.1,16732.7
1702980000,16732.6,16778.2,16727.6,16748.2
1702994400,16747.9,16801.7,16734.2,16783.3
1703008800,16783.2,16817.6,16754.5,16810.7
1703023200,16814.1,16829.6,16811.1,16828.1
1703037600,16827.9,16836.4,16820.9,16827.4
1703052000,16827,16830.6,16752.6,16765.9
1703066400,16766.1,16777.6,16753.9,16772.4
1703080800,16772.9,16863.1,16762.3,16850.5
1703095200,16849.7,16853.3,16550.5,16582.4
1703109600,16592.5,16612.4,16588.6,16610.4
1703124000,16610.3,16647.3,16610.1,16646.4
1703138400,16646.2,16691.1,16637.9,16678.8
1703152800,16678.3,16770.1,16659.7,16741.2
1703167200,16741.7,16759.3,16624.7,16636.3
1703181600,16635.8,16766.5,16615.9,16747.8
1703196000,16738.9,16759.2,16710.7,16713.3
1703210400,16713.5,16726.3,16699.7,16700.2
1703224800,16700,16725.7,16694.8,16717.2
1703239200,16717,16807.8,16714,16803.5
1703253600,16803,16842.9,16769.9,16809.4
1703268000,16808.8,16822.2,16698.5,16759.5
1703541600,16788.5,16810.8,16787.8,16807.1
1703556000,16807.2,16830.3,16800.9,16825.4
1703570400,16825.8,16838.7,16805.1,16815.1
1703584800,16814.1,16820.3,16786.8,16805.3
1703599200,16805.9,16862.9,16805.8,16846.8
1703613600,16845.9,16910.2,16844.1,16880.2
1703628000,16888,16896.1,16869.8,16878.9
1703642400,16879,16886.3,16870.1,16886.3
1703656800,16886.5,16896.6,16868.9,16878
1703671200,16878.1,16902.1,16869.8,16896.8
1703685600,16896.6,16924.4,16855.9,16874.8
1703700000,16876.3,16932.2,16863.2,16927.5
1703714400,16921.3,16958,16921.3,16954.2
1703728800,16954.1,16964.3,16949.7,16957.3
1703743200,16957.2,16968.7,16955,16960.1
1703757600,16960.2,16977.7,16955,16955.2
1703772000,16955.5,16971.7,16915.9,16942.4
1703786400,16942.9,16947.6,16890.4,16897.9
1703800800,16900.6,16920.5,16900.1,16913.2
1703815200,16912.9,16917,16900.2,16912.2
1703829600,16912.1,16943.2,16912.1,16919.9
1703844000,16919.7,16933,16879.5,16897.1
1703858400,16897.2,16921.9,16753,16809
1703872800,16808.9,16863.6,16800.5,16812.7
1704146400,16826.6,16849.1,16821.7,16825.2
1704160800,16825.7,16832.4,16811.9,16830.9
1704175200,16831.2,16849.8,16801.3,16808.1
1704189600,16807.9,16810.8,16630.4,16666.2
1704204000,16666.1,16690.9,16509.1,16545.7
1704218400,16545.6,16569.8,16448.8,16550.7
1704232800,16553.6,16560.9,16532.5,16536.4
1704247200,16536.3,16539.9,16514.1,16529.6
1704261600,16529.8,16554.3,16466.6,16467.6
1704276000,16467.5,16498.9,16423,16442.1
1704290400,16442.3,16479.7,16372.1,16428
1704304800,16427.3,16456.4,16351.7,16367.8
1704319200,16389,16393.8,16364.2,16386.5
1704333600,16386.6,16393.8,16373.6,16379.6
1704348000,16379.8,16423.3,16376.3,16413
1704362400,16412.9,16413.9,16287.9,16295.1
1704376800,16294.5,16421,16280.1,16343.2
1704391200,16343,16366.7,16275.9,16287
1704405600,16299.7,16310.7,16293.1,16302
1704420000,16301.5,16302.5,16267.6,16270.3
1704434400,16270.1,16280.3,16233,16238.8
1704448800,16238.6,16266.2,16176.3,16241.6
1704463200,16241.8,16419.8,16241.3,16311.9
1704477600,16311.8,16351.8,16245.4,16304.2
1704668400,16311.4,16343.6,16300.8,16304.9
1704682800,16305,16306.5,16275.6,16282.3
1704697200,16281.9,16305.4,16222.1,16267.5
1704711600,16267.4,16477.4,16254.4,16472.7
1704726000,16473.4,16585.2,16457.1,16584.2
1704740400,16584.5,16653.3,16574.8,16627.1
1704751200,16626.3,16637.4,16624.4,16632.9
1704765600,16632.8,16639.8,16617,16619.5
1704780000,16619.8,16631.8,16563.9,16584.7
1704794400,16584.5,16586.3,16502.9,16509.3
1704808800,16509.7,16694.6,16504.5,16692.1
1704823200,16692.2,16714.7,16623.1,16670.3
1704837600,16671,16695.9,16662.1,16679.7
1704852000,16680,16686.5,16665.2,16671.1
1704866400,16671,16750.7,16652.1,16742.9
1704880800,16742.7,16746.2,16660.2,16661.6
1704895200,16661.5,16762,16651.4,16758.7
1704909600,16757.3,16829.5,16733.8,16801.3
1704924000,16800.5,16840.4,16795,16834.7
1704938400,16837.5,16865,16833.3,16853.6
1704952800,16853.8,16903.6,16848.3,16860
1704967200,16860.2,16911.3,16748.1,16762.7
1704981600,16762.8,16898.7,16612.9,16697.7
1704996000,16696.6,16840,16693.7,16811.2
1705010400,16807,16822.5,16779.4,16800.7
1705024800,16801,16821.5,16795.4,16801.7
1705039200,16801.9,16835.5,16773.7,16786
1705053600,16785.7,16837.1,16725,16821.9
1705068000,16822.1,16901.4,16774.3,16813.3
1705082400,16812.7,16853.1,16790.4,16809.9
1705273200,16821.4,16840.3,16797.2,16838.8
1705287600,16839.7,16870.9,16838.4,16866.8
1705302000,16866.7,16880,16812.5,16828.2
1705316400,16828.7,16838.9,16794.8,16810.7
1705330800,16811.4,16837,16798.7,16825
1705345200,16824.9,16826.8,16818.4,16819.8
1705356000,16821.9,16823.6,16742.1,16771.1
1705370400,16770.9,16777.5,16735.1,16737.9
1705384800,16738.1,16753.9,16672.6,16715.4
1705399200,16715.7,16790.3,16686.3,16753.9
1705413600,16753.3,16896.4,16720.6,16759.5
1705428000,16760.4,16844.1,16727,16838.4
1705442400,16841.9,16845.6,16810.4,16815.6
1705456800,16815.4,16818.9,16757.2,16757.9
1705471200,16757.8,16758.2,16681.2,16736.7
1705485600,16736.6,16772.3,16670.9,16685.4
1705500000,16685.6,16709.8,16557.8,16676.9
1705514400,16676.7,16749.5,16601.9,16721.9
1705528800,16716.7,16738.9,16700.8,16725.3
1705543200,16725.4,16739.4,16711.1,16735.9
1705557600,16736,16807,16734.9,16789.1
1705572000,16788.9,16915.5,16780,16853.6
1705586400,16854.3,16974.2,16854.3,16871.4
1705600800,16873.1,16996.3,16814.5,16984.8
1705615200,16985.6,17032.2,16980.6,17029.6
1705629600,17029.5,17051.2,17020.6,17022.2
1705644000,17022,17109,17021.9,17098.7
1705658400,17098.5,17127.7,17083.2,17092.7
1705672800,17092.4,17196.5,17039.1,17196.1
1705687200,17196.2,17339.1,17177.9,17327.9
1705878000,17356.7,17439.1,17343.3,17420
1705892400,17419.8,17425.3,17397,17409.9
1705906800,17409.7,17427,17385.4,17402.8
1705921200,17403.2,17451.4,17359,17407.9
1705935600,17410.3,17418.8,17302.3,17346.7
1705950000,17347,17362.8,17312.8,17325
1705960800,17326,17356.2,17323.9,17349.7
1705975200,17349.5,17359.6,17338.2,17345.6
1705989600,17345.9,17362.1,17296.9,17338.4
1706004000,17338.3,17400.5,17311.3,17374.6
1706018400,17374.5,17375.6,17285.5,17364.6
1706032800,17365.2,17431.7,17335.2,17424.3
1706047200,17436.5,17461.7,17434.6,17455.8
1706061600,17456,17485.7,17451.5,17479.9
1706076000,17480.1,17542.6,17477.7,17538
1706090400,17537.7,17568.7,17518.1,17540.6
1706104800,17541,17667.3,17514.2,17659.1
1706119200,17659.6,17659.6,17444.7,17503.2
1706133600,17492.9,17512.8,17472.8,17490
1706148000,17490.5,17509.5,17471.3,17507.8
1706162400,17507.7,17537.2,17485.2,17510.2
1706176800,17509.5,17597.5,17492.6,17588.7
1706191200,17589.7,17633.3,17514.7,17533.1
1706205600,17532.4,17562.4,17423,17460.9
1706220000,17443.2,17448.8,17393.7,17404.3
1706234400,17404.4,17425.7,17369.8,17391.6
1706248800,17392.1,17418.3,17352.1,17417.8
1706263200,17417.9,17497.1,17404.7,17483.6
1706277600,17483.7,17516.7,17389.9,17413.3
1706292000,17413.4,17460.9,17384,17389.4
1706482800,17357.7,17430.3,17349.6,17424.7
1706497200,17424.4,17442.6,17413.9,17435.2
1706511600,17435.1,17480.3,17430.3,17453.3
1706526000,17453.4,17472.8,17419.7,17447.8
1706540400,17447.7,17497.4,17408.8,17474.4
1706554800,17475,17602.6,17469.9,17586.2
1706565600,17600.8,17625.7,17592.7,17602.2
1706580000,17602.3,17618.4,17595.7,17613.2
1706594400,17613.7,17617,17555.7,17581.8
1706608800,17581.9,17602.3,17543.3,17550.8
1706623200,17550.5,17574.7,17454.7,17465.1
1706637600,17464.8,17499.3,17359.2,17359.7
1706652000,17332.2,17355,17320.7,17327.2
1706666400,17327,17349.3,17318.8,17337.3
1706680800,17337.4,17362.9,17237.7,17274.2
1706695200,17273.5,17346.8,17228.2,17300.3
1706709600,17300.5,17320.7,17178.3,17265
1706724000,17264,17378.3,17117.6,17158.4
1706738400,17169.6,17214.8,17165.1,17209.6
1706752800,17209.5,17229.8,17192.3,17201.5
1706767200,17201.9,17259.5,17167.1,17235.5
1706781600,17235.3,17267.5,17206.3,17239.8
1706796000,17239.5,17314.7,17172.7,17288
1706810400,17287.9,17548.6,17233.4,17531
1706824800,17499.9,17537.7,17484.7,17528.4
1706839200,17528.3,17531.4,17506.5,17518.9
1706853600,17519.2,17542.3,17486.3,17519
1706868000,17519.4,17549.9,17390.5,17403.3
1706882400,17402.9,17662.5,17373.2,17616.3
1706896800,17618.7,17681,17588.4,17591.3
1707087600,17621.8,17636.3,17573,17586.5
1707102000,17586.6,17612.8,17582.1,17603.8
1707116400,17602.9,17634.6,17583.8,17627.1
1707130800,17628,17647.9,17585.8,17614.3
1707145200,17597.6,17631.3,17463.6,17606.1
1707159600,17606.3,17653.8,17583.2,17608.2
1707170400,17619.2,17631,17603.2,17629.4
1707184800,17629.5,17661.5,17626.4,17648.2
1707199200,17647.4,17678.4,17635.1,17640.2
1707213600,17641.1,17654.9,17581.4,17647
1707228000,17647.1,17677.7,17472.5,17502.4
1707242400,17501.6,17580.5,17473,17560.3
1707256800,17567.8,17626.6,17560.6,17601.5
1707271200,17599.6,17605.1,17568.2,17579.1
1707285600,17579.2,17591.6,17545.1,17589.3
1707300000,17589.2,17661.5,17568.2,17650.5
1707314400,17650.6,17786.4,17633.6,17730.5
1707328800,17729.9,17776.8,17700.1,17764.3
1707343200,17763.4,17768.2,17749.4,17767.4
1707357600,17767.2,17773.7,17758.7,17762.8
1707372000,17762.7,17778.2,17739.4,17763.3
1707386400,17763.4,17767.1,17709.2,17741.7
1707400800,17741.6,17813.7,17723.8,17773.7
1707415200,17775.2,17811.1,17746.9,17774.3
1707429600,17777.1,17797.1,17772,17774
1707444000,17773.9,17790.7,17773.2,17783
1707458400,17783.2,17846.1,17779.5,17824.5
1707472800,17823.6,17890.7,17819.6,17850.2
1707487200,17850,17945.7,17795.1,17942.7
1707501600,17941.6,17988.3,17938.4,17953
1707692400,17946.7,17960.8,17923.6,17951.8
1707706800,17952.1,17953.8,17935.8,17943.2
1707721200,17943.1,17979.5,17941,17971.1
1707735600,17971,17976.6,17927.7,17960.6
1707750000,17960.5,18042.1,17912.3,17940.6
1707764400,17940.7,17945.2,17834,17849.4
1707775200,17853.3,17865.5,17839.7,17851.6
1707789600,17851.5,17868.5,17847.2,17864.7
1707804000,17865,17888.6,17787,17793.7
1707818400,17794.7,17798.5,17563.6,17586.7
1707832800,17586.8,17719.3,17512.3,17602.2
1707847200,17604,17629,17476.1,17623.3
1707861600,17613.6,17625.2,17599.2,17609.4
1707876000,17609.6,17619.7,17598.5,17614.2
1707890400,17613.9,17724.5,17613.9,17722.2
1707904800,17722,17740.6,17687.2,17707.6
1707919200,17707.9,17773.5,17617.1,17703.8
1707933600,17702.8,17813.4,17656.3,17795.3
1707948000,17798.6,17808.3,17771.4,17787.2
1707962400,17787.3,17818.8,17781.9,17810.4
1707976800,17810.7,17861.7,17802.6,17826.4
1707991200,17825.9,17868.6,17817.9,17834.8
1708005600,17834.9,17838.1,17717.8,17787.9
1708020000,17787.5,17900.6,17784.9,17885.7
1708034400,17890.2,17891.4,17846.3,17863.9
1708048800,17864,17883.7,17857.2,17867
1708063200,17867.3,17953.3,17867.3,17941.9
1708077600,17941.8,17960.9,17838,17875.2
1708092000,17875.3,17885.4,17652.6,17795.7
1708106400,17796.2,17842,17652.5,17657
1708297200,17681.6,17740.6,17679.2,17703.9
1708311600,17703.7,17725.1,17701.7,17719.2
1708326000,17719.5,17724.6,17676.2,17706.2
1708340400,17706,17744.2,17692.5,17728.4
1708354800,17728.7,17737,17709.7,17722.2
1708369200,17722.1,17729.4,17721.6,17721.8
1708380000,17720.9,17721.5,17619.4,17621.9
1708394400,17622.9,17635.6,17607.9,17625.8
1708408800,17624.6,17665.1,17576.9,17606
1708423200,17605.6,17639.8,17554.8,17613.4
1708437600,17613.5,17664.3,17394.2,17444.8
1708452000,17443.4,17554.5,17415.8,17517.6
1708466400,17509.5,17531.6,17480.8,17504.9
1708480800,17505.1,17508.8,17487.9,17503.9
1708495200,17503.8,17527.9,17456.1,17473.5
1708509600,17473.8,17496,17423.4,17446.6
1708524000,17446.8,17467.4,17377.2,17419.9
1708538400,17419.4,17655,17313.4,17644.5
1708552800,17631.6,17743.4,17619.1,17717
1708567200,17716.9,17763.4,17706.8,17739.6
1708581600,17739.4,17844.3,17733.8,17831.4
1708596000,17831.3,17873.1,17817.1,17844.9
1708610400,17844,17967.8,17811.8,17967.1
1708624800,17966.3,18034.7,17950.8,17970.4
1708639200,17985.4,18001.4,17967.3,17991.9
1708653600,17992.2,18006.2,17987.8,18001.7
1708668000,18001.6,18006.4,17951.3,17968.4
1708682400,17968.1,18034.4,17954.6,18025.4
1708696800,18024.7,18096.1,17898.3,17993.7
1708711200,17994.8,18012.9,17906.7,17907.3
1708902000,17905.4,17940.6,17874.6,17905.1
1708916400,17905,17913.9,17882.4,17893.8
1708930800,17893.9,17952.9,17882,17946
1708945200,17945.9,18002.8,17918.6,17940.6
1708959600,17940.1,18012.9,17924.5,17970
1708974000,17969.9,17993.8,17899.1,17901.1
1708984800,17897.1,17923.9,17892.4,17918.1
1708999200,17918.2,17922.9,17884.6,17894.9
1709013600,17894.8,17972.7,17889.1,17970.6
1709028000,17970.8,17996.9,17943.8,17983.7
1709042400,17983.3,17987.4,17879.2,17885.4
1709056800,17885.2,17986.6,17865.5,17963.6
1709071200,17970.5,17975.9,17949.9,17966.4
1709085600,17966.5,17973.4,17950.9,17954.2
1709100000,17954,17960.9,17849,17854.4
1709114400,17854.5,17917.1,17852,17901.5
1709128800,17901.7,17932.5,17834.5,17875.1
1709143200,17875.7,17914.1,17800.9,17812.7
1709157600,17830.7,17862.6,17823,17854
1709172000,17854.1,17892.9,17853.8,17881.7
1709186400,17881.6,17882.1,17789.7,17833.4
1709200800,17832.4,17988.5,17820.7,17968.2
1709215200,17969.1,18034.7,17860.6,17983.1
1709229600,17983,18067.8,17969.4,18025.6
1709244000,18037.1,18080.1,18003.4,18076.9
1709258400,18076.8,18093,18070.3,18088.7
1709272800,18089,18123.4,18077.7,18089.1
1709287200,18089.4,18089.4,17992.2,18050.5
1709301600,18050.4,18253.2,18042.6,18247.7
1709316000,18248.1,18333.4,18243.1,18279.9
1709506800,18316.3,18329.6,18290.8,18320.3
1709521200,18320.4,18321.4,18307.2,18314.8
1709535600,18315.1,18340.9,18282.4,18292.8
1709550000,18292.7,18316.3,18251.8,18261.1
1709564400,18261.3,18299.7,18237.1,18268.5
1709578800,18268.6,18313.1,18200.6,18208.3
1709589600,18214.5,18217.9,18161.1,18173.3
1709604000,18173.4,18186.4,18152.4,18159.7
1709618400,18160.1,18164.9,18093.4,18097.2
1709632800,18097.6,18151.3,18076.2,18101.4
1709647200,18100.8,18113.7,17879.2,17923.6
1709661600,17922.7,17956.6,17803.4,17950
1709676000,17942.5,17942.8,17914,17931.1
1709690400,17931.3,17959,17929.5,17953.7
1709704800,17953.5,18036.2,17939.7,18028.6
1709719200,18028.5,18070.1,18006.1,18070.1
1709733600,18069,18146.6,17937.7,18104.4
1709748000,18105.4,18132.9,17957.2,18007.2
1709762400,18018.7,18022,17927.2,17934.4
1709776800,17934.5,17970,17907.5,17957.9
1709791200,17957.7,18055.2,17894.9,18048.3
1709805600,18048.2,18140.5,18048.2,18131.5
1709820000,18130.9,18306.3,18098.4,18286.8
1709834400,18287.5,18338.1,18137.9,18231.5
1709848800,18258.2,18259,18229.8,18254.7
1709863200,18254.2,18291,18242.2,18272.7
1709877600,18272.8,18335,18252.8,18316.3
1709892000,18315.9,18350.5,18195.7,18333.8
1709906400,18333,18417.4,18034.6,18046.3
1709920800,18046.1,18156.4,17994.1,18035.2
1710108000,18024.4,18036.9,17958.1,18009.5
1710122400,18009.6,18017.3,17958.6,18005.2
1710136800,18005,18036.6,17924.7,18011.5
1710151200,18011.2,18033.7,17883.3,17884
1710165600,17884.2,18006.2,17875.2,17956.6
1710180000,17957,18006.4,17930.4,17978.5
1710190800,17994.3,18046,17991.1,18021.3
1710205200,18021.2,18055.4,18019.5,18054.1
1710219600,18054,18079.6,18013.6,18023.1
1710234000,18023,18114.6,17943.5,18050.8
1710248400,18051.8,18197.2,17912.8,18094.2
1710262800,18095.4,18228.8,18064.9,18208.1
1710277200,18206.6,18229,18199.2,18202.8
1710291600,18202.9,18211.2,18185.5,18209
1710306000,18208.9,18247.5,18177.9,18202.3
1710320400,18202.7,18227.2,18153.7,18166.2
1710334800,18166,18182.3,18025.4,18094.6
1710349200,18094.9,18146.8,18032.6,18091
1710363600,18086.8,18122.5,18084.3,18112.9
1710378000,18113.2,18125.9,18106.1,18125.5
1710392400,18125.2,18173,18120.1,18161.6
1710406800,18161.7,18168.7,18097,18115.5
1710421200,18115.7,18142.9,17949.6,18000.8
1710435600,18002.6,18080.3,17909.3,18012.3
1710450000,18001.5,18012.8,17972.8,18009.7
1710464400,18010,18018.5,17972,17976.7
1710478800,17976.6,18016,17957.4,18010.6
1710493200,18011.1,18074.2,17984.4,18004.4
1710507600,18004.6,18006.9,17761.1,17765.4
1710522000,17765,17861.1,17763.6,17815
1710712800,17824.9,17869.4,17817.9,17866.7
1710727200,17866.9,17915.7,17863,17912.4
1710741600,17912.5,17952,17896,17931.4
1710756000,17931.7,18115.1,17930,18037.4
1710770400,18038.5,18125.2,17985.4,18023.2
1710784800,18023.7,18060.9,17960.7,17978
1710795600,17967.7,17979,17912.1,17916.4
1710810000,17916.5,17965.9,17903.9,17945.1
1710824400,17944.9,18008.1,17915.2,17978.5
1710838800,17978.6,17988.1,17833.6,17886.9
1710853200,17886.4,18024.1,17809.1,17999.2
1710867600,18000.2,18041.9,17970.6,18020.3
1710882000,18026.2,18033.7,17996.7,18003.9
1710896400,18004,18007.5,17979.9,17989.3
1710910800,17989.2,18031,17986.7,17996.9
1710925200,17996.8,18083.4,17988.7,18050.8
1710939600,18051.2,18086.2,17998.9,18047
1710954000,18046.6,18297,17999.4,18290.5
1710968400,18285.7,18341,18279.1,18320
1710982800,18319.9,18365.4,18317.7,18360.4
1710997200,18360.2,18425.9,18356.7,18378.1
1711011600,18378.2,18433.5,18348.4,18417.4
1711026000,18417.6,18465.9,18377.2,18447.6
1711040400,18447.4,18447.7,18312.2,18338.4
1711054800,18341.4,18356.4,18330.8,18349.3
1711069200,18349,18356.7,18297.4,18341.1
1711083600,18341.2,18363.1,18302.9,18358.8
1711098000,18358.6,18370.9,18258.3,18294.7
1711112400,18294.9,18346,18265.9,18344.9
1711126800,18342.9,18388.8,18310.1,18322.8
1711317600,18343.3,18364.8,18317.1,18354.9
1711332000,18355,18355,18316.7,18319.1
1711346400,18319,18329.6,18284.1,18289.1
1711360800,18289.3,18294.1,18180.2,18245.5
1711375200,18245,18325.1,18236.9,18320.1
1711389600,18320.3,18338.5,18274.4,18297.5
1711400400,18302.3,18319.2,18296.7,18316.7
1711414800,18316.8,18325.5,18286.8,18304.3
1711429200,18304.1,18378.1,18302.5,18362
1711443600,18362.1,18388.1,18327.1,18338
1711458000,18338.2,18379.7,18304.3,18314.3
1711472400,18313.2,18333.3,18210.1,18246.4
1711486800,18243.1,18274.6,18238.2,18272
1711501200,18271.9,18298.5,18263.5,18298.1
1711515600,18298.4,18305.3,18252.4,18291.1
1711530000,18291.3,18331,18282.4,18329.6
1711544400,18330.8,18352.9,18155.8,18218.6
1711558800,18219,18301.4,18174.7,18279.3
1711573200,18263.8,18278.9,18250.8,18276.4
1711587600,18276.8,18283.3,18260.1,18279.2
1711602000,18279.1,18292.8,18256.8,18260
1711616400,18260.1,18305.7,18237.6,18277
1711630800,18277.1,18312.1,18235.5,18253
1711645200,18253.2,18290.5,18220.4,18242.4
1711922400,18353.6,18394.8,18347.7,18369
1711936800,18369.1,18375.6,18346.6,18356
1711951200,18355.8,18385.8,18340.5,18354.7
1711965600,18354.6,18389.2,18261.8,18368.3
1711980000,18357.6,18387.1,18201.1,18250.1
1711994400,18250.4,18300.2,18236.4,18282.2
1712005200,18279.5,18280.7,18245.6,18253.1
1712019600,18252.9,18285.6,18244.9,18271.5
1712034000,18271.4,18306,18243,18272.1
1712048400,18272,18286.8,18123.9,18133.3
1712062800,18133.4,18135,17995.7,18084.8
1712077200,18084.5,18140.5,18063,18133.1
1712091600,18130.5,18132.1,18092,18102
1712106000,18101.8,18108.4,18083.2,18094.8
1712120400,18094.9,18101.1,18058.9,18084.7
1712134800,18084.4,18116.1,18045.9,18064.4
1712149200,18064.3,18244.2,18028.9,18204.3
1712163600,18206,18224.7,18095.1,18176.9
1712178000,18178.7,18278.5,18172.4,18236.9
1712192400,18237.1,18261,18231.1,18252.2
1712206800,18252,18261.1,18210.7,18244.5
1712221200,18244.9,18340.1,18239.7,18335.6
1712235600,18335.7,18367.5,18276.8,18354.3
1712250000,18352.9,18354.3,17862.7,17877.8
1712264400,17914.8,17925.7,17866.7,17908.2
1712278800,17908.1,17931.1,17874.4,17923.6
1712293200,17923.4,17959,17909.2,17949.9
1712307600,17951.1,18001.6,17864.5,17956.1
1712322000,17956.4,18209.4,17914.2,18203.9
1712336400,18203.2,18210.6,18049.3,18110
1712527200,18157,18157,18089.5,18128.2
1712541600,18128.7,18133.1,18076.4,18104.2
1712556000,18106,18150,18048.8,18108.1
1712570400,18107.9,18168.6,18044.5,18108.7
1712584800,18107.7,18182.9,18058.8,18113.7
1712599200,18114.6,18138,18091.8,18114
1712610000,18128.3,18128.3,18100,18102.6
1712624400,18102.7,18124.8,18093.2,18121.8
1712638800,18122.2,18142.2,18074.2,18112.6
1712653200,18112.2,18179.1,18061.6,18169.7
1712667600,18169.8,18212,17967.9,18073.8
1712682000,18074.2,18212.7,18023,18188.2
1712696400,18183.2,18190.9,18175.4,18187.8
1712710800,18187.5,18194.6,18176.1,18190.1
1712725200,18190.3,18214.6,18177.7,18209.6
1712739600,18210.1,18273.6,17861.1,17911.9
1712754000,17912.9,18050.4,17870.9,18006.7
1712768400,18007.4,18041.9,17933.1,18007.5
1712782800,17994.3,17998.4,17959.7,17991.4
1712797200,17990.4,18033.9,17982.2,18030.9
1712811600,18031.2,18043.4,17985.2,17985.4
1712826000,17985.1,18090.1,17917.1,18072.7
1712840400,18072.8,18149,17996,18131.3
1712854800,18131.7,18336.9,18115.5,18303.2
1712869200,18299.2,18322.1,18293.2,18316.6
1712883600,18316.9,18323.7,18307.1,18310.5
1712898000,18310.4,18331.1,18267,18267.5
1712912400,18268.1,18270.1,18133.4,18139.5
1712926800,18139.4,18165.6,17976.8,17987.8
1712941200,17986.3,18026.1,17949.1,17999.4
1713132000,18019.9,18086,18002.7,18053.3
1713146400,18053.4,18093.8,18043.5,18088.9
1713160800,18089.3,18121,18068.4,18096.6
1713175200,18096.2,18176.4,18087.5,18131
1713189600,18130.9,18151.7,17708.5,17754.7
1713204000,17754.6,17769.8,17675.6,17705.3
1713214800,17720.2,17728.4,17682.1,17715.8
1713229200,17716.3,17719.1,17631.1,17678.9
1713243600,17679,17718.4,17664.9,17702.5
1713258000,17702.4,17752.6,17628.2,17728.4
1713272400,17728.1,17771.2,17657.6,17747.8
1713286800,17745.9,17820.1,17652.4,17726.3
1713301200,17742.1,17777.5,17729.4,17749.2
1713315600,17749.1,17776.1,17742.7,17773.4
1713330000,17773.2,17773.2,17617.5,17751.2
1713344400,17750.6,17781.2,17721.6,17768.1
1713358800,17768,17806.6,17456.3,17482.7
1713373200,17483,17635.5,17477.2,17500
1713387600,17524.2,17547.6,17514.3,17543.7
1713402000,17543.6,17583.9,17539.7,17573.4
1713416400,17573.9,17618.1,17557.1,17570.5
1713430800,17570.9,17579,17511.5,17529
1713445200,17528.9,17595.3,17400,17460.9
1713459600,17461.8,17476.3,17355.4,17375.5
1713474000,17386.3,17392.9,17272.4,17289.4
1713488400,17288.6,17297,17033.6,17220
1713502800,17219.5,17311,17199.4,17263.9
1713517200,17264.2,17403.5,17260.5,17369.1
1713531600,17367.5,17374.4,17059.3,17139.3
1713546000,17137.6,17194.1,16969.2,17030.8
1713736800,17087.6,17130.5,17054.5,17105.1
1713751200,17105.7,17139.7,17093,17139.5
1713765600,17139.9,17163,17091.7,17150.5
1713780000,17150.2,17188.4,17104.7,17139
1713794400,17139.9,17271.5,17006.6,17254.1
1713808800,17255.1,17305.4,17182.9,17201.3
1713819600,17220.9,17223.3,17148.7,17193.8
1713834000,17193.4,17203.9,17153.5,17192.8
1713848400,17192.7,17262.8,17179.5,17245
1713862800,17244.9,17291.2,17222.4,17283.8
1713877200,17283.9,17473.3,17274.2,17453
1713891600,17453.6,17525.4,17431.2,17514.7
1713906000,17539.2,17580.2,17524,17574.5
1713920400,17574.4,17607.5,17570.5,17590.4
1713934800,17590.8,17608.2,17552,17557.1
1713949200,17557.2,17615.1,17528.5,17566.5
1713963600,17564.4,17657.1,17429.7,17484.7
1713978000,17484,17566.3,17342.7,17364.3
1713992400,17321,17364.4,17315.5,17358.8
1714006800,17358.5,17361.6,17318.4,17323.6
1714021200,17323.5,17379,17278.5,17366.5
1714035600,17365.6,17394.8,17238.9,17249.8
1714050000,17253.6,17380.1,17178.5,17368.4
1714064400,17368.8,17698.9,17337.6,17683.2
1714078800,17651.6,17666.7,17617,17629
1714093200,17630.1,17660.3,17622.5,17639.8
1714107600,17639.7,17667.3,17601.6,17609.2
1714122000,17609.5,17691.7,17568.7,17601.7
1714136400,17602.6,17757.4,17542.6,17753.2
1714150800,17751.6,17770.7,17700.5,17704.3
1714341600,17738,17784.8,17723.9,17779.6
1714356000,17779.7,17794.3,17767,17794.2
1714370400,17794.5,17795.2,17739.5,17741.2
1714384800,17741.5,17821.5,17702.8,17739.3
1714399200,17740.2,17805.6,17719,17791.2
1714413600,17791.1,17805.5,17666.1,17784
1714424400,17788.3,17791.4,17774.6,17782.2
1714438800,17782,17797,17779.7,17782
1714453200,17782.1,17787.5,17747.7,17747.7
1714467600,17747.9,17772.7,17668.6,17703.2
1714482000,17703.7,17771.9,17562.2,17583.9
1714496400,17583.7,17623,17356.5,17383.5
1714510800,17369.3,17397.6,17350.6,17394.5
1714525200,17394.4,17410.5,17380.9,17409.2
1714539600,17408.7,17409.6,17337.1,17356.1
1714554000,17356.2,17397,17293.9,17380
1714568400,17379.9,17400,17282.6,17316.2
1714582800,17316.5,17675.9,17296.8,17356.3
1714597200,17377.4,17429.5,17373.8,17424.5
1714611600,17424.8,17446.7,17412.2,17438.8
1714626000,17438.9,17485.3,17406.2,17447.2
1714640400,17446.4,17505.8,17445.8,17463.4
1714654800,17463.9,17486.8,17283.4,17425.1
1714669200,17426.6,17647,17426.6,17631.3
1714683600,17626.7,17701.4,17617.4,17658.4
1714698000,17658.5,17681.8,17643.4,17646.3
1714712400,17646.4,17663.3,17614.4,17655.4
1714726800,17655.9,17857,17635.4,17818.8
1714741200,17818.4,17936.4,17784.2,17859.7
1714755600,17861.7,17916.5,17857,17911.6
1714946400,17924.2,17936.7,17887.1,17903
1714960800,17903.2,17905.6,17875.7,17887
1714975200,17886.8,17937.1,17886.8,17935.5
1714989600,17935.1,18000.3,17928.8,18000.3
1715004000,18000.6,18025.1,17961.5,18021.5
1715018400,18021.6,18092.8,18017.7,18075.2
1715029200,18074.3,18091.7,18066.4,18072.8
1715043600,18072.7,18085.3,18064.2,18079.3
1715058000,18079.4,18091.3,18050,18089.9
1715072400,18089.7,18093.7,18044.9,18086.1
1715086800,18085.9,18156.2,18075.2,18132.6
1715101200,18132,18157.2,18059,18086.1
1715115600,18087.4,18105.6,18075.8,18104.6
1715130000,18104.5,18110.4,18081.3,18081.8
1715144400,18081.6,18111.9,18076.8,18088
1715158800,18087.9,18097.7,17967,17986.5
1715173200,17986.2,18138.2,17974,18063.8
1715187600,18064.9,18095.1,18035.9,18052.1
1715202000,18054.4,18071.8,18049.9,18062.5
1715216400,18062.4,18078.5,18051.4,18051.6
1715230800,18051.9,18063.7,18022.1,18026.6
1715245200,18025.6,18102.4,18006.4,18092.9
1715259600,18092.7,18141.6,18010.9,18114.6
1715274000,18115.7,18140.6,18090.5,18117.2
1715288400,18122.1,18145,18122.1,18134.4
1715302800,18134.2,18137.6,18116.9,18130.9
1715317200,18131,18194.4,18125,18194.2
1715331600,18194.4,18208.7,18153,18155.5
1715346000,18155.9,18250.9,18091.1,18149.2
1715360400,18149.3,18171.5,18109.5,18138.7
1715551200,18140.8,18167.5,18133.4,18164.4
1715565600,18164.3,18202.4,18156.9,18201.4
1715580000,18201.3,18206.5,18178.4,18193.7
1715594400,18193.5,18239.8,18156.9,18189.9
1715608800,18190.1,18216.8,18139.6,18188.4
1715623200,18188.3,18204.2,18172.2,18186.6
1715634000,18186.5,18195.1,18179.2,18182.7
1715648400,18182.8,18185.7,18168.5,18175.3
1715662800,18175,18213.3,18175,18211.1
1715677200,18211,18213.6,18073.1,18167.1
1715691600,18167.5,18274.7,18155.7,18224
1715706000,18224.1,18336.3,18204.4,18308.8
1715720400,18310.1,18330,18303.6,18312.6
1715734800,18312.7,18341.7,18312.2,18314.8
1715749200,18314.6,18322.3,18296.8,18320
1715763600,18320.1,18450.8,18297.2,18413.8
1715778000,18413.7,18534.5,18351.4,18532.8
1715792400,18531.6,18607.8,18530.9,18589.6
1715806800,18592.3,18635.4,18588.7,18628.6
1715821200,18628.3,18639.2,18615.1,18625.2
1715835600,18625.3,18634.1,18606.9,18620.7
1715850000,18620.8,18634.9,18587.4,18595.7
1715864400,18595.3,18670.9,18573.3,18644.1
1715878800,18643.1,18650.3,18539.1,18541.2
1715893200,18553.5,18565.4,18550,18563.1
1715907600,18563,18575.4,18553.4,18567
1715922000,18567.1,18582.9,18525.9,18543.4
1715936400,18543.5,18594.8,18543.4,18592.9
1715950800,18592.8,18593.6,18521.3,18553.6
1715965200,18553.4,18554,18456.6,18542.6
1716156000,18555.8,18586.2,18550.3,18579.3
1716170400,18579.2,18592.6,18573.2,18590.8
1716184800,18590.7,18590.7,18567.5,18584.1
1716199200,18584.2,18668.4,18549.2,18664
1716213600,18665.9,18706.2,18640.4,18655.1
1716228000,18655.2,18693.5,18617.3,18654.2
1716238800,18664.9,18672.8,18656.3,18669.1
1716253200,18669.2,18669.9,18655.1,18667.1
1716267600,18666.9,18676.7,18649.6,18654.9
1716282000,18655.1,18673.2,18630.6,18631.1
1716296400,18631.3,18686.9,18591.6,18662.8
1716310800,18662.6,18721.7,18647.4,18710
1716325200,18716,18732.3,18715.5,18725.9
1716339600,18726,18739.1,18722,18724.6
1716354000,18724.9,18736.1,18701.5,18708.1
1716368400,18708,18726,18670.6,18718.4
1716382800,18717.8,18754.2,18704.5,18721.3
1716397200,18721.2,18805.8,18602.4,18729.7
1716411600,18787.1,18794.8,18761.2,18785.8
1716426000,18785.9,18897.4,18781.4,18890.5
1716440400,18890.4,18891.9,18855.8,18862.8
1716454800,18862.6,18948.5,18857,18932.3
1716469200,18932.1,18934.3,18729.5,18769.8
1716483600,18769.7,18785.2,18551.6,18612
1716498000,18617.9,18655.9,18612.9,18649.6
1716512400,18649.2,18661.9,18638.3,18643.8
1716526800,18642.9,18675.9,18613.8,18666.9
1716541200,18667.3,18703.1,18654.4,18683.7
1716555600,18683.2,18848.3,18662.7,18814.8
1716570000,18813.4,18854.1,18762.9,18798.3
1716760800,18804.3,18815.8,18763.4,18781.7
1716775200,18781.9,18799.1,18766.1,18795.9
1716789600,18796.3,18818.3,18789.1,18798.7
1716804000,18798.9,18839.9,18796.6,18812.8
1716818400,18813.1,18885.2,18805.7,18867
1716832800,18867.1,18871.7,18864.1,18868.8
1716843600,18870.6,18872.2,18817.6,18829.7
1716858000,18829.6,18861.5,18826.4,18850.6
1716872400,18850.7,18908.7,18838.9,18907.2
1716886800,18907,18910,18829.4,18845.7
1716901200,18845.5,18874.9,18771.9,18853.2
1716915600,18853.5,18898.9,18750.8,18879.8
1716930000,18880.8,18882,18837.2,18843
1716944400,18842.8,18852.1,18809.5,18831.3
1716958800,18831.5,18834.7,18736.6,18757.2
1716973200,18757.3,18769.3,18707.3,18714.2
1716987600,18714.3,18815,18689.7,18807.1
1717002000,18806.4,18808.7,18673.8,18678.8
1717016400,18695.3,18696.3,18641.5,18650.9
1717030800,18651,18658,18608.9,18619
1717045200,18618.9,18676.5,18597.1,18673.7
1717059600,18673.6,18724.7,18653.7,18703.6
1717074000,18703.9,18711.7,18558.1,18630.3
1717088400,18630.7,18663.6,18482.8,18524.1
1717102800,18505,18514.1,18440.8,18466.2
1717117200,18466.3,18509.2,18464.7,18495.7
1717131600,18495.4,18513.6,18454.8,18485.1
1717146000,18485,18608.5,18425.9,18588
1717160400,18587.4,18596.9,18187,18237.8
1717174800,18238.6,18573.9,18237.4,18515.2
1717365600,18541.4,18594.3,18486.4,18577.9
1717380000,18577.8,18606.3,18577,18596.9
1717394400,18595.6,18626.5,18572.3,18616.7
1717408800,18617,18703.7,18604.2,18630.5
1717423200,18644.5,18679.3,18388.8,18509.7
1717437600,18509.8,18624.3,18479.6,18611
1717448400,18612.2,18630.3,18602.3,18624.4
1717462800,18624.3,18627.2,18593.2,18599.9
1717477200,18600,18604.5,18498.2,18508.7
1717491600,18509.3,18566.9,18464.9,18562.5
1717506000,18562.3,18616,18520.5,18578.9
1717520400,18577.4,18700.6,18543.7,18650.8
1717534800,18664.5,18696.4,18646.3,18678.9
1717549200,18678.8,18715.4,18666.2,18707.7
1717563600,18707.8,18713.5,18653.5,18706.3
1717578000,18706.4,18778.2,18704.2,18776
1717592400,18776.5,18959.6,18756.8,18956.2
1717606800,18955.9,19042.7,18930.4,19036.6
1717621200,19033.7,19061.9,19020.3,19038.8
1717635600,19039.4,19063.1,19027.9,19051.8
1717650000,19052.1,19060.8,19026.2,19042.9
1717664400,19043.3,19075.2,19009.7,19046.2
1717678800,19045.1,19067.9,18983.8,19008.5
1717693200,19008.1,19041.6,18969.2,19024.8
1717707600,19024.1,19043.2,19021.5,19040.3
1717722000,19040.4,19055.4,19035.4,19051
1717736400,19050.9,19064,19034.3,19038.4
1717750800,19038.6,19096.1,18901.6,18944.8
1717765200,18944.6,19108.5,18935.5,19104.9
1717779600,19105.3,19113.9,18956.7,18989.8
1717970400,18986.1,19023.7,18979.7,19003.1
1717984800,19003.2,19015.4,18996.7,19010.2
1717999200,19010.4,19010.6,18940.8,18966.3
1718013600,18966.2,19005.8,18944.3,18958.3
1718028000,18958.6,19085.8,18953,19065.2
1718042400,19065.1,19093.1,18998,19067.4
1718053200,19065.3,19069.5,19042,19047.7
1718067600,19047.5,19063.4,19045.7,19055.7
1718082000,19055.8,19080.4,19042.4,19043.5
1718096400,19038,19043,18996.4,19023.8
1718110800,19023.4,19106.1,18961.9,19069.4
1718125200,19069.8,19223.5,19057.8,19211.8
1718139600,19209.3,19238.3,19202.3,19213.7
1718154000,19213.8,19236.1,19212.3,19225.5
1718168400,19225.2,19244.3,19209.7,19228
1718182800,19227.7,19424.8,19224.7,19391.1
1718197200,19391.5,19515.4,19345,19476.8
1718211600,19477.8,19579.5,19401.5,19572.7
1718226000,19560.4,19594.2,19554,19586.5
1718240400,19586.7,19611,19582,19609.2
1718254800,19609.5,19642.1,19590.3,19610.8
1718269200,19611,19659.1,19554.6,19600.1
1718283600,19600.6,19634.2,19472.3,19515.9
1718298000,19515.2,19607.3,19508.3,19572.5
1718312400,19568.3,19595.4,19563.4,19586.6
1718326800,19586.9,19614.4,19583.3,19612.6
1718341200,19612.8,19633.9,19584.3,19591.1
1718355600,19591.3,19600.4,19477.6,19537.6
1718370000,19537.5,19627.7,19528.5,19610.9
1718384400,19612,19677.3,19606.8,19670.6
1718575200,19658.7,19706.2,19651.4,19682.2
1718589600,19681.9,19688.4,19668.5,19681.4
1718604000,19681.5,19729.3,19656,19697.7
1718618400,19697.5,19704.7,19621.9,19672
1718632800,19672.2,19950.4,19647.2,19947.2
1718647200,19947.3,19984.7,19874,19894.2
1718658000,19898,19930.6,19882.8,19903
1718672400,19903.2,19912,19875.2,19895.2
1718686800,19895.1,19950.5,19889.6,19943
1718701200,19943.4,19986,19909.6,19927.5
1718715600,19927.4,19935.7,19841.5,19919.4
1718730000,19919,19942.7,19874.6,19919.2
1718744400,19920.6,19945.3,19916.4,19924.5
1718758800,19924.3,19940,19922.4,19930.4
1718773200,19930.5,19953,19927.6,19942
1718787600,19941.3,19960,19940.8,19954.5
1718802000,19954.8,19964.5,19936.3,19943.6
1718816400,19943.9,19965.5,19942.9,19963.2
1718830800,19952.3,19971.6,19943.2,19966.6
1718845200,19966.3,20030,19965.6,20023.3
1718859600,20022.5,20086.5,20021.2,20045.2
1718874000,20045.8,20052.2,19974.3,19983.1
1718888400,19982.7,19986.5,19730.7,19798.7
1718902800,19798,19799.1,19678.3,19770.1
1718917200,19769.3,19799,19765,19767.4
1718931600,19767.6,19801.2,19764.7,19799.6
1718946000,19799.7,19817.4,19679.9,19707.1
1718960400,19707,19775,19699,19764.1
1718974800,19764,19804.2,19646.5,19728.6
1718989200,19726.8,19742.5,19677.3,19731.3
1719180000,19738,19757.1,19647.4,19680.5
1719194400,19681,19725.2,19670.4,19720.8
1719208800,19720.7,19758.2,19668,19683
1719223200,19683.2,19712.2,19595.3,19674.7
1719237600,19675.1,19723.5,19517.1,19539.1
1719252000,19539.6,19584.2,19458.9,19479.7
1719262800,19498.8,19508.5,19484.7,19488.7
1719277200,19488.9,19538.1,19479.2,19537.1
1719291600,19537.2,19554,19462.5,19552.9
1719306000,19553.4,19586.7,19541.4,19567.2
1719320400,19567.1,19700.4,19528.6,19607.3
1719334800,19606.4,19716.1,19570.7,19700.5
1719349200,19703.7,19727.3,19700,19726.3
1719363600,19726.2,19744.3,19717.8,19728
1719378000,19728.5,19806.5,19727.3,19783.3
1719392400,19783.2,19785.1,19667.1,19670.7
1719406800,19670.8,19764,19637.6,19710.6
1719421200,19710,19765,19658,19687.1
1719435600,19699.9,19703,19619,19638.1
1719450000,19638,19688.2,19637.7,19686.7
1719464400,19686.9,19717.5,19678.2,19704
1719478800,19703.9,19749,19696.4,19748.4
1719493200,19747.4,19854.7,19691.9,19772.8
1719507600,19771.7,19822.1,19737.4,19807.8
1719522000,19812.7,19849.4,19806.8,19830.1
1719536400,19829.9,19891.6,19828.7,19860.7
1719550800,19860.9,19883.7,19844.1,19866.9
1719565200,19867,19925.7,19830.9,19834.4
1719579600,19834.2,20026.4,19738.4,19790.2
1719594000,19789.2,19825.6,19660,19717.2
1719784800,19715.9,19749.8,19689.3,19747.6
1719799200,19747.5,19765.9,19732.3,19765
1719813600,19765.1,19777.5,19659.1,19692.8
1719828000,19691,19749.6,19597.5,19641.7
1719842400,19655.1,19785.7,19567.6,19758.1
1719856800,19758.3,19830.1,19739.2,19796.1
1719867600,19807.7,19813.3,19729,19748.2
1719882000,19748,19761.5,19724,19744.7
1719896400,19744.9,19778.1,19696.4,19721.1
1719910800,19721.5,19731.5,19672.7,19707.9
1719925200,19707.7,19917.9,19705.6,19882.5
1719939600,19882.4,20016.1,19877.1,19993.8
1719954000,19994,20013.3,19987.4,20006.2
1719968400,20006.1,20008.6,19993.6,20006.2
1719982800,20006.3,20043.1,19996.1,20028.3
1719997200,20028.4,20039.7,19967.1,19980.8
1720011600,19980.4,20188,19968.9,20177.3
1720026000,20178.1,20198.6,20159.2,20172.6
1720040400,20169.2,20175.2,20154,20168.4
1720054800,20168.5,20180.9,20161,20165.7
1720069200,20165.9,20173.4,20160.7,20162.9
1720083600,20163.1,20172,20159.9,20170.2
1720098000,20170.6,20196.5,20138.4,20145.7
1720112400,20141.8,20160.8,20141.4,20153.7
1720126800,20145,20182.3,20140.4,20177
1720141200,20176.9,20199.4,20173.8,20195
1720155600,20195.1,20240.7,20190,20202.5
1720170000,20202.6,20267.1,20157.4,20198.7
1720184400,20199.1,20385.4,20184.6,20355.6
1720198800,20355.4,20404.6,20342.9,20354.6
1720389600,20359.6,20386.6,20346.6,20361.1
1720404000,20360.9,20369.5,20350.5,20351.8
1720418400,20351.6,20386.9,20350.4,20378.9
1720432800,20379,20428.4,20367.8,20410
1720447200,20410.7,20442.9,20361.1,20427.3
1720461600,20426,20458.2,20385.8,20451.8
1720472400,20447.6,20521.7,20446.1,20501.6
1720486800,20501.5,20513.3,20477.3,20511.2
1720501200,20511.1,20515.5,20486,20506.1
1720515600,20506.2,20520.8,20477.1,20494.8
1720530000,20495.1,20546.7,20419.1,20450.7
1720544400,20449.7,20464.2,20389.7,20458.7
1720558800,20459,20487.5,20458.3,20486.1
1720573200,20486.4,20494.1,20478.4,20492.8
1720587600,20493.5,20508.5,20473.5,20508.3
1720602000,20508,20544.1,20498.1,20530.9
1720616400,20531.1,20623.2,20478.8,20621.4
1720630800,20621.1,20689.2,20613.9,20666.7
1720645200,20668.6,20674.7,20636.2,20638.1
1720659600,20637.9,20660.4,20629.7,20655.9
1720674000,20655.7,20667.4,20643.3,20656.9
1720688400,20657.1,20758.9,20641.7,20667.6
1720702800,20667.4,20693.8,20214.7,20222.3
1720717200,20223,20278.9,20163.9,20214
1720731600,20227.6,20247.4,20192.1,20226.5
1720746000,20226.4,20235.2,20179.6,20188.1
1720760400,20188.4,20229,20164.2,20227.7
1720774800,20228,20258.7,20129.2,20231.4
1720789200,20231.2,20457.4,20213.9,20420.9
1720803600,20420.6,20530.4,20299.7,20329.4
1720994400,20343.1,20375.5,20302.9,20372.2
1721008800,20372.5,20410.7,20358,20406.7
1721023200,20406.5,20430,20395.1,20422.2
1721037600,20422.1,20462.9,20379.6,20425.1
1721052000,20427.1,20591.1,20350.9,20363.8
1721066400,20364.3,20438,20301.1,20417.1
1721077200,20431.1,20444.5,20416.7,20425.7
1721091600,20425.6,20452.4,20417.9,20436.9
1721106000,20437,20446.4,20339.2,20400
1721120400,20400.1,20450.7,20373.7,20436
1721134800,20435.7,20481.2,20262.7,20343.7
1721149200,20342.2,20410.2,20282.5,20383.4
1721163600,20386.4,20395.8,20356.8,20362.9
1721178000,20362.8,20363.5,20316.1,20322.6
1721192400,20322.9,20334,20107.6,20141.9
1721206800,20142,20166.6,20059.1,20079.4
1721221200,20079.5,20095.8,19813.2,19868.2
1721235600,19866.3,19887.1,19770.9,19818.3
1721250000,19853.3,19884,19843.3,19873.6
1721264400,19873.5,19890,19835.1,19863.1
1721278800,19863.3,19972.3,19846.5,19935.5
1721293200,19935.4,19957.6,19828.9,19955
1721307600,19954.8,19972.1,19583.3,19723.9
1721322000,19722.3,19770,19569.9,19744
1721336400,19762.4,19790.1,19749.3,19761.4
1721350800,19761.6,19779.6,19752.9,19773.8
1721365200,19774.2,19795.9,19575.1,19657.1
1721379600,19657.8,19760.4,19624.3,19756.2
1721394000,19756.3,19793.1,19507.9,19550.2
1721408400,19549.5,19605.6,19474.6,19519.6
1721599200,19564.7,19663.8,19550.4,19570
1721613600,19570.5,19632.4,19543.8,19612.3
1721628000,19611.5,19676.4,19582.7,19671.5
1721642400,19670.9,19846.1,19662.3,19786.6
1721656800,19788.9,19838.3,19627.1,19816.7
1721671200,19816.8,19862.9,19786.1,19800
1721682000,19803.3,19821.7,19751.6,19763.8
1721696400,19763.9,19794.9,19738.6,19767.7
1721710800,19768.2,19779.1,19694.8,19746.7
1721725200,19746.8,19841.7,19746.4,19795.2
1721739600,19795.3,19911.1,19754,19776
1721754000,19777.4,19825.4,19731.1,19768.9
1721768400,19655.9,19682.6,19616.3,19658.4
1721782800,19659.3,19667.7,19553.2,19559.9
1721797200,19560.8,19606.3,19514.9,19577
1721811600,19577.4,19582,19438.9,19464
1721826000,19463.9,19484.4,19145.3,19158
1721840400,19156.6,19214.6,19005.8,19100.3
1721854800,19098.5,19142.7,19095.7,19133.2
1721869200,19133.1,19143.2,19056.9,19094.9
1721883600,19095.1,19115.4,18903,19038.5
1721898000,19038.4,19075.6,18928.4,19074
1721912400,19071.2,19198.7,18724.5,19171.8
1721926800,19172.7,19229.8,18780.9,18831.2
1721941200,18843.8,18906.4,18838.7,18899.6
1721955600,18899.1,18958.6,18897.8,18956
1721970000,18955.9,19072.9,18916.3,19071.5
1721984400,19071.8,19086.8,19006.6,19029.9
1721998800,19030,19139.3,18894,19127.3
1722013200,19126.4,19148,18954.1,19022
1722204000,19043.4,19181.4,19040.6,19145.9
1722218400,19146.7,19179.6,19137.2,19163.6
1722232800,19163.3,19185.6,19071.7,19121.4
1722247200,19121.3,19218.2,19075.1,19208.2
1722261600,19208.7,19227.2,18966.5,19107.4
1722276000,19106.9,19116.5,19037.4,19068.1
1722286800,19068.6,19085.4,18975.2,19008.2
1722301200,19008.1,19034.7,18928.7,19032.5
1722315600,19032.9,19107.7,19021,19096.7
1722330000,19095.5,19129.2,19057.8,19118.8
1722344400,19118.3,19169.2,18671.5,18673
1722358800,18674.8,18872,18583.3,18714.8
1722373200,18728.9,18937.4,18719.6,18934.4
1722387600,18934.5,19005.4,18914.4,18964.7
1722402000,18964.6,19105.2,18954.1,19073.2
1722416400,19073.3,19212.8,19052.1,19205.6
1722430800,19205.7,19372.4,19169.3,19285.7
1722445200,19283.7,19501.2,19201.3,19437.1
1722459600,19452.2,19577,19440.1,19506.1
1722474000,19506.2,19547.7,19480.5,19528.2
1722488400,19528.3,19550.7,19363.8,19382.5
1722502800,19383,19505.6,19375.2,19455.1
1722517200,19455.2,19539.8,18939.4,18955.7
1722531600,18956.3,18973.3,18719.9,18830.5
1722546000,18831.7,18852.3,18715.8,18782.2
1722560400,18782.5,18793.7,18560.3,18642.2
1722574800,18642.8,18678.9,18518.9,18606.9
1722589200,18605.2,18622.5,18386,18461.8
1722603600,18464.5,18637.5,18263.4,18385
1722618000,18384.5,18465.8,18322,18386.4
1722808800,18242.5,18266.6,17954.2,18015.6
1722823200,18015.7,18062.2,17242.6,17434
1722837600,17433.6,17875.6,17350,17701.7
1722852000,17701.9,17838.6,17250.9,17772.6
1722866400,17786.2,18172.7,17740.2,17963
1722880800,17964.4,18055.1,17779.4,18024.7
1722891600,18064.2,18226.4,18055.7,18223.5
1722906000,18224.4,18323.2,18196.1,18220.1
1722920400,18221.2,18262.7,18015.7,18056.3
1722934800,18056.4,18140.3,17905.4,17971.1
1722949200,17970.7,18334.3,17854.4,18315.4
1722963600,18316.4,18369.8,17959.4,17989
1722978000,17924.9,18082.9,17920.7,18057.2
1722992400,18056.9,18327.5,18032.9,18289.9
1723006800,18290,18296.5,18111.3,18287.7
1723021200,18287.5,18351.5,18263,18322.9
1723035600,18320.9,18448.8,18151.3,18173.8
1723050000,18173.2,18188.4,17728.3,17746.8
1723064400,17777.4,17835.8,17642.8,17801.9
1723078800,17801.8,17972.5,17789,17885.8
1723093200,17885.7,17949.7,17775.7,17893.4
1723107600,17893.3,18099.6,17808.1,18051.3
1723122000,18054.4,18363.3,17961,18300
1723136400,18299.6,18484.3,18251.1,18448.7
1723150800,18439,18514.8,18388.8,18418.1
1723165200,18417.6,18493,18331.2,18356.3
1723179600,18356.2,18551.5,18336.1,18537
1723194000,18536.7,18546.1,18283.6,18324.1
1723208400,18324,18480.6,18305.3,18430.9
1723222800,18428.9,18572.8,18421.4,18495.2
1723413600,18489.1,18554.7,18413.8,18507
1723428000,18506.9,18564.5,18506,18544.4
1723442400,18544.5,18587.7,18501.9,18549.9
1723456800,18550.2,18590.8,18423.7,18439.7
1723471200,18441.5,18664.9,18431.3,18520.8
1723485600,18520.6,18560.4,18484.2,18525.9
1723496400,18548.8,18590.8,18531,18577.4
1723510800,18577.8,18600.2,18543.9,18597.2
1723525200,18597,18721.2,18590.2,18650.5
1723539600,18650.4,18725.9,18552.4,18718.9
1723554000,18719.3,18976.8,18696.2,18976.8
1723568400,18977.1,19021.6,18909.9,18999
1723582800,19003.7,19024,18989.3,19013.3
1723597200,19012.8,19057.5,18987,19008.9
1723611600,19009,19036.9,18968.4,18992.5
1723626000,18993,19065.4,18936.6,19035
1723640400,19035.1,19109.2,18833.5,18976.5
1723654800,18975.5,19059.1,18943,19041.7
1723669200,19039.9,19075.4,18999.3,19068.6
1723683600,19068.9,19126,19048.8,19114.7
1723698000,19114.6,19115,19026.8,19055
1723712400,19054.3,19273.2,19008.2,19238.8
1723726800,19239.6,19468.9,19220.7,19436.6
1723741200,19437.3,19503.1,19419.8,19463.4
1723755600,19460.6,19536.1,19458.1,19504.2
1723770000,19503.9,19545.2,19490.9,19522.7
1723784400,19522.6,19584.4,19507.1,19527.2
1723798800,19527.3,19544.3,19350.7,19380.7
1723813200,19381.2,19570.2,19364.9,19561.7
1723827600,19561.9,19564.9,19482.4,19512.1
1724018400,19529.7,19583,19529,19566.5
1724032800,19566.4,19596.4,19488.2,19495.6
1724047200,19495.5,19516.5,19435.5,19488.2
1724061600,19488.4,19548.5,19454.7,19497.1
1724076000,19498.6,19631.3,19439.7,19630.4
1724090400,19630.7,19776.6,19626.5,19755.4
1724101200,19769.3,19784.5,19763,19773.5
1724115600,19773.3,19820.9,19753,19790.3
1724130000,19790,19838.1,19757.3,19782.9
1724144400,19782.8,19807,19749.8,19755.6
1724158800,19756.1,19831.5,19650.8,19686.6
1724173200,19687.2,19776.4,19657.7,19711.7
1724187600,19706.9,19740.7,19695.5,19737.7
1724202000,19737.5,19760.5,19719.5,19760.3
1724216400,19760.7,19767.2,19706.8,19714
1724230800,19713.9,19775,19702.5,19750.9
1724245200,19751,19896.6,19685.4,19783.5
1724259600,19783.2,19864.1,19744.5,19826.4
1724274000,19830.6,19854.8,19823.7,19843
1724288400,19842.8,19847.8,19780.8,19813.7
1724302800,19813.6,19842.3,19800.8,19830.7
1724317200,19830.8,19907.3,19826.2,19897.5
1724331600,19898.5,19938,19580,19623.2
1724346000,19623.4,19654.3,19456.2,19521.9
1724360400,19529.9,19576.9,19526.7,19559.7
1724374800,19559.8,19613.7,19558.3,19601.2
1724389200,19601.3,19635.9,19594.4,19635.8
1724403600,19635.7,19682.9,19610.3,19680.3
1724418000,19679.8,19823.3,19514.4,19602.1
1724432400,19601.1,19732.9,19588,19695.8
1724623200,19710.3,19755.8,19641.6,19728.8
1724637600,19728.9,19735.5,19679.5,19709.3
1724652000,19709.4,19770.3,19704.8,19762.1
1724666400,19761.9,19769.1,19636.4,19646.9
1724680800,19649.2,19654.1,19433.8,19460.9
1724695200,19462.2,19550.3,19439.9,19473.3
1724706000,19486.8,19521.6,19451.7,19486.6
1724720400,19486.7,19538.1,19472.8,19534.8
1724734800,19534.6,19576.4,19514.3,19548.8
1724749200,19548.9,19576.5,19433,19443.8
1724763600,19443.6,19621.7,19372.3,19552.4
1724778000,19552.3,19619.3,19547.8,19560.3
1724792400,19571.7,19576,19492,19534.2
1724806800,19534,19567.3,19515.8,19562.5
1724821200,19562.2,19621.9,19550.3,19614.2
1724835600,19614.3,19622,19537.5,19574.2
1724850000,19574,19588.2,19272.7,19387
1724864400,19387.3,19415.6,19163.8,19240.6
1724878800,19148.7,19201.7,19079.3,19181.2
1724893200,19181,19237.9,19155.3,19231.2
1724907600,19231.7,19365.2,19218.2,19352.8
1724922000,19352.5,19455.8,19349.3,19409
1724936400,19408.3,19630.8,19403.9,19591.5
1724950800,19592.4,19592.4,19275.7,19380.8
1724965200,19384.8,19397.9,19334.1,19383.6
1724979600,19383.5,19419.7,19363.6,19413.1
1724994000,19413,19487.5,19401.1,19467.4
1725008400,19467.6,19521.9,19448,19475.5
1725022800,19475.7,19577.4,19321.5,19413.5
1725037200,19412.5,19582.8,19384.3,19540.9
1725228000,19557.4,19576.6,19519.1,19566.5
1725242400,19565.4,19565.4,19515.7,19534.1
1725256800,19534.2,19543.2,19462,19539.6
1725271200,19539.5,19594.7,19529.6,19568.9
1725285600,19569.4,19618.7,19537.6,19597.1
1725300000,19597.2,19602.4,19595,19596.4
1725310800,19603.6,19632.4,19495.5,19544.7
1725325200,19544.8,19561,19467.3,19506.1
1725339600,19506.3,19596.7,19450.6,19450.6
1725354000,19451.2,19474.7,19398.7,19432.2
1725368400,19432.1,19462.6,19087.1,19092.7
1725382800,19093.6,19132.8,18862.4,18940
1725397200,18939.4,18955.6,18792.9,18800.1
1725411600,18800.4,18885.7,18776.1,18819.4
1725426000,18819.7,18882.4,18784.8,18860.9
1725440400,18861,18895.2,18798.9,18863.5
1725454800,18864.2,19066.1,18791.1,19019.9
1725469200,19019.4,19020.9,18860.7,18912.9
1725483600,18922.3,18960.3,18843.2,18947.3
1725498000,18947.4,18962.1,18854.6,18867.8
1725512400,18867.7,18958.4,18840.8,18926.4
1725526800,18926.3,18927.7,18785.8,18846.2
1725541200,18847.2,19108,18801,18892.3
1725555600,18892.2,18999.6,18847.1,18879.9
1725570000,18878.5,18890.4,18800.7,18802.4
1725584400,18802.5,18871.9,18757.4,18860.4
1725598800,18860.5,18861,18673,18692
1725613200,18691.9,18923.2,18669.9,18900
1725627600,18899.7,18937.3,18397.7,18417.8
1725642000,18417.4,18512.5,18306.4,18342.6
1725832800,18391,18496.1,18354.4,18483.5
1725847200,18483.6,18554.3,18469.2,18523.5
1725861600,18523.2,18605.6,18517.1,18597
1725876000,18596.8,18660.6,18536,18651.6
1725890400,18652,18693.9,18463.7,18603.4
1725904800,18603.5,18701.6,18535.6,18686.9
1725915600,18698.2,18710.8,18607.3,18650.2
1725930000,18650.3,18666.2,18583.5,18588.7
1725944400,18589.1,18663.8,18575.8,18614.7
1725958800,18614.8,18739.2,18554.2,18730.1
1725973200,18730,18792.7,18561.7,18659.7
1725987600,18658.3,18845.2,18655.2,18803.5
1726002000,18813.9,18829.5,18775.7,18784.4
1726016400,18784.8,18798.4,18694.2,18706.3
1726030800,18706.4,18798.7,18678.8,18749.2
1726045200,18749.1,18848.5,18705.1,18834.5
1726059600,18834.1,18914.3,18522.1,18886.5
1726074000,18887.3,19266.7,18884.2,19218.2
1726088400,19214.7,19257.5,19202.1,19225.9
1726102800,19225.8,19298.9,19212.8,19288.1
1726117200,19288.3,19317,19234.9,19273.4
1726131600,19273.3,19305.1,19224.3,19233.3
1726146000,19233.4,19362.9,19160.6,19356.3
1726160400,19356.1,19458,19334.9,19381.3
1726174800,19391.7,19449.4,19388.7,19431.8
1726189200,19431.7,19434.8,19396.4,19425.4
1726203600,19425.6,19463.8,19401.6,19429.2
1726218000,19429.3,19454.1,19389.2,19424.7
1726232400,19424.6,19542.5,19374.7,19524.5
1726246800,19522.6,19556.7,19474.1,19481.3
1726437600,19500.2,19528.7,19461.6,19509.7
1726452000,19509.9,19515.4,19491.4,19500
1726466400,19500.1,19526.2,19465,19498.7
1726480800,19498.9,19499.6,19310.1,19412.8
1726495200,19412.9,19445.6,19286.9,19413.6
1726509600,19414,19434.9,19378.8,19399.7
1726520400,19411,19450.3,19404.5,19407.5
1726534800,19407.4,19426,19388.6,19425
1726549200,19425.1,19506.1,19424.5,19495.8
1726563600,19495.9,19572.6,19495.1,19551.4
1726578000,19551.5,19605.6,19352.4,19390.6
1726592400,19389,19454.7,19328.7,19434.8
1726606800,19443.4,19465.4,19434.9,19458.7
1726621200,19458.9,19471.2,19426.9,19435.4
1726635600,19435.2,19482.2,19413.9,19441.7
1726650000,19442,19487.9,19427.6,19482.9
1726664400,19482.7,19491.6,19341.6,19464.2
1726678800,19463.9,19654.7,19323,19387.9
1726693200,19400.7,19604.6,19397,19480.6
1726707600,19481,19632.3,19438.5,19624.5
1726722000,19625.7,19704.8,19604.3,19697.6
1726736400,19697.7,19780.2,19687.2,19763
1726750800,19763.7,19925.5,19717.5,19909.7
1726765200,19908.1,19954.4,19805,19811.9
1726779600,19818.7,19830.6,19780.7,19797.1
1726794000,19797.2,19831.7,19782.2,19819.3
1726808400,19819.2,19830.8,19768.8,19782.7
1726822800,19782.8,19836,19743.1,19825.5
1726837200,19825.3,19843.1,19623.5,19782.4
1726851600,19781,19846.4,19697.6,19775.9
1727042400,19801.1,19911.5,19759.7,19894
1727056800,19893.9,19926.6,19867.2,19870
1727071200,19869.9,19871,19718.9,19841.4
1727085600,19841.7,19875.4,19798,19836.7
1727100000,19836.9,19896.2,19791.5,19846.1
1727114400,19846.6,19862.8,19828.6,19834.7
1727125200,19838.8,19854.6,19819.2,19834.3
1727139600,19834.1,19871.9,19800,19850.1
1727154000,19853.5,19955.4,19851,19940.8
1727168400,19940.9,19941.8,19827.5,19889.4
1727182800,19889.3,19993,19732.3,19940.9
1727197200,19940.8,19971.3,19883.2,19958.3
1727211600,19960,19969.8,19916.9,19920.4
1727226000,19920.5,19933.8,19887.8,19907.4
1727240400,19907.3,19917.5,19842.4,19874.6
1727254800,19874.8,19934,19858.1,19927.1
1727269200,19926.9,20048.8,19917.5,19956.4
1727283600,19955.4,20021.7,19912.6,20016.8
1727298000,20018.5,20093,20009.5,20074.5
1727312400,20074.4,20157.6,20065,20156.7
1727326800,20157,20277.2,20141.9,20244.9
1727341200,20244.4,20298.6,20228.5,20294.9
1727355600,20295.9,20315.1,19964,20028
1727370000,20026.4,20135.5,19963.8,20119.4
1727384400,20122.6,20159.5,20084.9,20116.7
1727398800,20116.6,20130.6,20061.1,20127.2
1727413200,20127.1,20137.9,20019.4,20073.4
1727427600,20073.2,20175.7,20061.2,20157.5
1727442000,20157.7,20172.6,19989.5,20040.8
1727456400,20041.8,20072.8,19954.1,19973.5
1727647200,19971.2,20069.4,19939.4,19978.9
1727661600,19978.1,20013.6,19944.1,19961.5
1727676000,19962.8,20034,19934.3,19991.4
1727690400,19991.5,20049.4,19907.4,19992
1727704800,19992.4,20040.9,19914.9,19993
1727719200,19993.2,20070.8,19845.9,20015.5
1727730000,20018.8,20067.7,19998,20058.8
1727744400,20058.7,20119.9,20042.7,20046.9
1727758800,20045.9,20080.8,20004.9,20059.8
1727773200,20058.2,20113.9,20042.8,20064.9
1727787600,20063.5,20069.4,19610,19725.6
1727802000,19726.4,19872.1,19637.6,19748.4
1727816400,19757.7,19772.2,19681.9,19738.6
1727830800,19738.4,19785.6,19707,19725
1727845200,19724.7,19767.4,19676,19740.1
1727859600,19740,19805.5,19674.2,19774.6
1727874000,19775.9,19883.7,19629.2,19774.9
1727888400,19776,19868.4,19765.7,19850.7
1727902800,19848.7,19864.3,19779.7,19797.9
1727917200,19798,19812.9,19735.1,19743.3
1727931600,19743.5,19771.1,19650.4,19708.4
1727946000,19708.9,19793.3,19697.5,19719.8
1727960400,19720.9,19911.8,19694.4,19718.4
1727974800,19717.9,19818,19678.2,19758.7
1727989200,19764.8,19798.6,19744.9,19789.2
1728003600,19788.9,19877.9,19779.7,19812.9
1728018000,19813,19851.6,19780.6,19811.6
1728032400,19811.7,20054.2,19805.6,20053.5
1728046800,20053.6,20068.9,19813.4,19953.8
1728061200,19954.6,20045,19884.8,19999.4
1728252000,20033.4,20066.9,20004.5,20018.4
1728266400,20018.3,20039,19985.9,19993.3
1728280800,19992.5,20015.9,19861.2,19897.4
1728295200,19897.5,19965.8,19877.9,19912.2
1728309600,19914.8,19989.2,19907,19956.4
1728324000,19956.5,19960,19755.2,19821.9
1728334800,19835.9,19840.4,19713.1,19825.9
1728349200,19826,19830.9,19765.6,19810.6
1728363600,19811.2,19835.9,19751.4,19826.5
1728378000,19826.6,19911.9,19826.6,19873
1728392400,19873.1,20081.3,19865.1,20038.1
1728406800,20037.1,20134.7,19969.9,20088.5
1728421200,20097.7,20105.2,20073.3,20086.5
1728435600,20086.4,20098.1,20032.5,20040.2
1728450000,20040.1,20060.6,20005.1,20052.1
1728464400,20052.5,20101.2,20051,20080.9
1728478800,20081,20255.3,20048.4,20202.6
1728493200,20202.5,20289.2,20163.7,20253.4
1728507600,20255.8,20270.7,20242.8,20260.5
1728522000,20260.4,20281.3,20252.9,20271.8
1728536400,20271.5,20281.7,20214.6,20226.2
1728550800,20226.6,20270.3,20130.2,20168.7
1728565200,20168.8,20319.9,20109.5,20251.5
1728579600,20252.1,20285.6,20185.6,20245.9
1728594000,20249.8,20279.9,20241.8,20267.7
1728608400,20267.5,20288.7,20253.2,20256
1728622800,20255.9,20256.8,20175.5,20180
1728637200,20180.3,20237.4,20176.5,20190.5
1728651600,20190.3,20301.8,20136.4,20261.7
1728666000,20260.8,20314.5,20227.1,20231.6
1728856800,20252.8,20271.1,20216.1,20221.1
1728871200,20220.7,20254.5,20204.6,20252.2
1728885600,20252.5,20310.6,20245.1,20308.2
1728900000,20308.3,20490.1,20308.3,20489.6
1728914400,20490.6,20498.7,20348.9,20430.5
1728928800,20430.6,20489.1,20419.1,20457.1
1728939600,20456.6,20463.5,20417.8,20428
1728954000,20427.3,20462.7,20424.5,20452.2
1728968400,20451.9,20453.4,20386.5,20404.2
1728982800,20404.3,20452.4,20391,20446.8
1728997200,20447.2,20481.7,20153.8,20198.7
1729011600,20198.5,20211.4,20076.8,20152.5
1729026000,20156.2,20197.5,20131.8,20181.4
1729040400,20181.3,20220.3,20166,20215.7
1729054800,20215.8,20222.5,20157.2,20185.6
1729069200,20184.6,20211.3,20167.1,20176.3
1729083600,20176.2,20203.8,20032.2,20160.4
1729098000,20159.4,20203.2,20127.4,20148.4
1729112400,20156.1,20161.4,20103.4,20140.4
1729126800,20140.6,20151.3,20107.3,20122.3
1729141200,20122.6,20321.8,20119.9,20318.9
1729155600,20319.2,20386.8,20294.4,20385.7
1729170000,20386.8,20420.3,20193.2,20293.5
1729184400,20293.7,20327.3,20180.5,20208.3
1729198800,20220.6,20248.9,20156.7,20196
1729213200,20195.9,20227.4,20185.7,20209.4
1729227600,20209.7,20303.2,20205.2,20284.7
1729242000,20285,20321,20254.1,20314
1729256400,20314.1,20365.9,20269.2,20332.5
1729270800,20331.8,20359.3,20288.5,20315.3
1729461600,20334.2,20363.4,20334.2,20346.3
1729476000,20346.2,20349.3,20283.3,20287.8
1729490400,20287,20299.5,20233.8,20263.6
1729504800,20263.7,20340,20183,20330.7
1729519200,20330.8,20391.9,20183.2,20329.6
1729533600,20331.4,20386,20284.9,20375.1
1729544400,20380.5,20383,20314.7,20318.8
1729558800,20319.2,20325.3,20292.3,20292.7
1729573200,20292.4,20329.9,20272.3,20272.7
1729587600,20272.6,20287.6,20203.3,20237.2
1729602000,20237.1,20361.6,20206.2,20341.7
1729616400,20341.2,20444.4,20323.2,20360.1
1729630800,20357.5,20381.6,20333.6,20343.3
1729645200,20343.9,20375.6,20338.6,20364.5
1729659600,20364.8,20388.4,20330.1,20335
1729674000,20334.6,20351.3,20291,20301.6
1729688400,20301.4,20308.9,20080.8,20096.3
1729702800,20096.1,20146.3,19926.9,20121.4
1729717200,20144.1,20188.5,20116.4,20187.7
1729731600,20187,20194,20161.5,20173.4
1729746000,20173.2,20252,20156.9,20223.9
1729760400,20223.7,20277.4,20213.5,20233.6
1729774800,20233.4,20256.5,20112.9,20207.9
1729789200,20207.1,20262.9,20179.6,20233.3
1729803600,20238,20261.1,20216.8,20255.1
1729818000,20255.4,20270.8,20223,20230.1
1729832400,20230,20301.6,20225.5,20277.9
1729846800,20278.4,20351.5,20268.1,20350.3
1729861200,20350.4,20565.3,20348.9,20497.3
1729875600,20497.9,20499.8,20318.4,20332.9
1730066400,20424.9,20509.1,20406.4,20486.6
1730080800,20486.4,20517.9,20460.4,20467.3
1730095200,20467,20529.8,20461.4,20529.2
1730109600,20527.9,20535.9,20388.7,20415
1730124000,20415.4,20476.7,20365.9,20414.2
1730138400,20414,20418.6,20344.2,20362.8
1730149200,20370.4,20384.1,20337.2,20373.8
1730163600,20374.1,20379.8,20312.3,20352.7
1730178000,20352.8,20415.5,20342.7,20386.8
1730192400,20387,20390.1,20322.6,20349.3
1730206800,20349.5,20518.8,20293.1,20509.1
1730221200,20509.2,20620.7,20509.1,20566.9
1730235600,20581,20637.4,20579.8,20630.8
1730250000,20630.5,20651.9,20577.4,20584.5
1730264400,20584.4,20628.1,20567.4,20586.3
1730278800,20582.5,20618,20537.9,20552
1730293200,20552.1,20562.6,20407.3,20508.9
1730307600,20508.8,20517,20335.6,20364
1730322000,20333.1,20356,20268.3,20301.7
1730336400,20301.8,20327.9,20268.3,20273.5
1730350800,20273.4,20275.7,20152.5,20183.3
1730365200,20183.2,20279.9,20158.4,20247.7
1730379600,20246.8,20260.7,19894.1,19954.9
1730394000,19955,19998.4,19876,19907.2
1730408400,19936.5,19982.7,19921.7,19948.2
1730422800,19947.2,19980.1,19896.7,19960.6
1730437200,19960.2,20005.6,19934.3,19975.2
1730451600,19974.9,20024.9,19961.7,19992.6
1730466000,19992.3,20165.4,19936.8,20089
1730480400,20089.7,20130.4,20002.3,20047.4
1730674800,19997.7,20130.1,19950.7,20092.9
1730689200,20093.1,20129.7,20087.9,20119.7
1730703600,20119.6,20125.9,20017.7,20081.2
1730718000,20080.8,20085.4,19895.9,20013.3
1730732400,20013.2,20108.6,19911.8,20030.5
1730746800,20030.6,20050.4,19952.3,19992.7
1730757600,20005.8,20016,19926.3,19983.9
1730772000,19983.8,19999.8,19964.3,19986.5
1730786400,19986.9,20051.1,19983.1,20034
1730800800,20033.9,20055,19997.4,20009.6
1730815200,20009.5,20256.4,19991.5,20235.6
1730829600,20235.8,20269.3,20165.3,20246.2
1730844000,20242,20310.3,20210.5,20288.9
1730858400,20288.8,20526.4,20281.1,20471.5
1730872800,20471.6,20616.5,20460.3,20614.8
1730887200,20614.9,20614.9,20467.4,20573.4
1730901600,20573.5,20711.8,20530.8,20703.4
1730916000,20703.5,20820.8,20697,20806.9
1730930400,20806.5,20807.3,20748.1,20798.5
1730944800,20798.1,20840.1,20782.6,20835.2
1730959200,20835.7,20852.1,20795.4,20827.4
1730973600,20827.5,20885.6,20811.6,20872.5
1730988000,20872.1,21085.4,20869.4,21081.1
1731002400,21081,21139.6,21038.1,21106.5
1731016800,21111,21121.4,21088.6,21116.8
1731031200,21116.6,21148,21103.6,21136.4
1731045600,21136.8,21142.3,21096.9,21110.4
1731060000,21110.5,21110.5,21007,21047.3
1731074400,21050.3,21125.1,21041.4,21106.8
1731088800,21107.1,21153.9,21098.9,21115.1
1731279600,21172,21202.9,21150.5,21162.1
1731294000,21162,21192,21157.6,21180
1731308400,21179.9,21215.4,21163.6,21164.1
1731322800,21165.2,21232.2,21055.4,21064
1731337200,21064.2,21135.4,20989.4,21070.9
1731351600,21071.2,21123.1,21047.4,21097.4
1731362400,21108,21142.5,21090.8,21123.4
1731376800,21123.5,21134.5,21083.1,21088.8
1731391200,21088.4,21133.5,21072.8,21077.1
1731405600,21077,21125.5,21022.9,21114.5
1731420000,21114.6,21144,20959,20959.3
1731434400,20959.5,21103.1,20948,21069
1731448800,21074.7,21079.5,21029.2,21035.5
1731463200,21035.3,21057.1,21012.6,21016.2
1731477600,21015.8,21078.7,20997.1,21072.2
1731492000,21072.5,21138.8,21010.5,21069.6
1731506400,21070.2,21127.5,20954.5,21124.5
1731520800,21124.2,21164,21020.2,21058
1731535200,21058.4,21073.1,21028.7,21031.7
1731549600,21031.9,21046.4,21002.7,21017.1
1731564000,21015.9,21085.7,20985.7,21049.7
1731578400,21048.6,21077.9,21008.2,21029.7
1731592800,21029.6,21069.4,20912.6,20978.3
1731607200,20976.4,21015.3,20843,20869.2
1731621600,20866.3,20876.5,20781.3,20789.6
1731636000,20789.5,20827.1,20783.4,20797.9
1731650400,20798,20798,20692.7,20718.9
1731664800,20718.7,20764.7,20701.1,20710
1731679200,20709.9,20716.5,20346.1,20382.9
1731693600,20382.7,20421.8,20305,20401.8
1731884400,20392.7,20532.5,20379.3,20531
1731898800,20531.2,20559.5,20522.3,20551.1
1731913200,20551.2,20552.1,20448,20491
1731927600,20491.1,20492.5,20384.6,20432.8
1731942000,20433.3,20626.7,20425,20563
1731956400,20562.3,20562.7,20493.6,20530.7
1731967200,20540.5,20556.3,20509.4,20543.4
1731981600,20543.3,20602.1,20536.8,20574.8
1731996000,20575.4,20595.3,20399.6,20448.1
1732010400,20445.8,20530.4,20323.6,20328.9
1732024800,20329,20615.9,20289.6,20601.8
1732039200,20602,20699.3,20586.5,20659.2
1732053600,20668.3,20743.8,20660.1,20699.4
1732068000,20699.6,20723.7,20682.1,20705.3
1732082400,20705.7,20752.4,20692.3,20704.3
1732096800,20703.8,20738.9,20662.7,20702.6
1732111200,20702.4,20702.6,20386.8,20516.1
1732125600,20516.9,20691.6,20466.4,20641.2
1732140000,20643,20671,20529.5,20540.1
1732154400,20540,20613.6,20536.8,20587.5
1732168800,20588.6,20633.9,20505.9,20556.6
1732183200,20555.6,20782,20542.4,20753.8
1732197600,20754.6,20814.6,20424,20728.8
1732212000,20729.1,20788,20699.9,20701.6
1732226400,20705.9,20729.2,20677.3,20717.7
1732240800,20717.5,20762.8,20679.1,20683.9
1732255200,20684.5,20749.4,20612.6,20675.8
1732269600,20676,20734.3,20612.4,20703.3
1732284000,20702.9,20790.8,20641,20773.8
1732298400,20773.6,20798.5,20714.6,20793.3
1732489200,20860.5,20889.1,20851.2,20881.3
1732503600,20881.2,20893.5,20874,20880.7
1732518000,20880.8,20902.5,20853.5,20900.8
1732532400,20900.7,21002.5,20840.6,20866.7
1732546800,20866.2,20882.6,20702.2,20773.5
1732561200,20773.7,20839.2,20747.7,20817.9
1732572000,20825.9,20857.5,20680,20767.7
1732586400,20767.6,20839.5,20767.2,20808.7
1732600800,20809,20850.2,20778.1,20812.1
1732615200,20812,20881,20788,20869.1
1732629600,20868.9,20950.1,20845.5,20907.2
1732644000,20906.7,20934.5,20830.2,20921.9
1732658400,20915.3,20925.5,20893.3,20922.4
1732672800,20922.6,20948,20882.8,20889.3
1732687200,20889.4,20920.1,20835,20852.1
1732701600,20852,20901.4,20836.1,20884.5
1732716000,20884.3,20886.3,20605.9,20673.8
1732730400,20673.3,20760.1,20666.3,20734.1
1732744800,20739.1,20783.8,20736.8,20766.4
1732759200,20766.6,20791.3,20764.2,20787.1
1732773600,20787.2,20799.3,20773.2,20786.9
1732788000,20787.1,20807.4,20778.3,20800.7
1732802400,20800.6,20838.8,20794.6,20819.7
1732816800,20814.5,20820.4,20803.8,20818.8
1732831200,20817.8,20830,20761.1,20814.6
1732845600,20814.5,20875.6,20814,20839.6
1732860000,20840.1,20850.6,20803.6,20835.4
1732874400,20835.5,20846.8,20750.8,20766.8
1732888800,20766.5,20954.8,20744.1,20928.2
1732903200,20928.4,20932.9,20894.9,20899.5
1733094000,20937.5,20943.7,20883.1,20894.2
1733108400,20894.5,20907,20880.8,20893.8
1733122800,20894,20914.2,20880.8,20890.2
1733137200,20890.1,21110.5,20888.3,21091.7
1733151600,21099.3,21200.2,21082.2,21154.3
1733166000,21154.2,21182.3,21118.3,21150.3
1733176800,21157.4,21171.2,21148.2,21160.7
1733191200,21160.8,21183.7,21154.2,21175.5
1733205600,21175.7,21187.8,21156,21161.4
1733220000,21161.5,21169.9,21131.8,21140.5
1733234400,21140.7,21206.7,21079.8,21186.7
1733248800,21186.5,21273,21157.7,21267.2
1733263200,21266.4,21283.3,21253.8,21271.5
1733277600,21271.4,21315.5,21271.4,21304.4
1733292000,21304.7,21350.2,21285.3,21346.5
1733306400,21347.2,21396.5,21333.8,21395.4
1733320800,21395.5,21443,21335.9,21428.9
1733335200,21429,21496.9,21388.4,21461.4
1733349600,21464,21473.1,21445.2,21463.7
1733364000,21464.1,21470.2,21452.8,21464.5
1733378400,21465.8,21469.5,21439,21457
1733392800,21456.8,21487.5,21450,21476.2
1733407200,21476.3,21517.3,21439,21510.3
1733421600,21510.2,21511,21385.1,21399.1
1733436000,21394.3,21426,21372.1,21419.7
1733450400,21419.8,21438.2,21415.6,21433.7
1733464800,21433.5,21451.2,21421,21427.5
1733479200,21428,21486.5,21401,21447.8
1733493600,21448,21600.6,21443.2,21575.2
1733508000,21575.9,21625.1,21570.1,21585.1
1733698800,21596.4,21628,21584,21607.6
1733713200,21607.5,21614.1,21592.9,21607.2
1733727600,21607.4,21663.7,21570.6,21572.7
1733742000,21572.6,21605.9,21540.6,21582.1
1733756400,21581.6,21588.9,21394.9,21487.4
1733770800,21487.5,21487.6,21399.2,21428.7
1733781600,21441.2,21445.2,21419.4,21428.8
1733796000,21428.9,21438.5,21414.8,21425.9
1733810400,21426,21430.4,21410.8,21423.5
1733824800,21423.2,21499.3,21420.8,21463.3
1733839200,21464,21567.8,21405.9,21431.1
1733853600,21431.4,21446,21314.6,21392.2
1733868000,21399.1,21405.1,21372.6,21392.8
1733882400,21392.9,21401.4,21377.9,21394.1
1733896800,21394.2,21420.1,21369.6,21412.8
1733911200,21412.6,21499.3,21395.3,21493.1
1733925600,21492.9,21752.9,21490.3,21744.4
1733940000,21745.1,21783.2,21714.4,21717.5
1733954400,21723.4,21734,21709.7,21719.5
1733968800,21719.6,21732,21716.1,21731.9
1733983200,21732.5,21739.4,21699.6,21702.5
1733997600,21702.8,21716.9,21618,21652.3
1734012000,21652.1,21709.9,21593.4,21707.9
1734026400,21708.7,21713.1,21571.8,21597.1
1734040800,21706.5,21738.3,21684.1,21703.7
1734055200,21703.8,21703.8,21675.5,21700.4
1734069600,21700,21764.4,21700,21763.4
1734084000,21763.5,21820.8,21758.3,21799
1734098400,21799.1,21885.3,21644.8,21661.8
1734112800,21661.6,21801.3,21658.8,21734.6
1734303600,21760.7,21800.7,21741.6,21796.4
1734318000,21796.7,21799.6,21764.6,21788.6
1734332400,21788.7,21846.6,21773.1,21842.7
1734346800,21842.6,21951.9,21818.1,21951.1
1734361200,21953.4,22104.9,21909.5,22097
1734375600,22096.9,22131.6,22074.9,22087.9
1734386400,22093.6,22100.2,22062.3,22097.3
1734400800,22097.5,22107.3,22085.5,22088.7
1734415200,22088.6,22093.3,22011.7,22071
1734429600,22071.7,22106.1,22008.1,22035.2
1734444000,22035.1,22068.2,21927,22023.3
1734458400,22023.5,22031,21936.3,21984.1
1734472800,21992.4,22007.2,21892.2,22005.9
1734487200,22006.3,22027.5,21985,22025.7
1734501600,22025.8,22044.9,21999.7,22035.7
1734516000,22035.8,22072.9,21970.4,21973
1734530400,21973.4,22036.9,21897.2,21985.3
1734544800,21985.7,21996.7,20997.2,21141.5
1734559200,21192,21246.5,21142.7,21204.5
1734573600,21205.1,21213.8,21130.7,21144.8
1734588000,21144.5,21302,21142.5,21273.4
1734602400,21273.5,21385.4,21249.5,21328.8
1734616800,21327,21402.6,21139.3,21225
1734631200,21224.4,21304.8,21050.6,21113.2
1734645600,21130.3,21138.8,20970.8,20984.4
1734660000,20984.5,20988.8,20917.5,20979.6
1734674400,20979.4,21017.4,20823.3,20839.7
1734688800,20839.4,20949.3,20724.3,20933.7
1734703200,20933.8,21528.3,20876.9,21477.7
1734717600,21478.3,21487.4,21226,21262.4
1734908400,21349.6,21420.7,21320,21400.1
1734922800,21399.8,21468.7,21382.8,21459.2
1734937200,21459.7,21461.8,21341,21352
1734951600,21352.9,21402.3,21271.9,21356.9
1734966000,21354.2,21483.2,21204.9,21472.5
1734980400,21471.9,21504.2,21393.7,21463.5
1734991200,21486.5,21500.2,21447.5,21481.3
1735005600,21481.2,21502.5,21469.8,21489
1735020000,21488.6,21545.7,21481.5,21540.5
1735034400,21540,21569.6,21508.2,21568.8
1735048800,21568.2,21776.2,21542.8,21775.2
1735063200,21774.8,21792.1,21766.1,21789.3
1735164000,21786.9,21823.3,21786.9,21805.7
1735178400,21805.5,21856.5,21797.2,21835.2
1735192800,21835.9,21843.5,21671.8,21682.4
1735207200,21682.3,21725.8,21644.1,21699.8
1735221600,21698.6,21823.8,21619.5,21755.6
1735236000,21755.1,21809.6,21729.7,21729.7
1735250400,21750.8,21772.7,21715.4,21727.8
1735264800,21727.9,21736.6,21707.4,21717.7
1735279200,21717.6,21718.9,21663.3,21677.4
1735293600,21677.3,21720.1,21650.4,21659.1
1735308000,21658.8,21664.2,21264.6,21336.9
1735322400,21336.3,21497.1,21321.1,21485
1735513200,21492.6,21506.3,21435.6,21459.3
1735527600,21458.9,21464,21417,21425
1735542000,21424.9,21442.6,21385.4,21419.9
1735556400,21420.9,21436.9,21053.2,21058.4
1735570800,21057.9,21338.9,21023.6,21311.9
1735585200,21312.6,21318.2,21120.3,21153.4
1735596000,21151.2,21194.3,21113.2,21189.5
1735610400,21189.3,21227.3,21151.4,21182
1735624800,21181.8,21284.8,21134.5,21263.2
1735639200,21262.5,21298.8,21210.9,21235
1735653600,21235.9,21262.4,20984.5,21088.4
1735668000,21087.8,21111.2,20956.4,21008.3
1735768800,21041.7,21099.7,20901.6,21077.8
1735783200,21077.3,21160,21070.4,21154.7
1735797600,21155,21208,21102.7,21186.5
1735812000,21186.2,21274.2,21143.9,21201.3
1735826400,21201.2,21227.4,20768.2,20858.9
1735840800,20860,20984.2,20772,20961.3
1735855200,20976.3,21040.8,20937.3,21017.6
1735869600,21016.9,21052.6,21003.9,21025.8
1735884000,21025.7,21087.3,21011,21071
1735898400,21071.2,21073.1,21008.7,21028.2
1735912800,21027.5,21289.1,21027.5,21270.1
1735927200,21269.7,21358.6,21249.2,21289.1
1736118000,21342.6,21344.9,21286.3,21316.9
1736132400,21316.8,21362.8,21308.2,21356.8
1736146800,21356.5,21499.5,21347.9,21478.4
1736161200,21477.2,21655.2,21449.5,21626.3
1736175600,21626.4,21703.3,21509.9,21512.8
1736190000,21513.1,21592.7,21455.2,21582.9
1736200800,21591.6,21605.9,21557.1,21578.7
1736215200,21578.6,21595.6,21470.7,21516.2
1736229600,21515.9,21584.7,21494.4,21538.4
1736244000,21538,21588.7,21527.1,21588.5
1736258400,21588.6,21615.9,21197.5,21255.2
1736272800,21255.4,21327.4,21089.9,21182.1
1736287200,21180.8,21246,21153,21241
1736301600,21240.7,21248,21198.8,21241.8
1736316000,21242.7,21247.6,21175.3,21244.2
1736330400,21244.1,21262.1,21036.1,21191.5
1736344800,21190.1,21232.7,20980.6,21082.5
1736359200,21082,21245.1,21079.5,21137.7
1736373600,21150.9,21168.8,21093.8,21136.5
1736388000,21136.4,21169.4,21116.3,21145.3
1736402400,21145.7,21150.4,21040.2,21133.2
1736416800,21133.8,21157.2,21098.8,21126.8
1736431200,21126.7,21140.8,21087.5,21127
1736445600,21129.8,21129.8,21117.6,21123.8
1736460000,21122.8,21130.3,21001.6,21074.7
1736474400,21075.5,21155.7,21066.1,21128.7
1736488800,21128.9,21128.9,21061.6,21105.1
1736503200,21105.2,21199.6,20873.5,20944.2
1736517600,20943,21023.5,20704,20861.5
1736532000,20859.7,21003.5,20810,20821.6
1736722800,20812.1,20866.7,20719.3,20758.6
1736737200,20758.1,20769.9,20693.1,20742.9
1736751600,20742.6,20753.2,20531.7,20588
1736766000,20587.9,20682.5,20540,20639
1736780400,20638.7,20749.3,20551.2,20728.3
1736794800,20728.4,20831.6,20671.8,20826
1736805600,20858.5,20924.5,20848.8,20862.4
1736820000,20862.1,20893.2,20833.3,20892.1
1736834400,20893.2,20977.5,20855.6,20934.9
1736848800,20934.6,20972.1,20778.4,20890.1
1736863200,20891.4,20963,20626.2,20697.4
1736877600,20697.2,20845.6,20608.2,20808.2
1736892000,20804.4,20809.4,20772.1,20792.5
1736906400,20792.6,20795.6,20766,20781.7
1736920800,20781.6,20810.5,20748.1,20799.1
1736935200,20799,21167.6,20771.5,21120.1
1736949600,21117.7,21246.2,21026.1,21161.2
1736964000,21162.4,21291.7,21160.4,21213
1736978400,21228.6,21286,21217.7,21240.2
1736992800,21240.1,21251.4,21194.9,21205.6
1737007200,21205.7,21404.7,21192.5,21314
1737021600,21313.2,21357.4,21259.4,21313.6
1737036000,21310.7,21338.2,21156.9,21224.6
1737050400,21225.4,21252.4,21011.9,21050.6
1737064800,21057.7,21123.1,21048.4,21114.6
1737079200,21115,21158.2,21095.4,21147.5
1737093600,21147.6,21205.6,21101.7,21192.2
1737108000,21192,21394.5,21156.2,21390.5
1737122400,21390.7,21528.5,21330.7,21475.2
1737136800,21475,21521.1,21421.2,21434.7
1737327600,21434.1,21441.9,21378,21410.4
1737342000,21410.5,21454.4,21395.7,21444.4
1737356400,21444.5,21487.1,21436.1,21474.9
1737370800,21474.7,21626.5,21388.6,21592.5
1737385200,21591.7,21591.7,21474.5,21534.3
1737399600,21533.9,21579.4,21533.7,21569
1737410400,21583.9,21596.8,21219.1,21434.7
1737424800,21435.7,21496.4,21412,21440.1
1737439200,21440.2,21557.6,21432.7,21557.4
1737453600,21557.5,21580,21492.7,21574.9
1737468000,21577,21592.2,21376,21590.2
1737482400,21590.4,21631.6,21546.2,21622.5
1737496800,21659.2,21695.5,21618.4,21687.1
1737511200,21687,21729.5,21682.8,21710.8
1737525600,21711.8,21759.7,21692.5,21735.8
1737540000,21735.7,21787.1,21721.8,21782.7
1737554400,21782.8,21945.8,21751.8,21909.7
1737568800,21909.8,21914.2,21821.1,21834.2
1737583200,21833.4,21839.6,21799.2,21803.6
1737597600,21803.5,21824.1,21781.7,21807.9
1737612000,21808,21819.1,21711,21749.2
1737626400,21749.1,21773.2,21727.9,21751.2
1737640800,21753.1,21825.8,21721.6,21793.2
1737655200,21793,21904.4,21778.5,21876.5
1737669600,21868,21896.7,21851,21873.4
1737684000,21873.5,21921.6,21842.5,21859.1
1737698400,21859.5,21884.9,21835.1,21868.1
1737712800,21868,21906.7,21848.6,21874.1
1737727200,21873.9,21941,21793.4,21803.4
1737741600,21803.8,21814.7,21706.4,21770.9
1737932400,21599.9,21600.7,21354.3,21388.5
1737946800,21388.4,21428.3,21222.5,21253.9
1737961200,21253.8,21277.2,20629.8,20753.7
1737975600,20754,21205.8,20744.8,21197.8
1737990000,21197.5,21282.8,21004.9,21016.8
1738004400,21018.2,21195.2,20962.4,21167.1
1738015200,21213.8,21225.8,21098.4,21106.8
1738029600,21107.1,21201.4,21089.7,21162.7
1738044000,21162.8,21274.3,21135.3,21265.4
1738058400,21265.7,21293.1,21127.3,21171.1
1738072800,21170.9,21432.8,21031.2,21414.1
1738087200,21415.3,21495.3,21383.4,21422.9
1738101600,21422.8,21452.8,21405.7,21441.1
1738116000,21441.4,21482.4,21433.2,21454.6
1738130400,21467.8,21571.1,21466.3,21541.7
1738144800,21541.8,21564.1,21434.9,21476.9
1738159200,21477.1,21500.7,21331.1,21358.9
1738173600,21359.7,21482.9,21242.8,21442.9
1738188000,21422.8,21544,21383.3,21527.3
1738202400,21527.4,21556.8,21523.3,21536.3
1738216800,21536.4,21586.3,21500.6,21511.4
1738231200,21511.8,21547.5,21452.1,21544.8
1738245600,21545,21625.5,21296.9,21429.4
1738260000,21429.8,21576.9,21401.8,21479.5
1738274400,21565.8,21660.3,21541.1,21655.5
1738288800,21655.6,21667,21602.9,21617.4
1738303200,21617.5,21687.5,21612.1,21662.4
1738317600,21663,21693.3,21637.6,21672
1738332000,21671.6,21846.1,21630.9,21795.6
1738346400,21795.9,21806.9,21414.9,21448.1
1738537200,21067.2,21067.2,20833.6,20912.3
1738551600,20912.6,20983,20865.2,20949.8
1738566000,20950.5,21133.5,20950.3,21116.3
1738580400,21117.2,21202.6,21040.3,21106
1738594800,21103.5,21359.9,21000.8,21354.5
1738609200,21354.4,21463.3,21275.3,21440.2
1738620000,21489.6,21489.6,21370.4,21398.7
1738634400,21399.2,21405.1,21132.6,21248.7
1738648800,21247.7,21314.2,21202.8,21259.9
1738663200,21259.8,21386.9,21247.8,21324.3
1738677600,21324.6,21584.4,21295.4,21513.8
1738692000,21511,21581.2,21460.8,21473
1738706400,21456.5,21515.9,21442.8,21462.9
1738720800,21462.8,21479.1,21423.5,21431.8
1738735200,21432.9,21440.9,21329.4,21333.1
1738749600,21332,21444.4,21323,21421.9
1738764000,21422.1,21634.1,21393.9,21597.9
1738778400,21597.6,21687.8,21565,21661.6
1738792800,21654.2,21692.7,21642.6,21663.2
1738807200,21663.1,21727.2,21651.7,21723.7
1738821600,21723.8,21725.8,21664.2,21689.6
1738836000,21689.7,21704.8,21601.6,21671.7
1738850400,21671.2,21743.8,21633.8,21710.6
1738864800,21710.7,21776.1,21607,21736.3
1738879200,21710,21797.9,21706.7,21793.1
1738893600,21793,21800.6,21746.9,21754.7
1738908000,21754.4,21782.7,21728.4,21756.6
1738922400,21755.5,21810.9,21693.7,21779.7
1738936800,21779.5,21869.1,21487.2,21554.4
1738951200,21555.5,21632.1,21456.5,21473.9
1739142000,21365.6,21601.4,21365.1,21577
1739156400,21577.4,21632.4,21571,21595.9
1739170800,21596,21636.4,21584.9,21627.9
1739185200,21627.7,21710.4,21597.2,21694.8
1739199600,21696.2,21795.9,21684.8,21781.6
1739214000,21781.4,21783.5,21723,21735.8
1739224800,21735.3,21735.6,21679.3,21699.1
1739239200,21699.8,21701.8,21655.2,21693.1
1739253600,21692.9,21694.4,21623.8,21652.8
1739268000,21653.4,21673.8,21578.7,21580.2
1739282400,21580.1,21775.3,21574.2,21668.3
1739296800,21668.1,21744.6,21652.2,21693.8
1739311200,21704.8,21737.7,21686.9,21733.6
1739325600,21733.7,21734.7,21674.7,21680.9
1739340000,21681.6,21720.4,21642.4,21675.8
1739354400,21676.1,21754.9,21422.4,21451.1
1739368800,21451.2,21732.3,21418.2,21725.1
1739383200,21725.3,21769.1,21666.4,21768.6
1739397600,21770.1,21823.4,21755.4,21801.3
1739412000,21800.6,21835.9,21782.6,21809
1739426400,21808.9,21829.6,21662.9,21737.9
1739440800,21737.8,21809.1,21698,21787.3
1739455200,21786.4,21967.1,21744.8,21876.4
1739469600,21876.9,22033,21800.4,21981
1739484000,21990.2,22058.4,21986.2,22058.2
1739498400,22058.4,22062,22028.2,22034.8
1739512800,22034.9,22076.3,22017.5,22039.7
1739527200,22039.8,22041.3,21957.7,22019.7
1739541600,22020,22085.9,22006.5,22072.5
1739556000,22073,22137.8,22060.2,22115.7
1739746800,22134.4,22183.8,22111.3,22182.8
1739761200,22182.9,22196.2,22164.9,22190.3
1739775600,22190.6,22190.9,22141.1,22171.7
1739790000,22172.4,22184.3,22107.4,22127.8
1739804400,22127.9,22166.3,22117.2,22143.8
1739818800,22143.6,22172.1,22143.4,22166.3
1739829600,22145.2,22163.8,22115.8,22161
1739844000,22160.8,22186.8,22152.5,22172.8
1739858400,22173,22239.3,22170.8,22191.1
1739872800,22186.5,22233.3,22184.3,22231.1
1739887200,22231.7,22238.3,22045.6,22115.5
1739901600,22115.2,22169.3,22023.2,22142.9
1739916000,22147,22209.4,22145.5,22196.9
1739930400,22195.6,22214.5,22176.4,22185.5
1739944800,22185.8,22199,22164.6,22170.5
1739959200,22170.4,22179,22103.4,22128.4
1739973600,22128.5,22179.8,22042,22169
1739988000,22169.3,22222.9,22119,22139.6
1740002400,22131.5,22154.4,22085.9,22092
1740016800,22091.8,22113.6,22080.5,22091.5
1740031200,22091.4,22130.4,22063.3,22127.9
1740045600,22127.8,22142.3,22096.5,22125.9
1740060000,22126.1,22147.6,21873.8,21962.3
1740074400,21962.4,22070.1,21950.4,22055.1
1740088800,22056.2,22103.1,22055.7,22070.9
1740103200,22071.1,22087.7,22042.3,22056.1
1740117600,22055.9,22100.1,22035.1,22098.2
1740132000,22098.1,22175.6,22083.4,22154.6
1740146400,22153.1,22166.9,21769,21783.1
1740160800,21783.2,21784.7,21582.3,21587.4
1740351600,21636.7,21725,21609.8,21710.3
1740366000,21711.3,21733.5,21698.9,21717.8
1740380400,21717.9,21744.8,21633.9,21695.5
1740394800,21695.7,21737.4,21493.8,21499.3
1740409200,21501.4,21592.9,21369.4,21541
1740423600,21540.7,21571.9,21340.3,21360.4
1740434400,21371.2,21387.5,21301.8,21377.5
1740448800,21377.2,21387,21333.5,21372.1
1740463200,21372.2,21380,21237.7,21239.2
1740477600,21239.8,21386.6,21221.5,21339
1740492000,21339.2,21348.7,20926.5,21155.9
1740506400,21156.3,21216.7,21058.2,21128.5
1740520800,21160.8,21189.1,21147.6,21155.1
1740535200,21155.4,21218,21138.9,21217.3
1740549600,21216.6,21265.9,21200.3,21243.3
1740564000,21243.5,21270,21194.4,21210.9
1740578400,21210.6,21347,21127.9,21187.4
1740592800,21187.1,21264,20986.5,21210.8
1740607200,21172.5,21199,21050.2,21110.2
1740621600,21110.3,21206,21089.9,21187.4
1740636000,21187.2,21276.5,21181.8,21266.5
1740650400,21266.7,21328.5,21213,21250.2
1740664800,21248.5,21322.9,20839.2,20979.9
1740679200,20979.4,21059.1,20522.5,20567.6
1740693600,20567.7,20634.3,20485.7,20572.6
1740708000,20572.3,20592.1,20463.5,20569.3
1740722400,20569.5,20630.2,20500.8,20605.2
1740736800,20605.1,20625.3,20508.5,20546.5
1740751200,20548,20724.7,20407.2,20486.7
1740765600,20486.8,20890.8,20432.2,20856.7
1740956400,20925.8,20982.3,20789.7,20877.8
1740970800,20878.1,20970.3,20833.8,20956.8
1740985200,20957.7,20969.3,20837.8,20953.4
1740999600,20952.7,21070.1,20774.1,20802.9
1741014000,20804.4,20937.9,20602.9,20698.1
1741028400,20696.7,20768.8,20267.2,20475.5
1741039200,20466.2,20520.8,20418.7,20428.6
1741053600,20428.1,20540.1,20423.1,20520.2
1741068000,20520.6,20533.6,20417.2,20446.8
1741082400,20447,20465.3,20213.3,20276.1
1741096800,20275.8,20382.6,20027.5,20288
1741111200,20288.6,20683.7,20263,20486.7
1741125600,20495.5,20549.3,20407.3,20457.4
1741140000,20457.5,20521.8,20395.5,20504.4
1741154400,20505,20583.6,20468.3,20563.3
1741168800,20563.5,20576.6,20361.1,20373.6
1741183200,20373.3,20529.9,20170,20524.4
1741197600,20524.5,20678.9,20401.5,20562.4
1741212000,20566.7,20598.4,20539.2,20569.7
1741226400,20570,20602.8,20546.3,20567.5
1741240800,20567.4,20597.4,20331.9,20364.2
1741255200,20364.3,20394,20255,20282.5
1741269600,20281.7,20468.2,20046.4,20127.7
1741284000,20127.3,20168.1,19958.7,20126.5
1741298400,20177.7,20184.3,20101.1,20155.8
1741312800,20156.1,20176.2,20098.2,20113.2
1741327200,20113.3,20186.6,20073.3,20156.6
1741341600,20157.8,20230,20000.2,20026.1
1741356000,20025.6,20201,19726.2,19904.3
1741370400,19907.1,20244.2,19902.7,20162.1
1741557600,20043.3,20096.9,19894.8,20094.4
1741572000,20094,20114.3,20038.5,20051.3
1741586400,20051.6,20100,19909.6,19963.4
1741600800,19964.3,19984,19706.3,19750
1741615200,19748.5,19748.5,19383.3,19402.6
1741629600,19402.1,19511.3,19232.6,19431.6
1741640400,19400.4,19421,19103.8,19167.8
1741654800,19168.4,19454.8,19106.9,19427.3
1741669200,19427,19528.9,19364.9,19524.5
1741683600,19523.6,19543.1,19401,19413.5
1741698000,19413.3,19572.8,19226,19284.5
1741712400,19284.3,19646.6,19161.8,19357
1741726800,19382.9,19464.4,19361.6,19431.4
1741741200,19431.6,19457.2,19400.7,19417.6
1741755600,19418.6,19519.6,19351.2,19510.6
1741770000,19512.1,19751.2,19488,19686.6
1741784400,19686.5,19738.3,19360.1,19590.3
1741798800,19591,19683.6,19496,19532.2
1741813200,19533.9,19660.3,19532.9,19610.6
1741827600,19608.5,19622.7,19429.8,19447.8
1741842000,19448.2,19478.2,19367.6,19459.1
1741856400,19458.5,19597.3,19427.6,19522.1
1741870800,19522.3,19557.1,19207.8,19254.8
1741885200,19254.1,19362.8,19137.1,19253.1
1741899600,19275.5,19396.1,19269,19371.4
1741914000,19372.7,19430,19358.5,19412.9
1741928400,19412.7,19425.4,19341.4,19398.7
1741942800,19398.6,19503.7,19369.9,19467.1
1741957200,19466.2,19678.1,19412.1,19657.4
1741971600,19657.5,19713.4,19583.1,19642
1742162400,19634.9,19649.9,19530.4,19588
1742176800,19588.2,19590.2,19563.2,19572.5
1742191200,19572.7,19615.5,19533.4,19603.9
1742205600,19603,19826.2,19597.3,19768.4
1742220000,19769.7,19812.2,19607.9,19794.7
1742234400,19794.3,19937.7,19779.9,19807.4
1742245200,19819.2,19838.8,19764,19775.8
1742259600,19775.7,19787.8,19693.1,19700.6
1742274000,19700.7,19808.8,19699.5,19795.5
1742288400,19796.2,19809.6,19674.3,19677.3
1742302800,19677.2,19701.8,19377.8,19504.3
1742317200,19502.8,19555.1,19427.6,19473.5
1742331600,19476.1,19571.3,19440.9,19549.9
1742346000,19549.8,19560.4,19505.1,19509.4
1742360400,19509.8,19536.2,19434.6,19495.7
1742374800,19495.6,19563.6,19480.3,19534.8
1742389200,19535.1,19711.4,19481.2,19650.1
1742403600,19650.4,19924.4,19551.7,19722.5
1742418000,19722.6,19839,19722.6,19830.3
1742432400,19829.8,19874.4,19807.7,19862.3
1742446800,19862.2,19872.2,19819.2,19837.7
1742461200,19837.8,19841.5,19518.3,19610.4
1742475600,19610,19888.5,19539.7,19659.9
1742490000,19660,19725.2,19585.1,19680.4
1742504400,19680.7,19724.2,19646,19711.3
1742518800,19710.6,19730.1,19659.5,19666.8
1742533200,19667,19694.2,19562.2,19595.2
1742547600,19596,19642.5,19471.5,19478.6
1742562000,19478.2,19694.2,19401.8,19693.4
1742576400,19693.7,19775.7,19600.3,19764.9
1742767200,19870,19937.8,19856,19909.1
1742781600,19909,19925.3,19896,19916.3
1742796000,19916.9,20026.3,19909.9,19988.6
1742810400,19988.8,20137.6,19982.9,20115.1
1742824800,20117.3,20179.9,20074.4,20142
1742839200,20142.1,20207.8,20108.3,20154
1742850000,20161,20169.8,20134.5,20168.3
1742864400,20166.1,20174.4,20128.8,20136
1742878800,20135.9,20171.8,20093.4,20104.5
1742893200,20104.4,20247.3,20096.8,20206.8
1742907600,20206.9,20294.3,20163,20250.4
1742922000,20250.3,20324.3,20202.3,20315.8
1742936400,20315.9,20338.9,20306.9,20330.1
1742950800,20329.8,20329.8,20272.3,20286.5
1742965200,20286.6,20300.6,20243.5,20255
1742979600,20255.4,20295.3,20232.1,20282.9
1742994000,20282.8,20288.8,19928.1,19935.9
1743008400,19935.3,19960.6,19848.6,19891.4
1743022800,19858.6,19898.9,19808.6,19877.9
1743037200,19878.5,19953.1,19876.2,19939.9
1743051600,19939.6,19949.5,19826.2,19917.5
1743066000,19917.7,19943.6,19836.7,19870.4
1743080400,19870.6,20004.5,19744.5,19814.1
1743094800,19814.5,19934.4,19780,19801.6
1743109200,19799.5,19818.9,19743.7,19796.2
1743123600,19795.6,19809.3,19774.7,19793.6
1743138000,19793.4,19820.4,19657.8,19716.6
1743152400,19717.1,19781.1,19675.8,19676.8
1743166800,19677.7,19777.3,19297.7,19304.3
1743181200,19302.9,19329.8,19168.3,19170.6
1743372000,19128.3,19139,18973.5,19055.1
1743386400,19054.8,19072.6,18993.1,19051.3
1743400800,19051.5,19085.2,18977,19009.2
1743415200,19009,19049.6,18790.1,18902.6
1743429600,18898.5,19123.9,18870.9,19040.3
1743444000,19039.9,19307,19036.2,19227.5
1743454800,19228.6,19233.6,19112.7,19139.1
1743469200,19138.6,19206.1,19103.9,19185.4
1743483600,19186.3,19298.7,19170.2,19288.8
1743498000,19288.6,19330.7,19131.7,19202.6
1743512400,19202.3,19462.7,19081.1,19386
1743526800,19385.4,19448.3,19207.1,19418.3
1743541200,19424,19515.6,19381.4,19396
1743555600,19395.9,19426.5,19385.5,19414.4
1743570000,19414.3,19415.4,19323.3,19353.6
1743584400,19353.8,19378.5,19167.6,19210.6
1743598800,19210.1,19652.8,19142.6,19637.9
1743613200,19637.2,19865.5,18898,18950.3
1743627600,18954,18954,18643.7,18818.8
1743642000,18819.6,18971.2,18818.3,18945.7
1743656400,18945.6,18994.8,18847.3,18976.7
1743670800,18976.3,19000,18669.1,18674.8
1743685200,18674,18896.7,18544.1,18698.6
1743699600,18698.7,18742,18450.2,18482.6
1743714000,18482.2,18555.8,18437,18516.1
1743728400,18516,18542.4,18318.5,18326.5
1743742800,18326.8,18517.6,18305.8,18430
1743757200,18436.1,18443,17666,18053.9
1743771600,18055.6,18116.7,17508,17607.7
1743786000,17606.6,17766.2,17245.5,17346
1743976800,16738.6,16871,16324.1,16843.3
1743991200,16839.8,16884.5,16529.3,16620.7
1744005600,16620.2,16815.7,16341.2,16749.7
1744020000,16748.5,17156.1,16534.5,17134.5
1744034400,17131.6,18220.5,17013.2,17640
1744048800,17641.8,17680.3,17265.2,17491.5
1744059600,17520.5,17716.1,17506.8,17574.5
1744074000,17574.1,17744.9,17524.1,17644.1
1744088400,17642.5,17751.2,17530.2,17686.4
1744102800,17686.2,17922.3,17555.8,17845.2
1744117200,17843.5,18216.8,17517.2,17525.3
1744131600,17524.6,17622.1,16840.1,17091.3
1744146000,17091.6,17107,16712.5,16766.7
1744160400,16766.6,17068.6,16620.3,16691.5
1744174800,16691.1,17294.1,16605.3,17220.8
1744189200,17220.2,17268.1,16738.4,16997.2
1744203600,16993.4,17463.1,16993.4,17398
1744218000,17399.1,19230.8,17291.7,19198.9
1744232400,19131,19234.1,18997.1,19080.6
1744246800,19080.5,19131.4,18824,18900.5
1744261200,18900.4,19039.1,18560.4,18636.2
1744275600,18636.1,18857.4,18588.2,18676.9
1744290000,18677.4,18753.4,17777.4,18171.5
1744304400,18171.7,18528,17899,18358.4
1744318800,18358.5,18459.8,17930.5,18046.9
1744333200,18047,18412.7,18022.4,18352.7
1744347600,18354.7,18654.7,18177.7,18260.6
1744362000,18259.5,18562.6,18221,18352.4
1744376400,18352.6,18647.2,18135.9,18598.1
1744390800,18600.1,18735.2,18456.7,18681.5
1744581600,18976.3,19011,18797.4,18870.9
1744596000,18871.5,18992.9,18868,18950
1744610400,18949.4,19042.8,18886.9,18928.5
1744624800,18928.6,19116.5,18848.3,18906.3
1744639200,18905.9,19049.7,18598.2,18800.7
1744653600,18799.8,18954.3,18652.2,18763.9
1744664400,18763.8,18784.7,18672.6,18775.8
1744678800,18774.8,18810.8,18722.9,18774.8
1744693200,18774.9,18901.8,18731.2,18862.2
1744707600,18862.4,18887.6,18697.7,18797.2
1744722000,18797.6,19006.3,18788.7,18827
1744736400,18826.4,18871.5,18747.5,18797.3
1744750800,18620.9,18641.1,18501.3,18534.8
1744765200,18534.6,18594.1,18525.6,18534.6
1744779600,18535.9,18727.3,18372.6,18578.3
1744794000,18579.4,18630.3,18498.2,18503.9
1744808400,18502.7,18602.2,18377.6,18429
1744822800,18428.7,18463.9,17985,18237.4
1744837200,18285.6,18368.7,18217.2,18359.2
1744851600,18358.8,18424,18324.6,18416.3
1744866000,18416.5,18531.4,18397.9,18418.3
1744880400,18418.4,18503.9,18337.1,18410.3
1744894800,18409.4,18425.9,18141,18333.1
1744909200,18333.3,18405.1,18208.9,18301.2
1745186400,18208.9,18260.3,18130.7,18164
1745200800,18164.2,18183.8,18068.8,18126.4
1745215200,18126.7,18137.3,18016.3,18053.1
1745229600,18052.6,18094.2,17875.6,17875.6
1745244000,17874.4,17878.2,17584.1,17593.3
1745258400,17594.9,17832.6,17581.8,17793.6
1745269200,17808,17903.9,17747.9,17879.5
1745283600,17879.3,17950.8,17834.7,17871.8
1745298000,17871.6,18056.3,17858,17999.3
1745312400,17999.2,18025.5,17930.2,18024.5
1745326800,18023.5,18398.6,17986.5,18335.8
1745341200,18336.4,18378.3,18097.8,18243.9
1745355600,18243.8,18688.6,18243.8,18589.2
1745370000,18589.1,18620.2,18508.8,18607.8
1745384400,18608,18742.4,18565.7,18714.7
1745398800,18714.9,18855.8,18699.9,18850.4
1745413200,18850.5,19049.4,18631.7,18800.3
1745427600,18798.1,18849.2,18614.2,18733.8
1745442000,18724.3,18762,18627.2,18727
1745456400,18730,18736.2,18599.6,18650.8
1745470800,18651.2,18668.7,18482.4,18516.9
1745485200,18517.7,18750.4,18517.7,18738.9
1745499600,18739.1,19163.9,18711.3,19148.6
1745514000,19148.2,19295.1,19090.2,19234.8
1745528400,19233.2,19353.9,19233.2,19348.3
1745542800,19348.5,19387.5,19256,19299
1745557200,19299.6,19365.2,19264.7,19294.1
1745571600,19293.8,19301.7,19109.1,19136.3
1745586000,19136.2,19359.6,19107.3,19358
1745600400,19358.1,19482.5,19269.6,19448.4
1745791200,19392.8,19409.2,19289.7,19326.4
1745805600,19326.2,19347.7,19292.7,19313.4
1745820000,19314.2,19436.3,19314.2,19411.9
1745834400,19412.3,19519.3,19349.8,19359.8
1745848800,19360.7,19435.7,19154.8,19268
1745863200,19267.8,19471.8,19253,19374.8
1745874000,19369.7,19456.3,19351.9,19449.7
1745888400,19449.4,19526.6,19437.8,19448.9
1745902800,19448.7,19516.3,19422.2,19477.3
1745917200,19477.4,19484.4,19341.7,19345.3
1745931600,19346.1,19513.8,19275.4,19391.7
1745946000,19392.5,19583.6,19382,19507.4
1745960400,19491,19508,19416.8,19428.4
1745974800,19427,19441.5,19382.3,19416.4
1745989200,19416.5,19519.7,19402.4,19472.3
1746003600,19472.2,19511.3,19154.5,19182.7
1746018000,19184.2,19371,19002.4,19335.3
1746032400,19334.6,19775.1,19236.2,19740.8
1746046800,19732.8,19853.7,19714.7,19845.8
1746061200,19845.9,19866.4,19806.9,19840.4
1746075600,19841.1,19886.3,19800.8,19882.9
1746090000,19883.2,19934.1,19848.8,19852.9
1746104400,19853.8,20025.3,19767,19844.2
1746118800,19843.4,19949.1,19656.5,19692.3
1746133200,19690.1,19874.9,19656.5,19849.4
1746147600,19848.1,19908.9,19813.5,19891.5
1746162000,19891.8,19894.9,19774.3,19776.9
1746176400,19776.8,20011.6,19770.9,20001.9
1746190800,20001.8,20169.5,19927.4,20143
1746205200,20141.2,20177.4,20055.6,20105
1746396000,20089.9,20091.6,19897.9,19910.6
1746410400,19910.4,19980.1,19901.9,19968.8
1746424800,19969.3,20004.8,19884.3,19917.9
1746439200,19918.2,19981.5,19874.4,19966.3
1746453600,19986,20065,19919.6,20054.3
1746468000,20054.2,20100.4,19912.1,19951.2
1746478800,19951.1,19951.1,19888.5,19906
1746493200,19906.4,19916,19845.3,19885.4
1746507600,19885.5,19888.7,19744.9,19785.7
1746522000,19785.5,19819.3,19715.7,19752.8
1746536400,19752.3,19939.7,19653.9,19778
1746550800,19778.9,19884.5,19721.5,19760
1746565200,19716.7,20043.7,19716.7,19998
1746579600,19997.9,20021,19892.5,19928.2
1746594000,19928.3,19939.7,19867.8,19921.7
1746608400,19921.8,19943.8,19823.7,19847.8
1746622800,19846.8,19894.5,19703.2,19811.2
1746637200,19811,19969.9,19596.1,19875
1746651600,19845.8,19957,19830.5,19946
1746666000,19945.9,20116.5,19932.9,20102.8
1746680400,20102.6,20149.9,20043,20145.5
1746694800,20144.9,20180.9,20055,20093.3
1746709200,20094.6,20248.2,19899.4,20243.1
1746723600,20244.2,20248.4,20055,20067.3
1746738000,20067.9,20100.3,20000.8,20041.2
1746752400,20041,20120.3,20031.8,20102.7
1746766800,20101.9,20151.4,20076,20093.9
1746781200,20093.8,20207.4,20062.5,20151.9
1746795600,20151.8,20198.8,19982.1,20013
1746810000,20011.1,20105.6,19983.9,20064.7
1747000800,20383.2,20466.8,20298.4,20437.2
1747015200,20436.8,20483,20424.4,20472.7
1747029600,20473,20851,20461.9,20827
1747044000,20827.3,20911.7,20667.5,20699.8
1747058400,20702.1,20851.4,20604.6,20824.9
1747072800,20823.8,20910.9,20775,20874.9
1747083600,20875,20881.5,20783.9,20792.8
1747098000,20793,20812.2,20735.9,20756.9
1747112400,20757.4,20799.8,20743.7,20751.8
1747126800,20751.9,20976.9,20745.8,20926
1747141200,20926.4,21253.7,20891.3,21237.1
1747155600,21236.4,21259.9,21164.5,21173.4
1747170000,21174,21220.5,21170.3,21187.6
1747184400,21187.7,21235.6,21166.8,21226.7
1747198800,21226.6,21273.3,21176.8,21193.7
1747213200,21194.1,21302.5,21158.1,21244.5
1747227600,21244.6,21339.7,21194.8,21287.4
1747242000,21287.2,21326.7,21200.7,21311.2
1747256400,21295.5,21306.6,21274,21298
1747270800,21297.9,21328.7,21282,21301
1747285200,21301.1,21303.6,21115.6,21132.1
1747299600,21132.4,21246.4,21109,21205
1747314000,21204.7,21408.6,21165.2,21407.4
1747328400,21407.6,21446,21219.3,21305.4
1747342800,21311.6,21353,21276.3,21278.8
1747357200,21278.1,21336.8,21267.4,21320.5
1747371600,21320.3,21395.9,21279.8,21379.1
1747386000,21379.3,21418.9,21348.5,21357.1
1747400400,21356.5,21421.6,21240.7,21347.7
1747414800,21346.8,21430.5,21302.9,21325.5
1747605600,21244.6,21337.9,21185.9,21196.2
1747620000,21196.1,21221,21117.5,21168.2
1747634400,21168.4,21209.9,21034.1,21085.7
1747648800,21085.6,21295.4,21052.6,21278.2
1747663200,21278.1,21463.9,21269.2,21419.7
1747677600,21419.8,21454.2,21366,21437.2
1747688400,21437.1,21485.5,21416.9,21438.1
1747702800,21437.6,21437.6,21345.1,21370.6
1747717200,21371,21410.1,21317.5,21357.5
1747731600,21358,21407,21338.9,21359
1747746000,21359.4,21396.1,21283.5,21383.1
1747760400,21383.5,21397.7,21223,21343.9
1747774800,21343,21369.6,21269.9,21349.9
1747789200,21349.8,21361.2,21276.2,21284.3
1747803600,21284.7,21310.6,21212.8,21249.1
1747818000,21248.9,21281.4,21156.2,21238.3
1747832400,21239.2,21483.5,21189.2,21440.7
1747846800,21441.9,21450.1,21000.5,21070.4
1747861200,21073.9,21127.2,21041.1,21124.6
1747875600,21124.5,21135.2,21073.2,21092.2
1747890000,21091.5,21154.1,21083.1,21124.9
1747904400,21125,21170.5,20967.7,21118.7
1747918800,21118.5,21258.4,21041.2,21147.6
1747933200,21148.3,21266.2,21096.6,21144.2
1747947600,21152,21164.9,21065.3,21131
1747962000,21131.1,21150.1,21084.9,21094.7
1747976400,21094.8,21172.8,21035.3,21129.3
1747990800,21129.1,21133.3,20669.2,20743.2
1748005200,20742.7,20948.6,20701.3,20924.8
1748019600,20925.6,21025.9,20873.1,20896.2
1748210400,20912.3,21168.6,20897.2,21147.8
1748224800,21148.2,21175.6,21132,21144.2
1748239200,21144,21227.6,21132.1,21192.7
1748253600,21193,21250,21188.6,21221.6
1748268000,21221.8,21236.5,21158.2,21228.7
1748282400,21227.6,21231.7,21219.3,21227.7
1748293200,21230.7,21231.8,21145.2,21183.3
1748307600,21182.3,21182.6,21086,21119.6
1748322000,21119.5,21302.9,21103.4,21257.5
1748336400,21257.6,21295.9,21198.1,21219.2
1748350800,21219.4,21399.8,21136.8,21371.1
1748365200,21370.8,21430,21354.9,21419.6
1748379600,21420.1,21428.5,21396.8,21412.6
1748394000,21412.8,21426.4,21379.7,21381.9
1748408400,21382,21406.6,21360.4,21363.1
1748422800,21363.5,21481.7,21351.3,21450.6
1748437200,21450.3,21508.3,21372,21410.2
1748451600,21409.5,21473.1,21275.8,21468
1748466000,21457.3,21778.5,21435.9,21767.2
1748480400,21766.9,21769.6,21699.3,21741.8
1748494800,21741.7,21803.9,21693.2,21729.4
1748509200,21730.4,21764.2,21566,21591.5
1748523600,21592.7,21639.3,21252.9,21402.1
1748538000,21402.5,21427.2,21266.5,21326.2
1748552400,21314.2,21345.5,21265.5,21294.3
1748566800,21294,21318.3,21220,21302.8
1748581200,21302.7,21365.5,21270.8,21314
1748595600,21314.1,21374.6,21178.9,21286.9
1748610000,21287.8,21351.8,21027.7,21065.9
1748624400,21064.5,21386.4,21045.1,21319.9
1748815200,21263.7,21301.7,21221.8,21231.6
1748829600,21231.7,21238.9,21166.1,21184.3
1748844000,21184.1,21221.4,21117.5,21178.3
1748858400,21178.6,21410.9,21168.7,21269.8
1748872800,21243.8,21429.7,21191,21403.9
1748887200,21403,21534.2,21383.9,21511.7
1748898000,21511.8,21519.1,21424.6,21442.7
1748912400,21442.4,21457.9,21394.9,21412.3
1748926800,21412,21439.6,21357.7,21402.4
1748941200,21402.2,21501.3,21388.2,21492.6
1748955600,21492.4,21706.1,21468.9,21696.9
1748970000,21697,21716.8,21597.1,21645.2
1748984400,21644.1,21687.5,21641.1,21661
1748998800,21661.4,21671.7,21627.1,21639.2
1749013200,21639.5,21709.2,21634.4,21678.5
1749027600,21678.2,21727.3,21617,21669.6
1749042000,21669.8,21753.8,21605.3,21713
1749056400,21712.8,21762.6,21698.6,21702.9
1749070800,21701.3,21730.7,21691.9,21706.7
1749085200,21706.4,21720.3,21693.2,21709.7
1749099600,21709.6,21802.4,21684.4,21751
1749114000,21750.9,21856.5,21674.1,21762.2
1749128400,21760.5,21894.3,21635.4,21651.8
1749142800,21652.7,21753.5,21468.7,21473.5
1749157200,21471.9,21553.9,21438.2,21536.1
1749171600,21536.2,21616.9,21529.6,21615.9
1749186000,21615.8,21652.7,21594.3,21626.5
1749200400,21626.7,21749.8,21607.9,21728.3
1749214800,21728.1,21833.4,21692.1,21725.4
1749229200,21726,21839.3,21707.2,21773.3
1749420000,21787.5,21790.9,21698.7,21713
1749434400,21712.9,21726,21685.8,21716.4
1749448800,21716.3,21770,21702.5,21749.9
1749463200,21749.6,21794.1,21722.7,21760
1749477600,21760.6,21860.8,21760.6,21838.7
1749492000,21839.2,21849.3,21769.2,21794.5
1749502800,21794.8,21847.4,21790.6,21839.6
1749517200,21839.4,21949.4,21838,21892.5
1749531600,21892.4,21907.3,21708.3,21788.5
1749546000,21788.4,21843.2,21779.9,21829.7
1749560400,21831.1,21889.6,21716.2,21881.9
1749574800,21881.3,21964.4,21795.3,21922.5
1749589200,21924.2,21976.4,21886.6,21889.5
1749603600,21889.4,21899.7,21849,21853.3
1749618000,21853.5,21934.3,21842.9,21919.2
1749632400,21919.1,22069.9,21857.4,22006
1749646800,22005.9,22041.9,21886,21953.3
1749661200,21954.5,21995.7,21768.2,21855.5
1749675600,21859.2,21871.1,21761,21777.8
1749690000,21778.1,21808.9,21732.1,21808.3
1749704400,21808,21835.4,21696,21775.6
1749718800,21775.5,21825.1,21713.7,21812.7
1749733200,21812.6,21954.4,21800.7,21901.2
1749747600,21902.6,21945.4,21871.5,21880.8
1749762000,21881.5,21889.6,21510.6,21551.3
1749776400,21550.9,21600.5,21454.8,21527.1
1749790800,21527.2,21647.7,21507.3,21585.6
1749805200,21586.3,21687.2,21562.9,21642.9
1749819600,21643.1,21837.5,21602.5,21814.2
1749834000,21814.3,21818.7,21587.9,21636.9
1750024800,21549.5,21691,21525,21671.2
1750039200,21671.5,21726.6,21656.9,21701.8
1750053600,21700.7,21777.2,21692.5,21733.6
1750068000,21733.1,21930.4,21727.4,21913.8
1750082400,21914.4,21980.9,21904.6,21925.3
1750096800,21925.9,21946.8,21897.9,21926.8
1750107600,21929.4,21949,21772.2,21850.1
1750122000,21849.9,21876.2,21783.2,21832.2
1750136400,21832.6,21885.6,21770.5,21825.7
1750150800,21825.8,21859.3,21761,21815.9
1750165200,21815.8,21896.6,21789.8,21801.5
1750179600,21801.9,21822.3,21674.8,21715.2
1750194000,21711.8,21756.9,21627.6,21746.8
1750208400,21746.6,21781.2,21716.7,21750.9
1750222800,21750.8,21805.7,21748,21800.5
1750237200,21800.9,21835.2,21722.5,21756.3
1750251600,21757.3,21863.4,21696,21795.4
1750266000,21796.1,21845.2,21651.7,21724.8
1750280400,21726.5,21733.3,21615.2,21658.7
1750294800,21659.4,21669.6,21556.2,21663.7
1750309200,21663.4,21665.2,21550.2,21593.2
1750323600,21593.3,21622.7,21510.5,21530.7
1750338000,21531,21553,21416.6,21469.3
1750352400,21467.6,21635.1,21467.6,21533.2
1750366800,21547.1,21698.1,21544.9,21658.5
1750381200,21658.6,21693.3,21620.7,21681.3
1750395600,21680.9,21722.6,21633.8,21639.8
1750410000,21640.4,21813.7,21637.6,21803.1
1750424400,21803,21904.3,21557.1,21664.9
1750438800,21664.8,21694.6,21547.7,21653.6
1750629600,21378.6,21565.1,21376.9,21520.8
1750644000,21521.2,21597.3,21520.6,21592
1750658400,21592.2,21726.6,21580.6,21666.8
1750672800,21666.9,21710.9,21541.9,21707.4
1750687200,21707.5,21863.7,21522.1,21834.4
1750701600,21834.2,21875.1,21804.3,21851
1750712400,21854.3,22038.4,21849.8,22012
1750726800,22012.1,22053.2,21995.6,22023.9
1750741200,22023.7,22160.8,22022.9,22084.2
1750755600,22084.1,22130.4,22031.8,22066.2
1750770000,22066.5,22196.4,22040,22178.9
1750784400,22178.7,22221.9,22156.7,22181.9
1750798800,22187.1,22212.3,22163.3,22201.8
1750813200,22201.7,22205.1,22171.8,22203.8
1750827600,22203.7,22215.5,22184.6,22214.5
1750842000,22214.6,22287.8,22192.9,22287.1
1750856400,22287,22327.4,22188.8,22221
1750870800,22218.7,22257.5,22167.6,22248.9
1750885200,22248.8,22268,22220.1,22256.1
1750899600,22256.2,22285.9,22243.6,22284.9
1750914000,22285,22357,22274.7,22341.2
1750928400,22341.3,22364.5,22301.1,22334.5
1750942800,22334.1,22410.3,22256.7,22385.7
1750957200,22385.5,22467,22375,22445.3
1750971600,22446.3,22493.7,22445.8,22449.7
1750986000,22449.2,22490.1,22445.9,22472
1751000400,22471.7,22541.5,22470.6,22530
1751014800,22530.2,22570.8,22506.4,22513.9
1751029200,22513.1,22603.2,22469.5,22576.9
1751043600,22574.7,22577.8,22379.7,22519.6
1751234400,22547.1,22626.3,22537.9,22602.4
1751248800,22602.5,22663.4,22598.8,22652.9
1751263200,22653,22693.4,22627,22658.9
1751277600,22659,22685.9,22577,22608.1
1751292000,22608.8,22648,22570.5,22605.2
1751306400,22603.9,22715.8,22563.6,22650.6
1751317200,22654.6,22691.2,22632.4,22688.3
1751331600,22688.6,22703.3,22643.7,22645.4
1751346000,22645.3,22653.4,22609,22633.5
1751360400,22633.6,22637.6,22545.8,22583.6
1751374800,22583.8,22634.4,22384,22489.9
1751389200,22489.8,22550.1,22434.3,22477.5
1751403600,22471.2,22514.7,22465.7,22503.6
1751418000,22503.7,22572.2,22466.1,22562.6
1751432400,22562.7,22569.8,22492.8,22500.7
1751446800,22500.6,22509.1,22374.7,22407.3
1751461200,22407,22638.2,22394.1,22627.8
1751475600,22628.1,22644.3,22597.3,22640.1
1751490000,22639.8,22654.2,22619.6,22650.4
1751504400,22650.2,22682,22626.9,22667.3
1751518800,22667.4,22700.7,22649.8,22652.9
1751533200,22652.2,22734.6,22630.4,22691.4
1751547600,22691.7,22899.4,22691.5,22852.2
1751562000,22852.9,22864.7,22828.6,22851.3
1751576400,22838.2,22856.2,22811.2,22820.3
1751590800,22820.4,22845.5,22786.6,22801.5
1751605200,22801.6,22806,22717.3,22723.4
1751619600,22723.3,22747.5,22677.3,22718.1
1751634000,22718.2,22740,22683.6,22700.7
1751648400,22701.2,22714.4,22657.4,22686.2
1751839200,22769.4,22822.9,22713.2,22740.9
1751853600,22740.5,22789.5,22733.4,22749.8
1751868000,22750.1,22767.5,22709.5,22765.6
1751882400,22765.4,22802.1,22701.9,22746
1751896800,22746.8,22765.2,22635.2,22673.9
1751911200,22673.5,22692.3,22583.7,22640.4
1751922000,22639.8,22717.9,22615.8,22711.9
1751936400,22711.8,22743.6,22692.5,22715.6
1751950800,22715.8,22776.4,22708.9,22751.6
1751965200,22750.5,22760.3,22712,22743.3
1751979600,22743.4,22766.7,22646.6,22722.4
1751994000,22720.5,22743.7,22675.1,22704
1752008400,22704.8,22729.5,22669.6,22681.5
1752022800,22681.4,22706.3,22660.7,22698
1752037200,22698.1,22709.5,22648.2,22694.6
1752051600,22694.8,22760.2,22694.8,22741.5
1752066000,22741.2,22916.1,22724.1,22787.1
1752080400,22786.9,22864,22766,22845.6
1752094800,22843.7,22872.5,22811.5,22813.3
1752109200,22814,22829.4,22796.6,22804.8
1752123600,22804.6,22856.1,22787.7,22854.2
1752138000,22854.3,22886.1,22822,22857.9
1752152400,22857.6,22899.4,22711.5,22805.2
1752166800,22804.3,22861.1,22802.2,22820.5
1752181200,22820.6,22868.9,22650,22703
1752195600,22704.5,22794.4,22686.3,22785.1
1752210000,22784.6,22794.8,22691.4,22724.4
1752224400,22724.3,22744,22672.9,22723.5
1752238800,22723.2,22828.6,22683,22821.6
1752253200,22820.3,22838.8,22742.4,22754.2
1752444000,22642.2,22708.1,22638.1,22679.4
1752458400,22679.3,22701.5,22648.4,22653.9
1752472800,22653.7,22725.8,22627,22721.7
1752487200,22722.3,22800.8,22664.7,22733.9
1752501600,22736,22887.4,22727.4,22865.4
1752516000,22863.5,22880.6,22836.7,22855.4
1752526800,22855.3,22863.8,22820.9,22829.5
1752541200,22829.6,22995.6,22821.7,22938.1
1752555600,22937.8,23002.1,22935.8,22978.8
1752570000,22978.5,23030.8,22957.6,23019.7
1752584400,23020.2,23045,22909.3,22924
1752598800,22924.1,23002.7,22835.6,22842.8
1752613200,22843.2,22862.2,22801.8,22828.3
1752627600,22827.7,22862.4,22825.5,22849
1752642000,22852.9,22873.9,22756.6,22830.7
1752656400,22830.9,22913,22807,22900.3
1752670800,22900.4,22917,22664.5,22872.3
1752685200,22870.2,22928.4,22845.3,22890.8
1752699600,22892.8,22904.6,22855.3,22883.8
1752714000,22883.4,22890,22848.5,22872.9
1752728400,22872.8,22983.1,22869.6,22936
1752742800,22936.4,22979.5,22904,22977.4
1752757200,22976.6,23104,22897.9,23085.6
1752771600,23085.8,23106.4,23061.9,23091.3
1752786000,23089,23124.1,23081.9,23103.3
1752800400,23103.1,23122.4,23094.1,23113
1752814800,23112.9,23144.8,23095.8,23116.6
1752829200,23116.4,23125.4,23085.8,23104.3
1752843600,23104.6,23155.1,23009.7,23022
1752858000,23022.1,23065.1,23007.8,23061.3
1753048800,23065.4,23113.7,23041.6,23101.1
1753063200,23101.4,23112.9,23078.8,23106
1753077600,23105.8,23144.9,23103.6,23126.9
1753092000,23126.1,23231.3,23060.4,23212.2
1753106400,23213.1,23262.9,23198.4,23251.5
1753120800,23252.3,23257.2,23167.8,23184.4
1753131600,23186.6,23203.1,23178.2,23182.1
1753146000,23181.3,23209.5,23138.2,23148.6
1753160400,23148.8,23188.7,23114.1,23119.2
1753174800,23119.1,23182.8,23110,23176.9
1753189200,23177.3,23190.1,22952.2,23041.1
1753203600,23040.6,23102.8,23015,23043.3
1753218000,23042.3,23114.3,23017.4,23051.3
1753232400,23050.7,23102.5,23046.5,23095.4
1753246800,23094.9,23129.3,23089.6,23126.7
1753261200,23126,23130.1,23078,23084.8
1753275600,23085,23140.7,22995.8,23077.9
1753290000,23077.7,23263.4,23062.3,23257.6
1753304400,23269.5,23281.1,23231.6,23243.8
1753318800,23243.4,23272,23222.2,23230.8
1753333200,23230.7,23242.2,23198.6,23240
1753347600,23240.3,23253.1,23176.9,23209.3
1753362000,23209.4,23250.4,23147.7,23218.2
1753376400,23216.8,23269.4,23214,23239.9
1753390800,23237.7,23277.5,23237.6,23268.7
1753405200,23268.9,23295.8,23246.9,23253.3
1753419600,23253.5,23268,23205.1,23229
1753434000,23229.1,23245.6,23210.5,23225.6
1753448400,23225.8,23330,23185.7,23302.7
1753462800,23304.1,23315,23261.5,23298.4
1753653600,23385.4,23414.6,23360.6,23397.3
1753668000,23397.4,23433.4,23393.3,23430.9
1753682400,23431.3,23441.7,23378.7,23383.1
1753696800,23382.9,23383.8,23321.4,23376.1
1753711200,23375.5,23383.3,23297.6,23321.1
1753725600,23320.7,23371,23300.5,23366.2
1753736400,23366.7,23397.7,23362.3,23394.6
1753750800,23394.4,23411.5,23382.5,23402.7
1753765200,23402.9,23460.1,23401.2,23443.6
1753779600,23444,23473.9,23432.6,23441.1
1753794000,23440.7,23512.9,23296.9,23365.7
1753808400,23364.9,23380.4,23282.2,23309.5
1753822800,23308.3,23351.1,23308.3,23348
1753837200,23347.8,23369.6,23326.9,23365.2
1753851600,23365.1,23373.7,23323.5,23343.3
1753866000,23343.4,23382.6,23333.7,23350.4
1753880400,23349.9,23407.4,23312.3,23394.2
1753894800,23394.4,23551.9,23220.8,23521.4
1753909200,23515.8,23622.3,23515.8,23619.2
1753923600,23619.4,23673.5,23611.3,23670.1
1753938000,23669.8,23710.9,23642.1,23663.8
1753952400,23664.9,23673.9,23617.2,23667.3
1753966800,23667,23669.8,23347.1,23435.8
1753981200,23436.9,23438.7,23153.1,23189.6
1753995600,23194.2,23227.8,23103.6,23152.6
1754010000,23152.5,23212.6,23144.5,23190
1754024400,23189.5,23196.9,22933.4,22984.9
1754038800,22982.9,23037.5,22902.9,22938.4
1754053200,22938.9,22974.3,22671.1,22751.9
1754067600,22751.4,22822.7,22669,22747.2
1754258400,22746.3,22855.1,22703.2,22840.6
1754272800,22840.7,22877.3,22832.7,22864
1754287200,22864.1,22959.8,22830.4,22936.2
1754301600,22936.6,23136.7,22913.7,23125
1754316000,23125.6,23165.7,23070,23150
1754330400,23150.6,23233.7,23135,23230.8
1754341200,23239.8,23258.5,23198.2,23231.2
1754355600,23231.1,23253.9,23208.1,23241.9
1754370000,23242.2,23281.6,23196.6,23215.8
1754384400,23215.9,23288.5,23209.1,23245
1754398800,23245.1,23280.1,23002.7,23067.7
1754413200,23065.7,23139.5,22972.5,22981.1
1754427600,22981.6,23002.3,22937.1,22963
1754442000,22963.1,23064.1,22955.7,23052.8
1754456400,23053.1,23116.7,23044.6,23056.3
1754470800,23056.4,23086.9,22997.7,23068.5
1754485200,23067.6,23276.5,23039.3,23258.4
1754499600,23259.3,23330.7,23246.6,23301.8
1754514000,23303.1,23391.7,23197.1,23378.3
1754528400,23378.2,23403.4,23348.5,23357.1
1754542800,23357.7,23465.6,23347,23447.4
1754557200,23447.8,23530.8,23429.2,23488.1
1754571600,23488.9,23563,23284.3,23353.3
1754586000,23352.8,23425.9,23223.6,23418.9
1754600400,23407.9,23483.7,23407.4,23472.9
1754614800,23473.2,23480,23436.8,23443.4
1754629200,23443.7,23456.8,23400.9,23451.2
1754643600,23451,23479.2,23416,23432.1
1754658000,23432.3,23600.4,23420.3,23573.7
1754672400,23572.9,23660.2,23552.4,23656.9
1754863200,23650.6,23664.9,23595.3,23653.1
1754877600,23652.9,23667.6,23625.7,23633.3
1754892000,23633.7,23658.7,23562.2,23616.7
1754906400,23616.3,23649.8,23575.3,23637.8
1754920800,23640.1,23699.5,23584,23592.7
1754935200,23593.8,23597,23484.4,23524.6
1754946000,23525.9,23566,23514.2,23538.8
1754960400,23537.2,23576.6,23532.1,23571.6
1754974800,23571.7,23574.2,23495,23541.3
1754989200,23540,23722.2,23507.9,23673.8
1755003600,23674.7,23805.9,23522.1,23795
1755018000,23795.2,23848,23781.8,23846.1
1755032400,23845.3,23864.1,23823,23838.6
1755046800,23838.4,23861.1,23818.8,23853.3
1755061200,23853.5,23915,23832.9,23891.9
1755075600,23892.1,23931.4,23881.8,23917
1755090000,23917.4,23966,23782.7,23796
1755104400,23795.7,23860.3,23789.2,23828.3
1755118800,23828.3,23867.5,23816,23835.8
1755133200,23835.4,23849.6,23820.3,23836.1
1755147600,23835.9,23845.7,23802.1,23827.6
1755162000,23827.4,23869.2,23697.3,23748.2
1755176400,23746.1,23910.7,23720.7,23848.7
1755190800,23847.6,23879.8,23769,23789.7
1755205200,23789.2,23822.2,23781.1,23800
1755219600,23800.1,23853.5,23798.2,23845.8
1755234000,23845.3,23872.7,23788.1,23793.9
1755248400,23793.3,23837,23782.7,23814.9
1755262800,23814.4,23834.6,23645.7,23728.3
1755277200,23727.4,23755.6,23685.7,23703.6
1755468000,23759.9,23793,23752.9,23793
1755482400,23793.1,23794.1,23753.5,23765
1755496800,23765.2,23766.9,23650.8,23670.4
1755511200,23670,23729.4,23647.3,23659.4
1755525600,23659.2,23736.8,23632,23673.5
1755540000,23674.4,23728,23663.2,23699.6
1755550800,23703.4,23751.3,23676.4,23695.6
1755565200,23694.9,23707.5,23653.1,23671.6
1755579600,23670.9,23702.2,23644.7,23701
1755594000,23700.9,23720,23654.9,23659.6
1755608400,23659.1,23685,23388.1,23398.4
1755622800,23399.5,23432.9,23343.2,23390.7
1755637200,23390.1,23405.5,23317.9,23334.1
1755651600,23333.7,23343.8,23257.8,23272.5
1755666000,23272.3,23350.2,23254.3,23334.5
1755680400,23334.4,23371.1,23305.5,23346.8
1755694800,23347,23351.1,22956.4,23156.2
1755709200,23157,23288.6,23114.1,23234.9
1755723600,23235.2,23263,23188.6,23211.7
1755738000,23211.2,23288.8,23188.2,23261.1
1755752400,23261.2,23288.2,23218.7,23219.9
1755766800,23219.7,23255.5,23136.2,23145.5
1755781200,23145.4,23267.3,23072.7,23083.3
1755795600,23083.5,23174.4,23041.1,23144.4
1755810000,23143.2,23177.6,23108.5,23140.3
1755824400,23140.4,23160.2,23118.2,23134.4
1755838800,23134.3,23181.1,23003.5,23178.4
1755853200,23178.2,23204.2,23155.3,23167.7
1755867600,23167.8,23576.6,23132.7,23457.7
1755882000,23457.4,23552.1,23456.6,23508.8
1756072800,23521.4,23527,23462.7,23462.8
1756087200,23463,23498.3,23449.2,23494.7
1756101600,23494.8,23499.2,23416.5,23435
1756116000,23435.2,23451.5,23375.3,23451.1
1756130400,23451.5,23548,23438.2,23509.1
1756144800,23509,23514,23417.7,23434
1756155600,23433.2,23454.7,23304.6,23350.7
1756170000,23350.4,23406.4,23343.7,23389
1756184400,23388.9,23418.9,23349.9,23393.9
1756198800,23394,23439.8,23373,23405.3
1756213200,23405.5,23490.6,23361.9,23472.3
1756227600,23471.9,23541.6,23413.2,23537.8
1756242000,23537.4,23557.1,23527.6,23532.3
1756256400,23532.7,23563.1,23532.6,23549.3
1756270800,23549.4,23553.7,23502.1,23522
1756285200,23521.8,23555.5,23498.3,23516.3
1756299600,23516.2,23567,23423.7,23535.9
1756314000,23536.5,23623.3,23371.5,23480.8
1756328400,23467.8,23495.5,23426.7,23462.6
1756342800,23462.8,23526.1,23461.1,23504.7
1756357200,23504.3,23602.8,23481.7,23558.8
1756371600,23558.4,23594.7,23524.8,23574.5
1756386000,23574.8,23702.6,23513.7,23668.3
1756400400,23669.2,23739.6,23660.1,23695.3
1756414800,23701.6,23702.1,23672.9,23683.4
1756429200,23683.3,23689.9,23655.9,23658.1
1756443600,23658.4,23684.7,23572.4,23580.3
1756458000,23580.6,23626.7,23559.8,23614
1756472400,23614.4,23617.2,23362.9,23427.8
1756486800,23426.5,23445.8,23351.7,23405.5
1756677600,23418.7,23500.9,23413.6,23466
1756692000,23466.1,23468.2,23357.4,23380
1756706400,23380.1,23451.5,23320.2,23435.4
1756720800,23435.2,23450.8,23393.2,23438.2
1756735200,23437.5,23458.2,23428.1,23455.5
1756749600,23455.3,23455.4,23449.9,23455.3
1756760400,23447.5,23449.3,23378.1,23422
1756774800,23422.2,23433.2,23365.7,23387.7
1756789200,23387.8,23405.3,23220,23264.3
1756803600,23264.2,23284.8,23018.6,23049.8
1756818000,23053.8,23231.7,22978.5,23081.2
1756832400,23080,23340.9,23058.1,23331.9
1756846800,23332.1,23344.3,23274.1,23287.2
1756861200,23287.3,23297.8,23256.2,23288.8
1756875600,23288.3,23390.1,23266.9,23377.9
1756890000,23378,23416.2,23356.1,23380.7
1756904400,23380.6,23484.7,23329.1,23369.6
1756918800,23368.5,23424.1,23277.6,23410
1756933200,23406.2,23470.3,23386.5,23457.8
1756947600,23457.5,23487.4,23413.2,23447
1756962000,23447.3,23465.6,23407.3,23453.3
1756976400,23453.5,23491.5,23426.1,23442.2
1756990800,23442.1,23523.1,23368,23496
1757005200,23494.8,23662.8,23493.4,23637.3
1757019600,23635.2,23693.7,23633.5,23691
1757034000,23690.6,23712.4,23680.9,23705.7
1757048400,23705.8,23749.9,23701.8,23748.9
1757062800,23749.3,23836.7,23687.9,23834.5
1757077200,23835.2,23863.6,23465.4,23613.6
1757091600,23614.5,23657.1,23546,23633.6
1757282400,23642.2,23755.4,23615.7,23733.3
1757296800,23733.2,23736.2,23692.1,23695.9
1757311200,23695.3,23751.1,23694.8,23746.1
1757325600,23746.2,23838.9,23708.6,23809.7
1757340000,23809.2,23851.8,23727.1,23746.7
1757354400,23746.9,23781.3,23724.3,23758.6
1757365200,23757.7,23796.6,23757.7,23773.6
1757379600,23772.8,23813.8,23755.9,23803.3
1757394000,23803.2,23849.9,23780.5,23808.6
1757408400,23807.7,23823.3,23777.4,23805.4
1757422800,23805.1,23823.2,23693.4,23788.2
1757437200,23787.8,23886.3,23787.8,23855.9
1757451600,23866.6,23880.7,23843.9,23856.2
1757466000,23856.7,23893.5,23847.3,23891.7
1757480400,23892.8,23924.1,23856.8,23866.7
1757494800,23867.3,24013.1,23851.6,23974.8
1757509200,23974.6,23984.5,23866.2,23893.9
1757523600,23892.1,23907.2,23756,23827.5
1757538000,23825.7,23886.6,23824.6,23878.1
1757552400,23877.8,23892,23851.1,23851.7
1757566800,23852.3,23915.3,23843.6,23894.6
1757581200,23894.9,23948.6,23832.8,23934.1
1757595600,23933.1,24016.4,23882.6,23979.4
1757610000,23978.7,24014.6,23966.4,23976.7
1757624400,23975.7,24009.3,23975,23989.9
1757638800,23990.1,24004.3,23972.5,23999.2
1757653200,23999.3,24019.7,23947.2,23982.5
1757667600,23982.6,24027,23975.2,24020.2
1757682000,24019.5,24102.5,23981.2,24091.3
1757696400,24090.4,24136.3,24065.7,24089.3
1757887200,24092.2,24107.7,24070.8,24091.8
1757901600,24092,24122.8,24086.8,24118
1757916000,24118.1,24135.8,24055.3,24074.3
1757930400,24074,24240.9,24070.4,24239.9
1757944800,24239.8,24273.1,24209.2,24269.2
1757959200,24270.5,24295.1,24226.8,24277.9
1757970000,24279.4,24292.1,24267.8,24286.7
1757984400,24286.8,24329.8,24283.5,24322.1
1757998800,24322.2,24389.9,24319.4,24381
1758013200,24381.1,24387.9,24328.9,24338.8
1758027600,24338.4,24351.7,24245.3,24270.3
1758042000,24269.4,24308.4,24265.2,24280.3
1758056400,24283.4,24301.4,24277,24289.9
1758070800,24290.1,24297.6,24257,24268.7
1758085200,24269,24303.5,24206.1,24264
1758099600,24264.4,24278.9,24237.3,24274
1758114000,24274.1,24290.6,24124.4,24139.6
1758128400,24140,24299.9,23992.3,24250.1
1758142800,24252.8,24340.6,24240.4,24316.2
1758157200,24316.5,24404.9,24313.6,24397.8
1758171600,24397.5,24484.7,24338.8,24479.2
1758186000,24479.8,24515.1,24440.7,24442.7
1758200400,24442.9,24564.8,24351.7,24531.2
1758214800,24531.8,24540.6,24429.9,24467
1758229200,24469.9,24504.1,24450.1,24464.7
1758243600,24464.6,24491.2,24434.1,24473.5
1758258000,24474,24477.4,24407.6,24458.4
1758272400,24458.8,24508.5,24453,24490.3
1758286800,24490.4,24585.8,24465.5,24572
1758301200,24572.1,24636.2,24548.7,24603.6
1758492000,24597,24624.3,24574.6,24593.5
1758506400,24593.6,24616.9,24590,24591.7
1758520800,24592.3,24598.7,24500.9,24537.3
1758535200,24537.5,24631.4,24517.7,24623.8
1758549600,24623.6,24753.1,24606.1,24742.5
1758564000,24742.9,24781.9,24734.5,24750.4
1758574800,24752.8,24763.1,24731.7,24747.9
1758589200,24747.8,24765.6,24734.5,24745.5
1758603600,24745.3,24784.3,24738.2,24759.8
1758618000,24760,24773,24731.8,24766.6
1758632400,24766.4,24768.1,24672.4,24683.6
1758646800,24684.1,24686.7,24535.6,24588.9
1758661200,24604.4,24621.6,24569.1,24597.3
1758675600,24597.2,24611.6,24575.6,24610.8
1758690000,24611,24664.7,24604,24654
1758704400,24654.2,24671.2,24627.2,24640.7
1758718800,24640.2,24657.3,24387.1,24443.5
1758733200,24446.4,24514.1,24442.4,24505.7
1758747600,24508.3,24539.7,24502,24537.4
1758762000,24537.1,24554.6,24516.1,24520.7
1758776400,24520.8,24524.2,24457.5,24489.7
1758790800,24489.9,24499.3,24306.3,24330.4
1758805200,24330.3,24460.3,24183.9,24389.4
1758819600,24388.4,24410.4,24218.8,24396.4
1758834000,24392.2,24435.9,24376.3,24396.1
1758848400,24396.3,24396.3,24348.2,24351.9
1758862800,24352.1,24441.8,24349.3,24355.8
1758877200,24355.7,24518.3,24340.3,24464.6
1758891600,24466.1,24505.6,24294.3,24461.9
1758906000,24461.2,24517.8,24437.9,24498.8
1759096800,24506.6,24580.5,24498.4,24568
1759111200,24567.7,24611.7,24560.4,24599.5
1759125600,24599.6,24671.5,24587.1,24645.6
1759140000,24645.7,24728.9,24621.5,24715.2
1759154400,24718.5,24745.5,24576.9,24618.6
1759168800,24619.6,24643.2,24555.2,24582.1
1759179600,24581.9,24617.3,24580.5,24611.1
1759194000,24611.4,24632.5,24585.6,24597.6
1759208400,24597.7,24631.2,24529,24577
1759222800,24577.2,24620.8,24548.3,24607.5
1759237200,24607.6,24636,24497.6,24556.2
1759251600,24557.8,24690.3,24506.7,24611.3
1759266000,24615.6,24654.1,24565.2,24571.6
1759280400,24571.7,24588.6,24540.4,24551.5
1759294800,24551.7,24557.7,24411.4,24498.2
1759309200,24497.3,24581.8,24490.6,24554.4
1759323600,24554.5,24739.7,24504,24736.2
1759338000,24734.9,24815.8,24732,24790.2
1759352400,24789.7,24849.3,24783.6,24845
1759366800,24845.1,24862.2,24828.3,24852.2
1759381200,24852,24900.1,24839.2,24898.8
1759395600,24899.1,24949.1,24862.4,24946.8
1759410000,24946.6,24964.9,24778.6,24864
1759424400,24862.1,24913.5,24844.4,24888
1759438800,24887.4,24948.5,24863.9,24938.4
1759453200,24938.2,24967.9,24928.3,24966
1759467600,24965.8,24985.1,24946.8,24974
1759482000,24974.3,24987.6,24895.5,24911.4
1759496400,24911.3,24958.8,24842.8,24906.9
1759510800,24906.1,24906.1,24711.8,24770.1
1759701600,24806,24878,24803.6,24868.7
1759716000,24868.4,24902.5,24862.2,24880.9
1759730400,24880.7,24933.6,24838.9,24928.4
1759744800,24928.5,25033.7,24910.1,24948.4
1759759200,24948.5,25023.4,24902.7,25019.9
1759773600,25019.4,25044,24961.8,24970.5
1759784400,24969.7,24987.7,24914.4,24923
1759798800,24923.9,24974.3,24917,24972.2
1759813200,24972.4,24977.6,24918.5,24962.7
1759827600,24962.6,25048.9,24958.8,25044.3
1759842000,25044.6,25066.1,24780.2,24824.2
1759856400,24825.6,24867.6,24790,24850
1759870800,24851.5,24881.9,24824.9,24860.3
1759885200,24860.5,24892.5,24858.3,24886.7
1759899600,24886.5,24910.2,24824.7,24885
1759914000,24885.8,24903.7,24840.8,24862.1
1759928400,24862.2,25073,24853.2,25046.6
1759942800,25047.5,25160.3,25037.1,25147.8
1759957200,25150.1,25191.4,25139.6,25161.6
1759971600,25160.4,25167.9,25105.2,25138.3
1759986000,25138.4,25166.4,25093.6,25099.2
1760000400,25099.8,25139.5,25093.7,25130.7
1760014800,25130.8,25135.4,24994.6,25005.3
1760029200,25005.5,25103.8,24964,25088.9
1760043600,25088.1,25159.2,25085.6,25148.4
1760058000,25148.5,25166.7,25111.9,25119
1760072400,25119.2,25166.7,25107.2,25148.2
1760086800,25148.1,25150.7,25064.2,25111.1
1760101200,25110.8,25200,24470.4,24480.2
1760115600,24480.3,24572.4,23981.1,24009
1760306400,24521.3,24680.5,24477.3,24677.2
1760320800,24677.3,24680.1,24587.4,24659.3
1760335200,24659.1,24767.7,24609.3,24667.5
1760349600,24667.1,24714.2,24546.9,24710.1
1760364000,24710.3,24776.9,24565.7,24744.8
1760378400,24744.6,24780.2,24701.4,24723.1
1760389200,24728.6,24866.9,24720,24830.5
1760403600,24830.6,24844,24574,24629.2
1760418000,24629,24637.9,24408.4,24514.9
1760432400,24515.1,24536.3,24326.6,24442.5
1760446800,24442.7,24767.6,24251,24712.7
1760461200,24713.7,24757.3,24506.6,24575.3
1760475600,24574.5,24643.5,24566.5,24621.9
1760490000,24621.8,24680.9,24589,24668.7
1760504400,24684.4,24760.9,24680.3,24753.8
1760518800,24753.7,24851.3,24750.6,24846.8
1760533200,24847.1,24939.7,24699.6,24727.7
1760547600,24727.9,24786.3,24490.1,24764.6
1760562000,24762.5,24817.9,24699.1,24739.3
1760576400,24739.5,24775.4,24720.6,24753.8
1760590800,24753.6,24881.8,24744,24845
1760605200,24845.2,24924.7,24831.5,24905.1
1760619600,24905,25001.8,24560,24755.4
1760634000,24753.6,24789.2,24473.1,24619.2
1760648400,24611.1,24694.1,24555.2,24613.8
1760662800,24614.9,24671.4,24535.7,24542.6
1760677200,24542.7,24546.3,24246.6,24326
1760691600,24325.7,24637.8,24317.2,24572.9
1760706000,24572.6,24803.6,24508.4,24733.8
1760720400,24735.7,24882.3,24662.7,24863.5
1760911200,24927.5,24929.9,24791.5,24883.1
1760925600,24881.5,24963.6,24862.9,24948
1760940000,24947.4,24989.1,24896,24922.3
1760954400,24922.8,25073.7,24873.7,25056.1
1760968800,25056.3,25182.6,25045.9,25167.2
1760983200,25166.4,25181.9,25122.7,25157.5
1760994000,25158.1,25180.6,25143.1,25178.1
1761008400,25177.5,25205.8,25132.2,25145.5
1761022800,25145.6,25154.4,25089.7,25106.1
1761037200,25106,25152.9,25095.7,25136.6
1761051600,25136.3,25181.8,25036.9,25119.9
1761066000,25119.2,25169.7,25065,25097.7
1761080400,25101.1,25122.2,25058,25064.2
1761094800,25062.7,25170,25055.6,25154.7
1761109200,25154.8,25176.9,25088.7,25106
1761123600,25105.8,25142.8,25043.9,25099.3
1761138000,25099.1,25127.3,24708.4,24829.8
1761152400,24832.1,24918.7,24648.8,24882
1761166800,24878.1,24908.9,24796.1,24894.5
1761181200,24894.1,24959.2,24892.6,24915.9
1761195600,24916.1,24971.5,24898.6,24929
1761210000,24929.2,24938.5,24782.9,24855.3
1761224400,24855,25083.4,24787.1,25082.3
1761238800,25082.1,25140.4,25032.1,25119.8
1761253200,25118.1,25158.6,25117.7,25152.7
1761267600,25152.6,25189.1,25151,25185
1761282000,25184.9,25234.5,25177.4,25207.2
1761296400,25207,25375.2,25204.2,25312.3
1761310800,25313.2,25410.9,25283.6,25399.7
1761325200,25399.5,25418.3,25348.1,25360.1
1761516000,25582.9,25604,25552.5,25571.5
1761530400,25571.6,25640.2,25564.5,25634.9
1761544800,25635,25691.4,25620.8,25691.4
1761559200,25691.8,25712.2,25650,25701.7
1761573600,25702.6,25781.7,25676.4,25779.8
1761588000,25779.7,25863.9,25773.7,25854.2
1761598800,25851.4,25872.9,25828.6,25830.3
1761613200,25830.1,25844.9,25811.4,25812.8
1761627600,25813.6,25840.6,25798,25824
1761642000,25824.1,25880.6,25817,25866.4
1761656400,25866.3,25997.6,25862.4,25963.6
1761670800,25963.5,26086.1,25957,26026.7
1761685200,26025.7,26051.3,26022.4,26032.1
1761699600,26032,26111.4,26030.2,26102.9
1761714000,26102.7,26171.3,26102.6,26128.9
1761728400,26128.6,26157.4,26086.7,26121.8
1761742800,26121.4,26186.7,26057.1,26111.1
1761757200,26111.5,26232.2,25903.2,26076.4
1761771600,26084.9,26173.9,26004.6,26146.5
1761786000,26146.2,26255.9,25995.3,26062.8
1761800400,26063.2,26185.3,26046.8,26126.9
1761814800,26127.1,26146.5,25942.1,25944.6
1761829200,25944.7,26035.8,25800.5,25932.3
1761843600,25931,26003.5,25708.2,26001.3
1761858000,26009.8,26063.2,25985.7,26056.8
1761872400,26056.4,26077.2,26024.6,26056.2
1761886800,26056.3,26083.8,26007.2,26062.7
1761901200,26062.6,26135.8,26024.2,26074.7
1761915600,26073.9,26080.8,25793.7,25811.9
1761930000,25813.3,25981.2,25754.7,25826.9
1762124400,25878.4,25989.3,25878.4,25948.7
1762138800,25948.2,25953.7,25897.5,25913.8
1762153200,25913.2,26029.6,25883,26004.7
1762167600,26004.5,26130.6,25982.9,26000.8
1762182000,26000.4,26032.4,25881.3,25997.8
1762196400,25996.8,26048.4,25933.9,25977.5
1762207200,25982,25986.1,25852.8,25878.8
1762221600,25878.5,25879.5,25680.7,25694.7
1762236000,25694.5,25697.9,25540.6,25546.6
1762250400,25545.7,25664.8,25517,25589.2
1762264800,25588.2,25763.5,25514.4,25552.2
1762279200,25549.6,25558.1,25392.9,25445.3
1762293600,25444.5,25450.6,25155.7,25212.2
1762308000,25212.3,25412.1,25170.9,25357.4
1762322400,25357.5,25429.8,25329.2,25396.1
1762336800,25396,25472.1,25280.4,25463.2
1762351200,25462.8,25703.4,25364.1,25687.1
1762365600,25687.3,25752,25570.2,25599.7
1762380000,25605.7,25652.6,25495.5,25550.7
1762394400,25551.2,25623.1,25516.9,25574.2
1762408800,25574.1,25628.7,25509.3,25609.1
1762423200,25610.2,25703.4,25606.1,25647.5
1762437600,25647.4,25655.6,25081.8,25220.4
1762452000,25221.7,25320.7,25107.4,25190.7
1762466400,25185.3,25236.5,25086.1,25157.5
1762480800,25157.8,25224.9,25053.9,25223.6
1762495200,25224.1,25246.3,25132.5,25151.8
1762509600,25147.9,25169.9,24953.9,25004.2
1762524000,25004.3,25016.8,24600.9,24737.1
1762538400,24737.7,25118.6,24716.8,25115.5
1762729200,25252.1,25341.5,25161.6,25324.6
1762743600,25324.4,25397.4,25324.1,25365.1
1762758000,25364.7,25464.2,25352.3,25424.6
1762772400,25424.5,25552.3,25400.6,25532.1
1762786800,25529.8,25578.2,25350.2,25543
1762801200,25542.7,25654.9,25536.8,25613
1762812000,25612,25664.4,25596.2,25638.8
1762826400,25638.6,25649.6,25546.3,25548.9
1762840800,25546.8,25599.8,25490.4,25496.6
1762855200,25498.6,25539.3,25466.3,25490.4
1762869600,25490.3,25540.3,25376.6,25512.9
1762884000,25512.6,25591,25500.2,25549.2
1762898400,25546.7,25634.5,25523.5,25626.5
1762912800,25626.6,25656.9,25588.4,25639.3
1762927200,25639.1,25717.1,25635.1,25711.1
1762941600,25711.5,25721.8,25614.2,25694.2
1762956000,25694.3,25695.1,25386.7,25507.1
1762970400,25505.8,25549.6,25443.2,25518.4
1762984800,25519.2,25618.3,25399.1,25590
1762999200,25589.3,25607.9,25530,25593.4
1763013600,25593.5,25619.8,25428.3,25463.8
1763028000,25464.3,25527.3,25388.6,25396.4
1763042400,25394.4,25407.6,25026.6,25037.3
1763056800,25038,25065.4,24905.4,24983.1
1763071200,24984.5,25058.4,24983.1,25024.7
1763085600,25026.9,25059.3,24879.7,25008.2
1763100000,25006.2,25009.7,24805.7,24845.7
1763114400,24845,24900.5,24562.8,24624.3
1763128800,24622.3,25200.8,24532.7,25112
1763143200,25111.4,25159.3,24981.2,25051.3
1763334000,25052.1,25171,24930.3,25163.8
1763348400,25162.7,25198.3,25139.3,25148.5
1763362800,25147,25273.1,25081.8,25111
1763377200,25108.6,25166.6,24866.6,25111.5
1763391600,25116,25126.4,24800.2,24808.8
1763406000,24807.8,24838.2,24649.4,24815.8
1763416800,24814.5,24873.7,24743.2,24849.6
1763431200,24848.6,24867.1,24520.2,24622
1763445600,24622.4,24773.7,24517.1,24750.1
1763460000,24750.4,24761.1,24572.2,24646.5
1763474400,24644,24745.4,24296.3,24666.9
1763488800,24668.7,24723.8,24437.3,24443.9
1763503200,24446.5,24546.9,24414.3,24466.9
1763517600,24468.8,24574.5,24363.5,24451.5
1763532000,24451.9,24600.5,24437.5,24595.5
1763546400,24596.3,24647.4,24557.7,24583.3
1763560800,24583.4,24904.7,24429.4,24556.4
1763575200,24554.4,24889.2,24491.8,24867.4
1763589600,24868.9,25081.8,24837.6,25071.4
1763604000,25071.1,25123.6,25043.8,25084.5
1763618400,25084.3,25121.8,24961.2,24975.2
1763632800,24976.5,25180,24937.3,25144.9
1763647200,25144.5,25220.6,24228.3,24315.9
1763661600,24316,24519.5,23989.8,23994.8
1763676000,23995.1,24159.8,23944.6,24129.9
1763690400,24132.7,24160.3,24022.8,24067.1
1763704800,24067,24143,23956.3,23961.4
1763719200,23961.2,24217.1,23829.8,24168.6
1763733600,24163.5,24341.8,23856.4,24276.6
1763748000,24276.1,24519.5,24130.6,24274.3
1763938800,24456,24461.1,24334.1,24444.1
1763953200,24443.8,24451.4,24361.5,24406.2
1763967600,24403.1,24491.9,24292.2,24331.6
1763982000,24331,24650.9,24307.3,24605.6
1763996400,24610.1,24880.6,24593.7,24852.4
1764010800,24852.6,24919.9,24820.1,24887.5
1764021600,24886.9,24916.6,24847.6,24854
1764036000,24854.3,24889.4,24842,24851.4
1764050400,24851.5,24869,24750.9,24787.6
1764064800,24787.5,24905.9,24764.8,24812.1
1764079200,24812.4,24991.3,24532.6,24918
1764093600,24918.3,25068.3,24869.5,24994.2
1764108000,24994.7,25105.1,24992.9,25099.8
1764122400,25098.1,25136.8,25089.4,25134.1
1764136800,25133.9,25175.2,25075.2,25086.2
1764151200,25086.4,25158.7,25056.5,25152.2
1764165600,25151.4,25309.7,25073.3,25273.5
1764180000,25272.8,25296.5,25219.2,25249.4
1764194400,25249.6,25276,25239.5,25268.8
1764208800,25269,25274.8,25240.1,25258.9
1764223200,25259.3,25265.5,25228.1,25238.4
1764237600,25238.3,25261,25225.1,25235.4
1764252000,25235.3,25253.6,25222.6,25238.8
1764266400,25236.9,25257.2,25236.3,25256.3
1764280800,25242,25307.9,25238.6,25281.6
1764295200,25282.8,25290.6,25280.1,25288
1764324000,25334.5,25356.4,25302.4,25312.7
1764338400,25312.3,25432.8,25271.7,25432.8
1764352800,25431.2,25444.5,25404.5,25404.8
1764543600,25452.4,25473.5,25212.9,25230.4
1764558000,25229,25230.8,25139.9,25214.2
1764572400,25215.8,25290.5,25184.4,25261
1764586800,25260.4,25327.8,25156.4,25310
1764601200,25315.8,25443.4,25217,25433.2
1764615600,25432.1,25434,25304.3,25347.7
1764626400,25347.1,25396.3,25329.2,25365.3
1764640800,25364.5,25382.3,25299.2,25323.2
1764655200,25324.8,25402.8,25276.8,25393.8
1764669600,25393.4,25466.3,25386.7,25458
1764684000,25458.4,25620.7,25366.8,25457.3
1764698400,25459.1,25597.8,25450,25553.1
1764712800,25552.2,25602,25527.4,25591
1764727200,25591.2,25627.8,25588.4,25611.5
1764741600,25611.7,25629.5,25564.6,25590.1
1764756000,25590,25629.8,25556.9,25601.6
1764770400,25601,25605.8,25372.3,25579.6
1764784800,25580.3,25639.4,25561.7,25598.2
1764799200,25596.2,25620.7,25576.6,25594.8
1764813600,25596.4,25610.7,25568.2,25593.6
1764828000,25593.5,25648,25557.5,25638.9
1764842400,25638.6,25646.8,25573.1,25586
1764856800,25586.2,25632.5,25464.7,25573.8
1764871200,25572.8,25588.7,25444.8,25582.1
1764885600,25579.4,25641.9,25566.3,25639.3
1764900000,25639,25683.3,25637,25681.1
1764914400,25680.9,25714.4,25661.2,25677.4
1764928800,25677.3,25691.2,25538.5,25573.5
1764943200,25573,25827.2,25569.7,25690.3
1764957600,25689.7,25718.9,25637.6,25691.7
1765148400,25716,25745.3,25661.1,25744.6
1765162800,25744.7,25773,25737.3,25750.5
1765177200,25749.8,25783,25722.6,25755.8
1765191600,25756.1,25822,25684.6,25706.5
1765206000,25707.7,25742.3,25528,25555.9
1765220400,25556.5,25670.4,25531.8,25667.4
1765231200,25669.3,25693.8,25649,25657.6
1765245600,25655.6,25673.4,25626.6,25626.8
1765260000,25627.3,25677.8,25610.6,25619.9
1765274400,25620,25657.1,25570,25581.1
1765288800,25581.5,25695.9,25525.4,25682.8
1765303200,25681.1,25700.2,25640.5,25643.1
1765317600,25645.8,25662.7,25608.5,25623.3
1765332000,25623.7,25677.8,25622.5,25649
1765346400,25649.1,25714.5,25648.7,25677
1765360800,25676.9,25701.1,25584,25640.3
1765375200,25639.2,25650.7,25499.1,25634.9
1765389600,25633,25832.7,25565,25770.6
1765404000,25767.7,25772.6,25621.9,25632.2
1765418400,25632.3,25633.4,25356.6,25486.3
1765432800,25487.1,25595.2,25442.1,25575.8
1765447200,25576.8,25672.9,25550.6,25615.9
1765461600,25616.4,25652.1,25368.2,25568.2
1765476000,25569.3,25833.9,25559.1,25805.7
1765490400,25800.8,25802.5,25621.1,25658.1
1765504800,25657,25684.1,25632.6,25671.2
1765519200,25671.3,25683.7,25541.3,25566.2
1765533600,25563.2,25606.2,25511.5,25606.2
1765548000,25605.8,25612.6,25104.2,25260.9
1765562400,25261.8,25352.5,25129.1,25181.5
1765753200,25155.8,25267.9,25119.9,25243.5
1765767600,25245.5,25266.7,25215.9,25257.7
1765782000,25257.2,25326.8,25213.5,25319
1765796400,25321,25392.8,25197.4,25206
1765810800,25204.5,25244.6,25011.8,25132.8
1765825200,25131.6,25162.7,25057.1,25079.6
1765836000,25077.3,25105.7,24845.7,24885.5
1765850400,24885.6,24919.3,24835.7,24847.1
1765864800,24848.8,24965.3,24806.1,24915
1765879200,24915.1,25116.6,24900.2,24986.1
1765893600,24986.2,25141.2,24912.1,24934
1765908000,24930.8,25189.7,24906.1,25070.2
1765922400,25074.9,25110.6,25015.1,25106.9
1765936800,25106.6,25129.1,25039.5,25102.1
1765951200,25101.3,25218.8,25101.3,25213.4
1765965600,25213.3,25257,25147.3,25211.9
1765980000,25212.5,25229.1,24746.9,24786.3
1765994400,24787.5,24842.7,24649.8,24712.6
1766008800,24719.8,24764.4,24665.3,24725.2
1766023200,24727.2,24776.4,24666.7,24750.8
1766037600,24750.7,24862.7,24717.5,24861.3
1766052000,24861.5,25028.4,24828.5,24989.2
1766066400,24988,25166.5,24926.3,25112.7
1766080800,25113.8,25155.9,24950.6,24975.8
1766095200,24978.8,25040,24972.1,25030.4
1766109600,25030.2,25085.2,24998.4,25052.7
1766124000,25053,25156.1,25028.5,25145.4
1766138400,25145.6,25148,25036,25086.4
1766152800,25086.9,25362.4,25060.5,25334.9
1766167200,25334.1,25356.5,25303.7,25354
1766358000,25412.5,25459.3,25390.1,25457.2
1766372400,25457.4,25460.3,25423.8,25451.2
1766386800,25451.4,25486.6,25442.7,25468.4
1766401200,25468.7,25555.7,25433.6,25508.6
1766415600,25509.6,25515.4,25390.3,25451.3
1766430000,25451.4,25473.8,25437.1,25460.8
1766440800,25466.9,25494.4,25458.8,25473.4
1766455200,25473.3,25503.1,25444.1,25444.2
1766469600,25444,25496.4,25420,25487.2
1766484000,25487,25492.9,25375,25386.4
1766498400,25386.5,25544.8,25375.4,25522.1
1766512800,25522.7,25589,25519,25576.5
1766527200,25574.6,25590.9,25565.5,25580.5
1766541600,25579.9,25587.1,25550.9,25563.9
1766556000,25563.8,25580.8,25556.4,25572.8
1766570400,25572.2,25606,25560.5,25597.5
1766584800,25597.3,25665.3,25558.1,25651.3
1766599200,25650.5,25654.2,25625.2,25637.2
1766700000,25651.4,25690.1,25639.5,25661.5
1766714400,25661.4,25675.1,25647.6,25654.3
1766728800,25654.8,25659.2,25621.7,25653
1766743200,25652.9,25701,25644.3,25674.4
1766757600,25674.2,25712.7,25612.3,25648.9
1766772000,25649.2,25676.1,25630,25634.1
1766962800,25649.4,25670.8,25601.9,25622
1766977200,25622.1,25645.7,25592,25596.5
1766991600,25597.1,25603.1,25512.5,25527.3
1767006000,25527.8,25597.6,25436,25503.5
1767020400,25504.1,25557.2,25437.3,25482.3
1767034800,25482.7,25558.2,25472.5,25528.6
1767045600,25527.2,25531,25483,25510.6
1767060000,25511,25540.3,25487.8,25530.4
1767074400,25530.2,25536.8,25471.1,25525.4
1767088800,25525.3,25531.6,25476.4,25498.9
1767103200,25499,25577.9,25460.2,25517.4
1767117600,25516.6,25530.4,25456.3,25463.7
1767132000,25464,25476.5,25376.6,25407.9
1767146400,25407.8,25425.4,25384.4,25389.2
1767160800,25388.9,25399,25342.8,25358.4
1767175200,25358.5,25502.7,25349,25492.7
1767189600,25492.5,25504.7,25331.6,25369.9
1767204000,25369.4,25422.1,25214.5,25221
1767304800,25259,25344.3,25235.3,25342.8
1767319200,25343.1,25432.3,25342.8,25426.8
1767333600,25426.7,25525.8,25414.5,25520.8
1767348000,25520.9,25530.5,25468.2,25481.2
1767362400,25481.4,25586.9,25105.3,25138.8
1767376800,25139,25267.9,25081,25207.6
1767567600,25244.5,25303,25223,25290
1767582000,25289.9,25324.1,25274.2,25322.8
1767596400,25322.9,25374.7,25271.9,25370.1
1767610800,25370,25487.6,25337.7,25407.7
1767625200,25405.4,25520.3,25371,25425.7
1767639600,25427.1,25433.2,25364.5,25391
1767650400,25393.7,25419,25370.2,25413.3
1767664800,25413.1,25469.5,25407.6,25459.2
1767679200,25459.7,25490.7,25343.5,25401.9
1767693600,25402.4,25466.5,25387,25432.2
1767708000,25432,25600.9,25409.7,25573.8
1767722400,25575.8,25650.9,25562,25644.4
1767736800,25647.7,25659.2,25627.2,25632.5
1767751200,25632.7,25647.1,25590.5,25599.6
1767765600,25599.7,25616.4,25543.1,25569.1
1767780000,25567.9,25609.8,25543.2,25603.5
1767794400,25603,25816.1,25578,25791.2
1767808800,25791,25795.4,25636.4,25656.7
1767823200,25653,25672.3,25629.2,25661
1767837600,25661.3,25663.8,25561.6,25562
1767852000,25562.2,25626.8,25494.3,25593.1
1767866400,25592.4,25641.7,25566.3,25623.7
1767880800,25623.5,25635.2,25395.9,25504.2
1767895200,25504.6,25561.4,25422.7,25532.8
1767909600,25534.1,25567,25452.9,25477.3
1767924000,25477.6,25521.1,25473.5,25518.7
1767938400,25518.6,25550.4,25477.9,25546.3
1767952800,25548.2,25632.7,25539.2,25629.9
1767967200,25629.5,25760.8,25445.1,25749
1767981600,25748.4,25811.9,25707.1,25760.7
1768172400,25760.1,25767.3,25552.9,25580.1
1768186800,25580.2,25585.3,25508.5,25550
1768201200,25549.8,25582.5,25466.6,25538.7
1768215600,25539.1,25754.8,25536.6,25732.7
1768230000,25732.6,25827.9,25697.6,25810.3
1768244400,25808.8,25850.3,25762.2,25772.2
1768255200,25773.2,25784.9,25678.8,25711.6
1768269600,25711.7,25740.2,25693.6,25737.1
1768284000,25736.6,25772.3,25727.2,25745.4
1768298400,25744.9,25879.2,25705.8,25805.8
1768312800,25805.9,25877.2,25647.3,25711.2
1768327200,25710.8,25759.5,25639.8,25730.6
1768341600,25732.7,25759.8,25714,25722.7
1768356000,25722.9,25761.6,25689.8,25694.6
1768370400,25694.7,25716.1,25673,25690.5
1768384800,25691.4,25691.4,25539.7,25591.3
1768399200,25591.1,25626.6,25273.1,25288.6
1768413600,25290.6,25491.7,25260.3,25445.2
1768428000,25436,25480.5,25400.2,25466.3
1768442400,25466.6,25487.9,25409.1,25462.8
1768456800,25462.7,25672.8,25451.5,25653.3
1768471200,25653.2,25757.2,25640.2,25731.4
1768485600,25731.7,25791.3,25641.2,25689.9
1768500000,25690.8,25746.6,25518,25543.7
1768514400,25541.4,25625.7,25540.8,25615.2
1768528800,25615.4,25663.7,25605.4,25651.8
1768543200,25651.5,25689.9,25638.1,25658.5
1768557600,25659.1,25716,25645.6,25669.7
1768572000,25670,25733.3,25440.9,25504.4
1768586400,25503.5,25590.4,25498.5,25525.9
1768777200,25282,25314.8,25220.2,25259.7
1768791600,25259.5,25262.4,25206.8,25229
1768806000,25228.9,25253.7,25101.1,25112.6
1768820400,25113.3,25192,25080.9,25159.9
1768834800,25160.6,25260.4,25131.3,25241.6
1768849200,25237.7,25247.9,25224.4,25229
1768860000,25239.2,25282.5,25170.3,25271.2
1768874400,25271.4,25288.6,25217.2,25233
1768888800,25232.8,25241.7,24946.6,24985.1
1768903200,24984.8,25133.4,24961.5,25062.1
1768917600,25062.6,25282.4,25051.5,25146.9
1768932000,25146.2,25165,24953.2,24996
1768946400,24994,25074.3,24958.6,25056.4
1768960800,25057,25083.5,25024.1,25075.4
1768975200,25074.9,25102.2,24985,24985.7
1768989600,24985.8,25043.2,24882,24939.9
1769004000,24934.6,25347.7,24929.5,25103.2
1769018400,25102,25501.2,25009.9,25364.4
1769032800,25358.5,25458.7,25358.1,25451.8
1769047200,25452.3,25459.2,25385.9,25391.4
1769061600,25391,25573.6,25340.3,25555.6
1769076000,25556.1,25597.1,25516.4,25593.2
1769090400,25592.7,25596.2,25392.9,25567.1
1769104800,25567.6,25575.8,25441.7,25487.3
1769119200,25497.6,25550.8,25442.5,25549.6
1769133600,25549.7,25577.9,25526.8,25576.4
1769148000,25576.1,25594.5,25405,25423.3
1769162400,25423.1,25521.5,25413.8,25435.2
1769176800,25434.7,25712,25420.5,25558.7
1769191200,25561.1,25639.7,25537.4,25546.7
1769382000,25303.4,25535.6,25254.3,25478
1769396400,25478.6,25571,25477.5,25536.4
1769410800,25536.7,25610.4,25450.4,25517.9
1769425200,25518.6,25723.5,25509.4,25708.4
1769439600,25706.1,25796,25669.9,25767
1769454000,25766,25780.1,25703,25730
1769464800,25731.4,25797.6,25713.1,25793.1
1769479200,25792.7,25881.5,25792.7,25878.5
1769493600,25878.7,25900.2,25837.9,25845.7
1769508000,25845.5,25914.3,25841.1,25860.6
1769522400,25860.7,25973.9,25788.7,25929.9
1769536800,25929.7,25984.8,25906.4,25976.7
1769551200,25977.7,26097.9,25977.2,26075.5
1769565600,26075.4,26119.7,26061.9,26114.6
1769580000,26131.8,26217.6,26122.9,26155
1769594400,26154.9,26197.2,26124.9,26143.8
1769608800,26143.9,26168.9,25969.9,26012.1
1769623200,26011.9,26157.4,25867.7,26136.4
1769637600,26137.6,26174.6,25958.2,25999.8
1769652000,25999.5,26121.6,25994.7,26106.7
1769666400,26106.5,26151.5,26082.4,26082.9
1769680800,26082.4,26109.1,26023.8,26065.1
1769695200,26065.6,26067.5,25409.2,25639
1769709600,25641.2,25912.2,25638.8,25856.4
1769724000,25858.5,25901.1,25678.2,25732.5
1769738400,25733.4,25776.7,25616.9,25714
1769752800,25714.8,25720.4,25530.8,25577.5
1769767200,25577,25785.5,25574.5,25705.3
1769781600,25704.4,25819.1,25562.9,25564.1
1769796000,25564.2,25663.6,25454.4,25520.6
1769986800,25409.3,25529.8,25241.2,25250.9
1770001200,25252.2,25271.9,25064.8,25117.9
1770015600,25117.6,25354,25117.1,25290.1
1770030000,25290.7,25681.8,25284.4,25632.2
1770044400,25632.5,25834.4,25617.9,25827.5
1770058800,25826.2,25829.6,25708.4,25759.1
1770069600,25763.8,25879.3,25754.9,25847.7
1770084000,25847.8,25884.6,25787.9,25874.2
1770098400,25874.3,25915.7,25845.5,25857.8
1770112800,25857.9,25890.9,25810.6,25855.4
1770127200,25856.4,25865.2,25237.6,25279.1
1770141600,25278.4,25370.8,25110.7,25312.2
1770156000,25314.2,25350.6,25257.8,25334.1
1770170400,25338.3,25369.7,25294.9,25339.4
1770184800,25339.1,25410.4,25251.1,25297.6
1770199200,25297.4,25387,25238.3,25254.6
1770213600,25253.2,25284.4,24679,24768.6
1770228000,24770.6,25078.5,24717.4,25020.6
1770242400,25009.8,25069.7,24932.1,25023.4
1770256800,25025,25036,24816.5,24898.3
1770271200,24898.1,25025.3,24878.4,24930.5
1770285600,24930.4,24992.4,24610.4,24668.9
1770300000,24670.5,24859.9,24451.9,24683.8
1770314400,24684.2,24736.2,24307.9,24329.5
1770328800,24298.8,24441.3,24146.5,24434.8
1770343200,24435.2,24501.5,24332.1,24487.7
1770357600,24488,24687.8,24397.2,24656.8
1770372000,24656.6,24778,24616.8,24703.6
1770386400,24703.8,25019.6,24607.1,25002.8
1770400800,25003.5,25131.5,24966.1,25010.9
1770591600,25113.9,25255.7,25083.6,25140.6
1770606000,25140.3,25154.4,25067.9,25079.1
1770620400,25079.5,25126.9,24879.1,24955.5
1770634800,24956.5,25100.1,24868.5,25026.8
1770649200,25021.9,25329.1,25015.2,25281
1770663600,25279.7,25339.4,25246.2,25271.9
1770674400,25272.7,25310.1,25213.3,25249
1770688800,25248.9,25272.3,25192.2,25264.7
1770703200,25265.7,25318.3,25205.3,25278.2
1770717600,25278.3,25335.4,25206.3,25286.8
1770732000,25285.8,25361.5,25169.6,25298.5
1770746400,25297.4,25298,25113.4,25172.7
1770760800,25163.5,25244.1,25152.1,25231.9
1770775200,25232.3,25262.2,25198.3,25204.9
1770789600,25206,25233.9,25121.1,25122.8
1770804000,25123.1,25368.2,25064.3,25360.1
1770818400,25360.3,25381.4,24976.4,25180.3
1770832800,25181.6,25275.7,25118.3,25194.7
1770847200,25198.8,25234.2,25124.3,25219.1
1770861600,25218.9,25263.5,25187,25257.6
1770876000,25257.3,25288.5,25211.1,25273
1770890400,25273.4,25339.2,25239.2,25314.2
1770904800,25314.5,25316.3,24727.7,24746.9
1770919200,24747.2,24863.8,24641.8,24740.1
1770933600,24736.5,24781.4,24626.2,24716.2
1770948000,24714.9,24760.7,24620.1,24640.5
1770962400,24640.3,24737.2,24571.3,24703.6
1770976800,24703.5,24750.5,24550.9,24708.9
1770991200,24707.5,24921.1,24508,24867.1
1771005600,24868.2,24923.7,24660.5,24700.9
1771196400,24750.8,24800.7,24683.9,24760.5
1771210800,24760.6,24768.3,24721.4,24751
1771225200,24750.8,24850.7,24749,24805.4
1771239600,24806.1,24808.8,24620.6,24695.5
1771254000,24696.6,24725,24599.1,24665.1
1771268400,24665,24669.3,24659.8,24666
1771279200,24694.3,24769.6,24581.1,24597.5
1771293600,24594.3,24615,24488.6,24513.9
1771308000,24513.8,24655.7,24513.8,24616.4
1771322400,24616.3,24633.2,24448.3,24542.8
1771336800,24542.5,24744.9,24381,24629.3
1771351200,24629.9,24820.4,24582,24699.8
1771365600,24704.5,24717.6,24635.8,24677.8
1771380000,24677.7,24779,24668.7,24758.3
1771394400,24758.5,24876,24735.5,24842.4
1771408800,24842.9,24896.1,24750.1,24761.3
1771423200,24761.6,25063.8,24685.7,25033.5
1771437600,25033.1,25063,24790.6,24865.9
1771452000,24865.4,24927.5,24848.4,24904.4
1771466400,24902,24936.9,24872.8,24927.7
1771480800,24927.8,24986.5,24782.1,24826.2
1771495200,24826,24835.5,24730.8,24785.7
1771509600,24785.4,24891.8,24695.6,24716
1771524000,24713.3,24806.1,24683.4,24768.6
1771538400,24772.9,24875.2,24765.4,24845.2
1771552800,24846,24887.4,24818.4,24882.8
1771567200,24882.6,24924.5,24835.2,24875.9
1771581600,24875.3,24886.6,24661.6,24708.5
1771596000,24707.5,25079.4,24618,24973.9
1771610400,24972.4,25060.2,24868.6,25017.5
1771801200,24980.6,24996.7,24752.4,24780.5
1771815600,24780.2,24810.3,24748.6,24808.9
1771830000,24808.8,24945.1,24804.3,24910.4
1771844400,24911.4,24979.9,24800.7,24854.7
1771858800,24854.8,24893.5,24609.2,24672.1
1771873200,24671.9,24741.7,24624.8,24729.3
1771884000,24730.4,24783,24716.5,24768.7
1771898400,24768.8,24834,24762.6,24787.8
1771912800,24788.3,24815.1,24707.3,24793.3
1771927200,24793.4,24845.8,24743.4,24823.4
1771941600,24823.1,25020.3,24642.8,24990.4
1771956000,24990.7,25022.1,24932.9,24962.4
1771970400,24961.2,25061.6,24942.2,25051.4
1771984800,25051.3,25063.3,24944.4,24991.7
1771999200,24990,25039.9,24966.6,25030
1772013600,25030.1,25114.6,25015,25098.1
1772028000,25098.9,25307.9,25078.4,25299.8
1772042400,25298.5,25442.3,25283.5,25408.8
1772056800,25396.8,25396.8,25217,25268.6
1772071200,25267.5,25275.5,25234.8,25259.6
1772085600,25261.7,25353.8,25258.6,25330.4
1772100000,25331.2,25367,25297.4,25336.3
1772114400,25336.1,25350.2,24817.6,24890.7
1772128800,24889.9,25052,24844.8,24980.7
1772143200,24957.5,24994.8,24911.4,24950.7
1772157600,24951.7,25018.9,24943.9,24996.4
1772172000,24996,25056.9,24948.9,24986.4
1772186400,24985.9,25001.5,24752.3,24828.6
1772200800,24828.7,24993,24739.9,24903.4
1772215200,24901.9,24980,24831,24911.2
1772406000,24685.9,24860.7,24645.6,24780.7
1772420400,24780.6,24795.9,24495.4,24551.3
1772434800,24550.9,24644.3,24437.5,24618.9
1772449200,24618.4,24858,24555.9,24819.5
1772463600,24818.5,25036.6,24763.8,24932.9
1772478000,24933.8,25059,24907.9,24955.7
1772488800,24958.3,24979.1,24830.8,24835.8
1772503200,24836.2,24846.3,24712.3,24727.4
1772517600,24727.1,24760.8,24409.6,24416.7
1772532000,24418,24567,24331.8,24458.2
1772546400,24457.4,24686.6,24316.2,24601.7
1772560800,24603.8,24810.8,24603.8,24670.3
1772575200,24666.4,24767.5,24594.5,24639.8
1772589600,24639.7,24667.4,24488.4,24538.3
1772604000,24538.2,24733.8,24464.1,24718.1
1772618400,24717.8,24890.9,24684.2,24854.1
1772632800,24853.8,25142.5,24791.2,25131
1772647200,25129.4,25179.7,25055.2,25099.8
1772661600,25096,25206.2,25007.5,25033.9
1772676000,25034.1,25089.8,24989.2,24999.8
1772690400,25000.3,25170.3,24937.4,25078.7
1772704800,25078.8,25120.6,24945.6,24959.6
1772719200,24958.9,25175,24752.7,24770.8
1772733600,24770.4,25021.5,24741.4,24973
1772748000,24969.6,25067.4,24966.2,25036
1772762400,25036.5,25111.4,25029.9,25088
1772776800,25088.2,25110.4,24851.2,24889.4
1772791200,24889,24950.2,24587.5,24616.1
1772805600,24613,24890.2,24581.9,24755.4
1772820000,24756,24868.5,24575.9,24631.9
1773007200,24244.8,24298.7,23977,23980.2
1773021600,23982.1,24231.5,23972.7,24231.5
1773036000,24231.6,24468.1,24182.3,24393
1773050400,24392.5,24497.4,24284.9,24342.8
1773064800,24343.2,24720.4,24296.3,24581.7
1773079200,24581.6,25022.8,24579.5,24925.5
1773090000,24952.6,24955.3,24802.7,24906.1
1773104400,24905.9,24969.6,24825,24875.8
1773118800,24875.1,25117.7,24873.5,25057.3
1773133200,25057.5,25104.9,24864.7,24938.9
1773147600,24938.8,25152.3,24867.6,25128
1773162000,25125.9,25188.9,24912.4,24981.4
1773176400,24985.3,25059.7,24922.2,25033.6
1773190800,25033.7,25096.7,25025.4,25063.8
1773205200,25063.7,25068.7,24907.7,24939.3
1773219600,24939.5,25018.3,24868.2,24919.3
1773234000,24919.1,25153.4,24866.7,24982
1773248400,24982.1,24999.8,24849.6,24922
1773262800,24925.5,24937,24711,24769
1773277200,24768.8,24820.8,24674.5,24696.5
1773291600,24696.4,24880.7,24696,24855
1773306000,24855.6,24905.2,24779,24810.9
1773320400,24811.1,24831.6,24540.1,24642.1
1773334800,24641.6,24704.1,24493.9,24544.6
1773349200,24542.7,24624.6,24475.3,24609.5
1773363600,24609.8,24644,24546.8,24559
1773378000,24559.5,24583.3,24381.3,24497.5
1773392400,24498.2,24717.7,24494.2,24665.7
1773406800,24664.3,24788.1,24372,24381.4
1773421200,24380.7,24457.2,24315.2,24319.1
1773612000,24317.8,24510.1,24280.5,24498.7
1773626400,24498.3,24544.9,24459.1,24542.9
1773640800,24543,24568.4,24462.5,24477.4
1773655200,24477.9,24725.1,24472.2,24719.9
1773669600,24718.2,24746.3,24602.7,24666.8
1773684000,24666.2,24799.3,24620.3,24641.4
1773694800,24634.6,24651.9,24573.7,24585.4
1773709200,24585.3,24619.3,24551.6,24607.5
1773723600,24607.4,24625.1,24501.2,24540.4
1773738000,24540.1,24707.5,24540.1,24699.8
1773752400,24700,24879.4,24697.6,24764.6
1773766800,24765.6,24826.1,24748.6,24794.2
1773781200,24784.1,24851.7,24757.9,24848.6
1773795600,24848.9,24916.3,24848.9,24907.5
1773810000,24907.6,24977.3,24903,24939.4
1773824400,24939.3,24964.5,24641.1,24652.8
1773838800,24652.7,24768.5,24585,24619.2
1773853200,24617.6,24688.5,24340.6,24382.3
1773867600,24387.3,24432.6,24338.8,24395.2
1773882000,24396,24500.6,24376.7,24407
1773896400,24407.1,24425,24281.9,24321.9
1773910800,24322.8,24426.9,24201.1,24223.6
1773925200,24224.7,24359.8,24105,24236.1
1773939600,24237.8,24471.8,24161.9,24395.3
1773954000,24401.9,24444.7,24367.9,24384.7
1773968400,24384.6,24446.6,24371.2,24373
1773982800,24373.1,24402.1,24268.6,24344.6
1773997200,24345.7,24371.5,24106.8,24282.6
1774011600,24282.4,24313.2,24020.4,24060.1
1774026000,24060.6,24079.4,23756.7,24000.8
1774216800,23762.8,23882.7,23723.2,23830.2
1774231200,23830.4,23854.5,23721.4,23759.5
1774245600,23759.2,23763.5,23559,23669
1774260000,23668.7,24547.5,23601.7,24386.9
1774274400,24386.1,24474.8,24090.5,24251.9
1774288800,24251,24319.7,24140.6,24181
1774299600,24189.1,24273.5,24052.2,24107.8
1774314000,24108.9,24112.2,24006.9,24042.6
1774328400,24042.3,24289.8,23977.6,24161.9
1774342800,24161.8,24218.2,24049.3,24064.7
1774357200,24064.4,24170.9,23919.1,24068.2
1774371600,24068.3,24334.7,23950.6,24190.1
1774386000,24174.8,24282.8,24160.7,24239.3
1774400400,24238.9,24257.3,24109.9,24208.8
1774414800,24208.7,24325.4,24113.8,24230.6
1774429200,24231.6,24330,24163.5,24237.5
1774443600,24238.3,24315.2,24075.8,24210.1
1774458000,24210.4,24280.8,24101.4,24157.4
1774472400,24153.8,24200.8,24074.7,24146.8
1774486800,24146.9,24212.8,24041,24117.1
1774501200,24117.2,24132.4,23945.2,23985
1774515600,23984.3,23994,23866.2,23908.3
1774530000,23908.9,24031.9,23768,23794.8
1774544400,23794.5,23823.6,23561.8,23619.5
1774558800,23632.7,23713.3,23612.2,23624.7
1774573200,23624.4,23727.3,23612.3,23721.4
1774587600,23721.6,23781.8,23576.5,23583.7
1774602000,23584.2,23619.6,23402.3,23420.1
1774616400,23422.2,23470.2,23246.2,23287.5
1774630800,23288.6,23341.3,23047.7,23065.9
1774821600,23005.3,23080.7,22912.2,23018.6
1774836000,23018.7,23177.1,23012.7,23163.9
1774850400,23164.3,23268.5,23155.6,23220.8
1774864800,23221.6,23387.9,23110.8,23121
1774879200,23120,23248.7,22983.9,23026.1
1774893600,23026,23027.2,22839.3,22921.8
1774904400,22925.3,23101.7,22779.3,23020.6
1774918800,23021.4,23221.4,22978.7,23102.2
1774933200,23102.1,23208.6,23052,23130.5
1774947600,23130.9,23253.6,23055.3,23187.5
1774962000,23189.4,23671.1,23174.8,23587.9
1774976400,23589.2,23790.8,23561.7,23721.2
1774990800,23719.8,23866.1,23699.2,23853.5
1775005200,23853.7,23861,23773.9,23830.1
1775019600,23830.3,23999.8,23824.7,23889.2
1775034000,23889.6,24060.3,23822.2,23879.4
1775048400,23879.8,24144.9,23853.9,24132.4
1775062800,24132.3,24161.8,23937.5,24004.7
1775077200,24006.7,24070.8,23978.7,24061.8
1775091600,24061.3,24065,23619.6,23629.3
1775106000,23629.5,23706.7,23577.2,23659.3
1775120400,23658.8,23684.4,23490.7,23550.5
1775134800,23551.4,24088.1,23503.1,23944.6
1775149200,23943.7,24058.3,23888.4,24044.2
1775163600,24037.2,24080.5,24004.4,24049.9
1775178000,24050,24056.9,23977.3,23991.9
1775192400,23992.1,24017.8,23944.8,23974.8
1775206800,23974.6,24063.2,23936.9,23943.5
1775221200,23943.6,23962.6,23931.3,23956.5
1775426400,23890.4,24067.8,23808.4,24021.1
1775440800,24020.8,24153.4,23960.3,24059.5
1775455200,24059.6,24224.5,24035.4,24165.1
1775469600,24166.7,24242.3,24074,24240.9
1775484000,24240.3,24277.6,24034.7,24094.7
1775498400,24094.3,24203.2,24075.7,24176.9
1775509200,24170.4,24212.5,24107.6,24131.9
1775523600,24132.4,24141.2,23983.1,24076.5
1775538000,24077.3,24211.9,24035,24190.1
1775552400,24190,24250.4,23966.3,24046.8
1775566800,24046.5,24133.3,23775.1,24033.3
1775581200,24034.3,24282.3,23909.6,24229.8
1775595600,24231.2,24932.8,24200.1,24913.2
1775610000,24912.6,24990.7,24877.1,24953.5
1775624400,24954.8,25050,24945.6,25041.5
1775638800,25041.6,25085.2,24984.5,25041
1775653200,25040.8,25075.9,24751.5,24968
1775667600,24967.5,24980.7,24766.7,24864.7
1775682000,24865.4,24891.1,24827,24839.5
1775696400,24839.3,24878.9,24808.3,24844
1775710800,24844.1,24887.4,24780.9,24802.7
1775725200,24802.1,24891.7,24792.7,24858.3
1775739600,24858.4,25091.2,24786.2,25021.5
1775754000,25021,25096.6,24973.1,25072.8
1775768400,25073.3,25109.2,25028.8,25105
1775782800,25104,25133.7,25087.8,25100.1
1775797200,25100.3,25117.8,25034.8,25042.4
1775811600,25042.6,25201.9,25038,25135.8
1775826000,25135.7,25226.8,25056.5,25098.6
1775840400,25098.7,25167.8,25058.3,25163.2
1776031200,24776.3,24923.7,24756.5,24917.8
1776045600,24918.3,24927.5,24884.8,24912.3
1776060000,24912.2,24967.3,24912.1,24948.7
1776074400,24949.9,25144.1,24909,25142.5
1776088800,25141.6,25273.5,25082.9,25239.9
1776103200,25240.2,25423.5,25230.9,25420.6
1776114000,25413.6,25459,25401.3,25430.5
1776128400,25429.9,25438.5,25412.9,25432
1776142800,25431.7,25505.1,25404.8,25501.8
1776157200,25502,25556.6,25459.1,25516
1776171600,25515.6,25773.4,25491.8,25749.6
1776186000,25749.2,25833.8,25718.6,25822.5
1776200400,25822.8,25870.6,25813.1,25851.7
1776214800,25851.5,25875.5,25824.4,25849.2
1776229200,25849.3,25891.4,25800.7,25866.4
1776243600,25866.5,25877.9,25769.2,25824
1776258000,25823.8,26087.1,25813.7,25975.5
1776272400,25975.9,26211.6,25967.7,26194.6
1776286800,26189.6,26283.4,26183.6,26277.9
1776301200,26276.9,26302.7,26265.1,26273.1
1776315600,26273,26325.4,26250.4,26280.2
1776330000,26280.7,26305,26203.7,26241.6
1776344400,26242.4,26400.4,26116.4,26311.3
1776358800,26312.4,26348.1,26190.4,26303.1
1776373200,26298,26341.3,26280.3,26332.1
1776387600,26332.2,26344.7,26296.3,26311.1
1776402000,26311.3,26368.8,26289.7,26366.6
1776416400,26366.4,26594.6,26353.1,26589.7
1776430800,26589.9,26720.3,26478.4,26697.6
1776445200,26699,26715.8,26576.5,26682.3
1776636000,26425.2,26559.1,26380.5,26549.6
1776650400,26549.9,26550.1,26454.5,26478.8
1776664800,26479.1,26565.3,26463.8,26536.5
1776679200,26536.9,26669.3,26522.3,26624.5
1776693600,26623.9,26630,26410.3,26550.6
1776708000,26550.7,26651.1,26542,26615.7
1776718800,26613.3,26680.2,26598.5,26667.9
1776733200,26668.8,26683.1,26636,26669
1776747600,26669.4,26702.3,26643.1,26682.5
1776762000,26682.7,26744.8,26651.9,26666
1776776400,26666.5,26730,26507.5,26516.9
1776790800,26517.8,26639.9,26397.4,26568.8
1776805200,26573.1,26666.3,26570.7,26643.9
1776819600,26644.8,26681.6,26621.8,26627.5
1776834000,26627.7,26712.9,26615.2,26667.8
1776848400,26667.5,26748,26654.5,26670.6
1776862800,26670.9,26854.4,26660.2,26812.6
1776877200,26812.2,26983.4,26812.2,26955.1
1776891600,26958.1,26966.4,26702.3,26911.2
1776906000,26911,26914.7,26716.2,26808.9
1776920400,26809.3,26867.9,26771,26779.3
1776934800,26779.4,26931.4,26744.1,26862
1776949200,26861.8,27006.5,26818.1,26938.1
1776963600,26937.9,26947.5,26534.8,26793.1
1776978000,26796.5,26995.3,26796.5,26978.2
1776992400,26978.6,26987,26874.1,26913.7
1777006800,26914.2,27011.1,26888.7,26952.3
1777021200,26952.5,27222.1,26922.7,27095.3
1777035600,27095.7,27287.1,26987.2,27267.4
1777050000,27265.8,27318.1,27224.3,27301
1777240800,27272.4,27402.4,27207,27398.6
1777255200,27398.4,27404.7,27304.4,27310.7
1777269600,27311,27329.2,27249.1,27316.4
1777284000,27316.6,27362,27162.8,27264.6
1777298400,27265.2,27303.1,27170.2,27291.5
1777312800,27290.8,27314.8,27254.1,27281.6
1777323600,27285.8,27377.8,27283.3,27331.3
1777338000,27331.9,27348.9,27251.8,27282.7
1777352400,27282.8,27287.9,27167.2,27217.5
1777366800,27217.8,27220,26901.5,27014
1777381200,27014.5,27116.1,26875.8,26950.8
1777395600,26950,27090.3,26913.7,27052.4
1777410000,27052.7,27159.6,27051.4,27129.1
1777424400,27129.6,27176.7,27055.6,27161.1
1777438800,27161,27182.2,27062.2,27104.3
1777453200,27104.7,27152.8,27056.2,27090.6
1777467600,27090.7,27181.5,26989,27063.4
1777482000,27064,27274.5,26957.9,27013.5
1777496400,27035,27488.8,27022.5,27460.7
1777510800,27459.6,27467.7,27096.3,27097
1777525200,27096.6,27261.9,27050.7,27223.6
1777539600,27225.5,27411.5,27194.8,27387.2
1777554000,27386.8,27403.6,27029.5,27236.1
1777568400,27236.4,27484.3,27234.7,27461.2
1777582800,27427.7,27530.4,27420.8,27494.1
1777597200,27494.2,27542.5,27482.3,27499
1777611600,27499.2,27511.1,27423.9,27437.4
1777626000,27437.6,27495.6,27405.5,27448
1777640400,27448.1,27790.7,27445.4,27705.7
1777654800,27705.2,27774.7,27632.7,27660.8
1777845600,27776.1,27806.2,27679.5,27797.2
1777860000,27797.7,27845,27761,27813.1
1777874400,27813.2,27831.4,27744.8,27770.2
1777888800,27770,27777.1,27541.3,27775.6
1777903200,27776.1,27820.8,27498,27674
1777917600,27673.4,27699.9,27600.9,27623.4
1777928400,27628.9,27675.5,27613.9,27666.6
1777942800,27665.8,27743,27652.4,27709.4
1777957200,27708.4,27824.7,27700.5,27810
1777971600,27811.4,27887.9,27781.7,27856.9
1777986000,27857.1,28031.7,27855.2,28003.9
1778000400,28004.6,28125.4,27986.8,28084.1
1778014800,28083.1,28297.8,28081.5,28154.7
1778029200,28154.3,28224.5,28141.7,28215.3
1778043600,28215.5,28395.4,28178.7,28360.6
1778058000,28361,28513.1,28295.3,28338.4
1778072400,28337.2,28482.6,28216,28417.8
1778086800,28418.4,28681.7,28407.1,28595.4
1778101200,28609.3,28635.2,28519.6,28545.9
1778115600,28546,28601,28522.3,28587.1
1778130000,28587.2,28698.7,28577.5,28620.1
1778144400,28619.8,28647.6,28576.6,28638.3
1778158800,28638.8,28825.6,28520.4,28579.6
1778173200,28580.9,28644.1,28433,28522.1
1778187600,28524.6,28634.1,28402.1,28631.8
1778202000,28633.2,28682.4,28596.9,28666.6
1778216400,28667.1,28756.1,28665.2,28746.8
1778230800,28747,28862.4,28717.3,28798.5
1778245200,28797.4,29130.8,28748.9,29124
1778259600,29124.3,29270.6,29118.8,29224.4
1778450400,29196.4,29289.6,29117.3,29228.6
1778464800,29227.9,29251.1,29182.8,29210.5
1778479200,29210.6,29256,29152.8,29206.7
1778493600,29206.4,29322.9,29147.9,29200.1
1778508000,29199.7,29369.5,29135.6,29331.8
1778522400,29331.6,29364.6,29209.4,29284.7
1778533200,29279.2,29343.7,29242.8,29268
1778547600,29268.3,29278.3,29114.4,29170.4
1778562000,29171.3,29191.2,29061.4,29101.7
1778576400,29101.5,29136.1,29001.8,29111.4
1778590800,29111,29183.1,28632.6,28639.5
1778605200,28638.6,29080.4,28638.6,29027.6
1778619600,29023.6,29083,28950.6,29038.7
1778634000,29038.4,29193.8,29037.9,29181.6
1778648400,29181.2,29342.8,29170.9,29308.9
1778662800,29309.2,29321.6,29096,29131.4
1778677200,29131.6,29356.3,28970.7,29340.1
1778691600,29338.9,29454.8,29332.4,29425.1
1778706000,29429,29585.8,29418.1,29572
1778720400,29572.1,29575.5,29406,29457.7
1778734800,29457.5,29533.8,29426.1,29467.2
1778749200,29468.4,29486.2,29371.3,29388.3
1778763600,29387.6,29676,29340.5,29622
1778778000,29621.9,29650.1,29491.7,29580.5
1778792400,29581.9,29635.2,29539.6,29586.3
1778806800,29586,29593.8,29349.6,29364.7
1778821200,29365.3,29371.8,29086.9,29167.6
1778835600,29168.2,29270,29045.4,29091.7
1778850000,29092.6,29284.5,28992.3,29225.7
1778864400,29225.2,29389.3,29012.7,29075.2
1779055200,29063.6,29184.2,28829.9,28923.5
1779069600,28923.3,29019.2,28894.7,28946.9
1779084000,28946.7,29151,28894.2,29089.9
1779098400,29090.3,29319.3,28955,29142.8
1779112800,29143.7,29198.7,28744,28913.9
1779127200,28916.1,29011.4,28714.4,28974.8
1779138000,28979.9,29089.6,28976.3,28986.6
1779152400,28986.9,28998.1,28805,28863.4
1779166800,28863.5,29026.7,28788.2,28907.8
1779181200,28907.7,28907.7,28733.7,28815.5
1779195600,28815,28968.8,28566,28924.1
1779210000,28925.6,29032.4,28771.7,28801.7
1779224400,28800.6,28928,28704.4,28841.6
1779238800,28841.4,28921.8,28743.4,28787.6
1779253200,28787.5,29041.1,28786.1,29002.7
1779267600,29002.3,29074,28969.5,29009.8
1779282000,29009.7,29299.8,28912.8,29172.2
1779296400,29172.7,29304.5,29139.9,29183.8
1779310800,29189.7,29224.6,29024,29130.3
1779325200,29130.4,29334.2,29130.4,29327.5
1779339600,29327.7,29371,29114.6,29281.4
1779354000,29280.7,29337.5,29095.7,29102.3
1779368400,29102.1,29241.5,29040,29170.6
1779382800,29171.9,29462.1,29171.9,29361.8
1779397200,29359.4,29523.1,29356.7,29485
1779411600,29484.7,29517.4,29414.9,29511.9
1779426000,29512.2,29584.4,29449.9,29486
1779440400,29486.3,29516.6,29356.9,29516.1
1779454800,29515.9,29634.6,29415.8,29596.8
1779469200,29595.5,29670.3,29425.6,29445.4
1779660000,29649,29871.3,29645.4,29846.1
1779674400,29846.7,29917.9,29827.3,29892.1
1779688800,29891.1,29909,29814.7,29879.2
1779703200,29879.1,29916.2,29860.7,29915.6
1779717600,29915.5,29917,29832.7,29865.9
1779732000,29861.5,29870.4,29851.2,29865.7
1779742800,29864.6,29875.2,29724.8,29747
1779757200,29746.7,29758.4,29695.2,29725.7
1779771600,29725.2,29771.8,29670.6,29732.7
1779786000,29732.9,29854.4,29729,29844.1
1779800400,29843,30043,29753.4,29898.2
1779814800,29899.4,30035.1,29878.3,29967
1779829200,29965.4,30064.8,29956.9,30054.8
1779843600,30055.6,30086.2,30002.5,30032.4
1779858000,30032.3,30143,29984.2,30122.6
1779872400,30121.9,30303.1,30099.9,30187.2
1779886800,30186,30197.7,29805.4,29917.4
1779901200,29918.4,30054.9,29824.8,30053.6
1779915600,30049.9,30063.4,29890.6,29998.7
1779930000,29998.8,30009.2,29691.9,29717.3
1779944400,29719.1,29923,29696.8,29913
1779958800,29912.9,29993.5,29797.8,29982.2
1779973200,29981.6,30252.1,29849.2,30249.6
1779987600,30250,30263.2,30196.1,30227.9
1780002000,30238,30284.5,30158.6,30172.4
1780016400,30172.3,30230.3,30141.4,30221.3
1780030800,30221.8,30275.1,30190.1,30238.3
1780045200,30238.2,30295.4,30221.3,30273.1
1780059600,30274.5,30471.7,30203.7,30333.7
1780074000,30334.8,30376.1,30228.5,30326.1
1780264800,30365.1,30489.7,30297.9,30484.1
1780279200,30483.8,30531.2,30472.3,30516.2
1780293600,30516.3,30529.7,30379.2,30399.6
1780308000,30401.3,30441.8,30227.2,30249.2
1780322400,30252.4,30637.4,30233.7,30614.7
1780336800,30614.8,30619.3,30453.2,30467.8
1780347600,30470.6,30493.9,30310.2,30321.1
1780362000,30320.1,30392.3,30264.1,30389.7
1780376400,30389.9,30513.9,30376.7,30494.6
1780390800,30494.8,30529.8,30449.3,30474.9
1780405200,30476.3,30659.7,30370.3,30638
1780419600,30637.8,30713.8,30546.1,30693
1780434000,30693.5,30709.5,30520.6,30671.1
1780448400,30670.6,30682.4,30603.7,30655.2
1780462800,30654.7,30701.7,30624.1,30670.2
1780477200,30670,30749.1,30650.9,30669.5
1780491600,30669.4,30758.3,30446.6,30552.3
1780506000,30553,30638.7,30416.5,30431.4
1780520400,30424.6,30444.3,30305.6,30439.9
1780534800,30439.5,30472.8,30294.5,30438.1
1780549200,30437.9,30484.7,30267.2,30286.8
1780563600,30286.3,30289.6,30107.1,30250
1780578000,30250.1,30433.8,30091.9,30420.5
1780592400,30420.4,30540.5,30329.9,30333.6
1780606800,30338.9,30360.5,30074.1,30086.4
1780621200,30085.9,30190.4,29995.1,30170
1780635600,30170.1,30175.7,30004.6,30101.6
1780650000,30101.7,30198.1,29986,29997.1
1780664400,29996.6,30038.9,29335.4,29441.4
1780678800,29442.3,29454.1,28735.1,28782
1780869600,28799.1,29245,28779.4,29114.2
1780884000,29114.8,29198.7,28927.7,28970.6
1780898400,28970.4,29236.7,28956.5,29196
1780912800,29195.8,29561.6,29130.1,29306.9
1780927200,29306.1,29698.6,29288.1,29511.6
1780941600,29512,29572.7,29332.3,29391
1780952400,29394.1,29439.5,29262.7,29294.5
1780966800,29294.3,29587.4,29287.9,29560.5
1780981200,29560.8,29647.8,29522.8,29599.5
1780995600,29599,29695.8,29574.6,29691.3
1781010000,29691,29802.9,28184.7,28439
1781024400,28438.6,29151.9,28428.5,29092.1
1781038800,29083.5,29127,28929.8,29034.5
1781053200,29034,29070.2,28827.2,28855.1
1781067600,28855,28972.5,28702.2,28722.4
1781082000,28722.1,28949.1,28568.5,28792
1781096400,28790.3,29213,28589.5,28678.4
1781110800,28679.8,28793.2,28372.1,28428.8
1781125200,28418.9,28533.1,28227.1,28511.9
1781139600,28511.4,28766,28495.3,28738.7
1781154000,28738.9,28896.5,28650,28873.9
1781168400,28874.4,28884,28820.1,28854.6