time,open,high,low,close
1489525200,113.564,113.727,113.549,113.707
1489539600,113.707,113.853,113.679,113.71
1489554000,113.71,113.851,113.663,113.669
1489568400,113.669,113.738,113.541,113.67
1489582800,113.67,113.922,113.581,113.712
1489597200,113.712,113.729,113.124,113.313
1489611600,113.313,113.449,113.216,113.3
1489626000,113.3,113.451,113.268,113.392
1489640400,113.392,113.468,113.067,113.438
1489654800,113.438,113.767,113.398,113.696
1489669200,113.696,113.847,113.474,113.612
1489683600,113.612,113.847,113.535,113.692
1489698000,113.692,113.864,113.532,113.85
1489712400,113.85,113.901,113.77,113.773
1489726800,113.773,113.867,113.612,113.762
1489741200,113.762,113.92,113.339,113.602
1489755600,113.602,113.611,112.767,112.945
1489770000,112.945,113.074,112.677,112.744
1489957200,112.744,113.026,112.744,112.966
1489971600,112.966,113.011,112.887,112.924
1489986000,112.924,113.11,112.824,113.013
1490000400,113.013,113.199,112.868,113.038
1490014800,113.038,113.239,112.829,112.872
1490029200,112.872,112.921,112.639,112.691
1490043600,112.691,112.707,112.49,112.648
1490058000,112.648,112.932,112.617,112.829
1490072400,112.829,113.302,112.818,113.228
1490086800,113.228,113.281,112.899,113.088
1490101200,113.088,113.198,112.466,112.785
1490115600,112.785,112.788,112.222,112.371
1490130000,112.371,112.446,112.142,112.274
1490144400,112.274,112.386,112.137,112.309
1490158800,112.309,112.378,112.025,112.039
1490173200,112.039,112.15,111.853,112.047
1490187600,112.047,112.422,111.912,112.139
1490202000,112.139,112.15,111.744,112.121
1490216400,112.121,112.359,112.065,112.304
1490230800,112.304,112.39,112.144,112.151
1490245200,112.151,112.238,111.69,111.73
1490259600,111.73,111.942,111.583,111.699
1490274000,111.699,112.095,111.49,111.951
1490288400,111.951,111.969,111.5,111.637
1490302800,111.637,111.951,111.581,111.927
1490317200,111.927,111.998,111.719,111.811
1490331600,111.811,112.18,111.789,112.042
1490346000,112.042,112.151,111.796,111.958
1490360400,111.958,112.153,111.86,111.976
1490374800,111.976,112.318,111.788,112.193
1490562000,112.065,112.216,111.661,111.673
1490576400,111.673,111.781,111.617,111.774
1490590800,111.774,112.052,111.555,111.929
1490605200,111.929,112.216,111.851,112.119
1490619600,112.119,112.424,112.095,112.214
1490634000,112.214,112.353,112.16,112.227
1490648400,112.227,112.418,112.11,112.192
1490662800,112.192,112.289,112.144,112.208
1490677200,112.208,112.314,112.1,112.271
1490691600,112.271,112.365,111.897,112.053
1490706000,112.053,112.262,111.981,112.024
1490720400,112.024,112.088,111.783,111.916
1490734800,111.916,112.131,111.852,111.981
1490749200,111.981,112.209,111.981,112.016
1490763600,112.016,112.04,111.698,111.735
1490778000,111.735,111.798,111.048,111.398
1490792400,111.398,111.529,111.263,111.362
1490806800,111.362,111.47,111.303,111.385
1490821200,111.385,111.678,111.339,111.636
1490835600,111.636,111.733,111.491,111.575
1490850000,111.575,111.575,111.257,111.406
1490864400,111.406,111.732,111.397,111.637
1490878800,111.637,111.805,111.476,111.507
1490893200,111.507,111.786,111.41,111.721
1490907600,111.721,112.022,111.639,112.007
1490922000,112.007,112.065,111.837,111.917
1490936400,111.917,111.922,111.649,111.863
1490950800,111.863,111.926,111.663,111.754
1490965200,111.754,111.779,111.225,111.306
1490979600,111.306,111.327,110.986,111.013
1491166800,110.991,111.2,110.966,111.105
1491181200,111.105,111.277,111.094,111.217
1491195600,111.217,111.391,111.113,111.183
1491210000,111.183,111.203,110.992,111.144
1491224400,111.144,111.19,110.55,110.752
1491238800,110.752,110.854,110.666,110.706
1491253200,110.706,110.721,110.398,110.464
1491267600,110.464,110.51,110.188,110.295
1491282000,110.295,110.36,110.003,110.259
1491296400,110.259,110.341,109.991,110.332
1491310800,110.332,110.601,110.211,110.432
1491325200,110.432,110.53,110.315,110.48
1491339600,110.48,110.705,110.372,110.544
1491354000,110.544,110.597,110.313,110.397
1491368400,110.397,110.555,110.325,110.517
1491382800,110.517,110.895,110.351,110.791
1491397200,110.791,110.9,110.518,110.542
1491411600,110.542,110.613,110.122,110.133
1491426000,110.133,110.189,109.905,110.039
1491440400,110.039,110.153,109.989,110.117
1491454800,110.117,110.225,109.664,110.096
1491469200,110.096,110.623,110.088,110.383
1491483600,110.383,110.591,110.234,110.386
1491498000,110.386,110.44,110.133,110.217
1491512400,110.217,110.392,110.158,110.315
1491526800,110.315,110.331,109.663,109.985
1491541200,109.985,110.153,109.856,109.961
1491555600,109.961,110.092,109.739,109.908
1491570000,109.908,110.298,109.878,110.271
1491584400,110.271,110.333,109.916,109.916
1491771600,109.946,110.376,109.897,110.303
1491786000,110.303,110.435,110.299,110.413
1491800400,110.413,110.48,110.213,110.264
1491814800,110.264,110.306,110.067,110.176
1491829200,110.176,110.351,109.966,110.079
1491843600,110.079,110.084,109.87,109.917
1491858000,109.917,109.955,109.726,109.81
1491872400,109.81,109.866,109.575,109.663
1491886800,109.663,109.921,109.465,109.826
1491901200,109.826,109.972,109.511,109.528
1491915600,109.528,109.533,108.851,108.881
1491930000,108.881,109.001,108.743,108.743
1491944400,108.743,108.914,108.569,108.62
1491958800,108.62,108.729,108.521,108.619
1491973200,108.619,109.026,108.578,108.98
1491987600,108.98,109.027,108.715,108.772
1492002000,108.772,109.034,108.705,108.83
1492016400,108.83,108.901,108.58,108.603
1492030800,108.603,108.808,108.538,108.565
1492045200,108.565,108.722,108.524,108.7
1492059600,108.7,108.927,108.527,108.594
1492074000,108.594,108.651,108.435,108.587
1492088400,108.587,108.819,108.496,108.499
1492102800,108.499,108.555,108.365,108.365
1492117200,108.365,108.595,108.337,108.493
1492131600,108.493,108.687,108.473,108.508
1492146000,108.508,108.535,108.212,108.36
1492160400,108.36,108.444,108.247,108.291
1492174800,108.291,108.326,108.091,108.103
1492189200,108.103,108.136,107.877,107.877
1492376400,107.877,108.262,107.684,107.853
1492390800,107.853,107.888,107.675,107.751
1492405200,107.751,108.016,107.727,107.877
1492419600,107.877,108.277,107.771,108.229
1492434000,108.229,108.278,108.079,108.19
1492448400,108.19,108.549,108.139,108.35
1492462800,108.35,108.697,108.296,108.608
1492477200,108.608,108.708,108.507,108.631
1492491600,108.631,108.72,108.472,108.539
1492506000,108.539,108.86,108.327,108.807
1492520400,108.807,108.928,108.572,108.727
1492534800,108.727,108.967,108.701,108.821
1492549200,108.821,109.05,108.753,108.86
1492563600,108.86,108.962,108.746,108.864
1492578000,108.864,109.27,108.811,109.113
1492592400,109.113,109.409,109.104,109.157
1492606800,109.157,109.352,108.964,109.028
1492621200,109.028,109.142,108.937,108.994
1492635600,108.994,109.224,108.909,109.165
1492650000,109.165,109.284,109.067,109.245
1492664400,109.245,109.638,109.114,109.605
1492678800,109.605,109.633,109.414,109.514
1492693200,109.514,109.907,109.488,109.679
1492707600,109.679,109.701,109.413,109.425
1492722000,109.425,109.522,109.355,109.403
1492736400,109.403,109.44,109.255,109.327
1492750800,109.327,109.635,109.285,109.315
1492765200,109.315,109.388,109.081,109.316
1492779600,109.316,109.413,109.073,109.134
1492794000,109.134,109.554,109.089,109.415
1492981200,111.595,111.595,110.405,110.763
1492995600,110.763,110.765,110.188,110.443
1493010000,110.443,110.871,110.386,110.718
1493024400,110.718,110.889,110.579,110.712
1493038800,110.712,110.922,110.042,110.116
1493053200,110.116,110.273,110.084,110.195
1493067600,110.195,110.317,110.033,110.266
1493082000,110.266,110.574,110.19,110.474
1493096400,110.474,111.095,110.473,111.077
1493110800,111.077,111.29,110.852,111.229
1493125200,111.229,111.918,111.171,111.838
1493139600,111.838,111.912,111.718,111.741
1493154000,111.741,112.144,111.566,112.077
1493168400,112.077,112.141,111.982,112.122
1493182800,112.122,112.279,111.757,111.865
1493197200,111.865,112.294,111.668,112.048
1493211600,112.048,112.322,111.814,112.151
1493226000,112.151,112.201,111.624,111.717
1493240400,111.717,112.051,111.661,111.938
1493254800,111.938,112.077,111.911,111.991
1493269200,111.991,112.209,111.886,112.141
1493283600,112.141,112.372,111.922,112.053
1493298000,112.053,112.086,111.604,111.932
1493312400,111.932,111.966,111.804,111.848
1493326800,111.848,111.975,111.764,111.858
1493341200,111.858,111.893,111.681,111.681
1493355600,111.681,112.082,111.68,112.014
1493370000,112.014,112.612,112.014,112.438
1493384400,112.438,112.459,111.857,112.119
1493398800,112.119,112.223,111.951,111.988
1493586000,111.868,112.035,111.779,111.937
1493600400,111.937,112.171,111.87,112.08
1493614800,112.08,112.409,112.074,112.365
1493629200,112.365,112.493,112.288,112.407
1493643600,112.407,112.473,112.06,112.312
1493658000,112.312,112.414,112.203,112.203
1493672400,112.203,112.478,112.195,112.385
1493686800,112.385,112.47,112.321,112.388
1493701200,112.388,112.836,112.371,112.755
1493715600,112.755,113.019,112.723,112.895
1493730000,112.895,113.102,112.771,112.873
1493744400,112.873,112.97,112.795,112.917
1493758800,112.917,113.072,112.777,113.05
1493773200,113.05,113.083,112.992,113.049
1493787600,113.049,113.363,112.967,113.249
1493802000,113.249,113.487,113.213,113.45
1493816400,113.45,113.606,113.258,113.297
1493830800,113.297,113.452,113.227,113.309
1493845200,113.309,113.528,113.179,113.475
1493859600,113.475,113.502,113.378,113.397
1493874000,113.397,113.761,113.16,113.672
1493888400,113.672,114.004,113.659,113.769
1493902800,113.769,113.996,113.625,113.895
1493917200,113.895,114.01,113.681,113.971
1493931600,113.971,114.168,113.936,114.127
1493946000,114.127,114.182,113.683,113.715
1493960400,113.715,113.726,113.473,113.602
1493974800,113.602,113.884,113.409,113.832
1493989200,113.832,114.192,113.761,114.185
1494003600,114.185,114.215,113.896,113.974
1494190800,114.202,114.335,113.711,113.864
1494205200,113.864,114.071,113.808,113.847
1494219600,113.847,114.1,113.48,113.626
1494234000,113.626,113.656,113.096,113.296
1494248400,113.296,113.362,112.972,113.166
1494262800,113.166,113.442,113.114,113.35
1494277200,113.35,113.54,113.325,113.473
1494291600,113.473,113.529,113.362,113.443
1494306000,113.443,113.727,113.396,113.552
1494320400,113.552,113.617,113.34,113.522
1494334800,113.522,113.7,113.257,113.337
1494349200,113.337,113.425,112.904,113.096
1494363600,113.096,113.193,112.884,113.042
1494378000,113.042,113.178,112.916,113.028
1494392400,113.028,113.435,112.979,113.084
1494406800,113.084,113.238,112.873,113.053
1494421200,113.053,113.181,112.865,113.056
1494435600,113.056,113.327,113.049,113.234
1494450000,113.234,113.352,113.142,113.279
1494464400,113.279,113.284,113.125,113.177
1494478800,113.177,113.365,113.104,113.309
1494493200,113.309,113.332,112.843,112.983
1494507600,112.983,113.159,112.67,113.021
1494522000,113.021,113.202,112.914,112.946
1494536400,112.946,113.043,112.836,112.992
1494550800,112.992,113.022,112.778,112.81
1494565200,112.81,112.932,112.629,112.723
1494579600,112.723,113.019,112.674,112.697
1494594000,112.697,113.454,112.664,113.2
1494608400,113.2,113.225,113.059,113.101
1494795600,113.051,113.258,112.961,113.2
1494810000,113.2,113.283,113.108,113.209
1494824400,113.209,113.752,113.188,113.658
1494838800,113.658,113.811,113.568,113.754
1494853200,113.754,114.114,113.73,113.977
1494867600,113.977,114.21,113.947,114.134
1494882000,114.134,114.221,113.889,114.164
1494896400,114.164,114.174,113.915,114.041
1494910800,114.041,114.65,113.841,114.647
1494925200,114.647,114.894,114.442,114.737
1494939600,114.737,114.955,114.396,114.671
1494954000,114.671,114.787,114.637,114.69
1494968400,114.69,114.763,114.306,114.467
1494982800,114.467,114.544,114.327,114.391
1494997200,114.391,114.398,114.112,114.237
1495011600,114.237,114.322,113.998,114.049
1495026000,114.049,114.117,113.444,113.541
1495040400,113.541,113.544,113.147,113.154
1495054800,113.154,113.595,112.909,113.393
1495069200,113.393,113.497,113.269,113.394
1495083600,113.394,113.623,113.07,113.128
1495098000,113.128,113.309,112.496,113.101
1495112400,113.101,113.668,113.058,113.495
1495126800,113.495,113.838,113.41,113.728
1495141200,113.728,113.878,113.562,113.572
1495155600,113.572,113.662,113.36,113.606
1495170000,113.606,114.297,113.473,114.043
1495184400,114.043,114.253,113.799,113.891
1495198800,113.891,114.486,113.769,114.353
1495213200,114.353,114.447,114.14,114.286
1495400400,114.286,114.499,113.86,114.381
1495414800,114.381,114.523,114.37,114.42
1495429200,114.42,114.423,113.826,114.302
1495443600,114.302,114.888,114.274,114.651
1495458000,114.651,114.779,113.977,114.219
1495472400,114.219,114.345,114.18,114.297
1495486800,114.297,114.337,113.908,114.224
1495501200,114.224,114.353,114.112,114.296
1495515600,114.296,114.579,113.844,114.458
1495530000,114.458,114.587,114.179,114.424
1495544400,114.424,114.764,114.148,114.559
1495558800,114.559,114.603,114.418,114.467
1495573200,114.467,114.711,114.429,114.63
1495587600,114.63,114.642,114.534,114.56
1495602000,114.56,114.777,114.521,114.628
1495616400,114.628,114.658,114.349,114.49
1495630800,114.49,114.852,114.475,114.624
1495645200,114.624,114.737,114.506,114.509
1495659600,114.509,114.721,114.436,114.678
1495674000,114.678,114.839,114.648,114.808
1495688400,114.808,115.154,114.763,115.118
1495702800,115.118,115.127,114.816,114.954
1495717200,114.954,115.153,114.887,114.956
1495731600,114.956,115.006,114.815,114.921
1495746000,114.921,114.945,114.683,114.848
1495760400,114.848,114.866,114.499,114.522
1495774800,114.522,114.593,114.324,114.402
1495789200,114.402,114.484,114.035,114.189
1495803600,114.189,114.264,113.938,114.252
1495818000,114.252,114.274,114.056,114.072
1496005200,114.072,114.216,113.869,114.216
1496019600,114.216,114.3,114.04,114.068
1496034000,114.068,114.449,114.057,114.316
1496048400,114.316,114.379,114.222,114.238
1496062800,114.238,114.246,113.931,113.985
1496077200,113.985,114.015,113.72,113.72
1496091600,113.72,113.835,113.378,113.38
1496106000,113.38,113.388,113.16,113.273
1496120400,113.273,113.779,113.025,113.496
1496134800,113.496,113.897,113.439,113.787
1496149200,113.787,113.994,113.516,113.57
1496163600,113.57,113.721,113.539,113.653
1496178000,113.653,113.747,113.478,113.686
1496192400,113.686,113.981,113.613,113.763
1496206800,113.763,113.865,113.61,113.715
1496221200,113.715,114.3,113.683,114.138
1496235600,114.138,114.41,113.979,114.303
1496250000,114.303,114.442,114.143,114.39
1496264400,114.39,114.588,114.285,114.535
1496278800,114.535,114.741,114.495,114.641
1496293200,114.641,114.688,114.429,114.441
1496307600,114.441,114.739,114.403,114.661
1496322000,114.661,114.868,114.516,114.628
1496336400,114.628,114.689,114.536,114.541
1496350800,114.541,114.957,114.462,114.955
1496365200,114.955,114.973,114.877,114.929
1496379600,114.929,115.023,114.786,114.876
1496394000,114.876,114.887,114.471,114.512
1496408400,114.512,114.751,114.458,114.525
1496422800,114.525,114.752,114.496,114.538
1496610000,114.538,114.744,114.293,114.624
1496624400,114.624,114.76,114.598,114.675
1496638800,114.675,114.769,114.561,114.667
1496653200,114.667,114.694,114.431,114.525
1496667600,114.525,114.607,114.342,114.4
1496682000,114.4,114.499,114.372,114.379
1496696400,114.379,114.553,114.214,114.226
1496710800,114.226,114.253,113.934,113.996
1496725200,113.996,114.006,113.535,113.738
1496739600,113.738,113.769,113.287,113.421
1496754000,113.421,113.841,113.35,113.663
1496768400,113.663,113.82,113.545,113.691
1496782800,113.691,113.779,113.556,113.732
1496797200,113.732,113.831,113.655,113.744
1496811600,113.744,113.804,113.233,113.316
1496826000,113.316,113.501,113.09,113.256
1496840400,113.256,113.742,113.227,113.453
1496854800,113.453,113.92,113.448,113.766
1496869200,113.766,113.969,113.494,113.916
1496883600,113.916,113.95,113.59,113.662
1496898000,113.662,113.843,113.394,113.713
1496912400,113.713,114.152,113.632,113.848
1496926800,113.848,113.967,113.584,113.689
1496941200,113.689,113.792,113.615,113.704
1496955600,113.704,113.768,113.274,113.478
1496970000,113.478,113.956,113.458,113.817
1496984400,113.817,113.955,113.455,113.59
1496998800,113.59,113.815,113.476,113.799
1497013200,113.799,114.136,113.76,113.959
1497027600,113.959,114.004,113.623,113.761
1497214800,113.773,113.978,113.699,113.724
1497229200,113.724,113.854,113.685,113.808
1497243600,113.808,113.935,113.549,113.697
1497258000,113.697,113.733,113.482,113.669
1497272400,113.669,113.715,113.123,113.149
1497286800,113.149,113.486,113.143,113.444
1497301200,113.444,113.533,113.322,113.471
1497315600,113.471,113.581,113.4,113.48
1497330000,113.48,114.087,113.411,113.908
1497344400,113.908,113.93,113.601,113.817
1497358800,113.817,113.894,113.52,113.565
1497373200,113.565,113.632,113.49,113.52
1497387600,113.52,113.671,113.457,113.613
1497402000,113.613,113.689,113.542,113.662
1497416400,113.662,113.806,113.577,113.703
1497430800,113.703,113.763,113.104,113.11
1497445200,113.11,113.267,112.702,112.759
1497459600,112.759,112.942,112.579,112.766
1497474000,112.766,113.042,112.492,112.964
1497488400,112.964,112.969,112.74,112.908
1497502800,112.908,112.998,112.541,112.584
1497517200,112.584,113.212,112.566,113.127
1497531600,113.127,113.79,112.971,113.767
1497546000,113.767,113.774,113.618,113.665
1497560400,113.665,113.987,113.593,113.962
1497574800,113.962,114.087,113.855,114.014
1497589200,114.014,114.36,113.862,114.319
1497603600,114.319,114.403,114.024,114.033
1497618000,114.033,114.056,113.685,113.746
1497632400,113.746,113.944,113.71,113.71
1497819600,113.71,114.083,113.71,113.996
1497834000,113.996,114.074,113.918,113.923
1497848400,113.923,114.307,113.875,114.244
1497862800,114.244,114.488,114.124,114.385
1497877200,114.385,114.409,114.184,114.335
1497891600,114.335,114.37,114.251,114.251
1497906000,114.251,114.511,114.162,114.455
1497920400,114.455,114.548,114.435,114.483
1497934800,114.483,114.642,114.414,114.539
1497949200,114.539,114.65,114.379,114.42
1497963600,114.42,114.563,114.114,114.215
1497978000,114.215,114.313,114.174,114.251
1497992400,114.251,114.326,114.115,114.258
1498006800,114.258,114.315,114.107,114.178
1498021200,114.178,114.214,113.959,114.134
1498035600,114.134,114.554,114.017,114.519
1498050000,114.519,114.612,114.302,114.34
1498064400,114.34,114.574,114.275,114.437
1498078800,114.437,114.563,114.213,114.243
1498093200,114.243,114.31,114.099,114.258
1498107600,114.258,114.398,114.026,114.136
1498122000,114.136,114.406,114.086,114.207
1498136400,114.207,114.588,114.114,114.504
1498150800,114.504,114.557,114.439,114.537
1498165200,114.537,114.618,114.259,114.608
1498179600,114.608,114.698,114.553,114.666
1498194000,114.666,114.829,114.571,114.588
1498208400,114.588,114.636,114.414,114.594
1498222800,114.594,114.963,114.538,114.796
1498237200,114.796,114.856,114.706,114.706
1498424400,114.706,114.855,114.544,114.788
1498438800,114.788,114.802,114.712,114.741
1498453200,114.741,115.09,114.702,114.951
1498467600,114.951,115.016,114.626,114.815
1498482000,114.815,114.97,114.735,114.923
1498496400,114.923,115.081,114.882,114.968
1498510800,114.968,115.184,114.884,115.155
1498525200,115.155,115.273,115.039,115.042
1498539600,115.042,115.395,114.627,115.378
1498554000,115.378,116.041,115.376,115.915
1498568400,115.915,116.967,115.875,116.742
1498582800,116.742,117.046,116.657,116.925
1498597200,116.925,116.945,116.665,116.723
1498611600,116.723,116.843,116.71,116.725
1498626000,116.725,117.181,116.485,116.551
1498640400,116.551,116.877,116.092,116.507
1498654800,116.507,117.193,116.498,116.876
1498669200,116.876,117.115,116.856,116.954
1498683600,116.954,117.161,116.865,117.021
1498698000,117.021,117.342,117.005,117.116
1498712400,117.116,117.653,116.943,117.614
1498726800,117.614,117.698,117.274,117.621
1498741200,117.621,117.776,116.98,117.05
1498755600,117.05,117.35,116.948,117.287
1498770000,117.287,117.338,116.963,117.022
1498784400,117.022,117.145,116.8,116.923
1498798800,116.923,117.189,116.679,116.706
1498813200,116.706,117.072,116.591,117.041
1498827600,117.041,117.37,116.989,117.135
1498842000,117.135,117.404,117.11,117.216
1499029200,116.77,117.178,116.751,117.033
1499043600,117.033,117.284,117.012,117.248
1499058000,117.248,117.673,117.161,117.533
1499072400,117.533,117.596,117.27,117.424
1499086800,117.424,117.744,117.373,117.584
1499101200,117.584,117.743,117.554,117.614
1499115600,117.614,117.734,117.477,117.508
1499130000,117.508,117.599,117.413,117.458
1499144400,117.458,117.531,117.045,117.361
1499158800,117.361,117.393,117.15,117.24
1499173200,117.24,117.302,117.178,117.258
1499187600,117.258,117.326,117.24,117.24
1499202000,117.24,117.458,117.089,117.18
1499216400,117.18,117.258,116.996,117.257
1499230800,117.257,117.774,117.242,117.513
1499245200,117.513,117.556,117.297,117.43
1499259600,117.43,117.455,117.004,117.321
1499274000,117.321,117.478,117.192,117.456
1499288400,117.456,117.456,117.12,117.176
1499302800,117.176,117.269,116.997,117.094
1499317200,117.094,117.489,117.087,117.251
1499331600,117.251,117.658,117.237,117.49
1499346000,117.49,117.74,117.351,117.731
1499360400,117.731,117.892,117.644,117.833
1499374800,117.833,117.93,117.706,117.86
1499389200,117.86,118.408,117.843,118.219
1499403600,118.219,118.412,118.097,118.211
1499418000,118.211,118.358,117.936,118.242
1499432400,118.242,118.355,117.902,118.295
1499446800,118.295,118.323,118.01,118.027
1499634000,118.027,118.362,118.027,118.336
1499648400,118.336,118.475,118.336,118.364
1499662800,118.364,118.594,118.328,118.342
1499677200,118.342,118.435,117.97,118.031
1499691600,118.031,118.186,117.95,118.148
1499706000,118.148,118.209,118.042,118.042
1499720400,118.042,118.232,118.021,118.142
1499734800,118.142,118.247,118.043,118.22
1499749200,118.22,118.352,117.985,118.006
1499763600,118.006,118.133,117.907,117.978
1499778000,117.978,118.227,117.814,117.974
1499792400,117.974,118.322,117.91,118.184
1499806800,118.184,118.239,117.976,118.008
1499821200,118.008,118.014,117.678,117.819
1499835600,117.819,117.926,117.604,117.738
1499850000,117.738,117.96,117.528,117.575
1499864400,117.575,117.609,117.206,117.379
1499878800,117.379,117.489,117.169,117.182
1499893200,117.182,117.626,117.154,117.435
1499907600,117.435,117.477,117.114,117.339
1499922000,117.339,117.628,117.232,117.288
1499936400,117.288,117.394,116.806,117.378
1499950800,117.378,117.389,117.006,117.015
1499965200,117.015,117.141,117.009,117.072
1499979600,117.072,117.351,117.048,117.322
1499994000,117.322,117.426,117.256,117.287
1500008400,117.287,117.343,116.798,116.863
1500022800,116.863,116.972,116.416,116.521
1500037200,116.521,116.778,116.463,116.709
1500051600,116.709,116.806,116.682,116.715
1500238800,116.681,116.834,116.629,116.737
1500253200,116.737,116.813,116.701,116.773
1500267600,116.773,116.892,116.552,116.83
1500282000,116.83,117.1,116.69,117.012
1500296400,117.012,117.249,116.801,117.082
1500310800,117.082,117.107,116.976,116.986
1500325200,116.986,117.055,116.771,116.808
1500339600,116.808,117.089,116.694,116.748
1500354000,116.748,117.375,116.691,117.275
1500368400,117.275,117.626,117.204,117.215
1500382800,117.215,117.534,117.203,117.457
1500397200,117.457,117.525,117.213,117.41
1500411600,117.41,117.41,117.161,117.256
1500426000,117.256,117.35,117.203,117.23
1500440400,117.23,117.538,117.165,117.448
1500454800,117.448,117.572,116.995,117.041
1500469200,117.041,117.15,116.962,116.998
1500483600,116.998,117.151,116.928,117.108
1500498000,117.108,117.173,116.989,117.075
1500512400,117.075,117.355,117.02,117.204
1500526800,117.204,117.473,117.204,117.438
1500541200,117.438,117.462,116.659,117.267
1500555600,117.267,117.638,117.033,117.494
1500570000,117.494,117.711,117.406,117.584
1500584400,117.584,117.687,117.491,117.679
1500598800,117.679,117.773,117.615,117.648
1500613200,117.648,117.732,117.431,117.516
1500627600,117.516,117.564,117.289,117.348
1500642000,117.348,117.522,117.238,117.411
1500656400,117.411,117.649,117.397,117.446
1500843600,117.436,117.583,117.174,117.264
1500858000,117.264,117.354,117.127,117.338
1500872400,117.338,117.455,116.926,117.057
1500886800,117.057,117.182,116.983,117.091
1500901200,117.207,117.492,117.123,117.477
1500915600,117.497,117.563,117.325,117.327
1500930000,117.327,117.472,117.207,117.415
1500944400,117.415,117.469,117.222,117.251
1500958800,117.251,117.525,117.139,117.409
1500973200,117.409,117.792,117.35,117.764
1500987600,117.764,117.872,117.371,117.535
1501002000,117.535,117.623,117.393,117.393
1501016400,117.393,117.613,117.322,117.447
1501030800,117.447,117.565,117.387,117.405
1501045200,117.405,117.461,117.06,117.167
1501059600,117.167,117.2,116.431,116.591
1501074000,116.591,117.065,116.561,117.007
1501088400,117.007,117.091,116.769,116.856
1501102800,116.856,116.954,116.568,116.633
1501117200,116.633,116.831,116.548,116.807
1501131600,116.807,116.878,116.456,116.583
1501146000,116.583,116.627,115.894,115.945
1501160400,115.945,116.055,115.352,115.352
1501174800,115.352,115.437,115.139,115.217
1501189200,115.217,115.34,114.227,114.227
1501203600,114.227,114.806,114.192,114.462
1501218000,114.462,114.924,114.355,114.561
1501232400,114.561,114.978,114.355,114.777
1501246800,114.777,114.797,114.235,114.396
1501261200,114.396,114.449,114.093,114.166
1501448400,113.991,114.23,113.944,114.145
1501462800,114.145,114.226,113.959,114.108
1501477200,114.108,114.447,114.027,114.037
1501491600,114.037,114.182,113.798,113.977
1501506000,113.977,114.632,113.918,114.211
1501520400,114.211,114.274,113.908,113.976
1501534800,113.976,114.194,113.897,114.091
1501549200,114.091,114.179,113.784,113.996
1501563600,113.996,114.337,113.802,114.332
1501578000,114.332,114.52,114.197,114.389
1501592400,114.389,114.5,113.987,114.257
1501606800,114.257,114.342,114.126,114.229
1501621200,114.229,114.397,114.14,114.271
1501635600,114.271,114.76,114.228,114.707
1501650000,114.707,114.785,114.463,114.508
1501664400,114.508,114.548,114.11,114.32
1501678800,114.32,114.34,113.859,113.932
1501693200,113.932,114.133,113.891,113.992
1501707600,113.992,114.163,113.929,114.091
1501722000,114.091,114.166,113.924,113.986
1501736400,113.986,114.295,113.983,114.211
1501750800,114.211,114.222,113.748,113.949
1501765200,113.949,113.953,113.44,113.555
1501779600,113.555,113.626,113.464,113.555
1501794000,113.555,113.686,113.451,113.661
1501808400,113.661,113.802,113.641,113.655
1501822800,113.655,113.824,113.609,113.768
1501837200,113.768,113.997,113.489,113.711
1501851600,113.711,114.068,113.518,113.944
1501866000,113.944,113.965,113.613,113.613
1502053200,113.693,113.944,113.617,113.855
1502067600,113.855,113.963,113.836,113.877
1502082000,113.877,113.996,113.61,113.918
1502096400,113.918,114.012,113.82,113.945
1502110800,113.945,114.012,113.75,113.75
1502125200,113.75,113.791,113.704,113.731
1502139600,113.731,113.832,113.693,113.772
1502154000,113.772,113.818,113.608,113.658
1502168400,113.658,113.717,113.555,113.624
1502182800,113.624,113.659,113.427,113.529
1502197200,113.529,113.561,113.226,113.315
1502211600,113.315,113.332,113.156,113.182
1502226000,113.182,113.329,112.949,113.05
1502240400,113.05,113.741,112.96,113.679
1502254800,113.679,114.094,113.457,113.806
1502269200,113.806,114.084,113.752,114.008
1502283600,114.008,114.161,113.766,113.913
1502298000,113.913,114.238,113.905,114.138
1502312400,114.138,114.281,113.996,114.208
1502326800,114.208,114.285,113.908,113.94
1502341200,113.94,114.006,113.677,113.834
1502355600,113.834,113.872,113.42,113.517
1502370000,113.517,113.777,113.274,113.386
1502384400,113.386,113.552,113.316,113.373
1502398800,113.373,113.479,113.29,113.413
1502413200,113.413,113.482,113.292,113.455
1502427600,113.455,113.558,113.328,113.52
1502442000,113.52,113.61,113.312,113.486
1502456400,113.486,113.612,113.215,113.32
1502470800,113.32,113.495,113.319,113.447
1502658000,113.33,113.572,113.167,113.514
1502672400,113.514,113.616,113.437,113.454
1502686800,113.454,113.72,113.432,113.58
1502701200,113.58,113.58,113.048,113.096
1502715600,113.096,113.127,112.646,112.778
1502730000,112.778,112.875,112.702,112.702
1502744400,112.702,113.218,112.648,113.181
1502758800,113.181,113.259,113.109,113.23
1502773200,113.23,113.623,113.07,113.614
1502787600,113.614,113.767,113.45,113.68
1502802000,113.68,113.773,113.455,113.581
1502816400,113.581,113.804,113.533,113.742
1502830800,113.742,113.8,113.634,113.795
1502845200,113.795,113.829,113.687,113.746
1502859600,113.746,113.994,113.582,113.842
1502874000,113.842,114.034,113.537,113.567
1502888400,113.567,113.788,113.521,113.75
1502902800,113.75,114.174,113.67,114.027
1502917200,114.027,114.113,113.819,113.825
1502931600,113.825,113.966,113.688,113.889
1502946000,113.889,114.199,113.67,113.989
1502960400,113.989,113.989,113.671,113.825
1502974800,113.825,114.148,113.684,114.1
1502989200,114.1,114.246,113.706,113.707
1503003600,113.707,113.757,113.506,113.738
1503018000,113.738,113.831,113.623,113.643
1503032400,113.643,113.712,113.21,113.381
1503046800,113.381,113.507,113.273,113.288
1503061200,113.288,113.4,113.021,113.311
1503075600,113.311,113.379,113.007,113.073
1503262800,113.073,113.32,113.073,113.238
1503277200,113.238,113.251,113.065,113.065
1503291600,113.065,113.137,112.649,112.738
1503306000,112.738,112.947,112.552,112.87
1503320400,112.87,113.283,112.834,113.111
1503334800,113.111,113.318,113.031,113.271
1503349200,113.271,113.446,113.014,113.422
1503363600,113.422,113.528,113.35,113.372
1503378000,113.372,113.397,113.145,113.194
1503392400,113.194,113.304,113.069,113.126
1503406800,113.126,113.227,112.911,113.189
1503421200,113.189,113.202,113.046,113.088
1503435600,113.088,113.322,113.088,113.141
1503450000,113.141,113.208,112.965,113.002
1503464400,113.002,113.196,112.886,112.989
1503478800,112.989,113.109,112.835,113.008
1503493200,113.008,113.132,112.836,112.983
1503507600,112.983,113.096,112.823,112.859
1503522000,112.859,113.016,112.718,113.008
1503536400,113.008,113.06,112.923,113.002
1503550800,113.002,113.331,112.95,113.27
1503565200,113.27,113.508,113.221,113.497
1503579600,113.497,113.529,113.228,113.333
1503594000,113.333,113.496,113.299,113.427
1503608400,113.427,113.635,113.381,113.608
1503622800,113.608,113.653,113.525,113.563
1503637200,113.563,113.79,113.5,113.763
1503651600,113.763,113.865,113.671,113.725
1503666000,113.725,114.237,113.567,114.141
1503680400,114.141,114.423,114.042,114.196
1503867600,114.196,114.463,114.135,114.232
1503882000,114.232,114.269,113.962,114.099
1503896400,114.099,114.58,114.068,114.552
1503910800,114.552,114.638,114.37,114.572
1503925200,114.572,114.61,114.155,114.327
1503939600,114.327,114.481,114.168,114.306
1503954000,114.306,114.406,113.905,114.173
1503968400,114.173,114.294,114.089,114.227
1503982800,114.227,114.792,114.205,114.705
1503997200,114.705,115.054,114.68,114.77
1504011600,114.77,115.067,114.687,114.827
1504026000,114.827,115.062,114.621,114.835
1504040400,114.835,115.038,114.618,114.931
1504054800,114.931,114.964,114.781,114.823
1504069200,114.823,115.315,114.786,114.999
1504083600,114.999,115.031,114.76,114.903
1504098000,114.903,115,114.742,114.777
1504112400,114.777,114.817,114.33,114.33
1504126800,114.33,114.684,114.29,114.622
1504141200,114.622,114.707,114.558,114.635
1504155600,114.635,114.814,114.525,114.701
1504170000,114.701,114.754,114.225,114.317
1504184400,114.317,114.619,114.198,114.513
1504198800,114.513,114.736,114.483,114.663
1504213200,114.663,114.767,114.517,114.738
1504227600,114.738,114.756,114.566,114.594
1504242000,114.594,114.692,114.498,114.498
1504256400,114.498,114.855,114.364,114.681
1504270800,114.681,114.729,114.258,114.277
1504285200,114.277,114.352,114.163,114.216
1504472400,113.947,114.357,113.929,114.159
1504486800,114.159,114.279,114.132,114.241
1504501200,114.241,114.628,113.939,114.494
1504515600,114.494,114.594,114.33,114.532
1504530000,114.532,114.724,114.323,114.435
1504544400,114.435,114.51,114.292,114.422
1504558800,114.422,114.525,114.336,114.371
1504573200,114.371,114.516,114.136,114.386
1504587600,114.386,114.396,113.902,113.973
1504602000,113.973,114.063,113.821,113.902
1504616400,113.902,113.994,113.693,113.801
1504630800,113.801,114.027,113.725,113.849
1504645200,113.849,113.935,113.715,113.863
1504659600,113.863,113.955,113.745,113.813
1504674000,113.813,113.99,113.686,113.956
1504688400,113.956,114.113,113.802,113.903
1504702800,113.903,114.177,113.814,114.094
1504717200,114.094,114.282,114.083,114.106
1504731600,114.106,114.342,113.819,114.147
1504746000,114.147,114.183,113.925,113.995
1504760400,113.995,114.411,113.936,114.293
1504774800,114.293,114.427,113.996,114.173
1504789200,114.173,114.369,113.737,113.882
1504803600,113.882,114.151,113.812,114.027
1504818000,114.027,114.202,113.926,114.187
1504832400,114.187,114.487,114.177,114.274
1504846800,114.274,114.326,113.506,113.663
1504861200,113.663,113.929,113.435,113.824
1504875600,113.824,114.044,113.773,113.941
1504890000,113.941,114.163,113.872,114.123
1505077200,114.088,114.504,114.074,114.194
1505091600,114.194,114.351,114.052,114.077
1505106000,114.077,114.327,114.03,114.268
1505120400,114.268,114.363,114.105,114.111
1505134800,114.111,114.505,114.077,114.454
1505149200,114.454,114.667,114.32,114.324
1505163600,114.324,114.522,114.26,114.439
1505178000,114.439,114.449,114.281,114.322
1505192400,114.322,114.752,114.3,114.646
1505206800,114.646,114.682,114.317,114.398
1505221200,114.398,114.78,114.311,114.631
1505235600,114.631,114.739,114.515,114.636
1505250000,114.636,114.836,114.557,114.674
1505264400,114.674,114.815,114.623,114.754
1505278800,114.754,114.784,114.561,114.649
1505293200,114.649,114.764,114.576,114.745
1505307600,114.745,114.812,114.539,114.613
1505322000,114.613,114.696,114.418,114.544
1505336400,114.544,114.741,114.468,114.651
1505350800,114.651,114.739,114.5,114.548
1505365200,114.548,114.723,113.925,114.139
1505379600,114.139,114.641,114.074,114.337
1505394000,114.337,114.662,114.337,114.653
1505408400,114.653,114.725,114.263,114.361
1505422800,114.361,114.462,113.697,114.364
1505437200,114.364,114.579,114.291,114.534
1505451600,114.534,115.328,114.533,115.25
1505466000,115.25,115.932,115.188,115.514
1505480400,115.514,115.796,115.405,115.434
1505494800,115.434,115.637,115.34,115.458
1505682000,115.514,115.813,115.447,115.759
1505696400,115.759,115.869,115.639,115.662
1505710800,115.662,116.009,115.65,115.98
1505725200,115.98,116.171,115.875,116.123
1505739600,116.123,116.195,115.649,115.859
1505754000,115.859,116.005,115.805,115.947
1505768400,115.947,115.992,115.811,115.947
1505782800,115.947,116.21,115.912,116.149
1505797200,116.149,116.461,116.015,116.02
1505811600,116.02,116.093,115.612,115.715
1505826000,115.715,115.934,115.558,115.925
1505840400,115.925,115.945,115.77,115.839
1505854800,115.839,115.979,115.793,115.886
1505869200,115.886,116.064,115.877,115.92
1505883600,115.92,116.041,115.713,115.955
1505898000,115.955,115.987,115.73,115.913
1505912400,115.913,115.949,115.729,115.869
1505926800,115.869,116.082,115.581,115.639
1505941200,115.639,115.942,115.539,115.855
1505955600,115.855,115.902,115.703,115.734
1505970000,115.734,115.864,115.525,115.612
1505984400,115.612,115.703,115.434,115.679
1505998800,115.679,115.946,115.365,115.765
1506013200,115.765,115.903,115.728,115.822
1506027600,115.822,115.939,115.717,115.796
1506042000,115.796,115.81,115.442,115.549
1506056400,115.549,115.735,115.476,115.667
1506070800,115.667,115.712,115.429,115.566
1506085200,115.566,115.623,115.44,115.585
1506099600,115.585,115.663,115.403,115.427
1506286800,115.451,115.855,115.348,115.792
1506301200,115.792,115.808,115.545,115.659
1506315600,115.659,115.696,115.289,115.307
1506330000,115.307,115.326,115.029,115.242
1506344400,115.242,115.621,115.157,115.42
1506358800,115.42,115.6,115.362,115.529
1506373200,115.529,115.68,115.326,115.524
1506387600,115.524,115.624,115.348,115.378
1506402000,115.378,115.406,115.05,115.205
1506416400,115.205,115.363,114.975,115.314
1506430800,115.314,115.735,115.278,115.627
1506445200,115.627,115.91,115.555,115.791
1506459600,115.791,115.97,115.772,115.892
1506474000,115.892,115.918,115.697,115.746
1506488400,115.746,115.898,115.504,115.786
1506502800,115.786,115.97,115.731,115.97
1506517200,115.97,116.035,115.5,115.883
1506531600,115.883,116.196,115.872,116.025
1506546000,116.025,116.147,115.822,116.072
1506560400,116.072,116.144,115.86,116.049
1506574800,116.049,116.187,115.655,115.79
1506589200,115.79,115.886,115.558,115.73
1506603600,115.73,116.087,115.678,115.896
1506618000,115.896,115.908,115.638,115.728
1506632400,115.728,116.065,115.663,116.002
1506646800,116.002,116.038,115.846,115.912
1506661200,115.912,116.135,115.793,115.937
1506675600,115.937,116.097,115.756,115.863
1506690000,115.863,116.368,115.819,116.182
1506704400,116.182,116.296,115.957,115.957
1506891600,115.957,116.407,115.957,116.381
1506906000,116.381,116.419,116.211,116.263
1506920400,116.263,116.324,116.123,116.144
1506934800,116.144,116.315,116.08,116.163
1506949200,116.163,116.209,115.449,115.603
1506963600,115.603,115.671,115.506,115.636
1506978000,115.636,115.764,115.535,115.709
1506992400,115.709,115.75,115.543,115.728
1507006800,115.728,115.906,115.609,115.806
1507021200,115.806,116.026,115.792,115.991
1507035600,115.991,116.035,115.754,115.875
1507050000,115.875,115.995,115.798,115.875
1507064400,115.875,115.98,115.807,115.824
1507078800,115.824,115.92,115.761,115.839
1507093200,115.839,115.847,115.499,115.615
1507107600,115.615,115.717,115.526,115.717
1507122000,115.717,115.869,115.571,115.674
1507136400,115.674,115.694,115.477,115.477
1507150800,115.477,115.736,115.409,115.611
1507165200,115.611,115.668,115.546,115.615
1507179600,115.615,115.714,115.428,115.45
1507194000,115.45,115.453,115.043,115.066
1507208400,115.066,115.264,115.025,115.181
1507222800,115.181,115.31,115.157,115.279
1507237200,115.279,115.323,115.193,115.282
1507251600,115.282,115.368,115.209,115.342
1507266000,115.342,115.408,115.279,115.364
1507280400,115.364,115.421,115.092,115.301
1507294800,115.301,115.54,115.159,115.173
1507309200,115.173,115.213,114.96,114.96
1507496400,114.966,115.183,114.866,115.083
1507510800,115.083,115.183,115.067,115.078
1507525200,115.078,115.212,115.014,115.093
1507539600,115.093,115.198,114.954,114.994
1507554000,114.994,115.062,114.918,114.991
1507568400,114.991,115.044,114.918,114.945
1507582800,114.945,115.142,114.782,115.104
1507597200,115.104,115.251,115.078,115.126
1507611600,115.126,115.174,114.911,114.98
1507626000,114.98,115.125,114.971,115.076
1507640400,115.076,115.095,114.881,115.042
1507654800,115.042,115.327,115.005,115.256
1507669200,115.256,115.308,115.182,115.268
1507683600,115.268,115.37,115.185,115.238
1507698000,115.238,115.34,115.076,115.087
1507712400,115.087,115.319,114.921,115.262
1507726800,115.262,115.563,115.226,115.433
1507741200,115.433,115.626,115.405,115.425
1507755600,115.425,115.588,115.382,115.519
1507770000,115.519,115.655,115.496,115.569
1507784400,115.569,115.582,115.225,115.297
1507798800,115.297,115.332,115.134,115.223
1507813200,115.223,115.312,115.004,115.208
1507827600,115.208,115.251,115.008,115.051
1507842000,115.051,115.133,115.019,115.123
1507856400,115.123,115.158,114.925,115.019
1507870800,115.019,115.025,114.635,114.904
1507885200,114.904,115.043,114.78,114.905
1507899600,114.905,115.13,114.747,114.748
1507914000,114.748,114.881,114.593,114.608
1508101200,114.608,114.908,114.534,114.874
1508115600,114.874,114.889,114.675,114.696
1508130000,114.696,114.717,114.421,114.639
1508144400,114.639,114.664,114.532,114.609
1508158800,114.609,114.801,114.466,114.736
1508173200,114.736,115.02,114.73,114.902
1508187600,114.902,115.042,114.9,114.942
1508202000,114.942,114.955,114.724,114.753
1508216400,114.753,114.847,114.605,114.788
1508230800,114.788,114.855,114.638,114.782
1508245200,114.782,114.812,114.512,114.527
1508259600,114.527,114.709,114.502,114.62
1508274000,114.62,114.783,114.586,114.709
1508288400,114.709,114.767,114.662,114.699
1508302800,114.699,114.925,114.692,114.905
1508317200,114.905,114.969,114.72,114.869
1508331600,114.869,115.13,114.825,115.049
1508346000,115.049,115.158,114.977,114.982
1508360400,114.982,115.296,114.958,115.267
1508374800,115.267,115.316,115.144,115.241
1508389200,115.241,115.383,114.894,115.13
1508403600,115.13,115.417,115.115,115.346
1508418000,115.346,115.543,115.29,115.37
1508432400,115.37,115.425,115.207,115.219
1508446800,115.219,115.438,115.069,115.432
1508461200,115.432,115.527,115.02,115.358
1508475600,115.358,115.601,115.269,115.319
1508490000,115.319,115.511,115.212,115.291
1508504400,115.291,115.458,115.119,115.26
1508518800,115.26,115.312,115.165,115.252
1508706000,115.514,115.728,115.462,115.57
1508720400,115.57,115.654,115.489,115.545
1508734800,115.545,115.621,115.384,115.412
1508749200,115.412,115.521,115.25,115.377
1508763600,115.377,115.401,115.194,115.296
1508778000,115.296,115.341,114.98,115.133
1508792400,115.133,115.203,115.038,115.097
1508806800,115.097,115.154,115.067,115.11
1508821200,115.11,115.374,115.082,115.284
1508835600,115.284,115.373,115.17,115.302
1508850000,115.302,115.302,115.05,115.07
1508864400,115.07,115.1,114.818,114.867
1508878800,114.867,115.029,114.798,114.826
1508893200,114.826,114.939,114.82,114.906
1508907600,114.906,115.04,114.83,115.022
1508922000,115.022,115.122,114.877,114.982
1508936400,114.982,115.049,114.728,114.955
1508950800,114.955,115.117,114.875,114.895
1508965200,114.895,114.927,114.776,114.814
1508979600,114.814,114.838,114.655,114.796
1508994000,114.796,114.966,114.723,114.831
1509008400,114.831,114.832,114.335,114.528
1509022800,114.528,114.617,114.122,114.122
1509037200,114.122,114.349,114.053,114.214
1509051600,114.214,114.356,114.188,114.288
1509066000,114.288,114.38,114.247,114.274
1509080400,114.274,114.395,114.008,114.023
1509094800,114.023,114.102,113.707,113.939
1509109200,113.939,114.113,113.714,114.089
1509123600,114.089,114.1,113.709,113.776
1509310800,113.776,113.988,113.776,113.897
1509325200,113.897,113.955,113.84,113.887
1509339600,113.887,114.01,113.784,113.878
1509354000,113.878,113.941,113.711,113.747
1509368400,113.747,113.763,113.475,113.726
1509382800,113.726,113.827,113.649,113.769
1509397200,113.769,113.804,113.515,113.607
1509411600,113.607,113.713,113.485,113.576
1509426000,113.576,113.675,113.434,113.655
1509440400,113.655,113.656,113.394,113.515
1509454800,113.515,114.039,113.513,114.011
1509469200,114.011,114.105,113.844,113.846
1509483600,113.846,113.997,113.846,113.981
1509498000,113.981,114.03,113.942,113.98
1509512400,113.98,114.098,113.943,114.015
1509526800,114.015,114.04,113.846,113.946
1509541200,113.946,114.075,113.82,113.869
1509555600,113.869,113.884,113.698,113.787
1509570000,113.787,113.933,113.741,113.806
1509584400,113.806,114.017,113.788,113.977
1509598800,113.977,114.169,113.908,114.062
1509613200,114.062,114.257,113.987,114.059
1509627600,114.059,114.23,113.988,114.165
1509642000,114.165,114.207,114.076,114.11
1509656400,114.11,114.148,114.035,114.053
1509670800,114.053,114.17,114.011,114.17
1509685200,114.17,114.213,114.047,114.075
1509699600,114.075,114.221,113.993,114.05
1509714000,114.05,114.253,113.963,114.121
1509728400,114.121,114.132,113.855,113.855
1509919200,114.04,114.51,113.869,114.475
1509933600,114.475,114.476,114.063,114.082
1509948000,114.082,114.167,113.838,113.931
1509962400,113.931,114.116,113.836,113.995
1509976800,113.995,114.155,113.944,114.003
1509991200,114.003,114.06,113.935,113.937
1510005600,113.937,114.078,113.825,114.055
1510020000,114.055,114.175,114.032,114.155
1510034400,114.155,114.248,114.031,114.149
1510048800,114.149,114.313,114.084,114.219
1510063200,114.219,114.391,113.893,113.905
1510077600,113.905,114.001,113.831,114.001
1510092000,114.001,114.02,113.773,113.896
1510106400,113.896,113.975,113.857,113.948
1510120800,113.948,113.97,113.79,113.796
1510135200,113.796,113.855,113.463,113.545
1510149600,113.545,113.772,113.491,113.756
1510164000,113.756,113.855,113.69,113.811
1510178400,113.811,114.037,113.75,113.996
1510192800,113.996,114.092,113.637,113.735
1510207200,113.735,113.861,113.277,113.333
1510221600,113.333,113.89,113.297,113.651
1510236000,113.651,114.052,113.574,113.932
1510250400,113.932,114.144,113.86,114.104
1510264800,114.104,114.222,113.973,113.996
1510279200,113.996,114.107,113.926,114.068
1510293600,114.068,114.284,113.982,114.177
1510308000,114.177,114.198,113.835,113.889
1510322400,113.889,114.067,113.841,114.002
1510336800,114.002,114.082,113.893,113.9
1510524000,113.851,114.076,113.806,113.997
1510538400,113.997,114.064,113.897,113.904
1510552800,113.904,113.92,113.628,113.629
1510567200,113.629,114.022,113.511,113.968
1510581600,113.968,114.088,113.866,114.023
1510596000,114.023,114.081,113.981,113.99
1510610400,113.99,114.115,113.929,114.073
1510624800,114.073,114.088,113.989,114.019
1510639200,114.019,114.46,113.962,114.348
1510653600,114.348,114.531,114.224,114.523
1510668000,114.523,114.651,114.322,114.631
1510682400,114.631,114.699,114.544,114.611
1510696800,114.611,114.678,114.397,114.407
1510711200,114.407,114.511,114.277,114.408
1510725600,114.408,114.534,114.231,114.346
1510740000,114.346,114.385,114.152,114.331
1510754400,114.331,114.453,114.163,114.342
1510768800,114.342,114.383,114.103,114.142
1510783200,114.142,114.224,113.963,114.118
1510797600,114.118,114.276,114.118,114.242
1510812000,114.242,114.338,114.108,114.174
1510826400,114.174,114.217,113.873,113.934
1510840800,113.934,113.969,113.514,113.653
1510855200,113.653,113.749,113.636,113.665
1510869600,113.665,113.803,113.452,113.515
1510884000,113.515,113.56,113.336,113.38
1510898400,113.38,113.583,113.355,113.465
1510912800,113.465,113.601,113.41,113.426
1510927200,113.426,113.521,113.116,113.322
1510941600,113.322,113.448,113.19,113.19
1511128800,113.335,113.397,113.053,113.236
1511143200,113.236,113.371,113.161,113.28
1511157600,113.28,113.489,113.131,113.356
1511172000,113.356,113.366,113.121,113.189
1511186400,113.189,113.474,113.144,113.458
1511200800,113.458,113.515,113.301,113.343
1511215200,113.343,113.412,113.269,113.369
1511229600,113.369,113.451,113.288,113.373
1511244000,113.373,113.384,113.104,113.208
1511258400,113.208,113.383,113.151,113.3
1511272800,113.3,113.432,113.192,113.355
1511287200,113.355,113.434,113.238,113.368
1511301600,113.368,113.516,113.28,113.33
1511316000,113.33,113.38,113.235,113.276
1511330400,113.276,113.345,113.139,113.285
1511344800,113.285,113.462,113.208,113.375
1511359200,113.375,113.605,113.282,113.471
1511373600,113.471,113.48,113.212,113.212
1511388000,113.212,113.317,113.082,113.272
1511402400,113.272,113.471,113.237,113.38
1511416800,113.38,113.443,113.133,113.408
1511431200,113.408,113.494,113.351,113.436
1511445600,113.436,113.45,113.188,113.277
1511460000,113.277,113.322,113.171,113.21
1511474400,113.21,113.437,113.207,113.386
1511488800,113.386,113.56,113.353,113.538
1511503200,113.538,113.666,113.428,113.542
1511517600,113.542,113.62,113.443,113.594
1511532000,113.594,113.969,113.559,113.869
1511546400,113.869,113.946,113.657,113.688
1511733600,113.768,113.949,113.643,113.661
1511748000,113.661,113.673,113.516,113.634
1511762400,113.634,113.695,113.447,113.448
1511776800,113.448,113.478,113.163,113.172
1511791200,113.172,113.395,113.059,113.147
1511805600,113.147,113.193,113.083,113.085
1511820000,113.085,113.412,113.022,113.396
1511834400,113.396,113.411,113.22,113.242
1511848800,113.242,113.406,113.114,113.195
1511863200,113.195,113.353,113.183,113.245
1511877600,113.245,113.272,112.965,113.117
1511892000,113.117,113.351,112.958,113.192
1511906400,113.192,113.436,113.078,113.332
1511920800,113.332,113.332,113.188,113.261
1511935200,113.261,113.478,113.179,113.315
1511949600,113.315,113.562,113.164,113.525
1511964000,113.525,113.756,113.435,113.613
1511978400,113.613,113.723,113.572,113.612
1511992800,113.612,113.9,113.372,113.849
1512007200,113.849,113.902,113.738,113.871
1512021600,113.871,114.051,113.79,113.802
1512036000,113.802,114.089,113.661,113.803
1512050400,113.803,114.311,113.727,114.299
1512064800,114.299,114.539,114.276,114.35
1512079200,114.35,114.483,114.226,114.264
1512093600,114.264,114.471,114.253,114.428
1512108000,114.428,114.525,114.305,114.332
1512122400,114.332,114.442,114.185,114.293
1512136800,114.293,114.93,114.092,114.914
1512151200,114.914,114.936,114.708,114.731
1512338400,114.787,115.158,114.613,114.711
1512352800,114.711,114.818,114.698,114.756
1512367200,114.756,114.981,114.656,114.819
1512381600,114.819,114.886,114.694,114.789
1512396000,114.789,114.791,114.316,114.35
1512410400,114.35,114.369,114.037,114.068
1512424800,114.068,114.283,114.055,114.229
1512439200,114.229,114.384,114.168,114.332
1512453600,114.332,114.383,114.09,114.109
1512468000,114.109,114.323,114.06,114.264
1512482400,114.264,114.326,113.995,114.022
1512496800,114.022,114.137,113.892,113.977
1512511200,113.977,114.089,113.78,113.883
1512525600,113.883,113.885,113.632,113.685
1512540000,113.685,113.768,113.409,113.456
1512554400,113.456,113.501,113.29,113.473
1512568800,113.473,113.511,113.312,113.345
1512583200,113.345,113.43,113.285,113.378
1512597600,113.378,113.653,113.312,113.573
1512612000,113.573,113.658,113.523,113.604
1512626400,113.604,113.729,113.548,113.614
1512640800,113.614,113.697,113.402,113.564
1512655200,113.564,113.641,113.443,113.599
1512669600,113.599,113.782,113.577,113.683
1512684000,113.683,113.883,113.657,113.879
1512698400,113.879,113.919,113.828,113.842
1512712800,113.842,114.011,113.801,113.924
1512727200,113.924,113.968,113.682,113.956
1512741600,113.956,114.383,113.805,114.239
1512756000,114.239,114.389,114.168,114.181
1512943200,114.181,114.523,114.067,114.476
1512957600,114.476,114.534,114.414,114.456
1512972000,114.456,114.489,114.317,114.407
1512986400,114.407,114.512,114.339,114.366
1513000800,114.366,114.519,114.319,114.507
1513015200,114.507,114.554,114.413,114.459
1513029600,114.459,114.516,114.38,114.397
1513044000,114.397,114.449,114.349,114.376
1513058400,114.376,114.677,114.287,114.647
1513072800,114.647,114.663,114.359,114.367
1513087200,114.367,114.641,114.303,114.488
1513101600,114.488,114.536,114.415,114.449
1513116000,114.449,114.541,114.418,114.483
1513130400,114.483,114.529,114.343,114.418
1513144800,114.418,114.508,114.206,114.344
1513159200,114.344,114.367,114.083,114.275
1513173600,114.275,114.443,114.121,114.418
1513188000,114.418,114.527,114.091,114.141
1513202400,114.141,114.458,114.136,114.362
1513216800,114.362,114.41,114.284,114.291
1513231200,114.291,114.443,114.1,114.116
1513245600,114.116,114.283,113.963,114.037
1513260000,114.037,114.093,113.559,113.578
1513274400,113.578,113.742,113.442,113.565
1513288800,113.565,113.653,113.469,113.509
1513303200,113.509,113.672,113.464,113.613
1513317600,113.613,113.617,113.405,113.51
1513332000,113.51,113.554,113.364,113.398
1513346400,113.398,113.773,113.283,113.63
1513360800,113.63,113.797,113.506,113.548
1513548000,113.73,113.823,113.421,113.684
1513562400,113.684,113.792,113.668,113.751
1513576800,113.751,113.94,113.746,113.88
1513591200,113.88,113.959,113.818,113.915
1513605600,113.915,114.186,113.86,114.127
1513620000,114.127,114.225,114.081,114.124
1513634400,114.124,114.268,114.043,114.215
1513648800,114.215,114.276,114.18,114.226
1513663200,114.226,114.359,114.126,114.345
1513677600,114.345,114.485,114.251,114.353
1513692000,114.353,114.631,114.212,114.621
1513706400,114.621,114.724,114.549,114.556
1513720800,114.556,114.657,114.524,114.629
1513735200,114.629,114.745,114.599,114.677
1513749600,114.677,114.819,114.595,114.629
1513764000,114.629,114.741,114.451,114.609
1513778400,114.609,115.151,114.598,114.921
1513792800,114.921,115.001,114.807,114.843
1513807200,114.843,114.977,114.751,114.878
1513821600,114.878,115.047,114.875,114.983
1513836000,114.983,115.171,114.946,114.963
1513850400,114.963,114.993,114.532,114.542
1513864800,114.542,114.829,114.457,114.676
1513879200,114.676,114.718,114.589,114.589
1513893600,114.589,114.676,114.455,114.498
1513908000,114.498,114.618,114.496,114.519
1513922400,114.519,114.674,114.489,114.512
1513936800,114.512,114.639,114.459,114.512
1513951200,114.512,114.545,114.339,114.408
1513965600,114.408,114.538,114.36,114.387
1514224800,114.387,114.387,114.267,114.267
1514239200,114.267,114.65,114.185,114.489
1514253600,114.489,114.542,114.457,114.499
1514268000,114.499,114.573,114.441,114.443
1514282400,114.443,114.452,114.262,114.342
1514296800,114.342,114.534,114.342,114.414
1514311200,114.414,114.444,114.34,114.399
1514325600,114.399,114.536,114.308,114.455
1514340000,114.455,114.525,114.423,114.465
1514354400,114.465,114.481,114.264,114.435
1514368800,114.435,114.558,114.378,114.443
1514383200,114.443,114.867,114.396,114.815
1514397600,114.815,114.886,114.733,114.859
1514412000,114.859,114.907,114.669,114.885
1514426400,114.885,114.934,114.741,114.772
1514440800,114.772,115.077,114.757,115.051
1514455200,115.051,115.22,115.007,115.144
1514469600,115.144,115.503,115.143,115.357
1514484000,115.357,115.407,115.256,115.256
1514498400,115.256,115.465,115.149,115.28
1514512800,115.28,115.282,115.127,115.177
1514527200,115.177,115.42,115.138,115.389
1514541600,115.389,115.435,115.232,115.267
1514556000,115.267,115.745,115.132,115.629
1514570400,115.629,115.69,115.472,115.493
1514829600,115.519,115.519,115.469,115.498
1514844000,115.498,115.747,115.357,115.695
1514858400,115.695,115.807,115.671,115.731
1514872800,115.731,115.826,115.483,115.55
1514887200,115.55,115.627,115.34,115.382
1514901600,115.382,115.512,115.293,115.458
1514916000,115.458,115.582,115.435,115.51
1514930400,115.51,115.58,115.354,115.536
1514944800,115.536,115.559,115.479,115.53
1514959200,115.53,115.556,115.432,115.451
1514973600,115.451,115.461,114.912,114.949
1514988000,114.949,115.058,114.709,115.015
1515002400,115.015,115.183,114.984,115.134
1515016800,115.134,115.323,115.048,115.264
1515031200,115.264,115.271,115.183,115.22
1515045600,115.22,115.324,115.157,115.277
1515060000,115.277,115.737,115.267,115.663
1515074400,115.663,115.834,115.556,115.736
1515088800,115.736,115.764,115.611,115.691
1515103200,115.691,115.792,115.582,115.73
1515117600,115.73,115.944,115.686,115.941
1515132000,115.941,116.018,115.801,115.877
1515146400,115.877,116.105,115.827,116.052
1515160800,116.052,116.15,115.735,115.973
1515175200,115.973,116.017,115.911,115.911
1515362400,115.847,116.08,115.847,116.007
1515376800,116.007,116.057,115.966,116.019
1515391200,116.019,116.061,115.632,115.646
1515405600,115.646,115.797,115.436,115.445
1515420000,115.445,115.862,115.444,115.8
1515434400,115.8,115.8,115.608,115.672
1515448800,115.672,115.775,115.196,115.253
1515463200,115.253,115.31,115.17,115.268
1515477600,115.268,115.331,114.851,114.888
1515492000,114.888,114.957,114.466,114.551
1515506400,114.551,114.688,114.29,114.476
1515520800,114.476,114.58,114.437,114.556
1515535200,114.556,114.631,114.06,114.062
1515549600,114.062,114.232,114.062,114.158
1515564000,114.158,114.168,113.656,113.747
1515578400,113.747,114.176,113.741,114.119
1515592800,114.119,114.278,113.888,113.914
1515607200,113.914,113.947,113.742,113.881
1515621600,113.881,114.114,113.722,114.08
1515636000,114.08,114.21,113.986,114.208
1515650400,114.208,114.227,113.811,113.955
1515664800,113.955,114.4,113.918,114.376
1515679200,114.376,114.494,114.108,114.128
1515693600,114.128,114.132,113.752,113.966
1515708000,113.966,114.143,113.877,114.031
1515722400,114.031,114.062,113.846,113.862
1515736800,113.862,114.398,113.836,114.332
1515751200,114.332,114.784,114.315,114.775
1515765600,114.775,114.865,114.391,114.479
1515780000,114.479,114.789,114.413,114.619
1515967200,114.619,114.864,114.41,114.471
1515981600,114.471,114.568,114.422,114.521
1515996000,114.521,114.904,114.502,114.857
1516010400,114.857,115.163,114.833,115.082
1516024800,115.082,115.137,114.601,114.735
1516039200,114.735,114.839,114.612,114.714
1516053600,114.714,115.063,114.644,115.018
1516068000,115.018,115.153,114.986,114.993
1516082400,114.993,115.046,114.653,114.671
1516096800,114.671,114.871,114.542,114.694
1516111200,114.694,115.173,114.564,115.005
1516125600,115.005,115.205,114.916,115.061
1516140000,115.061,115.201,114.933,115.101
1516154400,115.101,115.234,114.99,115.136
1516168800,115.136,115.149,114.896,114.908
1516183200,114.908,115.103,114.784,115.09
1516197600,115.09,115.392,114.96,115.312
1516212000,115.312,115.566,115.122,115.198
1516226400,115.198,115.428,115.088,115.395
1516240800,115.395,115.474,115.277,115.295
1516255200,115.295,115.745,115.236,115.743
1516269600,115.743,116,115.692,115.812
1516284000,115.812,115.856,115.541,115.631
1516298400,115.631,115.873,115.594,115.806
1516312800,115.806,115.883,115.687,115.809
1516327200,115.809,115.901,115.767,115.792
1516341600,115.792,115.942,115.688,115.775
1516356000,115.775,115.79,115.088,115.139
1516370400,115.139,115.3,114.944,114.949
1516384800,114.949,115.101,114.81,114.859
1516572000,114.963,115.136,114.84,115.055
1516586400,115.055,115.147,114.961,115.062
1516600800,115.062,115.426,115.062,115.364
1516615200,115.364,115.39,115.143,115.165
1516629600,115.165,115.418,115.151,115.376
1516644000,115.376,115.418,115.152,115.157
1516658400,115.157,115.459,115.142,115.41
1516672800,115.41,115.416,115.013,115.205
1516687200,115.205,115.481,114.882,114.912
1516701600,114.912,115.056,114.779,114.884
1516716000,114.884,115.294,114.873,115.122
1516730400,115.122,115.214,115.055,115.151
1516744800,115.151,115.198,115.033,115.077
1516759200,115.077,115.119,114.978,115.109
1516773600,115.109,115.402,115.042,115.209
1516788000,115.209,115.326,115.001,115.325
1516802400,115.325,115.831,115.239,115.444
1516816800,115.444,115.51,115.179,115.494
1516831200,115.494,115.732,115.33,115.521
1516845600,115.521,115.693,115.414,115.612
1516860000,115.612,115.86,115.551,115.824
1516874400,115.824,116.024,115.566,115.905
1516888800,115.905,117.008,115.905,116.194
1516903200,116.194,116.343,116.029,116.203
1516917600,116.203,116.637,116.141,116.601
1516932000,116.601,116.605,116.278,116.41
1516946400,116.41,116.786,116.297,116.777
1516960800,116.777,116.936,116.714,116.791
1516975200,116.791,116.879,115.786,115.969
1516989600,115.969,116.628,115.924,116.251
1517176800,116.251,116.393,116.147,116.197
1517191200,116.197,116.253,116.105,116.207
1517205600,116.207,116.39,116.022,116.11
1517220000,116.11,116.527,116.021,116.377
1517234400,116.377,116.536,116.246,116.39
1517248800,116.39,116.398,116.148,116.149
1517263200,116.149,116.276,116.087,116.183
1517277600,116.183,116.291,115.844,115.844
1517292000,115.844,116.338,115.769,116.297
1517306400,116.297,116.652,116.258,116.531
1517320800,116.531,116.568,116.268,116.38
1517335200,116.38,116.483,116.202,116.202
1517349600,116.202,116.663,116.082,116.431
1517364000,116.431,116.634,116.398,116.502
1517378400,116.502,116.708,116.488,116.649
1517392800,116.649,116.757,116.487,116.731
1517407200,116.731,117.498,116.556,117.227
1517421600,117.227,117.434,117.132,117.2
1517436000,117.2,117.406,116.937,117.367
1517450400,117.367,117.446,117.289,117.387
1517464800,117.387,117.74,117.253,117.708
1517479200,117.708,117.773,117.463,117.595
1517493600,117.595,118.04,117.455,117.896
1517508000,117.896,118.106,117.847,118.022
1517522400,118.022,118.267,117.822,118.105
1517536800,118.105,118.332,118.087,118.301
1517551200,118.301,118.476,118.14,118.274
1517565600,118.274,118.503,118.02,118.332
1517580000,118.332,118.51,118.202,118.466
1517594400,118.466,118.546,118.118,118.136
1517781600,117.957,118.27,117.897,118.045
1517796000,118.045,118.276,118,118.214
1517810400,118.214,118.255,117.968,118.143
1517824800,118.143,118.182,117.706,117.73
1517839200,117.73,117.751,117.38,117.472
1517853600,117.472,117.538,116.748,116.988
1517868000,116.988,117.285,116.505,116.597
1517882400,116.597,116.859,116.335,116.784
1517896800,116.784,117.164,116.645,116.659
1517911200,116.659,116.824,116.372,116.648
1517925600,116.648,116.75,116.262,116.636
1517940000,116.636,117.061,116.527,117.041
1517954400,117.041,117.218,116.696,116.963
1517968800,116.963,117.063,116.726,116.75
1517983200,116.75,116.872,116.249,116.283
1517997600,116.283,116.306,115.982,116.096
1518012000,116.096,116.191,115.615,116.014
1518026400,116.014,116.167,115.614,115.615
1518040800,115.615,116.017,115.615,115.909
1518055200,115.909,116.201,115.809,116.144
1518069600,116.144,116.268,115.841,115.966
1518084000,115.966,116.521,115.853,116.467
1518098400,116.467,116.61,115.892,116.01
1518112800,116.01,116.322,115.937,116.098
1518127200,116.098,116.359,116.008,116.089
1518141600,116.089,116.343,115.998,116.164
1518156000,116.164,116.454,116.153,116.178
1518170400,116.178,116.636,115.99,116.264
1518184800,116.264,116.291,115.141,115.364
1518199200,115.364,115.848,115.213,115.715
1518386400,115.649,115.885,115.544,115.779
1518400800,115.779,115.927,115.746,115.835
1518415200,115.835,116.036,115.505,115.931
1518429600,115.931,116.026,115.609,115.667
1518444000,115.667,115.837,115.53,115.796
1518458400,115.796,115.905,115.604,115.657
1518472800,115.657,115.85,115.561,115.79
1518487200,115.79,115.833,115.397,115.497
1518501600,115.497,115.531,115.045,115.155
1518516000,115.155,115.345,114.973,115.161
1518530400,115.161,115.374,115.009,115.309
1518544800,115.309,115.367,115.195,115.29
1518559200,115.29,115.404,115.136,115.167
1518573600,115.167,115.186,114.705,114.865
1518588000,114.865,115.179,114.846,114.913
1518602400,114.913,115.133,114.401,114.577
1518616800,114.577,115.086,114.334,115.078
1518631200,115.078,115.156,114.933,115.132
1518645600,115.132,115.142,114.723,114.863
1518660000,114.863,114.91,114.577,114.853
1518674400,114.853,115.125,114.714,114.987
1518688800,114.987,115.428,114.894,115.15
1518703200,115.15,115.333,114.926,115.2
1518717600,115.2,115.313,114.944,114.948
1518732000,114.948,115.292,114.898,115.102
1518746400,115.102,115.281,114.788,115.058
1518760800,115.058,115.282,114.894,115.206
1518775200,115.206,115.277,114.763,114.763
1518789600,114.763,114.954,114.476,114.554
1518804000,114.554,114.655,114.314,114.42
1518991200,114.42,114.741,114.399,114.513
1519005600,114.513,114.684,114.459,114.659
1519020000,114.659,114.916,114.567,114.916
1519034400,114.916,114.933,114.549,114.568
1519048800,114.568,114.772,114.401,114.738
1519063200,114.738,114.766,114.582,114.59
1519077600,114.59,114.922,114.556,114.697
1519092000,114.697,114.774,114.653,114.713
1519106400,114.713,114.879,114.681,114.728
1519120800,114.728,114.728,114.523,114.633
1519135200,114.633,114.778,114.51,114.579
1519149600,114.579,114.657,114.515,114.598
1519164000,114.598,114.93,114.483,114.904
1519178400,114.904,115.1,114.866,114.968
1519192800,114.968,115.011,114.631,114.751
1519207200,114.751,114.772,114.515,114.683
1519221600,114.683,114.954,114.62,114.909
1519236000,114.909,114.989,114.671,114.718
1519250400,114.718,114.731,114.184,114.287
1519264800,114.287,114.381,114.217,114.365
1519279200,114.365,114.419,114.091,114.38
1519293600,114.38,114.508,114.071,114.219
1519308000,114.219,114.555,114.184,114.389
1519322400,114.389,114.481,114.245,114.381
1519336800,114.381,114.614,114.351,114.454
1519351200,114.454,114.477,114.33,114.384
1519365600,114.384,114.521,114.239,114.423
1519380000,114.423,114.441,114.021,114.068
1519394400,114.068,114.133,113.776,113.943
1519408800,113.943,114.129,113.787,114.036
1519596000,114.309,114.309,113.998,114.055
1519610400,114.055,114.181,113.983,114.091
1519624800,114.091,114.236,113.978,114.225
1519639200,114.225,114.238,113.97,113.978
1519653600,113.978,114.143,113.836,114.089
1519668000,114.089,114.105,113.918,113.935
1519682400,113.935,114.219,113.921,114.216
1519696800,114.216,114.253,113.981,114.004
1519711200,114.004,114.345,113.958,114.228
1519725600,114.228,114.298,114.009,114.04
1519740000,114.04,114.455,113.985,114.348
1519754400,114.348,114.411,114.259,114.269
1519768800,114.269,114.432,113.983,114.045
1519783200,114.045,114.15,113.912,113.917
1519797600,113.917,114.012,113.532,113.572
1519812000,113.572,113.732,113.347,113.533
1519826400,113.533,113.603,112.802,113.019
1519840800,113.019,113.123,112.861,112.866
1519855200,112.866,112.959,112.735,112.823
1519869600,112.823,113.059,112.746,113.006
1519884000,113.006,113.111,112.787,112.906
1519898400,112.906,112.983,112.681,112.976
1519912800,112.976,113.224,112.755,112.868
1519927200,112.868,112.879,112.367,112.736
1519941600,112.736,112.835,112.608,112.631
1519956000,112.631,112.907,112.566,112.655
1519970400,112.655,112.883,112.44,112.769
1519984800,112.769,112.784,112.569,112.688
1519999200,112.688,112.733,112.337,112.549
1520013600,112.549,112.8,112.381,112.719
1520200800,112.531,112.851,112.386,112.66
1520215200,112.66,112.764,112.572,112.734
1520229600,112.734,112.831,112.294,112.776
1520244000,112.776,112.906,112.457,112.62
1520258400,112.62,112.935,112.572,112.927
1520272800,112.927,112.988,112.873,112.941
1520287200,112.941,113.318,112.879,113.235
1520301600,113.235,113.344,112.981,113.047
1520316000,113.047,113.074,112.628,112.65
1520330400,112.65,113.475,112.593,113.261
1520344800,113.261,113.337,112.776,112.97
1520359200,112.97,113.051,112.763,112.767
1520373600,112.767,112.845,112.358,112.763
1520388000,112.763,112.812,112.599,112.687
1520402400,112.687,112.815,112.395,112.641
1520416800,112.641,112.794,112.363,112.46
1520431200,112.46,112.595,112.166,112.216
1520445600,112.216,112.515,112.11,112.361
1520460000,112.361,112.563,112.323,112.513
1520474400,112.513,112.536,112.278,112.302
1520488800,112.302,112.44,112.218,112.233
1520503200,112.233,112.473,112.038,112.045
1520517600,112.045,112.23,111.597,111.753
1520532000,111.753,111.786,111.5,111.606
1520546400,111.606,112.243,111.526,112.137
1520560800,112.137,112.157,111.905,112.015
1520575200,112.015,112.426,112.012,112.359
1520589600,112.359,112.466,112.168,112.435
1520604000,112.435,112.719,112.36,112.428
1520618400,112.428,112.475,112.157,112.162
1520802000,112.061,112.506,112.061,112.466
1520816400,112.466,112.488,112.025,112.06
1520830800,112.06,112.333,112.032,112.314
1520845200,112.314,112.314,112.052,112.216
1520859600,112.216,112.366,112.122,112.322
1520874000,112.322,112.444,112.239,112.272
1520888400,112.272,112.36,112.161,112.275
1520902800,112.275,112.638,112.271,112.608
1520917200,112.608,112.887,112.564,112.86
1520931600,112.86,113.224,112.86,113.149
1520946000,113.149,113.24,112.827,112.92
1520960400,112.92,113.029,112.759,112.876
1520974800,112.876,113.064,112.69,113.025
1520989200,113.025,113.065,112.843,112.947
1521003600,112.947,112.993,112.671,112.691
1521018000,112.691,112.753,112.518,112.549
1521032400,112.549,112.627,112.099,112.349
1521046800,112.349,112.545,112.256,112.455
1521061200,112.455,112.542,112.162,112.189
1521075600,112.189,112.297,112.103,112.207
1521090000,112.207,112.321,112.023,112.149
1521104400,112.149,112.208,111.854,111.902
1521118800,111.902,112.017,111.562,111.684
1521133200,111.684,111.806,111.578,111.723
1521147600,111.723,111.77,111.575,111.598
1521162000,111.598,111.6,111.317,111.36
1521176400,111.36,111.611,111.221,111.408
1521190800,111.408,111.453,111.158,111.26
1521205200,111.26,111.426,111.158,111.395
1521219600,111.395,111.422,111.162,111.213
1521406800,110.999,111.354,110.999,111.094
1521421200,111.094,111.111,110.843,110.859
1521435600,110.859,111.105,110.807,111.089
1521450000,111.089,111.646,111.052,111.549
1521464400,111.549,111.675,111.224,111.35
1521478800,111.35,111.684,111.291,111.542
1521493200,111.542,111.592,111.362,111.506
1521507600,111.506,111.764,111.476,111.667
1521522000,111.667,112.091,111.573,111.91
1521536400,111.91,111.927,111.527,111.529
1521550800,111.529,111.619,111.371,111.376
1521565200,111.376,111.475,111.326,111.356
1521579600,111.356,111.431,111.291,111.405
1521594000,111.405,111.496,111.393,111.471
1521608400,111.471,111.631,111.286,111.559
1521622800,111.559,111.559,111.221,111.492
1521637200,111.492,111.57,111.379,111.444
1521651600,111.444,111.852,111.364,111.624
1521666000,111.624,111.774,111.426,111.504
1521680400,111.504,111.597,111.45,111.569
1521694800,111.569,111.74,111.548,111.679
1521709200,111.679,111.682,111.078,111.157
1521723600,111.157,111.356,110.918,111.196
1521738000,111.196,111.293,110.835,110.882
1521752400,110.882,111.009,110.422,110.838
1521766800,110.838,110.954,110.771,110.84
1521781200,110.84,111.033,110.74,110.815
1521795600,110.815,111.058,110.575,110.802
1521810000,110.802,111.022,110.649,110.756
1521824400,110.756,110.878,110.41,110.41
1522011600,110.41,110.879,110.376,110.866
1522026000,110.866,110.922,110.747,110.757
1522040400,110.757,111.069,110.701,110.918
1522054800,110.918,111.172,110.903,111.115
1522069200,111.115,111.391,111.075,111.287
1522083600,111.287,111.591,111.265,111.419
1522098000,111.419,111.747,111.305,111.696
1522112400,111.696,111.795,111.65,111.764
1522126800,111.764,111.964,111.489,111.535
1522141200,111.535,111.624,111.345,111.432
1522155600,111.432,111.639,111.324,111.626
1522170000,111.626,111.641,111.202,111.22
1522184400,111.22,111.523,111.158,111.428
1522198800,111.428,111.568,111.36,111.365
1522213200,111.365,111.418,111.015,111.054
1522227600,111.054,111.606,110.915,111.389
1522242000,111.389,111.56,110.999,111.51
1522256400,111.51,111.731,111.51,111.604
1522270800,111.604,111.683,111.542,111.637
1522285200,111.637,111.665,111.354,111.382
1522299600,111.382,111.504,111.26,111.369
1522314000,111.369,111.397,111.22,111.381
1522328400,111.381,111.436,110.98,111.167
1522342800,111.167,111.416,111.164,111.21
1522357200,111.21,111.392,111.176,111.286
1522371600,111.286,111.371,111.071,111.261
1522386000,111.261,111.431,111.136,111.338
1522400400,111.338,111.452,111.266,111.394
1522414800,111.394,111.486,111.241,111.385
1522429200,111.385,111.449,111.218,111.241
1522616400,111.294,111.464,111.219,111.36
1522630800,111.36,111.498,111.333,111.389
1522645200,111.389,111.5,111.33,111.472
1522659600,111.472,111.618,111.439,111.602
1522674000,111.602,111.625,110.809,110.871
1522688400,110.871,110.954,110.645,110.817
1522702800,110.817,110.922,110.667,110.77
1522717200,110.77,110.918,110.757,110.899
1522731600,110.899,111.324,110.814,111.221
1522746000,111.221,111.222,110.956,111.145
1522760400,111.145,111.192,110.927,110.962
1522774800,110.962,111.213,110.918,111.124
1522789200,111.124,111.246,111.005,111.145
1522803600,111.145,111.238,111.063,111.216
1522818000,111.216,111.24,110.796,110.834
1522832400,110.834,110.916,110.599,110.846
1522846800,110.846,111.136,110.749,111.093
1522861200,111.093,111.211,110.945,111.101
1522875600,111.101,111.264,111.05,111.261
1522890000,111.261,111.305,111.181,111.207
1522904400,111.207,111.444,111.119,111.421
1522918800,111.421,111.498,111.126,111.208
1522933200,111.208,111.61,111.201,111.568
1522947600,111.568,111.627,111.386,111.386
1522962000,111.386,111.505,111.199,111.354
1522976400,111.354,111.532,111.247,111.472
1522990800,111.472,111.532,111.378,111.496
1523005200,111.496,111.588,111.214,111.336
1523019600,111.336,111.792,111.3,111.506
1523034000,111.506,111.539,111.347,111.414
1523221200,111.477,111.562,111.357,111.398
1523235600,111.398,111.53,111.324,111.495
1523250000,111.495,111.666,111.408,111.596
1523264400,111.596,111.691,111.463,111.684
1523278800,111.684,111.941,111.662,111.694
1523293200,111.694,111.752,111.488,111.614
1523307600,111.614,111.668,111.529,111.598
1523322000,111.598,112.001,111.585,111.957
1523336400,111.957,112.057,111.842,111.949
1523350800,111.949,112.271,111.883,112.1
1523365200,112.1,112.255,111.953,112.022
1523379600,112.022,112.18,111.923,111.979
1523394000,111.979,112.073,111.855,111.955
1523408400,111.955,111.992,111.873,111.889
1523422800,111.889,112.032,111.452,111.613
1523437200,111.613,111.706,111.397,111.523
1523451600,111.523,111.693,111.401,111.514
1523466000,111.514,111.595,111.463,111.463
1523480400,111.463,111.608,111.183,111.57
1523494800,111.57,111.604,111.453,111.474
1523509200,111.474,111.517,111.142,111.148
1523523600,111.148,111.343,111.051,111.284
1523538000,111.284,111.521,111.25,111.467
1523552400,111.467,111.53,111.349,111.444
1523566800,111.444,111.511,111.378,111.473
1523581200,111.473,111.611,111.454,111.519
1523595600,111.519,112.104,111.5,111.906
1523610000,111.906,111.943,111.784,111.835
1523624400,111.835,111.919,111.547,111.658
1523638800,111.658,111.696,111.401,111.401
1523826000,111.548,111.7,111.492,111.624
1523840400,111.624,111.631,111.333,111.347
1523854800,111.347,111.629,111.232,111.599
1523869200,111.599,111.846,111.576,111.836
1523883600,111.836,111.934,111.67,111.692
1523898000,111.692,111.714,111.517,111.562
1523912400,111.562,111.631,111.494,111.534
1523926800,111.534,111.534,111.404,111.437
1523941200,111.437,111.61,111.255,111.255
1523955600,111.255,111.349,111.072,111.087
1523970000,111.087,111.128,110.614,110.644
1523984400,110.644,110.849,110.586,110.713
1523998800,110.713,110.829,110.658,110.787
1524013200,110.787,110.992,110.76,110.966
1524027600,110.966,110.986,110.684,110.727
1524042000,110.727,110.898,110.653,110.888
1524056400,110.888,111.008,110.796,110.841
1524070800,110.841,110.9,110.665,110.677
1524085200,110.677,110.893,110.625,110.864
1524099600,110.864,110.952,110.834,110.903
1524114000,110.903,110.948,110.746,110.802
1524128400,110.802,111.104,110.629,110.962
1524142800,110.962,111.036,110.47,110.47
1524157200,110.47,110.642,110.362,110.508
1524171600,110.508,110.706,110.461,110.629
1524186000,110.629,110.839,110.578,110.73
1524200400,110.73,110.762,110.566,110.605
1524214800,110.605,110.682,110.431,110.584
1524229200,110.584,110.602,110.302,110.302
1524243600,110.302,110.396,110.272,110.35
1524430800,110.35,110.546,110.318,110.475
1524445200,110.475,110.544,110.421,110.486
1524459600,110.486,110.658,110.37,110.495
1524474000,110.495,111.01,110.475,110.899
1524488400,110.899,111.128,110.832,111.071
1524502800,111.071,111.118,110.984,111.104
1524517200,111.104,111.212,111.064,111.171
1524531600,111.171,111.238,111.108,111.235
1524546000,111.235,111.339,111.137,111.208
1524560400,111.208,111.388,111.206,111.35
1524574800,111.35,111.55,111.127,111.14
1524589200,111.14,111.157,110.928,111.141
1524603600,111.141,111.201,111.061,111.107
1524618000,111.107,111.177,111.005,111.134
1524632400,111.134,111.258,111.063,111.114
1524646800,111.114,111.158,110.899,111.003
1524661200,111.003,111.314,110.922,111.188
1524675600,111.188,111.307,111.183,111.266
1524690000,111.266,111.357,111.153,111.33
1524704400,111.33,111.38,111.215,111.26
1524718800,111.26,111.349,111.041,111.143
1524733200,111.143,111.187,110.867,111.129
1524747600,111.129,111.141,110.491,110.539
1524762000,110.539,110.653,110.479,110.479
1524776400,110.479,110.539,110.384,110.454
1524790800,110.454,110.479,110.328,110.379
1524805200,110.379,110.459,110.233,110.289
1524819600,110.289,110.494,110.209,110.443
1524834000,110.443,110.485,110.266,110.385
1524848400,110.385,110.486,110.278,110.307
1525035600,110.33,110.462,110.317,110.401
1525050000,110.401,110.478,110.383,110.474
1525064400,110.474,110.602,110.444,110.454
1525078800,110.454,110.562,110.301,110.333
1525093200,110.333,110.585,110.163,110.273
1525107600,110.273,110.362,110.243,110.286
1525122000,110.286,110.388,110.228,110.306
1525136400,110.306,110.352,110.279,110.311
1525150800,110.311,110.386,110.219,110.272
1525165200,110.272,110.479,110.257,110.385
1525179600,110.385,110.406,110.114,110.204
1525194000,110.204,110.296,110.109,110.236
1525208400,110.236,110.301,110.126,110.185
1525222800,110.185,110.229,110.157,110.198
1525237200,110.198,110.498,110.145,110.334
1525251600,110.334,110.458,110.232,110.285
1525266000,110.285,110.286,110.067,110.099
1525280400,110.099,110.281,109.874,109.982
1525294800,109.982,110.033,109.813,109.872
1525309200,109.872,109.985,109.856,109.973
1525323600,109.973,110.128,109.875,109.94
1525338000,109.94,109.94,109.402,109.453
1525352400,109.453,109.532,109.073,109.382
1525366800,109.382,109.558,109.319,109.418
1525381200,109.418,109.456,109.349,109.4
1525395600,109.4,109.425,109.216,109.326
1525410000,109.326,109.326,109.096,109.148
1525424400,109.148,109.314,108.667,108.854
1525438800,108.854,109.153,108.737,108.984
1525453200,108.984,109.082,108.959,109.058
1525640400,109.058,109.157,108.942,108.957
1525654800,108.957,109.165,108.844,109.152
1525669200,109.152,109.158,108.886,108.907
1525683600,108.907,108.907,108.711,108.838
1525698000,108.838,108.936,108.78,108.82
1525712400,108.82,108.843,108.689,108.778
1525726800,108.778,108.831,108.66,108.675
1525741200,108.675,108.699,108.579,108.663
1525755600,108.663,108.734,108.501,108.608
1525770000,108.608,108.874,108.527,108.816
1525784400,108.816,109.187,108.803,108.865
1525798800,108.865,108.93,108.704,108.913
1525813200,108.913,109.012,108.791,108.996
1525827600,108.996,109.171,108.994,109.111
1525842000,109.111,109.462,109.071,109.437
1525856400,109.437,109.585,109.383,109.472
1525870800,109.472,109.5,109.122,109.122
1525885200,109.122,109.201,109.078,109.136
1525899600,109.136,109.314,109.048,109.28
1525914000,109.28,109.284,109.13,109.284
1525928400,109.284,109.536,109.271,109.328
1525942800,109.328,109.44,109.209,109.376
1525957200,109.376,109.455,109.061,109.106
1525971600,109.106,109.147,108.914,108.915
1525986000,108.915,109.193,108.892,108.974
1526000400,108.974,109.138,108.936,109.096
1526014800,109.096,109.167,108.876,109.069
1526029200,109.069,109.459,109.05,109.391
1526043600,109.391,109.461,109.218,109.226
1526058000,109.226,109.31,109.145,109.281
1526245200,109.281,109.394,109.148,109.374
1526259600,109.374,109.437,109.314,109.384
1526274000,109.384,109.714,109.363,109.648
1526288400,109.648,109.872,109.547,109.84
1526302800,109.84,109.958,109.618,109.632
1526317200,109.632,109.662,109.553,109.568
1526331600,109.568,109.736,109.46,109.688
1526346000,109.688,109.723,109.616,109.689
1526360400,109.689,109.918,109.682,109.895
1526374800,109.895,109.92,109.674,109.878
1526389200,109.878,110.412,109.853,110.218
1526403600,110.218,110.236,110.04,110.179
1526418000,110.179,110.227,110.07,110.209
1526432400,110.209,110.271,110.163,110.196
1526446800,110.196,110.382,110.152,110.287
1526461200,110.287,110.294,109.909,110.03
1526475600,110.03,110.417,109.996,110.093
1526490000,110.093,110.252,110.071,110.24
1526504400,110.24,110.292,110.087,110.237
1526518800,110.237,110.315,110.191,110.302
1526533200,110.302,110.586,110.249,110.489
1526547600,110.489,110.564,110.308,110.486
1526562000,110.486,110.659,110.362,110.536
1526576400,110.536,110.635,110.511,110.537
1526590800,110.537,110.801,110.496,110.77
1526605200,110.77,110.883,110.761,110.8
1526619600,110.8,111.105,110.759,111.021
1526634000,111.021,111.096,110.901,110.908
1526648400,110.908,111.184,110.804,110.978
1526662800,110.978,111.033,110.871,110.895
1526850000,110.895,111.18,110.895,111.066
1526864400,111.066,111.321,111.049,111.307
1526878800,111.307,111.496,111.275,111.371
1526893200,111.371,111.424,111.236,111.378
1526907600,111.378,111.475,111.227,111.242
1526922000,111.242,111.359,111.215,111.313
1526936400,111.313,111.381,111.264,111.319
1526950800,111.319,111.337,111.208,111.276
1526965200,111.276,111.643,111.207,111.382
1526979600,111.382,111.482,111.299,111.459
1526994000,111.459,111.904,111.421,111.648
1527008400,111.648,111.796,111.628,111.679
1527022800,111.679,111.715,111.593,111.667
1527037200,111.667,111.674,111.13,111.3
1527051600,111.3,111.476,110.67,110.789
1527066000,110.789,110.914,110.558,110.824
1527080400,110.824,111.021,110.484,110.669
1527094800,110.669,110.687,110.463,110.539
1527109200,110.539,110.677,110.267,110.279
1527123600,110.279,110.363,110.047,110.222
1527138000,110.222,110.634,110.098,110.593
1527152400,110.593,110.792,110.553,110.695
1527166800,110.695,110.699,109.901,110.232
1527181200,110.232,110.33,110.104,110.104
1527195600,110.104,110.434,110.006,110.372
1527210000,110.372,110.539,110.343,110.386
1527224400,110.386,110.428,110.176,110.331
1527238800,110.331,110.406,110.021,110.114
1527253200,110.114,110.362,109.955,110.316
1527267600,110.316,110.619,110.215,110.254
1527454800,110.698,110.721,110.335,110.355
1527469200,110.356,110.454,110.243,110.354
1527483600,110.354,110.537,110.215,110.275
1527498000,110.274,110.322,109.77,109.844
1527512400,109.847,110.162,109.772,110.14
1527526800,110.14,110.184,110.024,110.135
1527541200,110.101,110.18,109.879,109.94
1527555600,109.94,109.941,109.62,109.868
1527570000,109.868,109.903,109.238,109.337
1527584400,109.336,109.616,109.013,109.397
1527598800,109.397,109.798,109.29,109.634
1527613200,109.635,109.775,109.402,109.721
1527627600,109.712,109.737,109.305,109.383
1527642000,109.384,109.687,109.303,109.458
1527656400,109.455,109.835,109.226,109.762
1527670800,109.764,110.141,109.733,110.069
1527685200,110.07,110.284,109.95,110.203
1527699600,110.204,110.239,109.946,110.103
1527714000,110.102,110.135,109.814,110.018
1527728400,110.018,110.101,109.804,109.998
1527742800,109.997,110.373,109.837,110.373
1527757200,110.38,110.601,110.249,110.378
1527771600,110.377,110.622,109.971,110.434
1527786000,110.435,110.57,110.254,110.395
1527800400,110.392,110.564,110.346,110.495
1527814800,110.495,110.746,110.385,110.455
1527829200,110.456,110.706,110.352,110.706
1527843600,110.707,111.012,110.666,110.771
1527858000,110.769,110.981,110.558,110.825
1527872400,110.825,110.991,110.662,110.914
1528059600,110.767,110.945,110.673,110.929
1528074000,110.929,111.026,110.81,110.97
1528088400,110.969,111.2,110.893,111.198
1528102800,111.197,111.434,111.14,111.179
1528117200,111.179,111.261,110.846,110.925
1528131600,110.928,111.161,110.921,111.137
1528146000,111.138,111.372,111.017,111.204
1528160400,111.203,111.253,111.058,111.169
1528174800,111.168,111.364,111.102,111.305
1528189200,111.305,111.423,111.088,111.096
1528203600,111.096,111.352,111.024,111.334
1528218000,111.335,111.528,111.329,111.526
1528232400,111.499,111.705,111.336,111.618
1528246800,111.619,111.745,111.572,111.59
1528261200,111.589,111.93,111.555,111.652
1528275600,111.653,111.734,111.405,111.51
1528290000,111.509,111.78,111.474,111.684
1528304400,111.684,111.811,111.637,111.691
1528318800,111.694,111.825,111.596,111.748
1528333200,111.746,111.769,111.455,111.613
1528347600,111.618,112.011,111.612,111.928
1528362000,111.923,112.203,111.923,112.118
1528376400,112.119,112.176,111.767,111.806
1528390800,111.806,112.027,111.758,111.889
1528405200,111.89,112.006,111.802,111.987
1528419600,111.987,112.012,111.801,111.839
1528434000,111.838,111.85,111.29,111.303
1528448400,111.303,111.339,110.76,110.79
1528462800,110.792,111.087,110.777,111.079
1528477200,111.079,111.247,111.018,111.178
1528664400,111.046,111.18,110.985,111.153
1528678800,111.154,111.478,111.118,111.435
1528693200,111.436,111.747,111.328,111.499
1528707600,111.5,111.623,111.388,111.572
1528722000,111.572,111.709,111.52,111.617
1528736400,111.617,111.741,111.616,111.668
1528750800,111.659,111.95,111.56,111.807
1528765200,111.806,111.869,111.596,111.822
1528779600,111.821,112.185,111.628,112.022
1528794000,112.014,112.14,111.908,112.116
1528808400,112.116,112.123,111.918,111.956
1528822800,111.956,112.002,111.828,111.848
1528837200,111.846,111.969,111.798,111.89
1528851600,111.891,112.089,111.881,112.041
1528866000,112.041,112.057,111.801,111.884
1528880400,111.885,112.152,111.857,112.07
1528894800,112.07,112.197,111.975,112.135
1528909200,112.135,112.198,111.913,111.965
1528923600,111.964,112.088,111.784,111.933
1528938000,111.931,111.985,111.856,111.919
1528952400,111.918,111.959,111.717,111.862
1528966800,111.857,111.934,111.223,111.296
1528981200,111.295,111.447,110.976,111.073
1528995600,111.072,111.106,110.918,110.976
1529010000,110.995,111.076,110.781,110.852
1529024400,110.852,111.081,110.769,111.03
1529038800,111.03,111.142,110.762,110.906
1529053200,110.906,110.994,110.712,110.828
1529067600,110.828,111.127,110.803,110.975
1529082000,110.975,110.999,110.878,110.929
1529269200,110.98,111.128,110.718,110.783
1529283600,110.784,110.882,110.641,110.845
1529298000,110.846,110.939,110.7,110.914
1529312400,110.915,111.109,110.889,111.032
1529326800,111.032,111.141,110.955,111.021
1529341200,111.02,111.171,111.011,111.084
1529355600,111.094,111.102,110.707,110.881
1529370000,110.879,110.893,110.499,110.52
1529384400,110.518,110.569,110.185,110.28
1529398800,110.281,110.492,110.119,110.432
1529413200,110.438,110.647,110.312,110.415
1529427600,110.415,110.735,110.392,110.667
1529442000,110.666,110.799,110.549,110.551
1529456400,110.552,110.781,110.459,110.622
1529470800,110.621,110.708,110.366,110.459
1529485200,110.458,110.637,110.308,110.601
1529499600,110.6,110.885,110.528,110.634
1529514000,110.633,110.885,110.621,110.784
1529528400,110.782,110.84,110.689,110.795
1529542800,110.796,110.93,110.725,110.885
1529557200,110.884,111.136,110.729,110.814
1529571600,110.811,111.156,110.608,111.035
1529586000,111.036,111.117,110.76,110.882
1529600400,110.881,110.986,110.818,110.86
1529614800,110.856,111.009,110.766,110.98
1529629200,110.981,111.057,110.933,111.041
1529643600,111.04,111.427,111.002,111.307
1529658000,111.306,111.346,111.151,111.179
1529672400,111.18,111.268,110.869,111.165
1529686800,111.166,111.383,111.138,111.259
1529874000,111.136,111.306,110.939,110.994
1529888400,110.994,111.049,110.802,110.881
1529902800,110.881,110.973,110.676,110.872
1529917200,110.873,111.079,110.745,111.029
1529931600,111.028,111.072,110.889,110.976
1529946000,110.976,111.496,110.901,111.19
1529960400,111.223,111.304,110.98,111.024
1529974800,111.025,111.11,110.903,110.975
1529989200,110.976,111.126,110.865,110.943
1530003600,110.946,111.022,110.769,110.916
1530018000,110.919,111.06,110.852,111.006
1530032400,111.005,111.136,110.986,111.068
1530046800,111.028,111.148,110.938,111
1530061200,111.004,111.033,110.827,110.986
1530075600,110.988,111.028,110.678,110.713
1530090000,110.714,111.09,110.699,110.98
1530104400,110.981,111.069,110.686,110.764
1530118800,110.764,110.786,110.525,110.56
1530133200,110.568,110.675,110.371,110.459
1530147600,110.462,110.662,110.424,110.59
1530162000,110.59,110.721,110.438,110.487
1530176400,110.488,110.608,110.309,110.32
1530190800,110.321,110.733,110.31,110.656
1530205200,110.656,110.851,110.644,110.764
1530219600,110.765,110.815,110.649,110.767
1530234000,110.766,111.457,110.729,111.365
1530248400,111.363,111.543,111.109,111.521
1530262800,111.521,111.628,111.274,111.418
1530277200,111.417,111.733,111.363,111.682
1530291600,111.683,111.911,111.679,111.828
1530478800,111.782,111.912,111.561,111.837
1530493200,111.838,111.984,111.664,111.673
1530507600,111.672,111.817,111.479,111.748
1530522000,111.747,111.789,111.355,111.364
1530536400,111.363,111.422,111.187,111.337
1530550800,111.337,111.62,111.324,111.616
1530565200,111.614,111.67,111.477,111.62
1530579600,111.623,111.737,111.351,111.449
1530594000,111.448,111.944,111.403,111.686
1530608400,111.686,111.792,111.436,111.502
1530622800,111.504,111.55,111.326,111.358
1530637200,111.359,111.501,111.339,111.445
1530651600,111.427,111.508,111.27,111.318
1530666000,111.319,111.482,111.311,111.337
1530680400,111.337,111.467,111.265,111.271
1530694800,111.273,111.349,111.225,111.348
1530709200,111.351,111.38,111.19,111.31
1530723600,111.31,111.391,111.253,111.256
1530738000,111.257,111.432,111.23,111.283
1530752400,111.278,111.296,111.011,111.092
1530766800,111.093,111.614,111.049,111.416
1530781200,111.415,111.671,111.349,111.49
1530795600,111.489,111.507,111.368,111.421
1530810000,111.422,111.485,111.271,111.387
1530824400,111.389,111.521,111.23,111.426
1530838800,111.423,111.493,111.267,111.376
1530853200,111.376,111.619,111.316,111.477
1530867600,111.476,111.691,111.41,111.637
1530882000,111.638,111.758,111.568,111.626
1530896400,111.626,111.717,111.453,111.714
1531083600,111.51,111.713,111.497,111.68
1531098000,111.682,111.82,111.58,111.74
1531112400,111.737,112.039,111.722,111.927
1531126800,111.927,111.938,111.736,111.74
1531141200,111.742,111.862,111.63,111.699
1531155600,111.702,111.807,111.636,111.807
1531170000,111.806,112.019,111.698,112.001
1531184400,112,112.018,111.888,111.977
1531198800,111.977,112.073,111.857,111.92
1531213200,111.921,112.005,111.749,111.854
1531227600,111.855,112.165,111.837,112.091
1531242000,112.094,112.176,111.855,111.9
1531256400,111.9,111.918,111.654,111.671
1531270800,111.672,112.001,111.6,111.901
1531285200,111.902,112.082,111.874,111.931
1531299600,111.932,112.131,111.79,112.079
1531314000,112.078,112.526,112.032,112.506
1531328400,112.507,112.577,112.394,112.468
1531342800,112.465,112.643,112.368,112.604
1531357200,112.606,112.839,112.535,112.708
1531371600,112.709,112.97,112.663,112.694
1531386000,112.693,112.83,112.592,112.62
1531400400,112.621,112.621,112.232,112.292
1531414800,112.295,112.388,112.199,112.295
1531429200,112.293,112.418,112.202,112.361
1531443600,112.361,112.465,112.358,112.415
1531458000,112.414,112.426,112.159,112.356
1531472400,112.355,112.367,111.863,111.968
1531486800,111.967,112.167,111.913,112.149
1531501200,112.15,112.206,112.02,112.205
1531688400,112.059,112.288,111.924,112.267
1531702800,112.267,112.384,112.233,112.315
1531717200,112.316,112.498,112.25,112.434
1531731600,112.435,112.653,112.411,112.607
1531746000,112.608,112.712,112.515,112.653
1531760400,112.653,112.694,112.614,112.663
1531774800,112.661,112.811,112.56,112.785
1531789200,112.786,112.885,112.749,112.793
1531803600,112.792,113.164,112.771,113.05
1531818000,113.05,113.201,112.903,113.162
1531832400,113.163,113.264,112.857,112.893
1531846800,112.893,112.979,112.838,112.867
1531861200,112.873,113.02,112.839,112.944
1531875600,112.945,112.967,112.789,112.82
1531890000,112.821,112.836,112.658,112.767
1531904400,112.766,113,112.717,112.869
1531918800,112.87,112.948,112.768,112.915
1531933200,112.916,113.013,112.895,112.988
1531947600,112.987,113.012,112.85,112.904
1531962000,112.905,112.98,112.8,112.84
1531976400,112.84,112.938,112.732,112.814
1531990800,112.815,112.837,112.599,112.667
1532005200,112.667,112.794,112.633,112.734
1532019600,112.733,112.755,112.475,112.634
1532034000,112.557,112.672,112.436,112.637
1532048400,112.638,112.68,112.213,112.408
1532062800,112.409,112.672,112.372,112.526
1532077200,112.525,112.659,112.398,112.44
1532091600,112.443,112.51,112.242,112.31
1532106000,112.31,112.452,112.212,112.297
1532293200,112.22,112.385,111.919,111.989
1532307600,111.992,112.149,111.848,111.934
1532322000,111.933,112.082,111.876,112.054
1532336400,112.055,112.232,111.901,112.202
1532350800,112.201,112.367,112.139,112.243
1532365200,112.242,112.273,112.135,112.224
1532379600,112.223,112.301,112.013,112.032
1532394000,112.031,112.113,111.845,112.027
1532408400,112.026,112.044,111.804,111.875
1532422800,111.874,111.915,111.806,111.876
1532437200,111.88,111.982,111.744,111.94
1532451600,111.939,111.939,111.817,111.913
1532466000,111.914,112.077,111.773,112.033
1532480400,112.034,112.1,111.916,111.958
1532494800,111.957,112.092,111.917,112.046
1532509200,112.046,112.169,111.869,111.914
1532523600,111.915,111.956,111.557,111.67
1532538000,111.669,112.018,111.533,111.84
1532552400,111.844,112.018,111.695,111.782
1532566800,111.782,111.889,111.698,111.757
1532581200,111.756,111.762,111.493,111.508
1532595600,111.508,111.868,111.489,111.786
1532610000,111.786,111.982,111.736,111.866
1532624400,111.867,111.917,111.79,111.891
1532638800,111.887,111.969,111.763,111.787
1532653200,111.786,111.807,111.645,111.691
1532667600,111.692,111.804,111.513,111.532
1532682000,111.533,111.577,111.329,111.342
1532696400,111.343,111.651,111.343,111.54
1532710800,111.541,111.677,111.51,111.633
1532898000,111.519,111.688,111.482,111.646
1532912400,111.647,111.716,111.587,111.644
1532926800,111.645,111.845,111.59,111.822
1532941200,111.821,111.994,111.804,111.98
1532955600,111.98,112.315,111.937,112.277
1532970000,112.278,112.4,112.268,112.367
1532984400,112.357,112.402,112.244,112.309
1532998800,112.307,112.75,112.15,112.469
1533013200,112.474,112.945,112.431,112.91
1533027600,112.913,112.945,112.766,112.899
1533042000,112.903,113.183,112.855,112.967
1533056400,112.967,113.038,112.854,112.936
1533070800,112.937,112.979,112.792,112.89
1533085200,112.891,112.925,112.744,112.773
1533099600,112.771,113.104,112.714,112.87
1533114000,112.87,112.962,112.833,112.896
1533128400,112.896,112.913,112.519,112.593
1533142800,112.595,112.651,112.429,112.62
1533157200,112.623,112.678,112.504,112.59
1533171600,112.592,112.619,112.315,112.383
1533186000,112.381,112.443,112.178,112.185
1533200400,112.184,112.231,111.927,112.058
1533214800,112.057,112.271,112.021,112.237
1533229200,112.236,112.306,112.14,112.185
1533243600,112.184,112.36,112.119,112.222
1533258000,112.223,112.238,112.1,112.193
1533272400,112.191,112.297,112.088,112.294
1533286800,112.294,112.329,112.061,112.092
1533301200,112.093,112.101,111.846,112.053
1533315600,112.052,112.055,111.849,111.921
1533502800,111.883,111.913,111.799,111.8
1533517200,111.799,111.953,111.761,111.862
1533531600,111.861,111.871,111.701,111.726
1533546000,111.725,111.861,111.692,111.729
1533560400,111.729,111.856,111.631,111.809
1533574800,111.809,111.816,111.748,111.755
1533589200,111.754,111.84,111.649,111.682
1533603600,111.681,111.767,111.679,111.765
1533618000,111.765,111.88,111.689,111.802
1533632400,111.801,111.815,111.7,111.758
1533646800,111.758,111.837,111.685,111.783
1533661200,111.783,111.964,111.763,111.872
1533675600,111.87,111.939,111.808,111.92
1533690000,111.92,112.028,111.885,111.92
1533704400,111.922,111.959,111.34,111.355
1533718800,111.354,111.553,111.336,111.471
1533733200,111.471,111.654,111.417,111.586
1533747600,111.586,111.774,111.582,111.735
1533762000,111.736,111.838,111.517,111.56
1533776400,111.56,111.661,111.469,111.649
1533790800,111.65,111.83,111.617,111.8
1533805200,111.8,111.98,111.753,111.841
1533819600,111.843,112.092,111.77,111.937
1533834000,111.936,111.943,111.758,111.803
1533848400,111.8,111.956,111.56,111.611
1533862800,111.611,111.742,111.418,111.435
1533877200,111.436,111.55,111.107,111.501
1533891600,111.502,111.74,111.407,111.67
1533906000,111.671,111.759,111.144,111.227
1533920400,111.226,111.525,111.083,111.349
1534107600,111.082,111.408,111.028,111.093
1534122000,111.093,111.114,110.822,110.918
1534136400,110.919,111.243,110.709,110.946
1534150800,110.947,111.433,110.895,111.356
1534165200,111.356,111.636,111.284,111.396
1534179600,111.392,111.514,111.294,111.43
1534194000,111.427,111.614,111.318,111.458
1534208400,111.459,111.574,111.38,111.453
1534222800,111.453,112.087,111.42,111.799
1534237200,111.798,112.061,111.702,111.84
1534251600,111.835,111.887,111.571,111.803
1534266000,111.803,111.962,111.756,111.791
1534280400,111.797,111.947,111.779,111.882
1534294800,111.883,111.916,111.6,111.709
1534309200,111.712,111.745,111.497,111.604
1534323600,111.603,111.644,111.148,111.165
1534338000,111.167,111.411,110.972,111.396
1534352400,111.394,111.493,111.239,111.459
1534366800,111.459,111.463,111.219,111.306
1534381200,111.308,111.721,111.202,111.632
1534395600,111.631,111.81,111.471,111.566
1534410000,111.568,111.627,111.307,111.333
1534424400,111.333,111.548,111.207,111.313
1534438800,111.315,111.37,111.197,111.262
1534453200,111.238,111.322,111.132,111.162
1534467600,111.161,111.27,111.114,111.219
1534482000,111.218,111.298,111.11,111.149
1534496400,111.149,111.16,110.818,110.999
1534510800,111,111.123,110.943,111.012
1534525200,111.012,111.201,110.941,111.038
1534712400,111.149,111.149,110.946,111.06
1534726800,111.061,111.227,111.044,111.19
1534741200,111.189,111.239,111.048,111.074
1534755600,111.074,111.143,110.986,111.05
1534770000,111.051,111.205,110.977,111.066
1534784400,111.069,111.12,110.998,110.999
1534798800,110.998,111.246,110.932,111.161
1534813200,111.16,111.412,111.096,111.34
1534827600,111.342,111.648,111.291,111.617
1534842000,111.616,111.774,111.576,111.771
1534856400,111.764,112.024,111.676,112.01
1534870800,112.009,112.149,111.857,111.955
1534885200,111.956,111.956,111.779,111.941
1534899600,111.942,112.25,111.929,112.175
1534914000,112.175,112.247,112.056,112.203
1534928400,112.204,112.473,112.169,112.459
1534942800,112.458,112.516,112.334,112.375
1534957200,112.375,112.488,112.35,112.463
1534971600,112.453,112.583,112.389,112.544
1534986000,112.545,112.626,112.472,112.515
1535000400,112.515,112.79,112.48,112.788
1535014800,112.789,112.821,112.637,112.688
1535029200,112.689,112.969,112.623,112.884
1535043600,112.883,112.891,112.754,112.849
1535058000,112.85,112.995,112.827,112.965
1535072400,112.968,113.053,112.884,113.039
1535086800,113.039,113.191,112.998,113.182
1535101200,113.183,113.274,113.057,113.161
1535115600,113.16,113.305,113.043,113.145
1535130000,113.147,113.187,113.086,113.125
1535317200,113.151,113.35,113.136,113.192
1535331600,113.193,113.195,112.89,112.911
1535346000,112.91,113.098,112.795,113.039
1535360400,113.04,113.109,112.948,113.011
1535374800,113.012,113.419,112.998,113.415
1535389200,113.416,113.457,113.362,113.392
1535403600,113.38,113.548,113.28,113.522
1535418000,113.522,113.574,113.447,113.45
1535432400,113.449,113.753,113.398,113.694
1535446800,113.694,113.844,113.645,113.834
1535461200,113.834,113.97,113.782,113.947
1535475600,113.944,113.965,113.837,113.879
1535490000,113.883,113.967,113.759,113.854
1535504400,113.855,113.983,113.829,113.907
1535518800,113.906,113.967,113.738,113.839
1535533200,113.84,114.196,113.758,114.163
1535547600,114.162,115.023,114.149,114.982
1535562000,114.98,115.122,114.868,115.069
1535576400,115.072,115.141,114.993,115.087
1535590800,115.086,115.118,114.916,114.995
1535605200,114.994,115.297,114.925,115.059
1535619600,115.059,115.062,114.761,114.766
1535634000,114.765,114.827,114.441,114.581
1535648400,114.581,114.669,114.454,114.52
1535662800,114.513,114.635,114.44,114.59
1535677200,114.589,114.712,114.562,114.645
1535691600,114.646,114.941,114.448,114.465
1535706000,114.465,114.659,114.35,114.381
1535720400,114.384,114.803,114.284,114.507
1535734800,114.51,114.701,114.444,114.62
1535922000,114.563,114.68,114.431,114.451
1535936400,114.451,114.476,114.279,114.364
1535950800,114.364,114.532,114.348,114.377
1535965200,114.375,114.601,114.369,114.538
1535979600,114.537,114.684,114.529,114.623
1535994000,114.625,114.673,114.56,114.607
1536008400,114.585,114.698,114.412,114.505
1536022800,114.505,114.623,114.413,114.587
1536037200,114.589,114.753,114.455,114.572
1536051600,114.573,114.575,114.143,114.284
1536066000,114.283,114.318,114.031,114.308
1536080400,114.308,114.433,114.251,114.362
1536094800,114.326,114.619,114.236,114.614
1536109200,114.611,114.691,114.524,114.57
1536123600,114.571,114.601,114.23,114.432
1536138000,114.431,114.64,114.378,114.408
1536152400,114.407,114.943,114.407,114.744
1536166800,114.744,114.808,114.687,114.77
1536181200,114.771,114.822,114.683,114.769
1536195600,114.77,114.823,114.661,114.759
1536210000,114.76,114.903,114.659,114.846
1536224400,114.848,114.939,114.728,114.801
1536238800,114.8,114.857,114.406,114.566
1536253200,114.562,114.824,114.509,114.753
1536267600,114.747,114.756,114.34,114.477
1536282000,114.48,114.609,114.441,114.584
1536296400,114.585,114.774,114.508,114.729
1536310800,114.727,114.848,114.654,114.749
1536325200,114.748,115.1,114.377,114.518
1536339600,114.52,114.646,114.484,114.552
1536526800,114.61,114.643,114.435,114.518
1536541200,114.517,114.523,114.368,114.405
1536555600,114.404,114.528,114.284,114.347
1536570000,114.346,114.397,113.991,114.122
1536584400,114.124,114.286,113.944,114.022
1536598800,114.021,114.09,113.951,113.974
1536613200,113.975,114.244,113.936,114.196
1536627600,114.196,114.334,114.128,114.281
1536642000,114.282,114.605,114.216,114.349
1536656400,114.349,114.428,114.214,114.357
1536670800,114.357,114.69,114.342,114.627
1536685200,114.627,114.821,114.582,114.82
1536699600,114.802,114.822,114.529,114.587
1536714000,114.587,114.614,114.427,114.454
1536728400,114.455,114.616,114.357,114.417
1536742800,114.419,114.599,114.346,114.349
1536757200,114.35,114.815,114.324,114.7
1536771600,114.701,114.731,114.582,114.59
1536786000,114.589,114.856,114.524,114.848
1536800400,114.849,114.971,114.789,114.884
1536814800,114.885,115.046,114.881,114.916
1536829200,114.915,115.348,114.868,115.346
1536843600,115.352,115.742,115.254,115.621
1536858000,115.621,116.006,115.619,115.948
1536872400,115.943,116.09,115.776,115.981
1536886800,115.98,115.991,115.848,115.901
1536901200,115.902,116.102,115.878,116.004
1536915600,116.003,116.09,115.901,115.983
1536930000,115.982,116.081,115.75,115.88
1536944400,115.879,115.894,115.717,115.738
1537131600,115.782,115.899,115.716,115.887
1537146000,115.886,115.918,115.735,115.762
1537160400,115.761,116.024,115.72,116.007
1537174800,116.007,116.468,115.969,116.337
1537189200,116.339,116.441,116.231,116.36
1537203600,116.36,116.419,116.178,116.195
1537218000,116.195,116.242,115.988,116.101
1537232400,116.101,116.436,116.062,116.395
1537246800,116.396,116.791,116.311,116.56
1537261200,116.56,116.74,116.428,116.724
1537275600,116.725,116.917,116.429,116.482
1537290000,116.483,116.541,116.374,116.494
1537304400,116.492,116.633,116.396,116.41
1537318800,116.411,116.577,116.363,116.522
1537333200,116.523,116.575,116.381,116.416
1537347600,116.415,116.421,115.82,115.939
1537362000,115.939,116.152,115.752,116.099
1537376400,116.098,116.153,116.015,116.088
1537390800,116.089,116.179,115.942,116.095
1537405200,116.096,116.11,115.923,115.969
1537419600,115.97,116.256,115.881,116.189
1537434000,116.188,116.729,116.114,116.617
1537448400,116.618,117.181,116.568,117.033
1537462800,117.032,117.322,117.027,117.312
1537477200,117.305,117.413,117.256,117.369
1537491600,117.37,117.651,117.336,117.561
1537506000,117.562,117.983,117.562,117.911
1537520400,117.91,118.064,117.804,117.869
1537534800,117.871,117.873,117.328,117.396
1537549200,117.397,117.551,117.342,117.422
1537736400,117.209,117.475,117.209,117.393
1537750800,117.393,117.396,117.282,117.321
1537765200,117.322,117.482,117.125,117.465
1537779600,117.464,117.564,117.259,117.284
1537794000,117.285,117.558,117,117.087
1537808400,117.087,117.113,116.853,116.972
1537822800,116.978,117.117,116.837,117.039
1537837200,117.037,117.07,116.721,116.809
1537851600,116.81,117.022,116.727,116.784
1537866000,116.783,116.896,116.712,116.796
1537880400,116.799,117.161,116.771,117.137
1537894800,117.136,117.179,117.027,117.073
1537909200,117.071,117.089,116.957,116.964
1537923600,116.965,117.121,116.964,117.046
1537938000,117.045,117.114,116.861,116.926
1537952400,116.929,116.967,116.545,116.573
1537966800,116.574,116.897,116.458,116.858
1537981200,116.86,117.203,116.669,116.687
1537995600,116.676,116.917,116.666,116.897
1538010000,116.897,116.921,116.655,116.729
1538024400,116.73,116.744,116.096,116.241
1538038800,116.24,116.44,116.014,116.087
1538053200,116.089,116.161,115.908,116.033
1538067600,116.032,116.158,115.937,116.02
1538082000,116.021,116.175,115.959,116.13
1538096400,116.128,116.303,116.124,116.268
1538110800,116.263,116.359,116.027,116.155
1538125200,116.144,116.446,115.938,116.117
1538139600,116.116,116.405,116.073,116.249
1538154000,116.248,116.273,115.707,115.836
1538341200,115.943,116.084,115.866,116.029
1538355600,116.03,116.179,115.989,116.044
1538370000,116.046,116.174,115.726,115.762
1538384400,115.762,116.028,115.761,115.851
1538398800,115.852,115.916,115.69,115.836
1538413200,115.836,115.873,115.752,115.759
1538427600,115.762,115.989,115.746,115.788
1538442000,115.787,115.823,115.701,115.776
1538456400,115.777,115.792,115.451,115.579
1538470800,115.578,115.823,115.474,115.713
1538485200,115.712,115.752,115.288,115.439
1538499600,115.44,115.562,115.356,115.505
1538514000,115.503,115.556,115.366,115.405
1538528400,115.406,115.737,115.297,115.475
1538542800,115.476,115.631,115.426,115.514
1538557200,115.515,115.515,115.099,115.18
1538571600,115.181,115.606,115.132,115.556
1538586000,115.556,115.611,115.38,115.418
1538600400,115.418,115.617,115.292,115.335
1538614800,115.336,115.344,115.168,115.254
1538629200,115.256,115.456,115.214,115.25
1538643600,115.25,115.338,114.937,115.047
1538658000,115.044,115.088,114.579,114.648
1538672400,114.648,114.915,114.564,114.861
1538686800,114.861,114.992,114.785,114.924
1538701200,114.926,114.958,114.666,114.695
1538715600,114.693,114.76,114.515,114.534
1538730000,114.536,114.756,114.505,114.686
1538744400,114.685,114.816,114.414,114.574
1538758800,114.573,114.752,114.511,114.691
1538946000,114.636,114.807,114.588,114.794
1538960400,114.795,114.868,114.702,114.835
1538974800,114.836,114.848,114.152,114.179
1538989200,114.18,114.264,114.028,114.058
1539003600,114.058,114.084,113.713,113.723
1539018000,113.723,114.129,113.644,114.086
1539032400,114.085,114.089,113.801,113.876
1539046800,113.878,114.08,113.771,113.924
1539061200,113.923,114.108,113.786,113.86
1539075600,113.86,113.94,113.671,113.913
1539090000,113.916,114.091,113.746,113.962
1539104400,113.962,113.962,113.843,113.851
1539118800,113.844,114.094,113.838,114.078
1539133200,114.077,114.157,114.009,114.064
1539147600,114.064,114.09,113.902,113.981
1539162000,113.982,114.226,113.965,114.035
1539176400,114.035,114.121,113.631,113.742
1539190800,113.742,113.784,113.357,113.392
1539205200,113.391,113.555,113.25,113.508
1539219600,113.509,113.834,113.39,113.731
1539234000,113.73,113.753,113.473,113.521
1539248400,113.521,113.843,113.375,113.68
1539262800,113.678,113.799,113.137,113.241
1539277200,113.241,113.369,113.074,113.362
1539291600,113.361,113.371,113.159,113.337
1539306000,113.336,113.55,113.322,113.495
1539320400,113.494,113.677,113.312,113.355
1539334800,113.354,113.425,113.183,113.27
1539349200,113.271,113.301,112.914,113.018
1539363600,113.017,113.227,112.943,113.119
1539550800,113.249,113.274,112.971,113.022
1539565200,113.023,113.214,112.983,113.14
1539579600,113.139,113.143,112.772,112.885
1539594000,112.886,113.509,112.882,113.477
1539608400,113.477,113.506,113.139,113.236
1539622800,113.236,113.328,113.124,113.193
1539637200,113.197,113.386,113.106,113.365
1539651600,113.366,113.47,113.249,113.311
1539666000,113.31,113.61,113.236,113.537
1539680400,113.535,113.569,113.303,113.517
1539694800,113.516,113.703,113.191,113.345
1539709200,113.345,113.403,113.257,113.308
1539723600,113.309,113.483,113.307,113.458
1539738000,113.458,113.458,113.196,113.234
1539752400,113.233,113.369,113.152,113.213
1539766800,113.212,113.223,112.977,113.165
1539781200,113.164,113.197,112.839,113.09
1539795600,113.089,113.211,112.896,113.179
1539810000,113.177,113.374,113.115,113.281
1539824400,113.279,113.288,113.058,113.101
1539838800,113.104,113.465,112.936,113.28
1539853200,113.279,113.392,112.881,112.934
1539867600,112.933,113.083,112.672,112.788
1539882000,112.788,112.788,112.527,112.697
1539896400,112.701,112.745,112.592,112.659
1539910800,112.659,112.84,112.624,112.783
1539925200,112.784,112.93,112.697,112.863
1539939600,112.86,113.039,112.783,112.849
1539954000,112.849,113.101,112.734,112.818
1539968400,112.821,113.053,112.733,112.994
1540155600,113.098,113.15,112.695,112.803
1540170000,112.803,113.087,112.779,112.999
1540184400,113,113.426,112.967,113.109
1540198800,113.108,113.255,113.049,113.123
1540213200,113.122,113.252,113.053,113.066
1540227600,113.067,113.294,113.042,113.279
1540242000,113.278,113.304,113.085,113.15
1540256400,113.151,113.224,112.893,112.961
1540270800,112.96,112.991,112.687,112.793
1540285200,112.79,112.982,112.579,112.623
1540299600,112.622,112.876,112.484,112.802
1540314000,112.802,113.037,112.79,113.02
1540328400,113.023,113.072,112.901,112.95
1540342800,112.95,113.22,112.869,113.205
1540357200,113.206,113.221,112.73,112.802
1540371600,112.803,113.009,112.782,112.892
1540386000,112.893,112.929,112.676,112.808
1540400400,112.807,112.807,112.411,112.495
1540414800,112.5,112.501,112.184,112.313
1540429200,112.314,112.572,112.252,112.498
1540443600,112.5,112.618,112.389,112.525
1540458000,112.523,112.6,112.278,112.492
1540472400,112.493,112.618,112.241,112.59
1540486800,112.592,112.634,112.408,112.554
1540501200,112.536,112.536,112.288,112.334
1540515600,112.334,112.374,112.082,112.212
1540530000,112.212,112.321,111.959,111.971
1540544400,111.971,111.988,111.712,111.863
1540558800,111.865,112.214,111.56,112.137
1540573200,112.132,112.291,112.065,112.219
1540760400,112.154,112.255,112.021,112.179
1540774800,112.179,112.203,111.97,112.167
1540789200,112.167,112.229,111.959,111.999
1540803600,111.995,112.496,111.899,112.33
1540818000,112.328,112.535,112.232,112.275
1540832400,112.275,112.348,112.073,112.158
1540846800,112.158,112.332,112.105,112.289
1540861200,112.288,112.514,112.248,112.481
1540875600,112.479,112.612,112.443,112.52
1540890000,112.52,112.77,112.423,112.729
1540904400,112.729,112.749,112.163,112.327
1540918800,112.328,112.539,112.188,112.538
1540933200,112.544,112.625,112.444,112.623
1540947600,112.622,112.694,112.529,112.651
1540962000,112.652,112.739,112.456,112.691
1540976400,112.692,112.696,112.427,112.467
1540990800,112.467,112.745,111.973,112.011
1541005200,112.012,112.168,111.963,111.986
1541019600,111.988,112.127,111.873,111.933
1541034000,111.934,112.192,111.91,112.136
1541048400,112.135,112.556,112.113,112.552
1541062800,112.553,112.663,112.408,112.463
1541077200,112.462,112.678,112.244,112.465
1541091600,112.464,112.575,112.369,112.48
1541106000,112.479,112.589,112.286,112.538
1541120400,112.539,112.828,112.444,112.793
1541134800,112.794,112.953,112.774,112.832
1541149200,112.828,113.234,112.733,112.942
1541163600,112.941,112.975,112.632,112.791
1541178000,112.792,112.856,112.722,112.821
1541368800,112.809,112.927,112.691,112.715
1541383200,112.716,112.828,112.665,112.773
1541397600,112.774,112.904,112.654,112.712
1541412000,112.712,112.736,112.491,112.637
1541426400,112.631,112.713,112.559,112.625
1541440800,112.624,112.834,112.622,112.689
1541455200,112.688,112.844,112.626,112.747
1541469600,112.749,112.836,112.687,112.834
1541484000,112.835,112.978,112.662,112.666
1541498400,112.665,112.918,112.562,112.903
1541512800,112.902,113.075,112.846,113.068
1541527200,113.068,113.183,112.985,113.148
1541541600,113.149,113.239,112.976,113.131
1541556000,113.131,113.339,113.061,113.089
1541570400,113.086,113.452,112.956,113.436
1541584800,113.437,113.747,113.411,113.617
1541599200,113.617,113.662,113.318,113.393
1541613600,113.394,113.445,113.171,113.271
1541628000,113.306,113.436,113.214,113.351
1541642400,113.352,113.464,113.328,113.44
1541656800,113.441,113.574,113.306,113.394
1541671200,113.393,113.499,113.305,113.392
1541685600,113.391,113.554,113.332,113.44
1541700000,113.44,113.476,113.183,113.393
1541714400,113.391,113.477,113.131,113.167
1541728800,113.177,113.192,113.053,113.138
1541743200,113.139,113.142,112.849,112.974
1541757600,112.976,113.259,112.943,113.194
1541772000,113.193,113.242,113.004,113.174
1541786400,113.174,113.221,113.09,113.171
1541973600,113.196,113.326,113.131,113.278
1541988000,113.279,113.342,113.197,113.263
1542002400,113.264,113.342,112.866,112.869
1542016800,112.869,112.905,112.726,112.863
1542031200,112.862,112.88,112.658,112.813
1542045600,112.814,112.818,112.535,112.608
1542060000,112.606,112.768,112.456,112.644
1542074400,112.645,112.927,112.542,112.797
1542088800,112.798,112.999,112.72,112.887
1542103200,112.886,112.965,112.685,112.77
1542117600,112.771,113.087,112.702,112.921
1542132000,112.921,113.026,112.838,113.01
1542146400,113.009,113.29,112.852,113.179
1542160800,113.178,113.217,113.05,113.116
1542175200,113.117,113.175,112.75,112.793
1542189600,112.793,112.996,112.721,112.874
1542204000,112.874,113.179,112.748,112.792
1542218400,112.791,113.068,112.689,112.878
1542232800,112.872,113.005,112.696,112.715
1542247200,112.715,112.87,112.695,112.806
1542261600,112.805,113.026,112.631,112.636
1542276000,112.635,112.907,112.497,112.587
1542290400,112.593,112.873,112.514,112.651
1542304800,112.65,113.03,112.599,112.887
1542319200,112.931,112.953,112.71,112.769
1542333600,112.768,112.777,112.612,112.649
1542348000,112.649,112.665,112.503,112.597
1542362400,112.598,112.598,112.197,112.512
1542376800,112.512,112.927,112.474,112.849
1542391200,112.843,112.927,112.71,112.71
1542578400,112.8,112.892,112.638,112.719
1542592800,112.718,112.762,112.652,112.752
1542607200,112.753,113.033,112.712,112.976
1542621600,112.975,113.277,112.959,113.239
1542636000,113.238,113.324,113.09,113.29
1542650400,113.29,113.314,113.199,113.284
1542664800,113.285,113.426,113.201,113.398
1542679200,113.397,113.509,113.312,113.356
1542693600,113.355,113.508,113.188,113.266
1542708000,113.268,113.416,113.195,113.247
1542722400,113.246,113.397,113.049,113.287
1542736800,113.29,113.402,113.225,113.331
1542751200,113.343,113.499,113.269,113.453
1542765600,113.452,113.575,113.449,113.484
1542780000,113.483,113.627,113.419,113.572
1542794400,113.573,113.861,113.548,113.608
1542808800,113.607,113.733,113.491,113.689
1542823200,113.688,113.776,113.668,113.676
1542837600,113.675,113.84,113.598,113.633
1542852000,113.631,113.731,113.608,113.719
1542866400,113.719,113.808,113.574,113.653
1542880800,113.652,113.8,113.458,113.492
1542895200,113.491,113.631,113.475,113.541
1542909600,113.541,113.659,113.481,113.531
1542924000,113.527,113.65,113.439,113.643
1542938400,113.642,113.656,113.466,113.489
1542952800,113.488,113.582,113.25,113.341
1542967200,113.34,113.368,113.087,113.178
1542981600,113.174,113.201,113.042,113.094
1542996000,113.094,113.293,113.069,113.287
1543183200,113.248,113.463,113.158,113.44
1543197600,113.44,113.577,113.388,113.531
1543212000,113.53,113.773,113.504,113.617
1543226400,113.616,113.633,113.467,113.558
1543240800,113.555,113.808,113.495,113.717
1543255200,113.715,113.798,113.665,113.792
1543269600,113.787,113.793,113.594,113.604
1543284000,113.603,113.778,113.594,113.742
1543298400,113.742,113.801,113.525,113.632
1543312800,113.631,113.837,113.596,113.746
1543327200,113.744,113.927,113.632,113.838
1543341600,113.839,113.991,113.827,113.911
1543356000,113.901,114.008,113.841,113.88
1543370400,113.881,113.987,113.863,113.959
1543384800,113.961,114.003,113.796,113.822
1543399200,113.824,113.997,113.815,113.976
1543413600,113.976,114.262,113.921,114.217
1543428000,114.218,114.413,114.164,114.345
1543442400,114.344,114.418,114.241,114.265
1543456800,114.269,114.293,114.116,114.119
1543471200,114.12,114.191,113.951,113.977
1543485600,113.977,113.981,113.75,113.788
1543500000,113.789,113.839,113.631,113.8
1543514400,113.799,113.974,113.766,113.892
1543528800,113.896,113.993,113.735,113.804
1543543200,113.803,113.885,113.715,113.762
1543557600,113.761,114.01,113.739,113.919
1543572000,113.927,113.972,113.694,113.747
1543586400,113.748,113.788,113.522,113.78
1543600800,113.784,113.791,113.571,113.591
1543788000,113.719,113.944,113.676,113.837
1543802400,113.837,113.855,113.69,113.781
1543816800,113.782,113.872,113.652,113.721
1543831200,113.72,113.773,113.593,113.734
1543845600,113.733,113.964,113.725,113.84
1543860000,113.839,113.965,113.768,113.965
1543874400,113.964,114.007,113.625,113.666
1543888800,113.666,113.726,113.48,113.546
1543903200,113.546,113.617,113.329,113.497
1543917600,113.498,113.524,113.296,113.344
1543932000,113.345,113.42,112.934,113.007
1543946400,113.005,113.147,112.868,113.063
1543960800,113.057,113.166,112.944,113.121
1543975200,113.116,113.12,112.995,113.04
1543989600,113.044,113.19,113,113.163
1544004000,113.162,113.394,113.162,113.348
1544018400,113.349,113.433,113.09,113.42
1544032800,113.42,113.5,113.407,113.447
1544047200,113.448,113.483,113.143,113.203
1544061600,113.202,113.233,113.008,113.177
1544076000,113.176,113.385,112.916,112.947
1544090400,112.944,113.379,112.903,113.248
1544104800,113.248,113.496,113.166,113.401
1544119200,113.399,113.529,113.3,113.528
1544133600,113.529,113.589,113.329,113.535
1544148000,113.535,113.775,113.498,113.739
1544162400,113.738,113.746,113.493,113.53
1544176800,113.531,113.753,113.483,113.594
1544191200,113.595,113.751,113.545,113.676
1544205600,113.678,113.904,113.673,113.763
1544392800,113.584,113.854,113.568,113.685
1544407200,113.684,113.884,113.668,113.874
1544421600,113.87,113.989,113.764,113.905
1544436000,113.904,114.109,113.811,114.066
1544450400,114.063,114.416,114.034,114.258
1544464800,114.26,114.485,114.214,114.426
1544479200,114.419,114.571,114.263,114.345
1544493600,114.344,114.435,114.257,114.406
1544508000,114.407,114.64,114.326,114.541
1544522400,114.541,114.602,114.404,114.437
1544536800,114.437,114.477,114.072,114.077
1544551200,114.077,114.273,114.013,114.139
1544565600,114.14,114.392,114.101,114.348
1544580000,114.349,114.369,114.252,114.326
1544594400,114.325,114.357,114.125,114.233
1544608800,114.232,114.26,113.827,114
1544623200,113.999,114.218,113.937,114.115
1544637600,114.114,114.142,113.955,114.029
1544652000,114.031,114.183,113.958,114.163
1544666400,114.163,114.201,114.122,114.166
1544680800,114.164,114.422,114.148,114.361
1544695200,114.363,114.448,114.152,114.23
1544709600,114.23,114.431,114.127,114.324
1544724000,114.324,114.384,114.262,114.302
1544738400,114.291,114.441,114.125,114.195
1544752800,114.196,114.201,114.125,114.142
1544767200,114.143,114.268,113.804,113.837
1544781600,113.836,113.996,113.823,113.914
1544796000,113.915,113.947,113.664,113.678
1544810400,113.678,113.692,113.483,113.618
1544997600,113.631,113.831,113.533,113.733
1545012000,113.734,113.791,113.689,113.72
1545026400,113.723,113.821,113.663,113.802
1545040800,113.801,114.167,113.773,114.046
1545055200,114.047,114.053,113.619,113.657
1545069600,113.659,113.662,113.542,113.643
1545084000,113.641,113.68,113.456,113.589
1545098400,113.589,113.604,113.338,113.422
1545112800,113.421,113.498,113.26,113.352
1545127200,113.351,113.546,113.28,113.498
1545141600,113.497,113.553,113.28,113.345
1545156000,113.345,113.436,113.274,113.406
1545170400,113.417,113.429,113.127,113.349
1545184800,113.35,113.367,113.127,113.241
1545199200,113.24,113.36,113.126,113.128
1545213600,113.129,113.218,113.002,113.142
1545228000,113.141,113.289,113.03,113.114
1545242400,113.113,113.281,112.867,113.094
1545256800,113.093,113.261,112.919,113.095
1545271200,113.096,113.099,112.665,112.784
1545285600,112.783,113.165,112.621,113.134
1545300000,113.135,113.266,112.76,112.764
1545314400,112.764,112.81,112.248,112.415
1545328800,112.416,112.767,112.35,112.67
1545343200,112.669,112.772,112.57,112.714
1545357600,112.714,112.872,112.625,112.869
1545372000,112.87,112.911,112.302,112.31
1545386400,112.312,112.379,112.091,112.096
1545400800,112.096,112.231,111.938,112.132
1545415200,112.133,112.178,111.683,111.836
1545602400,111.575,111.858,111.561,111.753
1545616800,111.752,111.867,111.724,111.857
1545631200,111.858,111.86,111.55,111.629
1545645600,111.63,111.94,111.622,111.75
1545660000,111.749,111.905,111.562,111.661
1545674400,111.657,112.055,111.486,111.977
1545688800,111.983,111.99,111.983,111.99
1545775200,111.755,112.06,111.475,111.925
1545789600,111.924,112.058,111.846,111.956
1545804000,111.957,112.04,111.702,111.76
1545818400,111.759,111.797,111.494,111.511
1545832800,111.511,111.678,111.388,111.578
1545847200,111.58,111.92,111.514,111.839
1545861600,111.839,112.379,111.775,111.903
1545876000,111.909,112.072,111.803,112.055
1545890400,112.056,112.072,111.724,111.885
1545904800,111.886,112.146,111.707,112.128
1545919200,112.128,112.522,111.816,112.043
1545933600,112.038,112.555,111.99,112.417
1545948000,112.416,112.547,112.103,112.462
1545962400,112.463,112.511,112.293,112.348
1545976800,112.347,112.393,111.995,112.079
1545991200,112.082,112.744,112.043,112.72
1546005600,112.72,112.732,112.112,112.176
1546020000,112.175,112.191,111.988,112.025
1546207200,112.124,112.289,112.009,112.195
1546221600,112.197,112.275,112.019,112.05
1546236000,112.051,112.151,111.701,111.855
1546250400,111.855,111.918,111.627,111.835
1546264800,111.838,111.849,111.28,111.608
1546279200,111.606,111.78,111.482,111.78
1546380000,111.751,111.816,111.418,111.469
1546394400,111.465,111.471,111.19,111.375
1546408800,111.375,111.461,110.736,110.772
1546423200,110.772,110.948,110.302,110.5
1546437600,110.501,110.689,110.459,110.548
1546452000,110.549,110.564,109.971,110
1546466400,109.971,110.098,105.713,108.9
1546480800,108.899,108.9,108.262,108.463
1546495200,108.464,109.37,108.343,109.138
1546509600,109.139,109.159,108.65,109.007
1546524000,109.006,109.456,108.625,109.259
1546538400,109.259,109.262,108.7,109.125
1546552800,109.124,109.454,108.997,109.342
1546567200,109.343,109.839,109.296,109.656
1546581600,109.656,109.701,109.263,109.451
1546596000,109.452,109.689,109.262,109.486
1546610400,109.486,110.087,109.286,109.987
1546624800,109.987,110.09,109.765,109.987
1546812000,109.969,110.257,109.782,110.084
1546826400,110.084,110.096,109.787,109.912
1546840800,109.918,110.16,109.812,110.13
1546855200,110.132,110.556,110.058,110.524
1546869600,110.524,110.83,110.411,110.75
1546884000,110.749,111.022,110.719,110.98
1546898400,110.981,111.046,110.665,110.685
1546912800,110.685,111.042,110.631,110.865
1546927200,110.863,111.184,110.833,111.042
1546941600,111.043,111.043,110.679,110.789
1546956000,110.788,110.957,110.602,110.721
1546970400,110.72,110.869,110.669,110.821
1546984800,110.82,110.979,110.733,110.906
1546999200,110.905,111.082,110.883,110.933
1547013600,110.933,111.253,110.877,111.155
1547028000,111.152,111.206,110.946,111.195
1547042400,111.185,111.313,110.699,111.003
1547056800,111.004,111.098,110.859,110.999
1547071200,111,111.191,110.779,111.002
1547085600,110.996,111.034,110.883,110.949
1547100000,110.947,110.971,110.644,110.755
1547114400,110.753,110.871,110.451,110.452
1547128800,110.453,110.519,110.149,110.286
1547143200,110.285,110.318,110.084,110.153
1547157600,110.154,110.27,110.055,110.2
1547172000,110.203,110.248,110.086,110.19
1547186400,110.189,110.367,110.141,110.246
1547200800,110.244,110.348,110.105,110.193
1547215200,110.191,110.39,110.059,110.304
1547229600,110.303,110.358,110.211,110.317
1547416800,110.257,110.334,110.044,110.083
1547431200,110.084,110.136,109.912,109.952
1547445600,109.952,110.159,109.852,110.056
1547460000,110.052,110.188,109.923,110.143
1547474400,110.144,110.483,110.083,110.364
1547488800,110.364,110.381,110.221,110.259
1547503200,110.258,110.643,110.116,110.583
1547517600,110.583,110.838,110.561,110.823
1547532000,110.824,110.84,110.199,110.218
1547546400,110.217,110.308,109.791,110.028
1547560800,110.028,110.217,109.815,109.882
1547575200,109.881,110.108,109.621,110.012
1547589600,110.01,110.072,109.693,109.738
1547604000,109.737,109.872,109.702,109.758
1547618400,109.752,109.946,109.688,109.914
1547632800,109.915,110.084,109.856,109.961
1547647200,109.96,110.111,109.739,110.091
1547661600,110.091,110.243,109.922,110.17
1547676000,110.168,110.31,109.906,109.928
1547690400,109.928,109.991,109.868,109.872
1547704800,109.871,109.903,109.564,109.58
1547719200,109.581,109.737,109.53,109.666
1547733600,109.667,109.724,109.486,109.626
1547748000,109.626,110.095,109.624,109.9
1547762400,109.902,110.069,109.713,110.03
1547776800,110.031,110.113,109.953,110.013
1547791200,110.012,110.228,109.975,110.224
1547805600,110.223,110.277,110.016,110.065
1547820000,110.066,110.357,110.007,110.314
1547834400,110.314,110.371,110.177,110.287
1548021600,110.313,110.492,110.021,110.057
1548036000,110.056,110.267,110.046,110.073
1548050400,110.072,110.185,109.895,109.937
1548064800,109.938,110.033,109.782,109.87
1548079200,109.871,109.971,109.851,109.91
1548093600,109.91,110.011,109.886,109.985
1548108000,109.986,110.028,109.825,109.894
1548122400,109.895,109.908,109.621,109.674
1548136800,109.673,109.807,109.631,109.792
1548151200,109.793,109.851,109.583,109.652
1548165600,109.653,109.787,109.509,109.672
1548180000,109.672,109.716,109.47,109.671
1548194400,109.672,109.957,109.563,109.931
1548208800,109.932,110.078,109.89,109.939
1548223200,109.938,109.983,109.765,109.862
1548237600,109.863,110.065,109.776,110.059
1548252000,110.058,110.251,109.995,110.062
1548266400,110.06,110.248,110.033,110.153
1548280800,110.086,110.258,109.923,110.109
1548295200,110.11,110.253,110.053,110.253
1548309600,110.252,110.446,110.033,110.441
1548324000,110.442,110.447,109.999,110.027
1548338400,110.026,110.226,109.985,109.997
1548352800,109.997,110.058,109.903,110.056
1548367200,110.06,110.248,109.911,110.197
1548381600,110.197,110.382,110.186,110.304
1548396000,110.304,110.389,110.153,110.226
1548410400,110.225,110.311,110.15,110.285
1548424800,110.285,110.622,110.194,110.529
1548439200,110.53,110.568,110.252,110.281
1548626400,110.298,110.36,110.114,110.257
1548640800,110.259,110.323,110.135,110.158
1548655200,110.159,110.295,110.129,110.283
1548669600,110.282,110.414,110.219,110.261
1548684000,110.26,110.299,110.089,110.245
1548698400,110.245,110.299,110.204,110.291
1548712800,110.284,110.318,109.993,110.025
1548727200,110.026,110.236,110.012,110.217
1548741600,110.22,110.44,110.048,110.331
1548756000,110.331,110.352,110.115,110.168
1548770400,110.167,110.188,109.826,109.89
1548784800,109.889,110.012,109.821,109.965
1548799200,109.955,110.031,109.816,109.856
1548813600,109.854,109.919,109.792,109.856
1548828000,109.856,109.871,109.679,109.783
1548842400,109.782,109.859,109.667,109.742
1548856800,109.75,109.861,109.61,109.622
1548871200,109.622,109.833,109.496,109.672
1548885600,109.67,109.784,109.583,109.655
1548900000,109.655,109.737,109.512,109.538
1548914400,109.539,109.581,109.296,109.298
1548928800,109.303,109.463,109.264,109.317
1548943200,109.316,109.786,109.125,109.503
1548957600,109.503,109.597,109.419,109.545
1548972000,109.564,109.633,109.321,109.435
1548986400,109.435,109.589,109.381,109.409
1549000800,109.41,109.695,109.336,109.694
1549015200,109.695,109.77,109.584,109.746
1549029600,109.747,110.247,109.665,110.155
1549044000,110.156,110.178,109.976,109.994
1549231200,110.005,110.163,109.927,110.018
1549245600,110.02,110.122,109.941,110.094
1549260000,110.095,110.279,110.071,110.189
1549274400,110.188,110.273,110.093,110.262
1549288800,110.262,110.339,110.116,110.13
1549303200,110.13,110.167,110.054,110.123
1549317600,110.125,110.254,110.046,110.237
1549332000,110.235,110.239,109.989,110.013
1549346400,110.012,110.097,109.9,109.937
1549360800,109.937,109.943,109.732,109.911
1549375200,109.911,109.987,109.78,109.891
1549389600,109.891,109.986,109.869,109.986
1549404000,109.987,110.035,109.824,109.985
1549418400,109.983,110.051,109.741,109.814
1549432800,109.815,109.84,109.514,109.601
1549447200,109.601,109.82,109.576,109.736
1549461600,109.736,109.744,109.567,109.572
1549476000,109.572,109.763,109.57,109.724
1549490400,109.721,109.855,109.491,109.533
1549504800,109.532,109.707,109.472,109.668
1549519200,109.667,109.816,109.637,109.727
1549533600,109.726,109.728,109.483,109.58
1549548000,109.579,109.703,109.572,109.644
1549562400,109.646,109.73,109.539,109.602
1549576800,109.593,109.65,109.443,109.498
1549591200,109.497,109.593,109.419,109.537
1549605600,109.536,109.729,109.497,109.612
1549620000,109.613,109.74,109.582,109.679
1549634400,109.681,109.783,109.587,109.754
1549648800,109.754,109.839,109.693,109.696
1549836000,109.715,109.934,108.75,109.859
1549850400,109.858,110.016,109.849,110.008
1549864800,110.008,110.132,109.843,109.927
1549879200,109.926,109.985,109.75,109.948
1549893600,109.947,110.031,109.855,109.919
1549908000,109.919,109.976,109.905,109.962
1549922400,109.949,110.047,109.871,109.988
1549936800,109.986,110.18,109.934,110.068
1549951200,110.069,110.154,109.708,109.735
1549965600,109.733,109.737,109.418,109.443
1549980000,109.444,109.812,109.439,109.778
1549994400,109.778,109.849,109.736,109.746
1550008800,109.754,109.935,109.699,109.908
1550023200,109.908,110.063,109.895,110.047
1550037600,110.046,110.118,109.933,110.034
1550052000,110.033,110.157,109.997,110.066
1550066400,110.067,110.155,109.931,109.949
1550080800,109.949,110.082,109.941,109.99
1550095200,109.989,110.079,109.869,110.031
1550109600,110.032,110.209,109.999,110.168
1550124000,110.166,110.228,109.98,110.041
1550138400,110.042,110.147,109.934,109.944
1550152800,109.946,110.07,109.82,110.048
1550167200,110.048,110.096,109.889,109.943
1550181600,109.931,109.999,109.683,109.707
1550196000,109.708,109.749,109.661,109.732
1550210400,109.733,109.89,109.532,109.697
1550224800,109.699,109.845,109.6,109.709
1550239200,109.708,109.865,109.708,109.852
1550253600,109.851,109.932,109.798,109.881
1550440800,109.881,110.159,109.878,110.142
1550455200,110.143,110.211,110.077,110.101
1550469600,110.102,110.225,110.045,110.174
1550484000,110.173,110.273,110.162,110.259
1550498400,110.259,110.317,110.076,110.099
1550512800,110.098,110.174,110.048,110.106
1550527200,110.104,110.16,109.922,109.973
1550541600,109.974,110.09,109.884,110.048
1550556000,110.047,110.408,110.021,110.277
1550570400,110.279,110.358,110.089,110.161
1550584800,110.16,110.566,110.151,110.457
1550599200,110.456,110.591,110.426,110.539
1550613600,110.529,110.837,110.332,110.794
1550628000,110.795,110.795,110.566,110.698
1550642400,110.699,110.816,110.628,110.691
1550656800,110.691,110.815,110.602,110.803
1550671200,110.802,110.871,110.722,110.835
1550685600,110.835,110.872,110.718,110.806
1550700000,110.751,110.923,110.479,110.572
1550714400,110.572,110.751,110.563,110.596
1550728800,110.596,110.748,110.463,110.487
1550743200,110.488,110.693,110.467,110.645
1550757600,110.646,110.718,110.524,110.632
1550772000,110.631,110.637,110.514,110.592
1550786400,110.611,110.638,110.481,110.566
1550800800,110.565,110.674,110.561,110.653
1550815200,110.653,110.818,110.647,110.744
1550829600,110.743,110.839,110.56,110.596
1550844000,110.596,110.789,110.576,110.669
1550858400,110.668,110.735,110.581,110.658
1551045600,110.678,110.875,110.591,110.739
1551060000,110.74,110.782,110.62,110.724
1551074400,110.723,110.773,110.668,110.753
1551088800,110.753,110.924,110.709,110.762
1551103200,110.762,111.149,110.721,111.093
1551117600,111.094,111.104,110.967,110.975
1551132000,110.979,111.052,110.861,110.875
1551146400,110.874,110.875,110.746,110.766
1551160800,110.767,110.93,110.689,110.894
1551175200,110.893,110.899,110.622,110.652
1551189600,110.652,110.786,110.595,110.721
1551204000,110.721,110.737,110.511,110.611
1551218400,110.713,110.713,110.497,110.571
1551232800,110.569,110.583,110.498,110.515
1551247200,110.516,110.77,110.378,110.764
1551261600,110.764,111.004,110.725,110.949
1551276000,110.95,111.093,110.814,110.828
1551290400,110.828,110.923,110.813,110.826
1551304800,110.82,110.989,110.752,110.862
1551319200,110.861,111.083,110.818,110.962
1551333600,110.961,111.273,110.885,111.261
1551348000,111.261,111.614,111.257,111.571
1551362400,111.576,111.795,111.446,111.607
1551376800,111.606,111.735,111.568,111.568
1551391200,111.568,111.927,111.537,111.906
1551405600,111.905,111.959,111.81,111.861
1551420000,111.86,112.034,111.814,111.889
1551434400,111.888,112.08,111.835,112.03
1551448800,112.029,112.169,111.993,112.056
1551463200,112.055,112.098,111.97,111.999
1551650400,112.093,112.134,111.959,112.111
1551664800,112.11,112.11,112.001,112.002
1551679200,112.002,112.033,111.632,111.732
1551693600,111.731,111.965,111.68,111.923
1551708000,111.928,111.989,111.673,111.744
1551722400,111.744,111.883,111.702,111.852
1551736800,111.854,111.993,111.75,111.881
1551751200,111.881,111.975,111.873,111.953
1551765600,111.953,111.977,111.767,111.856
1551780000,111.856,111.922,111.767,111.815
1551794400,111.814,111.902,111.304,111.345
1551808800,111.342,111.445,111.32,111.442
1551823200,111.437,111.593,111.189,111.214
1551837600,111.215,111.278,111.15,111.218
1551852000,111.218,111.392,111.193,111.286
1551866400,111.287,111.383,111.175,111.217
1551880800,111.218,111.358,111.16,111.173
1551895200,111.174,111.272,111.153,111.218
1551909600,111.215,111.371,111.105,111.188
1551924000,111.188,111.247,111.159,111.233
1551938400,111.233,111.275,111.166,111.195
1551952800,111.194,111.249,110.803,110.883
1551967200,110.879,110.88,110.345,110.474
1551981600,110.471,110.475,110.181,110.338
1551996000,110.336,110.441,110.16,110.213
1552010400,110.212,110.337,109.935,109.963
1552024800,109.963,110.065,109.892,110.005
1552039200,110.004,110.159,109.907,110.04
1552053600,110.041,110.362,110,110.255
1552068000,110.255,110.323,110.167,110.287
1552251600,110.16,110.324,110.004,110.012
1552266000,110.012,110.224,110.005,110.178
1552280400,110.177,110.412,110.147,110.369
1552294800,110.37,110.399,110.048,110.062
1552309200,110.063,110.189,109.978,109.994
1552323600,109.994,110.064,109.937,110.037
1552338000,110.037,110.332,110.003,110.322
1552352400,110.322,110.352,110.136,110.136
1552366800,110.135,110.519,110.064,110.518
1552381200,110.519,110.583,110.126,110.285
1552395600,110.285,110.651,110.178,110.624
1552410000,110.624,110.63,110.425,110.504
1552424400,110.504,110.533,110.423,110.479
1552438800,110.48,110.509,110.324,110.44
1552453200,110.441,110.61,110.404,110.602
1552467600,110.604,110.795,110.556,110.669
1552482000,110.67,110.832,110.618,110.702
1552496400,110.701,110.852,110.611,110.679
1552510800,110.738,110.929,110.656,110.857
1552525200,110.858,111.207,110.85,111.089
1552539600,111.088,111.307,111.038,111.226
1552554000,111.227,111.254,111.044,111.142
1552568400,111.143,111.305,111.008,111.258
1552582800,111.258,111.336,111.226,111.282
1552597200,111.28,111.455,111.205,111.423
1552611600,111.422,111.471,111.256,111.413
1552626000,111.412,111.439,111.298,111.306
1552640400,111.306,111.352,111.081,111.082
1552654800,111.084,111.392,111.033,111.177
1552669200,111.176,111.317,111.155,111.245
1552856400,111.198,111.312,111.175,111.291
1552870800,111.29,111.41,111.265,111.356
1552885200,111.356,111.441,111.314,111.404
1552899600,111.405,111.524,111.347,111.411
1552914000,111.41,111.435,111.232,111.243
1552928400,111.242,111.351,111.212,111.277
1552942800,111.265,111.368,111.124,111.2
1552957200,111.201,111.277,111.105,111.212
1552971600,111.211,111.316,111.167,111.288
1552986000,111.289,111.446,111.216,111.445
1553000400,111.441,111.552,111.351,111.429
1553014800,111.43,111.542,111.402,111.497
1553029200,111.499,111.711,111.407,111.681
1553043600,111.68,111.733,111.645,111.661
1553058000,111.661,111.687,111.52,111.572
1553072400,111.573,111.754,111.552,111.659
1553086800,111.658,111.821,111.626,111.782
1553101200,111.78,111.952,111.536,111.56
1553115600,111.558,111.749,111.482,111.708
1553130000,111.709,111.735,111.402,111.488
1553144400,111.487,111.51,111.086,111.232
1553158800,111.233,111.353,111.126,111.342
1553173200,111.341,111.766,111.302,111.46
1553187600,111.461,111.718,111.432,111.713
1553202000,111.714,111.779,111.512,111.541
1553216400,111.542,111.608,111.439,111.592
1553230800,111.593,111.73,111.023,111.036
1553245200,111.036,111.181,110.808,110.855
1553259600,110.854,110.898,110.417,110.527
1553274000,110.524,110.733,110.509,110.574
1553461200,110.542,110.808,110.404,110.458
1553475600,110.457,110.574,110.375,110.549
1553490000,110.548,110.865,110.479,110.79
1553504400,110.798,110.937,110.793,110.854
1553518800,110.854,111.024,110.725,110.858
1553533200,110.857,110.924,110.654,110.809
1553547600,110.809,111.07,110.744,111.066
1553562000,111.065,111.131,110.846,110.888
1553576400,110.889,110.966,110.83,110.9
1553590800,110.9,111.25,110.889,111.118
1553605200,111.119,111.274,111.11,111.247
1553619600,111.245,111.261,111.113,111.259
1553634000,111.258,111.338,111.025,111.158
1553648400,111.159,111.166,110.947,111.075
1553662800,111.074,111.26,110.967,111.218
1553677200,111.219,111.377,111.002,111.168
1553691600,111.169,111.228,110.858,111.065
1553706000,111.066,111.144,110.932,111.082
1553720400,111.093,111.133,110.849,110.868
1553734800,110.867,110.887,110.642,110.676
1553749200,110.675,110.747,110.486,110.736
1553763600,110.735,110.984,110.703,110.901
1553778000,110.901,111.187,110.899,111.079
1553792400,111.078,111.166,111.003,111.122
1553806800,111.123,111.445,111.096,111.39
1553821200,111.389,111.436,111.136,111.208
1553835600,111.208,111.335,111.031,111.313
1553850000,111.314,111.378,111.149,111.282
1553864400,111.281,111.46,111.008,111.314
1553878800,111.313,111.385,111.191,111.343
1554066000,111.591,111.601,111.425,111.589
1554080400,111.59,111.622,111.458,111.497
1554094800,111.497,111.746,111.474,111.679
1554109200,111.675,111.736,111.422,111.502
1554123600,111.504,111.538,111.351,111.526
1554138000,111.526,111.532,111.432,111.5
1554152400,111.535,111.588,111.411,111.452
1554166800,111.453,111.527,111.378,111.457
1554181200,111.456,111.539,111.381,111.411
1554195600,111.41,111.514,111.329,111.499
1554210000,111.496,111.56,111.358,111.552
1554224400,111.551,111.644,111.485,111.551
1554238800,111.552,111.732,111.431,111.699
1554253200,111.698,111.823,111.621,111.623
1554267600,111.622,111.948,111.611,111.906
1554282000,111.905,111.952,111.812,111.868
1554296400,111.865,111.895,111.769,111.785
1554310800,111.785,111.821,111.675,111.683
1554325200,111.684,111.809,111.653,111.756
1554339600,111.756,111.786,111.6,111.631
1554354000,111.632,111.699,111.523,111.57
1554368400,111.571,111.622,111.492,111.515
1554382800,111.512,111.639,111.491,111.562
1554397200,111.563,111.687,111.507,111.682
1554411600,111.69,112.006,111.631,111.712
1554426000,111.711,111.733,111.626,111.687
1554440400,111.686,111.738,111.611,111.691
1554454800,111.69,111.717,111.598,111.654
1554469200,111.655,111.747,111.614,111.697
1554483600,111.697,111.767,111.664,111.733
1554670800,111.677,111.758,111.447,111.53
1554685200,111.53,111.594,111.456,111.568
1554699600,111.566,111.569,111.433,111.441
1554714000,111.442,111.52,111.42,111.458
1554728400,111.457,111.603,111.456,111.58
1554742800,111.583,111.637,111.574,111.618
1554757200,111.622,111.656,111.504,111.514
1554771600,111.514,111.553,111.413,111.486
1554786000,111.487,111.56,111.364,111.52
1554800400,111.521,111.533,111.163,111.168
1554814800,111.167,111.272,111.041,111.116
1554829200,111.115,111.209,111.101,111.162
1554843600,111.16,111.213,111.098,111.151
1554858000,111.15,111.199,111.064,111.099
1554872400,111.098,111.179,111.012,111.03
1554886800,111.029,111.23,111.01,111.017
1554901200,111.016,111.057,110.59,110.606
1554915600,110.606,110.746,110.606,110.717
1554930000,110.716,110.881,110.618,110.829
1554944400,110.83,110.881,110.766,110.821
1554958800,110.82,111.034,110.809,110.964
1554973200,110.964,110.989,110.797,110.83
1554987600,110.831,111.251,110.827,111.234
1555002000,111.233,111.318,111.172,111.296
1555016400,111.281,111.539,111.278,111.492
1555030800,111.492,111.509,111.384,111.464
1555045200,111.465,111.837,111.456,111.788
1555059600,111.786,111.973,111.735,111.968
1555074000,111.967,111.971,111.767,111.802
1555088400,111.801,111.809,111.664,111.754
1555275600,111.749,111.815,111.671,111.675
1555290000,111.674,111.761,111.651,111.722
1555304400,111.721,111.825,111.686,111.704
1555318800,111.705,111.77,111.573,111.745
1555333200,111.746,111.758,111.535,111.538
1555347600,111.538,111.594,111.5,111.58
1555362000,111.581,111.634,111.496,111.539
1555376400,111.538,111.56,111.385,111.54
1555390800,111.541,111.569,111.38,111.386
1555405200,111.385,111.433,111.191,111.264
1555419600,111.264,111.328,111.09,111.118
1555434000,111.118,111.19,111.108,111.108
1555448400,111.1,111.242,111.063,111.228
1555462800,111.229,111.257,111.06,111.144
1555477200,111.145,111.196,111.072,111.143
1555491600,111.142,111.199,110.933,110.991
1555506000,110.992,111.026,110.786,110.79
1555520400,110.79,110.918,110.788,110.866
1555534800,110.867,110.893,110.745,110.782
1555549200,110.783,110.828,110.694,110.768
1555563600,110.767,110.852,110.574,110.666
1555578000,110.668,110.711,110.5,110.52
1555592400,110.519,110.526,110.213,110.25
1555606800,110.254,110.296,110.183,110.259
1555621200,110.26,110.347,110.241,110.269
1555635600,110.269,110.354,110.212,110.259
1555650000,110.26,110.465,110.234,110.439
1555664400,110.44,110.44,110.374,110.397
1555678800,110.397,110.409,110.264,110.311
1555693200,110.309,110.368,110.267,110.357
1555880400,110.39,110.392,110.243,110.373
1555894800,110.372,110.386,110.27,110.292
1555909200,110.293,110.329,110.257,110.288
1555923600,110.288,110.316,110.249,110.249
1555938000,110.248,110.282,110.172,110.219
1555952400,110.219,110.266,110.163,110.265
1555966800,110.266,110.269,109.923,109.927
1555981200,109.926,110.122,109.881,110.102
1555995600,110.101,110.175,109.812,109.833
1556010000,109.831,109.844,109.571,109.612
1556024400,109.611,109.626,109.456,109.495
1556038800,109.494,109.688,109.492,109.623
1556053200,109.625,109.703,109.557,109.648
1556067600,109.649,109.708,109.476,109.618
1556082000,109.614,109.916,109.531,109.876
1556096400,109.875,109.9,109.76,109.774
1556110800,109.775,109.875,109.647,109.649
1556125200,109.65,110.01,109.626,109.976
1556139600,110.087,110.105,109.887,109.914
1556154000,109.913,109.937,109.714,109.845
1556168400,109.845,109.845,109.516,109.76
1556182800,109.762,109.771,109.466,109.551
1556197200,109.55,109.618,109.29,109.439
1556211600,109.441,109.506,109.39,109.5
1556226000,109.502,109.561,109.327,109.509
1556240400,109.508,109.661,109.483,109.553
1556254800,109.554,109.603,109.422,109.498
1556269200,109.497,109.618,109.45,109.531
1556283600,109.531,109.638,109.422,109.595
1556298000,109.594,109.654,109.447,109.511
1556485200,109.499,109.562,109.493,109.533
1556499600,109.532,109.614,109.506,109.583
1556514000,109.584,109.703,109.541,109.693
1556528400,109.694,109.751,109.488,109.571
1556542800,109.572,109.756,109.562,109.699
1556557200,109.7,109.732,109.545,109.558
1556571600,109.558,109.612,109.491,109.59
1556586000,109.589,109.589,109.444,109.465
1556600400,109.466,109.49,109.292,109.435
1556614800,109.44,109.493,109.146,109.317
1556629200,109.319,109.38,109.212,109.331
1556643600,109.332,109.429,109.312,109.354
1556658000,109.384,109.431,109.324,109.421
1556672400,109.422,109.452,109.393,109.427
1556686800,109.426,109.622,109.385,109.612
1556701200,109.612,109.708,109.575,109.688
1556715600,109.689,109.735,109.584,109.657
1556730000,109.657,109.789,109.454,109.454
1556744400,109.453,109.628,109.312,109.628
1556758800,109.626,109.702,109.591,109.668
1556773200,109.669,109.681,109.404,109.5
1556787600,109.499,109.524,109.377,109.486
1556802000,109.487,109.522,109.327,109.443
1556816400,109.444,109.465,109.373,109.465
1556830800,109.467,109.48,109.318,109.322
1556845200,109.321,109.392,109.292,109.318
1556859600,109.316,109.361,109.271,109.315
1556874000,109.316,109.418,109.168,109.314
1556888400,109.315,109.4,109.207,109.351
1556902800,109.352,109.372,109.172,109.309
1557090000,108.894,109.068,108.576,108.581
1557104400,108.582,109.106,108.557,109.106
1557118800,109.105,109.117,108.802,108.811
1557133200,108.81,108.912,108.711,108.793
1557147600,108.792,108.979,108.733,108.964
1557162000,108.964,109.05,108.768,108.768
1557176400,108.831,108.953,108.618,108.836
1557190800,108.837,108.903,108.772,108.882
1557205200,108.881,109.024,108.543,108.555
1557219600,108.554,108.622,108.34,108.409
1557234000,108.41,108.42,107.936,108.046
1557248400,108.047,108.227,107.968,108.162
1557262800,108.157,108.236,107.989,108.052
1557277200,108.051,108.114,107.881,107.943
1557291600,107.943,108.277,107.923,108.221
1557306000,108.22,108.235,108.023,108.124
1557320400,108.125,108.27,107.992,108.002
1557334800,108.003,108.036,107.869,107.914
1557349200,107.915,107.988,107.655,107.725
1557363600,107.725,107.826,107.615,107.713
1557378000,107.714,107.821,107.662,107.79
1557392400,107.789,108.021,107.735,107.967
1557406800,107.97,108.283,107.955,108.218
1557421200,108.214,108.227,108.055,108.128
1557435600,108.13,108.243,108.072,108.197
1557450000,108.196,108.349,108.115,108.156
1557464400,108.155,108.379,108.071,108.364
1557478800,108.363,108.528,108.257,108.437
1557493200,108.437,108.541,108.28,108.427
1557507600,108.426,108.797,108.408,108.7
1557694800,108.429,108.9,108.429,108.53
1557709200,108.529,108.621,108.514,108.558
1557723600,108.559,108.689,108.468,108.605
1557738000,108.604,108.817,108.397,108.415
1557752400,108.415,108.581,108.396,108.512
1557766800,108.513,108.711,108.486,108.616
1557781200,108.613,108.757,108.551,108.748
1557795600,108.748,109.003,108.719,108.945
1557810000,108.945,108.992,108.803,108.86
1557824400,108.86,108.884,108.619,108.688
1557838800,108.688,108.769,108.568,108.657
1557853200,108.657,108.72,108.601,108.674
1557867600,108.674,108.743,108.613,108.718
1557882000,108.718,108.778,108.662,108.697
1557896400,108.697,108.878,108.654,108.799
1557910800,108.799,108.813,108.347,108.411
1557925200,108.411,108.809,108.315,108.434
1557939600,108.434,108.663,108.426,108.655
1557954000,108.655,108.69,108.515,108.57
1557968400,108.57,108.608,108.48,108.569
1557982800,108.569,108.682,108.525,108.676
1557997200,108.676,108.735,108.541,108.628
1558011600,108.628,108.901,108.601,108.801
1558026000,108.801,108.812,108.691,108.759
1558040400,108.759,108.859,108.715,108.847
1558054800,108.847,108.91,108.671,108.701
1558069200,108.701,108.767,108.552,108.622
1558083600,108.622,108.657,108.371,108.491
1558098000,108.491,108.798,108.462,108.793
1558112400,108.793,108.985,108.777,108.896
1558299600,108.896,109.058,108.86,108.999
1558314000,108.999,109.088,108.902,108.912
1558328400,108.912,109.057,108.818,109.012
1558342800,109.012,109.092,108.812,108.949
1558357200,108.949,109.09,108.892,109.065
1558371600,109.065,109.133,109.019,109.133
1558386000,109.133,109.208,109.062,109.113
1558400400,109.113,109.219,109.086,109.101
1558414800,109.101,109.108,108.88,109.006
1558429200,109.006,109.361,108.984,109.345
1558443600,109.345,109.625,109.296,109.48
1558458000,109.48,109.509,109.246,109.287
1558472400,109.287,109.386,109.274,109.313
1558486800,109.313,109.4,109.142,109.163
1558501200,109.163,109.311,109.119,109.248
1558515600,109.248,109.608,109.232,109.568
1558530000,109.568,109.63,109.293,109.318
1558544400,109.318,109.398,109.264,109.299
1558558800,109.299,109.349,109.168,109.195
1558573200,109.195,109.414,109.137,109.379
1558587600,109.379,109.414,109.095,109.137
1558602000,109.137,109.255,108.998,109.142
1558616400,109.142,109.209,108.929,109.134
1558630800,109.134,109.255,109.131,109.241
1558645200,109.241,109.308,109.145,109.262
1558659600,109.262,109.33,109.107,109.151
1558674000,109.151,109.376,109.114,109.232
1558688400,109.232,109.422,109.194,109.271
1558702800,109.271,109.389,109.111,109.2
1558717200,109.2,109.248,109.084,109.089
1558933200,108.877,108.953,108.846,108.863
1558947600,108.863,108.972,108.848,108.931
1558962000,108.931,109.121,108.873,109.078
1558976400,109.078,109.125,109.07,109.092
1558990800,109.092,109.164,109.028,109.145
1559005200,109.145,109.155,108.92,109.012
1559019600,109.012,109.104,108.781,108.829
1559034000,108.829,108.97,108.74,108.783
1559048400,108.783,108.857,108.473,108.558
1559062800,108.558,108.646,108.499,108.536
1559077200,108.536,108.582,108.401,108.539
1559091600,108.539,108.725,108.524,108.557
1559106000,108.557,108.686,108.461,108.621
1559120400,108.621,108.727,108.556,108.616
1559134800,108.616,108.63,108.443,108.593
1559149200,108.593,108.763,108.579,108.71
1559163600,108.71,108.796,108.631,108.654
1559178000,108.654,108.929,108.645,108.9
1559192400,108.9,108.915,108.692,108.705
1559206800,108.705,108.845,108.623,108.768
1559221200,108.768,108.996,108.733,108.85
1559235600,108.85,108.858,108.693,108.773
1559250000,108.773,108.806,108.511,108.634
1559264400,108.634,108.732,108.405,108.44
1559278800,108.44,108.456,108.167,108.216
1559293200,108.216,108.423,108.092,108.228
1559307600,108.228,108.349,107.925,108.316
1559322000,108.316,108.439,108.164,108.263
1559509200,108.263,108.425,108.076,108.4
1559523600,108.4,108.447,108.275,108.31
1559538000,108.31,108.707,108.307,108.614
1559552400,108.614,108.652,108.378,108.555
1559566800,108.555,108.64,108.418,108.605
1559581200,108.605,108.923,108.583,108.893
1559595600,108.893,108.912,108.726,108.739
1559610000,108.739,108.809,108.666,108.701
1559624400,108.701,108.952,108.649,108.784
1559638800,108.784,108.875,108.681,108.786
1559653200,108.786,109.042,108.744,108.902
1559667600,108.902,109.101,108.852,108.996
1559682000,108.996,109.103,108.934,108.99
1559696400,108.99,109.081,108.926,108.948
1559710800,108.948,109.205,108.928,109.114
1559725200,109.114,109.427,109.105,109.389
1559739600,109.389,109.413,108.926,109.011
1559754000,109.011,109.076,108.943,109.028
1559768400,109.028,109.066,108.833,108.948
1559782800,108.948,108.966,108.802,108.819
1559797200,108.819,108.919,108.697,108.756
1559811600,108.756,109.133,108.636,109.061
1559826000,109.061,109.444,108.977,109.401
1559840400,109.401,109.451,109.294,109.357
1559854800,109.357,109.446,109.284,109.397
1559869200,109.397,109.42,109.343,109.363
1559883600,109.363,109.369,109.122,109.16
1559898000,109.16,109.529,109.113,109.35
1559912400,109.35,109.623,109.274,109.593
1559926800,109.593,109.643,109.477,109.477
1560114000,109.477,109.724,109.477,109.526
1560128400,109.526,109.656,109.479,109.639
1560142800,109.639,109.73,109.598,109.648
1560157200,109.648,109.715,109.515,109.557
1560171600,109.557,109.716,109.483,109.709
1560186000,109.709,109.715,109.538,109.559
1560200400,109.559,109.637,109.506,109.612
1560214800,109.612,109.755,109.598,109.707
1560229200,109.707,109.745,109.627,109.64
1560243600,109.64,109.675,109.503,109.548
1560258000,109.548,109.599,109.283,109.363
1560272400,109.363,109.454,109.331,109.354
1560286800,109.354,109.397,109.263,109.361
1560301200,109.361,109.413,109.291,109.399
1560315600,109.399,109.416,109.136,109.16
1560330000,109.16,109.195,108.953,108.975
1560344400,108.975,109.153,108.966,109.029
1560358800,109.029,109.044,108.957,108.994
1560373200,108.994,109.067,108.964,108.988
1560387600,108.988,109.012,108.786,108.97
1560402000,108.97,109.251,108.745,109.183
1560416400,109.183,109.323,109.09,109.194
1560430800,109.194,109.258,108.983,109.015
1560445200,109.015,109.079,108.99,109.003
1560459600,109.003,109.122,108.983,109.071
1560474000,109.071,109.101,108.952,108.976
1560488400,108.976,109.01,108.726,108.77
1560502800,108.77,108.782,108.608,108.697
1560517200,108.697,108.788,108.486,108.662
1560531600,108.662,108.724,108.61,108.683
1560718800,108.683,108.783,108.598,108.765
1560733200,108.765,108.801,108.614,108.652
1560747600,108.652,108.786,108.608,108.649
1560762000,108.649,108.907,108.63,108.78
1560776400,108.78,108.839,108.684,108.717
1560790800,108.717,108.748,108.624,108.646
1560805200,108.646,108.739,108.623,108.68
1560819600,108.68,108.699,108.508,108.575
1560834000,108.575,108.63,108.301,108.301
1560848400,108.301,108.473,108.227,108.399
1560862800,108.399,108.594,108.221,108.483
1560877200,108.483,108.527,108.389,108.411
1560891600,108.411,108.517,108.36,108.44
1560906000,108.44,108.503,108.282,108.286
1560920400,108.286,108.611,108.247,108.602
1560934800,108.602,108.796,108.549,108.76
1560949200,108.76,108.917,108.685,108.814
1560963600,108.814,108.886,108.723,108.727
1560978000,108.727,108.94,108.641,108.706
1560992400,108.706,108.757,108.574,108.677
1561006800,108.677,109.17,108.607,109.146
1561021200,109.146,109.384,109.098,109.349
1561035600,109.349,109.615,109.308,109.443
1561050000,109.443,109.471,109.27,109.282
1561064400,109.282,109.415,109.238,109.384
1561078800,109.384,109.399,109.019,109.025
1561093200,109.025,109.368,109.013,109.349
1561107600,109.349,109.61,109.332,109.592
1561122000,109.592,110.004,109.463,109.914
1561136400,109.914,109.994,109.834,109.908
1561323600,109.908,110.048,109.863,109.961
1561338000,109.961,109.989,109.88,109.925
1561352400,109.925,110.078,109.804,109.968
1561366800,109.968,110.203,109.944,110.194
1561381200,110.194,110.504,110.142,110.327
1561395600,110.327,110.415,110.288,110.386
1561410000,110.386,110.493,110.349,110.382
1561424400,110.382,110.426,110.101,110.166
1561438800,110.166,110.172,109.668,109.748
1561453200,109.748,109.858,109.527,109.83
1561467600,109.83,110.043,109.777,109.873
1561482000,109.873,110.008,109.795,109.893
1561496400,109.893,110.079,109.822,110.024
1561510800,110.024,110.109,109.956,110.104
1561525200,110.104,110.286,109.937,110.117
1561539600,110.117,110.314,110.034,110.04
1561554000,110.04,110.394,110.028,110.177
1561568400,110.177,110.283,110.171,110.208
1561582800,110.208,110.277,110.092,110.131
1561597200,110.131,110.316,110.129,110.174
1561611600,110.174,110.372,110.118,110.274
1561626000,110.274,110.416,110.188,110.311
1561640400,110.311,110.394,110.026,110.319
1561654800,110.319,110.447,110.284,110.384
1561669200,110.384,110.439,110.273,110.36
1561683600,110.36,110.418,110.256,110.358
1561698000,110.358,110.546,110.315,110.532
1561712400,110.532,110.542,110.35,110.486
1561726800,110.486,110.574,110.223,110.436
1561741200,110.436,110.599,110.408,110.514
1561928400,110.514,110.815,110.433,110.489
1561942800,110.489,110.495,110.195,110.225
1561957200,110.225,110.337,110.003,110.01
1561971600,110.01,110.367,109.973,110.257
1561986000,110.257,110.259,109.808,109.873
1562000400,109.873,109.88,109.739,109.803
1562014800,109.803,109.848,109.685,109.824
1562029200,109.824,109.87,109.785,109.848
1562043600,109.848,109.853,109.521,109.552
1562058000,109.552,109.728,109.406,109.428
1562072400,109.428,109.598,109.407,109.535
1562086800,109.535,109.565,109.327,109.378
1562101200,109.378,109.497,109.339,109.361
1562115600,109.361,109.412,109.173,109.224
1562130000,109.224,109.328,109.105,109.272
1562144400,109.272,109.441,109.247,109.303
1562158800,109.303,109.459,109.227,109.294
1562173200,109.294,109.338,109.223,109.223
1562187600,109.223,109.347,109.182,109.242
1562202000,109.242,109.322,109.214,109.285
1562216400,109.285,109.397,109.248,109.283
1562230800,109.283,109.439,109.209,109.396
1562245200,109.396,109.457,109.28,109.432
1562259600,109.432,109.476,109.386,109.461
1562274000,109.461,109.497,109.371,109.455
1562288400,109.455,109.508,109.405,109.49
1562302800,109.49,109.537,109.337,109.387
1562317200,109.387,109.48,109.294,109.433
1562331600,109.433,109.51,109.279,109.373
1562346000,109.373,109.456,109.334,109.38
1562533200,109.38,109.525,109.285,109.474
1562547600,109.474,109.52,109.393,109.43
1562562000,109.43,109.451,109.241,109.353
1562576400,109.353,109.517,109.301,109.443
1562590800,109.443,109.453,109.262,109.414
1562605200,109.414,109.456,109.344,109.393
1562619600,109.393,109.508,109.34,109.438
1562634000,109.438,109.528,109.349,109.359
1562648400,109.359,109.582,109.332,109.516
1562662800,109.516,109.561,109.343,109.549
1562677200,109.549,109.632,109.467,109.568
1562691600,109.568,109.618,109.516,109.555
1562706000,109.555,109.655,109.553,109.63
1562720400,109.63,109.671,109.557,109.629
1562734800,109.629,109.932,109.615,109.926
1562749200,109.926,109.936,109.705,109.735
1562763600,109.735,109.774,109.517,109.546
1562778000,109.546,109.623,109.507,109.611
1562792400,109.611,109.679,109.476,109.477
1562806800,109.477,109.538,109.428,109.494
1562821200,109.494,109.656,109.38,109.64
1562835600,109.64,109.785,109.592,109.686
1562850000,109.686,109.728,109.458,109.586
1562864400,109.586,109.641,109.531,109.594
1562878800,109.594,109.644,109.538,109.588
1562893200,109.588,109.611,109.461,109.497
1562907600,109.497,109.897,109.471,109.809
1562922000,109.809,109.923,109.794,109.818
1562936400,109.818,109.823,109.607,109.68
1562950800,109.68,109.68,109.509,109.652
1563138000,109.652,109.656,109.509,109.554
1563152400,109.554,109.771,109.528,109.74
1563166800,109.74,109.843,109.656,109.774
1563181200,109.774,109.897,109.733,109.805
1563195600,109.805,109.807,109.53,109.539
1563210000,109.539,109.624,109.484,109.609
1563224400,109.609,109.66,109.554,109.6
1563238800,109.6,109.698,109.545,109.593
1563253200,109.593,109.857,109.575,109.773
1563267600,109.773,109.781,109.341,109.522
1563282000,109.522,109.661,109.475,109.561
1563296400,109.561,109.664,109.48,109.57
1563310800,109.57,109.628,109.502,109.554
1563325200,109.554,109.588,109.464,109.588
1563339600,109.588,109.612,109.37,109.383
1563354000,109.383,109.479,109.291,109.47
1563368400,109.47,109.539,109.397,109.449
1563382800,109.449,109.536,109.309,109.316
1563397200,109.316,109.402,109.262,109.323
1563411600,109.323,109.363,109.25,109.304
1563426000,109.304,109.408,109.22,109.365
1563440400,109.365,109.437,109.073,109.374
1563454800,109.374,109.443,109.179,109.247
1563469200,109.247,109.383,109.22,109.327
1563483600,109.327,109.419,109.239,109.381
1563498000,109.381,109.473,109.36,109.418
1563512400,109.418,109.592,109.374,109.443
1563526800,109.443,109.669,109.415,109.668
1563541200,109.668,109.776,109.594,109.739
1563555600,109.739,109.777,109.615,109.666
1563742800,109.666,109.778,109.554,109.75
1563757200,109.75,109.836,109.735,109.766
1563771600,109.766,109.884,109.75,109.865
1563786000,109.865,110.065,109.793,110.02
1563800400,110.02,110.038,109.889,109.936
1563814800,109.936,109.972,109.817,109.843
1563829200,109.843,109.9,109.764,109.858
1563843600,109.858,109.893,109.758,109.892
1563858000,109.892,109.964,109.787,109.865
1563872400,109.865,110.017,109.804,109.976
1563886800,109.976,110.042,109.696,109.806
1563901200,109.806,109.863,109.747,109.849
1563915600,109.849,109.89,109.698,109.718
1563930000,109.718,109.761,109.625,109.646
1563944400,109.646,109.675,109.389,109.604
1563958800,109.604,109.714,109.565,109.662
1563973200,109.662,109.805,109.652,109.751
1563987600,109.751,109.874,109.714,109.86
1564002000,109.86,109.894,109.773,109.845
1564016400,109.845,109.883,109.748,109.762
1564030800,109.762,109.767,109.542,109.602
1564045200,109.602,109.749,109.15,109.466
1564059600,109.466,109.816,109.464,109.683
1564074000,109.683,109.728,109.614,109.634
1564088400,109.634,109.772,109.602,109.74
1564102800,109.74,109.751,109.611,109.621
1564117200,109.621,109.669,109.514,109.571
1564131600,109.571,109.615,109.445,109.488
1564146000,109.488,109.52,109.344,109.366
1564160400,109.366,109.417,109.314,109.411
1564347600,109.411,109.47,109.28,109.302
1564362000,109.302,109.37,109.271,109.327
1564376400,109.327,109.557,109.305,109.554
1564390800,109.554,109.625,109.416,109.501
1564405200,109.501,109.774,109.48,109.714
1564419600,109.714,109.765,109.694,109.707
1564434000,109.707,109.826,109.688,109.74
1564448400,109.74,109.748,109.458,109.504
1564462800,109.504,109.666,109.437,109.605
1564477200,109.605,109.708,109.518,109.696
1564491600,109.696,109.698,109.54,109.643
1564506000,109.643,109.692,109.621,109.658
1564520400,109.658,109.734,109.592,109.696
1564534800,109.696,109.697,109.483,109.488
1564549200,109.488,109.617,109.464,109.562
1564563600,109.562,109.729,109.524,109.705
1564578000,109.705,109.723,109.523,109.67
1564592400,109.67,109.818,109.346,109.413
1564606800,109.413,109.625,109.363,109.592
1564621200,109.592,109.633,109.471,109.615
1564635600,109.615,109.659,109.49,109.636
1564650000,109.636,109.665,109.024,109.065
1564664400,109.065,109.103,108.786,108.952
1564678800,108.952,108.953,108.365,108.385
1564693200,108.385,108.583,108.294,108.415
1564707600,108.415,108.438,108.152,108.283
1564722000,108.283,108.514,108.175,108.399
1564736400,108.399,108.602,108.292,108.506
1564750800,108.506,108.681,108.354,108.593
1564765200,108.593,108.599,108.439,108.51
1564952400,108.51,108.55,108.277,108.428
1564966800,108.428,108.486,108.044,108.285
1564981200,108.285,108.674,108.131,108.643
1564995600,108.643,109.015,108.608,108.826
1565010000,108.826,109.146,108.709,108.95
1565024400,108.95,109.047,108.833,108.845
1565038800,108.845,109.053,108.61,109.01
1565053200,109.01,109.821,108.989,109.489
1565067600,109.489,109.503,109.137,109.206
1565082000,109.206,109.277,108.934,108.945
1565096400,108.945,109.013,108.722,108.977
1565110800,108.977,109.1,108.905,109.038
1565125200,109.038,109.128,108.828,108.908
1565139600,108.908,109.021,108.618,108.725
1565154000,108.725,108.938,108.603,108.642
1565168400,108.642,108.671,108.457,108.544
1565182800,108.544,109.016,108.543,108.887
1565197200,108.887,109.075,108.848,108.955
1565211600,108.955,109.006,108.761,108.788
1565226000,108.788,109.013,108.738,108.825
1565240400,108.825,108.956,108.784,108.866
1565254800,108.866,108.898,108.55,108.663
1565269200,108.663,108.86,108.43,108.855
1565283600,108.855,108.873,108.651,108.836
1565298000,108.836,108.927,108.382,108.782
1565312400,108.782,108.905,108.735,108.828
1565326800,108.828,108.833,108.624,108.72
1565341200,108.72,108.844,108.623,108.756
1565355600,108.756,108.797,108.361,108.552
1565370000,108.552,108.701,108.459,108.667
1565557200,108.667,108.668,108.373,108.479
1565571600,108.479,108.575,108.414,108.447
1565586000,108.447,108.452,107.988,108.097
1565600400,108.097,108.342,107.998,108.324
1565614800,108.324,108.716,108.31,108.541
1565629200,108.541,108.701,108.526,108.642
1565643600,108.642,108.795,108.52,108.666
1565658000,108.666,108.715,108.409,108.44
1565672400,108.44,108.512,108.279,108.411
1565686800,108.411,108.895,108.346,108.8
1565701200,108.8,109.652,108.789,109.262
1565715600,109.262,109.532,109.211,109.3
1565730000,109.3,109.361,108.968,109.009
1565744400,109.009,109.154,108.952,109.1
1565758800,109.1,109.298,108.97,109.298
1565773200,109.298,109.309,108.928,109.028
1565787600,109.028,109.092,108.584,108.708
1565802000,108.708,108.887,108.684,108.817
1565816400,108.817,108.884,108.635,108.837
1565830800,108.837,108.864,108.723,108.791
1565845200,108.791,109.456,108.716,108.815
1565859600,108.815,109.111,108.676,108.907
1565874000,108.907,108.956,108.583,108.602
1565888400,108.602,108.708,108.502,108.685
1565902800,108.685,108.774,108.503,108.554
1565917200,108.554,108.649,108.41,108.429
1565931600,108.429,108.545,108.382,108.502
1565946000,108.502,108.643,108.445,108.519
1565960400,108.519,108.653,108.366,108.562
1565974800,108.562,108.73,108.551,108.729
1566162000,108.729,108.829,108.495,108.629
1566176400,108.629,108.674,108.535,108.569
1566190800,108.569,109.027,108.548,108.965
1566205200,108.965,109.012,108.631,108.654
1566219600,108.654,108.71,108.551,108.669
1566234000,108.669,108.714,108.599,108.632
1566248400,108.632,108.71,108.569,108.645
1566262800,108.645,108.673,108.578,108.645
1566277200,108.645,108.664,108.523,108.648
1566291600,108.648,108.694,108.388,108.43
1566306000,108.43,108.697,108.332,108.653
1566320400,108.653,108.724,108.597,108.623
1566334800,108.623,108.708,108.61,108.637
1566349200,108.637,108.851,108.628,108.729
1566363600,108.729,108.931,108.712,108.723
1566378000,108.723,108.765,108.562,108.568
1566392400,108.568,108.591,108.446,108.569
1566406800,108.569,108.619,108.452,108.516
1566421200,108.516,108.652,108.421,108.458
1566435600,108.458,108.458,108.297,108.321
1566450000,108.321,108.433,108.227,108.325
1566464400,108.325,108.421,108.099,108.308
1566478800,108.308,108.358,108.158,108.16
1566493200,108.16,108.209,108.137,108.194
1566507600,108.194,108.312,108.163,108.258
1566522000,108.258,108.262,108.14,108.205
1566536400,108.205,108.236,107.979,107.997
1566550800,107.997,108.211,107.95,108.17
1566565200,108.17,108.29,107.85,108.08
1566579600,108.08,108.171,107.995,108.136
1566766800,108.136,108.136,107.532,107.877
1566781200,107.877,108.215,107.86,107.976
1566795600,107.976,108.344,107.892,108.222
1566810000,108.222,108.427,107.974,108.275
1566824400,108.275,108.423,108.237,108.331
1566838800,108.331,108.458,108.301,108.458
1566853200,108.458,108.514,108.124,108.177
1566867600,108.177,108.244,107.967,108.015
1566882000,108.015,108.092,107.91,107.925
1566896400,107.925,108.083,107.829,107.905
1566910800,107.905,107.972,107.725,107.863
1566925200,107.863,107.866,107.74,107.76
1566939600,107.76,107.82,107.645,107.764
1566954000,107.764,107.872,107.746,107.792
1566968400,107.792,107.822,107.581,107.761
1566982800,107.761,107.868,107.7,107.771
1566997200,107.771,107.986,107.696,107.977
1567011600,107.977,108.165,107.967,108.085
1567026000,108.085,108.123,107.949,108.069
1567040400,108.069,108.083,107.957,108.012
1567054800,108.012,108.193,107.926,108.075
1567069200,108.075,108.292,107.968,108.143
1567083600,108.143,108.272,108.009,108.032
1567098000,108.032,108.073,107.912,107.961
1567112400,107.961,108.014,107.82,107.857
1567126800,107.857,107.875,107.72,107.736
1567141200,107.736,107.757,107.586,107.647
1567155600,107.647,107.725,107.45,107.507
1567170000,107.507,107.521,107.237,107.404
1567184400,107.404,107.422,107.201,107.338
1567371600,107.338,107.338,107.005,107.242
1567386000,107.242,107.315,107.189,107.213
1567400400,107.213,107.357,107.133,107.274
1567414800,107.274,107.356,107.208,107.261
1567429200,107.261,107.301,107.13,107.228
1567443600,107.228,107.26,107.178,107.244
1567458000,107.244,107.307,107.145,107.146
1567472400,107.146,107.169,107.074,107.123
1567486800,107.123,107.191,106.862,107.014
1567501200,107.014,107.366,106.983,107.345
1567515600,107.345,107.41,107.145,107.256
1567530000,107.256,107.447,107.247,107.298
1567544400,107.298,107.441,107.251,107.337
1567558800,107.337,107.459,107.3,107.43
1567573200,107.43,107.729,107.383,107.699
1567587600,107.699,107.935,107.682,107.907
1567602000,107.907,108.337,107.899,108.327
1567616400,108.327,108.568,108.294,108.464
1567630800,108.464,108.536,108.397,108.44
1567645200,108.44,108.612,108.261,108.302
1567659600,108.302,108.453,108.207,108.425
1567674000,108.425,108.706,108.363,108.636
1567688400,108.636,108.808,108.354,108.407
1567702800,108.407,108.476,108.349,108.475
1567717200,108.475,108.581,108.402,108.507
1567731600,108.507,108.533,108.357,108.358
1567746000,108.358,108.497,108.23,108.239
1567760400,108.239,108.255,107.874,108.009
1567774800,108.009,108.308,107.958,108.192
1567789200,108.192,108.28,108.157,108.277
1567976400,108.277,108.277,108.1,108.115
1567990800,108.115,108.155,108.004,108.069
1568005200,108.069,108.14,107.972,108.004
1568019600,108.004,108.172,107.923,107.974
1568034000,107.974,108.224,107.936,108.075
1568048400,108.075,108.123,107.993,108.086
1568062800,108.086,108.264,108.062,108.228
1568077200,108.228,108.291,108.196,108.239
1568091600,108.239,108.332,108.119,108.244
1568106000,108.244,108.421,108.193,108.336
1568120400,108.336,108.495,108.231,108.372
1568134800,108.372,108.458,108.356,108.4
1568149200,108.4,108.546,108.365,108.497
1568163600,108.497,108.683,108.434,108.652
1568178000,108.652,108.705,108.427,108.443
1568192400,108.443,108.505,108.328,108.48
1568206800,108.48,108.539,108.355,108.504
1568221200,108.504,108.637,108.488,108.593
1568235600,108.593,108.735,108.541,108.725
1568250000,108.725,108.852,108.715,108.793
1568264400,108.793,108.981,108.735,108.917
1568278800,108.917,108.971,108.213,108.413
1568293200,108.413,109.301,108.355,109.248
1568307600,109.248,109.398,109.106,109.147
1568322000,109.147,109.369,109.105,109.363
1568336400,109.363,109.397,109.223,109.247
1568350800,109.247,109.464,109.202,109.34
1568365200,109.34,109.585,109.298,109.482
1568379600,109.482,109.512,109.154,109.177
1568394000,109.177,109.226,109.084,109.146
1568581200,109.146,109.248,108.796,109.067
1568595600,109.067,109.162,109.03,109.085
1568610000,109.085,109.138,108.857,108.867
1568624400,108.867,108.925,108.675,108.777
1568638800,108.777,108.874,108.597,108.811
1568653200,108.811,108.953,108.765,108.902
1568667600,108.902,109.084,108.814,109.082
1568682000,109.082,109.171,108.982,109.111
1568696400,109.111,109.114,108.781,108.81
1568710800,108.81,108.852,108.622,108.721
1568725200,108.721,108.972,108.587,108.909
1568739600,108.909,108.947,108.857,108.883
1568754000,108.883,108.931,108.822,108.897
1568768400,108.897,108.992,108.854,108.887
1568782800,108.887,108.935,108.676,108.689
1568797200,108.689,108.78,108.6,108.764
1568811600,108.764,108.8,108.597,108.753
1568826000,108.753,108.791,108.582,108.726
1568840400,108.726,108.827,108.52,108.532
1568854800,108.532,108.549,108.169,108.273
1568869200,108.273,108.969,108.261,108.953
1568883600,108.953,109.042,108.849,108.893
1568898000,108.893,108.99,108.671,108.686
1568912400,108.686,108.918,108.672,108.809
1568926800,108.809,108.884,108.727,108.825
1568941200,108.825,108.941,108.765,108.782
1568955600,108.782,109.003,108.775,108.907
1568970000,108.907,109.018,108.773,108.814
1568984400,108.814,108.877,108.652,108.687
1568998800,108.687,108.717,108.506,108.553
1569186000,108.553,108.744,108.548,108.59
1569200400,108.59,108.713,108.58,108.664
1569214800,108.664,108.711,108.405,108.471
1569229200,108.471,108.53,108.324,108.459
1569243600,108.459,108.647,108.3,108.614
1569258000,108.614,108.662,108.492,108.648
1569272400,108.648,108.764,108.615,108.678
1569286800,108.678,108.686,108.493,108.587
1569301200,108.587,108.756,108.542,108.666
1569315600,108.666,108.979,108.665,108.963
1569330000,108.963,108.977,108.643,108.712
1569344400,108.712,108.784,108.563,108.65
1569358800,108.65,108.691,108.535,108.556
1569373200,108.556,108.821,108.539,108.741
1569387600,108.741,108.92,108.706,108.891
1569402000,108.891,108.927,108.785,108.922
1569416400,108.922,108.994,108.693,108.734
1569430800,108.734,108.774,108.599,108.618
1569445200,108.618,108.734,108.591,108.644
1569459600,108.644,108.689,108.598,108.67
1569474000,108.67,108.67,108.247,108.304
1569488400,108.304,108.456,108.166,108.374
1569502800,108.374,108.598,108.356,108.54
1569517200,108.54,108.58,108.49,108.522
1569531600,108.522,108.543,108.304,108.479
1569546000,108.479,108.484,108.333,108.35
1569560400,108.35,108.692,108.305,108.691
1569574800,108.691,108.982,108.63,108.933
1569589200,108.933,109.08,108.808,108.918
1569603600,108.918,108.988,108.859,108.911
1569790800,108.911,108.993,108.855,108.887
1569805200,108.887,108.981,108.822,108.845
1569819600,108.845,108.861,108.599,108.652
1569834000,108.652,108.696,108.34,108.347
1569848400,108.347,108.423,108.212,108.374
1569862800,108.374,108.377,108.237,108.307
1569877200,108.307,108.375,108.288,108.339
1569891600,108.339,108.399,108.291,108.325
1569906000,108.325,108.473,108.257,108.321
1569920400,108.321,108.387,108.098,108.314
1569934800,108.314,108.472,108.074,108.373
1569949200,108.373,108.548,108.351,108.42
1569963600,108.42,108.549,108.409,108.518
1569978000,108.518,108.634,108.447,108.55
1569992400,108.55,108.606,107.63,107.693
1570006800,107.693,107.744,107.265,107.378
1570021200,107.378,107.58,107.377,107.444
1570035600,107.444,107.529,107.406,107.512
1570050000,107.512,107.565,107.367,107.415
1570064400,107.415,107.441,107.34,107.405
1570078800,107.405,107.442,106.935,107.221
1570093200,107.221,107.236,106.895,106.956
1570107600,106.956,107.15,106.815,107.052
1570122000,107.052,107.083,106.985,107.005
1570136400,107.005,107.09,106.956,106.98
1570150800,106.98,107.023,106.838,106.879
1570165200,106.879,107.126,106.742,107.114
1570179600,107.114,107.516,107.108,107.507
1570194000,107.507,107.625,107.33,107.397
1570208400,107.397,107.435,107.343,107.38
1570395600,107.38,107.447,107.205,107.304
1570410000,107.304,107.388,107.263,107.303
1570424400,107.303,107.533,107.25,107.484
1570438800,107.484,107.601,107.396,107.599
1570453200,107.599,107.728,107.458,107.712
1570467600,107.712,107.928,107.685,107.832
1570482000,107.832,107.887,107.777,107.851
1570496400,107.851,107.963,107.812,107.892
1570510800,107.892,108.069,107.838,107.995
1570525200,107.995,108.004,107.735,107.899
1570539600,107.899,107.933,107.672,107.74
1570554000,107.74,107.882,107.721,107.882
1570568400,107.882,107.902,107.746,107.798
1570582800,107.798,107.921,107.784,107.824
1570597200,107.824,108.143,107.808,107.979
1570611600,107.979,108.107,107.858,107.949
1570626000,107.949,108.039,107.863,108.014
1570640400,108.014,108.048,107.892,107.919
1570654800,107.919,108.048,107.73,107.879
1570669200,107.879,108.293,107.861,108.047
1570683600,108.047,108.327,108.04,108.272
1570698000,108.272,108.353,108.122,108.343
1570712400,108.343,108.467,108.26,108.375
1570726800,108.375,108.407,108.208,108.302
1570741200,108.302,108.494,108.223,108.425
1570755600,108.425,108.448,108.239,108.245
1570770000,108.245,108.355,108.101,108.123
1570784400,108.123,108.749,108.106,108.52
1570798800,108.52,108.976,108.487,108.808
1570813200,108.808,108.903,108.627,108.752
1571000400,108.752,108.841,108.51,108.577
1571014800,108.577,108.804,108.498,108.767
1571029200,108.767,108.774,108.445,108.666
1571043600,108.666,108.747,108.6,108.666
1571058000,108.666,108.813,108.652,108.692
1571072400,108.692,108.763,108.595,108.681
1571086800,108.681,108.753,108.607,108.681
1571101200,108.681,108.737,108.628,108.694
1571115600,108.694,108.757,108.399,108.474
1571130000,108.474,108.637,108.39,108.62
1571144400,108.62,109.064,108.557,109.005
1571158800,109.005,109.041,108.921,108.999
1571173200,108.999,109.059,108.797,108.958
1571187600,108.958,108.965,108.831,108.914
1571202000,108.914,109.109,108.894,109.02
1571216400,109.02,109.12,108.792,109.052
1571230800,109.052,109.248,108.997,109.232
1571245200,109.232,109.34,109.21,109.261
1571259600,109.261,109.484,109.212,109.443
1571274000,109.443,109.583,109.405,109.436
1571288400,109.436,109.718,109.366,109.572
1571302800,109.572,109.98,109.468,109.961
1571317200,109.961,110.038,109.874,109.941
1571331600,109.941,110.052,109.924,109.985
1571346000,109.985,110.064,109.923,110.047
1571360400,110.047,110.07,109.915,109.981
1571374800,109.981,110.154,109.797,110.014
1571389200,110.014,110.162,109.81,109.962
1571403600,109.962,110.148,109.817,110.115
1571418000,110.115,110.175,110.031,110.088
1571605200,110.088,110.215,109.966,110.114
1571619600,110.114,110.131,110.05,110.066
1571634000,110.066,110.398,109.975,110.309
1571648400,110.309,110.327,110.12,110.179
1571662800,110.179,110.196,109.938,110.125
1571677200,110.125,110.219,110.098,110.179
1571691600,110.179,110.206,110.026,110.165
1571706000,110.165,110.211,110.061,110.099
1571720400,110.099,110.131,109.717,109.826
1571734800,109.826,109.942,109.759,109.825
1571749200,109.825,109.885,109.75,109.804
1571763600,109.804,109.831,109.627,109.633
1571778000,109.633,109.717,109.43,109.533
1571792400,109.533,109.553,109.386,109.502
1571806800,109.502,109.636,109.457,109.542
1571821200,109.542,109.693,109.486,109.684
1571835600,109.684,109.743,109.563,109.704
1571850000,109.704,109.768,109.62,109.722
1571864400,109.722,109.763,109.605,109.643
1571878800,109.643,109.718,109.617,109.639
1571893200,109.639,109.943,109.602,109.736
1571907600,109.736,109.775,109.635,109.75
1571922000,109.75,109.768,109.348,109.394
1571936400,109.394,109.502,109.366,109.443
1571950800,109.443,109.572,109.389,109.443
1571965200,109.443,109.474,109.399,109.427
1571979600,109.427,109.587,109.41,109.556
1571994000,109.556,109.599,109.303,109.356
1572008400,109.356,109.414,109.249,109.267
1572022800,109.267,109.328,109.248,109.257
1572210000,109.257,109.396,109.254,109.354
1572224400,109.354,109.358,109.203,109.211
1572238800,109.211,109.369,109.184,109.243
1572253200,109.243,109.277,109.147,109.232
1572267600,109.232,109.531,109.214,109.502
1572282000,109.502,109.585,109.468,109.546
1572296400,109.546,109.635,109.515,109.583
1572310800,109.583,109.589,109.496,109.572
1572325200,109.572,109.599,109.284,109.314
1572339600,109.314,109.465,109.283,109.439
1572354000,109.439,109.612,109.425,109.567
1572368400,109.567,109.62,109.475,109.546
1572382800,109.546,109.601,109.432,109.48
1572397200,109.48,109.514,109.462,109.485
1572411600,109.485,109.735,109.485,109.717
1572426000,109.717,109.798,109.555,109.682
1572440400,109.682,109.922,109.66,109.889
1572454800,109.889,110.048,109.764,110.012
1572469200,110.012,110.156,109.941,110.14
1572483600,110.14,110.196,110.023,110.086
1572498000,110.086,110.118,109.908,110.007
1572512400,110.007,110.015,109.466,109.605
1572526800,109.605,109.703,109.399,109.489
1572541200,109.489,109.524,109.414,109.524
1572555600,109.524,109.607,109.425,109.428
1572570000,109.428,109.587,109.398,109.567
1572584400,109.567,109.58,109.44,109.559
1572598800,109.559,109.56,109.342,109.346
1572613200,109.346,109.811,109.333,109.785
1572627600,109.785,109.88,109.734,109.767
1572818400,109.767,109.859,109.668,109.708
1572832800,109.708,109.737,109.66,109.693
1572847200,109.693,109.921,109.673,109.704
1572861600,109.704,109.854,109.66,109.833
1572876000,109.833,110.06,109.803,110.051
1572890400,110.051,110.063,109.902,109.907
1572904800,109.907,110.073,109.866,109.989
1572919200,109.989,110.042,109.918,109.99
1572933600,109.99,110.124,109.871,109.893
1572948000,109.893,109.905,109.719,109.862
1572962400,109.862,110.079,109.776,109.88
1572976800,109.88,109.995,109.873,109.936
1572991200,109.936,109.991,109.834,109.875
1573005600,109.875,109.9,109.808,109.838
1573020000,109.838,109.895,109.686,109.747
1573034400,109.747,109.827,109.683,109.761
1573048800,109.761,109.899,109.696,109.728
1573063200,109.728,109.819,109.703,109.761
1573077600,109.761,109.839,109.619,109.655
1573092000,109.655,109.665,109.467,109.556
1573106400,109.556,109.849,109.535,109.812
1573120800,109.812,110.135,109.807,109.933
1573135200,109.933,109.961,109.739,109.76
1573149600,109.76,109.879,109.724,109.846
1573164000,109.846,109.915,109.761,109.762
1573178400,109.762,109.86,109.743,109.844
1573192800,109.844,109.886,109.722,109.836
1573207200,109.836,109.852,109.705,109.732
1573221600,109.732,109.738,109.422,109.468
1573236000,109.468,109.582,109.416,109.528
1573423200,109.528,109.591,109.36,109.452
1573437600,109.452,109.457,109.35,109.396
1573452000,109.396,109.512,109.334,109.476
1573466400,109.476,109.717,109.459,109.706
1573480800,109.706,109.781,109.652,109.765
1573495200,109.765,109.801,109.739,109.779
1573509600,109.779,109.909,109.712,109.78
1573524000,109.78,109.817,109.747,109.81
1573538400,109.81,109.888,109.75,109.756
1573552800,109.756,109.8,109.589,109.694
1573567200,109.694,109.901,109.643,109.831
1573581600,109.831,109.893,109.745,109.758
1573596000,109.758,109.839,109.67,109.837
1573610400,109.837,110.108,109.806,110.106
1573624800,110.106,110.172,109.961,110.02
1573639200,110.02,110.075,109.819,109.821
1573653600,109.821,110.009,109.754,109.947
1573668000,109.947,109.991,109.85,109.909
1573682400,109.909,110.004,109.844,109.846
1573696800,109.846,109.887,109.782,109.831
1573711200,109.831,110.085,109.776,109.953
1573725600,109.953,110.045,109.792,109.861
1573740000,109.861,109.953,109.628,109.629
1573754400,109.629,109.751,109.583,109.751
1573768800,109.751,109.843,109.673,109.781
1573783200,109.781,109.834,109.744,109.751
1573797600,109.751,109.797,109.627,109.688
1573812000,109.688,109.883,109.682,109.843
1573826400,109.843,109.959,109.779,109.887
1573840800,109.887,109.978,109.873,109.917
1574028000,109.917,109.998,109.831,109.967
1574042400,109.967,109.994,109.914,109.926
1574056800,109.926,110.177,109.89,110.026
1574071200,110.026,110.164,109.875,109.939
1574085600,109.939,110.031,109.863,109.926
1574100000,109.926,109.956,109.795,109.823
1574114400,109.823,109.952,109.582,109.724
1574128800,109.724,109.785,109.666,109.728
1574143200,109.728,109.82,109.667,109.694
1574157600,109.694,109.787,109.622,109.649
1574172000,109.649,109.701,109.525,109.53
1574186400,109.53,109.6,109.507,109.582
1574200800,109.582,109.626,109.435,109.484
1574215200,109.484,109.613,109.466,109.595
1574229600,109.595,109.624,109.344,109.364
1574244000,109.364,109.402,109.242,109.332
1574258400,109.332,109.554,109.293,109.509
1574272800,109.509,109.621,109.469,109.619
1574287200,109.619,109.619,109.427,109.474
1574301600,109.474,109.64,109.465,109.582
1574316000,109.582,109.609,109.526,109.574
1574330400,109.574,109.709,109.414,109.431
1574344800,109.431,109.557,109.379,109.421
1574359200,109.421,109.427,109.323,109.387
1574373600,109.387,109.542,109.338,109.374
1574388000,109.374,109.379,109.312,109.317
1574402400,109.317,109.436,109.16,109.242
1574416800,109.242,109.254,109.117,109.206
1574431200,109.206,109.215,108.913,108.924
1574445600,108.924,108.976,108.851,108.871
1574632800,108.871,109.092,108.851,109.084
1574647200,109.084,109.188,109.071,109.164
1574661600,109.164,109.224,109.094,109.122
1574676000,109.122,109.152,109.042,109.125
1574690400,109.125,109.373,109.053,109.314
1574704800,109.314,109.338,109.254,109.308
1574719200,109.308,109.48,109.285,109.418
1574733600,109.418,109.427,109.315,109.343
1574748000,109.343,109.359,109.045,109.212
1574762400,109.212,109.346,109.195,109.292
1574776800,109.292,109.413,109.226,109.34
1574791200,109.34,109.399,109.325,109.373
1574805600,109.373,109.39,109.309,109.354
1574820000,109.354,109.38,109.32,109.363
1574834400,109.363,109.44,109.321,109.406
1574848800,109.406,109.418,109.305,109.358
1574863200,109.358,109.504,109.3,109.459
1574877600,109.459,109.646,109.458,109.64
1574892000,109.64,109.682,109.5,109.594
1574906400,109.594,109.619,109.533,109.539
1574920800,109.539,109.601,109.484,109.57
1574935200,109.57,109.674,109.543,109.645
1574949600,109.645,109.68,109.608,109.63
1574964000,109.63,109.72,109.601,109.675
1574978400,109.675,109.724,109.616,109.633
1574992800,109.633,109.684,109.613,109.66
1575007200,109.66,109.718,109.566,109.605
1575021600,109.605,109.624,109.419,109.452
1575036000,109.452,109.594,109.371,109.439
1575050400,109.439,109.512,109.423,109.492
1575237600,109.492,109.683,109.47,109.668
1575252000,109.668,109.727,109.622,109.64
1575266400,109.64,109.723,109.564,109.649
1575280800,109.649,109.938,109.61,109.895
1575295200,109.895,110.016,109.847,109.905
1575309600,109.905,109.949,109.839,109.946
1575324000,109.946,110.036,109.869,109.979
1575338400,109.979,110.047,109.962,110.022
1575352800,110.022,110.211,109.984,110.209
1575367200,110.209,110.237,109.928,110.008
1575381600,110.008,110.115,109.978,110.041
1575396000,110.041,110.081,110.003,110.046
1575410400,110.046,110.128,109.921,109.964
1575424800,109.964,110.002,109.923,109.98
1575439200,109.98,110.158,109.887,109.971
1575453600,109.971,110.078,109.851,110.059
1575468000,110.059,110.181,109.992,110.045
1575482400,110.045,110.147,110.039,110.119
1575496800,110.119,110.182,110.047,110.149
1575511200,110.149,110.222,110.137,110.141
1575525600,110.141,110.238,110.093,110.149
1575540000,110.149,110.248,110.038,110.04
1575554400,110.04,110.137,109.961,110.102
1575568800,110.102,110.193,110.094,110.172
1575583200,110.172,110.19,110.086,110.153
1575597600,110.153,110.163,110.066,110.096
1575612000,110.096,110.122,109.918,109.924
1575626400,109.924,109.966,109.756,109.896
1575640800,109.896,109.948,109.597,109.688
1575655200,109.688,109.702,109.63,109.644
1575842400,109.644,109.731,109.582,109.617
1575856800,109.617,109.646,109.557,109.565
1575871200,109.565,109.681,109.54,109.572
1575885600,109.572,109.671,109.508,109.631
1575900000,109.631,109.965,109.631,109.913
1575914400,109.913,109.958,109.862,109.865
1575928800,109.865,109.974,109.853,109.941
1575943200,109.941,109.998,109.935,109.961
1575957600,109.961,110.112,109.943,110.105
1575972000,110.105,110.23,110.079,110.156
1575986400,110.156,110.418,110.08,110.387
1576000800,110.387,110.553,110.373,110.453
1576015200,110.453,110.569,110.39,110.478
1576029600,110.478,110.481,110.396,110.42
1576044000,110.42,110.447,110.348,110.363
1576058400,110.363,110.385,110.265,110.345
1576072800,110.345,110.351,110.181,110.254
1576087200,110.254,110.548,110.242,110.402
1576101600,110.402,110.539,110.394,110.502
1576116000,110.502,110.563,110.471,110.551
1576130400,110.551,110.729,110.488,110.6
1576144800,110.6,110.706,110.503,110.565
1576159200,110.565,110.805,110.529,110.754
1576173600,110.754,111.032,110.719,110.943
1576188000,110.943,111.366,110.682,111.249
1576202400,111.249,111.305,111.189,111.211
1576216800,111.211,111.783,111.142,111.609
1576231200,111.609,111.649,111.41,111.432
1576245600,111.432,111.456,111.013,111.054
1576260000,111.054,111.147,111.002,111.114
1576447200,111.114,111.245,111.086,111.143
1576461600,111.143,111.213,111.1,111.204
1576476000,111.204,111.349,111.171,111.251
1576490400,111.251,111.422,111.219,111.416
1576504800,111.416,111.522,111.363,111.477
1576519200,111.477,111.564,111.471,111.505
1576533600,111.505,111.586,111.343,111.415
1576548000,111.415,111.488,111.388,111.475
1576562400,111.475,111.555,111.337,111.45
1576576800,111.45,111.821,111.404,111.649
1576591200,111.649,111.809,111.589,111.659
1576605600,111.659,111.733,111.613,111.711
1576620000,111.711,111.788,111.546,111.677
1576634400,111.677,111.683,111.549,111.646
1576648800,111.646,111.703,111.459,111.618
1576663200,111.618,111.74,111.569,111.676
1576677600,111.676,111.786,111.608,111.778
1576692000,111.778,111.825,111.741,111.744
1576706400,111.744,111.82,111.702,111.806
1576720800,111.806,111.856,111.787,111.817
1576735200,111.817,111.855,111.654,111.664
1576749600,111.664,111.75,111.59,111.613
1576764000,111.613,111.79,111.561,111.738
1576778400,111.738,111.807,111.724,111.775
1576792800,111.775,111.855,111.693,111.733
1576807200,111.733,111.734,111.634,111.682
1576821600,111.682,111.733,111.481,111.576
1576836000,111.576,111.62,111.416,111.491
1576850400,111.491,111.512,111.355,111.426
1576864800,111.426,111.537,111.326,111.348
1577052000,111.348,111.494,111.319,111.36
1577066400,111.36,111.455,111.344,111.426
1577080800,111.426,111.571,111.414,111.565
1577095200,111.565,111.602,111.432,111.471
1577109600,111.471,111.491,111.291,111.383
1577124000,111.383,111.454,111.364,111.426
1577138400,111.426,111.469,111.311,111.36
1577152800,111.36,111.378,111.297,111.354
1577167200,111.354,111.387,111.238,111.307
1577181600,111.307,111.444,111.262,111.419
1577196000,111.419,111.607,111.398,111.604
1577210400,111.604,111.604,111.393,111.529
1577311200,111.529,111.741,111.453,111.672
1577325600,111.672,111.706,111.624,111.696
1577340000,111.696,111.8,111.657,111.682
1577354400,111.682,111.792,111.583,111.773
1577368800,111.773,111.831,111.703,111.774
1577383200,111.774,111.828,111.671,111.746
1577397600,111.746,111.846,111.663,111.744
1577412000,111.744,111.848,111.724,111.834
1577426400,111.834,112.272,111.774,112.255
1577440800,112.255,112.366,112.179,112.281
1577455200,112.281,112.576,112.259,112.556
1577469600,112.556,112.571,112.305,112.349
1577656800,112.349,112.483,112.208,112.39
1577671200,112.39,112.401,112.221,112.325
1577685600,112.325,112.326,112.117,112.209
1577700000,112.209,112.497,112.186,112.492
1577714400,112.492,112.584,112.272,112.508
1577728800,112.508,112.537,112.307,112.349
1577743200,112.349,112.49,112.282,112.31
1577757600,112.31,112.33,112.249,112.329
1577772000,112.329,112.334,112.089,112.176
1577786400,112.176,112.479,112.119,112.459
1577800800,112.459,112.486,112.071,112.365
1577815200,112.365,112.382,112.227,112.294
1577916000,112.294,112.563,112.086,112.277
1577930400,112.277,112.306,112.068,112.089
1577944800,112.089,112.395,112.024,112.262
1577959200,112.262,112.336,111.971,112.026
1577973600,112.026,112.069,111.52,111.568
1577988000,111.568,111.807,111.516,111.759
1578002400,111.759,111.819,111.505,111.527
1578016800,111.527,111.592,111.357,111.382
1578031200,111.382,111.448,110.999,111.012
1578045600,111.012,111.215,110.933,111.156
1578060000,111.156,111.326,111.135,111.214
1578074400,111.214,111.224,111.075,111.102
1578261600,111.102,111.34,110.928,111.15
1578276000,111.15,111.325,111.143,111.255
1578290400,111.255,111.449,111.171,111.444
1578304800,111.444,111.583,111.43,111.511
1578319200,111.511,111.979,111.395,111.904
1578333600,111.904,112.014,111.846,111.888
1578348000,111.888,112.002,111.842,111.918
1578362400,111.918,111.972,111.847,111.848
1578376800,111.848,111.986,111.654,111.709
1578391200,111.709,111.759,111.579,111.63
1578405600,111.63,111.921,111.535,111.832
1578420000,111.832,111.838,111.707,111.778
1578434400,111.778,111.811,111.33,111.509
1578448800,111.509,111.801,111.475,111.627
1578463200,111.627,111.784,111.601,111.644
1578477600,111.644,112.072,111.58,112.015
1578492000,112.015,112.141,111.931,112.09
1578506400,112.09,112.187,112.035,112.037
1578520800,112.037,112.194,111.995,112.163
1578535200,112.163,112.215,112.061,112.209
1578549600,112.209,112.337,112.12,112.337
1578564000,112.337,112.708,112.288,112.595
1578578400,112.595,112.654,112.51,112.599
1578592800,112.599,112.607,112.479,112.552
1578607200,112.552,112.609,112.482,112.528
1578621600,112.528,112.669,112.501,112.631
1578636000,112.631,112.669,112.415,112.498
1578650400,112.498,112.528,112.31,112.398
1578664800,112.398,112.614,112.37,112.569
1578679200,112.569,112.643,112.493,112.567
1578866400,112.567,112.698,112.49,112.616
1578880800,112.616,112.719,112.593,112.69
1578895200,112.69,112.938,112.598,112.917
1578909600,112.917,113.114,112.901,113.036
1578924000,113.036,113.345,113.011,113.315
1578938400,113.315,113.34,113.212,113.26
1578952800,113.26,113.541,113.199,113.341
1578967200,113.341,113.388,113.294,113.334
1578981600,113.334,113.529,113.302,113.463
1578996000,113.463,113.755,113.409,113.409
1579010400,113.409,113.747,113.359,113.729
1579024800,113.729,113.789,113.618,113.676
1579039200,113.676,113.751,113.543,113.682
1579053600,113.682,113.708,113.579,113.641
1579068000,113.641,113.821,113.558,113.697
1579082400,113.697,113.992,113.69,113.955
1579096800,113.955,114.158,113.876,114.042
1579111200,114.042,114.089,113.963,113.987
1579125600,113.987,114.115,113.929,113.996
1579140000,113.996,114.019,113.954,113.997
1579154400,113.997,114.321,113.95,114.207
1579168800,114.207,114.388,114.136,114.158
1579183200,114.158,114.246,114.045,114.157
1579197600,114.157,114.208,114.112,114.191
1579212000,114.191,114.298,114.134,114.162
1579226400,114.162,114.25,114.121,114.181
1579240800,114.181,114.262,114.081,114.107
1579255200,114.107,114.107,113.732,113.739
1579269600,113.739,113.859,113.629,113.783
1579284000,113.783,113.863,113.739,113.807
1579471200,113.807,113.87,113.683,113.838
1579485600,113.838,113.872,113.782,113.788
1579500000,113.788,113.819,113.684,113.802
1579514400,113.802,113.804,113.672,113.726
1579528800,113.726,113.736,113.583,113.696
1579543200,113.696,113.82,113.683,113.783
1579557600,113.783,113.81,113.564,113.6
1579572000,113.6,113.699,113.574,113.591
1579586400,113.591,113.685,113.476,113.573
1579600800,113.573,113.894,113.549,113.828
1579615200,113.828,113.837,113.494,113.522
1579629600,113.522,113.538,113.362,113.42
1579644000,113.42,113.469,113.319,113.36
1579658400,113.36,113.491,113.353,113.471
1579672800,113.471,113.5,113.039,113.203
1579687200,113.203,113.413,113.146,113.385
1579701600,113.385,113.468,113.218,113.369
1579716000,113.369,113.529,113.364,113.49
1579730400,113.49,113.526,113.223,113.288
1579744800,113.288,113.309,113.137,113.146
1579759200,113.146,113.207,112.985,113.038
1579773600,113.038,113.315,113.012,113.238
1579788000,113.238,113.297,112.706,112.831
1579802400,112.831,113.019,112.819,113.006
1579816800,113.006,113.056,112.887,112.904
1579831200,112.904,112.954,112.853,112.928
1579845600,112.928,113.095,112.849,112.866
1579860000,112.866,112.963,112.8,112.955
1579874400,112.955,112.972,112.48,112.613
1579888800,112.613,112.616,112.44,112.44
1580076000,112.44,112.44,112.145,112.29
1580090400,112.29,112.39,112.194,112.344
1580104800,112.344,112.398,112.089,112.241
1580119200,112.241,112.571,112.212,112.53
1580133600,112.53,112.568,112.266,112.339
1580148000,112.339,112.401,112.297,112.313
1580162400,112.313,112.385,112.203,112.362
1580176800,112.362,112.367,112.266,112.338
1580191200,112.338,112.423,112.274,112.327
1580205600,112.327,112.386,112.016,112.058
1580220000,112.058,112.152,112,112.102
1580234400,112.102,112.205,112.09,112.164
1580248800,112.164,112.316,112.088,112.117
1580263200,112.117,112.139,112.022,112.057
1580277600,112.057,112.103,111.836,111.843
1580292000,111.843,111.931,111.813,111.815
1580306400,111.815,112.014,111.742,111.983
1580320800,111.983,112.152,111.936,112.022
1580335200,112.022,112.071,111.951,111.981
1580349600,111.981,112.045,111.933,112.038
1580364000,112.038,112.218,111.942,112.193
1580378400,112.193,112.342,112.084,112.322
1580392800,112.322,112.383,112.081,112.152
1580407200,112.152,112.404,112.12,112.392
1580421600,112.392,112.504,112.307,112.444
1580436000,112.444,112.519,112.34,112.347
1580450400,112.347,112.393,112.261,112.313
1580464800,112.313,112.614,112.283,112.613
1580479200,112.613,112.705,112.344,112.485
1580493600,112.485,112.537,112.398,112.471
1580680800,112.471,112.575,112.354,112.559
1580695200,112.559,112.671,112.534,112.667
1580709600,112.667,112.677,112.442,112.543
1580724000,112.543,112.607,112.425,112.581
1580738400,112.581,112.607,112.422,112.485
1580752800,112.485,112.538,112.431,112.534
1580767200,112.534,112.561,112.385,112.432
1580781600,112.432,112.555,112.352,112.504
1580796000,112.504,112.635,112.438,112.625
1580810400,112.625,112.687,112.545,112.638
1580824800,112.638,112.893,112.598,112.878
1580839200,112.878,113.009,112.875,113.007
1580853600,113.007,113.027,112.859,112.905
1580868000,112.905,112.935,112.851,112.931
1580882400,112.931,113.102,112.78,112.784
1580896800,112.784,112.849,112.706,112.816
1580911200,112.816,112.842,112.654,112.774
1580925600,112.774,112.836,112.745,112.82
1580940000,112.82,112.853,112.719,112.827
1580954400,112.827,112.879,112.807,112.843
1580968800,112.843,112.905,112.698,112.713
1580983200,112.713,112.821,112.666,112.796
1580997600,112.796,112.838,112.681,112.766
1581012000,112.766,112.857,112.732,112.855
1581026400,112.855,112.88,112.715,112.825
1581040800,112.825,112.851,112.756,112.767
1581055200,112.767,112.801,112.489,112.498
1581069600,112.498,112.613,112.416,112.441
1581084000,112.441,112.502,112.274,112.321
1581098400,112.321,112.358,112.254,112.254
1581285600,112.254,112.355,112.203,112.336
1581300000,112.336,112.393,112.298,112.346
1581314400,112.346,112.398,112.231,112.26
1581328800,112.26,112.335,112.191,112.22
1581343200,112.22,112.384,112.184,112.219
1581357600,112.219,112.332,112.219,112.332
1581372000,112.332,112.356,112.269,112.327
1581386400,112.327,112.363,112.286,112.3
1581400800,112.3,112.506,112.298,112.419
1581415200,112.419,112.473,112.152,112.18
1581429600,112.18,112.595,112.173,112.564
1581444000,112.564,112.574,112.494,112.508
1581458400,112.508,112.667,112.491,112.66
1581472800,112.66,112.693,112.566,112.589
1581487200,112.589,112.91,112.534,112.87
1581501600,112.87,112.913,112.707,112.713
1581516000,112.713,112.773,112.515,112.528
1581530400,112.528,112.568,112.493,112.547
1581544800,112.547,112.555,112.308,112.401
1581559200,112.401,112.444,112.321,112.336
1581573600,112.336,112.431,112.299,112.385
1581588000,112.385,112.385,112.071,112.108
1581602400,112.108,112.303,112.044,112.167
1581616800,112.167,112.206,112.087,112.125
1581631200,112.125,112.189,112.047,112.084
1581645600,112.084,112.139,112.015,112.043
1581660000,112.043,112.058,111.923,111.926
1581674400,111.926,112.006,111.844,111.96
1581688800,111.96,111.988,111.742,111.808
1581703200,111.808,111.866,111.749,111.749
1581890400,111.749,111.931,111.749,111.822
1581904800,111.822,111.845,111.766,111.824
1581919200,111.824,111.951,111.818,111.917
1581933600,111.917,111.961,111.867,111.923
1581948000,111.923,112.052,111.913,112.028
1581962400,112.028,112.082,111.989,112.03
1581976800,112.03,112.03,111.809,111.874
1581991200,111.874,111.951,111.795,111.936
1582005600,111.936,112.012,111.846,111.866
1582020000,111.866,111.908,111.649,111.709
1582034400,111.709,111.948,111.629,111.841
1582048800,111.841,111.871,111.735,111.755
1582063200,111.755,111.921,111.737,111.899
1582077600,111.899,111.981,111.871,111.928
1582092000,111.928,112.093,111.886,112.076
1582106400,112.076,112.618,112.055,112.508
1582120800,112.508,113.116,112.503,113.054
1582135200,113.054,113.362,113.044,113.172
1582149600,113.172,113.235,113.039,113.174
1582164000,113.174,113.365,113.16,113.257
1582178400,113.257,113.959,113.228,113.929
1582192800,113.929,114.109,113.766,113.94
1582207200,113.94,114.245,113.6,113.91
1582221600,113.91,113.978,113.847,113.934
1582236000,113.934,114.011,113.8,113.905
1582250400,113.905,113.941,113.803,113.896
1582264800,113.896,113.915,113.449,113.81
1582279200,113.81,114.066,113.753,113.958
1582293600,113.958,114.277,113.922,114.184
1582308000,114.184,114.227,114.02,114.029
1582495200,114.029,114.075,113.421,113.888
1582509600,113.888,113.891,113.709,113.767
1582524000,113.767,113.826,113.448,113.469
1582538400,113.469,113.728,113.381,113.622
1582552800,113.622,113.623,112.872,112.985
1582567200,112.985,113.19,112.935,113.086
1582581600,113.086,113.354,113.006,113.337
1582596000,113.337,113.358,113.108,113.116
1582610400,113.116,113.238,112.913,112.924
1582624800,112.924,113.166,112.803,113.153
1582639200,113.153,113.154,112.706,112.811
1582653600,112.811,112.927,112.685,112.896
1582668000,112.896,113.034,112.835,112.937
1582682400,112.937,113.137,112.887,113.027
1582696800,113.027,113.291,112.99,113.215
1582711200,113.215,113.519,113.107,113.157
1582725600,113.157,113.269,113.011,113.035
1582740000,113.035,113.119,112.834,113.05
1582754400,113.05,113.239,112.98,113.191
1582768800,113.191,113.254,113.003,113.052
1582783200,113.052,113.368,112.956,113.332
1582797600,113.332,113.466,113.22,113.434
1582812000,113.434,113.559,113.289,113.403
1582826400,113.403,113.426,113.109,113.247
1582840800,113.247,113.271,112.858,112.909
1582855200,112.909,112.911,112.486,112.55
1582869600,112.55,113.058,112.488,112.78
1582884000,112.78,112.817,112.3,112.411
1582898400,112.411,112.474,111.33,111.693
1582912800,111.693,112.029,111.549,111.906
1583100000,111.906,112.091,111.39,112.012
1583114400,112.012,112.444,111.949,112.224
1583128800,112.224,112.566,111.83,112.102
1583143200,112.102,112.69,112.037,112.556
1583157600,112.556,112.817,112.368,112.664
1583172000,112.664,112.98,112.598,112.917
1583186400,112.922,113.25,112.702,112.814
1583200800,112.814,112.837,112.45,112.479
1583215200,112.479,112.841,112.461,112.796
1583229600,112.796,112.802,112.398,112.578
1583244000,112.578,112.853,111.989,112.051
1583258400,112.051,112.208,111.762,111.985
1583272800,111.985,112.385,111.835,112.186
1583287200,112.186,112.303,112.078,112.217
1583301600,112.217,112.617,112.096,112.57
1583316000,112.57,112.786,112.211,112.333
1583330400,112.333,112.457,112.031,112.327
1583344800,112.327,112.444,112.155,112.444
1583359200,112.444,112.619,112.295,112.395
1583373600,112.395,112.4,112.175,112.243
1583388000,112.243,112.287,112.007,112.258
1583402400,112.258,112.425,112.042,112.193
1583416800,112.193,112.37,112.147,112.149
1583431200,112.149,112.354,111.994,112.242
1583445600,112.242,112.38,112.093,112.221
1583460000,112.221,112.261,111.994,112.012
1583474400,112.012,112.471,111.958,112.021
1583488800,112.021,112.694,111.955,112.634
1583503200,112.634,112.861,112.268,112.468
1583517600,112.468,112.482,112.272,112.278
1583701200,112.278,112.285,111.641,111.892
1583715600,111.892,111.928,110.112,111.104
1583730000,111.104,111.203,110.248,110.475
1583744400,110.475,110.616,110.012,110.37
1583758800,110.37,110.688,109.575,110.297
1583773200,110.297,110.995,110.189,110.631
1583787600,110.631,111.248,110.167,111.076
1583802000,111.076,111.699,110.922,111.507
1583816400,111.507,112.184,111.475,112.07
1583830800,112.07,112.473,111.631,112
1583845200,112,112.268,110.974,111.363
1583859600,111.363,112.578,111.344,112.399
1583874000,112.399,112.639,111.899,112.001
1583888400,112.001,112.062,111.613,111.66
1583902800,111.66,112.466,111.467,112.38
1583917200,112.38,112.473,111.873,111.928
1583931600,111.928,112.313,111.467,111.694
1583946000,111.694,111.716,111.172,111.393
1583960400,111.393,111.516,111.084,111.464
1583974800,111.464,111.562,110.553,111.192
1583989200,111.192,111.278,110.43,110.81
1584003600,110.81,111.081,110.265,110.468
1584018000,110.468,111.696,110.334,111.013
1584032400,111.013,111.847,110.716,110.873
1584046800,110.873,111.157,110.657,111.09
1584061200,111.09,111.951,110.801,111.945
1584075600,111.945,112.322,111.679,112.193
1584090000,112.193,112.958,112.078,112.417
1584104400,112.417,112.97,112.074,112.912
1584118800,112.912,113.786,112.765,113.197
1584306000,113.197,113.346,111.645,112.546
1584320400,112.546,113.046,112.198,112.534
1584334800,112.534,113.074,112.034,112.801
1584349200,112.801,112.903,111.336,111.507
1584363600,111.507,112.38,111.129,111.688
1584378000,111.688,112.269,111.606,111.772
1584392400,111.772,112.49,111.66,112.414
1584406800,112.414,112.875,112.025,112.447
1584421200,112.447,112.52,111.976,112.173
1584435600,112.173,112.173,111.227,111.388
1584450000,111.388,111.81,111.126,111.559
1584464400,111.559,112.26,111.44,112.04
1584478800,112.04,112.111,111.706,111.743
1584493200,111.743,111.933,111.537,111.921
1584507600,111.921,111.998,111.391,111.902
1584522000,111.902,112.186,111.577,111.586
1584536400,111.586,111.816,111.086,111.229
1584550800,111.229,111.859,110.986,111.65
1584565200,111.65,112.188,111.453,111.948
1584579600,111.948,113.037,111.901,112.616
1584594000,112.616,112.769,111.887,111.888
1584608400,111.888,112.678,111.774,112.499
1584622800,112.499,112.954,111.616,111.628
1584637200,111.628,112.55,111.553,112.296
1584651600,112.296,112.702,112.055,112.573
1584666000,112.573,112.685,112.1,112.355
1584680400,112.355,112.488,111.936,112.403
1584694800,112.403,112.45,111.854,112.203
1584709200,112.203,113.158,112.186,112.831
1584723600,112.831,112.877,112.294,112.481
1584910800,112.481,112.612,111.907,112.053
1584925200,112.053,112.231,111.946,112.059
1584939600,112.059,112.098,111.518,111.814
1584954000,111.814,112.341,111.81,112.259
1584968400,112.259,113.569,112.211,113.332
1584982800,113.332,113.497,112.922,112.961
1584997200,112.961,113.116,112.656,112.67
1585011600,112.67,112.845,112.491,112.621
1585026000,112.621,113.422,112.465,113.33
1585040400,113.33,113.774,113.228,113.363
1585054800,113.363,113.774,113.215,113.65
1585069200,113.65,113.678,113.209,113.328
1585083600,113.328,113.57,112.893,113.033
1585098000,113.033,113.628,112.897,113.625
1585112400,113.625,113.839,113.416,113.58
1585126800,113.58,113.883,113.208,113.651
1585141200,113.651,113.983,113.619,113.848
1585155600,113.848,113.999,113.539,113.751
1585170000,113.751,114.026,113.45,113.601
1585184400,113.601,113.803,113.273,113.63
1585198800,113.63,113.715,113.104,113.135
1585213200,113.135,113.348,112.907,113.153
1585227600,113.153,113.827,112.961,113.738
1585242000,113.738,113.951,113.43,113.76
1585256400,113.76,113.862,113.157,113.367
1585270800,113.367,113.39,112.727,112.821
1585285200,112.821,113.136,112.779,113.021
1585299600,113.021,113.174,112.815,112.864
1585314000,112.864,113.196,112.436,112.887
1585328400,112.887,113.629,112.879,113.403
1585515600,113.403,113.403,112.769,112.793
1585530000,112.793,112.88,112.373,112.579
1585544400,112.579,113.199,112.541,112.666
1585558800,112.666,113.027,112.51,112.941
1585573200,112.941,112.954,112.333,112.395
1585587600,112.395,112.614,112.337,112.448
1585602000,112.448,113.058,112.386,112.951
1585616400,112.951,113.066,112.693,112.755
1585630800,112.755,112.865,112.387,112.547
1585645200,112.547,112.559,112.129,112.335
1585659600,112.335,112.43,111.483,111.585
1585674000,111.585,111.931,111.55,111.896
1585688400,111.896,112.017,111.578,111.825
1585702800,111.825,112.169,111.766,112.082
1585717200,112.082,112.131,111.405,111.425
1585731600,111.425,111.445,110.988,111.065
1585746000,111.065,111.094,110.534,110.676
1585760400,110.676,111.037,110.662,110.951
1585774800,110.951,111.113,110.791,111.075
1585789200,111.075,111.206,110.952,111.095
1585803600,111.095,111.095,110.872,110.91
1585818000,110.91,111.167,110.525,110.554
1585832400,110.554,111.136,110.307,110.873
1585846800,110.873,110.934,110.646,110.795
1585861200,110.795,111.012,110.724,110.89
1585875600,110.89,110.981,110.714,110.864
1585890000,110.864,110.885,110.65,110.817
1585904400,110.817,111.233,110.815,110.873
1585918800,110.873,111.071,110.74,110.877
1585933200,110.877,111.173,110.811,111.125
1586120400,111.125,111.594,110.929,111.459
1586134800,111.459,111.563,111.334,111.429
1586149200,111.429,111.911,111.367,111.619
1586163600,111.619,111.792,111.272,111.486
1586178000,111.486,111.722,111.331,111.542
1586192400,111.542,111.66,111.375,111.61
1586206800,111.61,111.705,111.309,111.423
1586221200,111.423,111.531,111.255,111.454
1586235600,111.454,111.964,111.411,111.91
1586250000,111.91,112.33,111.896,112.303
1586264400,112.303,112.482,112.101,112.125
1586278800,112.125,112.428,112.124,112.188
1586293200,112.188,112.266,111.787,111.816
1586307600,111.816,112.142,111.795,112.032
1586322000,112.032,112.209,111.743,111.975
1586336400,111.975,112.205,111.975,112.202
1586350800,112.202,112.42,111.795,111.85
1586365200,111.85,112.083,111.806,111.989
1586379600,111.989,112.33,111.944,112.266
1586394000,112.266,112.276,112.023,112.186
1586408400,112.186,112.274,111.9,112.14
1586422800,112.14,112.375,111.964,112.328
1586437200,112.328,112.525,112.091,112.159
1586451600,112.159,112.34,112.045,112.285
1586466000,112.285,112.324,112.035,112.237
1586480400,112.237,112.319,112.173,112.236
1586494800,112.236,112.341,112.135,112.273
1586509200,112.273,112.399,112.262,112.396
1586523600,112.396,112.423,112.313,112.38
1586538000,112.38,112.387,112.088,112.092
1586725200,112.092,112.41,112.005,112.012
1586739600,112.012,112.018,111.732,111.765
1586754000,111.765,111.976,111.727,111.73
1586768400,111.73,111.8,111.606,111.645
1586782800,111.645,111.646,111.189,111.297
1586797200,111.297,111.433,111.213,111.411
1586811600,111.411,111.532,111.3,111.414
1586826000,111.414,111.729,111.343,111.642
1586840400,111.642,111.664,111.385,111.442
1586854800,111.442,111.735,111.343,111.721
1586869200,111.721,111.732,111.408,111.413
1586883600,111.413,111.686,111.289,111.686
1586898000,111.686,111.698,111.336,111.587
1586912400,111.587,111.644,111.401,111.426
1586926800,111.426,111.48,111.196,111.457
1586941200,111.457,111.468,110.895,110.908
1586955600,110.908,111.459,110.905,111.358
1586970000,111.358,111.548,111.332,111.415
1586984400,111.415,111.604,111.23,111.405
1586998800,111.405,111.629,111.405,111.587
1587013200,111.587,111.654,111.358,111.48
1587027600,111.48,111.506,111.223,111.309
1587042000,111.309,111.334,110.874,111.047
1587056400,111.047,111.239,110.989,111.22
1587070800,111.22,111.575,111.165,111.334
1587085200,111.334,111.369,111.169,111.261
1587099600,111.261,111.268,110.886,111.002
1587114000,111.002,111.19,110.923,111.034
1587128400,111.034,111.348,110.919,111.207
1587142800,111.207,111.333,111.13,111.275
1587330000,111.275,111.446,111.024,111.369
1587344400,111.369,111.461,111.287,111.445
1587358800,111.445,111.448,111.227,111.401
1587373200,111.401,111.476,111.217,111.277
1587387600,111.277,111.5,111.246,111.304
1587402000,111.304,111.338,111.184,111.195
1587416400,111.195,111.311,111.071,111.197
1587430800,111.197,111.233,110.714,110.767
1587445200,110.767,110.846,110.523,110.685
1587459600,110.685,110.751,110.577,110.677
1587474000,110.677,111.346,110.584,111.065
1587488400,111.065,111.212,111.027,111.18
1587502800,111.18,111.246,111.025,111.171
1587517200,111.171,111.199,110.861,110.916
1587531600,110.916,111.086,110.873,111.02
1587546000,111.02,111.295,111.02,111.235
1587560400,111.235,111.394,110.875,110.898
1587574800,110.898,110.936,110.724,110.896
1587589200,110.896,111.016,110.806,110.835
1587603600,110.835,110.911,110.764,110.858
1587618000,110.858,111.078,110.449,110.54
1587632400,110.54,110.575,110.106,110.257
1587646800,110.257,110.966,110.185,110.495
1587661200,110.495,110.532,109.959,110.235
1587675600,110.235,110.417,110.155,110.236
1587690000,110.236,110.259,110.118,110.212
1587704400,110.212,110.215,109.879,110.176
1587718800,110.176,110.483,110.143,110.409
1587733200,110.409,110.471,110.1,110.104
1587747600,110.104,110.526,110.059,110.464
1587934800,110.464,110.616,110.309,110.483
1587949200,110.483,110.581,110.21,110.28
1587963600,110.28,110.371,110.062,110.271
1587978000,110.271,110.298,109.93,109.988
1587992400,109.988,110.002,109.753,109.893
1588006800,109.893,110.012,109.858,110.004
1588021200,110.004,110.075,109.875,110.037
1588035600,110.037,110.075,109.875,109.917
1588050000,109.917,109.933,109.37,109.624
1588064400,109.624,109.732,109.428,109.599
1588078800,109.599,109.786,109.561,109.651
1588093200,109.651,109.789,109.616,109.635
1588107600,109.635,109.685,109.514,109.536
1588122000,109.536,109.571,109.479,109.532
1588136400,109.532,109.627,109.446,109.581
1588150800,109.581,109.616,109.206,109.55
1588165200,109.55,109.767,109.268,109.269
1588179600,109.269,109.753,109.23,109.553
1588194000,109.553,109.62,109.364,109.505
1588208400,109.505,109.573,109.233,109.306
1588222800,109.306,109.902,109.18,109.9
1588237200,109.9,109.918,109.663,109.752
1588251600,109.752,110.952,109.443,110.657
1588266000,110.657,111.327,110.645,111.062
1588280400,111.062,111.129,110.787,111.031
1588294800,111.031,111.067,110.83,111.031
1588309200,111.031,111.206,110.936,111.004
1588323600,111.004,111.094,110.772,110.852
1588338000,110.852,111.518,110.798,111.181
1588352400,111.181,111.248,111.102,111.193
1588539600,111.193,111.193,110.741,110.777
1588554000,110.777,110.864,110.666,110.68
1588568400,110.68,110.92,110.625,110.788
1588582800,110.788,110.825,110.567,110.765
1588597200,110.765,110.886,110.583,110.636
1588611600,110.636,110.653,110.451,110.641
1588626000,110.641,110.652,110.362,110.403
1588640400,110.403,110.494,110.395,110.438
1588654800,110.438,110.602,110.003,110.04
1588669200,110.04,110.188,109.825,109.856
1588683600,109.856,110.076,109.432,109.453
1588698000,109.453,109.625,109.439,109.516
1588712400,109.516,109.618,109.208,109.268
1588726800,109.268,109.374,109.226,109.363
1588741200,109.363,109.401,109.023,109.131
1588755600,109.131,109.138,108.893,109.021
1588770000,109.021,109.04,108.706,108.816
1588784400,108.816,108.887,108.769,108.85
1588798800,108.85,108.94,108.714,108.868
1588813200,108.868,108.994,108.852,108.947
1588827600,108.947,109.19,108.869,109.036
1588842000,109.036,109.268,108.968,109.138
1588856400,109.138,109.212,108.952,109.104
1588870800,109.104,109.235,109.056,109.23
1588885200,109.23,109.463,109.157,109.371
1588899600,109.371,109.493,109.277,109.458
1588914000,109.458,109.496,109.259,109.456
1588928400,109.456,109.762,109.422,109.759
1588942800,109.759,109.941,109.575,109.858
1588957200,109.858,109.928,109.765,109.801
1589144400,109.801,110.242,109.532,110.231
1589158800,110.231,110.257,110.041,110.209
1589173200,110.209,110.352,110.066,110.225
1589187600,110.225,110.499,110.2,110.49
1589202000,110.49,110.783,110.484,110.672
1589216400,110.672,110.786,110.605,110.642
1589230800,110.642,110.701,110.283,110.302
1589245200,110.302,110.399,110.256,110.361
1589259600,110.361,110.751,110.326,110.668
1589274000,110.668,110.929,110.543,110.908
1589288400,110.908,111.064,110.756,110.765
1589302800,110.765,110.778,110.478,110.495
1589317200,110.495,110.646,110.436,110.546
1589331600,110.546,110.663,110.5,110.544
1589346000,110.544,110.574,110.211,110.328
1589360400,110.328,110.551,110.191,110.453
1589374800,110.453,110.559,110.062,110.095
1589389200,110.095,110.123,110.023,110.097
1589403600,110.097,110.176,109.924,109.956
1589418000,109.956,110.011,109.823,109.878
1589432400,109.878,109.893,109.702,109.815
1589446800,109.815,109.928,109.72,109.865
1589461200,109.865,110.242,109.757,110.022
1589475600,110.022,110.266,109.992,110.217
1589490000,110.217,110.365,110.151,110.313
1589504400,110.313,110.329,110.146,110.169
1589518800,110.169,110.223,109.966,110.005
1589533200,110.005,110.128,109.836,110.101
1589547600,110.101,110.42,110.051,110.26
1589562000,110.26,110.399,110.145,110.177
1589749200,110.177,110.403,110.088,110.273
1589763600,110.273,110.315,110.216,110.246
1589778000,110.246,110.409,110.196,110.327
1589792400,110.327,110.713,110.238,110.672
1589806800,110.672,110.951,110.307,110.351
1589821200,110.351,110.532,109.902,110.52
1589835600,110.52,110.632,110.295,110.462
1589850000,110.462,110.57,110.389,110.506
1589864400,110.506,110.762,110.391,110.636
1589878800,110.636,111.217,110.562,111.209
1589893200,111.209,111.294,110.884,110.934
1589907600,110.934,111.052,110.834,110.926
1589922000,110.926,111.25,110.827,111.203
1589936400,111.203,111.215,111.027,111.091
1589950800,111.091,111.348,111.068,111.248
1589965200,111.248,111.496,111.231,111.41
1589979600,111.41,111.472,111.262,111.403
1589994000,111.403,111.494,111.34,111.39
1590008400,111.39,111.577,111.385,111.551
1590022800,111.551,111.562,111.348,111.396
1590037200,111.396,111.658,111.384,111.521
1590051600,111.521,111.646,111.137,111.25
1590066000,111.25,111.357,110.904,110.968
1590080400,110.968,111.053,110.776,110.881
1590094800,110.881,110.981,110.828,110.945
1590109200,110.945,110.945,110.548,110.59
1590123600,110.59,110.69,110.506,110.615
1590138000,110.615,110.75,110.446,110.724
1590152400,110.724,110.82,110.488,110.61
1590166800,110.61,110.837,110.556,110.822
1590354000,110.822,110.955,110.679,110.84
1590368400,110.84,110.858,110.713,110.75
1590382800,110.75,110.809,110.614,110.79
1590397200,110.79,110.939,110.741,110.926
1590411600,110.926,110.97,110.82,110.873
1590426000,110.873,110.938,110.812,110.812
1590440400,110.812,110.995,110.793,110.983
1590454800,110.983,111.159,110.97,111.101
1590469200,111.101,111.335,111.042,111.276
1590483600,111.276,111.387,111.1,111.219
1590498000,111.219,111.493,111.164,111.313
1590512400,111.313,111.46,111.28,111.364
1590526800,111.364,111.445,111.179,111.315
1590541200,111.315,111.449,111.119,111.132
1590555600,111.132,111.313,110.731,110.808
1590570000,110.808,111.302,110.68,111.145
1590584400,111.145,111.297,111.024,111.2
1590598800,111.2,111.31,111.134,111.182
1590613200,111.182,111.469,111.166,111.398
1590627600,111.398,111.427,111.235,111.305
1590642000,111.305,111.447,111.102,111.187
1590656400,111.187,111.287,110.867,111.164
1590670800,111.164,111.739,111.123,111.681
1590685200,111.681,111.774,111.581,111.602
1590699600,111.602,111.727,111.45,111.505
1590714000,111.505,111.571,111.279,111.308
1590728400,111.308,111.536,111.194,111.494
1590742800,111.494,111.613,111.242,111.272
1590757200,111.272,112.209,111.239,112.09
1590771600,112.09,112.216,111.964,112.151
1590958800,112.151,112.309,111.95,112.199
1590973200,112.199,112.203,111.916,111.926
1590987600,111.926,112.155,111.849,112.064
1591002000,112.064,112.144,111.884,111.964
1591016400,111.964,112.077,111.862,111.916
1591030800,111.916,111.976,111.822,111.964
1591045200,111.964,112.054,111.872,111.974
1591059600,111.974,112.076,111.949,112.026
1591074000,112.026,112.545,112.003,112.489
1591088400,112.489,112.64,111.881,112.501
1591102800,112.501,113.067,112.501,112.992
1591117200,112.992,113.036,112.861,112.931
1591131600,112.931,113.17,112.872,113.024
1591146000,113.024,113.063,112.749,112.891
1591160400,112.891,113.117,112.807,112.994
1591174800,112.994,113.09,112.49,112.666
1591189200,112.666,113.324,112.625,113.236
1591203600,113.236,113.353,113.189,113.302
1591218000,113.302,113.39,113.099,113.235
1591232400,113.235,113.442,113.194,113.401
1591246800,113.401,113.536,113.38,113.515
1591261200,113.515,113.711,113.145,113.358
1591275600,113.358,114.108,113.328,114.002
1591290000,114.002,114.331,113.999,114.219
1591304400,114.219,114.35,114.125,114.14
1591318800,114.14,114.267,114.102,114.2
1591333200,114.2,114.594,113.983,114.069
1591347600,114.069,114.204,113.655,113.713
1591362000,113.713,114.101,113.599,114.043
1591376400,114.043,114.043,113.839,113.882
1591563600,113.882,114.087,113.732,113.755
1591578000,113.755,113.819,113.624,113.666
1591592400,113.666,113.857,113.597,113.783
1591606800,113.783,113.87,113.459,113.831
1591621200,113.831,113.971,113.071,113.084
1591635600,113.084,113.285,113.066,113.225
1591650000,113.225,113.321,112.874,112.909
1591664400,112.909,112.946,112.642,112.688
1591678800,112.688,113.054,112.611,112.955
1591693200,112.955,113.462,112.934,113.231
1591707600,113.231,113.64,113.202,113.457
1591722000,113.457,113.512,113.298,113.337
1591736400,113.337,113.428,113.27,113.295
1591750800,113.295,113.306,113.132,113.16
1591765200,113.16,113.481,113.073,113.452
1591779600,113.452,113.614,113.345,113.559
1591794000,113.559,113.586,113.265,113.394
1591808400,113.394,113.685,113.383,113.501
1591822800,113.501,113.547,113.343,113.42
1591837200,113.42,113.456,113.137,113.37
1591851600,113.37,113.73,113.296,113.617
1591866000,113.617,113.687,113.388,113.457
1591880400,113.457,113.762,113.404,113.594
1591894800,113.594,113.691,113.157,113.194
1591909200,113.194,113.425,112.883,112.924
1591923600,112.924,113.535,112.864,113.423
1591938000,113.423,113.692,113.276,113.412
1591952400,113.412,113.631,113.308,113.515
1591966800,113.515,113.564,112.668,112.778
1591981200,112.778,112.829,112.475,112.753
1592168400,112.753,112.903,112.485,112.67
1592182800,112.67,112.795,112.555,112.619
1592197200,112.619,112.875,112.371,112.872
1592211600,112.872,113.252,112.716,113.121
1592226000,113.121,113.266,112.911,113.056
1592240400,113.056,113.233,113.01,113.09
1592254800,113.09,113.296,113.066,113.171
1592269200,113.171,113.442,113.039,113.226
1592283600,113.226,113.322,113.018,113.32
1592298000,113.32,113.444,113.158,113.301
1592312400,113.301,113.345,112.723,113.058
1592326800,113.058,113.07,112.775,112.817
1592341200,112.817,112.935,112.655,112.821
1592355600,112.821,112.907,112.685,112.864
1592370000,112.864,113.208,112.818,113.014
1592384400,113.014,113.176,112.833,113.125
1592398800,113.125,113.13,112.533,112.872
1592413200,112.872,112.981,112.704,112.797
1592427600,112.797,112.844,112.487,112.544
1592442000,112.544,112.628,112.384,112.575
1592456400,112.575,112.876,112.498,112.706
1592470800,112.706,112.884,112.4,112.41
1592485200,112.41,112.413,112.114,112.284
1592499600,112.284,112.527,112.257,112.451
1592514000,112.451,112.512,112.321,112.399
1592528400,112.399,112.491,112.356,112.397
1592542800,112.397,112.603,112.358,112.497
1592557200,112.497,112.6,112.353,112.564
1592571600,112.564,112.58,112.223,112.298
1592586000,112.298,112.368,112.165,112.221
1592773200,112.221,112.275,112.113,112.169
1592787600,112.169,112.444,112.168,112.443
1592802000,112.443,112.618,112.328,112.567
1592816400,112.567,112.617,112.387,112.471
1592830800,112.471,112.892,112.466,112.773
1592845200,112.773,112.886,112.772,112.809
1592859600,112.809,112.938,112.742,112.892
1592874000,112.892,113.213,112.437,113.065
1592888400,113.065,113.434,113.017,113.317
1592902800,113.317,113.366,112.816,112.915
1592917200,112.915,112.931,112.537,112.683
1592931600,112.683,112.775,112.63,112.74
1592946000,112.74,112.883,112.651,112.803
1592960400,112.803,112.89,112.667,112.86
1592974800,112.86,113.015,112.657,112.744
1592989200,112.744,112.83,112.509,112.646
1593003600,112.646,112.909,112.62,112.804
1593018000,112.804,112.945,112.798,112.921
1593032400,112.921,113.018,112.789,112.916
1593046800,112.916,113.042,112.887,112.908
1593061200,112.908,113.084,112.786,112.979
1593075600,112.979,113.137,112.899,113.028
1593090000,113.028,113.135,112.916,113.062
1593104400,113.062,113.068,112.959,113.015
1593118800,113.015,113.064,112.872,112.966
1593133200,112.966,113.052,112.945,112.968
1593147600,112.968,113.002,112.835,112.842
1593162000,112.842,112.937,112.673,112.923
1593176400,112.923,113.127,112.836,113.116
1593190800,113.116,113.154,113.046,113.128
1593378000,113.128,113.217,112.983,113.19
1593392400,113.19,113.291,113.014,113.061
1593406800,113.061,113.268,113.06,113.242
1593421200,113.242,113.532,113.212,113.526
1593435600,113.526,113.615,113.141,113.172
1593450000,113.172,113.244,113.054,113.095
1593464400,113.095,113.19,113.006,113.164
1593478800,113.164,113.31,113.152,113.204
1593493200,113.204,113.233,112.962,113.131
1593507600,113.131,113.423,113.047,113.339
1593522000,113.339,113.933,113.313,113.854
1593536400,113.854,114.011,113.847,113.935
1593550800,113.935,114.148,113.916,114.079
1593565200,114.079,114.083,113.605,113.673
1593579600,113.673,113.732,113.481,113.551
1593594000,113.551,113.578,113.176,113.328
1593608400,113.328,113.807,113.327,113.604
1593622800,113.604,113.68,113.548,113.626
1593637200,113.626,113.704,113.492,113.596
1593651600,113.596,113.682,113.543,113.599
1593666000,113.599,113.904,113.584,113.866
1593680400,113.866,113.988,113.81,113.912
1593694800,113.912,113.999,113.662,113.701
1593709200,113.701,113.776,113.669,113.723
1593723600,113.723,113.752,113.627,113.671
1593738000,113.671,113.764,113.657,113.666
1593752400,113.666,113.691,113.512,113.551
1593766800,113.551,113.657,113.525,113.636
1593781200,113.636,113.816,113.583,113.768
1593795600,113.768,113.841,113.659,113.752
1593982800,113.752,114.055,113.692,114.027
1593997200,114.027,114.208,114.007,114.191
1594011600,114.191,114.274,114.077,114.185
1594026000,114.185,114.49,114.116,114.475
1594040400,114.475,114.545,114.094,114.127
1594054800,114.127,114.143,113.909,113.927
1594069200,113.927,114.027,113.873,113.966
1594083600,113.966,114.005,113.874,113.89
1594098000,113.89,114.159,113.886,114.022
1594112400,114.022,114.296,113.959,114.235
1594126800,114.235,114.347,114.128,114.19
1594141200,114.19,114.24,114.078,114.086
1594155600,114.086,114.239,114.048,114.202
1594170000,114.202,114.238,114.083,114.095
1594184400,114.095,114.271,114.044,114.233
1594198800,114.233,114.283,114.137,114.23
1594213200,114.23,114.628,114.227,114.434
1594227600,114.434,114.434,114.271,114.304
1594242000,114.304,114.384,114.287,114.331
1594256400,114.331,114.562,114.326,114.533
1594270800,114.533,114.595,114.321,114.33
1594285200,114.33,114.452,114.302,114.374
1594299600,114.374,114.417,114.093,114.122
1594314000,114.122,114.123,113.912,114.026
1594328400,114.026,114.078,113.779,113.794
1594342800,113.794,113.825,113.523,113.568
1594357200,113.568,113.591,113.313,113.362
1594371600,113.362,113.52,113.314,113.449
1594386000,113.449,113.703,113.429,113.637
1594400400,113.637,113.66,113.55,113.595
1594587600,113.595,113.699,113.566,113.628
1594602000,113.628,113.721,113.608,113.695
1594616400,113.695,113.844,113.645,113.658
1594630800,113.658,113.756,113.586,113.682
1594645200,113.682,114.059,113.681,113.961
1594659600,113.961,114.017,113.861,113.954
1594674000,113.954,113.982,113.82,113.838
1594688400,113.838,113.867,113.714,113.865
1594702800,113.865,114.23,113.812,114.221
1594717200,114.221,114.32,114.154,114.262
1594731600,114.262,114.324,114.129,114.222
1594746000,114.222,114.236,114.041,114.082
1594760400,114.082,114.225,114.031,114.112
1594774800,114.112,114.143,114.019,114.028
1594789200,114.028,114.201,113.865,113.9
1594803600,113.9,113.901,113.344,113.354
1594818000,113.354,113.397,113.152,113.244
1594832400,113.244,113.246,113.085,113.237
1594846800,113.237,113.289,113.089,113.173
1594861200,113.173,113.228,113.038,113.058
1594875600,113.058,113.351,113.029,113.283
1594890000,113.283,113.387,113.196,113.336
1594904400,113.336,113.633,113.259,113.613
1594918800,113.613,113.661,113.405,113.418
1594933200,113.418,113.582,113.404,113.464
1594947600,113.464,113.525,113.39,113.447
1594962000,113.447,113.654,113.312,113.639
1594976400,113.639,114.014,113.639,113.96
1594990800,113.96,114.084,113.943,114.007
1595005200,114.007,114.043,113.953,114.026
1595192400,114.026,114.383,113.895,114.257
1595206800,114.257,114.294,114.14,114.271
1595221200,114.271,114.291,113.916,114.107
1595235600,114.107,114.24,114.058,114.105
1595250000,114.105,114.227,113.968,114.165
1595264400,114.165,114.307,114.135,114.23
1595278800,114.23,114.256,114.1,114.188
1595293200,114.188,114.288,114.185,114.27
1595307600,114.27,114.488,114.208,114.331
1595322000,114.331,114.499,114.213,114.258
1595336400,114.258,114.457,113.998,114.445
1595350800,114.445,114.512,114.403,114.458
1595365200,114.458,114.628,114.411,114.558
1595379600,114.558,114.658,114.505,114.648
1595394000,114.648,114.691,114.482,114.571
1595408400,114.571,115.085,114.564,115.024
1595422800,115.024,115.408,115.006,115.345
1595437200,115.345,115.394,115.266,115.278
1595451600,115.278,115.363,115.176,115.297
1595466000,115.297,115.445,115.265,115.418
1595480400,115.418,115.513,115.306,115.443
1595494800,115.443,115.638,115.429,115.46
1595509200,115.46,115.68,115.427,115.51
1595523600,115.51,115.569,115.29,115.471
1595538000,115.471,115.518,115.25,115.271
1595552400,115.271,115.316,115.06,115.068
1595566800,115.068,115.184,114.729,114.971
1595581200,114.971,115.069,114.83,114.875
1595595600,114.875,114.911,114.503,114.585
1595610000,114.585,115.31,114.56,115.285
1595797200,115.285,115.285,114.955,115.06
1595811600,115.06,115.166,114.902,115.089
1595826000,115.089,115.145,114.622,114.636
1595840400,114.636,114.726,114.125,114.336
1595854800,114.336,114.446,114.214,114.376
1595869200,114.376,114.567,114.352,114.546
1595883600,114.546,114.625,114.37,114.495
1595898000,114.495,114.633,114.368,114.557
1595912400,114.557,114.72,114.426,114.558
1595926800,114.558,114.743,114.435,114.702
1595941200,114.702,114.834,114.393,114.607
1595955600,114.607,114.624,114.466,114.494
1595970000,114.494,114.598,114.348,114.478
1595984400,114.478,114.578,114.418,114.521
1595998800,114.521,114.706,114.477,114.594
1596013200,114.594,114.644,114.316,114.453
1596027600,114.453,114.972,114.416,114.946
1596042000,114.946,115.042,114.842,114.969
1596056400,114.969,115.155,114.951,115.066
1596070800,115.066,115.156,115.024,115.125
1596085200,115.125,115.26,114.881,114.905
1596099600,114.905,115.111,114.844,115.079
1596114000,115.079,115.308,115.025,115.15
1596128400,115.15,115.35,115.119,115.222
1596142800,115.222,115.371,115.032,115.123
1596157200,115.123,115.127,114.902,115.075
1596171600,115.075,115.345,114.941,115.34
1596186000,115.34,115.631,115.195,115.611
1596200400,115.611,116.305,115.567,115.909
1596214800,115.909,115.967,115.679,115.947
1596402000,115.947,116.135,115.716,115.923
1596416400,115.923,115.971,115.616,115.616
1596430800,115.616,115.62,115.098,115.139
1596445200,115.139,115.61,115.133,115.28
1596459600,115.28,115.474,114.983,115.415
1596474000,115.415,115.526,115.395,115.441
1596488400,115.441,115.589,115.441,115.524
1596502800,115.524,115.648,115.511,115.564
1596517200,115.564,115.728,115.457,115.712
1596531600,115.712,116.025,115.706,115.895
1596546000,115.895,115.907,115.33,115.566
1596560400,115.566,115.785,115.561,115.757
1596574800,115.757,115.833,115.626,115.639
1596589200,115.639,115.767,115.594,115.735
1596603600,115.735,116.124,115.7,116.121
1596618000,116.121,116.489,116.078,116.339
1596632400,116.339,116.52,116.187,116.352
1596646800,116.352,116.355,116.18,116.239
1596661200,116.239,116.314,116.173,116.22
1596675600,116.22,116.259,116.126,116.167
1596690000,116.167,116.346,115.933,116.343
1596704400,116.343,116.357,116.004,116.012
1596718800,116.012,116.084,115.607,115.875
1596733200,115.875,116.056,115.779,116.015
1596747600,116.015,116.107,115.902,115.942
1596762000,115.942,115.962,115.599,115.727
1596776400,115.727,115.958,115.609,115.662
1596790800,115.662,115.87,115.503,115.753
1596805200,115.753,116.065,115.473,115.955
1596819600,115.955,116.115,115.914,116.079
1597006800,116.079,116.11,115.883,115.895
1597021200,115.895,115.923,115.813,115.815
1597035600,115.815,116.012,115.7,115.724
1597050000,115.724,115.755,115.564,115.625
1597064400,115.625,115.794,115.568,115.739
1597078800,115.739,115.775,115.693,115.721
1597093200,115.721,115.856,115.69,115.828
1597107600,115.828,115.951,115.76,115.936
1597122000,115.936,116.136,115.901,116.043
1597136400,116.043,116.406,115.967,116.252
1597150800,116.252,116.432,116.087,116.364
1597165200,116.364,116.412,116.016,116.151
1597179600,116.151,116.234,116.057,116.118
1597194000,116.118,116.176,116.003,116.1
1597208400,116.1,116.693,116.057,116.603
1597222800,116.603,117.216,116.602,117.092
1597237200,117.092,117.428,117.041,117.246
1597251600,117.246,117.275,117.115,117.221
1597266000,117.221,117.294,117.088,117.1
1597280400,117.1,117.239,117.092,117.172
1597294800,117.172,117.45,117.139,117.404
1597309200,117.404,117.528,117.286,117.527
1597323600,117.527,117.613,117.405,117.439
1597338000,117.439,117.592,117.378,117.538
1597352400,117.538,117.642,117.414,117.542
1597366800,117.542,117.571,117.422,117.426
1597381200,117.426,117.47,117.169,117.268
1597395600,117.268,117.276,116.982,117.116
1597410000,117.116,117.221,117.014,117.096
1597424400,117.096,117.264,117.089,117.256
1597611600,117.256,117.351,117.087,117.142
1597626000,117.142,117.26,117.069,117.232
1597640400,117.232,117.45,117.152,117.27
1597654800,117.27,117.363,116.946,116.976
1597669200,116.976,117.244,116.894,117.006
1597683600,117.006,117.04,116.914,116.922
1597698000,116.922,117.034,116.756,116.786
1597712400,116.786,116.852,116.614,116.694
1597726800,116.694,116.709,116.467,116.639
1597741200,116.639,116.779,116.5,116.763
1597755600,116.763,116.918,116.621,116.696
1597770000,116.696,116.767,116.626,116.63
1597784400,116.63,116.772,116.446,116.476
1597798800,116.476,116.837,116.47,116.813
1597813200,116.813,116.918,116.752,116.784
1597827600,116.784,116.833,116.05,116.152
1597842000,116.152,116.331,115.803,115.878
1597856400,115.878,116.055,115.72,115.95
1597870800,115.95,116.019,115.873,115.908
1597885200,115.908,116.006,115.836,115.931
1597899600,115.931,116.251,115.854,116.127
1597914000,116.127,116.344,116.102,116.262
1597928400,116.262,116.559,116.113,116.465
1597942800,116.465,116.597,116.398,116.561
1597957200,116.561,116.597,116.447,116.524
1597971600,116.524,116.564,116.434,116.436
1597986000,116.436,116.523,115.819,115.878
1598000400,115.878,116.05,115.814,115.917
1598014800,115.917,116.221,115.791,115.907
1598029200,115.907,116.149,115.902,116.064
1598216400,116.064,116.192,115.907,115.919
1598230800,115.919,116.045,115.851,116.022
1598245200,116.022,116.365,115.999,116.288
1598259600,116.288,116.623,116.209,116.508
1598274000,116.508,116.539,116.204,116.257
1598288400,116.257,116.326,116.213,116.215
1598302800,116.215,116.352,116.186,116.347
1598317200,116.347,116.367,116.202,116.307
1598331600,116.307,116.94,116.282,116.934
1598346000,116.934,117.181,116.804,116.918
1598360400,116.918,117.277,116.835,117.071
1598374800,117.071,117.236,117.036,117.21
1598389200,117.21,117.385,117.082,117.223
1598403600,117.223,117.27,117.006,117.02
1598418000,117.02,117.043,116.63,116.706
1598432400,116.706,116.962,116.647,116.807
1598446800,116.807,116.924,116.695,116.803
1598461200,116.803,116.844,116.625,116.69
1598475600,116.69,116.802,116.584,116.687
1598490000,116.687,116.791,116.625,116.72
1598504400,116.72,116.973,116.538,116.834
1598518800,116.834,116.869,116.383,116.778
1598533200,116.778,117.329,116.59,117.239
1598547600,117.239,117.34,117.194,117.226
1598562000,117.226,117.374,117.197,117.288
1598576400,117.288,117.887,117.236,117.771
1598590800,117.771,117.81,117.195,117.212
1598605200,117.212,117.245,116.506,116.58
1598619600,116.58,116.761,116.336,116.479
1598634000,116.479,116.572,116.423,116.526
1598821200,116.526,116.966,116.41,116.633
1598835600,116.633,116.865,116.51,116.851
1598850000,116.851,117.273,116.774,117.247
1598864400,117.247,117.452,117.012,117.397
1598878800,117.397,117.802,117.16,117.208
1598893200,117.208,117.288,117.111,117.191
1598907600,117.191,117.331,117.034,117.067
1598922000,117.067,117.392,117.027,117.369
1598936400,117.369,117.5,117.109,117.146
1598950800,117.146,117.19,116.7,116.772
1598965200,116.772,116.864,116.597,116.694
1598979600,116.694,116.696,116.473,116.516
1598994000,116.516,116.594,116.362,116.401
1599008400,116.401,116.48,116.31,116.435
1599022800,116.435,116.439,116.12,116.339
1599037200,116.339,116.682,116.309,116.472
1599051600,116.472,116.603,116.339,116.459
1599066000,116.459,116.614,116.361,116.599
1599080400,116.599,116.63,116.39,116.429
1599094800,116.429,116.554,116.391,116.425
1599109200,116.425,116.653,116.257,116.607
1599123600,116.607,116.899,116.55,116.796
1599138000,116.796,117.015,116.409,116.571
1599152400,116.571,116.814,116.489,116.765
1599166800,116.765,116.792,116.554,116.7
1599181200,116.7,116.798,116.682,116.694
1599195600,116.694,116.758,116.439,116.756
1599210000,116.756,116.775,116.478,116.566
1599224400,116.566,116.599,116.068,116.256
1599238800,116.256,116.441,116.196,116.31
1599426000,116.31,116.478,116.26,116.434
1599440400,116.434,116.435,116.195,116.233
1599454800,116.233,116.43,116.208,116.316
1599469200,116.316,116.316,116.026,116.029
1599483600,116.029,116.198,115.977,115.988
1599498000,115.988,116.027,115.909,115.994
1599512400,115.994,116.037,115.822,115.852
1599526800,115.852,115.871,115.751,115.796
1599541200,115.796,115.91,115.691,115.821
1599555600,115.821,115.924,115.499,115.556
1599570000,115.556,115.643,115.275,115.599
1599584400,115.599,115.71,115.482,115.529
1599598800,115.529,115.541,115.231,115.45
1599613200,115.45,115.452,115.309,115.361
1599627600,115.361,115.582,115.158,115.473
1599642000,115.473,116.014,115.413,115.928
1599656400,115.928,116.447,115.922,116.327
1599670800,116.327,116.437,116.287,116.37
1599685200,116.37,116.556,116.287,116.44
1599699600,116.44,116.499,116.372,116.394
1599714000,116.394,116.747,116.393,116.727
1599728400,116.727,117.038,116.642,116.984
1599742800,116.984,117.306,116.824,116.884
1599757200,116.884,116.948,116.477,116.548
1599771600,116.548,116.712,116.502,116.647
1599786000,116.647,116.752,116.634,116.691
1599800400,116.691,116.933,116.607,116.916
1599814800,116.916,116.988,116.622,116.754
1599829200,116.754,116.879,116.645,116.763
1599843600,116.763,116.819,116.617,116.809
1600030800,116.809,116.809,116.665,116.668
1600045200,116.668,116.804,116.665,116.706
1600059600,116.706,116.803,116.639,116.758
1600074000,116.758,116.918,116.613,116.82
1600088400,116.82,116.84,116.384,116.418
1600102800,116.418,116.466,116.328,116.395
1600117200,116.395,116.41,116.266,116.38
1600131600,116.38,116.559,116.3,116.547
1600146000,116.547,116.769,116.495,116.742
1600160400,116.742,116.775,116.15,116.245
1600174800,116.245,116.279,115.997,116.124
1600189200,116.124,116.213,116.03,116.108
1600203600,116.108,116.126,115.791,115.874
1600218000,115.874,115.992,115.798,115.989
1600232400,115.989,116.182,115.954,115.985
1600246800,115.985,116.173,115.565,115.644
1600261200,115.644,115.772,115.349,115.519
1600275600,115.519,115.67,115.285,115.402
1600290000,115.402,115.458,115.064,115.2
1600304400,115.2,115.301,114.952,115.089
1600318800,115.089,115.17,114.772,115.027
1600333200,115.027,115.097,114.798,114.916
1600347600,114.916,115.247,114.807,115.223
1600362000,115.223,115.33,115.129,115.319
1600376400,115.319,115.47,115.264,115.349
1600390800,115.349,115.422,115.312,115.369
1600405200,115.369,115.402,114.974,115.015
1600419600,115.015,115.07,114.565,114.787
1600434000,114.787,114.881,114.547,114.805
1600448400,114.805,114.933,114.708,114.715
1600635600,114.715,114.872,114.637,114.74
1600650000,114.74,114.747,114.608,114.631
1600664400,114.631,114.722,113.899,113.983
1600678800,113.983,114.114,113.703,113.934
1600693200,113.934,114.692,113.919,114.336
1600707600,114.336,114.602,114.309,114.429
1600722000,114.429,114.534,114.32,114.373
1600736400,114.373,114.373,114.138,114.321
1600750800,114.321,114.322,114.054,114.213
1600765200,114.213,114.323,114.038,114.202
1600779600,114.202,114.456,114.063,114.094
1600794000,114.094,114.164,114.057,114.076
1600808400,114.076,114.242,114.046,114.105
1600822800,114.105,114.242,113.995,114.041
1600837200,114.041,114.242,113.941,114.219
1600851600,114.219,114.264,114.042,114.175
1600866000,114.175,114.262,113.919,114.248
1600880400,114.248,114.256,114.028,114.069
1600894800,114.069,114.382,113.931,114.294
1600909200,114.294,114.379,114.166,114.19
1600923600,114.19,114.194,113.809,113.927
1600938000,113.927,114.066,113.696,113.873
1600952400,113.873,113.945,113.651,113.851
1600966800,113.851,113.931,113.7,113.752
1600981200,113.752,113.845,113.714,113.811
1600995600,113.811,113.853,113.688,113.757
1601010000,113.757,113.922,113.575,113.755
1601024400,113.755,113.759,113.539,113.702
1601038800,113.702,113.81,113.6,113.641
1601053200,113.641,113.753,113.619,113.621
1601240400,113.621,113.791,113.393,113.428
1601254800,113.428,113.6,113.381,113.389
1601269200,113.389,113.678,113.278,113.631
1601283600,113.631,113.848,113.576,113.774
1601298000,113.774,114.231,113.572,114.171
1601312400,114.171,114.186,114.028,114.028
1601326800,114.028,114.175,114.026,114.057
1601341200,114.057,114.242,114.053,114.24
1601355600,114.24,114.502,114.193,114.488
1601370000,114.488,114.628,114.392,114.601
1601384400,114.601,114.949,114.511,114.92
1601398800,114.92,114.989,114.839,114.908
1601413200,114.908,114.998,114.702,114.976
1601427600,114.976,114.983,114.545,114.545
1601442000,114.545,114.702,114.442,114.456
1601456400,114.456,114.719,114.368,114.514
1601470800,114.514,115.054,114.377,114.536
1601485200,114.536,114.592,114.409,114.576
1601499600,114.576,114.624,114.456,114.505
1601514000,114.505,114.736,114.501,114.69
1601528400,114.69,114.866,114.599,114.836
1601542800,114.836,115.175,114.82,115.053
1601557200,115.053,115.177,114.848,114.888
1601571600,114.888,114.961,114.812,114.83
1601586000,114.83,114.969,114.738,114.789
1601600400,114.789,114.819,114.565,114.595
1601614800,114.595,114.6,114.173,114.2
1601629200,114.2,114.379,114.048,114.215
1601643600,114.215,114.574,114.142,114.506
1601658000,114.506,114.534,114.356,114.374
1601845200,114.374,115.238,114.374,114.991
1601859600,114.991,115.154,114.957,115.072
1601874000,115.072,115.278,114.987,115.264
1601888400,115.264,115.375,115.173,115.23
1601902800,115.23,115.549,115.196,115.506
1601917200,115.506,115.604,115.382,115.514
1601931600,115.514,115.584,115.417,115.53
1601946000,115.53,115.554,115.436,115.441
1601960400,115.441,115.641,115.319,115.366
1601974800,115.366,115.649,115.347,115.544
1601989200,115.544,115.705,115.375,115.425
1602003600,115.425,115.493,114.992,115.074
1602018000,115.074,115.16,115.022,115.101
1602032400,115.101,115.185,115.02,115.16
1602046800,115.16,115.611,115.12,115.516
1602061200,115.516,115.748,115.491,115.597
1602075600,115.597,115.661,115.507,115.62
1602090000,115.62,115.655,115.506,115.515
1602104400,115.515,115.7,115.502,115.639
1602118800,115.639,115.687,115.554,115.583
1602133200,115.583,115.744,115.403,115.486
1602147600,115.486,115.585,115.393,115.456
1602162000,115.456,115.573,115.226,115.517
1602176400,115.517,115.639,115.506,115.631
1602190800,115.631,115.658,115.477,115.558
1602205200,115.558,115.651,115.495,115.623
1602219600,115.623,116.029,115.619,115.984
1602234000,115.984,116.095,115.888,116.062
1602248400,116.062,116.177,115.804,116.162
1602262800,116.162,116.174,115.989,116.002
1602450000,116.002,116.248,115.93,115.977
1602464400,115.977,116.072,115.798,115.856
1602478800,115.856,115.942,115.747,115.942
1602493200,115.942,115.943,115.712,115.83
1602507600,115.83,115.893,115.738,115.833
1602522000,115.833,115.897,115.792,115.856
1602536400,115.856,115.903,115.729,115.784
1602550800,115.784,115.943,115.725,115.925
1602565200,115.925,115.978,115.708,115.819
1602579600,115.819,115.961,115.715,115.916
1602594000,115.916,115.918,115.327,115.336
1602608400,115.336,115.368,115.26,115.262
1602622800,115.262,115.373,115.212,115.221
1602637200,115.221,115.262,115.046,115.247
1602651600,115.247,115.407,115.199,115.241
1602666000,115.241,115.303,115.074,115.262
1602680400,115.262,115.338,115.087,115.184
1602694800,115.184,115.215,115.083,115.083
1602709200,115.083,115.246,115.025,115.221
1602723600,115.221,115.34,115.182,115.297
1602738000,115.297,115.33,115.001,115.035
1602752400,115.035,115.262,115.005,115.108
1602766800,115.108,115.305,115.017,115.224
1602781200,115.224,115.325,115.179,115.278
1602795600,115.278,115.345,115.133,115.194
1602810000,115.194,115.24,114.979,114.997
1602824400,114.997,115.127,114.93,114.932
1602838800,114.932,115.46,114.869,115.38
1602853200,115.38,115.38,115.104,115.146
1602867600,115.146,115.231,115.113,115.194
1603054800,115.228,115.284,115.124,115.177
1603069200,115.177,115.205,115.098,115.11
1603083600,115.11,115.398,115.039,115.36
1603098000,115.36,115.786,115.355,115.761
1603112400,115.761,115.992,115.731,115.906
1603126800,115.906,115.956,115.777,115.909
1603141200,115.909,116.043,115.754,116.012
1603155600,116.012,116.023,115.903,115.996
1603170000,115.996,116.15,115.838,116.06
1603184400,116.06,116.495,116.053,116.431
1603198800,116.431,116.592,116.326,116.377
1603213200,116.377,116.414,116.254,116.312
1603227600,116.312,116.375,116.25,116.26
1603242000,116.26,116.363,116.188,116.236
1603256400,116.236,116.384,115.991,116.056
1603270800,116.056,116.095,115.733,115.744
1603285200,115.744,115.77,115.497,115.569
1603299600,115.569,115.573,115.461,115.503
1603314000,115.503,115.617,115.39,115.424
1603328400,115.424,115.531,115.418,115.512
1603342800,115.512,115.529,115.289,115.433
1603357200,115.433,115.528,115.286,115.392
1603371600,115.392,115.647,115.344,115.526
1603386000,115.526,115.653,115.512,115.627
1603400400,115.627,115.642,115.233,115.35
1603414800,115.35,115.468,115.336,115.364
1603429200,115.364,115.655,115.305,115.633
1603443600,115.633,115.918,115.6,115.844
1603458000,115.844,115.88,115.605,115.698
1603472400,115.698,115.849,115.698,115.814
1603659600,115.814,115.814,115.616,115.702
1603674000,115.702,115.957,115.694,115.903
1603688400,115.903,115.954,115.676,115.708
1603702800,115.708,115.765,115.52,115.74
1603717200,115.74,115.831,115.53,115.599
1603731600,115.599,115.63,115.462,115.481
1603746000,115.481,115.674,115.367,115.54
1603760400,115.54,115.545,115.423,115.524
1603774800,115.524,115.581,115.284,115.314
1603789200,115.314,115.359,115.011,115.349
1603803600,115.349,115.426,115.121,115.173
1603818000,115.173,115.204,114.901,114.914
1603832400,114.914,115.029,114.83,114.899
1603846800,114.899,114.975,114.623,114.675
1603861200,114.675,114.741,114.316,114.558
1603875600,114.558,114.558,114.197,114.464
1603890000,114.464,114.742,114.397,114.669
1603904400,114.669,114.683,114.575,114.581
1603918800,114.581,114.686,114.508,114.679
1603933200,114.679,114.905,114.571,114.847
1603947600,114.847,114.853,114.362,114.408
1603962000,114.408,114.473,114.108,114.325
1603976400,114.325,114.382,114.081,114.173
1603990800,114.173,114.33,114.131,114.293
1604005200,114.293,114.352,114.116,114.236
1604019600,114.236,114.293,114.095,114.113
1604034000,114.113,114.157,113.789,113.937
1604048400,113.937,114.25,113.854,114.244
1604062800,114.244,114.476,114.001,114.134
1604077200,114.134,114.2,114.06,114.132
1604268000,114.115,114.245,113.999,114.179
1604282400,114.179,114.19,114.084,114.138
1604296800,114.138,114.345,114.129,114.255
1604311200,114.255,114.29,113.885,113.903
1604325600,113.903,114.066,113.819,113.934
1604340000,113.934,114.042,113.894,113.984
1604354400,113.984,114.081,113.949,114.017
1604368800,114.017,114.072,113.943,114.054
1604383200,114.054,114.366,113.815,114.365
1604397600,114.365,114.579,114.243,114.329
1604412000,114.329,114.64,114.327,114.476
1604426400,114.476,114.648,114.461,114.461
1604440800,114.461,114.976,114.325,114.39
1604455200,114.39,114.907,114.287,114.652
1604469600,114.652,114.888,114.373,114.561
1604484000,114.561,114.708,114.363,114.6
1604498400,114.6,114.715,114.253,114.587
1604512800,114.587,114.646,114.427,114.646
1604527200,114.646,114.688,114.366,114.417
1604541600,114.417,114.533,114.343,114.478
1604556000,114.478,114.899,114.468,114.839
1604570400,114.839,114.98,114.456,114.472
1604584800,114.472,114.55,114.27,114.452
1604599200,114.452,114.54,114.338,114.363
1604613600,114.363,114.703,114.256,114.532
1604628000,114.532,114.638,114.384,114.56
1604642400,114.56,114.744,114.527,114.671
1604656800,114.671,114.986,114.541,114.916
1604671200,114.916,115.065,114.804,114.849
1604685600,114.849,114.891,114.693,114.801
1604872800,114.874,114.942,114.649,114.837
1604887200,114.837,115.113,114.825,115.071
1604901600,115.071,115.339,114.976,115.213
1604916000,115.213,116.11,115.134,115.592
1604930400,115.592,115.974,115.457,115.63
1604944800,115.63,115.668,115.252,115.416
1604959200,115.416,115.505,114.971,115.02
1604973600,115.02,115.141,114.936,115.032
1604988000,115.032,115.25,114.887,114.972
1605002400,114.972,115.078,114.84,114.988
1605016800,114.988,115.365,114.967,115.195
1605031200,115.195,115.245,114.985,115.006
1605045600,115.006,115.182,114.868,114.987
1605060000,114.987,115.086,114.91,115.036
1605074400,115.036,115.218,114.847,114.933
1605088800,114.933,115.101,114.762,114.964
1605103200,114.964,115.104,114.808,115.081
1605117600,115.081,115.085,114.911,114.931
1605132000,114.931,115.044,114.845,114.867
1605146400,114.867,115.01,114.824,114.846
1605160800,114.846,115.345,114.717,115.307
1605175200,115.307,115.332,114.955,115.068
1605189600,115.068,115.162,114.892,114.962
1605204000,114.962,114.969,114.791,114.927
1605218400,114.927,114.962,114.697,114.741
1605232800,114.741,114.75,114.641,114.701
1605247200,114.701,114.943,114.699,114.933
1605261600,114.933,114.971,114.592,114.686
1605276000,114.686,114.768,114.498,114.535
1605290400,114.535,114.676,114.507,114.612
1605477600,114.612,114.785,114.537,114.685
1605492000,114.685,114.705,114.596,114.637
1605506400,114.637,114.785,114.552,114.732
1605520800,114.732,115.026,114.54,114.683
1605535200,114.683,114.696,114.47,114.599
1605549600,114.599,114.616,114.541,114.545
1605564000,114.545,114.641,114.5,114.615
1605578400,114.615,114.629,114.494,114.535
1605592800,114.535,114.631,114.416,114.528
1605607200,114.528,114.666,114.383,114.526
1605621600,114.526,114.569,114.288,114.452
1605636000,114.452,114.486,114.274,114.299
1605650400,114.299,114.336,114.146,114.222
1605664800,114.222,114.312,114.217,114.224
1605679200,114.224,114.23,114.048,114.155
1605693600,114.155,114.184,113.991,114.039
1605708000,114.039,114.148,113.831,114.131
1605722400,114.131,114.152,113.89,113.907
1605736800,113.907,113.996,113.816,113.929
1605751200,113.929,113.948,113.797,113.905
1605765600,113.905,114.115,113.774,113.891
1605780000,113.891,114.109,113.865,113.997
1605794400,113.997,114.012,113.784,113.818
1605808800,113.818,114.023,113.812,113.872
1605823200,113.872,114.122,113.851,114.106
1605837600,114.106,114.186,114.038,114.103
1605852000,114.103,114.2,113.922,113.95
1605866400,113.95,114.009,113.794,113.995
1605880800,113.995,114.06,113.835,113.888
1605895200,113.888,114.013,113.86,113.998
1606082400,113.997,114.056,113.904,114.006
1606096800,114.006,114.033,113.963,114.032
1606111200,114.032,114.11,113.933,113.975
1606125600,113.975,114.278,113.917,114.26
1606140000,114.26,114.436,114.061,114.392
1606154400,114.392,114.616,114.362,114.447
1606168800,114.447,114.663,114.364,114.607
1606183200,114.607,114.621,114.447,114.467
1606197600,114.467,114.641,114.358,114.377
1606212000,114.377,114.726,114.166,114.709
1606226400,114.709,114.871,114.624,114.657
1606240800,114.657,114.679,114.598,114.602
1606255200,114.602,114.777,114.59,114.743
1606269600,114.743,114.817,114.637,114.659
1606284000,114.659,114.738,114.221,114.39
1606298400,114.39,114.693,114.359,114.653
1606312800,114.653,114.919,114.585,114.896
1606327200,114.896,115.02,114.853,115.011
1606341600,115.011,115.039,114.921,114.973
1606356000,114.973,115.055,114.947,115.053
1606370400,115.053,115.108,114.703,114.719
1606384800,114.719,114.882,114.64,114.779
1606399200,114.779,115.039,114.742,114.996
1606413600,114.996,115.048,114.923,114.957
1606428000,114.957,115.035,114.75,114.776
1606442400,114.776,114.865,114.733,114.773
1606456800,114.773,114.879,114.565,114.733
1606471200,114.733,114.879,114.679,114.875
1606485600,114.875,115.065,114.813,114.949
1606500000,114.949,115.081,114.899,114.961
1606687200,114.926,115.172,114.903,114.955
1606701600,114.955,115.043,114.93,115.016
1606716000,115.016,115.645,115.009,115.178
1606730400,115.178,115.239,114.994,115.116
1606744800,115.116,115.376,114.976,115.135
1606759200,115.135,115.174,114.73,114.765
1606773600,114.765,114.983,114.736,114.982
1606788000,114.982,115.151,114.96,115.058
1606802400,115.058,115.142,114.989,115.054
1606816800,115.054,115.445,115.041,115.437
1606831200,115.437,115.991,115.401,115.867
1606845600,115.867,115.969,115.861,115.964
1606860000,115.964,116.146,115.874,116.128
1606874400,116.128,116.211,116.059,116.063
1606888800,116.063,116.286,116.001,116.226
1606903200,116.226,116.719,116.202,116.681
1606917600,116.681,116.813,116.557,116.614
1606932000,116.614,116.742,116.572,116.709
1606946400,116.709,116.854,116.663,116.826
1606960800,116.826,116.89,116.77,116.864
1606975200,116.864,116.897,116.556,116.63
1606989600,116.63,116.93,116.589,116.703
1607004000,116.703,116.796,116.451,116.539
1607018400,116.539,116.659,116.457,116.51
1607032800,116.51,116.613,116.43,116.528
1607047200,116.528,116.766,116.494,116.747
1607061600,116.747,116.783,116.583,116.611
1607076000,116.611,116.971,116.604,116.792
1607090400,116.792,117.044,116.765,116.939
1607104800,116.939,116.976,116.755,116.794
1607292000,116.794,116.956,116.753,116.802
1607306400,116.802,116.83,116.705,116.828
1607320800,116.828,116.872,116.574,116.737
1607335200,116.737,116.985,116.685,116.927
1607349600,116.927,117.164,116.885,116.919
1607364000,116.919,116.919,116.745,116.868
1607378400,116.868,116.873,116.682,116.765
1607392800,116.765,116.828,116.738,116.784
1607407200,116.784,117.022,116.75,116.948
1607421600,116.948,117.11,116.845,117.054
1607436000,117.054,117.221,117.03,117.176
1607450400,117.176,117.239,117.125,117.154
1607464800,117.154,117.225,117.119,117.155
1607479200,117.155,117.318,117.138,117.318
1607493600,117.318,117.438,117.114,117.192
1607508000,117.192,117.302,117.042,117.275
1607522400,117.275,117.352,117.056,117.176
1607536800,117.176,117.233,117.033,117.23
1607551200,117.23,117.295,117.173,117.253
1607565600,117.253,117.54,117.25,117.47
1607580000,117.47,117.669,117.407,117.507
1607594400,117.507,117.743,117.481,117.666
1607608800,117.666,117.763,117.443,117.468
1607623200,117.468,117.684,117.399,117.664
1607637600,117.664,117.738,117.358,117.441
1607652000,117.441,117.503,117.38,117.457
1607666400,117.457,117.522,117.204,117.256
1607680800,117.256,117.302,116.925,116.94
1607695200,116.94,117.05,116.65,116.812
1607709600,116.812,117.014,116.798,116.959
1607896800,116.959,117.09,116.867,116.958
1607911200,116.958,117.064,116.948,117.049
1607925600,117.049,117.228,116.985,117.162
1607940000,117.162,117.202,116.936,116.947
1607954400,116.947,117.457,116.851,117.38
1607968800,117.38,117.406,117.262,117.363
1607983200,117.363,117.474,117.272,117.424
1607997600,117.424,117.493,117.372,117.395
1608012000,117.395,117.604,117.18,117.442
1608026400,117.442,117.452,116.935,116.951
1608040800,116.951,117.119,116.891,117.1
1608055200,117.1,117.142,117.015,117.063
1608069600,117.063,117.099,116.943,116.978
1608084000,116.978,116.999,116.822,116.885
1608098400,116.885,117.08,116.757,116.968
1608112800,116.968,117.08,116.748,116.855
1608127200,116.855,117.106,116.773,116.839
1608141600,116.839,116.911,116.772,116.862
1608156000,116.862,116.977,116.756,116.768
1608170400,116.768,116.891,116.727,116.85
1608184800,116.85,116.93,116.669,116.804
1608199200,116.804,116.826,116.47,116.561
1608213600,116.561,116.691,116.398,116.563
1608228000,116.563,116.633,116.473,116.521
1608242400,116.521,116.846,116.479,116.811
1608256800,116.811,116.962,116.727,116.908
1608271200,116.908,117.043,116.8,117.012
1608285600,117.012,117.182,116.661,116.702
1608300000,116.702,116.803,116.594,116.784
1608314400,116.784,117.043,116.756,117.043
1608501600,117.043,117.057,116.595,116.649
1608516000,116.649,116.743,116.563,116.727
1608530400,116.727,117.072,116.536,116.757
1608544800,116.757,116.807,116.431,116.692
1608559200,116.692,116.827,116.571,116.766
1608573600,116.766,116.825,116.596,116.679
1608588000,116.679,116.731,116.574,116.676
1608602400,116.676,116.714,116.612,116.648
1608616800,116.648,116.708,116.405,116.581
1608631200,116.581,116.89,116.554,116.855
1608645600,116.855,116.915,116.543,116.578
1608660000,116.578,116.578,116.434,116.49
1608674400,116.49,116.6,116.439,116.587
1608688800,116.587,116.618,116.483,116.501
1608703200,116.501,116.527,116.285,116.331
1608717600,116.331,116.374,116.192,116.247
1608732000,116.247,116.666,116.168,116.629
1608746400,116.629,116.636,116.509,116.579
1608760800,116.579,116.792,116.517,116.725
1608775200,116.725,116.743,116.627,116.679
1608789600,116.679,116.741,116.589,116.613
1608804000,116.613,116.719,116.377,116.438
1608818400,116.438,116.466,116.248,116.251
1608832800,116.251,116.379,116.152,116.269
1609106400,116.269,116.48,116.156,116.376
1609120800,116.376,116.434,116.289,116.348
1609135200,116.348,116.417,116.255,116.408
1609149600,116.408,116.643,116.252,116.492
1609164000,116.492,116.846,116.49,116.676
1609178400,116.676,116.815,116.63,116.721
1609192800,116.721,116.926,116.682,116.839
1609207200,116.839,116.98,116.819,116.918
1609221600,116.918,117.198,116.91,117.121
1609236000,117.121,117.211,116.796,117.116
1609250400,117.116,117.285,117.012,117.09
1609264800,117.09,117.226,117.036,117.184
1609279200,117.184,117.26,117.089,117.14
1609293600,117.14,117.194,116.992,117.155
1609308000,117.155,117.183,116.632,116.689
1609322400,116.689,116.875,116.488,116.736
1609336800,116.736,117.044,116.576,116.936
1609351200,116.936,117.168,116.903,117.069
1609365600,117.069,117.136,116.959,117.031
1609380000,117.031,117.065,116.903,116.935
1609394400,116.935,117.144,116.851,116.888
1609408800,116.888,117.178,116.863,117.158
1609423200,117.158,117.194,116.63,116.699
1609437600,116.699,116.76,116.566,116.706
1609711200,116.706,116.96,116.544,116.635
1609725600,116.635,116.663,116.455,116.571
1609740000,116.571,116.865,116.464,116.786
1609754400,116.786,117.177,116.738,117.142
1609768800,117.142,117.312,116.939,117.063
1609783200,117.063,117.111,116.987,116.988
1609797600,116.988,117.069,116.929,117.002
1609812000,117.002,117.14,116.918,116.947
1609826400,116.947,117.044,116.813,116.849
1609840800,116.849,116.993,116.75,116.895
1609855200,116.895,116.962,116.767,116.923
1609869600,116.923,116.98,116.836,116.98
1609884000,116.98,117.015,116.803,116.914
1609898400,116.914,117.077,116.88,117.002
1609912800,117.002,117.33,116.987,117.318
1609927200,117.318,117.47,117.232,117.352
1609941600,117.352,117.496,117.124,117.162
1609956000,117.162,117.342,117.155,117.286
1609970400,117.286,117.441,117.189,117.395
1609984800,117.395,117.444,117.335,117.37
1609999200,117.37,117.521,117.223,117.27
1610013600,117.27,117.421,117.217,117.4
1610028000,117.4,117.519,117.241,117.411
1610042400,117.411,117.423,117.232,117.276
1610056800,117.276,117.353,117.199,117.21
1610071200,117.21,117.357,117.174,117.317
1610085600,117.317,117.387,117.053,117.186
1610100000,117.186,117.594,117.147,117.398
1610114400,117.398,117.574,117.336,117.373
1610128800,117.373,117.471,117.172,117.395
1610316000,117.395,117.481,117.217,117.234
1610330400,117.234,117.3,117.174,117.297
1610344800,117.297,117.401,116.993,117.019
1610359200,117.019,117.059,116.893,116.948
1610373600,116.948,117.197,116.929,117.158
1610388000,117.158,117.199,117.008,117.108
1610402400,117.108,117.124,116.968,117.016
1610416800,117.016,117.078,116.987,117.03
1610431200,117.03,117.16,116.957,117.047
1610445600,117.047,117.229,116.983,117.107
1610460000,117.107,117.238,117.003,117.068
1610474400,117.068,117.129,116.982,117.048
1610488800,117.048,117.178,116.868,116.908
1610503200,116.908,117.024,116.888,117.013
1610517600,117.013,117.09,116.917,117.03
1610532000,117.03,117.096,116.879,116.924
1610546400,116.924,117.217,116.924,117.084
1610560800,117.084,117.117,116.977,117.03
1610575200,117.03,117.145,116.943,117.056
1610589600,117.056,117.213,117.024,117.196
1610604000,117.196,117.298,117.146,117.189
1610618400,117.189,117.216,116.759,116.876
1610632800,116.876,117.013,116.761,116.94
1610647200,116.94,116.986,116.846,116.868
1610661600,116.868,116.913,116.777,116.797
1610676000,116.797,116.883,116.699,116.741
1610690400,116.741,116.898,116.587,116.819
1610704800,116.819,116.872,116.69,116.826
1610719200,116.826,116.855,116.613,116.643
1610733600,116.643,116.643,116.515,116.515
1610920800,116.515,116.675,116.364,116.407
1610935200,116.407,116.424,116.289,116.368
1610949600,116.368,116.463,116.327,116.461
1610964000,116.461,116.592,116.351,116.387
1610978400,116.387,116.457,116.337,116.355
1610992800,116.355,116.418,116.346,116.402
1611007200,116.402,116.621,116.355,116.607
1611021600,116.607,116.847,116.602,116.729
1611036000,116.729,117.131,116.714,117.117
1611050400,117.117,117.273,117.018,117.111
1611064800,117.111,117.174,116.818,116.855
1611079200,116.855,116.948,116.826,116.934
1611093600,116.934,117.047,116.863,116.929
1611108000,116.929,116.934,116.833,116.849
1611122400,116.849,117.024,116.714,116.798
1611136800,116.798,116.801,116.516,116.547
1611151200,116.547,116.553,116.234,116.375
1611165600,116.375,116.433,116.32,116.376
1611180000,116.376,116.526,116.305,116.497
1611194400,116.497,116.55,116.301,116.326
1611208800,116.326,116.757,116.288,116.548
1611223200,116.548,116.919,116.473,116.784
1611237600,116.784,116.991,116.73,116.83
1611252000,116.83,116.957,116.82,116.928
1611266400,116.928,117.021,116.905,117.018
1611280800,117.018,117.059,116.971,117.04
1611295200,117.04,117.273,116.961,117.142
1611309600,117.142,117.274,117.075,117.216
1611324000,117.216,117.309,117.146,117.179
1611338400,117.179,117.276,117.165,117.208
1611525600,117.208,117.309,117.149,117.216
1611540000,117.216,117.239,117.158,117.199
1611554400,117.199,117.218,116.985,117.002
1611568800,117.002,117.174,116.929,116.972
1611583200,116.972,117.009,116.737,116.874
1611597600,116.874,116.883,116.75,116.758
1611612000,116.758,116.867,116.739,116.8
1611626400,116.8,116.816,116.689,116.716
1611640800,116.716,116.821,116.652,116.724
1611655200,116.724,116.823,116.674,116.753
1611669600,116.753,116.863,116.668,116.861
1611684000,116.861,116.953,116.82,116.82
1611698400,116.82,116.97,116.791,116.955
1611712800,116.955,117.002,116.919,116.979
1611727200,116.979,116.985,116.762,116.822
1611741600,116.822,117.027,116.795,117.009
1611756000,117.009,117.203,116.808,117.188
1611770400,117.188,117.237,117.101,117.12
1611784800,117.12,117.284,117.03,117.255
1611799200,117.255,117.337,117.221,117.291
1611813600,117.291,117.356,117.133,117.233
1611828000,117.233,117.301,117.042,117.29
1611842400,117.29,117.573,117.29,117.388
1611856800,117.388,117.449,117.26,117.26
1611871200,117.26,117.577,117.252,117.491
1611885600,117.491,117.499,117.387,117.459
1611900000,117.459,117.958,117.446,117.913
1611914400,117.913,117.958,117.652,117.875
1611928800,117.875,118.01,117.487,117.574
1611943200,117.574,117.64,117.517,117.577
1612130400,117.559,117.721,117.411,117.474
1612144800,117.474,117.477,117.337,117.363
1612159200,117.363,117.46,117.075,117.203
1612173600,117.203,117.249,117.061,117.147
1612188000,117.147,117.372,117.059,117.124
1612202400,117.124,117.132,116.963,116.974
1612216800,116.974,117.08,116.915,117.066
1612231200,117.066,117.127,117.04,117.095
1612245600,117.095,117.241,116.933,117.078
1612260000,117.078,117.114,116.866,117.011
1612274400,117.011,117.02,116.867,116.933
1612288800,116.933,117.012,116.898,116.987
1612303200,116.987,117.04,116.896,116.975
1612317600,116.975,117.008,116.927,116.967
1612332000,116.967,117.016,116.784,116.9
1612346400,116.9,116.934,116.768,116.871
1612360800,116.871,116.938,116.719,116.77
1612375200,116.77,116.861,116.754,116.827
1612389600,116.827,116.885,116.779,116.853
1612404000,116.853,116.872,116.77,116.827
1612418400,116.827,116.861,116.597,116.625
1612432800,116.625,116.777,116.604,116.681
1612447200,116.681,116.754,116.65,116.656
1612461600,116.656,116.779,116.643,116.729
1612476000,116.729,116.83,116.688,116.741
1612490400,116.741,116.752,116.682,116.731
1612504800,116.731,116.86,116.713,116.81
1612519200,116.81,117.23,116.809,117.158
1612533600,117.158,117.245,117.066,117.069
1612548000,117.069,117.253,117.069,117.206
1612735200,117.203,117.302,117.131,117.22
1612749600,117.22,117.289,117.148,117.25
1612764000,117.25,117.345,117.191,117.206
1612778400,117.206,117.332,117.038,117.131
1612792800,117.131,117.26,116.983,117.048
1612807200,117.048,117.099,117.028,117.081
1612821600,117.081,117.158,117.028,117.06
1612836000,117.06,117.135,116.967,117.042
1612850400,117.042,117.111,116.923,117.025
1612864800,117.025,117.189,117.009,117.102
1612879200,117.102,117.199,116.923,117.13
1612893600,117.13,117.245,117.128,117.222
1612908000,117.222,117.264,117.126,117.242
1612922400,117.242,117.312,117.232,117.267
1612936800,117.267,117.61,117.261,117.544
1612951200,117.544,117.624,117.482,117.54
1612965600,117.54,117.735,117.502,117.676
1612980000,117.676,117.679,117.444,117.467
1612994400,117.467,117.548,117.423,117.46
1613008800,117.46,117.554,117.46,117.534
1613023200,117.534,117.692,117.438,117.592
1613037600,117.592,117.701,117.528,117.661
1613052000,117.661,117.702,117.577,117.611
1613066400,117.611,117.725,117.599,117.672
1613080800,117.672,117.748,117.64,117.726
1613095200,117.726,117.822,117.668,117.806
1613109600,117.806,117.887,117.691,117.709
1613124000,117.709,117.746,117.566,117.57
1613138400,117.57,117.798,117.555,117.7
1613152800,117.7,117.725,117.636,117.645
1613340000,117.645,117.862,117.634,117.811
1613354400,117.811,117.965,117.797,117.933
1613368800,117.933,118.382,117.893,118.321
1613383200,118.321,118.35,118.166,118.305
1613397600,118.305,118.398,118.269,118.275
1613412000,118.275,118.377,118.274,118.334
1613426400,118.334,118.743,118.292,118.682
1613440800,118.682,118.845,118.576,118.625
1613455200,118.625,118.753,118.462,118.528
1613469600,118.528,118.806,118.475,118.549
1613484000,118.549,118.745,118.47,118.657
1613498400,118.657,118.82,118.655,118.809
1613512800,118.809,118.871,118.697,118.726
1613527200,118.726,118.731,118.526,118.558
1613541600,118.558,118.614,118.265,118.412
1613556000,118.412,118.472,118.193,118.193
1613570400,118.193,118.222,117.733,117.777
1613584800,117.777,117.853,117.765,117.784
1613599200,117.784,117.865,117.679,117.721
1613613600,117.721,117.834,117.709,117.797
1613628000,117.797,117.953,117.727,117.888
1613642400,117.888,117.951,117.729,117.895
1613656800,117.895,117.998,117.839,117.866
1613671200,117.866,118.009,117.857,118.003
1613685600,118.003,118.006,117.871,117.912
1613700000,117.912,117.918,117.77,117.804
1613714400,117.804,117.98,117.78,117.86
1613728800,117.86,117.926,117.695,117.848
1613743200,117.848,118.082,117.631,117.657
1613757600,117.657,117.756,117.578,117.641
1613944800,117.644,117.78,117.526,117.754
1613959200,117.754,117.803,117.615,117.642
1613973600,117.642,117.68,117.245,117.476
1613988000,117.476,117.69,117.421,117.555
1614002400,117.555,117.562,117.129,117.33
1614016800,117.33,117.337,117.194,117.273
1614031200,117.273,117.301,117.155,117.259
1614045600,117.259,117.294,117.231,117.282
1614060000,117.282,117.414,116.818,117.028
1614074400,117.028,117.047,116.825,117.02
1614088800,117.02,117.103,116.427,116.434
1614103200,116.434,116.503,116.237,116.284
1614117600,116.284,116.426,116.178,116.375
1614132000,116.375,116.48,116.307,116.38
1614146400,116.38,116.712,116.232,116.647
1614160800,116.647,116.857,116.493,116.778
1614175200,116.778,116.791,116.485,116.659
1614189600,116.659,116.814,116.659,116.808
1614204000,116.808,117.002,116.724,116.942
1614218400,116.942,116.982,116.81,116.864
1614232800,116.864,117.391,116.863,117.032
1614247200,117.032,117.291,116.813,117.08
1614261600,117.08,117.656,117.013,117.514
1614276000,117.514,117.525,117.089,117.381
1614290400,117.381,117.548,117.169,117.24
1614304800,117.24,117.282,117.033,117.257
1614319200,117.257,117.79,117.117,117.767
1614333600,117.767,117.767,117.208,117.34
1614348000,117.34,117.787,117.165,117.213
1614362400,117.213,117.307,117.117,117.285
1614549600,117.285,117.435,117.185,117.391
1614564000,117.391,117.447,117.178,117.264
1614578400,117.264,117.374,117.019,117.07
1614592800,117.07,117.073,116.645,116.65
1614607200,116.65,116.816,116.387,116.738
1614621600,116.738,116.754,116.649,116.649
1614636000,116.649,116.814,116.618,116.712
1614650400,116.712,116.742,116.508,116.627
1614664800,116.627,116.67,116.269,116.374
1614679200,116.374,116.627,116.338,116.468
1614693600,116.468,116.791,116.406,116.764
1614708000,116.764,116.807,116.593,116.593
1614722400,116.593,116.763,116.486,116.74
1614736800,116.74,116.796,116.697,116.767
1614751200,116.767,116.863,116.544,116.78
1614765600,116.78,116.831,116.34,116.515
1614780000,116.515,116.747,116.418,116.449
1614794400,116.449,116.488,116.294,116.333
1614808800,116.333,116.439,116.31,116.41
1614823200,116.41,116.5,116.359,116.455
1614837600,116.455,116.58,116.158,116.293
1614852000,116.293,116.406,116.006,116.324
1614866400,116.324,116.384,116.049,116.082
1614880800,116.082,116.273,115.989,116.264
1614895200,116.264,116.315,116.029,116.121
1614909600,116.121,116.398,116.107,116.365
1614924000,116.365,116.775,116.345,116.709
1614938400,116.709,116.948,116.61,116.813
1614952800,116.813,116.912,116.141,116.292
1614967200,116.292,116.476,116.259,116.426
1615154400,116.426,116.72,116.345,116.492
1615168800,116.492,116.503,116.289,116.292
1615183200,116.292,116.391,116.084,116.289
1615197600,116.289,116.392,116.214,116.38
1615212000,116.38,116.573,116.291,116.387
1615226400,116.387,116.438,116.25,116.318
1615240800,116.318,116.503,116.241,116.495
1615255200,116.495,116.681,116.491,116.652
1615269600,116.652,116.701,116.194,116.459
1615284000,116.459,116.987,116.448,116.89
1615298400,116.89,116.97,116.724,116.874
1615312800,116.874,116.953,116.788,116.931
1615327200,116.931,117.081,116.753,116.923
1615341600,116.923,117.083,116.907,117.059
1615356000,117.059,117.157,116.86,116.929
1615370400,116.929,116.945,116.554,116.74
1615384800,116.74,116.82,116.508,116.589
1615399200,116.589,116.67,116.486,116.486
1615413600,116.486,116.673,116.482,116.569
1615428000,116.569,116.864,116.569,116.821
1615442400,116.821,117.323,116.819,117.258
1615456800,117.258,117.408,117.145,117.288
1615471200,117.288,117.381,117.068,117.295
1615485600,117.295,117.419,117.279,117.384
1615500000,117.384,117.524,117.259,117.483
1615514400,117.483,117.495,117.298,117.36
1615528800,117.36,117.549,117.066,117.189
1615543200,117.189,117.35,117.008,117.16
1615557600,117.16,117.403,117.028,117.379
1615572000,117.379,117.456,117.265,117.31
1615755600,117.31,117.449,117.268,117.411
1615770000,117.411,117.495,117.358,117.429
1615784400,117.429,117.483,117.248,117.327
1615798800,117.327,117.553,117.214,117.42
1615813200,117.42,117.68,117.412,117.655
1615827600,117.655,117.697,117.492,117.504
1615842000,117.504,117.748,117.504,117.733
1615856400,117.733,117.848,117.708,117.839
1615870800,117.839,117.844,117.666,117.743
1615885200,117.743,118.084,117.581,117.709
1615899600,117.709,117.75,117.468,117.696
1615914000,117.696,117.902,117.672,117.877
1615928400,117.877,117.94,117.7,117.903
1615942800,117.903,117.915,117.801,117.883
1615957200,117.883,117.946,117.59,117.732
1615971600,117.732,117.893,117.492,117.669
1615986000,117.669,117.852,117.581,117.724
1616000400,117.724,118.08,117.708,117.961
1616014800,117.961,118.152,117.853,118.118
1616029200,118.118,118.163,117.673,117.893
1616043600,117.893,118.186,117.832,118.141
1616058000,118.141,118.148,117.461,117.558
1616072400,117.558,117.59,117.293,117.374
1616086800,117.374,117.601,117.231,117.535
1616101200,117.535,117.739,117.417,117.522
1616115600,117.522,117.637,117.406,117.423
1616130000,117.423,117.533,117.161,117.188
1616144400,117.188,117.318,117.061,117.13
1616158800,117.13,117.18,116.912,117.092
1616173200,117.092,117.222,117.091,117.151
1616360400,117.151,117.21,116.701,117.105
1616374800,117.105,117.106,116.952,117.06
1616389200,117.06,117.265,116.807,117.235
1616403600,117.235,117.729,117.108,117.625
1616418000,117.625,117.85,117.429,117.777
1616432400,117.777,117.905,117.741,117.893
1616446800,117.893,117.933,117.714,117.753
1616461200,117.753,117.776,117.608,117.61
1616475600,117.61,117.676,117.089,117.114
1616490000,117.114,117.185,116.608,116.674
1616504400,116.674,116.701,116.36,116.463
1616518800,116.463,116.542,116.185,116.261
1616533200,116.261,116.336,116.09,116.238
1616547600,116.238,116.248,116.075,116.119
1616562000,116.119,116.201,115.912,116.171
1616576400,116.171,116.295,116.075,116.226
1616590800,116.226,116.377,116.182,116.246
1616605200,116.246,116.346,116.151,116.215
1616619600,116.215,116.373,116.147,116.373
1616634000,116.373,116.481,116.331,116.42
1616648400,116.42,116.564,116.339,116.468
1616662800,116.468,116.672,116.415,116.544
1616677200,116.544,116.666,116.147,116.184
1616691600,116.184,116.311,116.11,116.212
1616706000,116.212,116.352,116.132,116.313
1616720400,116.313,116.322,116.184,116.24
1616734800,116.24,116.454,116.093,116.384
1616749200,116.384,116.695,116.314,116.633
1616763600,116.633,116.768,116.539,116.715
1616778000,116.715,116.865,116.687,116.73
1616965200,116.754,116.888,116.634,116.669
1616979600,116.669,116.714,116.471,116.554
1616994000,116.554,117.016,116.422,116.83
1617008400,116.83,116.928,116.551,116.725
1617022800,116.725,117.02,116.72,116.994
1617037200,116.994,117.052,116.877,116.968
1617051600,116.968,117.024,116.883,116.958
1617066000,116.958,117.102,116.917,117.026
1617080400,117.026,117.132,116.961,117.028
1617094800,117.028,117.215,116.995,117.138
1617109200,117.138,117.189,116.858,117.036
1617123600,117.036,117.158,117.016,117.11
1617138000,117.11,117.427,117.072,117.422
1617152400,117.422,117.52,117.266,117.425
1617166800,117.425,117.562,117.319,117.322
1617181200,117.322,117.416,117.248,117.276
1617195600,117.276,117.677,117.241,117.409
1617210000,117.409,117.409,117.077,117.325
1617224400,117.325,117.373,117.217,117.278
1617238800,117.278,117.307,117.011,117.039
1617253200,117.039,117.267,116.943,116.992
1617267600,116.992,117.25,116.939,117.233
1617282000,117.233,117.561,117.102,117.5
1617296400,117.5,117.507,117.37,117.42
1617310800,117.42,117.487,117.336,117.424
1617325200,117.424,117.513,117.413,117.443
1617339600,117.443,117.454,117.292,117.307
1617354000,117.307,117.5,117.283,117.44
1617368400,117.44,117.567,117.35,117.425
1617382800,117.425,117.517,117.346,117.506
1617570000,117.506,117.511,117.313,117.393
1617584400,117.393,117.426,117.275,117.327
1617598800,117.327,117.371,117.219,117.308
1617613200,117.308,117.494,117.205,117.479
1617627600,117.479,117.681,117.448,117.621
1617642000,117.621,117.735,117.545,117.633
1617656400,117.633,117.739,117.602,117.666
1617670800,117.666,117.707,117.575,117.619
1617685200,117.619,117.758,117.537,117.718
1617699600,117.718,117.865,117.46,117.505
1617714000,117.505,117.858,117.379,117.851
1617728400,117.851,118.002,117.753,117.897
1617742800,117.897,117.996,117.724,117.886
1617757200,117.886,117.945,117.748,117.864
1617771600,117.864,118.237,117.864,118.209
1617786000,118.209,118.292,118.076,118.252
1617800400,118.252,118.365,118.133,118.17
1617814800,118.17,118.278,118.013,118.039
1617829200,118.039,118.23,117.977,118.022
1617843600,118.022,118.106,117.98,118.024
1617858000,118.024,118.156,117.845,117.989
1617872400,117.989,118.015,117.631,117.753
1617886800,117.753,118.295,117.724,118.294
1617901200,118.294,118.307,118.139,118.2
1617915600,118.2,118.347,118.089,118.268
1617930000,118.268,118.281,118.145,118.251
1617944400,118.251,118.491,118.175,118.435
1617958800,118.435,118.576,118.35,118.452
1617973200,118.452,118.561,118.396,118.499
1617987600,118.499,118.64,118.498,118.64
1618174800,118.64,118.64,118.429,118.559
1618189200,118.559,118.571,118.224,118.243
1618203600,118.243,118.362,118.149,118.298
1618218000,118.298,118.463,118.269,118.409
1618232400,118.409,118.718,118.361,118.619
1618246800,118.619,118.655,118.523,118.523
1618261200,118.523,118.65,118.111,118.638
1618275600,118.638,118.71,118.569,118.658
1618290000,118.658,118.743,118.179,118.25
1618304400,118.25,118.509,118.027,118.46
1618318800,118.46,118.577,118.339,118.517
1618333200,118.517,118.529,118.408,118.423
1618347600,118.423,118.494,118.225,118.241
1618362000,118.241,118.456,118.199,118.453
1618376400,118.453,118.581,118.286,118.574
1618390800,118.574,118.606,117.965,118.135
1618405200,118.135,118.29,118.016,118.135
1618419600,118.135,118.149,118,118.059
1618434000,118.059,118.124,117.941,118.003
1618448400,118.003,118.006,117.84,117.851
1618462800,117.851,118.079,117.847,117.892
1618477200,117.892,117.99,117.673,117.689
1618491600,117.689,117.996,117.658,117.846
1618506000,117.846,117.959,117.824,117.855
1618520400,117.855,117.98,117.783,117.857
1618534800,117.857,118.017,117.856,117.993
1618549200,117.993,118.634,117.967,118.333
1618563600,118.333,118.434,118.28,118.419
1618578000,118.419,118.454,118.241,118.25
1618592400,118.25,118.289,118.182,118.289
1618779600,118.289,118.392,118.009,118.063
1618794000,118.063,118.101,117.85,118.001
1618808400,118.001,118.186,117.832,118.173
1618822800,118.173,118.471,118.113,118.342
1618837200,118.342,118.375,117.982,118.093
1618851600,118.093,118.364,118.086,118.293
1618866000,118.293,118.353,118.023,118.166
1618880400,118.166,118.385,118.163,118.327
1618894800,118.327,118.648,118.269,118.596
1618909200,118.596,118.596,118.31,118.348
1618923600,118.348,118.498,118.013,118.039
1618938000,118.039,118.06,117.942,117.985
1618952400,117.985,118.105,117.846,117.986
1618966800,117.986,118.02,117.819,117.908
1618981200,117.908,118.021,117.813,117.824
1618995600,117.824,118.028,117.622,117.725
1619010000,117.725,117.962,117.575,117.869
1619024400,117.869,117.907,117.816,117.873
1619038800,117.873,117.932,117.75,117.852
1619053200,117.852,117.929,117.764,117.802
1619067600,117.802,118.076,117.782,117.931
1619082000,117.931,118.153,117.867,118.082
1619096400,118.082,118.119,117.606,117.764
1619110800,117.764,117.793,117.668,117.687
1619125200,117.687,117.822,117.608,117.682
1619139600,117.682,117.78,117.621,117.701
1619154000,117.701,117.902,117.655,117.894
1619168400,117.894,118.016,117.522,117.536
1619182800,117.536,118.082,117.517,118.077
1619197200,118.077,118.442,118.03,118.442
1619384400,118.442,118.442,118.006,118.098
1619398800,118.098,118.114,117.992,118.039
1619413200,118.039,118.137,117.738,117.805
1619427600,117.805,118.046,117.757,117.985
1619442000,117.985,118.318,117.874,118.271
1619456400,118.271,118.301,118.195,118.22
1619470800,118.22,118.324,118.118,118.236
1619485200,118.236,118.375,118.189,118.206
1619499600,118.206,118.333,118.098,118.183
1619514000,118.183,118.604,118.173,118.54
1619528400,118.54,118.909,118.416,118.907
1619542800,118.907,119.026,118.893,118.98
1619557200,118.98,119.084,118.92,119.027
1619571600,119.027,119.059,118.906,118.913
1619586000,118.913,119.057,118.742,118.917
1619600400,118.917,119.152,118.846,119.088
1619614800,119.088,119.325,119,119.281
1619629200,119.281,119.528,119.194,119.35
1619643600,119.35,119.477,119.302,119.362
1619658000,119.362,119.488,119.342,119.369
1619672400,119.369,119.714,119.369,119.708
1619686800,119.708,119.994,119.707,119.862
1619701200,119.862,120.121,119.535,119.708
1619715600,119.708,119.907,119.682,119.894
1619730000,119.894,119.985,119.765,119.9
1619744400,119.9,119.923,119.683,119.712
1619758800,119.712,119.845,119.655,119.744
1619773200,119.744,119.949,119.592,119.682
1619787600,119.682,119.9,119.634,119.737
1619802000,119.737,119.78,119.605,119.735
1619989200,119.721,119.814,119.676,119.769
1620003600,119.769,119.919,119.755,119.915
1620018000,119.915,120.162,119.895,120.147
1620032400,120.147,120.183,119.606,119.702
1620046800,119.702,119.792,119.548,119.675
1620061200,119.675,119.768,119.649,119.762
1620075600,119.762,119.824,119.6,119.622
1620090000,119.622,119.697,119.497,119.507
1620104400,119.507,119.72,119.497,119.548
1620118800,119.548,119.679,119.458,119.579
1620133200,119.579,119.829,119.5,119.62
1620147600,119.62,119.708,119.589,119.673
1620162000,119.673,119.73,119.559,119.699
1620176400,119.699,119.759,119.613,119.752
1620190800,119.752,119.754,119.271,119.449
1620205200,119.449,119.751,119.421,119.676
1620219600,119.676,119.764,119.568,119.641
1620234000,119.641,119.698,119.542,119.62
1620248400,119.62,119.691,119.546,119.6
1620262800,119.6,119.724,119.593,119.693
1620277200,119.693,120.128,119.625,119.97
1620291600,119.97,120.279,119.913,120.245
1620306000,120.245,120.422,119.964,120.01
1620320400,120.01,120.257,119.971,120.257
1620334800,120.257,120.257,120.077,120.212
1620349200,120.212,120.273,120.176,120.206
1620363600,120.206,120.431,120.117,120.26
1620378000,120.26,120.348,120.049,120.16
1620392400,120.16,120.526,120.054,120.462
1620406800,120.462,120.615,120.448,120.523
1620594000,120.523,120.718,120.385,120.685
1620608400,120.685,120.855,120.641,120.733
1620622800,120.733,121.081,120.655,120.863
1620637200,120.863,121,120.658,120.938
1620651600,120.938,120.989,120.788,120.907
1620666000,120.907,120.94,120.725,120.737
1620680400,120.737,120.917,120.709,120.885
1620694800,120.885,120.965,120.836,120.837
1620709200,120.837,120.886,120.574,120.665
1620723600,120.665,120.788,120.317,120.363
1620738000,120.363,120.546,120.161,120.184
1620752400,120.184,120.276,120.143,120.2
1620766800,120.2,120.314,120.172,120.273
1620781200,120.273,120.334,120.138,120.21
1620795600,120.21,120.376,120.166,120.234
1620810000,120.234,120.689,120.086,120.474
1620824400,120.474,120.62,120.316,120.573
1620838800,120.573,120.705,120.557,120.602
1620853200,120.602,120.849,120.565,120.652
1620867600,120.652,120.775,120.562,120.735
1620882000,120.735,120.945,120.498,120.602
1620896400,120.602,120.844,120.56,120.715
1620910800,120.715,121.055,120.715,120.812
1620925200,120.812,120.881,120.745,120.779
1620939600,120.779,120.987,120.708,120.945
1620954000,120.945,121.053,120.943,120.986
1620968400,120.986,121.196,120.965,121.089
1620982800,121.089,121.128,120.84,121.039
1620997200,121.039,121.349,121.004,121.208
1621011600,121.208,121.33,121.163,121.278
1621198800,121.278,121.397,121.146,121.28
1621213200,121.28,121.32,121.122,121.214
1621227600,121.214,121.231,121.023,121.097
1621242000,121.097,121.269,121.07,121.177
1621256400,121.177,121.215,120.967,120.995
1621270800,120.995,121.047,120.88,120.903
1621285200,120.903,120.996,120.823,120.896
1621299600,120.896,121.114,120.875,121.082
1621314000,121.082,121.503,121.006,121.34
1621328400,121.34,121.473,121.314,121.427
1621342800,121.427,121.523,121.269,121.326
1621357200,121.326,121.463,121.268,121.291
1621371600,121.291,121.437,121.277,121.432
1621386000,121.432,121.455,121.288,121.42
1621400400,121.42,121.528,121.031,121.137
1621414800,121.137,121.25,120.845,120.875
1621429200,120.875,120.98,120.552,120.831
1621443600,120.831,120.966,120.768,120.815
1621458000,120.815,120.986,120.762,120.829
1621472400,120.829,120.842,120.662,120.776
1621486800,120.776,121.107,120.683,120.774
1621501200,120.774,121.036,120.774,120.977
1621515600,120.977,121.087,120.915,121.045
1621530000,121.045,121.238,121.031,121.228
1621544400,121.228,121.39,121.206,121.298
1621558800,121.298,121.363,121.268,121.322
1621573200,121.322,121.461,121.071,121.106
1621587600,121.106,121.339,121.019,121.084
1621602000,121.084,121.343,120.975,121.202
1621616400,121.202,121.409,121.192,121.327
1621803600,121.327,121.405,121.219,121.39
1621818000,121.39,121.408,121.179,121.185
1621832400,121.185,121.242,121.027,121.176
1621846800,121.176,121.406,121.163,121.348
1621861200,121.348,121.429,121.213,121.294
1621875600,121.294,121.33,121.14,121.203
1621890000,121.203,121.376,121.188,121.342
1621904400,121.342,121.369,121.272,121.306
1621918800,121.306,121.709,121.282,121.69
1621933200,121.69,121.823,121.526,121.599
1621947600,121.599,121.729,121.444,121.47
1621962000,121.47,121.521,121.392,121.475
1621976400,121.475,121.537,121.346,121.449
1621990800,121.449,121.649,121.403,121.615
1622005200,121.615,121.709,121.508,121.631
1622019600,121.631,121.775,121.378,121.441
1622034000,121.441,121.709,121.418,121.547
1622048400,121.547,121.654,121.469,121.532
1622062800,121.532,121.627,121.494,121.555
1622077200,121.555,121.615,121.491,121.614
1622091600,121.614,121.71,121.482,121.494
1622106000,121.494,121.675,121.409,121.509
1622120400,121.509,122.508,121.457,122.408
1622134800,122.408,122.53,122.345,122.426
1622149200,122.426,122.505,122.319,122.476
1622163600,122.476,122.515,122.338,122.39
1622178000,122.39,122.416,122.211,122.331
1622192400,122.331,122.346,121.907,122.045
1622206800,122.045,122.245,122.002,122.043
1622221200,122.043,122.146,122.031,122.067
1622408400,122.067,122.144,121.946,121.991
1622422800,121.991,122.062,121.928,121.972
1622437200,121.972,122.042,121.715,121.871
1622451600,121.871,121.929,121.729,121.822
1622466000,121.822,121.872,121.596,121.814
1622480400,121.814,121.932,121.772,121.899
1622494800,121.899,121.965,121.739,121.769
1622509200,121.769,121.849,121.703,121.82
1622523600,121.82,121.936,121.689,121.914
1622538000,121.914,122.061,121.828,122.027
1622552400,122.027,122.265,121.947,122.12
1622566800,122.12,122.12,121.998,122.09
1622581200,122.09,122.217,121.977,122.199
1622595600,122.199,122.24,122.125,122.221
1622610000,122.221,122.318,121.929,121.992
1622624400,121.992,121.995,121.742,121.798
1622638800,121.798,122.062,121.794,122.035
1622653200,122.035,122.044,121.96,122.033
1622667600,122.033,122.085,121.999,122.061
1622682000,122.061,122.142,122.041,122.123
1622696400,122.123,122.141,121.869,121.948
1622710800,121.948,122.133,121.919,121.939
1622725200,121.939,122.01,121.759,121.891
1622739600,121.891,122.107,121.873,122.059
1622754000,122.059,122.104,121.948,121.964
1622768400,121.964,121.967,121.85,121.895
1622782800,121.895,121.914,121.696,121.787
1622797200,121.787,122.097,121.726,122.042
1622811600,122.042,122.045,121.663,121.719
1622826000,121.719,121.858,121.709,121.786
1623013200,121.786,121.908,121.669,121.853
1623027600,121.853,121.868,121.683,121.716
1623042000,121.716,121.791,121.578,121.601
1623056400,121.601,121.709,121.518,121.529
1623070800,121.529,121.838,121.47,121.798
1623085200,121.798,121.803,121.702,121.702
1623099600,121.702,121.868,121.624,121.824
1623114000,121.824,121.915,121.816,121.859
1623128400,121.859,122.111,121.827,122.063
1623142800,122.063,122.168,122.009,122.048
1623157200,122.048,122.182,121.971,122.107
1623171600,122.107,122.167,122.053,122.097
1623186000,122.097,122.147,122.012,122.048
1623200400,122.048,122.151,122.008,122.116
1623214800,122.116,122.163,121.985,122.16
1623229200,122.16,122.281,122.11,122.274
1623243600,122.274,122.461,122.23,122.305
1623258000,122.305,122.404,122.287,122.4
1623272400,122.4,122.424,122.27,122.314
1623286800,122.314,122.319,122.219,122.312
1623301200,122.312,122.319,122.078,122.162
1623315600,122.162,122.509,121.988,122.399
1623330000,122.399,122.541,122.064,122.288
1623344400,122.288,122.314,122.138,122.228
1623358800,122.228,122.36,122.17,122.334
1623373200,122.334,122.44,122.32,122.41
1623387600,122.41,122.478,122.235,122.308
1623402000,122.308,122.326,122.086,122.163
1623416400,122.163,122.205,121.974,121.986
1623430800,121.986,122.172,121.982,122.137
1623618000,122.137,122.224,121.961,122.183
1623632400,122.183,122.185,122.084,122.121
1623646800,122.121,122.13,121.858,121.966
1623661200,121.966,122.189,121.922,122.125
1623675600,122.125,122.362,122.111,122.322
1623690000,122.322,122.392,122.295,122.3
1623704400,122.3,122.411,122.271,122.396
1623718800,122.396,122.421,122.313,122.402
1623733200,122.402,122.771,122.355,122.664
1623747600,122.664,122.664,122.271,122.342
1623762000,122.342,122.602,122.286,122.513
1623776400,122.513,122.613,122.5,122.605
1623790800,122.605,122.66,122.472,122.559
1623805200,122.559,122.564,122.462,122.478
1623819600,122.478,122.544,122.356,122.403
1623834000,122.403,122.411,122.129,122.142
1623848400,122.142,122.347,122.09,122.26
1623862800,122.26,122.269,121.795,121.842
1623877200,121.842,121.94,121.747,121.833
1623891600,121.833,121.908,121.798,121.845
1623906000,121.845,121.892,121.053,121.107
1623920400,121.107,121.216,120.718,120.749
1623934800,120.749,120.9,119.939,120.08
1623949200,120.08,120.257,120.065,120.122
1623963600,120.122,120.223,120.084,120.127
1623978000,120.127,120.191,120.077,120.106
1623992400,120.106,120.116,119.705,119.899
1624006800,119.899,120.028,119.592,119.817
1624021200,119.817,119.817,119.414,119.607
1624035600,119.607,119.639,119.29,119.535
1624222800,119.535,119.624,119.398,119.556
1624237200,119.556,119.567,118.869,118.982
1624251600,118.982,119.475,118.967,119.37
1624266000,119.37,119.626,119.329,119.582
1624280400,119.582,120.083,119.576,120.001
1624294800,120.001,120.197,120,120.118
1624309200,120.118,120.222,119.918,119.984
1624323600,119.984,120.181,119.911,120.097
1624338000,120.097,120.219,119.948,120.094
1624352400,120.094,120.271,119.882,120.263
1624366800,120.263,120.525,120.225,120.514
1624381200,120.514,120.578,120.446,120.542
1624395600,120.542,120.553,120.434,120.494
1624410000,120.494,120.564,120.422,120.463
1624424400,120.463,120.846,120.451,120.724
1624438800,120.724,120.993,120.636,120.876
1624453200,120.876,120.985,120.753,120.816
1624467600,120.816,120.899,120.738,120.799
1624482000,120.799,121.003,120.618,120.892
1624496400,120.892,120.907,120.682,120.698
1624510800,120.698,120.749,120.5,120.529
1624525200,120.529,120.762,120.492,120.691
1624539600,120.691,120.751,120.572,120.712
1624554000,120.712,120.808,120.7,120.796
1624568400,120.796,120.9,120.729,120.844
1624582800,120.844,120.927,120.779,120.797
1624597200,120.797,120.839,120.652,120.781
1624611600,120.781,120.844,120.609,120.636
1624626000,120.636,120.951,120.631,120.819
1624640400,120.819,120.859,120.698,120.698
1624827600,120.698,120.898,120.521,120.668
1624842000,120.668,120.676,120.436,120.455
1624856400,120.455,120.642,120.417,120.623
1624870800,120.623,120.64,120.408,120.492
1624885200,120.492,120.583,120.212,120.253
1624899600,120.253,120.336,120.181,120.334
1624914000,120.334,120.371,120.09,120.101
1624928400,120.101,120.175,120.018,120.153
1624942800,120.153,120.347,120.077,120.077
1624957200,120.077,120.215,119.91,119.952
1624971600,119.952,120.157,119.811,120.032
1624986000,120.032,120.087,119.959,120.012
1625000400,120.012,120.089,119.98,120.028
1625014800,120.028,120.042,119.905,119.924
1625029200,119.924,120.01,119.665,119.7
1625043600,119.7,119.827,119.635,119.727
1625058000,119.727,120.113,119.691,120.036
1625072400,120.036,120.134,119.95,120.101
1625086800,120.101,120.134,119.971,119.997
1625101200,119.997,120.039,119.923,120.008
1625115600,120.008,120.286,119.964,120.224
1625130000,120.224,120.612,120.15,120.531
1625144400,120.531,120.688,120.474,120.515
1625158800,120.515,120.589,120.458,120.514
1625173200,120.514,120.589,120.459,120.578
1625187600,120.578,120.587,120.434,120.479
1625202000,120.479,120.536,120.259,120.369
1625216400,120.369,120.663,120.255,120.53
1625230800,120.53,120.681,120.272,120.557
1625245200,120.557,120.668,120.525,120.581
1625432400,120.581,120.619,120.331,120.534
1625446800,120.534,120.565,120.427,120.511
1625461200,120.511,120.536,120.271,120.327
1625475600,120.327,120.395,120.279,120.366
1625490000,120.366,120.371,120.246,120.289
1625504400,120.289,120.358,120.258,120.304
1625518800,120.304,120.363,120.189,120.241
1625533200,120.241,120.431,120.154,120.346
1625547600,120.346,120.502,119.971,119.981
1625562000,119.981,120.053,119.835,119.872
1625576400,119.872,119.974,119.575,119.621
1625590800,119.621,119.747,119.6,119.747
1625605200,119.747,119.855,119.432,119.437
1625619600,119.437,119.774,119.395,119.653
1625634000,119.653,119.993,119.625,119.956
1625648400,119.956,120.041,119.618,119.682
1625662800,119.682,119.81,119.487,119.572
1625677200,119.572,119.662,119.479,119.582
1625691600,119.582,119.686,119.381,119.39
1625706000,119.39,119.522,119.265,119.446
1625720400,119.446,119.727,119.001,119.704
1625734800,119.704,119.915,119.61,119.715
1625749200,119.715,120.053,119.691,119.941
1625763600,119.941,120.009,119.843,119.892
1625778000,119.892,120.096,119.786,120.041
1625792400,120.041,120.149,119.912,120.114
1625806800,120.114,120.317,119.982,120.244
1625821200,120.244,120.343,120.165,120.255
1625835600,120.255,120.486,120.151,120.465
1625850000,120.465,120.548,120.399,120.419
1626037200,120.419,120.611,120.405,120.48
1626051600,120.48,120.511,120.379,120.473
1626066000,120.473,120.539,120.358,120.383
1626080400,120.383,120.439,120.183,120.433
1626094800,120.433,120.64,120.383,120.575
1626109200,120.575,120.627,120.476,120.616
1626123600,120.616,120.703,120.542,120.695
1626138000,120.695,120.731,120.637,120.708
1626152400,120.708,120.717,120.439,120.528
1626166800,120.528,120.538,120.042,120.178
1626181200,120.178,120.495,120.123,120.399
1626195600,120.399,120.492,120.354,120.487
1626210000,120.487,120.614,120.298,120.388
1626224400,120.388,120.395,120.277,120.327
1626238800,120.327,120.426,120.217,120.232
1626253200,120.232,120.332,120.109,120.187
1626267600,120.187,120.276,120.039,120.262
1626282000,120.262,120.313,120.196,120.209
1626296400,120.209,120.289,120.073,120.18
1626310800,120.18,120.187,120.028,120.158
1626325200,120.158,120.362,120.006,120.309
1626339600,120.309,120.448,119.903,119.914
1626354000,119.914,119.957,119.74,119.752
1626368400,119.752,119.756,119.557,119.673
1626382800,119.673,119.769,119.582,119.69
1626397200,119.69,119.819,119.659,119.768
1626411600,119.768,119.863,119.672,119.76
1626426000,119.76,119.948,119.707,119.918
1626440400,119.918,120.044,119.734,119.777
1626454800,119.777,119.787,119.636,119.709
1626642000,119.709,119.779,119.49,119.503
1626656400,119.503,119.627,119.486,119.589
1626670800,119.589,119.612,119.038,119.107
1626685200,119.107,119.3,118.936,119.132
1626699600,119.132,119.327,118.99,119.184
1626714000,119.184,119.283,119.158,119.278
1626728400,119.278,119.419,119.158,119.231
1626742800,119.231,119.351,119.14,119.182
1626757200,119.182,119.481,119.07,119.376
1626771600,119.376,119.436,118.77,118.952
1626786000,118.952,119.275,118.66,119.23
1626800400,119.23,119.296,119.164,119.191
1626814800,119.191,119.364,119.09,119.35
1626829200,119.35,119.354,119.182,119.281
1626843600,119.281,119.57,119.099,119.547
1626858000,119.547,119.602,119.374,119.536
1626872400,119.536,120.152,119.532,120.123
1626886800,120.123,120.272,120.118,120.2
1626901200,120.2,120.263,120.036,120.039
1626915600,120.039,120.086,119.951,120.067
1626930000,120.067,120.257,120.028,120.135
1626944400,120.135,120.205,119.828,119.963
1626958800,119.963,120.286,119.663,119.739
1626973200,119.739,119.909,119.729,119.844
1626987600,119.844,119.898,119.744,119.867
1627002000,119.867,119.91,119.833,119.861
1627016400,119.861,120.162,119.809,120.03
1627030800,120.03,120.108,119.866,120.097
1627045200,120.097,120.13,119.89,120.088
1627059600,120.088,120.256,120.083,120.242
1627246800,120.242,120.259,120.024,120.059
1627261200,120.059,120.128,119.982,120.104
1627275600,120.104,120.166,119.861,120.033
1627290000,120.033,120.23,120.004,120.062
1627304400,120.062,120.513,119.992,120.512
1627318800,120.512,120.605,120.477,120.477
1627333200,120.477,120.565,120.358,120.44
1627347600,120.44,120.458,120.275,120.326
1627362000,120.326,120.338,119.917,120.011
1627376400,120.011,120.342,119.888,120.267
1627390800,120.267,120.29,119.924,120.038
1627405200,120.038,120.085,119.994,120.058
1627419600,120.058,120.143,119.993,120.051
1627434000,120.051,120.135,119.95,119.975
1627448400,119.975,120.365,119.932,120.349
1627462800,120.349,120.391,120.188,120.264
1627477200,120.264,120.553,120.178,120.533
1627491600,120.533,120.786,120.41,120.774
1627506000,120.774,120.818,120.612,120.623
1627520400,120.623,120.811,120.556,120.773
1627534800,120.773,120.959,120.682,120.922
1627549200,120.922,120.933,120.766,120.914
1627563600,120.914,121.047,120.803,120.841
1627578000,120.841,120.908,120.784,120.818
1627592400,120.818,120.906,120.73,120.881
1627606800,120.881,120.918,120.723,120.765
1627621200,120.765,121.014,120.705,121.004
1627635600,121.004,121.173,120.932,121.119
1627650000,121.119,121.171,120.925,121.136
1627664400,121.136,121.196,121.095,121.098
1627851600,121.098,121.181,120.959,121.011
1627866000,121.011,121.142,120.988,121.109
1627880400,121.109,121.21,120.994,121.096
1627894800,121.096,121.183,120.804,120.821
1627909200,120.821,121.012,120.6,120.699
1627923600,120.699,120.821,120.647,120.718
1627938000,120.718,120.815,120.605,120.721
1627952400,120.721,120.728,120.581,120.647
1627966800,120.647,120.743,120.491,120.687
1627981200,120.687,121.015,120.655,120.774
1627995600,120.774,120.784,120.425,120.649
1628010000,120.649,120.708,120.583,120.665
1628024400,120.665,120.788,120.499,120.571
1628038800,120.571,120.722,120.512,120.706
1628053200,120.706,120.778,120.539,120.566
1628067600,120.566,120.72,120.397,120.518
1628082000,120.518,120.956,120.492,120.844
1628096400,120.844,120.845,120.713,120.713
1628110800,120.713,120.904,120.677,120.896
1628125200,120.896,120.934,120.842,120.884
1628139600,120.884,121.054,120.832,120.911
1628154000,120.911,120.995,120.739,120.834
1628168400,120.834,121.115,120.833,121.041
1628182800,121.041,121.132,121.001,121.024
1628197200,121.024,121.116,120.986,121.089
1628211600,121.089,121.098,120.954,120.964
1628226000,120.964,121.034,120.857,120.91
1628240400,120.91,121.056,120.832,120.937
1628254800,120.937,120.997,120.433,120.45
1628269200,120.45,120.56,120.436,120.52
1628456400,120.52,120.697,120.339,120.409
1628470800,120.409,120.482,120.391,120.469
1628485200,120.469,120.473,120.2,120.203
1628499600,120.203,120.216,120.065,120.118
1628514000,120.118,120.141,119.877,119.893
1628528400,119.893,119.904,119.827,119.834
1628542800,119.834,119.967,119.774,119.899
1628557200,119.899,119.987,119.859,119.908
1628571600,119.908,120.039,119.832,119.964
1628586000,119.964,119.974,119.649,119.687
1628600400,119.687,119.89,119.687,119.785
1628614800,119.785,119.88,119.76,119.88
1628629200,119.88,119.922,119.774,119.882
1628643600,119.882,120.003,119.866,119.939
1628658000,119.939,119.982,119.84,119.948
1628672400,119.948,119.977,119.753,119.898
1628686800,119.898,119.956,119.8,119.884
1628701200,119.884,119.887,119.746,119.776
1628715600,119.776,119.855,119.711,119.718
1628730000,119.718,119.817,119.688,119.799
1628744400,119.799,119.842,119.703,119.759
1628758800,119.759,119.82,119.688,119.76
1628773200,119.76,119.772,119.472,119.579
1628787600,119.579,119.616,119.519,119.578
1628802000,119.578,119.692,119.558,119.599
1628816400,119.599,119.639,119.571,119.607
1628830800,119.607,119.608,119.377,119.528
1628845200,119.528,119.821,119.512,119.786
1628859600,119.786,119.95,119.742,119.768
1628874000,119.768,119.788,119.696,119.731
1629061200,119.731,119.87,119.552,119.619
1629075600,119.619,119.65,119.381,119.493
1629090000,119.493,119.78,119.331,119.748
1629104400,119.748,119.776,119.584,119.685
1629118800,119.685,119.816,119.636,119.717
1629133200,119.717,119.779,119.705,119.769
1629147600,119.769,119.826,119.631,119.648
1629162000,119.648,119.734,119.589,119.698
1629176400,119.698,120.127,119.641,120.026
1629190800,120.026,120.069,119.843,120.069
1629205200,120.069,120.113,119.754,119.764
1629219600,119.764,120.013,119.75,120.013
1629234000,120.013,120.013,119.7,119.716
1629248400,119.716,119.978,119.688,119.903
1629262800,119.903,120.059,119.872,120.039
1629277200,120.039,120.088,119.805,119.988
1629291600,119.988,120.001,119.549,119.792
1629306000,119.792,120.026,119.693,119.699
1629320400,119.699,119.822,119.625,119.71
1629334800,119.71,119.81,119.67,119.783
1629349200,119.783,119.857,119.572,119.639
1629363600,119.639,119.811,119.467,119.612
1629378000,119.612,119.705,119.465,119.666
1629392400,119.666,119.666,119.429,119.436
1629406800,119.436,119.685,119.427,119.655
1629421200,119.655,119.813,119.468,119.742
1629435600,119.742,119.761,119.422,119.494
1629450000,119.494,119.639,119.398,119.536
1629464400,119.536,119.819,119.526,119.781
1629478800,119.781,119.786,119.645,119.707
1629666000,119.707,119.865,119.615,119.777
1629680400,119.777,119.954,119.761,119.882
1629694800,119.882,120.271,119.864,120.266
1629709200,120.266,120.314,119.943,120.095
1629723600,120.095,120.248,119.969,120.211
1629738000,120.211,120.261,120.18,120.215
1629752400,120.215,120.267,120.106,120.218
1629766800,120.218,120.231,120.133,120.212
1629781200,120.212,120.35,120.193,120.241
1629795600,120.241,120.321,120.098,120.182
1629810000,120.182,120.318,120.059,120.173
1629824400,120.173,120.182,120.022,120.16
1629838800,120.16,120.237,120.046,120.072
1629853200,120.072,120.099,119.989,120.007
1629867600,120.007,120.312,119.956,120.201
1629882000,120.201,120.272,120.084,120.205
1629896400,120.205,120.49,120.179,120.444
1629910800,120.444,120.496,120.258,120.327
1629925200,120.327,120.499,120.285,120.384
1629939600,120.384,120.417,120.191,120.246
1629954000,120.246,120.357,120.069,120.113
1629968400,120.113,120.296,120.028,120.044
1629982800,120.044,120.093,119.805,119.89
1629997200,119.89,119.948,119.8,119.944
1630011600,119.944,119.964,119.777,119.866
1630026000,119.866,120,119.798,119.969
1630040400,119.969,120.139,119.896,119.896
1630054800,119.896,120.096,119.881,119.889
1630069200,119.889,120.582,119.834,120.568
1630083600,120.568,120.583,120.474,120.521
1630270800,120.521,120.595,120.437,120.493
1630285200,120.493,120.606,120.453,120.465
1630299600,120.465,120.496,119.953,119.957
1630314000,119.957,120.159,119.939,120.022
1630328400,120.022,120.103,119.694,119.911
1630342800,119.911,119.923,119.824,119.899
1630357200,119.899,120.078,119.822,119.857
1630371600,119.857,120.079,119.814,120.056
1630386000,120.056,120.212,119.898,120.208
1630400400,120.208,120.42,120.191,120.27
1630414800,120.27,120.364,119.857,120.068
1630429200,120.068,120.236,120.04,120.226
1630443600,120.226,120.326,120.165,120.227
1630458000,120.227,120.254,119.996,120.042
1630472400,120.042,120.362,119.957,120.302
1630486800,120.302,120.389,120.135,120.244
1630501200,120.244,120.415,120.07,120.309
1630515600,120.309,120.351,120.12,120.166
1630530000,120.166,120.335,120.121,120.173
1630544400,120.173,120.183,120.091,120.155
1630558800,120.155,120.297,120.113,120.147
1630573200,120.147,120.252,120.005,120.101
1630587600,120.101,120.317,120.029,120.169
1630602000,120.169,120.273,120.168,120.273
1630616400,120.273,120.31,120.142,120.223
1630630800,120.223,120.397,120.191,120.327
1630645200,120.327,120.412,120.269,120.301
1630659600,120.301,120.326,120.025,120.212
1630674000,120.212,120.422,119.946,120.022
1630688400,120.022,120.141,119.98,120.045
1630875600,120.045,120.246,120.016,120.096
1630890000,120.096,120.12,119.994,120.036
1630904400,120.036,120.084,119.955,120.014
1630918800,120.014,120.04,119.842,119.855
1630933200,119.855,120.05,119.821,120.05
1630947600,120.05,120.063,120.003,120.056
1630962000,120.056,120.106,119.948,120.103
1630976400,120.103,120.176,120.028,120.104
1630990800,120.104,120.361,120.044,120.244
1631005200,120.244,120.329,120.169,120.24
1631019600,120.24,120.276,119.949,119.965
1631034000,119.965,119.991,119.905,119.92
1631048400,119.92,120.019,119.868,119.97
1631062800,119.97,120.013,119.931,119.964
1631077200,119.964,120.03,119.702,119.753
1631091600,119.753,119.838,119.604,119.649
1631106000,119.649,119.759,119.509,119.603
1631120400,119.603,119.682,119.56,119.653
1631134800,119.653,119.756,119.503,119.563
1631149200,119.563,119.731,119.523,119.647
1631163600,119.647,119.745,119.487,119.564
1631178000,119.564,119.846,119.5,119.635
1631192400,119.635,119.734,119.443,119.669
1631206800,119.669,119.737,119.58,119.635
1631221200,119.635,119.792,119.631,119.69
1631235600,119.69,119.873,119.672,119.861
1631250000,119.861,120.072,119.85,120.065
1631264400,120.065,120.097,119.732,119.766
1631278800,119.766,119.862,119.675,119.757
1631293200,119.757,119.817,119.633,119.738
1631480400,119.738,119.905,119.556,119.676
1631494800,119.676,119.715,119.6,119.646
1631509200,119.646,119.741,119.501,119.52
1631523600,119.52,119.578,119.14,119.279
1631538000,119.279,119.416,119.259,119.332
1631552400,119.332,119.344,119.184,119.334
1631566800,119.334,119.364,119.212,119.27
1631581200,119.27,119.438,119.264,119.382
1631595600,119.382,119.524,119.303,119.375
1631610000,119.375,119.653,119.332,119.58
1631624400,119.58,119.639,119.186,119.304
1631638800,119.304,119.353,119.155,119.177
1631653200,119.177,119.411,119.085,119.086
1631667600,119.086,119.248,119.07,119.124
1631682000,119.124,119.18,118.986,119.112
1631696400,119.112,119.243,118.999,119.054
1631710800,119.054,119.097,118.828,118.891
1631725200,118.891,118.969,118.884,118.908
1631739600,118.908,118.975,118.846,118.915
1631754000,118.915,118.918,118.748,118.766
1631768400,118.766,118.78,118.402,118.408
1631782800,118.408,118.531,118.137,118.408
1631797200,118.408,118.607,118.333,118.503
1631811600,118.503,118.505,118.255,118.283
1631826000,118.283,118.374,118.267,118.36
1631840400,118.36,118.561,118.303,118.522
1631854800,118.522,118.698,118.474,118.605
1631869200,118.605,118.677,118.476,118.523
1631883600,118.523,118.578,117.971,117.972
1631898000,117.972,118.025,117.876,117.968
1632085200,117.968,118.076,117.917,118.009
1632099600,118.009,118.009,117.774,117.909
1632114000,117.909,117.959,117.62,117.745
1632128400,117.745,117.939,117.542,117.921
1632142800,117.921,118.083,117.837,117.914
1632157200,117.914,117.946,117.83,117.901
1632171600,117.901,118.104,117.858,118.083
1632186000,118.083,118.2,118.03,118.121
1632200400,118.121,118.418,118.081,118.352
1632214800,118.352,118.494,118.293,118.333
1632229200,118.333,118.408,118.182,118.324
1632243600,118.324,118.328,118.193,118.261
1632258000,118.261,118.339,118.166,118.213
1632272400,118.213,118.468,118.163,118.442
1632286800,118.442,118.744,118.413,118.739
1632301200,118.739,118.864,118.684,118.832
1632315600,118.832,118.864,118.711,118.746
1632330000,118.746,118.871,118.499,118.593
1632344400,118.593,118.804,118.48,118.518
1632358800,118.518,118.592,118.471,118.572
1632373200,118.572,119.1,118.561,119.008
1632387600,119.008,119.2,118.684,119.188
1632402000,119.188,119.457,119.15,119.307
1632416400,119.307,119.441,119.249,119.407
1632430800,119.407,119.454,119.255,119.426
1632445200,119.426,119.46,119.307,119.384
1632459600,119.384,119.616,119.346,119.497
1632474000,119.497,119.739,119.481,119.496
1632488400,119.496,119.791,119.476,119.75
1632502800,119.75,119.852,119.694,119.758
1632690000,119.758,119.838,119.657,119.701
1632704400,119.701,119.712,119.443,119.445
1632718800,119.445,119.48,119.236,119.471
1632733200,119.471,119.811,119.47,119.623
1632747600,119.623,119.939,119.511,119.894
1632762000,119.894,119.953,119.864,119.903
1632776400,119.903,119.918,119.772,119.848
1632790800,119.848,120.035,119.804,120.002
1632805200,120.002,120.064,119.764,119.945
1632819600,119.945,120.213,119.886,120.149
1632834000,120.149,120.161,119.903,119.947
1632848400,119.947,120.039,119.893,119.977
1632862800,119.977,120.107,119.94,120.082
1632877200,120.082,120.166,119.805,119.978
1632891600,119.978,119.997,119.672,119.77
1632906000,119.77,120.009,119.747,119.953
1632920400,119.953,120.003,119.712,119.734
1632934800,119.734,119.85,119.724,119.813
1632949200,119.813,119.971,119.764,119.816
1632963600,119.816,119.949,119.735,119.923
1632978000,119.923,119.952,119.717,119.804
1632992400,119.804,119.833,119.54,119.82
1633006800,119.82,119.845,119.285,119.299
1633021200,119.299,119.463,119.185,119.448
1633035600,119.448,119.55,119.327,119.387
1633050000,119.387,119.491,119.259,119.342
1633064400,119.342,119.492,119.226,119.231
1633078800,119.231,119.599,119.026,119.549
1633093200,119.549,119.629,119.242,119.378
1633107600,119.378,119.437,119.32,119.341
1633294800,119.341,119.412,119.131,119.296
1633309200,119.296,119.392,119.253,119.289
1633323600,119.289,119.717,119.278,119.701
1633338000,119.701,120.103,119.693,120.074
1633352400,120.074,120.271,119.878,119.916
1633366800,119.916,120.031,119.843,119.856
1633381200,119.856,120.064,119.806,119.865
1633395600,119.865,120.069,119.854,119.992
1633410000,119.992,120.068,119.885,119.988
1633424400,119.988,120.116,119.874,119.962
1633438800,119.962,120.27,119.928,120.145
1633453200,120.145,120.169,120.073,120.113
1633467600,120.113,120.198,120.035,120.184
1633482000,120.184,120.23,120.082,120.215
1633496400,120.215,120.255,119.887,119.959
1633510800,119.959,119.981,119.757,119.901
1633525200,119.901,120.069,119.794,119.998
1633539600,119.998,120.173,119.974,120.131
1633554000,120.131,120.161,119.871,120.036
1633568400,120.036,120.184,120.003,120.128
1633582800,120.128,120.245,120.024,120.178
1633597200,120.178,120.318,120.148,120.194
1633611600,120.194,120.384,120.12,120.232
1633626000,120.232,120.287,120.114,120.254
1633640400,120.254,120.362,120.171,120.265
1633654800,120.265,120.411,120.26,120.364
1633669200,120.364,120.446,120.303,120.351
1633683600,120.351,120.564,120.244,120.435
1633698000,120.435,120.98,120.401,120.965
1633712400,120.965,121.108,120.961,121.014
1633899600,121.014,121.117,120.928,121.084
1633914000,121.084,121.393,121.069,121.392
1633928400,121.392,121.941,121.368,121.866
1633942800,121.866,122.179,121.693,122.077
1633957200,122.077,122.346,122.015,122.284
1633971600,122.284,122.284,122.114,122.141
1633986000,122.141,122.321,122.043,122.286
1634000400,122.286,122.324,122.065,122.15
1634014800,122.15,122.239,122.021,122.195
1634029200,122.195,122.319,122.058,122.183
1634043600,122.183,122.335,122.033,122.035
1634058000,122.035,122.149,122.019,122.03
1634072400,122.03,122.16,121.958,121.982
1634086800,121.982,122.117,121.948,122.098
1634101200,122.098,122.344,122.03,122.295
1634115600,122.295,122.5,122.277,122.331
1634130000,122.331,122.635,122.256,122.618
1634144400,122.618,122.726,122.47,122.509
1634158800,122.509,122.781,122.441,122.769
1634173200,122.769,123.005,122.765,122.966
1634187600,122.966,123.301,122.947,123.244
1634202000,123.244,123.291,123.067,123.246
1634216400,123.246,123.249,122.975,123.021
1634230800,123.021,123.132,123.018,123.132
1634245200,123.132,123.235,122.975,123.205
1634259600,123.205,123.494,123.167,123.488
1634274000,123.488,123.82,123.466,123.81
1634288400,123.81,123.885,123.431,123.584
1634302800,123.584,123.776,123.484,123.679
1634317200,123.679,123.85,123.67,123.765
1634504400,123.765,123.881,123.536,123.604
1634518800,123.604,123.755,123.414,123.601
1634533200,123.601,123.655,123.378,123.456
1634547600,123.456,123.824,123.399,123.675
1634562000,123.675,123.875,123.561,123.827
1634576400,123.827,123.852,123.718,123.718
1634590800,123.718,123.858,123.635,123.679
1634605200,123.679,123.98,123.653,123.955
1634619600,123.955,124.036,123.76,123.943
1634634000,123.943,124.302,123.918,124.219
1634648400,124.219,124.257,123.796,123.852
1634662800,123.852,123.965,123.83,123.903
1634677200,123.903,124.16,123.754,124.034
1634691600,124.034,124.05,123.862,123.991
1634706000,123.991,124.029,123.638,123.745
1634720400,123.745,124.005,123.624,123.861
1634734800,123.861,124.317,123.813,124.159
1634749200,124.159,124.441,124.155,124.369
1634763600,124.369,124.549,124.225,124.367
1634778000,124.367,124.457,124.052,124.15
1634792400,124.15,124.205,123.889,123.976
1634806800,123.976,124.363,123.976,124.155
1634821200,124.155,124.163,123.822,123.826
1634835600,123.826,124.189,123.796,124.124
1634850000,124.124,124.266,123.964,124.255
1634864400,124.255,124.387,124.205,124.234
1634878800,124.234,124.37,124.125,124.239
1634893200,124.239,124.253,124.07,124.132
1634907600,124.132,124.317,123.741,123.782
1634922000,123.782,123.93,123.73,123.922
1635109200,123.922,124.142,123.825,124.092
1635123600,124.092,124.206,123.938,124.19
1635138000,124.19,124.19,123.759,123.806
1635152400,123.806,123.848,123.549,123.797
1635166800,123.797,123.874,123.541,123.63
1635181200,123.63,123.71,123.597,123.623
1635195600,123.623,123.762,123.581,123.66
1635210000,123.66,123.773,123.625,123.76
1635224400,123.76,123.884,123.575,123.725
1635238800,123.725,124.175,123.716,124.128
1635253200,124.128,124.221,123.987,124.042
1635267600,124.042,124.142,124.015,124.045
1635282000,124.045,124.197,123.997,124.117
1635296400,124.117,124.165,123.932,124.031
1635310800,124.031,124.22,123.764,123.833
1635325200,123.833,123.951,123.58,123.897
1635339600,123.897,124.071,123.699,123.914
1635354000,123.914,124.127,123.902,123.989
1635368400,123.989,124.108,123.862,123.872
1635382800,123.872,123.888,123.586,123.649
1635397200,123.649,123.967,123.538,123.721
1635411600,123.721,124.027,123.52,124
1635426000,124,124.366,123.772,124.362
1635440400,124.362,124.57,124.356,124.57
1635454800,124.57,124.767,124.491,124.604
1635469200,124.604,124.705,124.457,124.559
1635483600,124.559,124.768,124.479,124.71
1635498000,124.71,125.038,124.71,124.88
1635512400,124.88,124.998,124.273,124.443
1635526800,124.443,124.587,124.365,124.554
1635714000,124.554,124.717,124.488,124.506
1635728400,124.506,124.664,124.494,124.629
1635742800,124.629,125.024,124.627,124.677
1635757200,124.677,125.16,124.669,125.102
1635771600,125.102,125.476,125.061,125.331
1635786000,125.331,125.44,125.243,125.406
1635800400,125.406,125.514,125.256,125.36
1635814800,125.36,125.388,124.955,124.992
1635829200,124.992,125.116,124.508,124.511
1635843600,124.511,124.667,124.365,124.636
1635858000,124.636,124.675,124.334,124.506
1635872400,124.506,124.685,124.506,124.606
1635886800,124.606,124.731,124.487,124.503
1635901200,124.503,124.629,124.475,124.578
1635915600,124.578,124.819,124.532,124.79
1635930000,124.79,125.039,124.729,124.87
1635944400,124.87,125.15,124.75,124.916
1635958800,124.916,125.136,124.804,125.051
1635973200,125.051,125.204,124.972,125.182
1635987600,125.182,125.232,125.128,125.175
1636002000,125.175,125.181,124.733,124.898
1636016400,124.898,125.011,124.536,124.792
1636030800,124.792,124.884,124.278,124.556
1636045200,124.556,124.695,124.545,124.626
1636059600,124.626,124.764,124.589,124.618
1636074000,124.618,124.63,124.449,124.581
1636088400,124.581,124.67,124.492,124.55
1636102800,124.55,124.558,124.123,124.229
1636117200,124.229,124.355,123.953,124.329
1636131600,124.329,124.366,124.224,124.248
1636322400,124.248,124.527,124.188,124.358
1636336800,124.358,124.457,124.305,124.336
1636351200,124.336,124.443,123.935,123.947
1636365600,123.947,124.035,123.83,123.834
1636380000,123.834,124.003,123.601,123.939
1636394400,123.939,124.025,123.921,123.984
1636408800,123.984,124.02,123.809,123.828
1636423200,123.828,123.829,123.621,123.643
1636437600,123.643,123.771,123.544,123.627
1636452000,123.627,123.681,123.419,123.613
1636466400,123.613,123.891,123.507,123.843
1636480800,123.843,123.99,123.83,123.87
1636495200,123.87,123.98,123.78,123.878
1636509600,123.878,123.887,123.647,123.653
1636524000,123.653,124.155,123.632,124.094
1636538400,124.094,124.289,123.813,124.263
1636552800,124.263,124.499,124.169,124.267
1636567200,124.267,124.281,123.951,124.14
1636581600,124.14,124.284,124.007,124.192
1636596000,124.192,124.241,123.993,124.017
1636610400,124.017,124.182,123.843,123.875
1636624800,123.875,123.956,123.424,123.516
1636639200,123.516,123.927,123.487,123.862
1636653600,123.862,123.896,123.726,123.888
1636668000,123.888,123.953,123.779,123.858
1636682400,123.858,123.917,123.778,123.865
1636696800,123.865,123.906,123.617,123.651
1636711200,123.651,123.661,123.435,123.496
1636725600,123.496,123.755,123.389,123.706
1636740000,123.706,123.761,123.611,123.638
1636927200,123.638,123.822,123.638,123.805
1636941600,123.805,123.905,123.739,123.781
1636956000,123.781,123.951,123.655,123.69
1636970400,123.69,123.817,123.633,123.74
1636984800,123.74,123.889,123.37,123.519
1636999200,123.519,123.537,123.333,123.351
1637013600,123.351,123.612,123.319,123.602
1637028000,123.602,123.648,123.398,123.432
1637042400,123.432,123.533,123.041,123.153
1637056800,123.153,123.509,123.012,123.426
1637071200,123.426,123.474,123.14,123.149
1637085600,123.149,123.503,123.145,123.491
1637100000,123.491,123.554,123.334,123.409
1637114400,123.409,123.421,123.152,123.267
1637128800,123.267,123.471,123.173,123.262
1637143200,123.262,123.379,123.111,123.118
1637157600,123.118,123.316,122.849,122.88
1637172000,122.88,123.016,122.725,122.725
1637186400,122.725,123.152,122.666,122.874
1637200800,122.874,123.068,122.814,122.957
1637215200,122.957,123.16,122.849,123.152
1637229600,123.152,123.385,123.095,123.31
1637244000,123.31,123.474,123.29,123.429
1637258400,123.429,123.476,123.368,123.369
1637272800,123.369,123.504,123.147,123.352
1637287200,123.352,123.469,123.338,123.441
1637301600,123.441,123.51,122.934,123.156
1637316000,123.156,123.193,122.433,122.812
1637330400,122.812,123.138,122.755,122.791
1637344800,122.791,122.844,122.64,122.818
1637532000,122.818,122.925,122.673,122.788
1637546400,122.788,122.905,122.742,122.847
1637560800,122.847,123.035,122.739,122.963
1637575200,122.963,123.136,122.893,123.128
1637589600,123.128,123.431,123.095,123.226
1637604000,123.226,123.319,123.078,123.203
1637618400,123.203,123.433,123.078,123.165
1637632800,123.165,123.44,123.161,123.38
1637647200,123.38,123.509,123.012,123.133
1637661600,123.133,123.413,123.128,123.199
1637676000,123.199,123.433,123.089,123.252
1637690400,123.252,123.405,123.164,123.405
1637704800,123.405,123.61,123.248,123.294
1637719200,123.294,123.295,123.072,123.105
1637733600,123.105,123.181,122.774,122.885
1637748000,122.885,123.173,122.812,123.111
1637762400,123.111,123.463,123.083,123.45
1637776800,123.45,123.632,123.438,123.57
1637791200,123.57,123.632,123.316,123.545
1637805600,123.545,123.582,123.535,123.572
1637820000,123.572,123.711,123.538,123.567
1637834400,123.567,123.631,123.389,123.509
1637848800,123.509,123.514,123.232,123.28
1637863200,123.28,123.302,123.244,123.245
1637877600,123.245,123.441,122.756,122.988
1637892000,122.988,123.087,122.799,123.03
1637906400,123.03,123.283,122.606,123.004
1637920800,123.004,123.354,123.002,123.033
1637935200,123.033,123.048,122.542,122.556
1637949600,122.556,122.997,122.492,122.757
1638136800,122.757,123.157,122.668,122.762
1638151200,122.762,122.875,122.39,122.44
1638165600,122.44,122.758,122.138,122.554
1638180000,122.554,122.947,122.48,122.857
1638194400,122.857,123.093,122.778,123.054
1638208800,123.054,123.112,122.896,122.896
1638223200,122.896,123.369,122.89,123.24
1638237600,123.24,123.325,122.7,122.764
1638252000,122.764,122.994,122.659,122.906
1638266400,122.906,123.112,122.852,122.914
1638280800,122.914,123.139,122.59,122.903
1638295200,122.903,123.22,122.85,123.113
1638309600,123.113,123.28,122.802,123.181
1638324000,123.181,123.346,123.066,123.278
1638338400,123.278,123.543,123.222,123.411
1638352800,123.411,123.485,122.923,123.077
1638367200,123.077,123.162,122.636,122.672
1638381600,122.672,122.759,122.492,122.618
1638396000,122.618,122.946,122.482,122.934
1638410400,122.934,123.064,122.761,122.791
1638424800,122.791,123.011,122.77,122.915
1638439200,122.915,123.011,122.735,122.807
1638453600,122.807,122.97,122.721,122.945
1638468000,122.945,123,122.851,122.94
1638482400,122.94,123.135,122.806,122.902
1638496800,122.902,123.036,122.886,122.98
1638511200,122.98,123.217,122.929,123.088
1638525600,123.088,123.383,123.04,123.368
1638540000,123.368,123.53,122.856,122.897
1638554400,122.897,122.947,122.726,122.935
1638741600,122.935,123.092,122.821,122.851
1638756000,122.851,122.869,122.716,122.771
1638770400,122.771,122.913,122.695,122.756
1638784800,122.756,122.896,122.601,122.74
1638799200,122.74,122.772,122.392,122.478
1638813600,122.478,122.649,122.469,122.593
1638828000,122.593,122.777,122.533,122.744
1638842400,122.744,122.975,122.719,122.96
1638856800,122.96,123.12,122.875,123.071
1638871200,123.071,123.102,122.53,122.778
1638885600,122.778,122.851,122.565,122.757
1638900000,122.757,122.897,122.645,122.764
1638914400,122.764,122.88,122.682,122.815
1638928800,122.815,122.934,122.752,122.902
1638943200,122.902,122.944,122.703,122.818
1638957600,122.818,123.453,122.735,123.429
1638972000,123.429,123.549,123.211,123.453
1638986400,123.453,123.586,123.372,123.385
1639000800,123.385,123.663,123.246,123.442
1639015200,123.442,123.514,123.355,123.377
1639029600,123.377,123.443,123.14,123.201
1639044000,123.201,123.203,122.708,122.721
1639058400,122.721,122.945,122.492,122.752
1639072800,122.752,122.922,122.709,122.922
1639087200,122.922,122.975,122.677,122.793
1639101600,122.793,122.923,122.765,122.768
1639116000,122.768,123.1,122.748,123.048
1639130400,123.048,123.123,122.806,122.951
1639144800,122.951,123.167,122.772,123.15
1639159200,123.15,123.214,123.119,123.123
1639346400,123.123,123.287,122.86,123.182
1639360800,123.182,123.214,123.077,123.099
1639375200,123.099,123.143,122.808,122.942
1639389600,122.942,123.191,122.911,123.128
1639404000,123.128,123.212,122.99,123.11
1639418400,123.11,123.157,122.962,122.992
1639432800,122.992,123.144,122.821,123.116
1639447200,123.116,123.132,122.956,123.042
1639461600,123.042,123.456,123.018,123.4
1639476000,123.4,123.562,123.317,123.493
1639490400,123.493,123.535,122.982,123.162
1639504800,123.162,123.206,123.03,123.119
1639519200,123.119,123.232,123.035,123.129
1639533600,123.129,123.144,123.035,123.089
1639548000,123.089,123.139,122.957,123.068
1639562400,123.068,123.176,122.996,123.136
1639576800,123.136,123.151,122.83,122.927
1639591200,122.927,123.388,122.881,123.306
1639605600,123.306,123.519,123.11,123.358
1639620000,123.358,123.533,123.262,123.388
1639634400,123.388,123.77,123.373,123.533
1639648800,123.533,123.972,123.319,123.968
1639663200,123.968,123.97,123.238,123.437
1639677600,123.437,123.703,123.395,123.649
1639692000,123.649,123.811,123.541,123.634
1639706400,123.634,123.721,123.459,123.711
1639720800,123.711,123.801,123.529,123.733
1639735200,123.733,123.747,123.061,123.088
1639749600,123.088,123.277,122.971,123.037
1639764000,123.037,123.14,122.989,123.074
1639951200,123.074,123.212,122.833,122.85
1639965600,122.85,122.991,122.795,122.879
1639980000,122.879,122.945,122.667,122.83
1639994400,122.83,123.231,122.818,123.135
1640008800,123.135,123.374,123.036,123.222
1640023200,123.222,123.387,123.195,123.318
1640037600,123.318,123.442,123.226,123.336
1640052000,123.336,123.39,123.295,123.345
1640066400,123.345,123.58,123.345,123.427
1640080800,123.427,123.51,123.238,123.292
1640095200,123.292,123.489,123.194,123.462
1640109600,123.462,123.582,123.402,123.527
1640124000,123.527,123.631,123.415,123.535
1640138400,123.535,123.538,123.399,123.473
1640152800,123.473,123.688,123.392,123.634
1640167200,123.634,123.861,123.607,123.838
1640181600,123.838,124.204,123.802,124.162
1640196000,124.162,124.173,124.005,124.005
1640210400,124.005,124.263,123.947,124.171
1640224800,124.171,124.239,124.111,124.221
1640239200,124.221,124.284,123.956,124.206
1640253600,124.206,124.363,124.091,124.178
1640268000,124.178,124.689,124.069,124.683
1640282400,124.683,124.706,124.485,124.513
1640296800,124.513,124.768,124.353,124.619
1640311200,124.619,124.775,124.517,124.721
1640325600,124.721,124.746,124.548,124.709
1640340000,124.709,124.742,124.389,124.486
1640354400,124.486,124.518,124.367,124.372
1640368800,124.372,124.595,124.261,124.456
1640556000,124.456,124.584,124.311,124.453
1640570400,124.453,124.497,124.397,124.438
1640584800,124.438,124.801,124.42,124.691
1640599200,124.691,124.907,124.657,124.83
1640613600,124.83,125.232,124.779,125.187
1640628000,125.187,125.253,125.147,125.187
1640642400,125.187,125.334,125.033,125.173
1640656800,125.173,125.244,125.143,125.212
1640671200,125.212,125.262,125.08,125.258
1640685600,125.258,125.4,125.166,125.166
1640700000,125.166,125.225,124.932,125.156
1640714400,125.156,125.194,125.08,125.132
1640728800,125.132,125.232,125.077,125.132
1640743200,125.132,125.256,125.091,125.227
1640757600,125.227,125.319,125.053,125.123
1640772000,125.123,125.404,125.015,125.383
1640786400,125.383,125.881,125.289,125.655
1640800800,125.655,125.79,125.582,125.691
1640815200,125.691,125.8,125.655,125.715
1640829600,125.715,125.726,125.597,125.65
1640844000,125.65,125.723,125.436,125.476
1640858400,125.476,125.976,125.455,125.718
1640872800,125.718,126.056,125.623,125.979
1640887200,125.979,126.006,125.811,126.002
1640901600,126.002,126.064,125.865,125.886
1640916000,125.886,125.989,125.853,125.859
1640930400,125.859,126.152,125.855,126.148
1640944800,126.148,126.355,125.995,126.295
1640959200,126.295,126.481,125.899,126.218
1640973600,126.218,126.285,126.14,126.14
1641160800,126.14,126.397,126.125,126.192
1641175200,126.192,126.192,126.012,126.057
1641189600,126.057,126.309,126.045,126.3
1641204000,126.3,126.321,125.803,125.874
1641218400,125.874,125.893,125.347,125.454
1641232800,125.454,125.585,125.441,125.455
1641247200,125.455,125.905,125.395,125.784
1641261600,125.784,126.134,125.773,126.088
1641276000,126.088,126.255,125.852,126.202
1641290400,126.202,126.808,126.158,126.724
1641304800,126.724,127.08,126.718,126.897
1641319200,126.897,126.903,126.663,126.76
1641333600,126.76,126.969,126.561,126.606
1641348000,126.606,126.681,126.506,126.632
1641362400,126.632,126.829,126.475,126.5
1641376800,126.5,126.551,126.322,126.482
1641391200,126.482,126.687,126.373,126.588
1641405600,126.588,126.714,126.444,126.682
1641420000,126.682,126.788,126.307,126.421
1641434400,126.421,126.423,126.201,126.247
1641448800,126.247,126.248,125.848,125.997
1641463200,125.997,126.28,125.928,126.032
1641477600,126.032,126.286,125.756,125.822
1641492000,125.822,125.832,125.674,125.719
1641506400,125.719,125.903,125.668,125.84
1641520800,125.84,125.855,125.747,125.84
1641535200,125.84,125.896,125.712,125.748
1641549600,125.748,125.802,125.479,125.553
1641564000,125.553,125.852,125.458,125.847
1641578400,125.847,125.885,125.761,125.768
1641765600,125.768,125.868,125.672,125.831
1641780000,125.831,125.912,125.775,125.816
1641794400,125.816,125.817,125.57,125.592
1641808800,125.592,125.641,124.696,124.707
1641823200,124.707,124.727,124.257,124.257
1641837600,124.257,124.328,124.221,124.23
1641852000,124.23,124.456,124.199,124.429
1641866400,124.429,124.553,124.398,124.446
1641880800,124.446,124.803,124.345,124.567
1641895200,124.567,124.76,124.52,124.687
1641909600,124.687,124.963,124.598,124.85
1641924000,124.85,124.944,124.793,124.899
1641938400,124.899,124.938,124.773,124.845
1641952800,124.845,124.982,124.825,124.93
1641967200,124.93,124.972,124.795,124.954
1641981600,124.954,125.344,124.916,125.33
1641996000,125.33,125.624,125.144,125.393
1642010400,125.393,125.438,125.182,125.391
1642024800,125.391,125.473,125.22,125.262
1642039200,125.262,125.393,125.193,125.232
1642053600,125.232,125.56,125.227,125.512
1642068000,125.512,125.594,125.226,125.506
1642082400,125.506,125.66,125.202,125.272
1642096800,125.272,125.36,125.197,125.327
1642111200,125.327,125.374,124.972,124.999
1642125600,124.999,125.061,124.86,125.003
1642140000,125.003,125.155,124.892,125.037
1642154400,125.037,125.11,124.525,124.621
1642168800,124.621,124.881,124.572,124.851
1642183200,124.851,125.06,124.788,124.92
1642370400,124.92,125.131,124.914,125.036
1642384800,125.036,125.223,125.008,125.214
1642399200,125.214,125.437,125.128,125.332
1642413600,125.332,125.417,125.137,125.303
1642428000,125.303,125.465,125.254,125.402
1642442400,125.402,125.424,125.308,125.39
1642456800,125.39,125.424,125.287,125.336
1642471200,125.336,125.672,125.328,125.417
1642485600,125.417,125.675,125.191,125.353
1642500000,125.353,125.452,125.119,125.266
1642514400,125.266,125.288,124.904,124.911
1642528800,124.911,125.026,124.848,124.943
1642543200,124.943,125.108,124.89,125.023
1642557600,125.023,125.116,124.718,124.766
1642572000,124.766,125.128,124.708,125.051
1642586400,125.051,125.162,124.916,124.975
1642600800,124.975,125,124.714,124.83
1642615200,124.83,124.871,124.715,124.76
1642629600,124.76,124.969,124.702,124.87
1642644000,124.87,125.075,124.832,125.025
1642658400,125.025,125.17,124.836,124.84
1642672800,124.84,124.935,124.646,124.669
1642687200,124.669,124.766,124.477,124.48
1642701600,124.48,124.511,124.36,124.479
1642716000,124.479,124.532,124.032,124.251
1642730400,124.251,124.414,124.148,124.398
1642744800,124.398,125.013,124.347,124.909
1642759200,124.909,124.913,124.568,124.662
1642773600,124.662,124.883,124.592,124.669
1642788000,124.669,124.765,124.574,124.728
1642975200,124.728,124.779,124.558,124.723
1642989600,124.723,124.746,124.483,124.508
1643004000,124.508,124.714,124.447,124.623
1643018400,124.623,124.854,124.492,124.5
1643032800,124.5,124.689,124.366,124.57
1643047200,124.57,124.735,124.433,124.733
1643061600,124.733,124.805,124.394,124.413
1643076000,124.413,124.42,124.176,124.227
1643090400,124.227,124.293,123.983,124.081
1643104800,124.081,124.112,123.865,124.001
1643119200,124.001,124.072,123.774,123.833
1643133600,123.833,124.075,123.815,124.061
1643148000,124.061,124.23,123.947,124.042
1643162400,124.042,124.169,124.037,124.141
1643176800,124.141,124.173,123.872,124.022
1643191200,124.022,124.205,123.995,124.198
1643205600,124.198,124.352,124.055,124.168
1643220000,124.168,124.297,123.826,124.094
1643234400,124.094,124.445,123.916,124.01
1643248800,124.01,124.06,123.841,124.027
1643263200,124.027,124.138,123.831,124.02
1643277600,124.02,124.185,123.745,123.845
1643292000,123.845,124.019,123.59,123.873
1643306400,123.873,123.952,123.707,123.949
1643320800,123.949,124.065,123.835,124.042
1643335200,124.042,124.165,123.986,124.151
1643349600,124.151,124.22,123.968,124.173
1643364000,124.173,124.22,123.918,123.991
1643378400,123.991,123.998,123.746,123.752
1643392800,123.752,123.877,123.693,123.761
1643580000,123.761,124.038,123.715,123.971
1643594400,123.971,124.108,123.949,123.993
1643608800,123.993,124.036,123.824,123.875
1643623200,123.875,124.023,123.553,123.963
1643637600,123.963,124.096,123.64,123.798
1643652000,123.798,124.309,123.796,124.136
1643666400,124.136,124.24,124.053,124.073
1643680800,124.073,124.291,124.06,124.267
1643695200,124.267,124.558,124.24,124.276
1643709600,124.276,124.536,124.218,124.446
1643724000,124.446,124.551,124.274,124.387
1643738400,124.387,124.55,124.364,124.476
1643752800,124.476,124.595,124.368,124.537
1643767200,124.537,124.609,124.511,124.595
1643781600,124.595,124.609,124.214,124.354
1643796000,124.354,124.482,124.304,124.39
1643810400,124.39,124.551,124.198,124.529
1643824800,124.529,124.61,124.478,124.608
1643839200,124.608,124.624,124.372,124.418
1643853600,124.418,124.563,124.391,124.54
1643868000,124.54,124.552,124.352,124.404
1643882400,124.404,124.908,124.37,124.882
1643896800,124.882,125.136,124.611,124.911
1643911200,124.911,125.026,124.721,125.026
1643925600,125.026,125.042,124.841,124.894
1643940000,124.894,125.046,124.846,124.894
1643954400,124.894,125.107,124.659,124.773
1643968800,124.773,124.839,124.388,124.775
1643983200,124.775,124.846,124.535,124.589
1643997600,124.589,124.617,124.433,124.466
1644184800,124.466,124.647,124.466,124.539
1644199200,124.539,124.663,124.456,124.648
1644213600,124.648,124.721,124.248,124.362
1644228000,124.362,124.619,124.333,124.607
1644242400,124.607,124.738,124.474,124.539
1644256800,124.539,124.653,124.517,124.599
1644271200,124.599,124.892,124.58,124.789
1644285600,124.789,124.861,124.749,124.772
1644300000,124.772,124.989,124.705,124.917
1644314400,124.917,124.982,124.786,124.94
1644328800,124.94,125.081,124.814,124.993
1644343200,124.993,124.997,124.816,124.962
1644357600,124.962,125.033,124.754,124.844
1644372000,124.844,124.896,124.784,124.858
1644386400,124.858,125.05,124.816,124.911
1644400800,124.911,125.189,124.887,125.154
1644415200,125.154,125.154,124.959,125.028
1644429600,125.028,125.081,124.916,124.938
1644444000,124.938,125.082,124.849,124.98
1644458400,124.98,125.146,124.956,125.067
1644472800,125.067,125.475,125.054,125.382
1644487200,125.382,125.446,125.044,125.246
1644501600,125.246,125.589,125.08,125.524
1644516000,125.524,125.551,125.196,125.379
1644530400,125.379,125.565,125.211,125.237
1644544800,125.237,125.287,125.145,125.191
1644559200,125.191,125.208,124.863,125.1
1644573600,125.1,125.3,125.034,125.077
1644588000,125.077,125.28,125.018,125.177
1644602400,125.177,125.19,124.318,124.653
1644789600,124.653,125.015,124.653,124.713
1644804000,124.713,124.886,124.666,124.748
1644818400,124.748,124.779,124.331,124.476
1644832800,124.476,124.906,124.406,124.786
1644847200,124.786,124.976,124.672,124.941
1644861600,124.941,124.995,124.699,124.995
1644876000,124.995,125.082,124.846,124.905
1644890400,124.905,124.963,124.776,124.822
1644904800,124.822,125.188,124.7,124.947
1644919200,124.947,125.322,124.87,125.263
1644933600,125.263,125.337,124.845,124.883
1644948000,124.883,124.988,124.862,124.922
1644962400,124.922,125.074,124.913,125.001
1644976800,125.001,125.056,124.971,125.028
1644991200,125.028,125.161,124.975,125.116
1645005600,125.116,125.163,124.956,125.003
1645020000,125.003,125.286,124.917,125.235
1645034400,125.235,125.376,125.139,125.139
1645048800,125.139,125.345,125.051,125.341
1645063200,125.341,125.395,124.794,125.077
1645077600,125.077,125.183,124.673,124.91
1645092000,124.91,125.02,124.814,124.863
1645106400,124.863,125.109,124.789,125.005
1645120800,125.005,125.039,124.817,124.895
1645135200,124.895,125.19,124.781,125.01
1645149600,125.01,125.119,124.975,125.056
1645164000,125.056,125.143,124.976,125.092
1645178400,125.092,125.172,124.941,125.008
1645192800,125.008,125.136,124.864,124.928
1645207200,124.928,124.967,124.76,124.76
1645394400,124.76,125.013,124.694,124.973
1645408800,124.973,125.041,124.915,124.963
1645423200,124.963,125.194,124.902,125.146
1645437600,125.146,125.373,125.119,125.256
1645452000,125.256,125.483,125.209,125.415
1645466400,125.415,125.442,125.215,125.282
1645480800,125.282,125.32,125,125.159
1645495200,125.159,125.261,125.081,125.254
1645509600,125.254,125.316,124.935,124.948
1645524000,124.948,125.326,124.948,125.168
1645538400,125.168,125.237,124.801,124.81
1645552800,124.81,124.962,124.748,124.921
1645567200,124.921,125.109,124.84,124.928
1645581600,124.928,124.991,124.891,124.971
1645596000,124.971,125.086,124.829,125.058
1645610400,125.058,125.284,124.998,125.22
1645624800,125.22,125.524,125.217,125.345
1645639200,125.345,125.35,125.159,125.27
1645653600,125.27,125.356,125.136,125.278
1645668000,125.278,125.294,124.674,124.739
1645682400,124.739,124.787,124.462,124.526
1645696800,124.526,124.542,124.012,124.449
1645711200,124.449,124.806,124.421,124.594
1645725600,124.594,125.064,124.572,124.718
1645740000,124.718,125.059,124.664,124.872
1645754400,124.872,124.874,124.714,124.8
1645768800,124.8,124.882,124.474,124.503
1645783200,124.503,124.8,124.463,124.652
1645797600,124.652,124.771,124.435,124.76
1645812000,124.76,124.854,124.712,124.812
1645999200,124.812,125.075,124.287,124.634
1646013600,124.634,124.874,124.497,124.766
1646028000,124.766,125.301,124.703,125.24
1646042400,125.24,125.563,125.032,125.517
1646056800,125.517,125.658,125.252,125.29
1646071200,125.29,125.439,125.158,125.439
1646085600,125.439,125.554,125.302,125.325
1646100000,125.325,125.422,125.225,125.285
1646114400,125.285,125.662,125.227,125.243
1646128800,125.243,125.358,124.791,125.037
1646143200,125.037,125.123,124.763,124.865
1646157600,124.865,125.126,124.747,125.112
1646172000,125.112,125.17,124.938,125.073
1646186400,125.073,125.22,124.969,125.179
1646200800,125.179,125.649,125.113,125.609
1646215200,125.609,125.654,125.308,125.451
1646229600,125.451,125.47,125.002,125.351
1646244000,125.351,125.583,125.337,125.523
1646258400,125.523,125.547,125.411,125.492
1646272800,125.492,125.702,125.467,125.67
1646287200,125.67,125.912,125.643,125.872
1646301600,125.872,125.917,125.674,125.72
1646316000,125.72,125.91,125.507,125.632
1646330400,125.632,125.893,125.533,125.888
1646344800,125.888,125.904,125.435,125.609
1646359200,125.609,125.747,125.492,125.625
1646373600,125.625,125.768,125.535,125.607
1646388000,125.607,125.829,125.31,125.448
1646402400,125.448,125.533,124.826,124.944
1646416800,124.944,125.364,124.865,125.282
1646604000,125.282,125.399,124.686,124.775
1646618400,124.775,124.957,124.717,124.845
1646632800,124.845,125.058,124.391,124.462
1646647200,124.462,124.851,124.263,124.701
1646661600,124.701,124.753,124.324,124.553
1646676000,124.553,124.692,124.44,124.599
1646690400,124.599,124.78,124.483,124.744
1646704800,124.744,124.775,124.658,124.716
1646719200,124.716,124.855,124.405,124.465
1646733600,124.465,124.999,124.38,124.641
1646748000,124.641,124.729,124.29,124.453
1646762400,124.453,124.595,124.428,124.576
1646776800,124.576,124.712,124.377,124.682
1646791200,124.682,124.828,124.611,124.719
1646805600,124.719,124.891,124.639,124.871
1646820000,124.871,124.981,124.708,124.745
1646834400,124.745,125.149,124.558,125.062
1646848800,125.062,125.107,124.973,125.025
1646863200,125.025,125.135,124.967,125.069
1646877600,125.069,125.2,125.039,125.148
1646892000,125.148,125.255,124.915,125.094
1646906400,125.094,125.284,124.78,124.794
1646920800,124.794,125.116,124.691,124.795
1646935200,124.795,124.945,124.739,124.945
1646949600,124.945,125.095,124.833,124.98
1646964000,124.98,125.461,124.964,125.386
1646978400,125.386,125.645,125.281,125.504
1646992800,125.504,125.705,125.414,125.524
1647007200,125.524,125.577,125.306,125.474
1647021600,125.474,125.566,125.417,125.518
1647205200,125.518,125.791,125.506,125.601
1647219600,125.601,125.905,125.571,125.761
1647234000,125.761,125.999,125.734,125.841
1647248400,125.841,126.462,125.807,126.09
1647262800,126.09,126.265,125.955,125.99
1647277200,125.99,126.026,125.886,125.916
1647291600,125.916,126.078,125.878,125.915
1647306000,125.915,126.153,125.908,126.01
1647320400,126.01,126.019,125.395,125.543
1647334800,125.543,125.805,125.517,125.62
1647349200,125.62,125.708,125.432,125.597
1647363600,125.597,125.757,125.537,125.685
1647378000,125.685,125.898,125.583,125.868
1647392400,125.868,125.894,125.727,125.763
1647406800,125.763,126.004,125.754,125.867
1647421200,125.867,125.997,125.71,125.789
1647435600,125.789,125.937,125.608,125.848
1647450000,125.848,126.284,125.634,126.226
1647464400,126.226,126.551,126.073,126.463
1647478800,126.463,126.492,126.192,126.357
1647493200,126.357,126.429,126.081,126.181
1647507600,126.181,126.427,126.092,126.298
1647522000,126.298,126.804,126.298,126.785
1647536400,126.785,126.832,126.534,126.539
1647550800,126.539,126.818,126.467,126.725
1647565200,126.725,126.884,126.694,126.837
1647579600,126.837,127.114,126.768,127.089
1647594000,127.089,127.502,127.081,127.301
1647608400,127.301,127.886,127.285,127.799
1647622800,127.799,127.918,127.714,127.888
1647810000,127.888,127.956,127.684,127.866
1647824400,127.866,127.922,127.689,127.77
1647838800,127.77,128.161,127.525,128.158
1647853200,128.158,128.224,127.924,128.055
1647867600,128.055,128.206,127.96,128.041
1647882000,128.041,128.134,127.95,127.954
1647896400,127.954,128.268,127.893,128.173
1647910800,128.173,128.632,128.112,128.567
1647925200,128.567,128.971,128.453,128.971
1647939600,128.971,129.608,128.894,129.277
1647954000,129.277,129.584,129.253,129.343
1647968400,129.343,129.534,129.294,129.47
1647982800,129.47,130.038,129.368,129.673
1647997200,129.673,129.764,129.491,129.529
1648011600,129.529,129.726,129.318,129.361
1648026000,129.361,129.495,129.037,129.184
1648040400,129.184,130.037,129.035,129.983
1648054800,129.983,130.204,129.905,130.195
1648069200,130.195,130.28,129.89,129.903
1648083600,129.903,130.167,129.883,130.065
1648098000,130.065,130.479,130.036,130.232
1648112400,130.232,130.739,130.231,130.731
1648126800,130.731,131.364,130.662,131.316
1648141200,131.316,131.556,131.275,131.497
1648155600,131.497,131.689,131.356,131.562
1648170000,131.562,131.587,130.858,131.027
1648184400,131.027,131.471,130.983,131.06
1648198800,131.06,131.439,131.017,131.293
1648213200,131.293,131.662,131.005,131.156
1648227600,131.156,131.278,131.032,131.106
1648414800,131.106,131.405,131.084,131.174
1648429200,131.174,131.893,131.137,131.776
1648443600,131.776,133.568,131.7,133.187
1648458000,133.187,133.195,131.963,132.212
1648472400,132.212,132.488,131.83,132.154
1648486800,132.154,132.605,131.959,132.553
1648501200,132.553,132.882,132.118,132.766
1648515600,132.766,132.806,131.966,132.103
1648530000,132.103,132.444,131.951,132.056
1648544400,132.056,132.331,131.337,131.707
1648558800,131.707,131.906,131.109,131.584
1648573200,131.584,132.091,131.56,131.969
1648587600,131.969,132.3,131.574,131.686
1648602000,131.686,131.734,130.767,131.286
1648616400,131.286,131.534,131.075,131.419
1648630800,131.419,131.885,131.296,131.558
1648645200,131.558,132.364,131.543,132.096
1648659600,132.096,132.104,131.924,132.01
1648674000,132.01,132.668,131.968,132.554
1648688400,132.554,132.682,132.14,132.157
1648702800,132.157,132.212,131.438,132.132
1648717200,132.132,132.182,131.429,131.53
1648731600,131.53,132.066,131.447,131.812
1648746000,131.812,131.98,131.68,131.98
1648760400,131.98,132.2,131.8,132.129
1648774800,132.129,132.702,132.077,132.608
1648789200,132.608,132.883,132.371,132.665
1648803600,132.665,132.726,132.376,132.647
1648818000,132.647,132.766,132.366,132.388
1648832400,132.388,132.508,132.283,132.283
1649019600,132.283,132.611,132.187,132.257
1649034000,132.257,132.52,132.207,132.323
1649048400,132.323,132.598,132.288,132.302
1649062800,132.302,132.578,132.171,132.487
1649077200,132.487,132.755,132.466,132.484
1649091600,132.484,132.615,132.404,132.561
1649106000,132.561,132.625,132.237,132.394
1649120400,132.394,132.43,132.226,132.275
1649134800,132.275,132.853,132.183,132.594
1649149200,132.594,132.94,132.532,132.831
1649163600,132.831,133.015,132.741,132.944
1649178000,132.944,133.085,132.926,132.971
1649192400,132.971,133.109,132.906,133.034
1649206800,133.034,133.296,132.951,133.056
1649221200,133.056,133.115,132.512,132.752
1649235600,132.752,132.854,132.59,132.704
1649250000,132.704,132.857,132.588,132.685
1649264400,132.685,132.805,132.556,132.691
1649278800,132.691,132.805,132.51,132.591
1649293200,132.591,132.697,132.526,132.596
1649307600,132.596,132.899,132.546,132.627
1649322000,132.627,132.932,132.357,132.82
1649336400,132.82,132.96,132.625,132.645
1649350800,132.645,132.823,132.644,132.823
1649365200,132.823,132.911,132.466,132.49
1649379600,132.49,132.614,132.382,132.563
1649394000,132.563,132.826,132.546,132.707
1649408400,132.707,132.959,132.62,132.868
1649422800,132.868,133.268,132.858,133.228
1649437200,133.228,133.243,132.996,132.996
1649624400,132.996,133.332,132.942,133.261
1649638800,133.261,133.57,133.195,133.526
1649653200,133.526,134.136,133.517,134.122
1649667600,134.122,134.676,134.112,134.56
1649682000,134.56,134.91,134.279,134.821
1649696400,134.821,134.897,134.589,134.701
1649710800,134.701,134.811,134.445,134.666
1649725200,134.666,134.743,134.529,134.63
1649739600,134.63,134.883,134.366,134.64
1649754000,134.64,134.755,134.296,134.466
1649768400,134.466,134.793,134.414,134.469
1649782800,134.469,134.52,134.322,134.351
1649797200,134.351,134.583,134.329,134.517
1649811600,134.517,134.71,134.509,134.649
1649826000,134.649,135.356,134.629,135.267
1649840400,135.267,135.426,134.555,134.56
1649854800,134.56,134.799,134.361,134.476
1649869200,134.476,134.52,134.337,134.438
1649883600,134.438,134.567,134.097,134.241
1649898000,134.241,134.366,134.154,134.297
1649912400,134.297,134.444,134.057,134.091
1649926800,134.091,134.21,133.659,133.899
1649941200,133.899,133.951,133.421,133.544
1649955600,133.544,133.706,133.496,133.583
1649970000,133.583,134.013,133.551,133.973
1649984400,133.973,134.134,133.776,133.944
1649998800,133.944,134.394,133.87,134.235
1650013200,134.235,134.324,134.159,134.267
1650027600,134.267,134.324,133.91,134.027
1650042000,134.027,134.142,133.923,134.115
1650229200,134.115,134.467,133.897,134.205
1650243600,134.205,134.257,133.976,134.099
1650258000,134.099,134.253,133.973,134.041
1650272400,134.041,134.388,134.039,134.111
1650286800,134.111,134.409,134.008,134.406
1650301200,134.406,134.517,134.341,134.516
1650315600,134.516,134.645,134.39,134.645
1650330000,134.645,135.514,134.594,135.475
1650344400,135.475,135.887,135.296,135.619
1650358800,135.619,136.057,135.192,135.989
1650373200,135.989,136.189,135.455,135.627
1650387600,135.627,135.683,135.272,135.469
1650402000,135.469,135.872,135.379,135.705
1650416400,135.705,135.752,134.68,135.202
1650430800,135.202,135.567,135.063,135.441
1650445200,135.441,135.492,134.652,135.087
1650459600,135.087,135.112,134.719,134.775
1650474000,134.775,134.846,134.58,134.836
1650488400,134.836,135.252,134.62,134.938
1650502800,134.938,135.226,134.916,135.025
1650517200,135.025,135.367,134.851,135.032
1650531600,135.032,135.203,134.883,135.02
1650546000,135.02,135.267,134.688,134.793
1650560400,134.793,134.8,134.448,134.688
1650574800,134.688,134.773,134.542,134.754
1650589200,134.754,134.889,134.361,134.446
1650603600,134.446,134.447,133.926,134.228
1650618000,134.228,134.559,134.188,134.442
1650632400,134.442,134.623,133.933,134.533
1650646800,134.533,134.555,134.2,134.25
1650834000,134.25,134.682,134.188,134.615
1650848400,134.615,134.689,133.963,134.15
1650862800,134.15,134.209,133.556,133.64
1650877200,133.64,134.304,133.532,134.154
1650891600,134.154,134.233,133.075,133.173
1650906000,133.173,133.64,133.146,133.64
1650920400,133.64,133.699,133.026,133.261
1650934800,133.261,133.683,133.063,133.64
1650949200,133.64,133.675,133.091,133.241
1650963600,133.241,133.427,132.874,132.907
1650978000,132.907,133.011,132.43,132.7
1650992400,132.7,132.702,132.151,132.202
1651006800,132.202,132.543,131.952,132.503
1651021200,132.503,132.731,132.425,132.611
1651035600,132.611,132.839,132.356,132.535
1651050000,132.535,132.841,132.02,132.193
1651064400,132.193,132.639,132.056,132.503
1651078800,132.503,132.621,132.416,132.55
1651093200,132.55,132.902,132.454,132.886
1651107600,132.886,133.858,132.731,133.76
1651122000,133.76,135.046,133.616,134.794
1651136400,134.794,134.94,133.86,134.087
1651150800,134.087,134.972,134.085,134.951
1651165200,134.951,135.054,134.599,134.62
1651179600,134.62,134.718,134.45,134.481
1651194000,134.481,134.648,134.381,134.455
1651208400,134.455,134.613,133.936,134.339
1651222800,134.339,134.694,133.719,133.793
1651237200,133.793,134.338,133.283,133.394
1651251600,133.394,133.533,133.251,133.459
1651438800,133.459,133.885,133.275,133.464
1651453200,133.464,133.837,133.395,133.784
1651467600,133.784,134.069,133.629,133.894
1651482000,133.894,133.956,133.219,133.341
1651496400,133.341,133.369,133.136,133.137
1651510800,133.137,133.221,132.96,133.076
1651525200,133.076,133.346,132.985,133.029
1651539600,133.029,133.134,132.931,132.939
1651554000,132.939,133.24,132.89,132.959
1651568400,132.959,133.635,132.868,133.438
1651582800,133.438,133.455,132.754,132.967
1651597200,132.967,133.078,132.877,133.078
1651611600,133.078,133.24,132.897,132.962
1651626000,132.962,132.97,132.803,132.858
1651640400,132.858,133.058,132.638,132.639
1651654800,132.639,132.763,132.385,132.527
1651669200,132.527,132.531,132.184,132.232
1651683600,132.232,132.989,132.022,132.786
1651698000,132.786,133.002,132.552,132.639
1651712400,132.639,132.875,132.433,132.83
1651726800,132.83,132.969,132.43,132.582
1651741200,132.582,132.899,132.155,132.205
1651755600,132.205,132.487,131.982,132.06
1651770000,132.06,132.223,131.858,132.176
1651784400,132.176,132.394,132.148,132.394
1651798800,132.394,132.504,132.21,132.363
1651813200,132.363,132.722,132.179,132.488
1651827600,132.488,132.697,132.205,132.4
1651842000,132.4,132.54,131.833,132.215
1651856400,132.215,132.276,132.031,132.041
1652043600,132.041,132.624,132.041,132.084
1652058000,132.084,132.217,131.945,132.031
1652072400,132.031,132.184,131.772,132.032
1652086800,132.032,132.373,131.893,132.025
1652101200,132.025,132.063,130.832,131.323
1652115600,131.323,131.332,131.077,131.078
1652130000,131.078,131.426,130.84,130.987
1652144400,130.987,131.592,130.807,131.558
1652158800,131.558,131.636,130.862,130.96
1652173200,130.96,131.28,130.439,131.128
1652187600,131.128,131.275,130.814,130.88
1652202000,130.88,131.068,130.782,130.961
1652216400,130.961,131.022,130.818,130.905
1652230800,130.905,131.094,130.878,131.041
1652245200,131.041,131.496,130.883,131.357
1652259600,131.357,131.424,131.001,131.332
1652274000,131.332,131.816,130.998,131.005
1652288400,131.005,131.005,130.396,130.696
1652302800,130.696,130.833,130.195,130.502
1652317200,130.502,130.681,130.308,130.323
1652331600,130.323,130.343,128.974,129
1652346000,129,129.404,128.467,128.536
1652360400,128.536,128.71,127.566,127.936
1652374800,127.936,127.966,127.509,127.954
1652389200,127.954,128.533,127.862,128.457
1652403600,128.457,128.931,128.407,128.619
1652418000,128.619,128.928,128.161,128.784
1652432400,128.784,129.142,128.608,128.832
1652446800,128.832,129.227,128.531,129.103
1652461200,129.103,129.192,128.886,128.962
1652648400,128.962,129.258,128.962,129.156
1652662800,129.156,129.28,128.33,128.622
1652677200,128.622,128.956,128.468,128.788
1652691600,128.788,128.973,128.502,128.723
1652706000,128.723,128.808,128.26,128.726
1652720400,128.726,129.031,128.717,128.906
1652734800,128.906,129.094,128.62,128.99
1652749200,128.99,129.177,128.861,129.161
1652763600,129.161,130.033,129.07,129.846
1652778000,129.846,130.613,129.678,130.588
1652792400,130.588,130.602,130.054,130.201
1652806800,130.201,130.286,129.94,130.223
1652821200,130.223,130.38,130.149,130.178
1652835600,130.178,130.197,129.669,129.811
1652850000,129.811,129.999,129.387,129.564
1652864400,129.564,129.721,129.245,129.27
1652878800,129.27,130.098,129.037,129.986
1652893200,129.986,130.121,129.613,129.774
1652907600,129.774,130.271,129.495,130.071
1652922000,130.071,130.827,130.032,130.678
1652936400,130.678,131.043,130.229,130.958
1652950800,130.958,131.229,130.51,130.601
1652965200,130.601,131.395,130.505,131.366
1652979600,131.366,131.645,131.276,131.487
1652994000,131.487,131.604,131.227,131.325
1653008400,131.325,131.769,131.27,131.594
1653022800,131.594,131.825,131.25,131.676
1653037200,131.676,132.036,131.234,131.259
1653051600,131.259,131.629,130.964,131.026
1653066000,131.026,131.295,130.872,131.201
1653253200,131.201,131.443,131.063,131.174
1653267600,131.174,131.263,130.9,131.109
1653282000,131.109,131.656,131.079,131.645
1653296400,131.645,132.608,131.599,132.44
1653310800,132.44,132.499,132.013,132.296
1653325200,132.296,132.481,132.16,132.39
1653339600,132.39,132.467,132.069,132.203
1653354000,132.203,132.491,132.013,132.052
1653368400,132.052,132.479,131.964,132.315
1653382800,132.315,132.349,131.848,132.022
1653397200,132.022,132.139,131.688,131.765
1653411600,131.765,132.138,131.708,132.121
1653426000,132.121,132.188,131.887,132.01
1653440400,132.01,132.137,131.809,131.913
1653454800,131.913,132.266,131.808,131.962
1653469200,131.962,132.201,131.683,132.065
1653483600,132.065,132.365,132.017,132.237
1653498000,132.237,132.461,132.184,132.371
1653512400,132.371,132.625,132.208,132.568
1653526800,132.568,132.68,132.293,132.334
1653541200,132.334,132.411,131.813,132.006
1653555600,132.006,132.458,131.932,132.345
1653570000,132.345,132.728,132.285,132.573
1653584400,132.573,132.656,132.432,132.558
1653598800,132.558,132.675,132.363,132.519
1653613200,132.519,132.681,132.335,132.415
1653627600,132.415,132.663,132.294,132.513
1653642000,132.513,132.883,132.305,132.606
1653656400,132.606,132.969,132.577,132.742
1653670800,132.742,132.815,132.604,132.808
1653858000,132.808,132.916,132.571,132.642
1653872400,132.642,132.865,132.59,132.794
1653886800,132.794,133.098,132.751,133.059
1653901200,133.059,133.106,132.695,133.039
1653915600,133.039,133.322,133.013,133.204
1653930000,133.204,133.303,133.148,133.279
1653944400,133.279,133.59,133.148,133.383
1653958800,133.383,133.544,133.305,133.337
1653973200,133.337,133.363,132.796,133.132
1653987600,133.132,133.848,133.089,133.839
1654002000,133.839,134.438,133.817,134.129
1654016400,134.129,134.393,134.036,134.036
1654030800,134.036,134.358,134.036,134.28
1654045200,134.28,134.486,134.204,134.412
1654059600,134.412,134.978,134.328,134.675
1654074000,134.675,134.767,134.401,134.664
1654088400,134.664,135.121,134.513,135.054
1654102800,135.054,135.255,135.02,135.142
1654117200,135.142,135.255,134.95,135.063
1654131600,135.063,135.154,134.926,135.069
1654146000,135.069,135.615,134.915,135.192
1654160400,135.192,135.277,134.967,135.183
1654174800,135.183,135.392,135.048,135.359
1654189200,135.359,135.635,135.359,135.498
1654203600,135.498,135.727,135.465,135.568
1654218000,135.568,135.633,135.461,135.541
1654232400,135.541,135.898,135.515,135.631
1654246800,135.631,135.722,135.373,135.556
1654261200,135.556,135.929,135.539,135.921
1654275600,135.921,135.984,135.84,135.928
1654462800,135.928,136.093,135.773,135.88
1654477200,135.88,135.889,135.635,135.878
1654491600,135.878,136.168,135.655,136.091
1654506000,136.091,136.125,135.733,135.812
1654520400,135.812,136.044,135.698,135.796
1654534800,135.796,135.933,135.722,135.847
1654549200,135.847,136.2,135.841,136.075
1654563600,136.075,136.806,136.07,136.787
1654578000,136.787,136.806,136.031,136.032
1654592400,136.032,136.095,135.803,135.985
1654606800,135.985,136.331,135.909,136.224
1654621200,136.224,136.413,136.107,136.308
1654635600,136.308,136.647,136.223,136.6
1654650000,136.6,136.678,136.421,136.634
1654664400,136.634,136.959,136.51,136.73
1654678800,136.73,137.5,136.591,137.407
1654693200,137.407,137.798,137.239,137.389
1654707600,137.389,137.396,137.151,137.324
1654722000,137.324,137.451,137.017,137.166
1654736400,137.166,137.352,136.982,137.217
1654750800,137.217,137.217,136.214,136.551
1654765200,136.551,137.233,136.281,137.193
1654779600,137.193,137.628,136.974,137.163
1654794000,137.163,137.164,136.924,136.985
1654808400,136.985,137.15,136.747,136.823
1654822800,136.823,137.035,136.754,137.009
1654837200,137.009,137.022,136.474,136.724
1654851600,136.724,136.772,135.74,135.83
1654866000,135.83,136.003,135.47,135.837
1654880400,135.837,136.153,135.793,136.02
1655067600,136.02,136.388,135.938,136.378
1655082000,136.378,136.628,136.191,136.526
1655096400,136.526,136.622,135.399,135.492
1655110800,135.492,135.623,135.089,135.159
1655125200,135.159,135.192,134.18,134.751
1655139600,134.751,134.863,134.529,134.704
1655154000,134.704,134.825,134.417,134.728
1655168400,134.728,135.39,134.51,135.145
1655182800,135.145,135.921,135.096,135.685
1655197200,135.685,135.743,134.963,135.246
1655211600,135.246,135.442,134.554,134.628
1655226000,134.628,135.337,134.584,135.265
1655240400,135.265,135.414,134.914,135.065
1655254800,135.065,135.419,134.96,134.96
1655269200,134.96,135.04,134.61,134.911
1655283600,134.911,135.009,134.52,134.63
1655298000,134.63,134.666,134.056,134.087
1655312400,134.087,134.647,134.055,134.597
1655326800,134.597,135.013,134.483,134.897
1655341200,134.897,135.078,134.822,134.985
1655355600,134.985,137.216,134.642,135.956
1655370000,135.956,136.406,135.027,136.212
1655384400,136.212,137.003,136.051,136.526
1655398800,136.526,137.092,136.438,136.762
1655413200,136.762,137.617,136.711,137.57
1655427600,137.57,138.715,136.696,138.125
1655442000,138.125,139.578,138.078,139.323
1655456400,139.323,139.991,139.244,139.716
1655470800,139.716,139.873,138.919,139.106
1655485200,139.106,139.222,138.972,139.034
1655672400,139.034,139.632,139.033,139.43
1655686800,139.43,139.653,139.213,139.567
1655701200,139.567,139.855,139.188,139.592
1655715600,139.592,140.173,139.581,139.72
1655730000,139.72,139.852,139.494,139.629
1655744400,139.629,139.646,139.43,139.626
1655758800,139.626,139.882,139.366,139.829
1655773200,139.829,139.844,139.537,139.738
1655787600,139.738,140.312,139.558,140.238
1655802000,140.238,140.87,140.072,140.732
1655816400,140.732,141.343,140.71,141.19
1655830800,141.19,141.506,141.159,141.359
1655845200,141.359,141.553,140.909,140.974
1655859600,140.974,140.98,140.633,140.771
1655874000,140.771,141.173,140.668,140.801
1655888400,140.801,141.128,140.673,140.98
1655902800,140.98,141.73,140.97,141.581
1655917200,141.581,141.89,141.563,141.774
1655931600,141.774,141.864,141.308,141.667
1655946000,141.667,141.702,140.71,140.868
1655960400,140.868,141.427,139.861,139.953
1655974800,139.953,140.591,139.92,140.08
1655989200,140.08,140.729,139.945,140.299
1656003600,140.299,140.556,140.248,140.478
1656018000,140.478,140.707,140.118,140.497
1656032400,140.497,140.525,140.062,140.358
1656046800,140.358,140.783,139.874,140.576
1656061200,140.576,141.525,140.515,141.381
1656075600,141.381,141.693,140.96,141.046
1656090000,141.046,141.203,140.912,141.009
1656277200,141.009,141.337,140.515,140.604
1656291600,140.604,140.949,140.522,140.758
1656306000,140.758,141.302,140.729,140.878
1656320400,140.878,141.32,140.843,141.027
1656334800,141.027,141.735,140.942,141.735
1656349200,141.735,141.765,141.584,141.683
1656363600,141.683,141.836,141.501,141.687
1656378000,141.687,141.765,141.341,141.515
1656392400,141.515,142.307,141.481,142.207
1656406800,142.207,142.764,142.086,142.251
1656421200,142.251,142.484,142.039,142.379
1656435600,142.379,142.496,142.181,142.251
1656450000,142.251,142.332,142.08,142.132
1656464400,142.132,142.517,142.05,142.163
1656478800,142.163,142.625,141.884,142.536
1656493200,142.536,143.7,142.522,143.373
1656507600,143.373,143.76,142.929,143.039
1656522000,143.039,143.127,142.918,143.011
1656536400,143.011,143.206,142.887,143.099
1656550800,143.099,143.27,143.037,143.061
1656565200,143.061,143.082,142.186,142.537
1656579600,142.537,142.615,141.956,142.111
1656594000,142.111,142.362,141.836,142.253
1656608400,142.253,142.296,142.002,142.108
1656622800,142.108,142.324,142.05,142.281
1656637200,142.281,142.281,141.056,141.198
1656651600,141.198,141.624,140.842,141.432
1656666000,141.432,141.644,140.433,140.528
1656680400,140.528,140.951,140.079,140.633
1656694800,140.633,141.014,140.608,140.916
1656882000,140.916,141.056,140.634,140.771
1656896400,140.771,140.926,140.634,140.853
1656910800,140.853,141.6,140.82,140.984
1656925200,140.984,141.287,140.895,140.94
1656939600,140.94,141.337,140.903,141.187
1656954000,141.187,141.25,141.097,141.164
1656968400,141.164,141.669,140.955,141.593
1656982800,141.593,141.915,141.496,141.861
1656997200,141.861,142.026,140.806,140.861
1657011600,140.861,141.058,140.417,140.603
1657026000,140.603,140.636,139.959,140.003
1657040400,140.003,140.371,139.943,140.241
1657054800,140.241,140.301,139.868,140.12
1657069200,140.12,140.129,139.598,139.749
1657083600,139.749,140.099,139.384,139.516
1657098000,139.516,139.763,138.876,139.135
1657112400,139.135,139.917,139.053,139.751
1657126800,139.751,140.041,139.695,140.017
1657141200,140.017,140.279,139.943,139.95
1657155600,139.95,140.169,139.805,140.057
1657170000,140.057,140.38,139.868,140.13
1657184400,140.13,140.249,139.407,139.525
1657198800,139.525,139.842,139.451,139.669
1657213200,139.669,139.713,139.546,139.712
1657227600,139.712,139.908,139.551,139.753
1657242000,139.753,139.859,139.066,139.114
1657256400,139.114,139.422,138.68,138.918
1657270800,138.918,139.623,138.838,139.514
1657285200,139.514,139.682,139.074,139.205
1657299600,139.205,139.421,139.081,139.332
1657486800,139.332,139.505,139.205,139.403
1657501200,139.403,140.149,139.378,140.031
1657515600,140.031,140.115,139.623,139.856
1657530000,139.856,140.243,139.544,140.19
1657544400,140.19,140.37,139.781,140.195
1657558800,140.195,140.335,139.709,139.785
1657573200,139.785,139.939,139.633,139.725
1657587600,139.725,139.783,139.352,139.585
1657602000,139.585,139.752,139.335,139.342
1657616400,139.342,139.364,138.781,139.043
1657630800,139.043,139.357,138.942,139.277
1657645200,139.277,139.435,139.237,139.305
1657659600,139.305,139.498,139.129,139.392
1657674000,139.392,139.731,139.391,139.555
1657688400,139.555,140.269,139.425,140.135
1657702800,140.135,140.697,139.992,140.311
1657717200,140.311,140.535,139.931,140.397
1657731600,140.397,140.415,140.142,140.391
1657746000,140.391,140.594,140.213,140.538
1657760400,140.538,140.835,140.383,140.757
1657774800,140.757,141.481,140.751,141.275
1657789200,141.275,141.508,140.903,141.25
1657803600,141.25,141.476,140.849,141.033
1657818000,141.033,141.331,140.969,141.289
1657832400,141.289,141.496,141.116,141.335
1657846800,141.335,141.673,141.286,141.491
1657861200,141.491,141.67,141.011,141.609
1657875600,141.609,141.92,141.54,141.777
1657890000,141.777,141.899,141.328,141.7
1657904400,141.7,141.952,141.59,141.828
1658091600,141.828,141.917,141.695,141.712
1658106000,141.712,142.015,141.681,141.718
1658120400,141.718,141.823,141.459,141.722
1658134800,141.722,142.038,141.336,141.475
1658149200,141.475,141.897,141.421,141.421
1658163600,141.421,141.479,141.223,141.33
1658178000,141.33,141.528,141.176,141.306
1658192400,141.306,141.404,141.074,141.288
1658206800,141.288,142.056,141.236,141.975
1658221200,141.975,142.279,141.809,142.219
1658235600,142.219,142.586,142.169,142.556
1658250000,142.556,142.711,142.539,142.679
1658264400,142.679,142.859,142.515,142.686
1658278800,142.686,142.749,142.398,142.471
1658293200,142.471,142.83,142.36,142.587
1658307600,142.587,142.7,142.233,142.342
1658322000,142.342,142.561,141.971,142.082
1658336400,142.082,142.387,141.998,142.234
1658350800,142.234,142.639,142.175,142.507
1658365200,142.507,142.707,142.253,142.484
1658379600,142.484,142.607,142.193,142.591
1658394000,142.591,143.105,142.46,143.092
1658408400,143.092,143.12,142.082,142.258
1658422800,142.258,142.292,142.016,142.127
1658437200,142.127,142.281,141.808,142.021
1658451600,142.021,142.32,141.912,142.293
1658466000,142.293,142.44,141.874,142.187
1658480400,142.187,142.299,141.487,141.663
1658494800,141.663,141.775,141.212,141.573
1658509200,141.573,141.613,141.266,141.462
1658696400,141.462,141.707,141.31,141.582
1658710800,141.582,141.677,141.243,141.451
1658725200,141.451,141.615,141.202,141.576
1658739600,141.576,141.799,141.493,141.668
1658754000,141.668,141.755,141.423,141.633
1658768400,141.633,141.772,141.619,141.741
1658782800,141.741,142.141,141.352,141.581
1658797200,141.581,141.687,141.504,141.597
1658811600,141.597,141.794,141.515,141.628
1658826000,141.628,141.855,141.318,141.622
1658840400,141.622,141.998,141.396,141.947
1658854800,141.947,142.219,141.854,142.195
1658869200,142.195,142.49,142.141,142.451
1658883600,142.451,142.505,142.318,142.466
1658898000,142.466,142.477,142.191,142.31
1658912400,142.31,142.395,142.017,142.342
1658926800,142.342,142.574,142.159,142.253
1658941200,142.253,142.511,142.043,142.251
1658955600,142.251,142.38,141.898,141.92
1658970000,141.92,141.922,141.053,141.243
1658984400,141.243,141.517,141.056,141.319
1658998800,141.319,141.417,140.618,140.702
1659013200,140.702,140.807,140.427,140.604
1659027600,140.604,140.719,140.503,140.595
1659042000,140.595,141.064,140.299,140.957
1659056400,140.957,141.009,139.708,140.029
1659070800,140.029,140.037,139.339,139.602
1659085200,139.602,140.375,139.59,140.087
1659099600,140.087,140.46,139.938,139.99
1659114000,139.99,140.135,139.838,140.036
1659301200,140.036,140.137,139.528,139.639
1659315600,139.639,139.71,138.943,139.412
1659330000,139.412,139.485,139.008,139.365
1659344400,139.365,139.481,139.032,139.058
1659358800,139.058,139.242,138.673,138.774
1659373200,138.774,138.804,138.512,138.604
1659387600,138.604,138.776,137.819,138.063
1659402000,138.063,138.071,137.545,137.642
1659416400,137.642,137.801,137.202,137.529
1659430800,137.529,137.711,137.165,137.301
1659445200,137.301,138.745,137.264,138.64
1659459600,138.64,139.17,138.609,139.167
1659474000,139.167,139.657,138.869,139.589
1659488400,139.589,139.68,138.62,138.984
1659502800,138.984,139.475,138.768,138.863
1659517200,138.863,139.364,138.69,139.196
1659531600,139.196,139.522,138.921,139.325
1659546000,139.325,139.471,139.239,139.239
1659560400,139.239,139.528,138.936,139.111
1659574800,139.111,139.348,138.922,139.12
1659589200,139.12,139.811,139.112,139.765
1659603600,139.765,140,138.945,139.248
1659618000,139.248,139.388,138.844,139.265
1659632400,139.265,139.404,139.039,139.128
1659646800,139.128,139.376,138.909,139.16
1659661200,139.16,139.455,139.113,139.392
1659675600,139.392,139.481,139.09,139.248
1659690000,139.248,140.16,139.183,139.969
1659704400,139.969,140.686,139.907,140.442
1659718800,140.442,140.499,140.29,140.328
1659906000,140.328,140.716,140.289,140.587
1659920400,140.587,140.832,140.379,140.715
1659934800,140.715,141.063,140.659,141.017
1659949200,141.017,141.026,140.656,140.84
1659963600,140.84,141.332,140.722,140.931
1659978000,140.931,141.394,140.915,141.28
1659992400,141.28,141.361,141.066,141.177
1660006800,141.177,141.37,140.992,141.255
1660021200,141.255,141.736,141.243,141.727
1660035600,141.727,141.796,141.421,141.758
1660050000,141.758,141.901,141.576,141.618
1660064400,141.618,141.742,141.509,141.654
1660078800,141.654,141.839,141.626,141.726
1660093200,141.726,141.774,141.486,141.571
1660107600,141.571,141.929,141.496,141.852
1660122000,141.852,142.456,140.904,141.227
1660136400,141.227,141.346,140.469,140.941
1660150800,140.941,141.205,140.735,140.994
1660165200,140.994,141.206,140.739,140.844
1660179600,140.844,141.211,140.837,141.007
1660194000,141.007,141.144,140.824,141.102
1660208400,141.102,141.102,140.403,140.592
1660222800,140.592,141.375,140.563,141.328
1660237200,141.328,141.38,141.123,141.313
1660251600,141.313,141.602,141.197,141.513
1660266000,141.513,141.645,141.392,141.502
1660280400,141.502,141.635,141.361,141.618
1660294800,141.618,142.145,141.462,141.969
1660309200,141.969,142.008,141.475,141.825
1660323600,141.825,141.852,141.635,141.788
1660510800,141.788,141.896,141.237,141.354
1660525200,141.354,141.537,141.287,141.344
1660539600,141.344,141.565,140.981,141.024
1660554000,141.024,141.284,140.537,140.58
1660568400,140.58,140.998,140.567,140.848
1660582800,140.848,141.007,140.726,140.953
1660597200,140.953,141.151,140.497,140.728
1660611600,140.728,141.082,140.727,140.979
1660626000,140.979,141.236,140.807,141.189
1660640400,141.189,141.654,141.016,141.633
1660654800,141.633,141.829,141.24,141.387
1660669200,141.387,141.438,141.224,141.334
1660683600,141.334,141.552,141.244,141.307
1660698000,141.307,141.403,141.162,141.353
1660712400,141.353,141.93,141.261,141.766
1660726800,141.766,142.014,141.613,141.883
1660741200,141.883,142.33,141.664,142.042
1660755600,142.042,142.159,141.806,141.866
1660770000,141.866,142.043,141.805,141.878
1660784400,141.878,142.014,141.773,141.883
1660798800,141.883,142.007,141.731,141.797
1660813200,141.797,142.003,141.529,141.847
1660827600,141.847,141.938,141.484,141.791
1660842000,141.791,142.182,141.791,142.071
1660856400,142.071,142.366,141.895,142.295
1660870800,142.295,142.353,142.055,142.104
1660885200,142.104,142.866,142.029,142.586
1660899600,142.586,143.316,142.48,143.098
1660914000,143.098,143.177,142.653,142.674
1660928400,142.674,142.804,142.605,142.719
1661115600,142.719,143.04,142.702,143.012
1661130000,143.012,143.263,142.974,143.113
1661144400,143.113,143.139,142.431,142.765
1661158800,142.765,143.197,142.438,143.149
1661173200,143.149,143.153,142.385,142.535
1661187600,142.535,142.612,142.424,142.588
1661202000,142.588,142.762,142.353,142.358
1661216400,142.358,142.517,142.231,142.361
1661230800,142.361,142.405,141.953,141.978
1661245200,141.978,142.27,141.876,141.906
1661259600,141.906,142.207,141.396,141.672
1661274000,141.672,141.936,141.65,141.888
1661288400,141.888,141.953,141.727,141.794
1661302800,141.794,141.88,141.334,141.48
1661317200,141.48,141.885,141.396,141.83
1661331600,141.83,141.977,141.624,141.632
1661346000,141.632,141.862,141.515,141.769
1661360400,141.769,141.918,141.732,141.887
1661374800,141.887,141.926,141.634,141.769
1661389200,141.769,141.912,141.539,141.887
1661403600,141.887,142.041,141.743,141.83
1661418000,141.83,141.878,141.445,141.714
1661432400,141.714,141.981,141.64,141.657
1661446800,141.657,141.736,141.611,141.691
1661461200,141.691,141.805,141.602,141.757
1661475600,141.757,141.919,141.689,141.884
1661490000,141.884,142.171,141.844,141.916
1661504400,141.916,142.219,141.818,142.077
1661518800,142.077,142.71,142.068,142.289
1661533200,142.289,142.56,142.111,142.513
1661720400,142.513,142.829,142.412,142.827
1661734800,142.827,143.212,142.765,143.18
1661749200,143.18,143.358,142.974,143.104
1661763600,143.104,143.43,142.949,143.176
1661778000,143.176,143.298,142.984,143.294
1661792400,143.294,143.41,143.21,143.33
1661806800,143.33,143.407,143.15,143.224
1661821200,143.224,143.27,143.035,143.135
1661835600,143.135,143.265,142.418,142.57
1661850000,142.57,142.671,142.252,142.451
1661864400,142.451,142.657,142.229,142.402
1661878800,142.402,142.567,142.334,142.479
1661893200,142.479,142.554,142.27,142.426
1661907600,142.426,142.474,142.208,142.289
1661922000,142.289,142.366,141.79,141.836
1661936400,141.836,141.952,141.431,141.616
1661950800,141.616,142.364,141.582,142.243
1661965200,142.243,142.337,141.962,142.155
1661979600,142.155,142.392,141.993,142.286
1661994000,142.286,142.46,142.194,142.347
1662008400,142.347,142.872,142.173,142.648
1662022800,142.648,142.71,142.123,142.336
1662037200,142.336,142.642,142.082,142.472
1662051600,142.472,142.858,142.436,142.801
1662066000,142.801,142.877,142.61,142.799
1662080400,142.799,143.096,142.676,143.073
1662094800,143.073,143.256,143.007,143.195
1662109200,143.195,143.27,142.474,142.865
1662123600,142.865,143.185,142.485,142.805
1662138000,142.805,142.969,142.714,142.911
1662325200,142.911,143.014,142.616,142.844
1662339600,142.844,142.894,142.663,142.856
1662354000,142.856,143.087,142.705,142.904
1662368400,142.904,143.316,142.818,143.262
1662382800,143.262,143.445,143.132,143.354
1662397200,143.354,143.508,143.306,143.478
1662411600,143.478,143.663,143.402,143.639
1662426000,143.639,143.885,143.621,143.861
1662440400,143.861,144.842,143.814,144.526
1662454800,144.526,144.901,144.395,144.796
1662469200,144.796,145.352,144.77,145.153
1662483600,145.153,145.172,144.976,145.125
1662498000,145.125,145.777,145.029,145.253
1662512400,145.253,146.328,145.175,146.149
1662526800,146.149,146.666,146.044,146.573
1662541200,146.573,147.159,146.445,146.997
1662555600,146.997,147.356,146.954,147.321
1662570000,147.321,147.379,147.116,147.15
1662584400,147.15,147.797,146.983,147.582
1662598800,147.582,147.582,147.089,147.336
1662613200,147.336,147.703,146.941,147.659
1662627600,147.659,148.236,147.429,148.186
1662642000,148.186,148.468,147.85,148.255
1662656400,148.255,148.515,148.191,148.464
1662670800,148.464,148.717,148.355,148.68
1662685200,148.68,148.829,147.772,148.091
1662699600,148.091,148.52,147.94,148.348
1662714000,148.348,148.673,147.517,148.269
1662728400,148.269,148.513,148.091,148.5
1662742800,148.5,148.568,148.374,148.464
1662930000,148.464,148.88,148.118,148.827
1662944400,148.827,149.15,148.526,149.128
1662958800,149.128,149.765,149.064,149.494
1662973200,149.494,149.659,149.152,149.5
1662987600,149.5,149.825,149.404,149.481
1663002000,149.481,149.797,149.481,149.795
1663016400,149.795,150.003,149.508,149.609
1663030800,149.609,149.813,149.504,149.738
1663045200,149.738,149.861,149.448,149.585
1663059600,149.585,150.502,148.887,150.352
1663074000,150.352,150.4,149.642,150.383
1663088400,150.383,150.462,150.217,150.414
1663102800,150.414,150.721,150.03,150.322
1663117200,150.322,150.665,149.636,149.711
1663131600,149.711,149.768,148.952,149.22
1663146000,149.22,149.454,148.666,148.853
1663160400,148.853,148.863,148.348,148.682
1663174800,148.682,148.807,148.568,148.737
1663189200,148.737,148.852,148.465,148.726
1663203600,148.726,149.02,148.525,148.962
1663218000,148.962,149.315,148.924,149.315
1663232400,149.315,150.149,149.262,149.802
1663246800,149.802,149.995,149.248,149.425
1663261200,149.425,149.526,149.199,149.243
1663275600,149.243,149.348,148.729,148.855
1663290000,148.855,149.199,148.797,148.986
1663304400,148.986,149.094,148.606,148.658
1663318800,148.658,149.012,148.584,148.749
1663333200,148.749,148.8,148.046,148.185
1663347600,148.185,148.365,148.078,148.154
1663534800,148.154,148.449,148.079,148.221
1663549200,148.221,148.349,148.137,148.234
1663563600,148.234,148.392,147.938,148.374
1663578000,148.374,148.695,148.312,148.404
1663592400,148.404,148.614,148.246,148.387
1663606800,148.387,148.563,148.336,148.497
1663621200,148.497,148.651,148.391,148.476
1663635600,148.476,148.544,148.202,148.418
1663650000,148.418,149.072,148.286,148.701
1663664400,148.701,148.861,148.367,148.565
1663678800,148.565,149.249,148.485,149.01
1663693200,149.01,149.124,148.941,149.099
1663707600,149.099,149.203,148.869,149.118
1663722000,149.118,149.327,149.031,149.294
1663736400,149.294,149.321,148.434,149.081
1663750800,149.081,149.694,149.026,149.441
1663765200,149.441,149.614,149.176,149.458
1663779600,149.458,149.511,148.87,149.021
1663794000,149.021,149.494,148.85,149.081
1663808400,149.081,150.45,148.866,149.973
1663822800,149.973,151.489,144.355,145.861
1663837200,145.861,146.896,143.533,144.063
1663851600,144.063,145.42,143.993,145.31
1663866000,145.31,145.834,145.14,145.753
1663880400,145.753,146.02,145.49,145.525
1663894800,145.525,145.538,145.088,145.445
1663909200,145.445,145.581,145.125,145.548
1663923600,145.548,146.01,145.007,145.955
1663938000,145.955,146.603,145.796,146.026
1663952400,146.026,146.162,145.71,145.929
1664139600,145.929,146.427,145.848,146.054
1664154000,146.054,146.536,145.992,146.381
1664168400,146.381,146.601,145.667,146.001
1664182800,146.001,146.048,145.307,145.786
1664197200,145.786,146.308,145.171,145.302
1664211600,145.302,145.751,145.234,145.633
1664226000,145.633,145.795,145.397,145.758
1664240400,145.758,145.785,145.556,145.758
1664254800,145.758,146.325,145.627,146.325
1664269200,146.325,146.581,145.823,146.294
1664283600,146.294,146.553,146.02,146.202
1664298000,146.202,146.219,145.948,146.099
1664312400,146.099,146.31,145.659,145.686
1664326800,145.686,145.697,145.308,145.396
1664341200,145.396,146.094,145.305,145.66
1664355600,145.66,146.888,145.595,146.612
1664370000,146.612,147.855,146.344,147.652
1664384400,147.652,147.75,147.44,147.704
1664398800,147.704,147.826,147.506,147.511
1664413200,147.511,147.694,147.324,147.551
1664427600,147.551,147.714,146.799,147.279
1664442000,147.279,147.837,147.02,147.027
1664456400,147.027,147.681,146.873,147.381
1664470800,147.381,148.094,147.32,148.082
1664485200,148.082,148.569,147.963,148.44
1664499600,148.44,148.501,148.019,148.082
1664514000,148.082,148.281,147.531,147.739
1664528400,147.739,147.917,147.298,147.546
1664542800,147.546,147.76,146.679,147.106
1664557200,147.106,147.106,146.59,146.657
1664744400,146.644,147.031,146.596,146.857
1664758800,146.857,147.387,146.812,146.909
1664773200,146.909,147.242,146.59,146.789
1664787600,146.789,146.82,146.356,146.506
1664802000,146.506,146.688,145.231,145.712
1664816400,145.712,145.82,145.395,145.653
1664830800,145.653,145.856,145.497,145.755
1664845200,145.755,146.213,145.693,146.07
1664859600,146.07,146.685,145.916,146.534
1664874000,146.534,146.834,146.317,146.733
1664888400,146.733,147.445,146.673,147.157
1664902800,147.157,147.213,146.967,147.164
1664917200,147.164,147.278,146.674,146.83
1664931600,146.83,147.243,146.824,147.03
1664946000,147.03,147.183,146.822,147.103
1664960400,147.103,147.261,146.613,146.999
1664974800,146.999,147.249,146.445,147.029
1664989200,147.029,147.211,146.917,147.026
1665003600,147.026,147.437,146.992,147.411
1665018000,147.411,147.477,147.278,147.375
1665032400,147.375,147.816,147.243,147.262
1665046800,147.262,147.404,146.854,146.856
1665061200,146.856,146.872,146.217,146.425
1665075600,146.425,146.576,146.351,146.505
1665090000,146.505,146.967,146.308,146.381
1665104400,146.381,146.533,146.351,146.495
1665118800,146.495,146.625,146.219,146.227
1665133200,146.227,146.452,145.682,146.039
1665147600,146.039,146.494,145.868,146.263
1665162000,146.263,146.323,146.053,146.234
1665349200,146.234,146.484,146.115,146.361
1665363600,146.361,146.403,146.257,146.306
1665378000,146.306,146.325,145.601,145.892
1665392400,145.892,145.926,145.588,145.813
1665406800,145.813,145.882,145.575,145.707
1665421200,145.707,145.83,145.637,145.747
1665435600,145.747,145.944,145.667,145.858
1665450000,145.858,145.918,145.445,145.505
1665464400,145.505,145.808,145.46,145.698
1665478800,145.698,146.349,145.694,146.063
1665493200,146.063,146.743,145.853,146.722
1665507600,146.722,146.808,146.188,146.243
1665522000,146.243,146.583,146.057,146.513
1665536400,146.513,146.772,146.421,146.722
1665550800,146.722,147.168,146.639,146.92
1665565200,146.92,147.51,146.883,147.441
1665579600,147.441,147.465,146.803,147.148
1665594000,147.148,147.343,147.082,147.209
1665608400,147.209,147.363,147.029,147.257
1665622800,147.257,147.301,147.039,147.185
1665637200,147.185,147.234,146.767,147.029
1665651600,147.029,147.251,146.205,146.625
1665666000,146.625,147.412,145.758,147.219
1665680400,147.219,147.415,147.009,147.087
1665694800,147.087,147.389,146.984,147.128
1665709200,147.128,147.593,147.074,147.543
1665723600,147.543,147.993,147.476,147.568
1665738000,147.568,147.772,147.095,147.748
1665752400,147.748,148.063,147.239,148.009
1665766800,148.009,148.068,147.765,147.895
1665954000,147.895,148.135,147.609,148.056
1665968400,148.056,148.253,147.953,148.227
1665982800,148.227,148.765,148.207,148.323
1665997200,148.323,148.988,148.265,148.93
1666011600,148.93,149.544,148.919,149.419
1666026000,149.419,149.678,149.365,149.678
1666040400,149.678,149.697,149.378,149.507
1666054800,149.507,149.949,149.362,149.776
1666069200,149.776,150.099,149.696,149.772
1666083600,149.772,149.993,148.789,149.966
1666098000,149.966,150.02,149.495,149.79
1666112400,149.79,150.154,149.724,150.07
1666126800,150.07,150.231,149.941,150.038
1666141200,150.038,150.12,149.937,150.022
1666155600,150.022,150.031,149.404,149.442
1666170000,149.442,149.539,148.982,149.189
1666184400,149.189,149.392,149.032,149.044
1666198800,149.044,149.317,148.935,149.317
1666213200,149.317,149.477,149.014,149.169
1666227600,149.169,149.238,148.979,149.188
1666242000,149.188,149.36,148.669,149.014
1666256400,149.014,149.638,148.989,149.32
1666270800,149.32,149.874,149.167,149.568
1666285200,149.568,149.735,149.351,149.573
1666299600,149.573,149.687,149.381,149.441
1666314000,149.441,149.538,149.396,149.478
1666328400,149.478,149.845,149.316,149.468
1666342800,149.468,150.077,149.123,149.986
1666357200,149.986,150.564,146.498,147.325
1666371600,147.325,148.395,146.943,147.983
1666558800,147.983,149.661,146.158,148.832
1666573200,148.832,149.239,148.656,149.193
1666587600,149.193,149.573,149.049,149.152
1666602000,149.152,149.274,148.307,148.882
1666616400,148.882,149.193,148.533,148.675
1666630800,148.675,148.976,148.604,148.801
1666645200,148.801,149.212,148.672,149.191
1666659600,149.191,149.203,148.764,148.822
1666674000,148.822,148.847,148.438,148.448
1666688400,148.448,148.645,148.31,148.372
1666702800,148.372,148.746,148.201,148.51
1666717200,148.51,148.776,148.504,148.638
1666731600,148.638,149.044,148.476,148.735
1666746000,148.735,149.11,148.734,149.045
1666760400,149.045,149.079,148.589,149.024
1666774800,149.024,149.024,148.337,148.524
1666789200,148.524,148.709,148.147,148.366
1666803600,148.366,148.473,148.222,148.455
1666818000,148.455,148.592,148.145,148.189
1666832400,148.189,148.348,147.835,147.86
1666846800,147.86,147.86,147.252,147.741
1666861200,147.741,148.196,147.714,148.067
1666875600,148.067,148.125,147.235,147.501
1666890000,147.501,147.684,147.32,147.587
1666904400,147.587,147.991,147.429,147.944
1666918800,147.944,148.344,147.63,147.868
1666933200,147.868,148.25,147.453,148.143
1666947600,148.143,148.534,147.81,148.227
1666962000,148.227,148.27,147.911,148.224
1666976400,148.224,148.226,147.952,148.189
1667163600,148.189,148.772,147.856,148.691
1667178000,148.691,148.73,148.372,148.466
1667192400,148.466,148.471,148.005,148.195
1667206800,148.195,148.806,148.146,148.515
1667221200,148.515,148.707,148.318,148.382
1667235600,148.382,148.541,148.311,148.505
1667250000,148.505,148.92,148.381,148.498
1667264400,148.498,148.516,148.121,148.349
1667278800,148.349,148.554,147.888,148.371
1667293200,148.371,148.685,147.97,148.116
1667307600,148.116,148.571,147.988,148.11
1667322000,148.11,148.519,148.093,148.501
1667336400,148.501,148.583,147.455,147.492
1667350800,147.492,147.92,147.435,147.84
1667365200,147.84,147.844,147.378,147.573
1667379600,147.573,147.956,147.295,147.9
1667394000,147.9,147.929,147.164,147.259
1667408400,147.259,147.513,146.818,147.479
1667422800,147.479,147.778,146.991,147.003
1667437200,147.003,147.203,146.962,147.003
1667451600,147.003,147.051,146.437,146.514
1667466000,146.514,146.57,146.176,146.336
1667480400,146.336,146.427,145.854,146.353
1667494800,146.353,146.477,146.267,146.314
1667509200,146.314,146.461,146.029,146.324
1667523600,146.324,146.62,146.168,146.568
1667538000,146.568,146.681,146.012,146.143
1667552400,146.143,147.043,146.079,147.027
1667566800,147.027,147.589,146.94,147.518
1667581200,147.518,147.665,147.431,147.549
1667772000,147.549,147.644,147.023,147.566
1667786400,147.566,147.875,147.556,147.832
1667800800,147.832,148.27,147.764,147.91
1667815200,147.91,148.294,147.753,147.994
1667829600,147.994,148.216,147.772,148.178
1667844000,148.178,148.384,148.175,148.333
1667858400,148.333,148.409,148.12,148.232
1667872800,148.232,148.265,147.905,147.916
1667887200,147.916,148.216,147.776,147.846
1667901600,147.846,148.022,147.511,147.784
1667916000,147.784,147.849,147.463,147.811
1667930400,147.811,147.836,147.503,147.828
1667944800,147.828,147.95,147.448,147.561
1667959200,147.561,147.754,147.461,147.737
1667973600,147.737,148.024,147.626,147.8
1667988000,147.8,148.73,147.797,148.676
1668002400,148.676,148.883,148.441,148.569
1668016800,148.569,148.854,148.453,148.748
1668031200,148.748,148.812,148.603,148.656
1668045600,148.656,148.731,148.484,148.689
1668060000,148.689,148.71,148.147,148.213
1668074400,148.213,148.484,147.022,147.221
1668088800,147.221,147.576,146.286,146.59
1668103200,146.59,146.85,145.497,146.197
1668117600,146.197,147.29,145.972,147.056
1668132000,147.056,147.242,146.524,146.859
1668146400,146.859,146.908,145.929,145.978
1668160800,145.978,147.494,144.579,146.793
1668175200,146.793,147.366,146.442,147.261
1668189600,147.261,147.532,147.143,147.437
1668376800,147.437,148.448,147.149,147.279
1668391200,147.279,147.389,147.059,147.242
1668405600,147.242,148.527,146.945,148.424
1668420000,148.424,148.618,148.058,148.547
1668434400,148.547,149.096,148.254,148.825
1668448800,148.825,148.826,148.088,148.274
1668463200,148.274,148.778,147.953,148.529
1668477600,148.529,148.786,148.443,148.682
1668492000,148.682,148.798,148.047,148.309
1668506400,148.309,148.383,147.023,147.488
1668520800,147.488,147.722,147.035,147.515
1668535200,147.515,147.662,147.046,147.553
1668549600,147.553,147.991,147.077,147.842
1668564000,147.842,148.318,147.83,147.979
1668578400,147.979,148.38,147.763,148.186
1668592800,148.186,148.517,148.074,148.39
1668607200,148.39,148.402,147.671,147.701
1668621600,147.701,147.78,147.517,147.664
1668636000,147.664,147.79,147.44,147.571
1668650400,147.571,147.658,147.361,147.494
1668664800,147.494,147.709,147.103,147.385
1668679200,147.385,147.726,147.144,147.582
1668693600,147.582,147.721,147.153,147.245
1668708000,147.245,147.428,147.147,147.428
1668722400,147.428,147.442,146.986,147.201
1668736800,147.201,147.202,146.839,146.872
1668751200,146.872,147.454,146.684,147.18
1668765600,147.18,147.233,146.732,146.808
1668780000,146.808,147.222,146.539,147.138
1668794400,147.138,147.268,147.006,147.036
1668981600,147.027,147.32,146.964,147.044
1668996000,147.044,147.135,146.941,147.101
1669010400,147.101,148.086,147.032,147.897
1669024800,147.897,148.242,147.727,147.855
1669039200,147.855,148.325,147.693,148.227
1669053600,148.227,148.396,148.082,148.396
1669068000,148.396,148.471,148.112,148.199
1669082400,148.199,148.249,148.07,148.152
1669096800,148.152,148.346,147.666,147.86
1669111200,147.86,148.642,147.792,148.623
1669125600,148.623,148.664,148.191,148.344
1669140000,148.344,148.395,148.243,148.28
1669154400,148.28,148.582,148.228,148.577
1669168800,148.577,148.722,148.509,148.671
1669183200,148.671,148.748,148.335,148.582
1669197600,148.582,148.867,148.405,148.592
1669212000,148.592,148.687,148.013,148.09
1669226400,148.09,148.248,147.849,148.064
1669240800,148.064,148.157,147.615,147.642
1669255200,147.642,147.866,147.575,147.848
1669269600,147.848,147.902,146.874,146.88
1669284000,146.88,146.954,146.349,146.864
1669298400,146.864,146.868,146.435,146.734
1669312800,146.734,146.994,146.694,146.791
1669327200,146.791,147.257,146.747,147.022
1669341600,147.022,147.045,146.766,146.896
1669356000,146.896,147.67,146.551,147.488
1669370400,147.488,147.707,146.857,146.885
1669384800,146.885,147.279,146.817,147.231
1669399200,147.231,147.32,146.88,147.158
1669586400,147.155,147.291,146.425,146.519
1669600800,146.519,146.53,146.148,146.152
1669615200,146.152,146.42,145.808,146.156
1669629600,146.156,146.919,146.014,146.889
1669644000,146.889,146.964,146.408,146.442
1669658400,146.442,146.536,146.243,146.39
1669672800,146.39,146.684,146.069,146.336
1669687200,146.336,146.544,146.116,146.385
1669701600,146.385,146.455,145.044,145.114
1669716000,145.114,145.517,145.11,145.473
1669730400,145.473,145.645,145.282,145.404
1669744800,145.404,145.518,145.215,145.328
1669759200,145.328,145.628,145.316,145.38
1669773600,145.38,145.668,145.315,145.317
1669788000,145.317,146.071,145.163,146.003
1669802400,146.003,146.499,145.881,146.45
1669816800,146.45,146.911,146.389,146.49
1669831200,146.49,146.516,145.815,146.008
1669845600,146.008,146.212,144.912,145.016
1669860000,145.016,145.177,144.482,144.679
1669874400,144.679,144.794,144.277,144.436
1669888800,144.436,144.718,144,144.706
1669903200,144.706,144.982,144.306,144.376
1669917600,144.376,144.578,144.319,144.368
1669932000,144.368,144.521,144.019,144.096
1669946400,144.096,144.217,144.002,144.113
1669960800,144.113,144.271,142.904,143.28
1669975200,143.28,144.377,143.274,143.824
1669989600,143.824,144.108,143.507,143.618
1670004000,143.618,143.691,143.152,143.33
1670191200,143.33,143.721,143.265,143.511
1670205600,143.511,143.984,143.451,143.946
1670220000,143.946,144.981,143.888,144.765
1670234400,144.765,144.914,144.488,144.837
1670248800,144.837,145.291,144.613,144.956
1670263200,144.956,145.149,144.898,145.097
1670277600,145.097,145.385,144.75,144.991
1670292000,144.991,145.434,144.963,145.264
1670306400,145.264,145.515,144.737,144.986
1670320800,144.986,145.308,144.738,145.306
1670335200,145.306,145.48,145.047,145.304
1670349600,145.304,145.519,145.282,145.495
1670364000,145.495,145.643,145.237,145.375
1670378400,145.375,145.841,145.293,145.803
1670392800,145.803,146.275,145.701,146.141
1670407200,146.141,146.216,145.651,145.789
1670421600,145.789,145.863,144.912,144.978
1670436000,144.978,145.266,144.912,145.247
1670450400,145.247,145.531,144.87,145.326
1670464800,145.326,145.628,145.228,145.549
1670479200,145.549,145.632,145.237,145.344
1670493600,145.344,145.556,145.203,145.449
1670508000,145.449,146.051,145.44,145.761
1670522400,145.761,146.041,145.641,145.82
1670536800,145.82,146.198,145.605,145.772
1670551200,145.772,145.922,145.406,145.812
1670565600,145.812,146.207,145.679,145.796
1670580000,145.796,145.983,145.167,145.616
1670594400,145.616,146.559,145.556,146.251
1670608800,146.251,146.277,146.062,146.075
1670796000,146.075,146.385,146.002,146.152
1670810400,146.152,146.416,146.123,146.304
1670824800,146.304,146.656,146.082,146.491
1670839200,146.491,147.094,146.409,146.899
1670853600,146.899,147.046,146.647,146.988
1670868000,146.988,147.107,146.846,146.987
1670882400,146.987,147.302,146.759,147.156
1670896800,147.156,147.282,146.974,147.075
1670911200,147.075,147.305,146.811,147.02
1670925600,147.02,147.064,145.395,145.99
1670940000,145.99,146.243,145.483,145.571
1670954400,145.571,146.154,145.57,146.154
1670968800,146.154,146.154,145.703,146.01
1670983200,146.01,146.013,145.755,145.77
1670997600,145.77,146.022,145.693,145.866
1671012000,145.866,145.891,145.246,145.649
1671026400,145.649,146.17,145.526,146.05
1671040800,146.05,146.749,145.921,146.578
1671055200,146.578,146.723,146.299,146.376
1671069600,146.376,146.691,146.367,146.523
1671084000,146.523,147.433,146.426,147.037
1671098400,147.037,147.501,146.909,147.16
1671112800,147.16,148.488,147.142,148.349
1671127200,148.349,148.478,148.167,148.409
1671141600,148.409,148.538,148.109,148.127
1671156000,148.127,148.296,147.981,148.152
1671170400,148.152,148.213,147.507,147.535
1671184800,147.535,147.661,147.254,147.281
1671199200,147.281,147.493,146.31,146.36
1671213600,146.36,146.431,146.232,146.248
1671400800,146.248,146.248,145.613,145.784
1671415200,145.784,146.181,145.723,146.001
1671429600,146.001,146.413,145.77,146.294
1671444000,146.294,146.623,146.082,146.583
1671458400,146.583,147.217,146.493,147.129
1671472800,147.129,147.444,147.095,147.444
1671487200,147.444,147.783,147.11,147.629
1671501600,147.629,147.8,143.101,143.102
1671516000,143.102,143.824,142.403,142.64
1671530400,142.64,143.434,142.344,142.36
1671544800,142.36,142.827,141.048,141.539
1671559200,141.539,142.292,141.516,142.275
1671573600,142.275,142.577,141.873,142.466
1671588000,142.466,142.596,142.214,142.396
1671602400,142.396,142.502,142.066,142.139
1671616800,142.139,143.091,142.022,143.031
1671631200,143.031,143.228,142.376,142.748
1671645600,142.748,142.969,142.635,142.969
1671660000,142.969,143.018,142.443,142.57
1671674400,142.57,142.776,142.366,142.767
1671688800,142.767,143,142.659,142.966
1671703200,142.966,143.041,142.416,142.514
1671717600,142.514,142.669,142.05,142.187
1671732000,142.187,142.294,142.009,142.109
1671746400,142.109,142.472,141.923,142.332
1671760800,142.332,142.466,142.265,142.411
1671775200,142.411,142.592,142.204,142.36
1671789600,142.36,142.872,142.35,142.605
1671804000,142.605,142.789,142.182,142.415
1671818400,142.415,142.433,142.193,142.338
1672092000,142.338,142.933,142.338,142.777
1672106400,142.777,142.866,142.573,142.749
1672120800,142.749,143.445,142.621,143.44
1672135200,143.44,143.805,143.246,143.394
1672149600,143.394,143.718,143.29,143.525
1672164000,143.525,143.779,143.462,143.703
1672178400,143.703,144.09,143.591,143.858
1672192800,143.858,144.466,143.853,144.278
1672207200,144.278,144.393,143.936,144.091
1672221600,144.091,144.486,143.998,144.48
1672236000,144.48,144.854,144.37,144.854
1672250400,144.854,144.872,144.611,144.751
1672264800,144.751,144.901,144.215,144.257
1672279200,144.257,144.397,144.041,144.167
1672293600,144.167,144.782,144.013,144.707
1672308000,144.707,144.723,144.207,144.213
1672322400,144.213,144.404,143.775,144.194
1672336800,144.194,144.244,144.03,144.091
1672351200,144.091,144.173,143.481,143.513
1672365600,143.513,143.775,143.51,143.577
1672380000,143.577,143.588,142.436,143.128
1672394400,143.128,143.225,142.695,142.814
1672408800,142.814,143.087,142.081,142.129
1672423200,142.129,142.134,141.63,141.779
1672624800,141.779,141.842,141.605,141.665
1672639200,141.665,142.041,141.409,141.564
1672653600,141.564,141.656,141.348,141.38
1672668000,141.38,141.402,141.179,141.312
1672682400,141.312,141.477,141.256,141.354
1672696800,141.354,141.876,140.409,140.786
1672711200,140.786,140.955,140.215,140.397
1672725600,140.397,140.644,138.966,139.183
1672740000,139.183,139.847,139.037,139.63
1672754400,139.63,139.842,139.251,139.572
1672768800,139.572,140.03,139.417,139.977
1672783200,139.977,140.378,139.858,139.971
1672797600,139.971,140.313,139.912,140.107
1672812000,140.107,140.818,140.009,140.66
1672826400,140.66,141.102,140.559,140.935
1672840800,140.935,142.952,140.907,142.693
1672855200,142.693,142.748,142.397,142.647
1672869600,142.647,142.647,141.896,142.174
1672884000,142.174,142.51,142.059,142.44
1672898400,142.44,143.194,142.184,143.046
1672912800,143.046,143.64,142.837,143.228
1672927200,143.228,143.236,142.241,142.351
1672941600,142.351,142.556,142.21,142.482
1672956000,142.482,142.957,142.389,142.947
1672970400,142.947,143.31,142.725,143.11
1672984800,143.11,143.299,142.737,143.001
1672999200,143.001,143.432,142.526,142.633
1673013600,142.633,142.831,142.168,142.332
1673028000,142.332,142.47,142.257,142.409
1673215200,142.409,142.635,141.979,142.179
1673229600,142.179,142.539,141.889,142.438
1673244000,142.438,143.356,142.324,143.26
1673258400,143.26,143.505,143.137,143.357
1673272800,143.357,143.921,143.215,143.277
1673287200,143.277,143.297,142.989,143.136
1673301600,143.136,143.379,142.68,142.85
1673316000,142.85,143.225,142.819,143.076
1673330400,143.076,143.61,143.025,143.304
1673344800,143.304,143.411,143.054,143.106
1673359200,143.106,143.431,142.986,143.262
1673373600,143.262,143.344,143.198,143.301
1673388000,143.301,143.545,143.159,143.418
1673402400,143.418,143.616,143.385,143.534
1673416800,143.534,143.895,143.445,143.506
1673431200,143.506,143.61,142.645,142.824
1673445600,142.824,142.912,142.24,142.242
1673460000,142.242,142.337,142.07,142.245
1673474400,142.245,142.413,141.217,141.342
1673488800,141.342,141.528,141.111,141.315
1673503200,141.315,141.346,140.572,140.646
1673517600,140.646,140.705,139.435,139.749
1673532000,139.749,140.227,139.173,139.208
1673546400,139.208,139.467,139.037,139.38
1673560800,139.38,139.498,138.809,138.931
1673575200,138.931,139.101,138.813,138.815
1673589600,138.815,138.826,137.949,138.416
1673604000,138.416,138.626,137.747,137.769
1673618400,137.769,137.938,137.442,137.844
1673632800,137.844,138.168,137.827,138.032
1673820000,138.032,138.455,137.774,138.306
1673834400,138.306,138.376,137.85,138.105
1673848800,138.105,139.045,138.039,138.784
1673863200,138.784,138.926,138.366,138.777
1673877600,138.777,139.097,138.449,138.991
1673892000,138.991,139,138.668,138.821
1673906400,138.821,139.19,138.515,139.036
1673920800,139.036,139.243,138.972,139.177
1673935200,139.177,139.474,139.044,139.474
1673949600,139.474,140.027,139.254,139.767
1673964000,139.767,139.797,138.969,139.031
1673978400,139.031,139.242,138.926,138.941
1673992800,138.941,139.831,138.941,139.448
1674007200,139.448,142.458,139.181,141.756
1674021600,141.756,142.109,141.204,141.729
1674036000,141.729,141.935,140.38,140.454
1674050400,140.454,140.866,140.3,140.65
1674064800,140.65,140.7,140.401,140.677
1674079200,140.677,140.814,140.023,140.189
1674093600,140.189,140.208,139.48,139.641
1674108000,139.641,140.209,139.486,140.048
1674122400,140.048,140.429,139.804,139.851
1674136800,139.851,140.385,139.821,140.34
1674151200,140.34,140.397,140.168,140.179
1674165600,140.179,140.671,140.15,140.614
1674180000,140.614,140.996,140.447,140.933
1674194400,140.933,140.942,140.298,140.659
1674208800,140.659,141.566,140.577,141.466
1674223200,141.466,141.528,140.626,140.686
1674237600,140.686,140.885,140.551,140.835
1674424800,140.835,141.037,140.543,140.717
1674439200,140.717,141.495,140.618,141.461
1674453600,141.461,141.831,141.285,141.468
1674468000,141.468,141.656,141.245,141.498
1674482400,141.498,141.711,141.394,141.49
1674496800,141.49,141.787,141.454,141.771
1674511200,141.771,141.784,141.364,141.405
1674525600,141.405,141.537,141.174,141.215
1674540000,141.215,141.646,141.029,141.135
1674554400,141.135,141.269,140.642,140.84
1674568800,140.84,141.319,140.658,140.928
1674583200,140.928,141.152,140.844,141.096
1674597600,141.096,141.414,140.995,141.247
1674612000,141.247,141.512,141.108,141.34
1674626400,141.34,141.402,140.639,140.668
1674640800,140.668,141.021,140.531,140.893
1674655200,140.893,141.12,140.666,140.933
1674669600,140.933,141.24,140.918,141.178
1674684000,141.178,141.265,140.731,140.878
1674698400,140.878,141.193,140.641,141.01
1674712800,141.01,141.529,140.964,141.326
1674727200,141.326,141.82,141.178,141.707
1674741600,141.707,141.978,141.358,141.433
1674756000,141.433,141.609,141.277,141.467
1674770400,141.467,141.674,140.838,140.896
1674784800,140.896,141.139,140.732,141.009
1674799200,141.009,141.228,140.698,140.984
1674813600,140.984,141.024,140.671,140.729
1674828000,140.729,141.077,140.611,140.964
1674842400,140.964,141.068,140.874,140.966
1675029600,140.969,141.364,140.888,141.362
1675044000,141.362,141.371,140.416,140.794
1675058400,140.794,141.396,140.301,141.369
1675072800,141.369,141.556,140.977,141.067
1675087200,141.067,141.287,140.962,141.218
1675101600,141.218,141.238,140.945,141.004
1675116000,141.004,141.087,140.751,140.835
1675130400,140.835,140.913,140.61,140.628
1675144800,140.628,140.831,140.359,140.702
1675159200,140.702,141.013,140.382,140.625
1675173600,140.625,141.968,140.57,141.899
1675188000,141.899,142.246,141.89,142.061
1675202400,142.061,142.061,141.745,141.835
1675216800,141.835,142.238,141.753,142.207
1675231200,142.207,142.451,141.614,141.783
1675245600,141.783,141.909,141.294,141.358
1675260000,141.358,141.483,141.065,141.078
1675274400,141.078,142.027,141.072,141.958
1675288800,141.958,142.001,141.377,141.719
1675303200,141.719,141.855,141.584,141.762
1675317600,141.762,142.088,141.644,142.006
1675332000,142.006,142.055,140.892,141.083
1675346400,141.083,141.217,140.65,140.662
1675360800,140.662,140.957,140.541,140.908
1675375200,140.908,141.008,140.675,140.783
1675389600,140.783,140.798,140.511,140.668
1675404000,140.668,140.88,140.383,140.822
1675418400,140.822,141.138,140.505,140.797
1675432800,140.797,142.065,140.638,141.765
1675447200,141.765,141.768,141.532,141.649
1675634400,141.649,142.781,141.649,142.734
1675648800,142.734,142.862,142.215,142.405
1675663200,142.405,142.954,142.247,142.852
1675677600,142.852,143.187,142.549,143.151
1675692000,143.151,143.242,142.828,142.984
1675706400,142.984,143.026,142.76,142.907
1675720800,142.907,143.075,142.712,142.787
1675735200,142.787,142.866,142.653,142.729
1675749600,142.729,142.755,142.09,142.316
1675764000,142.316,142.839,142.312,142.484
1675778400,142.484,142.59,141.914,141.962
1675792800,141.962,142.266,141.901,142.161
1675807200,142.161,142.317,141.868,142.279
1675821600,142.279,142.477,142.164,142.234
1675836000,142.234,142.597,142.171,142.336
1675850400,142.336,142.723,142.175,142.707
1675864800,142.707,142.832,142.561,142.668
1675879200,142.668,142.782,142.611,142.642
1675893600,142.642,143.059,142.549,142.865
1675908000,142.865,143.158,142.278,142.885
1675922400,142.885,142.924,142.441,142.474
1675936800,142.474,142.655,142.207,142.34
1675951200,142.34,142.579,142.251,142.522
1675965600,142.522,142.688,142.515,142.663
1675980000,142.663,142.887,142.453,142.674
1675994400,142.674,142.756,142.456,142.551
1676008800,142.551,142.696,141.075,141.865
1676023200,141.865,142.019,141.445,141.595
1676037600,141.595,142.337,141.503,142.188
1676052000,142.188,142.336,142.174,142.261
1676239200,142.261,142.527,142.185,142.328
1676253600,142.328,142.857,142.321,142.843
1676268000,142.843,143.71,142.788,143.709
1676282400,143.709,143.893,143.534,143.78
1676296800,143.78,144.255,143.743,144.06
1676311200,144.06,144.116,143.851,144.022
1676325600,144.022,144.097,143.718,143.783
1676340000,143.783,143.919,143.589,143.665
1676354400,143.665,144.148,143.644,144.067
1676368800,144.067,144.492,143.829,144.115
1676383200,144.115,144.53,143.975,144.35
1676397600,144.35,144.483,144.289,144.419
1676412000,144.419,144.633,143.769,143.85
1676426400,143.85,144.218,143.849,144.075
1676440800,144.075,144.623,144.023,144.59
1676455200,144.59,145.035,144.429,144.852
1676469600,144.852,145.3,144.78,145.118
1676484000,145.118,145.268,145.031,145.219
1676498400,145.219,145.224,144.906,145.129
1676512800,145.129,145.236,144.878,145.168
1676527200,145.168,145.235,144.903,145.122
1676541600,145.122,145.271,145.006,145.186
1676556000,145.186,145.234,144.772,144.89
1676570400,144.89,144.939,144.598,144.746
1676584800,144.746,145.062,144.66,145.037
1676599200,145.037,145.127,144.921,145.014
1676613600,145.014,145.23,144.61,144.616
1676628000,144.616,144.901,144.537,144.764
1676642400,144.764,144.998,144.577,144.907
1676656800,144.907,145.191,144.871,145.123
1676844000,145.123,145.312,145.008,145.262
1676858400,145.262,145.356,144.934,145.063
1676872800,145.063,145.511,144.982,145.26
1676887200,145.26,145.351,145.001,145.077
1676901600,145.077,145.414,145.038,145.405
1676916000,145.405,145.497,145.364,145.414
1676930400,145.414,145.58,145.308,145.439
1676944800,145.439,145.527,145.279,145.417
1676959200,145.417,145.758,145.283,145.605
1676973600,145.605,145.914,145.481,145.757
1676988000,145.757,145.77,145.361,145.546
1677002400,145.546,145.595,145.364,145.517
1677016800,145.517,145.662,145.289,145.386
1677031200,145.386,145.712,145.356,145.52
1677045600,145.52,145.648,145.272,145.462
1677060000,145.462,145.496,145.019,145.145
1677074400,145.145,145.246,144.661,145.011
1677088800,145.011,145.071,144.847,144.924
1677103200,144.924,144.982,144.795,144.956
1677117600,144.956,145.063,144.911,145.045
1677132000,145.045,145.056,144.462,144.533
1677146400,144.533,144.946,144.497,144.918
1677160800,144.918,144.971,144.187,144.293
1677175200,144.293,144.342,144.094,144.231
1677189600,144.231,144.447,143.692,144.318
1677204000,144.318,144.373,144.087,144.104
1677218400,144.104,144.621,143.966,144.596
1677232800,144.596,145.044,144.385,145.003
1677247200,145.003,145.334,144.983,145.147
1677261600,145.147,145.195,144.962,145.037
1677448800,145.037,145.179,144.751,144.801
1677463200,144.801,144.907,144.61,144.807
1677477600,144.807,144.948,144.461,144.914
1677492000,144.914,145.171,144.787,145.166
1677506400,145.166,145.585,145.008,145.39
1677520800,145.39,145.594,145.318,145.546
1677535200,145.546,145.752,145.4,145.419
1677549600,145.419,145.604,145.409,145.491
1677564000,145.491,146.003,145.347,145.801
1677578400,145.801,146.179,145.596,146.111
1677592800,146.111,146.293,144.858,144.891
1677607200,144.891,144.931,144.485,144.575
1677621600,144.575,144.806,144.522,144.799
1677636000,144.799,145.051,144.776,145.021
1677650400,145.021,145.133,144.634,144.904
1677664800,144.904,145.02,144.499,144.741
1677679200,144.741,145.11,144.573,144.63
1677693600,144.63,144.981,144.628,144.94
1677708000,144.94,145.078,144.779,144.811
1677722400,144.811,144.957,144.691,144.924
1677736800,144.924,145.106,144.677,144.956
1677751200,144.956,145.366,144.902,145.336
1677765600,145.336,145.391,144.841,145.14
1677780000,145.14,145.263,145.072,145.138
1677794400,145.138,145.279,144.926,145.153
1677808800,145.153,145.298,145.036,145.257
1677823200,145.257,145.593,145.114,145.181
1677837600,145.181,145.284,144.869,144.931
1677852000,144.931,145.198,144.882,145.151
1677866400,145.151,145.157,144.992,145.077
1678053600,145.077,145.223,144.771,145.001
1678068000,145.001,145.118,144.714,145.106
1678082400,145.106,145.741,144.984,145.681
1678096800,145.681,145.709,145.358,145.412
1678111200,145.412,146.047,145.312,145.909
1678125600,145.909,146.049,145.839,146.048
1678140000,146.048,146.215,145.911,146.137
1678154400,146.137,146.351,146.049,146.231
1678168800,146.231,146.256,145.582,145.662
1678183200,145.662,145.907,145.656,145.696
1678197600,145.696,145.861,145.32,145.416
1678212000,145.416,145.671,145.392,145.599
1678226400,145.599,145.913,145.541,145.706
1678240800,145.706,146.168,145.664,145.991
1678255200,145.991,146.09,145.871,145.929
1678269600,145.929,146.078,145.462,145.5
1678284000,145.5,146.027,145.223,145.754
1678298400,145.754,145.998,145.645,145.917
1678312800,145.917,146.095,145.46,145.662
1678327200,145.662,145.706,145.455,145.544
1678341600,145.544,145.782,145.13,145.325
1678356000,145.325,145.419,144.988,145.191
1678370400,145.191,145.681,145.171,145.487
1678384800,145.487,146.015,145.376,145.995
1678399200,145.995,146.235,145.73,145.888
1678413600,145.888,147.297,145.812,146.849
1678428000,146.849,147.205,146.325,147.03
1678442400,147.03,147.616,146.817,147.255
1678456800,147.255,147.405,146.07,146.652
1678471200,146.652,146.745,146.212,146.539
1678654800,146.539,146.991,145.758,146.202
1678669200,146.202,146.592,146.036,146.291
1678683600,146.291,147.014,146.101,146.133
1678698000,146.133,146.436,145.311,145.683
1678712400,145.683,146.523,145.409,146.056
1678726800,146.056,146.52,145.983,146.086
1678741200,146.086,146.272,145.803,146.041
1678755600,146.041,146.648,146.038,146.427
1678770000,146.427,147.1,146.087,147.007
1678784400,147.007,147.536,146.834,147.153
1678798800,147.153,147.531,146.732,146.875
1678813200,146.875,147.151,146.797,146.814
1678827600,146.814,147.227,146.814,147.039
1678842000,147.039,147.206,146.837,147.192
1678856400,147.192,147.567,147.083,147.133
1678870800,147.133,147.245,143.777,143.932
1678885200,143.932,144.644,142.919,143.023
1678899600,143.023,144.004,142.658,142.951
1678914000,142.951,143.198,142.454,143.111
1678928400,143.111,143.259,142.53,142.744
1678942800,142.744,144.085,142.664,143.489
1678957200,143.489,143.569,142.603,142.81
1678971600,142.81,143.659,141.915,143.604
1678986000,143.604,143.959,143.366,143.909
1679000400,143.909,143.935,143.513,143.563
1679014800,143.563,143.868,143.472,143.625
1679029200,143.625,144.151,143.436,144.038
1679043600,144.038,144.168,142.306,142.564
1679058000,142.564,142.817,142.141,142.383
1679072400,142.383,142.576,142.034,142.298
1679259600,142.298,143.137,142.203,143.136
1679274000,143.136,143.183,142.319,142.371
1679288400,142.371,142.575,140.246,140.972
1679302800,140.972,142.032,140.764,141.846
1679317200,141.846,142.464,141.652,142.137
1679331600,142.137,142.228,141.316,141.354
1679346000,141.354,141.627,141.218,141.245
1679360400,141.245,141.381,141.072,141.178
1679374800,141.178,142.426,141.089,142.426
1679389200,142.426,143.35,142.3,143.074
1679403600,143.074,143.654,142.605,143.534
1679418000,143.534,143.697,143.484,143.666
1679432400,143.666,143.855,143.486,143.69
1679446800,143.69,143.943,143.36,143.543
1679461200,143.543,143.877,143.303,143.646
1679475600,143.646,144.205,143.569,143.878
1679490000,143.878,143.878,143.498,143.606
1679504400,143.606,143.728,142.742,143.237
1679518800,143.237,143.318,142.776,142.928
1679533200,142.928,142.929,142.572,142.836
1679547600,142.836,143.721,142.659,143.553
1679562000,143.553,143.642,143,143.425
1679576400,143.425,143.674,143.058,143.085
1679590800,143.085,143.231,142.236,142.762
1679605200,142.762,142.834,142.438,142.438
1679619600,142.438,142.472,141.996,142.09
1679634000,142.09,142.221,141.395,141.779
1679648400,141.779,141.958,140.844,141.62
1679662800,141.62,142.605,141.476,142.373
1679677200,142.373,142.4,142.057,142.125
1679864400,142.125,142.453,141.947,142.164
1679878800,142.164,142.508,142.148,142.28
1679893200,142.28,143.221,142.28,143.067
1679907600,143.067,143.668,143.053,143.542
1679922000,143.542,143.704,143.272,143.638
1679936400,143.638,143.742,143.551,143.696
1679950800,143.696,143.702,142.865,143.006
1679965200,143.006,143.099,142.83,142.874
1679979600,142.874,143.322,142.618,142.875
1679994000,142.875,143.053,142.212,142.307
1680008400,142.307,142.561,142.082,142.444
1680022800,142.444,142.456,142.02,142.342
1680037200,142.342,142.81,142.123,142.773
1680051600,142.773,143.148,142.737,143.06
1680066000,143.06,143.587,142.971,143.479
1680080400,143.479,144.276,143.395,144.182
1680094800,144.182,144.346,143.695,144.094
1680109200,144.094,144.697,144.075,144.649
1680123600,144.649,144.651,144.126,144.291
1680138000,144.291,144.437,144.2,144.268
1680152400,144.268,144.736,144.099,144.664
1680166800,144.664,145.407,144.664,145.403
1680181200,145.403,145.561,144.829,144.856
1680195600,144.856,145.315,144.773,145.289
1680210000,145.289,146.093,145.139,145.868
1680224400,145.868,145.929,145.245,145.257
1680238800,145.257,145.901,145.237,145.7
1680253200,145.7,145.709,145.088,145.515
1680267600,145.515,145.966,145.181,145.284
1680282000,145.284,145.359,145.031,145.101
1680469200,145.101,145.77,144.945,145.108
1680483600,145.108,145.413,144.933,145.31
1680498000,145.31,145.665,145.132,145.423
1680512400,145.423,145.635,145.13,145.371
1680526800,145.371,145.521,144.715,145.016
1680541200,145.016,145.181,144.885,145.164
1680555600,145.164,145.243,144.837,145.197
1680570000,145.197,145.469,145.194,145.361
1680584400,145.361,145.771,145.24,145.761
1680598800,145.761,146.003,145.349,145.495
1680613200,145.495,145.612,144.951,145.231
1680627600,145.231,145.425,145.214,145.379
1680642000,145.379,145.404,144.92,145.168
1680656400,145.168,145.499,145.014,145.301
1680670800,145.301,145.447,144.945,145.238
1680685200,145.238,145.511,144.813,144.921
1680699600,144.921,145.034,144.476,144.505
1680714000,144.505,144.866,144.457,144.74
1680728400,144.74,144.915,144.268,144.587
1680742800,144.587,144.695,144.408,144.545
1680757200,144.545,145.319,144.502,145.252
1680771600,145.252,145.332,144.767,145.181
1680786000,145.181,145.757,145.181,145.539
1680800400,145.539,145.721,145.505,145.652
1680814800,145.652,145.786,145.48,145.602
1680829200,145.602,145.73,145.439,145.552
1680843600,145.552,145.957,145.528,145.782
1680858000,145.782,145.987,145.351,145.759
1680872400,145.759,146.194,145.671,145.994
1680886800,145.994,146.264,145.864,145.864
1681074000,145.864,146.508,145.782,146.401
1681088400,146.401,146.533,146.286,146.383
1681102800,146.383,146.455,145.79,145.856
1681117200,145.856,146.599,145.731,146.48
1681131600,146.48,146.923,146.449,146.861
1681146000,146.861,146.935,146.775,146.901
1681160400,146.901,147.04,146.682,146.83
1681174800,146.83,147.098,146.827,146.915
1681189200,146.915,147.402,146.826,147.213
1681203600,147.213,147.349,146.945,147.051
1681218000,147.051,147.899,147.019,147.824
1681232400,147.824,148.116,147.807,147.983
1681246800,147.983,148.195,147.865,148.112
1681261200,148.112,148.431,148.04,148.192
1681275600,148.192,148.429,148.012,148.197
1681290000,148.197,148.511,147.774,148.176
1681304400,148.176,148.984,148.085,148.746
1681318800,148.746,148.936,148.483,148.525
1681333200,148.525,148.787,148.43,148.709
1681347600,148.709,148.754,148.508,148.575
1681362000,148.575,149.415,148.491,149.366
1681376400,149.366,149.831,149.233,149.325
1681390800,149.325,149.404,148.667,149.171
1681405200,149.171,149.544,149.009,149.016
1681419600,149.016,149.24,148.969,149.152
1681434000,149.152,149.25,148.949,149.228
1681448400,149.228,149.313,148.913,149.171
1681462800,149.171,149.412,148.844,149.169
1681477200,149.169,149.485,149.086,149.411
1681491600,149.411,149.711,149.35,149.694
1681678800,149.694,149.727,149.435,149.455
1681693200,149.455,149.985,149.438,149.942
1681707600,149.942,150.188,149.589,149.693
1681722000,149.693,150.039,149.597,149.699
1681736400,149.699,149.878,149.477,149.477
1681750800,149.477,149.678,149.452,149.577
1681765200,149.577,149.736,149.509,149.593
1681779600,149.593,149.944,149.579,149.759
1681794000,149.759,149.816,149.508,149.732
1681808400,149.732,149.753,149.337,149.505
1681822800,149.505,149.614,149.195,149.493
1681837200,149.493,149.661,149.419,149.593
1681851600,149.593,149.685,149.524,149.569
1681866000,149.569,149.822,149.498,149.728
1681880400,149.728,150.231,149.719,150.159
1681894800,150.159,150.216,149.545,149.645
1681909200,149.645,150.156,149.582,150.053
1681923600,150.053,150.164,150.03,150.091
1681938000,150.091,150.241,149.936,150.18
1681952400,150.18,150.365,150.159,150.328
1681966800,150.328,150.406,149.971,150.337
1681981200,150.337,150.582,150.011,150.364
1681995600,150.364,150.467,149.843,150.025
1682010000,150.025,150.463,150.02,150.435
1682024400,150.435,150.516,150.115,150.25
1682038800,150.25,150.285,149.741,149.857
1682053200,149.857,150.045,149.529,149.707
1682067600,149.707,150.093,149.546,149.92
1682082000,149.92,150.502,149.867,150.247
1682096400,150.247,150.351,150.202,150.311
1682283600,150.311,150.339,150.049,150.229
1682298000,150.229,150.665,150.174,150.587
1682312400,150.587,151.013,150.313,151.01
1682326800,151.01,151.39,150.885,151.325
1682341200,151.325,151.492,151.109,151.245
1682355600,151.245,151.321,151.155,151.218
1682370000,151.218,151.447,150.944,151.384
1682384400,151.384,151.531,151.26,151.34
1682398800,151.34,151.425,150.914,151.287
1682413200,151.287,151.325,150.664,150.723
1682427600,150.723,150.786,149.937,149.961
1682442000,149.961,150.022,149.555,149.972
1682456400,149.972,150.319,149.718,149.885
1682470800,149.885,149.949,149.635,149.93
1682485200,149.93,150.217,149.619,150.07
1682499600,150.07,150.529,149.883,150.347
1682514000,150.347,150.436,149.701,150.085
1682528400,150.085,150.12,149.827,149.998
1682542800,149.998,150.077,149.736,149.935
1682557200,149.935,150.136,149.824,150.076
1682571600,150.076,150.239,149.801,149.988
1682586000,149.988,150.013,149.197,149.38
1682600400,149.38,149.704,149.313,149.603
1682614800,149.603,149.93,149.558,149.806
1682629200,149.806,150.054,149.561,149.954
1682643600,149.954,150.772,149.106,150.576
1682658000,150.576,151.749,150.516,151.396
1682672400,151.396,152.056,151.393,152.003
1682686800,152.003,153.161,151.987,152.457
1682701200,152.457,152.484,152.231,152.334
1682888400,152.378,152.867,152.294,152.781
1682902800,152.781,153.228,152.67,153.138
1682917200,153.138,153.331,153.02,153.02
1682931600,153.02,153.487,152.986,153.437
1682946000,153.437,153.587,153.227,153.515
1682960400,153.515,153.617,153.415,153.609
1682974800,153.609,153.791,153.358,153.517
1682989200,153.517,153.821,153.513,153.779
1683003600,153.779,153.968,153.084,153.168
1683018000,153.168,153.312,152.815,153.162
1683032400,153.162,153.179,152.62,152.866
1683046800,152.866,153.109,152.844,152.944
1683061200,152.944,153.077,152.864,153.019
1683075600,153.019,153.047,152.58,152.7
1683090000,152.7,152.997,152.543,152.883
1683104400,152.883,152.972,152.439,152.448
1683118800,152.448,152.743,152.288,152.722
1683133200,152.722,153.054,152.412,152.448
1683147600,152.448,152.509,152.092,152.393
1683162000,152.393,152.546,152.261,152.394
1683176400,152.394,152.441,151.557,151.606
1683190800,151.606,152.074,151.471,151.737
1683205200,151.737,152.028,150.868,151.15
1683219600,151.15,151.697,151.118,151.604
1683234000,151.604,151.687,151.413,151.508
1683248400,151.508,151.662,151.455,151.544
1683262800,151.544,151.668,150.199,150.42
1683277200,150.42,150.885,150.255,150.708
1683291600,150.708,151.325,150.591,151.194
1683306000,151.194,151.52,151.154,151.419
1683493200,151.419,151.842,151.381,151.529
1683507600,151.529,151.733,151.429,151.587
1683522000,151.587,152.256,151.424,151.906
1683536400,151.906,152.085,151.747,151.911
1683550800,151.911,151.964,151.472,151.662
1683565200,151.662,151.948,151.652,151.901
1683579600,151.901,151.939,151.705,151.834
1683594000,151.834,151.868,151.558,151.748
1683608400,151.748,151.789,151.021,151.366
1683622800,151.366,151.508,151.034,151.281
1683637200,151.281,151.743,151.226,151.715
1683651600,151.715,151.943,151.641,151.855
1683666000,151.855,152.046,151.669,151.858
1683680400,151.858,152.044,151.796,151.962
1683694800,151.962,152.352,151.799,151.869
1683709200,151.869,151.919,151.267,151.489
1683723600,151.489,151.666,150.797,150.825
1683738000,150.825,151.12,150.614,151.011
1683752400,151.011,151.151,150.627,150.813
1683766800,150.813,150.915,150.606,150.759
1683781200,150.759,150.831,150.318,150.659
1683795600,150.659,150.797,149.911,150.061
1683810000,150.061,150.407,149.816,150.343
1683824400,150.343,150.529,150.191,150.449
1683838800,150.449,150.564,150.321,150.556
1683853200,150.556,150.871,150.511,150.747
1683867600,150.747,151.544,150.746,151.12
1683882000,151.12,151.169,150.688,151.087
1683896400,151.087,151.216,150.408,151.056
1683910800,151.056,151.226,150.974,151.078
1684098000,151.078,151.37,151.002,151.24
1684112400,151.24,151.724,151.168,151.587
1684126800,151.587,151.858,151.456,151.728
1684141200,151.728,152.037,151.527,151.643
1684155600,151.643,152.2,151.633,152.171
1684170000,152.171,152.176,151.938,151.965
1684184400,151.965,152.107,151.791,151.871
1684198800,151.871,151.983,151.745,151.921
1684213200,151.921,152.212,151.633,152.13
1684227600,152.13,152.251,151.8,152.108
1684242000,152.108,152.537,152.054,152.404
1684256400,152.404,152.415,152.013,152.096
1684270800,152.096,152.24,151.998,152.219
1684285200,152.219,152.457,152.132,152.38
1684299600,152.38,152.594,152.06,152.167
1684314000,152.167,152.337,152.08,152.211
1684328400,152.211,153.015,152.049,152.973
1684342800,152.973,153.219,152.924,153.19
1684357200,153.19,153.248,152.97,152.972
1684371600,152.972,153.171,152.835,153.034
1684386000,153.034,153.215,152.773,153.004
1684400400,153.004,153.42,152.861,153.322
1684414800,153.322,153.418,152.866,153.058
1684429200,153.058,153.295,152.99,153.239
1684443600,153.239,153.27,152.88,153
1684458000,153,153.084,152.919,152.987
1684472400,152.987,153.097,152.864,153.024
1684486800,153.024,153.673,152.9,153.63
1684501200,153.63,153.77,153.044,153.304
1684515600,153.304,153.486,153.231,153.261
1684702800,153.261,153.569,153.159,153.325
1684717200,153.325,153.409,153.166,153.4
1684731600,153.4,153.949,153.287,153.894
1684746000,153.894,154.443,153.868,154.331
1684760400,154.331,154.371,153.921,154.253
1684774800,154.253,154.469,154.077,154.362
1684789200,154.362,154.473,154.171,154.247
1684803600,154.247,154.501,154.014,154.052
1684818000,154.052,154.233,153.667,153.818
1684832400,153.818,153.907,153.498,153.796
1684846800,153.796,154.041,153.563,153.764
1684861200,153.764,153.838,153.561,153.765
1684875600,153.765,153.823,153.666,153.727
1684890000,153.727,153.728,153.555,153.644
1684904400,153.644,153.902,153.474,153.63
1684918800,153.63,153.78,153.233,153.66
1684933200,153.66,153.863,153.368,153.782
1684947600,153.782,154.106,153.686,154.074
1684962000,154.074,154.135,153.513,154.135
1684976400,154.135,154.281,153.979,153.999
1684990800,153.999,154.146,153.813,153.998
1685005200,153.998,154.279,153.876,154.156
1685019600,154.156,154.493,153.899,154.248
1685034000,154.248,154.717,154.234,154.642
1685048400,154.642,154.719,154.408,154.511
1685062800,154.511,154.615,154.404,154.432
1685077200,154.432,154.695,154.277,154.526
1685091600,154.526,155.171,154.522,155.001
1685106000,155.001,155.258,154.818,155.25
1685120400,155.25,155.457,155.231,155.353
1685307600,155.358,155.559,155.185,155.377
1685322000,155.377,155.392,155.097,155.169
1685336400,155.169,155.451,155.056,155.332
1685350800,155.332,155.372,155.099,155.194
1685365200,155.194,155.316,155.085,155.275
1685379600,155.275,155.328,155.236,155.28
1685394000,155.28,155.447,155.08,155.131
1685408400,155.131,155.231,154.945,155.211
1685422800,155.211,155.504,154.522,154.918
1685437200,154.918,155.539,154.74,154.825
1685451600,154.825,154.961,154.366,154.375
1685466000,154.375,154.375,154.148,154.317
1685480400,154.317,154.498,154.159,154.209
1685494800,154.209,154.347,153.897,153.924
1685509200,153.924,153.925,153.206,153.583
1685523600,153.583,153.828,153.291,153.508
1685538000,153.508,153.783,152.779,152.82
1685552400,152.82,153.07,152.789,153.003
1685566800,153.003,153.064,152.684,152.87
1685581200,152.87,153.234,152.819,153.043
1685595600,153.043,153.686,153.039,153.609
1685610000,153.609,153.852,153.069,153.102
1685624400,153.102,153.133,152.515,153.013
1685638800,153.013,153.328,152.97,153.291
1685653200,153.291,153.527,153.07,153.501
1685667600,153.501,153.599,153.264,153.545
1685682000,153.545,153.774,153.472,153.503
1685696400,153.503,153.531,153.074,153.464
1685710800,153.464,154.03,153.463,153.97
1685725200,153.97,154.09,153.943,153.981
1685912400,153.981,154.153,153.917,153.933
1685926800,153.933,154.085,153.795,153.938
1685941200,153.938,154.285,153.71,154
1685955600,154,154.222,153.691,153.806
1685970000,153.806,154.254,153.467,154.243
1685984400,154.243,154.383,153.954,154.039
1685998800,154.039,154.142,153.755,154.074
1686013200,154.074,154.21,154.006,154.103
1686027600,154.103,154.286,153.518,153.634
1686042000,153.634,153.829,153.379,153.804
1686056400,153.804,153.988,153.717,153.867
1686070800,153.867,153.947,153.83,153.874
1686085200,153.874,153.902,153.724,153.725
1686099600,153.725,153.743,153.406,153.527
1686114000,153.527,153.758,153.267,153.756
1686128400,153.756,154.063,153.61,154.026
1686142800,154.026,154.125,153.691,154.099
1686157200,154.099,154.14,153.96,153.992
1686171600,153.992,154.126,153.781,153.904
1686186000,153.904,154.045,153.595,153.663
1686200400,153.663,153.85,153.519,153.78
1686214800,153.78,154.462,153.631,154.424
1686229200,154.424,154.609,154.19,154.312
1686243600,154.312,154.577,154.304,154.54
1686258000,154.54,154.659,154.404,154.611
1686272400,154.611,154.881,154.611,154.806
1686286800,154.806,155.261,154.788,155.091
1686301200,155.091,155.093,154.394,154.587
1686315600,154.587,154.777,154.258,154.322
1686330000,154.322,154.391,154.266,154.305
1686517200,154.305,154.436,154.142,154.263
1686531600,154.263,154.397,154.168,154.218
1686546000,154.218,154.755,154.149,154.269
1686560400,154.269,154.338,153.538,153.659
1686574800,153.659,153.843,153.404,153.45
1686589200,153.45,153.658,153.371,153.562
1686603600,153.562,153.704,153.428,153.637
1686618000,153.637,153.835,153.553,153.826
1686632400,153.826,154.435,153.821,154.214
1686646800,154.214,154.409,153.631,153.799
1686661200,153.799,154.875,153.611,154.783
1686675600,154.783,154.937,154.728,154.899
1686690000,154.899,154.959,154.674,154.676
1686704400,154.676,154.909,154.633,154.824
1686718800,154.824,154.963,154.609,154.799
1686733200,154.799,155.409,154.765,155.401
1686747600,155.401,155.483,155.227,155.404
1686762000,155.404,155.511,155.116,155.481
1686776400,155.481,155.844,155.389,155.829
1686790800,155.829,156.353,155.79,156.286
1686805200,156.286,156.515,156.11,156.409
1686819600,156.409,156.842,156.196,156.419
1686834000,156.419,157.498,156.362,157.413
1686848400,157.413,157.521,157.279,157.304
1686862800,157.304,157.346,157.067,157.119
1686877200,157.119,157.745,156.853,157.596
1686891600,157.596,158.555,157.594,158.315
1686906000,158.315,158.439,157.867,158.267
1686920400,158.267,158.736,157.974,158.716
1686934800,158.716,158.795,158.518,158.695
1687122000,158.695,158.772,158.47,158.696
1687136400,158.696,158.743,158.148,158.229
1687150800,158.229,158.793,158.207,158.574
1687165200,158.574,158.695,158.284,158.447
1687179600,158.447,158.461,157.935,158.349
1687194000,158.349,158.533,158.32,158.503
1687208400,158.503,158.675,158.232,158.567
1687222800,158.567,158.718,157.99,158.332
1687237200,158.332,158.622,157.706,157.818
1687251600,157.818,157.945,157.496,157.628
1687266000,157.628,157.688,157.198,157.275
1687280400,157.275,157.565,157.239,157.544
1687294800,157.544,157.769,157.401,157.768
1687309200,157.768,157.82,157.492,157.82
1687323600,157.82,158.326,157.712,158.319
1687338000,158.319,158.33,157.876,158.012
1687352400,158.012,158.865,158.012,158.752
1687366800,158.752,158.911,158.657,158.849
1687381200,158.849,158.986,158.722,158.971
1687395600,158.971,158.983,158.685,158.81
1687410000,158.81,159.198,158.321,158.801
1687424400,158.801,159.205,158.57,158.849
1687438800,158.849,159.477,158.733,159.418
1687453200,159.418,159.999,159.366,159.943
1687467600,159.943,160.016,159.678,159.844
1687482000,159.844,159.87,159.37,159.486
1687496400,159.486,159.842,158.49,158.876
1687510800,158.876,159.551,158.856,159.428
1687525200,159.428,160.217,159.338,160.185
1687539600,160.185,160.326,160.112,160.255
1687726800,160.255,160.401,159.902,160.074
1687741200,160.074,160.43,159.972,160.038
1687755600,160.038,160.223,159.672,159.917
1687770000,159.917,160.674,159.898,160.292
1687784400,160.292,160.688,160.27,160.443
1687798800,160.443,160.466,160.185,160.185
1687813200,160.185,160.418,160.043,160.066
1687827600,160.066,160.409,159.988,160.322
1687842000,160.322,160.703,160.257,160.619
1687856400,160.619,160.82,160.408,160.726
1687870800,160.726,161.142,160.41,161.129
1687885200,161.129,161.3,161.126,161.229
1687899600,161.229,161.255,160.892,160.91
1687914000,160.91,161.049,160.826,161.003
1687928400,161.003,161.174,160.785,161.013
1687942800,161.013,161.051,160.589,160.696
1687957200,160.696,161.192,160.611,160.834
1687971600,160.834,161.122,160.781,161.108
1687986000,161.108,161.157,160.757,160.785
1688000400,160.785,160.978,160.719,160.906
1688014800,160.906,161.085,160.638,160.843
1688029200,160.843,161.322,160.795,161.176
1688043600,161.176,161.247,160.9,161.126
1688058000,161.126,161.135,160.939,160.969
1688072400,160.969,161.233,160.878,161.205
1688086800,161.205,161.322,160.971,161.046
1688101200,161.046,161.088,160.478,160.491
1688115600,160.491,160.909,160.451,160.902
1688130000,160.902,161.645,160.865,161.307
1688144400,161.307,161.388,161.07,161.155
1688331600,161.155,161.368,161.109,161.275
1688346000,161.275,161.602,161.273,161.452
1688360400,161.452,161.525,160.983,160.986
1688374800,160.986,161.234,160.566,160.965
1688389200,160.965,161.465,160.7,161.447
1688403600,161.447,161.486,161.347,161.443
1688418000,161.443,161.443,161.16,161.165
1688432400,161.165,161.389,161.143,161.269
1688446800,161.269,161.345,161.068,161.183
1688461200,161.183,161.332,161.12,161.215
1688475600,161.215,161.272,161.059,161.228
1688490000,161.228,161.284,160.936,161.026
1688504400,161.026,161.279,160.982,161.126
1688518800,161.126,161.282,160.979,161.021
1688533200,161.021,161.353,160.554,160.753
1688547600,160.753,161.017,160.457,160.889
1688562000,160.889,161.07,160.626,160.996
1688576400,160.996,161.016,160.908,160.955
1688590800,160.955,161.005,160.433,160.478
1688605200,160.478,160.765,160.121,160.231
1688619600,160.231,160.476,159.981,160.441
1688634000,160.441,160.79,160.367,160.641
1688648400,160.641,160.955,160.514,160.762
1688662800,160.762,160.963,160.743,160.929
1688677200,160.929,160.934,160.534,160.706
1688691600,160.706,160.771,160.553,160.558
1688706000,160.558,160.57,159.534,159.598
1688720400,159.598,160.39,159.572,160.368
1688734800,160.368,160.428,159.504,160.034
1688749200,160.034,160.095,159.783,159.839
1688936400,159.839,160.223,159.839,160.181
1688950800,160.181,160.534,160.066,160.517
1688965200,160.517,160.532,159.76,160.016
1688979600,160.016,160.301,159.597,159.748
1688994000,159.748,159.777,159.252,159.588
1689008400,159.588,159.656,159.477,159.63
1689022800,159.63,159.822,159.371,159.711
1689037200,159.711,159.719,159.022,159.176
1689051600,159.176,159.55,158.992,159.392
1689066000,159.392,159.398,158.926,159.036
1689080400,159.036,159.748,158.978,159.477
1689094800,159.477,159.666,159.456,159.611
1689109200,159.611,159.651,158.994,159.092
1689123600,159.092,159.144,158.783,158.972
1689138000,158.972,159.259,158.719,159.003
1689152400,159.003,159.319,158.502,159.203
1689166800,159.203,159.907,159.202,159.5
1689181200,159.5,159.74,159.306,159.648
1689195600,159.648,159.902,159.422,159.859
1689210000,159.859,160.099,159.756,159.984
1689224400,159.984,160.562,159.885,160.351
1689238800,160.351,160.893,160.34,160.802
1689253200,160.802,161.091,160.448,160.81
1689267600,160.81,160.905,160.645,160.749
1689282000,160.749,160.782,160.296,160.331
1689296400,160.331,160.604,160.015,160.548
1689310800,160.548,161.356,160.455,161.319
1689325200,161.319,161.632,161.022,161.253
1689339600,161.253,161.422,160.755,160.989
1689354000,160.989,161.105,160.787,161.029
1689541200,161.029,161.214,160.582,160.586
1689555600,160.586,161.025,160.586,160.996
1689570000,160.996,161.389,160.852,161.115
1689584400,161.115,161.509,160.753,161.459
1689598800,161.459,161.792,161.296,161.313
1689613200,161.313,161.447,161.142,161.206
1689627600,161.206,161.444,161.104,161.415
1689642000,161.415,161.508,161.196,161.259
1689656400,161.259,161.388,160.855,160.918
1689670800,160.918,161.336,160.818,161.06
1689685200,161.06,161.96,160.697,161.849
1689699600,161.849,162.087,161.716,161.866
1689714000,161.866,162.26,161.703,162.017
1689728400,162.017,162.415,161.956,162.395
1689742800,162.395,162.755,162.236,162.669
1689757200,162.669,163.123,162.488,162.794
1689771600,162.794,162.938,162.363,162.429
1689786000,162.429,162.797,162.382,162.676
1689800400,162.676,162.837,162.52,162.661
1689814800,162.661,162.743,162.437,162.731
1689829200,162.731,162.909,162.435,162.507
1689843600,162.507,162.655,162.1,162.138
1689858000,162.138,162.393,161.826,161.909
1689872400,161.909,161.914,161.498,161.581
1689886800,161.581,161.716,161.306,161.68
1689901200,161.68,161.966,161.565,161.76
1689915600,161.76,163.987,161.748,163.804
1689930000,163.804,163.836,163.332,163.441
1689944400,163.441,163.778,163.4,163.662
1689958800,163.662,163.815,163.56,163.808
1690146000,163.808,163.808,163.49,163.599
1690160400,163.599,163.602,163.118,163.207
1690174800,163.207,163.567,162.76,163.005
1690189200,163.005,163.334,162.817,163.016
1690203600,163.016,163.187,162.87,162.877
1690218000,162.877,162.985,162.644,162.671
1690232400,162.671,162.848,162.578,162.722
1690246800,162.722,162.764,162.491,162.678
1690261200,162.678,163.084,162.549,162.826
1690275600,162.826,162.979,162.561,162.724
1690290000,162.724,163.15,162.647,163.131
1690304400,163.131,163.193,162.973,163.124
1690318800,163.124,163.221,162.885,163.044
1690333200,163.044,163.217,162.93,163.054
1690347600,163.054,163.392,162.529,162.699
1690362000,162.699,162.945,162.474,162.59
1690376400,162.59,162.932,162.457,162.901
1690390800,162.901,163.106,162.624,162.922
1690405200,162.922,163.192,162.729,163.034
1690419600,163.034,163.07,162.364,162.813
1690434000,162.813,163.556,162.712,163.525
1690448400,163.525,163.788,163.09,163.319
1690462800,163.319,163.346,162.347,162.548
1690477200,162.548,162.548,159.605,160.481
1690491600,160.481,160.596,159.652,160.394
1690506000,160.394,162.185,158.843,159.692
1690520400,159.692,160.724,159.353,160.329
1690534800,160.329,161.24,159.904,161.146
1690549200,161.146,162.272,161.129,162.214
1690563600,162.214,162.333,161.861,162.163
1690750800,162.163,162.327,161.702,161.956
1690765200,161.956,162.819,161.893,162.698
1690779600,162.698,163.633,162.512,163.575
1690794000,163.575,163.712,162.882,163.226
1690808400,163.226,164.01,163.181,163.43
1690822800,163.43,163.517,163.044,163.173
1690837200,163.173,163.397,163.106,163.328
1690851600,163.328,163.685,163.275,163.594
1690866000,163.594,163.826,163.033,163.092
1690880400,163.092,163.416,162.903,163.289
1690894800,163.289,163.801,163.22,163.72
1690909200,163.72,163.842,163.642,163.77
1690923600,163.77,164.041,163.519,163.901
1690938000,163.901,164.038,163.287,163.371
1690952400,163.371,163.438,162.099,162.291
1690966800,162.291,162.891,162.171,162.807
1690981200,162.807,163.448,162.65,163.37
1690995600,163.37,163.416,163.218,163.322
1691010000,163.322,163.431,163.219,163.369
1691024400,163.369,163.673,163.158,163.529
1691038800,163.529,163.766,162.548,162.837
1691053200,162.837,163.469,162.836,163.069
1691067600,163.069,163.16,162.437,163.093
1691082000,163.093,163.211,162.917,163.049
1691096400,163.049,163.375,162.85,163.306
1691110800,163.306,163.339,162.869,162.929
1691125200,162.929,163.132,162.52,162.554
1691139600,162.554,163.027,162.441,162.951
1691154000,162.951,162.985,162.579,162.84
1691168400,162.84,162.901,162.37,162.424
1691355600,162.424,162.51,161.962,162.039
1691370000,162.039,162.625,161.979,162.534
1691384400,162.534,162.665,162.21,162.496
1691398800,162.496,162.529,162.246,162.325
1691413200,162.325,163.107,162.308,163.07
1691427600,163.07,163.255,162.997,163.229
1691442000,163.229,163.713,163.142,163.711
1691456400,163.711,164.079,163.578,163.938
1691470800,163.938,164.261,163.355,163.767
1691485200,163.767,163.792,162.865,163.116
1691499600,163.116,163.712,163.046,163.636
1691514000,163.636,163.885,163.544,163.743
1691528400,163.743,163.887,163.558,163.817
1691542800,163.817,163.928,163.724,163.784
1691557200,163.784,164.117,163.728,163.846
1691571600,163.846,163.944,163.375,163.645
1691586000,163.645,163.997,163.548,163.859
1691600400,163.859,163.93,163.762,163.883
1691614800,163.883,164.033,163.78,163.972
1691629200,163.972,164.324,163.861,164.259
1691643600,164.259,164.906,164.181,164.692
1691658000,164.692,165.008,164.38,164.975
1691672400,164.975,165.406,164.797,165.315
1691686800,165.315,165.315,164.933,165.094
1691701200,165.094,165.255,165.03,165.235
1691715600,165.235,165.253,165.074,165.095
1691730000,165.095,165.217,164.796,164.949
1691744400,164.949,165.454,164.801,165.164
1691758800,165.164,165.388,164.923,165.195
1691773200,165.195,165.484,165.172,165.378
1691960400,165.378,165.498,165.159,165.237
1691974800,165.237,165.25,164.916,165.165
1691989200,165.165,165.439,164.949,165.291
1692003600,165.291,165.45,165.012,165.045
1692018000,165.045,165.72,164.837,165.661
1692032400,165.661,165.741,165.488,165.711
1692046800,165.711,165.811,165.559,165.636
1692061200,165.636,165.95,165.551,165.812
1692075600,165.812,166.329,165.569,166.28
1692090000,166.28,166.429,165.74,166.013
1692104400,166.013,166.029,165.556,165.723
1692118800,165.723,165.876,165.638,165.697
1692133200,165.697,165.82,165.582,165.648
1692147600,165.648,165.815,165.591,165.637
1692162000,165.637,165.781,165.46,165.746
1692176400,165.746,165.796,165.503,165.522
1692190800,165.522,166.007,165.493,165.936
1692205200,165.936,166.397,165.929,166.292
1692219600,166.292,166.425,166.087,166.259
1692234000,166.259,166.356,166.232,166.319
1692248400,166.319,166.39,166.103,166.305
1692262800,166.305,166.37,166.073,166.24
1692277200,166.24,166.402,166.041,166.222
1692291600,166.222,166.289,165.657,166.018
1692306000,166.018,166.399,165.745,165.787
1692320400,165.787,165.851,165.46,165.558
1692334800,165.558,165.564,164.896,165.358
1692349200,165.358,165.413,165.013,165.231
1692363600,165.231,165.349,164.513,164.52
1692378000,164.52,164.844,164.433,164.752
1692565200,164.752,164.929,164.643,164.687
1692579600,164.687,165.062,164.547,164.798
1692594000,164.798,165.567,164.754,165.486
1692608400,165.486,166.169,165.485,166.152
1692622800,166.152,166.39,165.878,166.381
1692637200,166.381,166.555,166.248,166.448
1692651600,166.448,166.587,166.247,166.474
1692666000,166.474,166.492,166.241,166.3
1692680400,166.3,166.447,165.9,165.931
1692694800,165.931,166.104,165.818,165.967
1692709200,165.967,166.086,165.616,165.783
1692723600,165.783,165.786,165.63,165.699
1692738000,165.699,165.72,165.424,165.425
1692752400,165.425,165.617,165.322,165.575
1692766800,165.575,165.912,164.938,165.106
1692781200,165.106,165.262,164.828,165.086
1692795600,165.086,165.203,164.498,164.647
1692810000,164.647,165.111,164.627,164.938
1692824400,164.938,165.153,164.784,165.098
1692838800,165.098,165.497,165.076,165.471
1692853200,165.471,165.675,165.034,165.245
1692867600,165.245,165.301,165.032,165.231
1692882000,165.231,165.513,164.956,165.195
1692896400,165.195,165.228,164.789,164.888
1692910800,164.888,165.069,164.836,164.962
1692925200,164.962,165.106,164.647,164.774
1692939600,164.774,165.111,164.663,164.894
1692954000,164.894,165.009,164.812,164.979
1692968400,164.979,165.34,164.931,165.282
1692982800,165.282,165.654,165.282,165.609
1693170000,165.609,165.743,165.412,165.714
1693184400,165.714,165.87,165.642,165.834
1693198800,165.834,166.012,165.68,165.726
1693213200,165.726,165.981,165.556,165.686
1693227600,165.686,165.899,165.574,165.734
1693242000,165.734,165.835,165.618,165.793
1693256400,165.793,165.885,165.704,165.807
1693270800,165.807,165.857,165.715,165.817
1693285200,165.817,165.882,165.454,165.601
1693299600,165.601,166.424,165.547,166.363
1693314000,166.363,166.436,165.856,166
1693328400,166,166.133,165.914,166.08
1693342800,166.08,166.238,165.94,166.079
1693357200,166.079,166.397,166.008,166.229
1693371600,166.229,166.59,166.151,166.502
1693386000,166.502,166.556,166.272,166.387
1693400400,166.387,166.598,166.205,166.313
1693414800,166.313,166.508,166.287,166.47
1693429200,166.47,166.549,166.231,166.394
1693443600,166.394,166.402,165.943,166.05
1693458000,166.05,166.206,165.526,165.703
1693472400,165.703,165.72,165.218,165.55
1693486800,165.55,165.615,164.625,164.797
1693501200,164.797,164.846,164.591,164.752
1693515600,164.752,164.874,164.661,164.749
1693530000,164.749,164.75,164.521,164.728
1693544400,164.728,165.02,164.63,164.793
1693558800,164.793,164.93,164.104,164.299
1693573200,164.299,165.236,164.253,164.99
1693587600,164.99,165.156,164.948,165.109
1693774800,165.109,165.191,164.913,165.123
1693789200,165.123,165.287,165.075,165.182
1693803600,165.182,165.739,165.181,165.608
1693818000,165.608,165.676,165.463,165.572
1693832400,165.572,165.673,165.38,165.656
1693846800,165.656,165.769,165.535,165.616
1693861200,165.616,165.709,165.514,165.64
1693875600,165.64,165.788,165.591,165.728
1693890000,165.728,165.909,165.375,165.57
1693904400,165.57,165.808,165.532,165.765
1693918800,165.765,166.2,165.7,166.104
1693933200,166.104,166.12,165.98,166.079
1693947600,166.079,166.172,165.715,166.07
1693962000,166.07,166.107,165.801,165.842
1693976400,165.842,165.881,165.419,165.646
1693990800,165.646,165.791,165.355,165.389
1694005200,165.389,165.529,165.008,165.413
1694019600,165.413,165.754,165.389,165.7
1694034000,165.7,165.854,165.455,165.719
1694048400,165.719,165.808,165.388,165.476
1694062800,165.476,165.606,165.216,165.311
1694077200,165.311,165.45,164.84,164.858
1694091600,164.858,165.01,164.681,164.726
1694106000,164.726,165.007,164.726,164.981
1694120400,164.981,165.116,164.476,164.842
1694134800,164.842,165.33,164.825,165.216
1694149200,165.216,165.506,165.185,165.479
1694163600,165.479,165.485,165.082,165.414
1694178000,165.414,165.657,165.299,165.485
1694192400,165.485,165.586,165.362,165.517
1694379600,165.517,165.517,164.469,164.77
1694394000,164.77,164.873,164.149,164.2
1694408400,164.2,164.296,163.841,164.154
1694422800,164.154,164.831,164.113,164.34
1694437200,164.34,164.551,164.068,164.502
1694451600,164.502,164.557,164.382,164.539
1694466000,164.539,164.69,164.413,164.532
1694480400,164.532,164.656,164.317,164.631
1694494800,164.631,164.94,164.598,164.621
1694509200,164.621,164.89,164.579,164.757
1694523600,164.757,165.137,164.711,165.057
1694538000,165.057,165.147,164.96,165.02
1694552400,165.02,165.299,164.934,165.262
1694566800,165.262,165.424,165.122,165.412
1694581200,165.412,165.428,164.865,164.895
1694595600,164.895,165.348,164.865,165.21
1694610000,165.21,165.312,164.984,165.123
1694624400,165.123,165.123,164.91,165.001
1694638800,165.001,165.177,164.764,164.866
1694653200,164.866,164.933,164.765,164.925
1694667600,164.925,165.045,164.762,164.876
1694682000,164.876,165.072,164.479,164.722
1694696400,164.722,164.753,164.265,164.337
1694710800,164.337,164.702,164.319,164.665
1694725200,164.665,164.794,164.507,164.68
1694739600,164.68,164.719,164.484,164.68
1694754000,164.68,165.171,164.584,165.036
1694768400,165.036,165.168,164.8,164.956
1694782800,164.956,165.086,164.676,164.962
1694797200,164.962,164.962,164.712,164.715
1694984400,164.715,164.912,164.65,164.735
1694998800,164.735,164.828,164.573,164.632
1695013200,164.632,164.919,164.563,164.718
1695027600,164.718,164.853,164.501,164.55
1695042000,164.55,164.719,164.397,164.604
1695056400,164.604,164.695,164.409,164.545
1695070800,164.545,164.683,164.438,164.587
1695085200,164.587,164.708,164.532,164.655
1695099600,164.655,165.005,164.558,164.802
1695114000,164.802,165.029,164.657,164.851
1695128400,164.851,164.873,164.475,164.599
1695142800,164.599,164.722,164.584,164.688
1695157200,164.688,164.738,164.569,164.601
1695171600,164.601,164.707,164.554,164.604
1695186000,164.604,165.149,164.599,165.044
1695200400,165.044,165.073,164.768,164.888
1695214800,164.888,165.205,164.858,165.112
1695229200,165.112,165.153,164.691,165.078
1695243600,165.078,165.084,164.763,164.818
1695258000,164.818,164.9,164.533,164.839
1695272400,164.839,165.021,163.298,163.36
1695286800,163.36,163.806,162.987,163.62
1695301200,163.62,163.635,163.078,163.138
1695315600,163.138,163.355,163.063,163.164
1695330000,163.164,163.356,163.055,163.138
1695344400,163.138,163.88,163.066,163.636
1695358800,163.636,164.032,163.528,163.643
1695373200,163.643,163.83,163.431,163.749
1695387600,163.749,163.839,163.404,163.601
1695402000,163.601,163.675,163.496,163.57
1695589200,163.57,163.681,163.461,163.533
1695603600,163.533,163.597,163.351,163.38
1695618000,163.38,163.513,163.054,163.287
1695632400,163.287,163.546,163.18,163.379
1695646800,163.379,163.422,163.003,163.205
1695661200,163.205,163.289,163.059,163.261
1695675600,163.261,163.309,162.897,163.117
1695690000,163.117,163.26,162.974,163.202
1695704400,163.202,163.246,162.89,163.2
1695718800,163.2,163.296,163.092,163.111
1695733200,163.111,163.176,162.796,162.828
1695747600,162.828,162.936,162.741,162.779
1695762000,162.779,163.043,162.563,162.64
1695776400,162.64,162.687,162.421,162.485
1695790800,162.485,162.817,162.441,162.62
1695805200,162.62,162.838,162.294,162.546
1695819600,162.546,162.714,162.455,162.541
1695834000,162.541,162.566,162.198,162.416
1695848400,162.416,162.55,162.224,162.364
1695862800,162.364,162.452,162.114,162.178
1695877200,162.178,162.644,162.032,162.626
1695891600,162.626,162.791,162.522,162.522
1695906000,162.522,163.164,162.522,162.911
1695920400,162.911,163.199,162.847,163.186
1695934800,163.186,163.365,162.966,163.247
1695949200,163.247,163.586,163.218,163.517
1695963600,163.517,163.903,163.103,163.856
1695978000,163.856,163.909,163.39,163.694
1695992400,163.694,163.742,162.972,163.377
1696006800,163.377,163.398,163.126,163.174
1696194000,163.174,163.494,163.174,163.397
1696208400,163.397,163.641,163.356,163.49
1696222800,163.49,164.29,163.313,164.259
1696237200,164.259,164.26,163.5,163.564
1696251600,163.564,163.564,162.971,163.109
1696266000,163.109,163.359,163.108,163.187
1696280400,163.187,163.304,162.986,163.183
1696294800,163.183,163.188,163.006,163.023
1696309200,163.023,163.087,162.455,162.878
1696323600,162.878,162.888,162.287,162.547
1696338000,162.547,162.773,160.01,161.794
1696352400,161.794,161.896,161.492,161.805
1696366800,161.805,162.038,161.605,161.986
1696381200,161.986,161.996,161.772,161.885
1696395600,161.885,162.241,161.652,162.182
1696410000,162.182,162.79,162.11,162.694
1696424400,162.694,162.84,162.026,162.531
1696438800,162.531,162.764,162.472,162.589
1696453200,162.589,162.704,162.303,162.355
1696467600,162.355,162.587,162.162,162.502
1696482000,162.502,162.587,162.279,162.348
1696496400,162.348,162.859,162.229,162.596
1696510800,162.596,162.663,162.325,162.431
1696525200,162.431,162.806,162.26,162.806
1696539600,162.806,162.808,162.385,162.782
1696554000,162.782,162.909,162.609,162.859
1696568400,162.859,163.251,162.82,163.127
1696582800,163.127,163.626,162.883,163.01
1696597200,163.01,164.287,162.943,164.049
1696611600,164.049,164.301,164.028,164.14
1696798800,164.14,164.231,163.739,164.205
1696813200,164.205,164.205,163.832,163.879
1696827600,163.879,164.061,163.489,163.786
1696842000,163.786,164.188,163.692,164.05
1696856400,164.05,164.233,163.654,163.771
1696870800,163.771,164.095,163.77,163.801
1696885200,163.801,164.188,163.743,164.029
1696899600,164.029,164.29,163.916,164.128
1696914000,164.128,164.656,163.989,164.611
1696928400,164.611,164.787,164.137,164.226
1696942800,164.226,164.554,164.129,164.339
1696957200,164.339,164.447,164.245,164.427
1696971600,164.427,164.427,164.203,164.314
1696986000,164.314,164.646,164.294,164.512
1697000400,164.512,164.748,164.405,164.679
1697014800,164.679,165.092,164.563,165.057
1697029200,165.057,165.513,165.024,165.219
1697043600,165.219,165.448,164.968,165.376
1697058000,165.376,165.533,165.252,165.497
1697072400,165.497,165.703,165.457,165.594
1697086800,165.594,165.868,165.454,165.65
1697101200,165.65,165.811,165.265,165.543
1697115600,165.543,165.58,165.056,165.09
1697130000,165.09,165.09,164.765,164.898
1697144400,164.898,165.14,164.84,165.061
1697158800,165.061,165.187,165,165.075
1697173200,165.075,165.24,164.857,165.135
1697187600,165.135,165.236,164.671,165.183
1697202000,165.183,166.041,165.073,165.953
1697216400,165.953,166.12,165.7,165.713
1697403600,165.713,165.921,165.591,165.674
1697418000,165.674,165.807,165.671,165.756
1697432400,165.756,165.84,165.402,165.6
1697446800,165.6,165.908,165.52,165.85
1697461200,165.85,166.131,165.685,166.09
1697475600,166.09,166.269,165.99,166.119
1697490000,166.119,166.238,165.956,166.07
1697504400,166.07,166.075,165.925,165.95
1697518800,165.95,166.025,165.744,165.814
1697533200,165.814,166.155,165.178,165.991
1697547600,165.991,166.508,165.918,166.276
1697562000,166.276,166.487,166.221,166.426
1697576400,166.426,166.448,166.234,166.301
1697590800,166.301,166.589,166.227,166.444
1697605200,166.444,166.762,166.406,166.592
1697619600,166.592,166.746,166.39,166.617
1697634000,166.617,167.189,166.55,166.744
1697648400,166.744,166.889,166.676,166.799
1697662800,166.799,166.889,166.546,166.605
1697677200,166.605,166.699,166.552,166.643
1697691600,166.643,166.88,166.437,166.585
1697706000,166.585,167.219,166.585,167.127
1697720400,167.127,167.678,166.952,167.606
1697734800,167.606,168.168,167.592,168.049
1697749200,168.049,168.098,167.798,167.929
1697763600,167.929,168.079,167.83,167.834
1697778000,167.834,168.423,167.746,168.19
1697792400,168.19,168.329,167.902,167.982
1697806800,167.982,168.212,167.82,167.974
1697821200,167.974,168.129,167.88,167.938
1698008400,167.935,168.103,167.607,167.725
1698022800,167.725,167.727,167.549,167.607
1698037200,167.607,168.047,167.388,168.01
1698051600,168.01,168.227,167.796,167.825
1698066000,167.825,168.026,167.572,167.904
1698080400,167.904,168.048,167.672,168.012
1698094800,168.012,168.151,167.761,168.02
1698109200,168.02,168.063,167.846,168.027
1698123600,168.027,168.099,167.459,167.702
1698138000,167.702,167.75,167.478,167.598
1698152400,167.598,167.818,167.454,167.617
1698166800,167.617,167.871,167.606,167.833
1698181200,167.833,167.854,167.656,167.842
1698195600,167.842,167.88,167.741,167.863
1698210000,167.863,167.979,167.447,167.477
1698224400,167.477,167.502,167.223,167.452
1698238800,167.452,167.636,167.217,167.312
1698253200,167.312,167.601,167.166,167.506
1698267600,167.506,167.527,167.297,167.428
1698282000,167.428,167.599,167.38,167.488
1698296400,167.488,167.748,166.883,167.191
1698310800,167.191,167.537,167.103,167.486
1698325200,167.486,167.548,167.031,167.106
1698339600,167.106,167.346,166.96,167.329
1698354000,167.329,167.442,167.163,167.224
1698368400,167.224,167.253,167.1,167.118
1698382800,167.118,167.178,166.571,166.653
1698397200,166.653,166.828,166.251,166.253
1698411600,166.253,166.335,165.64,165.697
1698426000,165.697,166.014,165.555,165.811
1698613200,165.811,166.002,165.777,165.886
1698627600,165.886,165.897,165.562,165.591
1698642000,165.591,165.755,165.38,165.731
1698656400,165.731,166.014,165.491,166.01
1698670800,166.01,166.088,164.981,165.151
1698685200,165.151,165.382,165.024,165.266
1698699600,165.266,165.716,165.203,165.663
1698714000,165.663,166.409,165.461,166.395
1698728400,166.395,166.907,166.357,166.895
1698742800,166.895,167.224,166.522,166.821
1698757200,166.821,166.928,166.261,166.796
1698771600,166.796,166.841,166.359,166.648
1698786000,166.648,167.016,166.236,166.359
1698800400,166.359,166.383,166.159,166.365
1698814800,166.365,166.616,166.234,166.248
1698829200,166.248,166.671,166.238,166.532
1698843600,166.532,166.653,165.878,165.989
1698858000,165.989,166.377,165.975,166.337
1698872400,166.337,166.374,166.091,166.188
1698886800,166.188,166.644,165.95,166.553
1698901200,166.553,166.587,166.066,166.178
1698915600,166.178,166.503,166.008,166.245
1698930000,166.245,166.39,165.949,166.162
1698944400,166.162,166.246,166.051,166.084
1698958800,166.084,166.159,165.955,166.045
1698973200,166.045,166.109,165.953,165.978
1698987600,165.978,166.068,165.816,165.846
1699002000,165.846,166.278,165.71,166.154
1699016400,166.154,166.465,165.871,166.462
1699030800,166.462,166.471,166.056,166.147
1699221600,166.147,166.522,166.079,166.502
1699236000,166.502,166.758,166.502,166.7
1699250400,166.7,167.065,166.65,167.014
1699264800,167.014,167.036,166.678,166.787
1699279200,166.787,167.004,166.693,166.908
1699293600,166.908,166.92,166.771,166.88
1699308000,166.88,167.042,166.76,166.916
1699322400,166.916,167.02,166.84,166.928
1699336800,166.928,167.228,166.837,167.106
1699351200,167.106,167.231,166.84,167.175
1699365600,167.175,167.354,166.995,167.027
1699380000,167.027,167.144,166.983,167.065
1699394400,167.065,167.239,166.942,167.169
1699408800,167.169,167.193,167.044,167.182
1699423200,167.182,167.223,167.027,167.127
1699437600,167.127,167.729,167.058,167.634
1699452000,167.634,167.988,167.559,167.81
1699466400,167.81,167.938,167.736,167.892
1699480800,167.892,167.937,167.703,167.86
1699495200,167.86,167.872,167.753,167.87
1699509600,167.87,167.959,167.571,167.716
1699524000,167.716,167.911,167.606,167.723
1699538400,167.723,167.916,167.565,167.77
1699552800,167.77,167.861,167.423,167.618
1699567200,167.618,167.664,167.439,167.447
1699581600,167.447,167.584,167.412,167.57
1699596000,167.57,167.894,167.388,167.848
1699610400,167.848,168.183,167.745,167.887
1699624800,167.887,167.99,167.638,167.953
1699639200,167.953,168.038,167.863,167.927
1699826400,167.927,168.092,167.809,168.003
1699840800,168.003,168.213,167.995,168.207
1699855200,168.207,168.406,168.179,168.245
1699869600,168.245,168.247,167.688,167.911
1699884000,167.911,168.249,167.513,168.12
1699898400,168.12,168.291,168.07,168.264
1699912800,168.264,168.339,168.149,168.199
1699927200,168.199,168.224,168.072,168.103
1699941600,168.103,168.316,168.08,168.281
1699956000,168.281,168.835,168.073,168.482
1699970400,168.482,169.398,168.46,169.166
1699984800,169.166,169.252,169.055,169.147
1699999200,169.147,169.392,168.945,169.271
1700013600,169.271,169.565,169.258,169.514
1700028000,169.514,169.832,169.108,169.149
1700042400,169.149,169.919,169.132,169.885
1700056800,169.885,170.341,169.825,170.323
1700071200,170.323,170.498,170.241,170.463
1700085600,170.463,170.538,170.181,170.27
1700100000,170.27,170.313,170.18,170.292
1700114400,170.292,170.431,170.028,170.131
1700128800,170.131,170.246,169.756,169.786
1700143200,169.786,169.938,169.445,169.509
1700157600,169.509,169.64,169.325,169.605
1700172000,169.605,169.698,169.416,169.448
1700186400,169.448,169.539,169.217,169.473
1700200800,169.473,169.594,168.436,168.547
1700215200,168.547,168.719,168.171,168.697
1700229600,168.697,168.957,168.454,168.882
1700244000,168.882,169.032,168.861,168.939
1700431200,168.939,169.293,168.774,168.949
1700445600,168.949,169.031,168.295,168.688
1700460000,168.688,168.739,167.837,167.902
1700474400,167.902,168.042,167.573,167.84
1700488800,167.84,168.064,167.575,167.653
1700503200,167.653,167.768,167.582,167.654
1700517600,167.654,167.832,167.38,167.467
1700532000,167.467,167.513,166.798,167.284
1700546400,167.284,167.302,166.558,167.135
1700560800,167.135,167.257,166.906,167.224
1700575200,167.224,167.593,166.96,167.464
1700589600,167.464,167.968,167.457,167.919
1700604000,167.919,167.975,167.609,167.907
1700618400,167.907,168.378,167.752,168.344
1700632800,168.344,168.733,168.28,168.637
1700647200,168.637,168.831,168.194,168.829
1700661600,168.829,169.234,168.554,169.186
1700676000,169.186,169.371,169.184,169.233
1700690400,169.233,169.294,168.834,168.902
1700704800,168.902,169.09,168.71,168.803
1700719200,168.803,169.142,168.716,169.046
1700733600,169.046,169.139,168.811,169.096
1700748000,169.096,169.464,169.039,169.296
1700762400,169.296,169.3,169.078,169.145
1700776800,169.145,169.366,169.028,169.1
1700791200,169.1,169.166,168.833,169.026
1700805600,169.026,169.286,168.854,169.206
1700820000,169.206,169.477,169.176,169.459
1700834400,169.459,169.652,169.335,169.628
1700848800,169.628,169.683,169.263,169.279
1701036000,169.287,169.593,169.041,169.11
1701050400,169.11,169.217,168.766,169.108
1701064800,169.108,169.399,168.873,169.368
1701079200,169.368,169.446,168.885,169.093
1701093600,169.093,169.164,168.831,169.003
1701108000,169.003,169.019,168.736,168.892
1701122400,168.892,168.946,168.267,168.418
1701136800,168.418,168.527,168.211,168.429
1701151200,168.429,168.952,168.311,168.808
1701165600,168.808,168.847,168.383,168.774
1701180000,168.774,168.855,168.103,168.13
1701194400,168.13,168.173,167.844,167.958
1701208800,167.958,168.234,167.401,167.594
1701223200,167.594,167.986,167.519,167.882
1701237600,167.882,168.428,167.618,168.328
1701252000,168.328,168.602,168.122,168.553
1701266400,168.553,168.66,168.25,168.402
1701280800,168.402,168.698,168.347,168.486
1701295200,168.486,168.654,168.109,168.407
1701309600,168.407,168.642,168.36,168.416
1701324000,168.416,168.58,168.043,168.512
1701338400,168.512,168.979,168.495,168.961
1701352800,168.961,170.221,168.954,169.409
1701367200,169.409,169.48,169.152,169.345
1701381600,169.345,169.486,168.912,168.986
1701396000,168.986,169.411,168.941,169.372
1701410400,169.372,169.578,169.066,169.2
1701424800,169.2,169.451,168.953,169.086
1701439200,169.086,169.382,168.673,168.712
1701453600,168.712,169.094,168.703,168.921
1701640800,168.921,168.921,168.323,168.479
1701655200,168.479,168.726,168.373,168.605
1701669600,168.605,168.623,167.794,168.053
1701684000,168.053,168.305,167.726,168.029
1701698400,168.029,168.743,167.915,168.736
1701712800,168.736,168.803,168.627,168.679
1701727200,168.679,168.916,168.557,168.685
1701741600,168.685,168.77,168.571,168.63
1701756000,168.63,168.634,167.725,168.342
1701770400,168.342,168.549,168.078,168.109
1701784800,168.109,168.373,167.841,168.176
1701799200,168.176,168.287,168.146,168.183
1701813600,168.183,168.351,168.133,168.313
1701828000,168.313,168.441,168.22,168.269
1701842400,168.269,168.579,167.848,168.514
1701856800,168.514,168.603,168.116,168.414
1701871200,168.414,168.651,168.275,168.311
1701885600,168.311,168.556,168.275,168.394
1701900000,168.394,168.432,167.82,167.905
1701914400,167.905,167.936,167.304,167.338
1701928800,167.338,167.455,165.832,165.862
1701943200,165.862,166.126,165.304,165.474
1701957600,165.474,165.48,162.17,163.955
1701972000,163.955,164.753,163.728,164.613
1701986400,164.613,164.856,162.955,163.829
1702000800,163.829,164.722,163.487,164.438
1702015200,164.438,165.046,164.302,164.863
1702029600,164.863,165.372,163.841,163.953
1702044000,163.953,164.535,163.868,164.425
1702058400,164.425,164.818,164.392,164.713
1702245600,164.713,165.605,164.597,165.413
1702260000,165.413,165.563,165.219,165.416
1702274400,165.416,166.5,165.277,166.313
1702288800,166.313,166.34,165.998,166.198
1702303200,166.198,166.693,165.806,166.435
1702317600,166.435,166.513,166.342,166.401
1702332000,166.401,166.404,165.802,166.013
1702346400,166.013,166.144,165.78,165.831
1702360800,165.831,166.142,165.604,165.665
1702375200,165.665,166.359,165.65,166.073
1702389600,166.073,166.418,165.946,166.247
1702404000,166.247,166.356,166.139,166.164
1702418400,166.164,166.434,165.88,166.059
1702432800,166.059,166.389,165.993,166.265
1702447200,166.265,166.663,166.231,166.474
1702461600,166.474,166.487,165.895,165.916
1702476000,165.916,165.916,165.501,165.51
1702490400,165.51,165.536,163.9,163.918
1702504800,163.918,164.113,163.13,163.778
1702519200,163.778,163.83,162.66,162.936
1702533600,162.936,163.291,162.18,162.432
1702548000,162.432,163.576,162.347,163.126
1702562400,163.126,164.019,162.876,163.919
1702576800,163.919,164.056,163.499,163.526
1702591200,163.526,164.176,163.526,164.158
1702605600,164.158,164.217,163.457,163.644
1702620000,163.644,163.87,163.233,163.579
1702634400,163.579,163.798,163.163,163.721
1702648800,163.721,163.731,163.043,163.525
1702663200,163.525,163.534,163.197,163.362
1702850400,163.362,163.646,163.24,163.37
1702864800,163.37,163.625,163.309,163.589
1702879200,163.589,164.059,163.552,164.019
1702893600,164.019,164.723,163.898,164.607
1702908000,164.607,164.939,164.567,164.704
1702922400,164.704,164.802,164.512,164.654
1702936800,164.654,164.718,164.054,164.349
1702951200,164.349,165.795,164.272,165.639
1702965600,165.639,166.952,164.558,166.88
1702980000,166.88,167.329,166.801,167.054
1702994400,167.054,167.358,166.781,166.892
1703008800,166.892,167.202,166.839,167.06
1703023200,167.06,167.362,166.973,167.065
1703037600,167.065,167.2,166.467,166.704
1703052000,166.704,166.908,166.335,166.479
1703066400,166.479,166.522,165.915,166.296
1703080800,166.296,167.055,166.268,166.993
1703095200,166.993,167.033,166.296,166.416
1703109600,166.416,166.425,165.793,165.927
1703124000,165.927,165.988,165.66,165.926
1703138400,165.926,166.163,165.775,165.945
1703152800,165.945,166.359,165.717,165.733
1703167200,165.733,166.047,165.625,165.758
1703181600,165.758,166.114,165.755,165.971
1703196000,165.971,166.224,165.714,166.169
1703210400,166.169,166.352,166.029,166.068
1703224800,166.068,166.255,165.865,166.09
1703239200,166.09,166.489,166.02,166.445
1703253600,166.445,166.671,166.273,166.437
1703268000,166.437,166.545,166.194,166.36
1703541600,166.36,166.401,165.918,166.23
1703556000,166.23,166.432,166.147,166.408
1703570400,166.408,166.538,165.933,166.194
1703584800,166.194,166.51,165.971,166.417
1703599200,166.417,166.771,166.382,166.596
1703613600,166.596,166.995,166.568,166.807
1703628000,166.807,167.186,166.723,167.015
1703642400,167.015,167.149,166.835,166.993
1703656800,166.993,167.45,166.732,167.364
1703671200,167.364,167.43,167.034,167.413
1703685600,167.413,168.811,167.392,168.444
1703700000,168.444,168.532,168.008,168.248
1703714400,168.248,168.364,167.626,168.221
1703728800,168.221,168.396,167.908,167.973
1703743200,167.973,168.852,167.694,168.496
1703757600,168.496,168.504,168.041,168.123
1703772000,168.123,168.884,167.923,167.971
1703786400,167.971,168.132,167.295,167.358
1703800800,167.358,168.147,167.243,167.957
1703815200,167.957,168.003,167.537,167.617
1703829600,167.617,169.006,167.519,168.89
1703844000,168.89,169.323,168.722,168.844
1703858400,168.844,169.069,167.275,167.847
1703872800,167.847,167.933,167.522,167.574
1704146400,167.574,167.92,167.373,167.876
1704160800,167.876,167.927,167.395,167.506
1704175200,167.506,167.724,167.019,167.29
1704189600,167.29,167.508,166.801,167.365
1704204000,167.365,167.412,166.977,167.01
1704218400,167.01,167.21,166.894,166.964
1704232800,166.964,167.243,166.947,167.168
1704247200,167.168,167.248,166.977,167.214
1704261600,167.214,167.806,167.038,167.525
1704276000,167.525,167.703,166.989,167.701
1704290400,167.701,168.867,167.602,168.612
1704304800,168.612,168.788,168.302,168.756
1704319200,168.756,168.756,168.223,168.677
1704333600,168.677,169.319,168.601,169.206
1704348000,169.206,169.447,168.704,169.377
1704362400,169.377,169.875,169.358,169.787
1704376800,169.787,170.431,169.775,169.843
1704391200,169.843,170.193,169.743,170.114
1704405600,170.114,170.546,170.003,170.454
1704420000,170.454,170.476,170.076,170.186
1704434400,170.186,170.696,170.106,170.225
1704448800,170.225,170.693,169.972,170.589
1704463200,170.589,170.811,169.927,170.319
1704477600,170.319,170.49,170.031,170.158
1704664800,170.158,170.257,169.781,169.8
1704679200,169.8,169.902,169.479,169.507
1704693600,169.507,170.091,169.337,169.52
1704708000,169.52,170.098,169.498,169.976
1704722400,169.976,170.086,169.753,169.953
1704736800,169.953,170.183,169.919,170.067
1704751200,170.067,170.169,169.458,169.487
1704765600,169.487,169.722,169.422,169.612
1704780000,169.612,170.096,169.279,169.409
1704794400,169.409,169.487,169.056,169.155
1704808800,169.155,169.653,168.875,169.568
1704823200,169.568,169.642,169.413,169.49
1704837600,169.49,169.917,169.327,169.843
1704852000,169.843,170.019,169.735,169.871
1704866400,169.871,170.194,169.791,170.065
1704880800,170.065,170.453,170.002,170.418
1704895200,170.418,171.229,170.35,171.108
1704909600,171.108,171.347,170.9,171.318
1704924000,171.318,171.423,171.068,171.125
1704938400,171.125,171.313,171.014,171.17
1704952800,171.17,171.333,170.856,171.054
1704967200,171.054,171.223,170.719,171.092
1704981600,171.092,171.493,170.539,170.608
1704996000,170.608,170.767,170.399,170.524
1705010400,170.524,170.726,170.193,170.415
1705024800,170.415,170.555,170.044,170.426
1705039200,170.426,170.468,169.941,169.999
1705053600,169.999,170.391,169.832,169.834
1705068000,169.834,170.277,169.765,169.849
1705082400,169.849,170.044,169.828,169.928
1705269600,169.928,170.15,169.904,170.059
1705284000,170.059,170.385,169.987,170.362
1705298400,170.362,170.706,170.268,170.578
1705312800,170.578,170.894,170.496,170.752
1705327200,170.752,170.765,170.282,170.304
1705341600,170.304,170.379,170.278,170.297
1705356000,170.297,170.433,170.025,170.249
1705370400,170.249,170.486,170.119,170.124
1705384800,170.124,170.313,169.883,170.292
1705399200,170.292,170.61,170.211,170.311
1705413600,170.311,170.909,170.22,170.854
1705428000,170.854,171.029,170.777,170.825
1705442400,170.825,171.09,170.732,170.892
1705456800,170.892,171.16,170.803,171.107
1705471200,171.107,171.529,171.097,171.389
1705485600,171.389,171.585,170.584,170.789
1705500000,170.789,171.327,170.73,171.268
1705514400,171.268,171.458,171.207,171.404
1705528800,171.404,171.468,171.2,171.344
1705543200,171.344,171.38,170.988,171.004
1705557600,171.004,171.229,170.706,171.064
1705572000,171.064,171.106,170.464,170.617
1705586400,170.617,170.678,170.394,170.611
1705600800,170.611,170.714,170.409,170.671
1705615200,170.671,170.926,170.463,170.895
1705629600,170.895,171.151,170.635,171.117
1705644000,171.117,171.202,170.332,170.389
1705658400,170.389,170.51,170.176,170.454
1705672800,170.454,170.757,170.26,170.423
1705687200,170.423,170.72,170.423,170.619
1705874400,170.619,170.809,170.281,170.354
1705888800,170.354,170.571,170.253,170.521
1705903200,170.521,170.897,170.355,170.686
1705917600,170.686,170.698,170.095,170.262
1705932000,170.262,170.415,170.001,170.39
1705946400,170.39,170.522,170.275,170.424
1705960800,170.424,170.627,170.176,170.62
1705975200,170.62,171.182,170.569,170.877
1705989600,170.877,171.061,169.743,170.14
1706004000,170.14,170.446,170.046,170.431
1706018400,170.431,170.6,170.09,170.52
1706032800,170.52,170.581,170.322,170.498
1706047200,170.498,170.603,170.189,170.255
1706061600,170.255,170.445,169.93,170.136
1706076000,170.136,170.553,169.941,170.534
1706090400,170.534,170.695,170.319,170.444
1706104800,170.444,170.755,170.041,170.715
1706119200,170.715,171.07,170.69,170.967
1706133600,170.967,171.087,170.776,170.873
1706148000,170.873,171.034,170.755,170.932
1706162400,170.932,171.181,170.841,170.991
1706176800,170.991,171.046,170.346,170.368
1706191200,170.368,170.446,169.959,170.404
1706205600,170.404,170.46,170.279,170.279
1706220000,170.279,170.45,170.108,170.236
1706234400,170.236,170.515,170.133,170.461
1706248800,170.461,171.068,170.194,170.891
1706263200,170.891,171.304,170.829,171.026
1706277600,171.026,171.672,170.997,171.33
1706292000,171.33,171.549,171.236,171.464
1706479200,171.464,171.616,171.084,171.555
1706493600,171.555,171.668,171.353,171.353
1706508000,171.353,171.829,171.232,171.41
1706522400,171.41,171.602,171.299,171.424
1706536800,171.424,171.505,170.831,170.92
1706551200,170.92,171.296,170.823,171.26
1706565600,171.26,171.272,170.909,171.01
1706580000,171.01,171.187,170.967,171.039
1706594400,171.039,171.129,170.592,170.779
1706608800,170.779,171.106,170.517,171.083
1706623200,171.083,171.371,170.828,171.356
1706637600,171.356,171.384,171.223,171.284
1706652000,171.284,171.419,170.791,171.099
1706666400,171.099,171.232,170.965,171.19
1706680800,171.19,171.321,170.776,171.259
1706695200,171.259,171.414,171.031,171.245
1706709600,171.245,171.427,170.123,170.246
1706724000,170.246,170.718,170.096,170.574
1706738400,170.574,170.638,169.989,170.038
1706752800,170.038,170.104,169.909,170.06
1706767200,170.06,170.23,169.665,170.139
1706781600,170.139,170.424,169.94,170.035
1706796000,170.035,170.658,169.781,170.465
1706810400,170.465,170.766,170.41,170.723
1706824800,170.723,170.885,170.612,170.688
1706839200,170.688,170.902,170.671,170.793
1706853600,170.793,171.494,170.733,171.302
1706868000,171.302,171.463,171.123,171.331
1706882400,171.331,171.401,170.998,171.199
1706896800,171.199,171.253,170.993,171.166
1707084000,171.166,171.43,171.023,171.044
1707098400,171.044,171.188,170.919,170.945
1707112800,170.945,171.237,170.595,170.639
1707127200,170.639,171.009,170.558,170.575
1707141600,170.575,170.864,170.494,170.8
1707156000,170.8,170.899,170.708,170.775
1707170400,170.775,170.902,170.566,170.611
1707184800,170.611,170.802,170.59,170.702
1707199200,170.702,170.817,170.355,170.364
1707213600,170.364,170.576,170.191,170.235
1707228000,170.235,170.242,169.889,169.982
1707242400,169.982,170.108,169.945,170.087
1707256800,170.087,170.113,169.906,170.044
1707271200,170.044,170.202,170.002,170.15
1707285600,170.15,170.268,169.708,169.765
1707300000,169.765,170.084,169.506,170.057
1707314400,170.057,170.072,169.397,169.513
1707328800,169.513,169.559,169.284,169.438
1707343200,169.438,169.873,169.288,169.832
1707357600,169.832,170.252,169.832,170.193
1707372000,170.193,170.498,170.182,170.452
1707386400,170.452,170.851,170.402,170.555
1707400800,170.555,170.948,170.472,170.855
1707415200,170.855,170.961,170.743,170.922
1707429600,170.922,171.02,170.829,170.87
1707444000,170.87,171.013,170.846,170.878
1707458400,170.878,171.016,170.477,170.634
1707472800,170.634,170.804,170.56,170.791
1707487200,170.791,170.913,170.605,170.715
1707501600,170.715,170.803,170.563,170.652
1707688800,170.652,170.702,170.51,170.621
1707703200,170.621,170.661,170.564,170.624
1707717600,170.624,170.823,170.301,170.33
1707732000,170.33,170.388,170.07,170.147
1707746400,170.147,170.68,170.143,170.537
1707760800,170.537,170.614,170.49,170.523
1707775200,170.523,170.759,170.437,170.482
1707789600,170.482,170.724,170.456,170.7
1707804000,170.7,170.887,169.693,170.04
1707818400,170.04,170.179,169.429,169.854
1707832800,169.854,170.062,169.608,169.962
1707847200,169.962,170.033,169.88,170.021
1707861600,170.021,170.168,169.681,169.749
1707876000,169.749,169.879,169.721,169.865
1707890400,169.865,169.939,169.46,169.776
1707904800,169.776,170.015,169.627,170.01
1707919200,170.01,170.081,169.793,169.95
1707933600,169.95,170.072,169.907,170.001
1707948000,170.001,170.082,169.556,169.613
1707962400,169.613,169.769,169.558,169.681
1707976800,169.681,169.985,169.587,169.865
1707991200,169.865,170.196,169.787,170.036
1708005600,170.036,170.591,170.034,170.4615
1708020000,170.4615,170.5005,170.3505,170.3905
1708034400,170.3905,170.536,170.315,170.41
1708048800,170.41,170.5955,170.4065,170.454
1708063200,170.454,170.5975,170.3945,170.569
1708077600,170.569,170.648,170.4015,170.5575
1708092000,170.5575,170.7075,170.429,170.5575
1708106400,170.5575,170.641,170.4185,170.54
1708293600,170.54,170.594,170.254,170.2875
1708308000,170.2875,170.323,170.063,170.2885
1708322400,170.2885,170.337,170.075,170.1595
1708336800,170.1595,170.4255,170.137,170.1995
1708351200,170.1995,170.321,170.1225,170.127
1708365600,170.127,170.2245,170.0955,170.218
1708380000,170.218,170.325,170.099,170.169
1708394400,170.169,170.3735,170.148,170.371
1708408800,170.371,170.491,170.13,170.435
1708423200,170.435,170.5265,170.1435,170.483
1708437600,170.483,170.5005,170.0545,170.101
1708452000,170.101,170.2095,170.061,170.1105
1708466400,170.1105,170.301,170.005,170.218
1708480800,170.218,170.378,170.199,170.352
1708495200,170.352,170.5385,170.2505,170.497
1708509600,170.497,170.661,170.399,170.5935
1708524000,170.5935,170.943,170.5365,170.7545
1708538400,170.7545,170.927,170.714,170.923
1708552800,170.923,171.2755,170.873,171.048
1708567200,171.048,171.203,170.992,171.165
1708581600,171.165,171.703,171.105,171.2305
1708596000,171.2305,171.2505,170.9845,171.065
1708610400,171.065,171.0665,170.636,170.856
1708624800,170.856,171.0455,170.826,171.029
1708639200,171.029,171.056,170.8555,170.8995
1708653600,170.8995,171.015,170.8655,170.978
1708668000,170.978,171.0645,170.911,170.983
1708682400,170.983,171.326,170.927,171.0335
1708696800,171.0335,171.035,170.625,170.807
1708711200,170.807,170.8545,170.666,170.832
1708898400,170.832,171.047,170.457,170.6245
1708912800,170.6245,170.855,170.554,170.766
1708927200,170.766,171.2185,170.704,171.2185
1708941600,171.2185,171.368,171.1115,171.3295
1708956000,171.3295,171.398,171.063,171.17
1708970400,171.17,171.271,171.091,171.248
1708984800,171.248,171.293,170.9255,170.9845
1708999200,170.9845,171.086,170.949,171.0745
1709013600,171.0745,171.148,170.74,170.822
1709028000,170.822,170.9575,170.6095,170.7945
1709042400,170.7945,171.2,170.7795,170.9765
1709056800,170.9765,171.3405,170.954,171.2985
1709071200,171.2985,171.308,171.017,171.06
1709085600,171.06,171.176,170.986,171.082
1709100000,171.082,171.233,171,171.034
1709114400,171.034,171.3215,170.995,171.2385
1709128800,171.2385,171.512,171.175,171.419
1709143200,171.419,171.518,171.355,171.4755
1709157600,171.4755,171.4755,170.923,170.95
1709172000,170.95,170.9795,170.351,170.6755
1709186400,170.6755,170.69,170.2185,170.6125
1709200800,170.6125,170.673,170.2905,170.3715
1709215200,170.3715,170.4865,169.613,169.6995
1709229600,169.6995,169.7435,169.505,169.5675
1709244000,169.5675,170.061,169.4995,170.0425
1709258400,170.0425,170.1215,169.9735,170.019
1709272800,170.019,170.1965,169.7605,170.1745
1709287200,170.1745,170.224,169.6035,169.673
1709301600,169.673,169.901,169.414,169.855
1709316000,169.855,170.018,169.747,169.9475
1709503200,169.9475,169.988,169.734,169.9165
1709517600,169.9165,170.197,169.909,170.194
1709532000,170.194,170.7165,170.173,170.2465
1709546400,170.2465,170.3865,169.812,170.116
1709560800,170.116,170.2615,169.7715,170.2105
1709575200,170.2105,170.2645,170.0615,170.1035
1709589600,170.1035,170.207,169.8295,169.9135
1709604000,169.9135,170.05,169.9115,169.9415
1709618400,169.9415,169.9655,169.642,169.8035
1709632800,169.8035,169.8285,169.507,169.5235
1709647200,169.5235,170.049,169.486,169.8515
1709661600,169.8515,169.894,169.6245,169.8485
1709676000,169.8485,169.8985,169.4735,169.5455
1709690400,169.5455,169.6075,169.415,169.5045
1709704800,169.5045,169.5575,168.932,169.188
1709719200,169.188,169.3055,169.0065,169.04
1709733600,169.04,169.4805,169.008,169.318
1709748000,169.318,169.4395,169.205,169.331
1709762400,169.331,169.331,168.5365,168.5505
1709776800,168.5505,168.721,168.4515,168.5665
1709791200,168.5665,168.613,167.733,168.0115
1709805600,168.0115,168.231,167.8035,168.0405
1709820000,168.0405,168.756,168.0075,168.555
1709834400,168.555,168.7485,168.519,168.672
1709848800,168.672,168.801,168.2645,168.6635
1709863200,168.6635,168.7685,168.4375,168.478
1709877600,168.478,168.763,167.6315,167.868
1709892000,167.868,168.014,167.5435,167.932
1709906400,167.932,168.044,167.696,167.697
1709920800,167.697,167.7105,167.5335,167.5485
1710104400,167.5485,167.87,167.183,167.292
1710118800,167.292,167.613,167.093,167.3695
1710133200,167.3695,167.6615,167.3465,167.4975
1710147600,167.4975,167.5145,167.1275,167.2755
1710162000,167.2755,167.3915,167.085,167.212
1710176400,167.212,167.507,167.1005,167.4805
1710190800,167.4805,167.512,167.1355,167.3945
1710205200,167.3945,168.05,167.3945,168.0365
1710219600,168.0365,168.281,167.847,168.0795
1710234000,168.0795,168.558,168.0625,168.297
1710248400,168.297,168.4545,168.116,168.214
1710262800,168.214,168.3585,168.096,168.348
1710277200,168.348,168.366,167.958,167.964
1710291600,167.964,168.128,167.8245,168.114
1710306000,168.114,168.353,168.0745,168.3205
1710320400,168.3205,168.6565,168.1515,168.6075
1710334800,168.6075,168.6395,168.218,168.274
1710349200,168.274,168.3335,168.093,168.093
1710363600,168.093,168.117,167.904,168.0145
1710378000,168.0145,168.2715,167.9805,168.212
1710392400,168.212,168.2475,167.9715,168.0345
1710406800,168.0345,168.1995,167.923,168.0715
1710421200,168.0715,168.1775,167.609,167.7925
1710435600,167.7925,167.913,167.692,167.825
1710450000,167.825,167.918,167.6835,167.769
1710464400,167.769,167.9785,167.561,167.629
1710478800,167.629,168.304,167.3465,168.1825
1710493200,168.1825,168.644,168.1805,168.577
1710507600,168.577,168.8315,168.5485,168.6415
1710522000,168.6415,168.742,168.5165,168.6825
1710709200,168.6825,168.9695,168.5635,168.961
1710723600,168.961,169.026,168.68,168.786
1710738000,168.786,168.975,168.6505,168.7855
1710752400,168.7855,168.9775,168.7305,168.826
1710766800,168.826,168.8275,168.1405,168.165
1710781200,168.165,168.181,167.856,168.03
1710795600,168.03,168.268,167.9375,167.969
1710810000,167.969,168.9345,167.8175,168.8315
1710824400,168.8315,169.54,168.806,169.442
1710838800,169.442,169.759,169.234,169.671
1710853200,169.671,170.007,169.5855,169.9785
1710867600,169.9785,170.027,169.8535,169.878
1710882000,169.878,170.242,169.791,170.1015
1710896400,170.1015,170.454,170.0065,170.358
1710910800,170.358,170.4625,170.112,170.15
1710925200,170.15,170.4335,170.0965,170.4195
1710939600,170.4195,170.42,170.0555,170.204
1710954000,170.204,170.717,169.6445,170.552
1710968400,170.552,170.709,170.0485,170.1735
1710982800,170.1735,170.323,169.9365,170.2935
1710997200,170.2935,170.807,168.598,168.932
1711011600,168.932,169.3595,168.5265,168.9605
1711026000,168.9605,169.019,168.457,168.881
1711040400,168.881,168.9545,168.808,168.932
1711054800,168.932,168.992,168.7695,168.839
1711069200,168.839,168.9445,168.4015,168.594
1711083600,168.594,168.6685,167.9825,168.1075
1711098000,168.1075,168.4135,167.998,168.3035
1711112400,168.3035,168.6125,168.19,168.4455
1711126800,168.4455,168.8415,168.3885,168.7605
1711314000,168.736,168.7935,168.3755,168.429
1711328400,168.429,168.6245,168.337,168.615
1711342800,168.615,168.646,168.3985,168.488
1711357200,168.488,168.659,168.427,168.481
1711371600,168.481,168.731,168.4065,168.4995
1711386000,168.4995,168.58,168.3355,168.346
1711400400,168.346,168.4395,168.202,168.2045
1711414800,168.2045,168.274,168.075,168.0955
1711429200,168.0955,168.2445,167.745,167.8865
1711443600,167.8865,168.0655,167.5505,167.6585
1711458000,167.6585,167.9295,167.445,167.6735
1711472400,167.6735,167.784,167.6235,167.649
1711486800,167.649,167.751,167.5185,167.575
1711501200,167.575,167.969,167.566,167.71
1711515600,167.71,167.762,167.2745,167.547
1711530000,167.547,167.5635,166.5775,166.6945
1711544400,166.6945,167.158,166.6495,167.1185
1711558800,167.1185,167.3535,167.0125,167.3405
1711573200,167.3405,167.3495,166.9045,167.1325
1711587600,167.1325,167.281,167.0955,167.212
1711602000,167.212,167.2235,166.983,167.0725
1711616400,167.0725,167.3025,167.0165,167.293
1711630800,167.293,168.0265,167.292,167.9445
1711645200,167.9445,168.019,167.7525,167.838
1711659600,167.838,168.0485,167.6015,167.741
1711674000,167.741,167.9015,167.5485,167.666
1711688400,167.666,168.029,167.6145,167.8735
1711702800,167.8735,167.9615,167.7085,167.785
1711717200,167.785,167.8415,167.604,167.654
1711731600,167.654,167.928,167.5625,167.787
1711918800,167.787,167.9015,167.721,167.8385
1711933200,167.8385,167.895,167.6375,167.8455
1711947600,167.8455,168.0635,167.779,167.9905
1711962000,167.9905,168.056,167.7665,167.8705
1711976400,167.8705,167.8935,167.529,167.6355
1711990800,167.6355,167.7075,167.4735,167.7025
1712005200,167.7025,167.743,167.352,167.565
1712019600,167.565,167.619,167.4005,167.4495
1712034000,167.4495,167.484,166.783,166.911
1712048400,166.911,167.1175,166.8275,167.0595
1712062800,167.0595,167.3995,167.01,167.117
1712077200,167.117,167.1235,166.837,166.9185
1712091600,166.9185,167.0045,166.799,166.879
1712106000,166.879,166.9955,166.8435,166.911
1712120400,166.911,167.074,166.7665,167.057
1712134800,167.057,167.2045,166.896,167.0605
1712149200,167.0605,167.925,167.0385,167.779
1712163600,167.779,168.0385,167.7415,167.9965
1712178000,167.9965,167.9965,167.8055,167.8995
1712192400,167.8995,167.9815,167.877,167.913
1712206800,167.913,167.9895,167.149,167.4735
1712221200,167.4735,167.5725,167.2255,167.5705
1712235600,167.5705,167.738,167.459,167.659
1712250000,167.659,167.9305,167.3655,167.901
1712264400,167.901,168.0285,167.277,167.4135
1712278800,167.4135,167.653,167.2855,167.5285
1712293200,167.5285,167.753,167.288,167.5925
1712307600,167.5925,167.7125,167.1205,167.5025
1712322000,167.5025,168.4845,167.389,168.1585
1712336400,168.1585,168.2305,167.949,168.137
1712523600,168.094,168.327,167.766,167.819
1712538000,167.819,168.1515,167.8,167.912
1712552400,167.912,168.0815,167.6665,167.731
1712566800,167.731,167.854,167.579,167.842
1712581200,167.842,167.8945,167.54,167.658
1712595600,167.658,167.8005,167.5585,167.664
1712610000,167.664,167.813,167.529,167.76
1712624400,167.76,167.861,167.717,167.8575
1712638800,167.8575,167.999,167.798,167.926
1712653200,167.926,168.3055,167.8405,168.2685
1712667600,168.2685,168.3855,167.7285,167.88
1712682000,167.88,168.0055,167.832,167.957
1712696400,167.957,168.0775,167.807,167.9525
1712710800,167.9525,168.023,167.8535,167.934
1712725200,167.934,168.1385,167.897,168.0405
1712739600,168.0405,168.269,167.2985,167.64
1712754000,167.64,167.654,167.297,167.297
1712768400,167.297,167.8325,167.2325,167.777
1712782800,167.777,167.828,167.3455,167.368
1712797200,167.368,167.5965,167.3175,167.549
1712811600,167.549,167.7735,167.453,167.692
1712826000,167.692,168.473,167.62,168.175
1712840400,168.175,168.3875,167.9525,168.297
1712854800,168.297,168.4825,168.2785,168.4255
1712869200,168.4255,168.5055,168.15,168.154
1712883600,168.154,168.358,168.154,168.168
1712898000,168.168,168.2285,167.829,167.973
1712912400,167.973,168.063,167.677,167.714
1712926800,167.714,168.0355,167.534,167.789
1712941200,167.789,167.8595,167.548,167.6265
1713128400,167.6265,167.903,167.5335,167.853
1713142800,167.853,168.265,167.846,168.2165
1713157200,168.2165,168.651,168.208,168.551
1713171600,168.551,168.856,168.442,168.795
1713186000,168.795,168.9745,168.3685,168.938
1713200400,168.938,169.265,168.7935,169.2405
1713214800,169.2405,169.2405,168.908,169.0235
1713229200,169.0235,169.1755,168.9185,169.009
1713243600,169.009,169.3535,168.9895,169.168
1713258000,169.168,169.657,169.13,169.57
1713272400,169.57,169.6105,168.776,169.41
1713286800,169.41,169.551,169.3165,169.457
1713301200,169.457,169.6195,169.376,169.562
1713315600,169.562,169.595,169.464,169.5
1713330000,169.5,169.912,169.24,169.8595
1713344400,169.8595,169.8595,169.5395,169.605
1713358800,169.605,169.799,169.265,169.352
1713373200,169.352,169.615,169.324,169.5
1713387600,169.5,169.536,169.367,169.463
1713402000,169.463,169.6015,169.155,169.534
1713416400,169.534,169.935,169.504,169.884
1713430800,169.884,170.067,169.6725,169.7145
1713445200,169.7145,169.784,169.449,169.5785
1713459600,169.5785,169.7195,169.45,169.496
1713474000,169.496,169.64,169.3105,169.548
1713488400,169.548,170.748,169.5365,169.904
1713502800,169.904,170.226,169.737,169.968
1713517200,169.968,170.3465,169.864,170.2005
1713531600,170.2005,170.335,169.863,169.878
1713546000,169.878,170.005,169.7835,169.854
1713733200,169.854,169.9305,169.675,169.778
1713747600,169.778,169.898,169.567,169.7065
1713762000,169.7065,169.974,169.6055,169.8615
1713776400,169.8615,169.918,169.6815,169.8305
1713790800,169.8305,169.9315,169.6295,169.793
1713805200,169.793,169.9425,169.743,169.782
1713819600,169.782,169.9015,169.7215,169.824
1713834000,169.824,169.837,169.5965,169.616
1713848400,169.616,170.147,169.4905,169.8145
1713862800,169.8145,169.971,169.6365,169.858
1713877200,169.858,170.193,169.7135,169.8195
1713891600,169.8195,169.885,169.7115,169.7875
1713906000,169.7875,169.8635,169.688,169.8205
1713920400,169.8205,169.867,169.762,169.834
1713934800,169.834,169.8715,169.3165,169.4205
1713949200,169.4205,169.6735,169.1745,169.658
1713963600,169.658,169.866,169.583,169.7235
1713978000,169.7235,170.0095,169.6755,169.7515
1713992400,169.7515,169.994,169.6565,169.9325
1714006800,169.9325,170.2,169.8945,170.163
1714021200,170.163,170.6235,170.1615,170.6015
1714035600,170.6015,170.6605,169.965,170.1195
1714050000,170.1195,170.4045,169.825,170.3615
1714064400,170.3615,170.662,170.337,170.662
1714078800,170.662,170.662,170.3945,170.5145
1714093200,170.5145,171.0885,170.314,171.0625
1714107600,171.0625,171.974,170.329,171.7615
1714122000,171.7615,172.12,171.479,171.797
1714136400,171.797,172.575,171.7045,172.514
1714150800,172.514,173.221,172.454,173.133
1714338000,173.133,173.314,172.736,173.218
1714352400,173.218,175.06,170.493,171.61
1714366800,171.61,172.38,169.628,170.97
1714381200,170.97,171.614,170.4975,171.4645
1714395600,171.4645,172.117,170.6055,171.27
1714410000,171.27,171.709,170.9925,171.7035
1714424400,171.7035,172.099,171.367,172.067
1714438800,172.067,172.221,171.827,171.9575
1714453200,171.9575,172.018,171.3745,171.9555
1714467600,171.9555,172.298,171.6925,172.0595
1714482000,172.0595,172.2405,171.379,171.5315
1714496400,171.5315,171.6405,171.4535,171.595
1714510800,171.595,171.86,171.537,171.5485
1714525200,171.5485,171.692,171.3655,171.428
1714539600,171.428,171.595,171.3095,171.5655
1714554000,171.5655,171.762,171.481,171.639
1714568400,171.639,171.662,171.3125,171.3745
1714582800,171.3745,171.648,167.3555,168.9
1714597200,168.9,170.2935,168.3175,170.2095
1714611600,170.2095,170.423,169.943,170.083
1714626000,170.083,170.7375,169.6755,170.0265
1714640400,170.0265,170.325,169.423,169.442
1714654800,169.442,169.6025,168.3795,168.7305
1714669200,168.7305,168.927,168.198,168.7465
1714683600,168.7465,169.01,168.0485,168.3965
1714698000,168.3965,168.484,168.045,168.147
1714712400,168.147,168.968,168.146,168.765
1714726800,168.765,169.146,168.4665,168.5625
1714741200,168.5625,169.087,168.4085,168.811
1714755600,168.811,169.129,168.7975,169.115
1714942800,169.115,169.7065,168.7815,169.402
1714957200,169.402,169.9635,169.351,169.8965
1714971600,169.8965,170.0415,169.6685,169.9275
1714986000,169.9275,169.9415,169.685,169.858
1715000400,169.858,170.166,169.8005,169.8615
1715014800,169.8615,169.9255,169.786,169.831
1715029200,169.831,170.135,169.769,169.8645
1715043600,169.8645,170.4225,169.824,170.267
1715058000,170.267,170.3845,169.7365,170.059
1715072400,170.059,170.418,170.043,170.289
1715086800,170.289,170.4245,170.128,170.194
1715101200,170.194,170.296,170.091,170.2815
1715115600,170.2815,170.416,170.061,170.38
1715130000,170.38,170.6855,170.353,170.6015
1715144400,170.6015,171.048,170.5795,171.0415
1715158800,171.0415,171.231,170.82,171.2215
1715173200,171.2215,171.33,171.1185,171.2115
1715187600,171.2115,171.3465,171.163,171.163
1715202000,171.163,171.404,170.9155,171.3085
1715216400,171.3085,171.353,171.164,171.261
1715230800,171.261,171.503,171.2405,171.3625
1715245200,171.3625,171.6685,171.278,171.614
1715259600,171.614,171.6715,171.43,171.637
1715274000,171.637,171.6765,171.5525,171.618
1715288400,171.618,171.682,171.4135,171.609
1715302800,171.609,171.7985,171.5725,171.7065
1715317200,171.7065,171.8975,171.5995,171.813
1715331600,171.813,171.897,171.618,171.7
1715346000,171.7,171.995,171.5095,171.976
1715360400,171.976,172.053,171.796,171.9185
1715547600,171.9185,172.0525,171.5395,172.0265
1715562000,172.0265,172.0365,171.574,171.8055
1715576400,171.8055,172.005,171.791,171.952
1715590800,171.952,172.0785,171.742,172.0045
1715605200,172.0045,172.2255,171.9035,172.1755
1715619600,172.1755,172.1755,171.8885,171.998
1715634000,171.998,172.164,171.9185,172.062
1715648400,172.062,172.2525,172.059,172.135
1715662800,172.135,172.4475,172.1085,172.406
1715677200,172.406,172.589,172.1705,172.562
1715691600,172.562,172.7175,172.4575,172.615
1715706000,172.615,172.618,172.504,172.5505
1715720400,172.5505,172.667,172.4665,172.507
1715734800,172.507,172.694,172.4205,172.5495
1715749200,172.5495,172.665,171.9135,171.9885
1715763600,171.9885,172.1975,171.599,171.6785
1715778000,171.6785,172.0075,171.3445,171.6365
1715792400,171.6365,171.7235,171.4055,171.675
1715806800,171.675,171.675,170.8345,170.911
1715821200,170.911,171.327,170.8165,170.8865
1715835600,170.8865,171.649,170.8365,171.481
1715850000,171.481,171.7255,171.2595,171.701
1715864400,171.701,171.7645,171.5005,171.5985
1715878800,171.5985,171.632,171.456,171.4655
1715893200,171.4655,171.5835,171.2905,171.395
1715907600,171.395,171.8465,171.3825,171.7075
1715922000,171.7075,171.8125,171.355,171.451
1715936400,171.451,171.4945,171.236,171.4095
1715950800,171.4095,171.525,171.173,171.3675
1715965200,171.3675,171.479,171.1345,171.174
1716152400,171.174,171.469,171.1345,171.4345
1716166800,171.4345,171.504,171.2185,171.31
1716181200,171.31,171.3845,171.0385,171.29
1716195600,171.29,171.5655,171.2165,171.4935
1716210000,171.4935,171.964,171.488,171.6735
1716224400,171.6735,171.774,171.585,171.617
1716238800,171.617,171.851,171.5425,171.7685
1716253200,171.7685,171.83,171.627,171.7765
1716267600,171.7765,171.805,171.4885,171.713
1716282000,171.713,171.886,171.655,171.702
1716296400,171.702,171.718,171.288,171.4445
1716310800,171.4445,171.5325,171.387,171.396
1716325200,171.396,171.543,171.316,171.515
1716339600,171.515,171.598,171.471,171.5305
1716354000,171.5305,171.6425,171.255,171.4265
1716368400,171.4265,171.458,170.9835,171.211
1716382800,171.211,171.312,171.1125,171.253
1716397200,171.253,171.2705,171.074,171.236
1716411600,171.236,171.487,171.1425,171.3335
1716426000,171.3335,171.458,171.3055,171.347
1716440400,171.347,171.529,171.0345,171.392
1716454800,171.392,171.6195,171.368,171.6075
1716469200,171.6075,171.912,171.329,171.6655
1716483600,171.6655,171.675,171.4515,171.643
1716498000,171.643,171.758,171.5315,171.6805
1716512400,171.6805,171.7885,171.5335,171.6245
1716526800,171.6245,171.7785,171.5485,171.638
1716541200,171.638,171.762,171.4835,171.7285
1716555600,171.7285,171.8535,171.5225,171.6305
1716570000,171.6305,171.7155,171.5365,171.646
1716757200,171.646,171.723,171.412,171.4825
1716771600,171.4825,171.501,171.3415,171.4445
1716786000,171.4445,171.6255,171.3505,171.619
1716800400,171.619,171.7665,171.37,171.4375
1716814800,171.4375,171.8005,171.4255,171.7455
1716829200,171.7455,171.775,171.6995,171.709
1716843600,171.709,171.8875,171.581,171.8595
1716858000,171.8595,171.916,171.7365,171.7935
1716872400,171.7935,172.272,171.7815,171.9985
1716886800,171.9985,172.4865,171.994,172.176
1716901200,172.176,172.3925,172.1015,172.3
1716915600,172.3,172.3845,172.197,172.228
1716930000,172.228,172.4945,172.228,172.4805
1716944400,172.4805,172.4985,172.31,172.3325
1716958800,172.3325,172.383,172.0445,172.12
1716973200,172.12,172.5325,172.016,172.4275
1716987600,172.4275,172.638,172.3385,172.5995
1717002000,172.5995,172.688,172.5035,172.612
1717016400,172.612,172.674,172.205,172.2635
1717030800,172.2635,172.4035,172.102,172.172
1717045200,172.172,173.05,171.856,173.0255
1717059600,173.0255,173.3115,172.6955,173.0935
1717074000,173.0935,173.42,172.844,173.357
1717088400,173.357,173.641,173.356,173.591
1717102800,173.591,173.8005,173.4065,173.6085
1717117200,173.6085,173.77,173.321,173.3485
1717131600,173.3485,173.766,173.225,173.62
1717146000,173.62,173.756,173.4625,173.6725
1717160400,173.6725,174.254,173.6125,174.007
1717174800,174.007,174.3695,174.007,174.327
1717362000,174.327,174.474,174.023,174.3415
1717376400,174.3415,174.6755,174.298,174.627
1717390800,174.627,174.69,173.9635,173.983
1717405200,173.983,174.1535,173.798,173.984
1717419600,173.984,174.3995,173.9035,174.274
1717434000,174.274,174.521,174.2025,174.262
1717448400,174.262,174.749,174.101,174.69
1717462800,174.69,174.713,174.455,174.506
1717477200,174.506,174.5115,173.457,173.497
1717491600,173.497,173.7045,173.219,173.6405
1717506000,173.6405,174.113,173.4275,174.06
1717520400,174.06,174.1165,173.84,174.013
1717534800,174.013,174.499,173.852,174.3155
1717549200,174.3155,174.678,174.31,174.6235
1717563600,174.6235,175.1475,174.532,175.123
1717578000,175.123,175.124,174.794,174.9975
1717592400,174.9975,175.0575,174.5575,174.666
1717606800,174.666,174.809,174.5675,174.732
1717621200,174.732,174.7925,174.5165,174.6055
1717635600,174.6055,174.9775,174.487,174.765
1717650000,174.765,175.2245,174.743,175.062
1717664400,175.062,175.374,174.8645,175.2565
1717678800,175.2565,175.2985,174.7355,174.752
1717693200,174.752,175.0385,174.7035,174.998
1717707600,174.998,175.044,174.809,174.984
1717722000,174.984,175.094,174.7975,174.8395
1717736400,174.8395,174.953,174.4785,174.68
1717750800,174.68,175.269,174.448,175.109
1717765200,175.109,175.149,174.5675,174.8205
1717779600,174.8205,174.8695,174.674,174.844
1717966800,174.844,175.07,174.6255,174.908
1717981200,174.908,175.1925,174.8555,175.0835
1717995600,175.0835,175.1685,174.786,174.9935
1718010000,174.9935,175.1655,174.8145,175.0395
1718024400,175.0395,175.1005,174.786,175.0625
1718038800,175.0625,175.259,175.047,175.174
1718053200,175.174,175.315,175.0905,175.2765
1718067600,175.2765,175.4275,175.2075,175.393
1718082000,175.393,175.5295,175.277,175.305
1718096400,175.305,175.4255,174.7985,174.8655
1718110800,174.8655,175.1745,174.837,175.168
1718125200,175.168,175.168,174.945,175.034
1718139600,175.034,175.109,174.906,174.984
1718154000,174.984,175.142,174.9165,175.13
1718168400,175.13,175.4685,175.1105,175.4425
1718182800,175.4425,175.99,175.3375,175.3685
1718197200,175.3685,175.3695,174.6585,174.7985
1718211600,174.7985,175.416,174.7155,175.233
1718226000,175.233,175.516,175.101,175.3755
1718240400,175.3755,175.4895,175.2235,175.381
1718254800,175.381,175.768,175.38,175.619
1718269200,175.619,175.656,175.233,175.5115
1718283600,175.5115,175.663,175.298,175.3145
1718298000,175.3145,175.7865,175.2915,175.665
1718312400,175.665,175.9,175.41,175.8485
1718326800,175.8485,176.675,175.5535,176.6265
1718341200,176.6265,176.9185,176.206,176.5315
1718355600,176.5315,176.563,175.4835,176.212
1718370000,176.212,176.871,176.1755,176.6385
1718384400,176.6385,176.875,176.6275,176.8
1718571600,176.8,176.9595,176.617,176.8145
1718586000,176.8145,176.8605,176.669,176.746
1718600400,176.746,176.892,176.4935,176.7715
1718614800,176.7715,176.9275,176.6075,176.824
1718629200,176.824,177.1205,176.79,177.099
1718643600,177.099,177.339,177.0675,177.339
1718658000,177.339,177.5535,177.115,177.5335
1718672400,177.5335,177.5365,177.1585,177.2795
1718686800,177.2795,178.019,177.229,177.9175
1718701200,177.9175,178.3215,177.9025,178.2935
1718715600,178.2935,178.742,178.1275,178.399
1718730000,178.399,178.6055,178.3625,178.544
1718744400,178.544,178.6295,178.422,178.555
1718758800,178.555,178.585,178.411,178.4955
1718773200,178.4955,178.5925,178.168,178.4535
1718787600,178.4535,178.694,178.254,178.584
1718802000,178.584,178.699,178.5435,178.61
1718816400,178.61,178.7855,178.555,178.779
1718830800,178.779,178.8055,178.512,178.757
1718845200,178.757,178.9615,178.752,178.9275
1718859600,178.9275,179.0705,177.783,178.133
1718874000,178.133,178.192,177.663,177.795
1718888400,177.795,178.3235,177.6895,178.235
1718902800,178.235,178.372,178.2285,178.298
1718917200,178.298,178.404,178.1825,178.385
1718931600,178.385,178.398,178.1515,178.2985
1718946000,178.2985,178.412,178.0025,178.0575
1718960400,178.0575,178.215,177.9055,178.0585
1718974800,178.0585,178.6315,177.854,178.324
1718989200,178.324,178.7445,178.303,178.675
1719176400,178.6965,178.8435,178.5925,178.7745
1719190800,178.7745,178.8225,178.6315,178.7675
1719205200,178.7675,178.857,178.623,178.75
1719219600,178.75,178.852,177.932,178.5895
1719234000,178.5895,178.791,178.4305,178.6685
1719248400,178.6685,178.8655,178.6125,178.773
1719262800,178.773,178.8875,178.6705,178.712
1719277200,178.712,178.8165,178.5055,178.751
1719291600,178.751,178.785,178.4015,178.4635
1719306000,178.4635,178.63,178.361,178.561
1719320400,178.561,178.6435,178.421,178.4945
1719334800,178.4945,178.5375,178.375,178.494
1719349200,178.494,178.494,178.293,178.385
1719363600,178.385,178.642,178.3815,178.483
1719378000,178.483,178.516,178.2475,178.293
1719392400,178.293,178.9635,178.1265,178.908
1719406800,178.908,179.1935,178.6825,178.9635
1719421200,178.9635,179.2655,178.952,179.226
1719435600,179.226,179.297,178.9275,179.081
1719450000,179.081,179.101,178.75,178.8055
1719464400,178.8055,178.9545,178.762,178.855
1719478800,178.855,178.9685,178.6315,178.96
1719493200,178.96,179.1305,178.8585,178.9535
1719507600,178.9535,178.988,178.8385,178.8945
1719522000,178.8945,179.1435,178.771,179.1235
1719536400,179.1235,179.238,178.8425,179.0275
1719550800,179.0275,179.0785,178.7365,178.8935
1719565200,178.8935,178.8945,178.343,178.4665
1719579600,178.4665,179.0895,178.2355,179.022
1719594000,179.022,179.1235,178.856,179.018
1719781200,179.023,179.1555,178.6375,178.9745
1719795600,178.9745,179.0505,178.8625,179.0505
1719810000,179.0505,179.184,178.7615,178.85
1719824400,178.85,178.931,178.671,178.8135
1719838800,178.8135,179.0605,178.668,178.7645
1719853200,178.7645,178.8805,178.621,178.864
1719867600,178.864,178.9245,178.726,178.81
1719882000,178.81,178.927,178.7805,178.8485
1719896400,178.8485,178.9195,178.661,178.7075
1719910800,178.7075,178.8715,178.5885,178.616
1719925200,178.616,178.765,178.4055,178.6365
1719939600,178.6365,178.6885,178.538,178.608
1719954000,178.608,178.7735,178.5485,178.756
1719968400,178.756,178.865,178.6945,178.845
1719982800,178.845,179.1195,178.7475,179.105
1719997200,179.105,179.38,179.0545,179.272
1720011600,179.272,179.36,178.81,179.3435
1720026000,179.3435,179.439,179.1705,179.36
1720040400,179.36,179.423,179.152,179.249
1720054800,179.249,179.311,178.9705,179.232
1720069200,179.232,179.4205,178.568,178.9
1720083600,178.9,179.11,178.8325,179.05
1720098000,179.05,179.127,178.9135,179.063
1720112400,179.063,179.2275,179.046,179.151
1720126800,179.151,179.2865,178.7815,179.022
1720141200,179.022,179.0915,178.68,178.788
1720155600,178.788,179.041,178.7635,178.9335
1720170000,178.9335,179.224,178.593,179.2235
1720184400,179.2235,179.5415,178.9895,179.249
1720198800,179.249,179.547,179.2445,179.455
1720386000,179.455,179.7095,179.323,179.353
1720400400,179.353,179.45,179.0355,179.3655
1720414800,179.3655,179.92,179.349,179.893
1720429200,179.893,179.8935,179.2905,179.2955
1720443600,179.2955,179.5075,178.9375,179.154
1720458000,179.154,179.2605,179.125,179.148
1720472400,179.148,179.229,179.037,179.1275
1720486800,179.1275,179.3265,179.0935,179.2
1720501200,179.2,179.246,178.9755,179.239
1720515600,179.239,179.493,179.2355,179.4215
1720530000,179.4215,179.846,179.392,179.695
1720544400,179.695,179.759,179.5935,179.7
1720558800,179.7,179.8765,179.597,179.813
1720573200,179.813,179.95,179.8055,179.916
1720587600,179.916,180.07,179.843,179.989
1720602000,179.989,180.0455,179.7025,179.7595
1720616400,179.7595,179.8985,179.575,179.817
1720630800,179.817,179.8515,179.7195,179.7195
1720645200,179.7195,179.781,179.6395,179.729
1720659600,179.729,179.859,179.7285,179.821
1720674000,179.821,179.894,179.7235,179.8155
1720688400,179.8155,179.9825,177.4665,177.626
1720702800,177.626,177.877,176.516,177.324
1720717200,177.324,177.5405,177.162,177.162
1720731600,177.162,177.822,176.1795,177.5625
1720746000,177.5625,177.77,177.168,177.5525
1720760400,177.5525,177.874,177.404,177.6245
1720774800,177.6245,177.776,177.1585,177.518
1720789200,177.518,177.5525,176.0595,176.4835
1720803600,176.4835,176.617,176.404,176.409
1720990800,176.409,176.875,176.2925,176.415
1721005200,176.415,176.505,176.29,176.411
1721019600,176.411,176.738,176.2835,176.533
1721034000,176.533,176.8725,176.474,176.646
1721048400,176.646,176.789,175.885,176.267
1721062800,176.267,176.5545,176.2395,176.478
1721077200,176.478,176.8245,176.345,176.806
1721091600,176.806,177.2235,176.8005,177.1875
1721106000,177.1875,177.342,176.9365,177.0145
1721120400,177.0145,177.0415,176.641,176.949
1721134800,176.949,177.1425,176.832,177.118
1721149200,177.118,177.252,177.0555,177.165
1721163600,177.165,177.3145,177.0425,177.249
1721178000,177.249,177.338,177.0245,177.0245
1721192400,177.0245,177.044,175.8915,176.066
1721206800,176.066,176.855,175.908,176.695
1721221200,176.695,177.0405,176.51,176.729
1721235600,176.729,176.949,176.5435,176.799
1721250000,176.799,176.9325,176.0835,176.245
1721264400,176.245,176.9975,176.204,176.732
1721278800,176.732,177.0795,176.313,176.939
1721293200,176.939,177.111,176.7235,177.0715
1721307600,177.0715,177.366,176.902,177.366
1721322000,177.366,177.396,177.2475,177.285
1721336400,177.285,177.529,176.9595,177.0405
1721350800,177.0405,177.2425,177.0115,177.0745
1721365200,177.0745,177.3565,177.0725,177.2955
1721595600,177.2955,177.31,177.0385,177.244
1721610000,177.244,177.349,177.156,177.1825
1721624400,177.1825,177.1825,176.0765,176.6195
1721638800,176.6195,176.835,176.38,176.3895
1721653200,176.3895,176.585,176.266,176.5635
1721667600,176.5635,176.663,176.512,176.5125
1721682000,176.5125,176.599,176.0815,176.1515
1721696400,176.1515,176.322,175.69,175.817
1721710800,175.817,176.051,175.123,175.2815
1721725200,175.2815,175.3265,174.9955,175.0385
1721739600,175.0385,175.222,174.64,174.718
1721754000,174.718,174.759,174.52,174.557
1721768400,174.557,174.876,174.5335,174.7125
1721782800,174.7125,174.759,173.4255,173.485
1721797200,173.485,174.1755,173.267,174.17
1721811600,174.17,174.5075,173.725,173.8405
1721826000,173.8405,174.0415,173.1925,173.5635
1721840400,173.5635,173.959,173.5545,173.875
1721854800,173.875,173.954,172.825,173.2635
1721869200,173.2635,173.3765,172.334,172.8525
1721883600,172.8525,173.443,172.6465,173.392
1721898000,173.392,174.544,173.185,174.2965
1721912400,174.2965,175.168,174.18,174.985
1721926800,174.985,175.0005,174.529,174.624
1721941200,174.624,174.903,174.1805,174.6725
1721955600,174.6725,174.85,174.3025,174.4395
1721970000,174.4395,174.7735,174.199,174.6675
1721984400,174.6675,175.1295,174.4785,174.7185
1721998800,174.7185,174.7185,173.5505,174.14
1722013200,174.14,174.1915,173.9355,174.005
1722200400,174.005,174.5135,173.8845,173.9935
1722214800,173.9935,174.1255,173.4705,173.717
1722229200,173.717,173.9005,173.449,173.6225
1722243600,173.6225,174.0155,173.507,173.9115
1722258000,173.9115,174.0815,173.6285,173.716
1722272400,173.716,173.858,173.7035,173.8225
1722286800,173.8225,173.8645,173.326,173.6855
1722301200,173.6855,174.1655,173.5575,174.142
1722315600,174.142,174.8725,174.1245,174.5215
1722330000,174.5215,174.8765,174.4935,174.8005
1722344400,174.8005,174.8005,173.3025,173.4835
1722358800,173.4835,173.5735,172.914,173.092
1722373200,173.092,173.3505,172.426,172.7335
1722387600,172.7335,174.2445,172.0445,173.0745
1722402000,173.0745,173.5155,170.3105,171.1915
1722416400,171.1915,171.2035,170.41,171.022
1722430800,171.022,171.1055,170.4845,170.9225
1722445200,170.9225,171.5105,170.4435,170.7365
1722459600,170.7365,171.1525,170.248,170.312
1722474000,170.312,170.704,169.5025,170.67
1722488400,170.67,171.3575,170.57,170.9425
1722502800,170.9425,172.182,170.784,172.1805
1722517200,172.1805,172.208,171.4265,171.5215
1722531600,171.5215,171.544,170.9815,171.134
1722546000,171.134,171.295,170.5855,171.2085
1722560400,171.2085,171.615,171.0675,171.2
1722574800,171.2,171.3105,170.56,171.004
1722589200,171.004,171.291,169.9255,170.6105
1722603600,170.6105,171.128,170.3205,170.776
1722618000,170.776,170.958,170.4565,170.872
1722805200,170.872,170.872,169.731,170.2715
1722819600,170.2715,170.305,167.4835,168.605
1722834000,168.605,169.0855,167.0955,167.493
1722848400,167.493,168.665,166.825,168.4515
1722862800,168.4515,169.481,167.687,168.9465
1722877200,168.9465,169.302,168.59,169.211
1722891600,169.211,171.1615,168.624,169.767
1722906000,169.767,170.3925,168.8975,169.9735
1722920400,169.9735,170.7675,169.2545,169.631
1722934800,169.631,170.0545,169.0205,169.5175
1722949200,169.5175,170.4255,169.286,170.3075
1722963600,170.3075,170.347,169.406,169.499
1722978000,169.499,170.0645,169.373,169.569
1722992400,169.569,172.19,169.4495,171.872
1723006800,171.872,172.0555,170.902,171.408
1723021200,171.408,171.4225,170.396,170.7025
1723035600,170.7025,170.8055,169.9575,170.5415
1723050000,170.5415,170.857,170.2065,170.2285
1723064400,170.2285,170.334,169.598,170.0815
1723078800,170.0815,170.6255,169.952,170.1195
1723093200,170.1195,170.35,169.6165,170.3295
1723107600,170.3295,170.851,170.233,170.6195
1723122000,170.6195,170.641,169.696,170.009
1723136400,170.009,170.1345,169.822,169.9095
1723150800,169.9095,170.523,169.8505,170.278
1723165200,170.278,170.3605,169.6995,169.7685
1723179600,169.7685,170.1565,169.4945,170.1155
1723194000,170.1155,170.2855,169.5685,169.7655
1723208400,169.7655,169.829,169.314,169.6185
1723222800,169.6185,169.712,169.4475,169.467
1723410000,169.467,170.0685,169.467,169.767
1723424400,169.767,169.9375,169.6555,169.7525
1723438800,169.7525,169.8795,169.469,169.6725
1723453200,169.6725,170.0645,169.4905,169.9665
1723467600,169.9665,170.3455,169.8735,170.0015
1723482000,170.0015,170.2515,169.91,170.149
1723496400,170.149,170.1845,169.7785,169.993
1723510800,169.993,170.3655,169.993,170.3125
1723525200,170.3125,170.6345,170.2455,170.465
1723539600,170.465,170.488,169.7825,170.0905
1723554000,170.0905,170.177,169.6525,169.6635
1723568400,169.6635,169.8695,169.6275,169.767
1723582800,169.767,170.09,169.642,169.962
1723597200,169.962,170.007,169.11,169.86
1723611600,169.86,170.7325,169.7655,170.5755
1723626000,170.5755,170.6145,169.878,170.2785
1723640400,170.2785,170.4345,169.8525,169.929
1723654800,169.929,170.439,169.9165,170.298
1723669200,170.298,170.352,170.1065,170.2025
1723683600,170.2025,170.3925,170.1105,170.1855
1723698000,170.1855,170.231,169.941,170.103
1723712400,170.103,170.7245,169.866,170.6175
1723726800,170.6175,171.1665,170.452,170.883
1723741200,170.883,171.1695,170.7415,171.0575
1723755600,171.0575,171.157,170.8015,171.059
1723770000,171.059,171.1135,170.7575,170.881
1723784400,170.881,171.3725,170.8685,171.1975
1723798800,171.1975,171.248,170.343,170.3695
1723813200,170.3695,170.6295,170.3245,170.4245
1723827600,170.4245,170.466,170.27,170.429
1724014800,170.429,170.72,170.322,170.5275
1724029200,170.5275,170.5575,168.8795,169.221
1724043600,169.221,169.318,168.364,168.957
1724058000,168.957,169.353,168.8405,168.9655
1724072400,168.9655,169.816,168.9645,169.7515
1724086800,169.7515,170.0495,169.738,169.909
1724101200,169.909,170.173,169.605,169.7575
1724115600,169.7575,170.666,169.4855,170.4515
1724130000,170.4515,170.971,170.2095,170.356
1724144400,170.356,170.444,170.061,170.1315
1724158800,170.1315,170.299,169.6645,169.821
1724173200,169.821,170.1165,169.784,170.078
1724187600,170.078,170.5005,169.8405,170.4095
1724202000,170.4095,170.624,170.1755,170.54
1724216400,170.54,170.928,170.375,170.7515
1724230800,170.7515,170.926,170.6805,170.6975
1724245200,170.6975,171.675,170.383,170.5515
1724259600,170.5515,170.5845,170.041,170.485
1724274000,170.485,170.769,170.236,170.62
1724288400,170.62,170.8835,170.3225,170.4655
1724302800,170.4655,171.3795,170.3915,171.087
1724317200,171.087,171.5895,171.0105,171.555
1724331600,171.555,171.802,171.3035,171.741
1724346000,171.741,171.8575,171.582,171.621
1724360400,171.621,171.7555,171.392,171.522
1724374800,171.522,171.58,170.8435,171.1435
1724389200,171.1435,171.441,170.8075,171.299
1724403600,171.299,171.4755,171.255,171.301
1724418000,171.301,171.537,170.402,170.4555
1724432400,170.4555,170.5795,169.9805,170.292
1724619600,170.292,170.292,169.5115,169.7945
1724634000,169.7945,170.038,169.576,170.0265
1724648400,170.0265,170.118,169.634,170.0835
1724662800,170.0835,170.284,169.825,169.844
1724677200,169.844,170.5645,169.765,170.4955
1724691600,170.4955,170.6825,170.43,170.5795
1724706000,170.5795,170.8925,170.392,170.8845
1724720400,170.8845,171.0525,170.742,170.7545
1724734800,170.7545,171.257,170.7165,171.1465
1724749200,171.1465,171.2055,170.7545,170.807
1724763600,170.807,171.3245,170.7525,170.9455
1724778000,170.9455,171.2195,170.911,171.048
1724792400,171.048,171.3015,170.791,171.202
1724806800,171.202,171.3655,171.103,171.1445
1724821200,171.1445,171.467,171.042,171.212
1724835600,171.212,171.4055,170.9955,171.356
1724850000,171.356,171.72,171.3475,171.6955
1724864400,171.6955,171.838,171.591,171.683
1724878800,171.683,171.742,171.423,171.605
1724893200,171.605,172.136,171.5645,172.1095
1724907600,172.1095,172.275,170.841,171.344
1724922000,171.344,171.7155,171.139,171.6885
1724936400,171.6885,171.772,171.1385,171.2395
1724950800,171.2395,171.255,171.045,171.089
1724965200,171.089,171.274,170.7705,170.849
1724979600,170.849,171.012,170.774,170.8655
1724994000,170.8655,171.072,170.802,171.0055
1725008400,171.0055,171.383,170.8935,171.319
1725022800,171.319,171.867,171.038,171.8635
1725037200,171.8635,172.033,171.781,171.9805
1725224400,171.9785,172.28,171.8715,171.983
1725238800,171.983,172.065,171.5595,171.7105
1725253200,171.7105,172.822,171.707,172.615
1725267600,172.615,172.778,172.503,172.6775
1725282000,172.6775,172.724,172.129,172.4295
1725296400,172.4295,172.56,172.4295,172.52
1725310800,172.52,172.665,172.262,172.575
1725325200,172.575,172.603,171.6975,171.8415
1725339600,171.8415,171.906,170.7695,171.02
1725354000,171.02,171.6235,170.8775,171.4565
1725368400,171.4565,171.676,171.0695,171.3585
1725382800,171.3585,171.491,171.0075,171.088
1725397200,171.088,171.253,170.763,171.105
1725411600,171.105,171.45,171.0795,171.185
1725426000,171.185,171.2555,170.659,171.094
1725440400,171.094,171.1225,170.3395,170.459
1725454800,170.459,170.5525,169.7935,169.8755
1725469200,169.8755,169.953,169.7665,169.805
1725483600,169.805,169.8505,169.331,169.708
1725498000,169.708,169.883,169.511,169.5855
1725512400,169.5855,169.811,169.1275,169.6865
1725526800,169.6865,169.7065,169.0555,169.127
1725541200,169.127,169.8975,169.0555,169.6505
1725555600,169.6505,170.015,169.468,169.9705
1725570000,169.9705,169.9825,169.702,169.785
1725584400,169.785,169.9325,169.5525,169.662
1725598800,169.662,169.6785,169.005,169.5795
1725613200,169.5795,170.2135,169.043,169.447
1725627600,169.447,169.8775,168.5675,168.8505
1725642000,168.8505,168.9885,168.6875,168.923
1725829200,168.923,169.0435,168.422,168.982
1725843600,168.982,169.135,168.768,168.9715
1725858000,168.9715,169.235,168.7475,169.0225
1725872400,169.0225,169.426,168.7065,168.738
1725886800,168.738,168.738,168.2725,168.441
1725901200,168.441,168.608,168.3265,168.562
1725915600,168.562,168.88,168.2905,168.839
1725930000,168.839,168.907,168.6145,168.651
1725944400,168.651,169.3415,168.6205,169.2085
1725958800,169.2085,169.217,168.682,168.753
1725973200,168.753,168.924,168.1395,168.237
1725987600,168.237,168.2945,167.9975,168.172
1726002000,168.172,168.2085,167.8,168.0845
1726016400,168.0845,168.1685,167.044,167.3465
1726030800,167.3465,167.622,167.065,167.384
1726045200,167.384,167.7775,167.087,167.338
1726059600,167.338,167.416,166.572,166.976
1726074000,166.976,167.244,166.902,167.03
1726088400,167.03,167.595,166.962,167.3515
1726102800,167.3515,167.432,167.0155,167.374
1726117200,167.374,167.568,166.8485,166.9235
1726131600,166.9235,167.071,166.517,166.633
1726146000,166.633,167.1275,166.4015,167.0625
1726160400,167.0625,167.113,166.6025,166.652
1726174800,166.652,166.7275,166.197,166.222
1726189200,166.222,166.2835,165.722,165.9325
1726203600,165.9325,166.4705,165.692,165.894
1726218000,165.894,166.449,165.6405,166.429
1726232400,166.429,166.4805,165.5845,166.0865
1726246800,166.0865,166.26,165.851,165.8865
1726434000,165.8865,166.173,165.5975,165.8795
1726448400,165.8795,165.976,165.5655,165.724
1726462800,165.724,165.7665,165.299,165.623
1726477200,165.623,166.1665,165.5435,166.058
1726491600,166.058,166.6155,166.0495,166.486
1726506000,166.486,166.55,166.351,166.447
1726520400,166.447,167.0615,166.312,166.525
1726534800,166.525,166.694,166.2645,166.6375
1726549200,166.6375,166.8145,166.3005,166.7025
1726563600,166.7025,166.77,166.4815,166.5625
1726578000,166.5625,167.725,166.5605,167.498
1726592400,167.498,168.1415,167.4775,168.102
1726606800,168.102,168.17,167.418,167.496
1726621200,167.496,167.6385,167.099,167.1845
1726635600,167.1845,168.1835,167.1295,167.919
1726650000,167.919,168.32,167.8915,168.055
1726664400,168.055,168.1445,167.6965,167.8815
1726678800,167.8815,168.31,167.198,168.125
1726693200,168.125,168.971,167.7355,168.839
1726707600,168.839,169.194,168.523,168.723
1726722000,168.723,168.825,168.0425,168.802
1726736400,168.802,169.241,168.362,169.0285
1726750800,169.0285,169.034,168.3065,168.716
1726765200,168.716,168.7545,168.2255,168.2465
1726779600,168.2465,168.5785,168.175,168.175
1726794000,168.175,168.548,167.766,168.0115
1726808400,168.0115,169.8,167.68,169.75
1726822800,169.75,169.981,169.3365,169.498
1726837200,169.498,169.9015,169.211,169.295
1726851600,169.295,169.579,169.0725,169.182
1727038800,169.182,169.523,169.0465,169.368
1727053200,169.368,169.6835,169.368,169.5195
1727067600,169.5195,169.589,168.5215,168.7135
1727082000,168.7135,169.24,168.6605,169.1715
1727096400,169.1715,169.807,169.091,169.332
1727110800,169.332,169.5405,169.2405,169.4535
1727125200,169.4535,169.627,169.284,169.528
1727139600,169.528,169.9,169.36,169.8025
1727154000,169.8025,170.5465,169.774,170.1775
1727168400,170.1775,170.2745,169.61,169.9615
1727182800,169.9615,170.1035,169.5995,169.76
1727197200,169.76,169.99,169.697,169.829
1727211600,169.829,170.194,169.623,170.1105
1727226000,170.1105,170.3685,170.046,170.084
1727240400,170.084,170.566,169.985,170.0225
1727254800,170.0225,170.292,169.6485,170.068
1727269200,170.068,170.2,169.72,170.051
1727283600,170.051,170.324,170.0075,170.214
1727298000,170.214,170.408,169.9855,169.9905
1727312400,169.9905,170.5245,169.9815,170.26
1727326800,170.26,171.4805,170.116,170.465
1727341200,170.465,170.89,170.0945,170.3235
1727355600,170.3235,171.078,170.153,171.0175
1727370000,171.0175,171.2185,170.899,171.143
1727384400,171.143,171.6595,171.096,171.65
1727398800,171.65,171.907,171.2045,171.9035
1727413200,171.9035,172.541,168.6745,169.361
1727427600,169.361,169.8605,169.154,169.4955
1727442000,169.4955,169.8935,169.074,169.22
1727456400,169.22,169.352,169.004,169.205
1727643600,169.205,169.908,169.037,169.6265
1727658000,169.6265,169.8075,168.878,168.908
1727672400,168.908,169.097,168.3115,169
1727686800,169,169.4635,168.8005,169.4405
1727701200,169.4405,169.74,169.0145,169.474
1727715600,169.474,169.923,169.37,169.867
1727730000,169.867,170.313,169.635,170.2715
1727744400,170.2715,170.6065,170.042,170.522
1727758800,170.522,170.706,169.5365,169.817
1727773200,169.817,170.0165,169.551,169.875
1727787600,169.875,170.0885,169.435,169.6685
1727802000,169.6685,169.809,169.465,169.59
1727816400,169.59,170.0355,169.484,169.9765
1727830800,169.9765,170.2785,169.789,169.9645
1727845200,169.9645,170.631,169.836,170.514
1727859600,170.514,171,170.1825,170.94
1727874000,170.94,172.0815,170.937,171.866
1727888400,171.866,172.491,171.833,172.372
1727902800,172.372,172.8845,172.194,172.7815
1727917200,172.7815,172.995,172.51,172.675
1727931600,172.675,172.735,171.596,172.4955
1727946000,172.4955,172.865,172.406,172.56
1727960400,172.56,172.584,171.86,172.109
1727974800,172.109,172.3435,171.949,172.2885
1727989200,172.2885,172.454,172.1115,172.1465
1728003600,172.1465,172.172,171.7155,171.786
1728018000,171.786,172.019,171.5905,171.848
1728032400,171.848,173.272,171.715,172.877
1728046800,172.877,173.362,172.687,173.3005
1728061200,173.3005,173.4235,173.214,173.2975
1728248400,173.2975,173.51,172.8825,172.909
1728262800,172.909,173.288,172.851,173.1815
1728277200,173.1815,173.2395,172.6855,172.8475
1728291600,172.8475,173.425,172.807,173.403
1728306000,173.403,173.4455,173.024,173.3225
1728320400,173.3225,173.4625,173.2045,173.422
1728334800,173.422,173.4935,172.9585,173.097
1728349200,173.097,173.428,172.8605,173.382
1728363600,173.382,173.4765,172.7165,173.0095
1728378000,173.0095,173.051,172.6025,172.735
1728392400,172.735,173.116,172.7135,172.7985
1728406800,172.7985,172.957,172.7735,172.882
1728421200,172.882,173.017,172.6745,172.8365
1728435600,172.8365,173.029,172.7315,172.89
1728450000,172.89,173.458,172.8865,173.4165
1728464400,173.4165,173.516,173.2745,173.4855
1728478800,173.4855,173.726,173.3765,173.5335
1728493200,173.5335,173.5945,173.367,173.4615
1728507600,173.4615,173.564,173.1895,173.399
1728522000,173.399,173.7255,173.2715,173.5695
1728536400,173.5695,173.6515,173.205,173.2375
1728550800,173.2375,173.754,173.094,173.295
1728565200,173.295,173.6065,173.0795,173.5915
1728579600,173.5915,173.8995,173.3745,173.488
1728594000,173.488,173.6625,173.331,173.366
1728608400,173.366,173.6025,173.3045,173.5235
1728622800,173.5235,173.7535,173.413,173.7505
1728637200,173.7505,173.8995,173.616,173.841
1728651600,173.841,174.174,173.76,174.0145
1728666000,174.0145,174.048,173.9465,173.9575
1728853200,173.9575,174.098,173.796,173.8495
1728867600,173.8495,174.0135,173.778,173.944
1728882000,173.944,173.9555,173.577,173.775
1728896400,173.775,173.808,173.4475,173.4875
1728910800,173.4875,173.6685,173.4245,173.6585
1728925200,173.6585,173.6895,173.514,173.618
1728939600,173.618,173.708,173.505,173.583
1728954000,173.583,173.6915,173.3225,173.3225
1728968400,173.3225,173.3975,172.9275,173.129
1728982800,173.129,173.26,172.796,173.041
1728997200,173.041,173.3675,172.976,173.1465
1729011600,173.1465,173.1995,172.945,173.0735
1729026000,173.0735,173.252,172.764,173.044
1729040400,173.044,173.1255,172.7295,173.0745
1729054800,173.0745,173.373,172.9265,173.3435
1729069200,173.3435,173.389,172.9355,173.135
1729083600,173.135,173.2975,172.8735,173.1945
1729098000,173.1945,173.2765,172.8605,172.894
1729112400,172.894,173.04,172.685,172.7595
1729126800,172.7595,172.7845,172.428,172.636
1729141200,172.636,173.2115,172.421,173.1925
1729155600,173.1925,173.462,172.968,173.307
1729170000,173.307,173.554,172.894,173.484
1729184400,173.484,173.491,173.316,173.453
1729198800,173.453,173.469,173.0915,173.2065
1729213200,173.2065,173.3075,173.0725,173.1445
1729227600,173.1445,173.285,172.9655,173.061
1729242000,173.061,173.295,172.766,173.1825
1729256400,173.1825,173.2285,172.6635,172.72
1729270800,172.72,172.948,172.667,172.923
1729458000,172.923,173,172.5505,172.6345
1729472400,172.6345,172.6855,172.4115,172.634
1729486800,172.634,173.3695,172.5355,173.362
1729501200,173.362,173.625,173.3405,173.575
1729515600,173.575,173.9415,173.559,173.9155
1729530000,173.9155,174.2145,173.9105,174.15
1729544400,174.15,174.212,173.923,174.0745
1729558800,174.0745,174.6155,174.018,174.378
1729573200,174.378,174.586,174.1885,174.47
1729587600,174.47,174.5175,174.1135,174.3195
1729602000,174.3195,174.6485,174.037,174.5375
1729616400,174.5375,174.6175,174.407,174.588
1729630800,174.588,174.797,174.4835,174.7625
1729645200,174.7625,175.441,174.7625,175.4115
1729659600,175.4115,175.919,175.3275,175.875
1729674000,175.875,176.508,175.8635,176.487
1729688400,176.487,176.5365,176.208,176.307
1729702800,176.307,176.313,175.9205,176.313
1729717200,176.313,176.3535,176.007,176.19
1729731600,176.19,176.2615,175.6975,175.8075
1729746000,175.8075,175.9745,175.4625,175.5845
1729760400,175.5845,175.737,175.396,175.5465
1729774800,175.5465,175.806,175.1155,175.157
1729789200,175.157,175.4095,175.1565,175.385
1729803600,175.385,175.6085,175.106,175.485
1729818000,175.485,175.5125,175.16,175.2645
1729832400,175.2645,175.57,175.084,175.3245
1729846800,175.3245,175.51,175.063,175.4945
1729861200,175.4945,175.705,175.3875,175.701
1729875600,175.701,175.838,175.656,175.7225
1730062800,175.7225,176.6335,175.7225,176.56
1730077200,176.56,176.911,176.375,176.6625
1730091600,176.6625,176.819,176.385,176.6355
1730106000,176.6355,176.654,175.9205,176.1805
1730120400,176.1805,177.094,176.1785,177.081
1730134800,177.081,177.225,177.071,177.139
1730149200,177.139,177.211,176.7635,176.8865
1730163600,176.8865,176.9915,176.692,176.7575
1730178000,176.7575,177.1105,176.6345,177.071
1730192400,177.071,177.195,176.8295,176.858
1730206800,176.858,176.9175,176.459,176.66
1730221200,176.66,176.9615,176.642,176.829
1730235600,176.829,176.906,176.581,176.697
1730250000,176.697,176.841,176.5765,176.7815
1730264400,176.7815,177.01,176.3695,176.3945
1730278800,176.3945,176.726,176.2095,176.5895
1730293200,176.5895,177.014,176.398,176.761
1730307600,176.761,177.0615,176.756,176.942
1730322000,176.942,177.263,176.8115,177.2305
1730336400,177.2305,177.3055,176.578,176.663
1730350800,176.663,176.8515,175.6275,176.053
1730365200,176.053,176.643,176.014,176.524
1730379600,176.524,176.8945,175.8315,176.1535
1730394000,176.1535,176.1875,175.769,176.055
1730408400,176.055,176.161,175.743,176.084
1730422800,176.084,176.5565,175.9935,176.475
1730437200,176.475,176.641,175.539,175.85
1730451600,175.85,176.112,175.6205,175.698
1730466000,175.698,175.986,175.413,175.913
1730480400,175.913,175.94,175.633,175.928
1730671200,175.928,175.928,175.305,175.368
1730685600,175.368,175.6465,175.353,175.5265
1730700000,175.5265,176.038,175.4665,175.8685
1730714400,175.8685,176.014,175.6775,175.9025
1730728800,175.9025,176.303,175.8065,176.15
1730743200,176.15,176.213,176.016,176.091
1730757600,176.091,176.3845,175.916,176.2335
1730772000,176.2335,176.471,176.0985,176.395
1730786400,176.395,176.6105,176.1275,176.526
1730800800,176.526,176.6885,176.1055,176.1465
1730815200,176.1465,176.1525,175.6925,175.785
1730829600,175.785,175.787,175.3455,175.646
1730844000,175.646,176.141,175.425,175.963
1730858400,175.963,176.6735,175.888,176.4265
1730872800,176.4265,176.6125,175.882,176.154
1730887200,176.154,176.283,175.7715,176.0885
1730901600,176.0885,176.536,175.994,176.493
1730916000,176.493,176.523,176.1995,176.3895
1730930400,176.3895,176.449,176.088,176.2795
1730944800,176.2795,176.4425,175.8435,175.993
1730959200,175.993,176.169,175.6855,175.6905
1730973600,175.6905,175.907,175.569,175.63
1730988000,175.63,175.651,175.3605,175.427
1731002400,175.427,175.4465,175.0965,175.295
1731016800,175.295,175.565,175.231,175.3875
1731031200,175.3875,175.438,174.7985,175.026
1731045600,175.026,175.134,174.623,174.724
1731060000,174.724,175.0695,174.5965,174.787
1731074400,174.787,174.9275,174.197,174.221
1731088800,174.221,174.3645,174.121,174.309
1731276000,174.309,174.86,174.207,174.86
1731290400,174.86,175.1965,174.798,175.101
1731304800,175.101,175.1925,174.747,174.8995
1731319200,174.8995,174.9615,174.75,174.7835
1731333600,174.7835,174.948,174.656,174.8175
1731348000,174.8175,174.8195,174.443,174.608
1731362400,174.608,174.761,174.332,174.6485
1731376800,174.6485,174.7215,174.101,174.2925
1731391200,174.2925,174.664,174.265,174.618
1731405600,174.618,175.1845,174.486,175.175
1731420000,175.175,175.4185,174.9885,175.3865
1731434400,175.3865,175.473,175.224,175.367
1731448800,175.367,175.5775,175.2015,175.32
1731463200,175.32,175.5405,175.2635,175.4765
1731477600,175.4765,175.6495,175.376,175.505
1731492000,175.505,175.7575,175.285,175.317
1731506400,175.317,175.6395,175.1395,175.5795
1731520800,175.5795,175.694,175.4235,175.49
1731535200,175.49,175.8995,175.3285,175.822
1731549600,175.822,175.9205,175.668,175.808
1731564000,175.808,175.829,175.4375,175.5365
1731578400,175.5365,175.5735,175.1375,175.292
1731592800,175.292,175.763,175.1325,175.4335
1731607200,175.4335,175.5965,175.3295,175.545
1731621600,175.545,176.0105,175.471,175.884
1731636000,175.884,175.98,175.762,175.9405
1731650400,175.9405,175.9655,174.8555,174.8945
1731664800,174.8945,175.185,174.799,174.825
1731679200,174.825,175.1125,173.938,173.966
1731693600,173.966,173.979,173.629,173.78
1731880800,173.78,174.617,173.4025,174.1515
1731895200,174.1515,174.4555,173.973,174.159
1731909600,174.159,174.7165,173.9955,174.6995
1731924000,174.6995,174.9695,174.5555,174.875
1731938400,174.875,175.044,174.6345,174.959
1731952800,174.959,175.17,174.9475,175.152
1731967200,175.152,175.152,174.4535,174.536
1731981600,174.536,174.83,174.343,174.712
1731996000,174.712,174.9835,173.552,174.0215
1732010400,174.0215,174.632,173.8845,174.243
1732024800,174.243,175.2555,174.2245,175.18
1732039200,175.18,175.3255,174.972,175.286
1732053600,175.286,175.591,175.0975,175.357
1732068000,175.357,175.631,175.323,175.631
1732082400,175.631,176.0895,175.6095,175.901
1732096800,175.901,176.108,175.8025,176.072
1732111200,176.072,176.0905,175.325,175.5435
1732125600,175.5435,175.847,175.5195,175.762
1732140000,175.762,175.802,175.3675,175.5075
1732154400,175.5075,175.8095,175.3875,175.7185
1732168800,175.7185,175.7185,174.467,174.636
1732183200,174.636,175.027,174.4765,174.617
1732197600,174.617,174.7645,174.2475,174.32
1732212000,174.32,174.481,174.1925,174.277
1732226400,174.277,174.339,173.6635,174.192
1732240800,174.192,174.474,174.031,174.448
1732255200,174.448,174.8555,173.5345,173.7865
1732269600,173.7865,173.8765,172.569,172.7455
1732284000,172.7455,173.35,172.733,173.209
1732298400,173.209,173.2325,172.988,173.09
1732485600,173.09,173.312,172.6445,172.737
1732500000,172.737,173.2185,172.6545,173.1875
1732514400,173.1875,173.757,173.035,173.7205
1732528800,173.7205,173.743,173.26,173.5575
1732543200,173.5575,174.069,173.347,173.938
1732557600,173.938,174.054,173.8635,173.99
1732572000,173.99,174.046,173.163,173.5175
1732586400,173.5175,173.625,173.1415,173.2915
1732600800,173.2915,173.9305,173.2285,173.7415
1732615200,173.7415,173.7725,172.9065,173.0595
1732629600,173.0595,173.233,172.5855,172.6655
1732644000,172.6655,172.75,172.486,172.7475
1732658400,172.7475,172.8195,172.1945,172.2395
1732672800,172.2395,172.408,171.8705,172.0885
1732687200,172.0885,172.1125,171.464,171.57
1732701600,171.57,171.7525,171.3235,171.666
1732716000,171.666,171.8335,170.9665,171.112
1732730400,171.112,171.4155,171.053,171.3385
1732744800,171.3385,171.813,171.183,171.5125
1732759200,171.5125,171.712,171.4435,171.537
1732773600,171.537,171.884,171.3725,171.6905
1732788000,171.6905,171.8655,171.546,171.554
1732802400,171.554,171.6295,171.459,171.5625
1732816800,171.5625,171.647,171.508,171.632
1732831200,171.632,171.872,170.0815,170.171
1732845600,170.171,170.6275,170.01,170.2625
1732860000,170.2625,170.54,169.978,170.4085
1732874400,170.4085,170.694,170.142,170.298
1732888800,170.298,170.711,169.786,169.7985
1732903200,169.7985,170.0215,169.7985,169.897
1733090400,169.897,170.3145,169.6295,170.2815
1733104800,170.2815,170.368,170.0915,170.3225
1733119200,170.3225,170.3345,169.4635,169.6975
1733133600,169.6975,169.7715,169.2525,169.2935
1733148000,169.2935,169.3355,168.2165,168.6515
1733162400,168.6515,168.813,168.524,168.733
1733176800,168.733,168.977,168.549,168.8105
1733191200,168.8105,169.0585,168.738,168.9465
1733205600,168.9465,169.4475,168.863,169.232
1733220000,169.232,169.559,168.4955,168.511
1733234400,168.511,168.769,168.042,168.594
1733248800,168.594,168.807,168.405,168.78
1733263200,168.78,169.097,168.6995,169.0345
1733277600,169.0345,169.4105,168.6635,169.3795
1733292000,169.3795,169.868,169.193,169.801
1733306400,169.801,170.4905,169.788,170.2885
1733320800,170.2885,170.381,169.8945,170.0735
1733335200,170.0735,170.374,169.8895,170.3075
1733349600,170.3075,170.583,169.8895,170.232
1733364000,170.232,170.238,169.552,169.699
1733378400,169.699,169.8605,169.427,169.8595
1733392800,169.8595,170.915,169.776,170.827
1733407200,170.827,171.0135,170.5475,170.668
1733421600,170.668,170.884,170.579,170.849
1733436000,170.849,171.024,170.517,170.6585
1733450400,170.6585,170.7305,170.448,170.5405
1733464800,170.5405,171.3635,170.3805,171.3325
1733479200,171.3325,171.846,171.0125,171.018
1733493600,171.018,171.1085,170.5695,170.6625
1733508000,170.6625,170.799,170.5485,170.74
1733695200,170.74,170.819,170.3575,170.522
1733709600,170.522,170.6205,170.2625,170.385
1733724000,170.385,171.08,170.3765,170.9955
1733738400,170.9955,171.7555,170.986,171.736
1733752800,171.736,172.4495,171.593,172.3
1733767200,172.3,172.301,171.985,172.049
1733781600,172.049,172.38,172.049,172.2115
1733796000,172.2115,172.3305,171.9855,172.0565
1733810400,172.0565,172.635,172.031,172.1835
1733824800,172.1835,172.4775,172.173,172.3815
1733839200,172.3815,172.487,172.1705,172.3045
1733853600,172.3045,172.3105,172.012,172.1535
1733868000,172.1535,172.185,171.7935,171.799
1733882400,171.799,171.828,171.4705,171.759
1733896800,171.759,172.71,170.8895,172.6615
1733911200,172.6615,172.967,172.467,172.69
1733925600,172.69,172.7185,172.0985,172.3605
1733940000,172.3605,172.543,172.2855,172.44
1733954400,172.44,172.528,171.9935,172.0165
1733968800,172.0165,172.584,171.981,172.5255
1733983200,172.5255,173.014,171.478,172.0405
1733997600,172.0405,172.075,170.9545,171.0735
1734012000,171.0735,171.7125,170.849,171.246
1734026400,171.246,171.3455,171.012,171.108
1734040800,171.108,171.531,170.9235,171.163
1734055200,171.163,171.4295,171.031,171.3585
1734069600,171.3585,171.636,171.0015,171.5075
1734084000,171.5075,172.1175,171.493,171.8365
1734098400,171.8365,172.306,171.7275,172.206
1734112800,172.206,172.2835,172.069,172.1355
1734300000,172.1355,172.695,171.859,172.683
1734314400,172.683,172.77,172.503,172.549
1734328800,172.549,172.762,172.1415,172.724
1734343200,172.724,172.782,172.2685,172.457
1734357600,172.457,172.8915,172.4295,172.4425
1734372000,172.4425,172.473,172.232,172.3425
1734386400,172.3425,172.6485,172.3175,172.5175
1734400800,172.5175,172.534,172.002,172.293
1734415200,172.293,172.302,171.3675,171.379
1734429600,171.379,171.853,171.373,171.7235
1734444000,171.7235,171.882,171.387,171.8365
1734458400,171.8365,172.021,171.7835,171.9515
1734472800,171.9515,172.355,171.844,172.1275
1734487200,172.1275,172.2145,171.8315,171.8465
1734501600,171.8465,172.0615,171.7695,171.9005
1734516000,171.9005,172.292,171.791,172.202
1734530400,172.202,172.563,172.02,172.291
1734544800,172.291,172.597,171.3805,171.803
1734559200,171.803,172.0315,171.2675,171.85
1734573600,171.85,172.756,171.6735,172.554
1734588000,172.554,175.3395,172.3195,175.231
1734602400,175.231,175.3305,174.688,174.882
1734616800,174.882,175.8225,174.837,175.327
1734631200,175.327,175.455,175.094,175.1865
1734645600,175.1865,175.7395,174.978,175.118
1734660000,175.118,175.176,174.7115,174.9225
1734674400,174.9225,175.3725,174.6495,175.0505
1734688800,175.0505,175.471,174.986,175.0795
1734703200,175.0795,175.214,174.8035,174.9165
1734717600,174.9165,175.195,174.8635,175.192
1734904800,175.192,175.4625,175.057,175.161
1734919200,175.161,175.3445,175.075,175.257
1734933600,175.257,175.445,174.8485,174.964
1734948000,174.964,175.2275,174.735,175.1975
1734962400,175.1975,175.2035,174.561,174.7495
1734976800,174.7495,174.9005,174.732,174.896
1734991200,174.896,175.0145,174.681,174.761
1735005600,174.761,174.824,174.4425,174.6485
1735020000,174.6485,174.742,174.253,174.3255
1735034400,174.3255,174.6525,174.309,174.6135
1735048800,174.6135,174.7445,174.4705,174.5125
1735063200,174.5125,174.795,174.4045,174.488
1735164000,174.488,175.021,174.488,174.9735
1735178400,174.9735,175.0125,174.8365,174.8755
1735192800,174.8755,175.014,174.7685,175.002
1735207200,175.002,175.2335,174.978,175.2285
1735221600,175.2285,175.669,175.2115,175.651
1735236000,175.651,175.844,175.6225,175.763
1735250400,175.763,175.832,175.488,175.5645
1735264800,175.5645,175.5925,175.2885,175.4995
1735279200,175.4995,175.6035,175.224,175.598
1735293600,175.598,175.612,175.1975,175.322
1735308000,175.322,175.436,174.7815,175.009
1735322400,175.009,175.2965,174.98,175.163
1735509600,175.163,175.2885,174.947,175.0795
1735524000,175.0795,175.2345,175.0055,175.1345
1735538400,175.1345,175.424,174.786,175.1325
1735552800,175.1325,175.235,173.8895,173.896
1735567200,173.896,174.1755,173.051,173.6995
1735581600,173.6995,173.858,173.5605,173.612
1735596000,173.612,173.8615,173.231,173.308
1735610400,173.308,173.371,172.9565,173.036
1735624800,173.036,173.366,172.7505,173.327
1735639200,173.327,173.565,172.959,173.471
1735653600,173.471,173.6265,173.206,173.377
1735668000,173.377,173.458,173.212,173.249
1735768800,173.249,173.871,173.249,173.8605
1735783200,173.8605,173.88,173.5795,173.7265
1735797600,173.7265,173.7265,172.8485,173.307
1735812000,173.307,173.54,172.5575,172.604
1735826400,172.604,172.9595,172.4255,172.7085
1735840800,172.7085,172.807,172.5745,172.6655
1735855200,172.6655,172.743,172.423,172.545
1735869600,172.545,172.6925,172.377,172.5835
1735884000,172.5835,173.008,172.457,172.9615
1735898400,172.9615,173.0405,172.7495,172.854
1735912800,172.854,173.135,172.6225,172.855
1735927200,172.855,173.19,172.7695,173.1375
1736114400,173.1375,173.3575,172.938,173.234
1736128800,173.234,173.565,173.2155,173.459
1736143200,173.459,174.185,173.2495,174.1045
1736157600,174.1045,174.502,173.3285,173.575
1736172000,173.575,174.2595,173.2345,174.2405
1736186400,174.2405,174.301,174.066,174.236
1736200800,174.236,174.912,173.995,174.868
1736215200,174.868,174.893,174.6545,174.662
1736229600,174.662,174.7075,174.0195,174.327
1736244000,174.327,174.375,173.7745,173.8425
1736258400,173.8425,174.2725,173.6535,173.753
1736272800,173.753,173.7775,173.557,173.7375
1736287200,173.7375,174.001,173.698,173.7665
1736301600,173.7665,174.0785,173.7455,174.016
1736316000,174.016,174.0195,173.4035,173.451
1736330400,173.451,173.8445,173.3895,173.8055
1736344800,173.8055,173.93,173.719,173.766
1736359200,173.766,173.905,173.73,173.794
1736373600,173.794,173.982,173.5425,173.621
1736388000,173.621,173.754,173.136,173.577
1736402400,173.577,173.711,173.305,173.446
1736416800,173.446,173.4715,172.8915,173.0265
1736431200,173.0265,173.29,173.026,173.2515
1736445600,173.2515,173.396,173.241,173.3855
1736460000,173.3855,173.5255,173.215,173.457
1736474400,173.457,173.609,173.444,173.53
1736488800,173.53,173.674,172.7185,172.9235
1736503200,172.9235,173.2955,172.764,172.985
1736517600,172.985,173.108,171.752,172.062
1736532000,172.062,172.2165,172.037,172.113
1736719200,172.113,172.249,171.6115,171.787
1736733600,171.787,171.964,171.471,171.6485
1736748000,171.6485,172.068,171.2405,171.3275
1736762400,171.3275,171.82,171.201,171.4865
1736776800,171.4865,171.564,171.2095,171.3295
1736791200,171.3295,171.7665,171.3,171.692
1736805600,171.692,172.353,171.4595,171.8175
1736820000,171.8175,172.2225,171.7525,172.014
1736834400,172.014,172.5455,171.8805,172.428
1736848800,172.428,172.514,172.0005,172.1765
1736863200,172.1765,173.0175,172.163,172.9885
1736877600,172.9885,173.188,172.919,173.135
1736892000,173.135,173.247,172.961,173.0675
1736906400,173.0675,173.0905,172.3285,172.389
1736920800,172.389,172.6435,171.891,172.044
1736935200,172.044,172.344,171.8755,171.9805
1736949600,171.9805,172.0305,171.352,171.4515
1736964000,171.4515,171.5375,171.353,171.432
1736978400,171.432,171.55,170.481,170.529
1736992800,170.529,171.038,170.2785,171.0355
1737007200,171.0355,171.3225,170.769,170.8695
1737021600,170.8695,171.1915,170.74,170.945
1737036000,170.945,171.101,170.3315,170.465
1737050400,170.465,170.563,170.2935,170.3315
1737064800,170.3315,170.6225,170.187,170.5105
1737079200,170.5105,170.745,170.4685,170.6625
1737093600,170.6625,171.149,170.4545,170.9155
1737108000,170.9155,170.961,170.4255,170.4985
1737122400,170.4985,171.051,170.318,170.8395
1737136800,170.8395,170.8555,170.608,170.845
1737324000,170.845,171.149,170.5195,170.6725
1737338400,170.6725,170.939,170.5725,170.9355
1737352800,170.9355,171.2035,170.88,171.027
1737367200,171.027,171.662,170.9865,171.339
1737381600,171.339,171.644,171.0365,171.584
1737396000,171.584,171.7305,171.515,171.649
1737410400,171.649,171.8325,171.107,171.238
1737424800,171.238,171.3,170.7405,171.06
1737439200,171.06,171.439,171.0535,171.2075
1737453600,171.2075,171.2745,170.978,171.001
1737468000,171.001,171.539,170.9455,171.475
1737482400,171.475,171.735,171.447,171.7
1737496800,171.7,171.8465,171.447,171.7025
1737511200,171.7025,171.9615,171.6785,171.849
1737525600,171.849,172.2015,171.741,172.144
1737540000,172.144,172.4235,172.028,172.0625
1737554400,172.0625,172.769,171.9095,172.743
1737568800,172.743,172.7975,172.602,172.647
1737583200,172.647,172.7695,172.485,172.7165
1737597600,172.7165,172.924,172.5975,172.859
1737612000,172.859,172.8945,172.3365,172.368
1737626400,172.368,172.586,172.0215,172.1465
1737640800,172.1465,172.313,171.666,172.0505
1737655200,172.0505,172.0535,171.772,171.9975
1737669600,171.9975,172.3115,171.832,172.3065
1737684000,172.3065,172.662,171.2245,171.642
1737698400,171.642,172.143,171.246,172.068
1737712800,172.068,172.695,172.0355,172.4835
1737727200,172.4835,172.652,171.986,172.082
1737741600,172.082,172.2745,171.969,172.196
1737928800,172.196,172.196,171.4165,171.52
1737943200,171.52,172.118,171.453,172.1135
1737957600,172.1135,172.277,171.3605,171.4935
1737972000,171.4935,171.8415,171.0935,171.596
1737986400,171.596,171.6735,171.1705,171.2305
1738000800,171.2305,171.5765,171.142,171.279
1738015200,171.279,171.9625,171.18,171.8385
1738029600,171.8385,172.183,171.746,172.003
1738044000,172.003,172.123,171.4735,171.618
1738058400,171.618,171.6905,171.287,171.623
1738072800,171.623,172.1,171.464,172.0525
1738087200,172.0525,172.1005,171.9725,172.0165
1738101600,172.0165,172.317,171.885,172.2095
1738116000,172.2095,172.2795,171.5865,171.6015
1738130400,171.6015,171.862,171.2635,171.398
1738144800,171.398,171.5585,171.087,171.1475
1738159200,171.1475,171.298,170.94,170.985
1738173600,170.985,171.2515,170.953,171.1865
1738188000,171.1865,171.259,170.412,170.557
1738202400,170.557,170.586,170.2405,170.439
1738216800,170.439,170.618,170.058,170.169
1738231200,170.169,170.284,169.5895,169.7575
1738245600,169.7575,170.082,169.726,169.7885
1738260000,169.7885,169.984,169.4345,169.623
1738274400,169.623,169.764,169.185,169.3695
1738288800,169.3695,170.1185,169.2425,169.9995
1738303200,169.9995,170.1845,169.5015,169.887
1738317600,169.887,170.4005,169.723,170.1185
1738332000,170.1185,170.632,169.8445,170.447
1738346400,170.447,170.5905,170.1225,170.331
1738533600,170.331,170.331,168.985,170.013
1738548000,170.013,170.0735,169.641,169.8145
1738562400,169.8145,169.866,168.9425,168.9685
1738576800,168.9685,169.226,168.661,169.033
1738591200,169.033,169.885,168.569,169.2455
1738605600,169.2455,170.126,169.116,170.02
1738620000,170.02,170.4165,169.796,170.1195
1738634400,170.1195,170.284,169.694,170.091
1738648800,170.091,170.818,170.057,170.7695
1738663200,170.7695,170.9715,170.68,170.8615
1738677600,170.8615,171.053,170.291,170.3735
1738692000,170.3735,170.568,170.3315,170.5275
1738706400,170.5275,170.653,169.481,169.565
1738720800,169.565,169.594,169.214,169.42
1738735200,169.42,169.7025,169.241,169.3455
1738749600,169.3455,169.632,169.162,169.4955
1738764000,169.4955,169.7775,168.8355,169.0855
1738778400,169.0855,169.495,169.053,169.241
1738792800,169.241,169.438,168.502,168.7235
1738807200,168.7235,168.9085,168.5425,168.805
1738821600,168.805,169.0525,168.6225,168.6305
1738836000,168.6305,168.6315,167.98,167.9955
1738850400,167.9955,168.101,167.5215,167.8425
1738864800,167.8425,167.8595,167.1675,167.389
1738879200,167.389,167.4455,166.778,167.386
1738893600,167.386,167.543,167.172,167.433
1738908000,167.433,167.6785,167.281,167.601
1738922400,167.601,167.882,166.952,167.1505
1738936800,167.1505,167.344,165.878,166.6225
1738951200,166.6225,166.7045,166.33,166.4225
1739138400,166.4225,166.933,166.032,166.7375
1739152800,166.7375,166.9245,166.643,166.807
1739167200,166.807,167.5855,166.6055,167.226
1739181600,167.226,167.3645,166.812,166.908
1739196000,166.908,166.913,166.5185,166.673
1739210400,166.673,166.88,166.6475,166.803
1739224800,166.803,166.897,166.4465,166.82
1739239200,166.82,166.821,166.6345,166.674
1739253600,166.674,166.7795,166.428,166.6445
1739268000,166.6445,166.9585,166.6435,166.7565
1739282400,166.7565,167.0575,166.643,166.8635
1739296800,166.8635,167.1075,166.786,166.981
1739311200,166.981,168.1115,166.9185,168.1115
1739325600,168.1115,168.321,168.0345,168.1525
1739340000,168.1525,168.6775,168.1275,168.6075
1739354400,168.6075,168.8755,168.277,168.861
1739368800,168.861,169.4765,168.641,169.3
1739383200,169.3,169.3395,168.9585,169.0315
1739397600,169.0315,169.227,168.75,168.9275
1739412000,168.9275,169.4505,168.903,169.165
1739426400,169.165,169.759,168.93,169.602
1739440800,169.602,169.719,169.0735,169.1505
1739455200,169.1505,169.517,168.882,169.3665
1739469600,169.3665,169.46,169.0605,169.1925
1739484000,169.1925,169.528,168.865,168.947
1739498400,168.947,169.273,168.684,168.7495
1739512800,168.7495,169.485,168.6455,169.1145
1739527200,169.1145,169.6595,169.018,169.286
1739541600,169.286,169.6125,169.2205,169.5855
1739556000,169.5855,169.6085,169.2355,169.274
1739743200,169.274,169.544,168.6345,168.9145
1739757600,168.9145,168.9425,168.2605,168.298
1739772000,168.298,168.8085,168.265,168.599
1739786400,168.599,168.6315,167.9385,168.125
1739800800,168.125,168.2055,167.9435,168.086
1739815200,168.086,168.2165,168.021,168.2025
1739829600,168.2025,168.3435,167.8965,168.25
1739844000,168.25,168.6155,168.2175,168.2995
1739858400,168.2995,168.8585,168.2445,168.636
1739872800,168.636,168.637,168.137,168.212
1739887200,168.212,168.418,168.027,168.186
1739901600,168.186,168.369,168.0975,168.328
1739916000,168.328,168.48,167.9085,168.319
1739930400,168.319,168.4965,168,168.074
1739944800,168.074,168.1125,167.59,167.6725
1739959200,167.6725,168.098,167.658,167.893
1739973600,167.893,168.045,167.45,167.6615
1739988000,167.6615,167.8145,167.4355,167.463
1740002400,167.463,167.675,166.6435,166.7125
1740016800,166.7125,166.992,166.413,166.6445
1740031200,166.6445,166.7165,166.154,166.6445
1740045600,166.6445,166.657,166.1345,166.4045
1740060000,166.4045,166.5185,166.0145,166.4045
1740074400,166.4045,166.889,166.3985,166.6675
1740088800,166.6675,167.32,166.323,167.2005
1740103200,167.2005,167.713,167.116,167.3085
1740117600,167.3085,167.753,167.235,167.4065
1740132000,167.4065,167.4765,167.0325,167.2485
1740146400,167.2485,167.264,166.1285,166.2605
1740160800,166.2605,166.3655,165.982,166.3105
1740348000,166.3105,166.593,165.993,166.581
1740362400,166.581,166.846,166.492,166.71
1740376800,166.71,166.8085,166.253,166.3355
1740391200,166.3355,166.743,166.2875,166.655
1740405600,166.655,166.9095,166.226,166.7655
1740420000,166.7655,167.128,166.6985,166.874
1740434400,166.874,167.4565,166.733,167.196
1740448800,167.196,167.2225,166.6305,166.883
1740463200,166.883,167.052,166.369,166.9165
1740477600,166.9165,167.582,166.8845,167.2095
1740492000,167.2095,167.264,166.6705,167.032
1740506400,167.032,167.242,166.8405,166.909
1740520800,166.909,167.184,166.671,167.174
1740535200,167.174,167.3855,167.0045,167.034
1740549600,167.034,167.2425,166.7635,166.9455
1740564000,166.9455,167.1575,166.769,167.1065
1740578400,167.1065,167.4155,166.7175,166.802
1740592800,166.802,166.8565,166.4825,166.65
1740607200,166.65,166.8895,166.3245,166.8575
1740621600,166.8575,166.8785,166.2065,166.486
1740636000,166.486,167.094,166.3195,166.947
1740650400,166.947,167.0175,166.2845,166.3635
1740664800,166.3635,166.9765,166.2915,166.762
1740679200,166.762,166.9705,166.3975,166.523
1740693600,166.523,166.821,166.0885,166.0935
1740708000,166.0935,166.664,165.8655,166.6055
1740722400,166.6055,167.196,166.449,166.599
1740736800,166.599,167.3145,166.495,167.014
1740751200,167.014,167.2245,166.5915,166.721
1740765600,166.721,166.851,166.416,166.8345
1740952800,166.8345,167.319,166.6085,166.736
1740967200,166.736,166.93,166.6265,166.7415
1740981600,166.7415,166.909,166.4035,166.898
1740996000,166.898,167.999,166.898,167.77
1741010400,167.77,167.9095,167.1835,167.4585
1741024800,167.4585,167.5395,166.319,166.703
1741039200,166.703,166.878,166.091,166.254
1741053600,166.254,166.7655,166.1605,166.723
1741068000,166.723,167.349,166.559,167.1905
1741082400,167.1905,167.1905,166.568,166.7085
1741096800,166.7085,167.346,166.45,167.162
1741111200,167.162,168.484,167.119,168.421
1741125600,168.421,168.603,168.0185,168.35
1741140000,168.35,168.441,168.033,168.306
1741154400,168.306,168.6575,168.1,168.641
1741168800,168.641,168.7205,167.775,167.7855
1741183200,167.7855,167.813,166.8335,167.121
1741197600,167.121,167.3525,167.003,167.128
1741212000,167.128,167.6185,166.958,167.349
1741226400,167.349,167.499,167.128,167.187
1741240800,167.187,167.28,166.5235,166.905
1741255200,166.905,167.051,166.3095,166.6075
1741269600,166.6075,167.6735,166.517,167.2275
1741284000,167.2275,167.5735,167.1185,167.4335
1741298400,167.4335,167.8445,167.095,167.5445
1741312800,167.5445,167.6655,167.15,167.2965
1741327200,167.2965,168.224,167.261,167.8215
1741341600,167.8215,168.062,167.3575,167.453
1741356000,167.453,168.063,167.4095,167.7825
1741370400,167.7825,168.368,167.7775,168.2195
1741554000,168.2195,168.3085,167.9035,167.9755
1741568400,167.9755,168.125,167.7475,167.9965
1741582800,167.9965,168.2025,167.4815,167.5
1741597200,167.5,167.964,167.3785,167.6155
1741611600,167.6155,167.644,166.909,167.027
1741626000,167.027,167.2195,166.8745,167.1755
1741640400,167.1755,167.444,166.825,167.1095
1741654800,167.1095,167.5055,166.985,167.2095
1741669200,167.2095,167.5325,167.0355,167.2865
1741683600,167.2865,168.0165,167.1385,167.8235
1741698000,167.8235,168.2805,167.1225,167.181
1741712400,167.181,167.7095,167.0085,167.4165
1741726800,167.4165,167.699,167.229,167.6475
1741741200,167.6475,167.7565,167.372,167.655
1741755600,167.655,168.4035,167.5315,168.2405
1741770000,168.2405,168.786,168.123,168.7585
1741784400,168.7585,168.7875,167.8825,167.9615
1741798800,167.9615,168.216,167.9095,168.154
1741813200,168.154,168.2465,167.855,168.076
1741827600,168.076,168.24,167.7085,167.746
1741842000,167.746,167.8135,167.4025,167.798
1741856400,167.798,167.988,167.5725,167.6815
1741870800,167.6815,167.802,166.8205,166.853
1741885200,166.853,167.6125,166.6305,167.546
1741899600,167.546,168.006,167.31,167.9005
1741914000,167.9005,167.9955,167.609,167.9755
1741928400,167.9755,168.5565,167.953,168.492
1741942800,168.492,168.5075,167.841,167.9235
1741957200,167.9235,168.1885,167.5525,167.7095
1741971600,167.7095,167.992,167.672,167.9265
1742158800,167.9265,168.324,167.9265,168.2235
1742173200,168.2235,168.4885,167.997,168.488
1742187600,168.488,168.6065,168.2545,168.5795
1742202000,168.5795,168.702,168.1235,168.6935
1742216400,168.6935,168.933,168.5515,168.931
1742230800,168.931,169.5,168.918,169.3765
1742245200,169.3765,169.636,169.3005,169.6095
1742259600,169.6095,169.9545,169.4975,169.778
1742274000,169.778,170.4405,169.709,170.268
1742288400,170.268,170.386,170.0435,170.319
1742302800,170.319,170.571,170.0845,170.3965
1742317200,170.3965,170.4825,170.138,170.25
1742331600,170.25,170.593,170.052,170.557
1742346000,170.557,170.612,170.243,170.511
1742360400,170.511,171.0355,169.974,170.664
1742374800,170.664,170.774,170.3475,170.438
1742389200,170.438,170.653,170.1885,170.5045
1742403600,170.5045,170.508,169.419,169.4805
1742418000,169.4805,169.6915,169.1795,169.225
1742432400,169.225,169.485,169.09,169.2285
1742446800,169.2285,169.4915,168.5975,168.6445
1742461200,168.6445,168.7375,168.12,168.278
1742475600,168.278,168.802,168.174,168.691
1742490000,168.691,168.802,168.6245,168.7225
1742504400,168.7225,168.945,168.517,168.918
1742518800,168.918,169.1695,168.782,169.109
1742533200,169.109,169.3385,168.899,169.1775
1742547600,169.1775,169.3625,168.6925,168.732
1742562000,168.732,168.964,168.4475,168.944
1742576400,168.944,169.1755,168.913,169.079
1742763600,169.079,169.593,169.068,169.57
1742778000,169.57,169.677,169.426,169.4945
1742792400,169.4945,169.81,169.3485,169.58
1742806800,169.58,170.0095,169.4935,169.9335
1742821200,169.9335,170.5485,169.8025,170.445
1742835600,170.445,170.7,170.361,170.6505
1742850000,170.6505,170.9465,170.438,170.9315
1742864400,170.9315,170.9315,170.495,170.5415
1742878800,170.5415,170.556,170.2835,170.3865
1742893200,170.3865,170.4445,170.1305,170.2275
1742907600,170.2275,170.249,169.7035,169.9045
1742922000,169.9045,170.0155,169.7465,169.846
1742936400,169.846,170.054,169.7675,170.037
1742950800,170.037,170.3475,169.9435,170.3415
1742965200,170.3415,170.4095,169.8935,169.926
1742979600,169.926,170.1535,169.7995,170.1285
1742994000,170.1285,170.5105,170.0575,170.4045
1743008400,170.4045,170.5055,169.95,170.381
1743022800,170.381,170.4165,169.92,170.328
1743037200,170.328,170.3355,169.952,170.1975
1743051600,170.1975,170.4495,169.9195,170.4465
1743066000,170.4465,170.982,170.3045,170.7245
1743080400,170.7245,171.394,170.5945,171.246
1743094800,171.246,171.4465,171.1995,171.3085
1743109200,171.3085,171.415,171.031,171.1365
1743123600,171.1365,171.1515,170.842,170.968
1743138000,170.968,171.0195,170.496,170.6195
1743152400,170.6195,170.8645,170.5145,170.7505
1743166800,170.7505,170.8655,170.2155,170.309
1743181200,170.309,170.3475,169.8335,170.109
1743368400,170.109,170.3785,169.51,169.86
1743382800,169.86,169.94,169.294,169.5885
1743397200,169.5885,169.7545,169.108,169.241
1743411600,169.241,169.6575,169.175,169.5905
1743426000,169.5905,169.773,168.9555,169.4855
1743440400,169.4855,169.7825,169.4655,169.594
1743454800,169.594,169.7915,169.459,169.489
1743469200,169.489,169.6725,169.38,169.394
1743483600,169.394,169.7895,169.355,169.5775
1743498000,169.5775,169.748,168.958,169.1385
1743512400,169.1385,169.555,168.9405,169.289
1743526800,169.289,169.331,168.9145,169.29
1743541200,169.29,169.6205,169.2545,169.511
1743555600,169.511,169.6615,169.474,169.6265
1743570000,169.6265,169.641,169.073,169.216
1743584400,169.216,169.2395,168.8275,168.9655
1743598800,168.9655,170.1115,168.9485,169.994
1743613200,169.994,170.681,168.984,169.314
1743627600,169.314,169.335,168.1935,168.399
1743642000,168.399,168.6455,168.1095,168.4285
1743656400,168.4285,169.8035,168.42,169.5115
1743670800,169.5115,170.3385,169.326,169.7855
1743685200,169.7855,170.297,169.5825,169.9425
1743699600,169.9425,170.351,169.5145,170.0015
1743714000,170.0015,170.358,169.624,170.2125
1743728400,170.2125,170.866,170.2085,170.4595
1743742800,170.4595,171.35,170.419,171.1235
1743757200,171.1235,171.454,170.351,170.7305
1743771600,170.7305,171.038,169.6775,170.8865
1743786000,170.8865,171.3365,170.2865,170.7725
1743973200,170.7725,170.9555,169.687,170.7595
1743987600,170.7595,171.195,170.6995,171.0505
1744002000,171.0505,172.1035,170.9285,171.786
1744016400,171.786,171.7875,171.021,171.6325
1744030800,171.6325,172.342,170.485,172.327
1744045200,172.327,172.8105,171.7995,171.9015
1744059600,171.9015,172.2035,171.644,172.1275
1744074000,172.1275,172.4555,171.8795,172.451
1744088400,172.451,172.4965,171.114,171.584
1744102800,171.584,172.355,171.4845,172.149
1744117200,172.149,172.5035,171.4515,171.841
1744131600,171.841,172.775,171.754,172.518
1744146000,172.518,172.854,172.066,172.4075
1744160400,172.4075,172.857,172.0675,172.461
1744174800,172.461,172.7385,171.7105,172.386
1744189200,172.386,172.821,171.9225,172.4815
1744203600,172.4815,172.8505,171.9885,172.1685
1744218000,172.1685,172.964,171.6685,172.317
1744232400,172.317,172.774,171.9425,172.1585
1744246800,172.1585,172.447,171.822,171.99
1744261200,171.99,173.018,171.477,172.912
1744275600,172.912,173.723,172.559,173.28
1744290000,173.28,174.9155,172.806,174.8625
1744304400,174.8625,175.622,174.619,175.382
1744318800,175.382,175.5455,174.6065,175.1675
1744333200,175.1675,175.247,174.5505,174.7405
1744347600,174.7405,175.5655,174.2925,175.149
1744362000,175.149,175.717,174.0285,175.626
1744376400,175.626,176.386,175.2685,175.9515
1744390800,175.9515,176.48,175.8195,176.046
1744578000,176.046,176.046,175.007,175.023
1744592400,175.023,175.232,174.7025,174.988
1744606800,174.988,175.2615,174.5005,174.9245
1744621200,174.9245,175.164,174.247,174.332
1744635600,174.332,176.0465,174.1165,175.564
1744650000,175.564,175.939,175.3725,175.55
1744664400,175.55,175.756,175.314,175.474
1744678800,175.474,175.5445,175.1555,175.301
1744693200,175.301,175.801,174.9245,175.4035
1744707600,175.4035,175.474,174.572,174.697
1744722000,174.697,174.948,174.1775,174.2945
1744736400,174.2945,174.3245,173.8455,173.912
1744750800,173.912,174.565,173.7735,174.5365
1744765200,174.5365,174.737,174.3215,174.6035
1744779600,174.6035,174.8305,174.1025,174.4495
1744794000,174.4495,175.0215,174.398,174.8065
1744808400,174.8065,175.056,174.627,174.7045
1744822800,174.7045,174.7415,174.2265,174.41
1744837200,174.41,174.8395,173.929,174.666
1744851600,174.666,174.7355,174.3625,174.528
1744866000,174.528,174.779,174.1515,174.6715
1744880400,174.6715,174.782,173.838,173.966
1744894800,173.966,174.1275,173.1915,173.4655
1744909200,173.4655,173.9675,173.3085,173.7695
1744923600,173.7695,174.0635,173.6565,173.964
1744938000,173.964,174.048,173.803,173.871
1744952400,173.871,174.046,173.669,173.8115
1744966800,173.8115,174.026,173.7435,173.9835
1744981200,173.9835,174.185,173.8555,173.968
1744995600,173.968,174.2205,173.9215,174.174
1745182800,174.174,174.3415,173.3485,173.8855
1745197200,173.8855,174.2725,173.5805,174.19
1745211600,174.19,174.774,173.8665,174.595
1745226000,174.595,174.9555,174.473,174.9095
1745240400,174.9095,174.995,174.269,174.494
1745254800,174.494,174.601,174.062,174.087
1745269200,174.087,174.5855,173.614,173.6435
1745283600,173.6435,173.698,173.3285,173.451
1745298000,173.451,173.6145,172.953,173.3555
1745312400,173.3555,173.4985,172.6575,172.9385
1745326800,172.9385,173.286,172.6235,172.785
1745341200,172.785,173.0405,172.6095,172.8595
1745355600,172.8595,173.523,172.57,172.698
1745370000,172.698,172.839,172.429,172.534
1745384400,172.534,172.6885,172.2895,172.542
1745398800,172.542,172.7595,172.2005,172.4275
1745413200,172.4275,172.884,172.1885,172.4205
1745427600,172.4205,172.927,172.351,172.644
1745442000,172.644,172.9,172.239,172.445
1745456400,172.445,172.605,172.2355,172.263
1745470800,172.263,172.654,172.2575,172.556
1745485200,172.556,172.8585,172.354,172.486
1745499600,172.486,172.534,172.2535,172.468
1745514000,172.468,172.53,172.2575,172.4655
1745528400,172.4655,172.6555,172.1825,172.2265
1745542800,172.2265,172.8025,172.05,172.7135
1745557200,172.7135,172.894,172.405,172.691
1745571600,172.691,173.1595,172.6465,172.6795
1745586000,172.6795,173.651,172.678,173.476
1745600400,173.476,173.693,173.4,173.641
1745787600,173.641,173.687,173.359,173.409
1745802000,173.409,173.628,173.234,173.325
1745816400,173.325,173.532,172.725,172.8475
1745830800,172.8475,173.114,172.6345,172.677
1745845200,172.677,173.544,172.621,173.38
1745859600,173.38,173.4435,173.094,173.207
1745874000,173.207,173.332,172.869,173.042
1745888400,173.042,173.0755,172.802,172.864
1745902800,172.864,173.2275,172.56,172.8365
1745917200,172.8365,173.0695,172.6895,172.9435
1745931600,172.9435,172.9455,172.416,172.524
1745946000,172.524,172.932,172.4855,172.73
1745960400,172.73,172.941,172.422,172.877
1745974800,172.877,173.0295,172.734,172.985
1745989200,172.985,173.1455,172.835,173.036
1746003600,173.036,173.524,173.0215,173.3935
1746018000,173.3935,173.6675,173.2465,173.4645
1746032400,173.4645,173.654,172.9295,173.0695
1746046800,173.0695,173.4635,172.935,173.1315
1746061200,173.1315,174.0235,173.046,173.917
1746075600,173.917,174.859,173.888,174.492
1746090000,174.492,174.72,174.2955,174.6145
1746104400,174.6145,174.993,174.456,174.9805
1746118800,174.9805,175.595,174.919,175.283
1746133200,175.283,175.7385,174.906,175.499
1746147600,175.499,175.51,175.1505,175.351
1746162000,175.351,175.617,175.292,175.3275
1746176400,175.3275,176.178,174.877,174.895
1746190800,174.895,175.0775,174.584,174.875
1746205200,174.875,175.571,174.8015,175.409
1746392400,175.409,175.645,175.2165,175.514
1746406800,175.514,175.525,175.099,175.123
1746421200,175.123,175.153,174.474,174.636
1746435600,174.636,174.9355,174.576,174.586
1746450000,174.586,175.057,174.52,174.9665
1746464400,174.9665,175.0615,174.771,174.784
1746478800,174.784,174.9895,174.4265,174.649
1746493200,174.649,174.841,174.5675,174.66
1746507600,174.66,174.8305,173.6235,173.6755
1746522000,173.6755,173.825,172.8835,172.912
1746536400,172.912,173.487,172.9055,173.2965
1746550800,173.2965,173.4825,173.2275,173.246
1746565200,173.246,173.508,172.971,172.987
1746579600,172.987,173.609,172.898,173.557
1746594000,173.557,173.745,173.382,173.6005
1746608400,173.6005,174.4595,173.5245,174.41
1746622800,174.41,174.9905,174.2015,174.838
1746637200,174.838,174.957,174.4335,174.595
1746651600,174.595,174.7,174.414,174.5895
1746666000,174.5895,174.6085,174.352,174.461
1746680400,174.461,175.306,174.259,175.128
1746694800,175.128,175.6295,175.0635,175.505
1746709200,175.505,175.5565,174.9995,175.394
1746723600,175.394,175.562,175.298,175.418
1746738000,175.418,175.6535,175.311,175.347
1746752400,175.347,175.384,174.9365,175.025
1746766800,175.025,175.135,174.707,174.873
1746781200,174.873,174.978,174.536,174.9415
1746795600,174.9415,175.1825,174.7355,174.7515
1746810000,174.7515,174.8875,174.6945,174.824
1746997200,174.824,175.232,174.7595,174.978
1747011600,174.978,175.212,174.8305,174.9665
1747026000,174.9665,175.5915,174.758,175.5715
1747040400,175.5715,175.8545,175.2175,175.6555
1747054800,175.6555,175.9465,175.505,175.7315
1747069200,175.7315,175.8155,175.2705,175.595
1747083600,175.595,175.9175,175.1765,175.185
1747098000,175.185,175.3865,175.1665,175.2465
1747112400,175.2465,176.183,175.2015,176.1295
1747126800,176.1295,176.164,175.7335,175.802
1747141200,175.802,175.807,175.341,175.4235
1747155600,175.4235,175.798,175.401,175.664
1747170000,175.664,175.8285,175.436,175.619
1747184400,175.619,175.648,175.19,175.2255
1747198800,175.2255,175.407,174.976,175.019
1747213200,175.019,175.112,174.52,174.5535
1747227600,174.5535,174.6625,174.1,174.436
1747242000,174.436,174.4375,174.072,174.2565
1747256400,174.2565,174.805,174.0065,174.036
1747270800,174.036,174.28,173.8065,173.831
1747285200,173.831,174.2945,173.699,174.2135
1747299600,174.2135,174.414,174.035,174.314
1747314000,174.314,174.554,174.0425,174.054
1747328400,174.054,174.379,174.0255,174.3125
1747342800,174.3125,174.429,173.9935,174.137
1747357200,174.137,174.3745,174.009,174.1055
1747371600,174.1055,174.3625,173.8575,173.919
1747386000,173.919,174.121,173.6945,173.791
1747400400,173.791,174.0765,173.649,173.928
1747414800,173.928,174.0285,173.848,173.862
1747602000,173.862,174.1055,173.546,173.574
1747616400,173.574,173.8595,173.469,173.7515
1747630800,173.7515,173.93,173.595,173.8625
1747645200,173.8625,174.0575,173.744,173.819
1747659600,173.819,174.2075,173.709,173.734
1747674000,173.734,173.764,173.482,173.575
1747688400,173.575,174.0405,173.453,173.916
1747702800,173.916,173.9315,173.472,173.4885
1747717200,173.4885,173.696,173.1365,173.686
1747731600,173.686,173.7105,173.32,173.628
1747746000,173.628,174.0275,173.5935,174.0205
1747760400,174.0205,174.464,174.002,174.4605
1747774800,174.4605,174.6475,174.215,174.5085
1747789200,174.5085,174.9675,174.452,174.8135
1747803600,174.8135,174.8355,174.467,174.5875
1747818000,174.5875,174.8035,173.968,174.2445
1747832400,174.2445,174.376,174.03,174.0825
1747846800,174.0825,174.3265,173.9235,174.11
1747861200,174.11,174.739,173.784,173.916
1747875600,173.916,173.973,173.719,173.772
1747890000,173.772,173.8245,173.218,173.407
1747904400,173.407,173.8825,173.3735,173.5135
1747918800,173.5135,173.828,173.3735,173.678
1747933200,173.678,173.8925,173.64,173.731
1747947600,173.731,173.94,173.5905,173.761
1747962000,173.761,173.8445,173.4725,173.598
1747976400,173.598,173.6855,173.396,173.445
1747990800,173.445,173.7115,173.101,173.2215
1748005200,173.2215,173.801,173.18,173.7655
1748019600,173.7655,173.7845,173.553,173.612
1748206800,173.612,173.987,173.471,173.496
1748221200,173.496,173.889,173.473,173.7855
1748235600,173.7855,174.111,173.7485,173.9245
1748250000,173.9245,174.047,173.657,173.7575
1748264400,173.7575,174.163,173.6555,174.0005
1748278800,174.0005,174.023,173.908,173.959
1748293200,173.959,174.1635,173.5495,173.5585
1748307600,173.5585,173.8565,173.5135,173.855
1748322000,173.855,174.5725,173.855,174.374
1748336400,174.374,174.558,174.1255,174.487
1748350800,174.487,174.8025,174.3715,174.562
1748365200,174.562,174.5785,174.3245,174.453
1748379600,174.453,174.839,173.993,174.1745
1748394000,174.1745,174.6025,174.1275,174.3045
1748408400,174.3045,174.557,174.074,174.2045
1748422800,174.2045,174.7165,174.16,174.6115
1748437200,174.6115,175.3665,174.603,175.19
1748451600,175.19,175.213,175.025,175.086
1748466000,175.086,175.2365,174.8005,175.221
1748480400,175.221,175.304,174.984,175.132
1748494800,175.132,175.372,174.9595,175.0735
1748509200,175.0735,175.225,174.9275,175.1905
1748523600,175.1905,175.334,175.0275,175.1295
1748538000,175.1295,175.2255,175.0485,175.224
1748552400,175.224,175.415,174.7095,174.9095
1748566800,174.9095,175.0515,174.6635,174.6995
1748581200,174.6995,174.91,174.6105,174.8295
1748595600,174.8295,175.0335,174.367,174.723
1748610000,174.723,175.7325,174.699,175.012
1748624400,175.012,175.182,174.8595,175.171
1748811600,175.171,175.171,174.604,174.669
1748826000,174.669,174.713,174.481,174.5275
1748840400,174.5275,174.8055,174.4925,174.7915
1748854800,174.7915,175.1035,174.3365,174.597
1748869200,174.597,174.826,174.5275,174.7255
1748883600,174.7255,174.821,174.6145,174.623
1748898000,174.623,174.7655,174.394,174.6735
1748912400,174.6735,175.046,174.6705,174.7765
1748926800,174.7765,174.915,174.3295,174.382
1748941200,174.382,174.5615,174.145,174.241
1748955600,174.241,174.844,174.1415,174.754
1748970000,174.754,174.8425,174.666,174.753
1748984400,174.753,174.9185,174.491,174.866
1748998800,174.866,175.0355,174.6395,174.9885
1749013200,174.9885,175.133,174.7335,175.005
1749027600,175.005,175.238,174.77,174.8125
1749042000,174.8125,174.9935,174.517,174.568
1749056400,174.568,174.682,174.3755,174.4295
1749070800,174.4295,174.5495,174.244,174.469
1749085200,174.469,174.626,174.374,174.607
1749099600,174.607,174.8355,174.5945,174.6285
1749114000,174.6285,174.9465,174.4485,174.7535
1749128400,174.7535,175.269,174.7355,175.198
1749142800,175.198,175.2635,174.9585,175.163
1749157200,175.163,175.3145,174.82,175.2185
1749171600,175.2185,175.3395,175.0845,175.3235
1749186000,175.3235,175.397,175.216,175.229
1749200400,175.229,175.6595,175.2,175.543
1749214800,175.543,176.317,175.543,176.1005
1749229200,176.1005,176.2895,176.053,176.14
1749416400,176.14,176.348,176.0445,176.211
1749430800,176.211,176.2275,175.845,175.8845
1749445200,175.8845,175.992,175.693,175.7525
1749459600,175.7525,176.037,175.584,175.9475
1749474000,175.9475,176.146,175.846,175.8775
1749488400,175.8775,176.044,175.8655,175.9525
1749502800,175.9525,176.064,175.8,175.936
1749517200,175.936,176.2965,175.89,176.205
1749531600,176.205,176.206,175.7755,176.165
1749546000,176.165,176.247,175.896,176.024
1749560400,176.024,176.3265,175.9415,176.3035
1749574800,176.3035,176.3355,176.0335,176.056
1749589200,176.056,176.4105,176,176.267
1749603600,176.267,176.3185,176.103,176.296
1749618000,176.296,176.5705,176.212,176.475
1749632400,176.475,176.7895,176.136,176.361
1749646800,176.361,176.8555,176.2645,176.265
1749661200,176.265,176.335,176.0675,176.225
1749675600,176.225,176.2895,176.0445,176.17
1749690000,176.17,176.327,176.06,176.206
1749704400,176.206,176.643,175.879,176.525
1749718800,176.525,176.8755,176.3885,176.637
1749733200,176.637,176.9595,176.511,176.815
1749747600,176.815,177.1145,176.7355,177.106
1749762000,177.106,177.458,176.68,177.252
1749776400,177.252,177.6315,177.0505,177.4305
1749790800,177.4305,177.475,176.9415,176.9955
1749805200,176.9955,177.53,176.966,177.495
1749819600,177.495,177.673,177.2165,177.5205
1749834000,177.5205,177.698,177.268,177.632
1750021200,177.632,178.227,177.2835,177.816
1750035600,177.816,177.84,177.542,177.5735
1750050000,177.5735,177.7075,177.412,177.643
1750064400,177.643,177.8025,177.583,177.658
1750078800,177.658,177.764,177.422,177.617
1750093200,177.617,177.962,177.59,177.818
1750107600,177.818,178.1505,177.6875,178.0955
1750122000,178.0955,178.0955,177.618,177.7275
1750136400,177.7275,178.3715,177.6325,178.2635
1750150800,178.2635,178.315,177.7625,177.897
1750165200,177.897,178.21,177.8025,178.1475
1750179600,178.1475,178.2065,177.797,177.9675
1750194000,177.9675,178.439,177.829,177.891
1750208400,177.891,177.9275,177.5005,177.621
1750222800,177.621,177.7445,177.3905,177.394
1750237200,177.394,177.4275,177.052,177.415
1750251600,177.415,177.425,176.848,176.93
1750266000,176.93,177.3225,176.887,177.267
1750280400,177.267,177.6625,176.8675,176.904
1750294800,176.904,177.0565,176.7585,176.9455
1750309200,176.9455,178.063,176.841,178.035
1750323600,178.035,178.2245,177.811,178.028
1750338000,178.028,178.071,177.748,177.9555
1750352400,177.9555,178.205,177.822,178.095
1750366800,178.095,178.283,177.8305,178.011
1750381200,178.011,178.1345,177.7625,177.98
1750395600,177.98,178.3415,177.9595,178.097
1750410000,178.097,178.2375,177.8895,178.1685
1750424400,178.1685,178.5885,178.168,178.5785
1750438800,178.5785,178.721,178.5245,178.581
1750626000,178.581,179.5715,178.581,178.8905
1750640400,178.8905,179.69,178.864,179.6515
1750654800,179.6515,180.5565,179.6385,180.4635
1750669200,180.4635,180.8815,180.0595,180.1525
1750683600,180.1525,180.3405,179.794,180.003
1750698000,180.003,180.174,179.803,179.812
1750712400,179.812,180.043,179.2665,179.28
1750726800,179.28,179.3275,179.055,179.122
1750741200,179.122,179.1785,178.6355,178.8275
1750755600,178.8275,179.4825,178.795,179.384
1750770000,179.384,180.0835,179.2985,179.9435
1750784400,179.9435,180.0175,179.7425,179.953
1750798800,179.953,180.2235,179.8415,180.0735
1750813200,180.0735,180.0735,179.7365,180.021
1750827600,180.021,180.678,180.021,180.6195
1750842000,180.6195,180.757,180.28,180.706
1750856400,180.706,180.903,180.584,180.642
1750870800,180.642,180.653,180.443,180.458
1750885200,180.458,180.5275,180.0535,180.0625
1750899600,180.0625,180.3435,180.0335,180.155
1750914000,180.155,180.217,179.6125,180.021
1750928400,180.021,180.4355,179.912,180.3385
1750942800,180.3385,180.699,180.242,180.5455
1750957200,180.5455,180.5455,180.3855,180.446
1750971600,180.446,180.7245,180.324,180.5455
1750986000,180.5455,180.6435,180.1475,180.378
1751000400,180.378,180.8935,180.1375,180.8875
1751014800,180.8875,181.404,180.7815,181.3785
1751029200,181.3785,181.451,180.793,180.9745
1751043600,180.9745,181.156,180.806,181.069
1751230800,181.069,181.088,180.6075,180.9885
1751245200,180.9885,181.0135,180.256,180.2995
1751259600,180.2995,180.693,180.2045,180.6845
1751274000,180.6845,181.193,180.6595,181.012
1751288400,181.012,181.6725,180.9,181.5995
1751302800,181.5995,181.8395,181.449,181.611
1751317200,181.611,181.6885,181.276,181.291
1751331600,181.291,181.676,181.1595,181.397
1751346000,181.397,181.4895,180.8655,181.127
1751360400,181.127,181.4375,180.929,181.062
1751374800,181.062,181.5315,180.9095,181.0715
1751389200,181.0715,181.4645,181.046,181.295
1751403600,181.295,181.6745,181.135,181.516
1751418000,181.516,181.6235,181.3855,181.3895
1751432400,181.3895,181.674,181.3785,181.6675
1751446800,181.6675,181.9365,181.3115,181.4665
1751461200,181.4665,181.765,181.335,181.5115
1751475600,181.5115,181.536,181.3495,181.358
1751490000,181.358,181.4555,181.2295,181.4505
1751504400,181.4505,181.7035,181.3955,181.6425
1751518800,181.6425,181.98,181.576,181.682
1751533200,181.682,182.0115,181.282,181.831
1751547600,181.831,182.4615,181.7865,182.3455
1751562000,182.3455,182.445,182.1795,182.2505
1751576400,182.2505,182.4365,181.9595,182.0485
1751590800,182.0485,182.2135,181.965,182.032
1751605200,182.032,182.126,181.7775,181.924
1751619600,181.924,182.0115,181.778,181.825
1751634000,181.825,182.246,181.805,182.1405
1751648400,182.1405,182.1615,181.7745,181.956
1751835600,181.956,182.1945,181.751,181.8295
1751850000,181.8295,182.416,181.71,182.392
1751864400,182.392,182.602,182.06,182.321
1751878800,182.321,182.6015,182.2945,182.44
1751893200,182.44,183.1285,182.425,182.98
1751907600,182.98,183.1375,182.866,182.9695
1751922000,182.9695,183.4315,182.8805,183.396
1751936400,183.396,183.5895,183.2475,183.3255
1751950800,183.3255,183.632,183.193,183.5495
1751965200,183.5495,183.886,183.463,183.737
1751979600,183.737,184.279,183.6215,184.1385
1751994000,184.1385,184.4105,184.1165,184.147
1752008400,184.147,184.549,183.881,184.35
1752022800,184.35,184.5735,184.315,184.4495
1752037200,184.4495,184.5055,184.0255,184.179
1752051600,184.179,184.295,184.0125,184.0905
1752066000,184.0905,184.3235,183.98,184.069
1752080400,184.069,184.3005,183.9565,184.228
1752094800,184.228,184.389,183.9685,184.0195
1752109200,184.0195,184.2855,183.927,184.135
1752123600,184.135,184.3205,183.889,184.065
1752138000,184.065,184.1445,183.73,183.8735
1752152400,183.8735,183.9315,183.5815,183.606
1752166800,183.606,183.6415,183.429,183.483
1752181200,183.483,183.842,183.382,183.767
1752195600,183.767,184.4505,183.7575,184.423
1752210000,184.423,184.4655,184.075,184.348
1752224400,184.348,184.798,184.309,184.5485
1752238800,184.5485,185.144,184.5175,185.087
1752253200,185.087,185.128,184.8885,185.0505
1752440400,185.0505,185.0505,184.5555,184.607
1752454800,184.607,184.94,184.555,184.8325
1752469200,184.8325,184.8835,184.497,184.8155
1752483600,184.8155,185.171,184.6775,185.1335
1752498000,185.1335,185.2335,184.984,185.1275
1752512400,185.1275,185.196,185.063,185.135
1752526800,185.135,185.327,185.074,185.153
1752541200,185.153,185.341,185.1465,185.288
1752555600,185.288,185.725,185.2385,185.561
1752570000,185.561,185.8355,185.451,185.7315
1752584400,185.7315,186.043,185.6475,185.6805
1752598800,185.6805,185.7155,185.5835,185.702
1752613200,185.702,185.9055,185.541,185.836
1752627600,185.836,186.0235,185.584,185.8295
1752642000,185.8295,185.849,185.6055,185.759
1752656400,185.759,185.809,184.91,184.998
1752670800,184.998,185.079,184.35,184.9345
1752685200,184.9345,184.966,184.427,184.6785
1752699600,184.6785,185.0415,184.439,184.9965
1752714000,184.9965,185.1745,184.908,184.993
1752728400,184.993,185.1865,184.6205,184.9805
1752742800,184.9805,185.1065,184.701,184.847
1752757200,184.847,184.868,184.3635,184.527
1752771600,184.527,184.854,184.4785,184.758
1752786000,184.758,185.109,184.664,185.0705
1752800400,185.0705,185.285,184.9265,185.1925
1752814800,185.1925,185.4965,185.092,185.2335
1752829200,185.2335,185.578,185.175,185.542
1752843600,185.542,185.8025,185.4255,185.697
1752858000,185.697,185.722,185.5415,185.629
1753045200,185.629,185.629,184.806,185.061
1753059600,185.061,185.2705,185.057,185.228
1753074000,185.228,185.229,184.58,184.8055
1753088400,184.8055,184.8375,184.357,184.534
1753102800,184.534,184.881,184.454,184.514
1753117200,184.514,184.714,184.4675,184.673
1753131600,184.673,184.8365,184.471,184.7575
1753146000,184.7575,185.0935,184.7275,185.054
1753160400,185.054,185.406,184.9245,185.204
1753174800,185.204,185.204,183.9355,184.0415
1753189200,184.0415,184.8495,183.888,184.829
1753203600,184.829,185.1825,184.7715,185.066
1753218000,185.066,185.1855,184.323,184.6425
1753232400,184.6425,185.4385,184.5505,185.12
1753246800,185.12,185.4385,184.834,185.199
1753261200,185.199,185.2475,184.148,184.48
1753275600,184.48,184.761,184.2905,184.5215
1753290000,184.5215,185.0295,184.4015,184.886
1753304400,184.886,184.9755,184.619,184.7305
1753318800,184.7305,184.743,184.2095,184.2545
1753333200,184.2545,184.5975,184.209,184.583
1753347600,184.583,184.6435,184.323,184.546
1753362000,184.546,184.9035,184.4145,184.8885
1753376400,184.8885,184.9755,184.754,184.798
1753390800,184.798,185.1985,184.747,185.033
1753405200,185.033,185.185,184.8145,184.8395
1753419600,184.8395,185.7445,184.566,185.632
1753434000,185.632,185.7375,185.2375,185.4585
1753448400,185.4585,185.7585,185.2055,185.7515
1753462800,185.7515,185.805,185.5815,185.75
1753650000,185.75,185.9115,185.5155,185.6985
1753664400,185.6985,185.972,185.655,185.7095
1753678800,185.7095,186.0465,185.5105,185.5525
1753693200,185.5525,185.6275,184.8175,184.8925
1753707600,184.8925,185.1985,184.5605,184.9375
1753722000,184.9375,185.053,184.8145,184.869
1753736400,184.869,185.046,184.7725,184.9655
1753750800,184.9655,185.0265,184.502,184.593
1753765200,184.593,184.604,184.1235,184.5025
1753779600,184.5025,184.6765,184.0815,184.157
1753794000,184.157,184.505,183.784,184.218
1753808400,184.218,184.352,184.1445,184.192
1753822800,184.192,184.2905,184.031,184.04
1753837200,184.04,184.11,183.796,183.871
1753851600,183.871,184.038,183.632,183.888
1753866000,183.888,183.948,183.5635,183.651
1753880400,183.651,183.8035,183.335,183.6935
1753894800,183.6935,183.806,183.3435,183.415
1753909200,183.415,183.63,183.297,183.6005
1753923600,183.6005,183.6005,182.669,183.1785
1753938000,183.1785,184.177,183.039,184.081
1753952400,184.081,184.7495,184.065,184.684
1753966800,184.684,185.562,184.561,185.4535
1753981200,185.4535,185.729,185.265,185.559
1753995600,185.559,185.646,185.2085,185.4265
1754010000,185.4265,185.5725,184.9835,185.0145
1754024400,185.0145,185.25,184.307,184.339
1754038800,184.339,184.741,184.171,184.517
1754053200,184.517,184.526,183.2255,183.256
1754067600,183.256,183.4325,182.9445,183.349
1754254800,183.349,183.349,182.7765,183.0775
1754269200,183.0775,183.588,183.074,183.4105
1754283600,183.4105,183.5635,182.715,182.8045
1754298000,182.8045,182.8465,182.3315,182.438
1754312400,182.438,182.5125,181.892,182.004
1754326800,182.004,182.0525,181.79,182.007
1754341200,182.007,182.241,181.7235,181.76
1754355600,181.76,181.952,181.647,181.71
1754370000,181.71,182.2155,181.5955,181.9565
1754384400,181.9565,182.4315,181.768,182.362
1754398800,182.362,182.842,182.3275,182.8035
1754413200,182.8035,182.8655,182.706,182.798
1754427600,182.798,182.9065,182.657,182.785
1754442000,182.785,182.906,182.6135,182.6305
1754456400,182.6305,182.8565,182.5745,182.7305
1754470800,182.7305,183.041,182.6915,182.845
1754485200,182.845,182.968,182.458,182.5725
1754499600,182.5725,183.0085,182.346,182.764
1754514000,182.764,183.015,182.5945,183.0055
1754528400,183.0055,183.262,182.9745,183.01
1754542800,183.01,183.041,182.263,182.614
1754557200,182.614,182.8945,182.1245,182.292
1754571600,182.292,182.624,182.141,182.5935
1754586000,182.5935,182.6555,182.249,182.431
1754600400,182.431,182.5945,182.1635,182.553
1754614800,182.553,182.616,182.4145,182.437
1754629200,182.437,182.6785,182.2765,182.631
1754643600,182.631,183.099,182.598,183.0535
1754658000,183.0535,183.197,182.87,182.8715
1754672400,182.8715,182.955,182.7295,182.761
1754859600,182.761,182.9235,182.678,182.833
1754874000,182.833,182.949,182.811,182.88
1754888400,182.88,182.992,182.315,182.479
1754902800,182.479,182.5745,182.1525,182.1525
1754917200,182.1525,182.3295,181.9895,182.11
1754931600,182.11,182.466,182.1055,182.342
1754946000,182.342,182.8065,182.242,182.786
1754960400,182.786,182.989,182.6875,182.9355
1754974800,182.9355,183.397,182.631,183.2525
1754989200,183.2525,183.286,182.8295,182.8415
1755003600,182.8415,183.1815,182.716,182.9515
1755018000,182.9515,183.3555,182.888,183.304
1755032400,183.304,183.3585,183.04,183.268
1755046800,183.268,183.6235,183.209,183.4295
1755061200,183.4295,183.64,183.197,183.305
1755075600,183.305,183.5775,183.19,183.2495
1755090000,183.2495,183.2615,182.9085,183.036
1755104400,183.036,183.136,182.9265,182.983
1755118800,182.983,183.35,182.188,182.24
1755133200,182.24,182.26,181.744,181.786
1755147600,181.786,181.905,181.478,181.6675
1755162000,181.6675,182.2565,181.611,182.186
1755176400,182.186,182.9765,182.106,182.801
1755190800,182.801,183.0755,182.7575,182.979
1755205200,182.979,183.0675,182.595,182.6005
1755219600,182.6005,182.6375,182.3555,182.435
1755234000,182.435,182.648,182.2975,182.3985
1755248400,182.3985,182.527,182.2045,182.3695
1755262800,182.3695,182.612,182.303,182.5775
1755277200,182.5775,182.726,182.371,182.411
1755464400,182.411,182.787,182.387,182.7695
1755478800,182.7695,182.952,182.7395,182.858
1755493200,182.858,182.9595,182.4575,182.543
1755507600,182.543,183.0225,182.486,182.9625
1755522000,182.9625,183.3265,182.8875,183.073
1755536400,183.073,183.255,182.95,183.151
1755550800,183.151,183.2645,182.939,183.031
1755565200,183.031,183.194,182.776,183.0555
1755579600,183.0555,183.3655,182.816,183.2
1755594000,183.2,183.5465,183.171,183.451
1755608400,183.451,183.5505,182.858,182.881
1755622800,182.881,182.8985,182.581,182.8125
1755637200,182.8125,182.941,182.446,182.5065
1755651600,182.5065,182.602,182.321,182.543
1755666000,182.543,182.734,182.0855,182.672
1755680400,182.672,182.804,182.539,182.79
1755694800,182.79,183.1255,182.5925,182.992
1755709200,182.992,183.3595,182.9705,183.231
1755723600,183.231,183.373,183.0975,183.224
1755738000,183.224,183.2965,182.9685,183.0075
1755752400,183.0075,183.3745,182.879,183.28
1755766800,183.28,183.5445,183.191,183.283
1755781200,183.283,183.539,182.997,183.496
1755795600,183.496,183.4995,183.355,183.473
1755810000,183.473,183.6525,183.351,183.559
1755824400,183.559,183.6255,183.341,183.5535
1755838800,183.5535,183.6565,183.3105,183.6525
1755853200,183.6525,184.0315,183.6225,184.017
1755867600,184.017,184.027,183.0235,183.077
1755882000,183.077,183.4465,183.0735,183.325
1756069200,183.325,183.6765,183.003,183.5525
1756083600,183.5525,183.6155,183.313,183.368
1756098000,183.368,183.7425,183.2595,183.6685
1756112400,183.6685,183.7545,183.545,183.674
1756126800,183.674,183.88,183.419,183.47
1756141200,183.47,183.487,183.18,183.3275
1756155600,183.3275,183.4885,183.008,183.0945
1756170000,183.0945,183.475,183.0835,183.4625
1756184400,183.4625,183.5345,182.8395,182.9255
1756198800,182.9255,183.414,182.9025,183.4
1756213200,183.4,183.6425,183.2455,183.376
1756227600,183.376,183.534,183.351,183.503
1756242000,183.503,183.5845,183.2445,183.5415
1756256400,183.5415,183.764,183.47,183.724
1756270800,183.724,183.7875,183.2025,183.418
1756285200,183.418,183.9015,183.29,183.8915
1756299600,183.8915,184.078,183.7335,183.7565
1756314000,183.7565,183.813,183.636,183.71
1756328400,183.71,183.958,183.3425,183.7285
1756342800,183.7285,183.9055,183.5435,183.5955
1756357200,183.5955,183.86,183.4005,183.711
1756371600,183.711,183.8155,183.283,183.4165
1756386000,183.4165,183.5105,183.236,183.452
1756400400,183.452,183.455,183.2185,183.371
1756414800,183.371,183.414,183.0235,183.063
1756429200,183.063,183.256,182.895,183.0545
1756443600,183.0545,183.6985,183.05,183.5325
1756458000,183.5325,183.65,183.2945,183.594
1756472400,183.594,183.855,183.479,183.8105
1756486800,183.8105,183.837,183.633,183.651
1756674000,183.651,183.9,183.637,183.88
1756688400,183.88,183.9585,183.686,183.8935
1756702800,183.8935,184.129,183.7105,184.0175
1756717200,184.0175,184.0975,183.7305,183.7515
1756731600,183.7515,184.0885,183.7005,183.7655
1756746000,183.7655,183.9035,183.7375,183.8635
1756760400,183.8635,184.0995,183.7345,183.8525
1756774800,183.8525,184.4925,183.7625,184.3455
1756789200,184.3455,185.1305,184.3455,184.564
1756803600,184.564,184.9635,184.3785,184.8195
1756818000,184.8195,184.8455,184.2655,184.4645
1756832400,184.4645,184.547,184.271,184.384
1756846800,184.384,184.6945,184.3425,184.6505
1756861200,184.6505,184.836,184.488,184.534
1756875600,184.534,184.877,184.4485,184.7765
1756890000,184.7765,184.917,184.6525,184.708
1756904400,184.708,184.7845,184.0685,184.182
1756918800,184.182,184.2175,184.014,184.188
1756933200,184.188,184.328,183.969,184.0865
1756947600,184.0865,184.3405,183.936,184.279
1756962000,184.279,184.344,184.081,184.2645
1756976400,184.2645,184.311,183.9875,184.2435
1756990800,184.2435,184.4865,184.192,184.2345
1757005200,184.2345,184.3805,184.144,184.315
1757019600,184.315,184.4425,184.0365,184.0595
1757034000,184.0595,184.2455,184.043,184.1725
1757048400,184.1725,184.489,184.136,184.4385
1757062800,184.4385,184.601,184.081,184.175
1757077200,184.175,184.6095,184.1285,184.6045
1757091600,184.6045,184.742,184.533,184.705
1757278800,184.705,185.93,184.705,185.801
1757293200,185.801,185.8885,185.492,185.797
1757307600,185.797,185.871,185.356,185.556
1757322000,185.556,185.9015,185.4445,185.8595
1757336400,185.8595,186.228,185.8415,185.9365
1757350800,185.9365,186.0035,185.7905,185.963
1757365200,185.963,185.9955,185.7275,185.9135
1757379600,185.9135,185.9655,185.6665,185.6955
1757394000,185.6955,185.8365,184.703,184.8815
1757408400,184.8815,184.892,184.5355,184.8155
1757422800,184.8155,185.0545,184.7165,184.8125
1757437200,184.8125,184.902,184.739,184.8395
1757451600,184.8395,185.0305,184.724,184.777
1757466000,184.777,184.967,184.667,184.9115
1757480400,184.9115,185.0585,184.7725,184.962
1757494800,184.962,185.0595,184.612,184.8655
1757509200,184.8655,185.021,184.4325,184.506
1757523600,184.506,184.528,184.3445,184.519
1757538000,184.519,184.71,184.448,184.535
1757552400,184.535,184.6365,184.4175,184.6185
1757566800,184.6185,185.003,184.5665,184.992
1757581200,184.992,185.195,184.8035,184.9565
1757595600,184.9565,185.1125,184.776,184.783
1757610000,184.783,185.084,184.7755,185.016
1757624400,185.016,185.1485,184.803,184.9705
1757638800,184.9705,185.1975,184.943,185.151
1757653200,185.151,185.54,185.02,185.5065
1757667600,185.5065,185.5705,185.3445,185.354
1757682000,185.354,185.5095,185.209,185.4215
1757696400,185.4215,185.4565,185.245,185.412
1757883600,185.412,185.5485,185.209,185.24
1757898000,185.24,185.276,185.054,185.114
1757912400,185.114,185.226,185.0855,185.16
1757926800,185.16,185.4945,185.157,185.295
1757941200,185.295,185.562,185.152,185.409
1757955600,185.409,185.5865,185.4015,185.5165
1757970000,185.5165,185.599,185.3715,185.59
1757984400,185.59,185.6435,185.176,185.2295
1757998800,185.2295,185.576,185.1505,185.552
1758013200,185.552,186.0035,185.5155,185.995
1758027600,185.995,186.184,185.9355,186.13
1758042000,186.13,186.397,186.076,186.361
1758056400,186.361,186.361,186.0535,186.276
1758070800,186.276,186.308,186.075,186.0885
1758085200,186.0885,186.2475,186.035,186.107
1758099600,186.107,186.117,185.828,186.0225
1758114000,186.0225,186.0795,185.8795,185.8825
1758128400,185.8825,186.366,185.6545,186.366
1758142800,186.366,186.4305,186.1455,186.2925
1758157200,186.2925,186.384,186.14,186.181
1758171600,186.181,186.9055,186.142,186.8365
1758186000,186.8365,187.0635,186.639,186.8305
1758200400,186.8305,186.9705,186.59,186.623
1758214800,186.623,186.786,186.568,186.786
1758229200,186.786,186.874,186.4825,186.797
1758243600,186.797,186.823,185.773,186.0485
1758258000,186.0485,186.3895,185.8715,185.943
1758272400,185.943,186.1925,185.931,186.1655
1758286800,186.1655,186.264,185.962,186.06
1758301200,186.06,186.124,185.9605,185.992
1758488400,185.992,186.292,185.9105,186.026
1758502800,186.026,186.2025,186.001,186.059
1758517200,186.059,186.25,186.013,186.188
1758531600,186.188,186.4645,186.112,186.4245
1758546000,186.4245,186.449,186.214,186.3475
1758560400,186.3475,186.529,186.289,186.426
1758574800,186.426,186.4765,186.1845,186.4425
1758589200,186.4425,186.635,186.393,186.494
1758603600,186.494,186.5205,186.2555,186.347
1758618000,186.347,186.631,186.2835,186.5485
1758632400,186.5485,186.668,186.315,186.6115
1758646800,186.6115,186.636,186.371,186.584
1758661200,186.584,186.6485,186.3425,186.5865
1758675600,186.5865,186.777,186.488,186.7195
1758690000,186.7195,186.85,186.513,186.739
1758704400,186.739,187.1355,186.615,187.1185
1758718800,187.1185,187.216,186.972,186.9775
1758733200,186.9775,187.262,186.9555,187.247
1758747600,187.247,187.2925,186.9885,187.021
1758762000,187.021,187.209,186.98,186.9845
1758776400,186.9845,187.1665,186.75,186.8995
1758790800,186.8995,187.0695,186.66,186.7745
1758805200,186.7745,187.193,186.711,187.073
1758819600,187.073,187.378,187.0295,187.318
1758834000,187.318,187.3725,187.007,187.1525
1758848400,187.1525,187.314,187.1105,187.2475
1758862800,187.2475,187.5305,187.2225,187.373
1758877200,187.373,187.415,187.227,187.285
1758891600,187.285,187.584,187.208,187.311
1758906000,187.311,187.492,187.303,187.371
1759093200,187.371,187.4305,187.209,187.28
1759107600,187.28,187.3095,187.0175,187.1105
1759122000,187.1105,187.152,186.5085,186.5865
1759136400,186.5865,186.644,186.1775,186.6355
1759150800,186.6355,186.6505,186.185,186.403
1759165200,186.403,186.451,186.272,186.272
1759179600,186.272,186.503,186.204,186.4735
1759194000,186.4735,186.5035,186.1095,186.207
1759208400,186.207,186.2365,185.704,185.71
1759222800,185.71,185.7225,185.458,185.623
1759237200,185.623,185.9295,185.3825,185.921
1759251600,185.921,186.0005,185.6755,185.753
1759266000,185.753,186.073,185.5535,185.9895
1759280400,185.9895,186.0115,185.717,185.7515
1759294800,185.7515,185.8585,184.856,184.9025
1759309200,184.9025,185.0225,183.9865,184.099
1759323600,184.099,184.4285,184.0085,184.357
1759338000,184.357,184.646,184.357,184.509
1759352400,184.509,184.765,184.4425,184.657
1759366800,184.657,184.8325,184.563,184.7315
1759381200,184.7315,184.8275,184.276,184.366
1759395600,184.366,184.794,184.1615,184.7275
1759410000,184.7275,184.7275,184.2935,184.392
1759424400,184.392,184.6135,184.31,184.565
1759438800,184.565,184.794,184.4885,184.7925
1759453200,184.7925,185.2145,184.655,185.182
1759467600,185.182,185.253,184.841,185.0345
1759482000,185.0345,185.087,184.8385,185.0595
1759496400,185.0595,185.475,184.9175,185.475
1759510800,185.475,185.485,185.298,185.423
1759698000,185.423,188.016,185.423,187.945
1759712400,187.945,188.8755,187.7855,188.8365
1759726800,188.8365,188.9455,187.7165,188.2775
1759741200,188.2775,188.4745,187.832,187.889
1759755600,187.889,188.873,187.8755,188.8625
1759770000,188.8625,189.205,188.744,189.1455
1759784400,189.1455,189.404,188.8395,189.2905
1759798800,189.2905,189.351,188.8985,189.058
1759813200,189.058,189.13,188.789,189.02
1759827600,189.02,189.183,188.8745,189.1215
1759842000,189.1215,189.8705,188.9755,189.776
1759856400,189.776,190.367,189.7705,190.2865
1759870800,190.2865,190.68,190.144,190.6265
1759885200,190.6265,190.7575,190.1785,190.244
1759899600,190.244,190.6995,190.0845,190.6675
1759914000,190.6675,191.1685,190.5285,190.567
1759928400,190.567,190.6075,190.278,190.4145
1759942800,190.4145,190.526,190.298,190.405
1759957200,190.405,190.645,190.2755,190.6385
1759971600,190.6385,190.724,190.373,190.4635
1759986000,190.4635,190.89,190.455,190.5135
1760000400,190.5135,190.766,190.2825,190.377
1760014800,190.377,190.447,189.638,189.671
1760029200,189.671,189.9185,189.5905,189.807
1760043600,189.807,190.006,189.6345,189.7155
1760058000,189.7155,189.77,189.3985,189.562
1760072400,189.562,189.8365,189.244,189.602
1760086800,189.602,189.714,189.2525,189.4015
1760101200,189.4015,189.777,189.3365,189.548
1760115600,189.548,189.5635,189.047,189.162
1760302800,189.162,189.8415,189.161,189.5225
1760317200,189.5225,189.696,189.519,189.62
1760331600,189.62,190.0085,189.3955,189.4525
1760346000,189.4525,189.62,189.0695,189.163
1760360400,189.163,189.434,189.0565,189.3935
1760374800,189.3935,189.4455,189.295,189.3945
1760389200,189.3945,189.596,189.3035,189.5035
1760403600,189.5035,189.6275,189.068,189.2185
1760418000,189.2185,189.2775,188.7865,189.1955
1760432400,189.1955,189.319,188.857,189.054
1760446800,189.054,189.608,189.0465,189.4775
1760461200,189.4775,189.552,189.3325,189.546
1760475600,189.546,189.6065,189.1215,189.1905
1760490000,189.1905,189.246,188.7255,189.0445
1760504400,189.0445,189.3095,188.741,189.069
1760518800,189.069,189.5165,188.9985,189.3955
1760533200,189.3955,189.8365,189.3615,189.7725
1760547600,189.7725,189.8465,189.5805,189.604
1760562000,189.604,189.7845,189.1885,189.4745
1760576400,189.4745,189.9425,189.4405,189.8705
1760590800,189.8705,190.1395,189.4735,189.8685
1760605200,189.8685,189.9845,189.386,189.61
1760619600,189.61,189.7305,189.1435,189.341
1760634000,189.341,189.794,189.2935,189.737
1760648400,189.737,189.837,189.451,189.836
1760662800,189.836,189.9965,189.7195,189.738
1760677200,189.738,190.06,189.5375,189.7525
1760691600,189.7525,189.9585,189.5625,189.837
1760706000,189.837,190.069,189.6415,189.8685
1760720400,189.8685,189.923,189.728,189.8275
1760907600,189.8275,190.389,189.6905,190.3405
1760922000,190.3405,190.5455,189.863,189.9565
1760936400,189.9565,190.258,189.7595,190.0115
1760950800,190.0115,190.238,189.614,190.1225
1760965200,190.1225,190.4755,190.0875,190.233
1760979600,190.233,190.369,190.1735,190.223
1760994000,190.223,190.365,190.0955,190.2725
1761008400,190.2725,190.6295,190.0965,190.506
1761022800,190.506,191.1155,190.3425,191.0255
1761037200,191.0255,191.3165,190.9985,191.1
1761051600,191.1,191.1985,190.642,190.803
1761066000,190.803,190.9255,190.7185,190.8035
1761080400,190.8035,190.9255,190.405,190.484
1761094800,190.484,190.8005,190.409,190.7015
1761109200,190.7015,190.9665,190.4335,190.5335
1761123600,190.5335,190.687,190.417,190.6335
1761138000,190.6335,190.9375,190.568,190.8555
1761152400,190.8555,190.9185,190.6445,190.911
1761166800,190.911,191.1545,190.7815,191.0625
1761181200,191.0625,191.2875,191.028,191.1755
1761195600,191.1755,191.4145,191.0495,191.355
1761210000,191.355,191.4195,191.185,191.4045
1761224400,191.4045,192.097,191.3455,191.9335
1761238800,191.9335,191.9345,191.7735,191.867
1761253200,191.867,191.9995,191.6285,191.976
1761267600,191.976,192.178,191.9205,192.0595
1761282000,192.0595,192.342,192.036,192.196
1761296400,192.196,192.2385,191.848,192.148
1761310800,192.148,192.3675,191.9645,192.052
1761325200,192.052,192.1905,192.0185,192.149
1761512400,192.149,192.372,191.8165,192.2215
1761526800,192.2215,192.3685,192.116,192.315
1761541200,192.315,192.3945,191.694,191.7115
1761555600,191.7115,192.1165,191.6935,192.0925
1761570000,192.0925,192.3165,192.051,192.296
1761584400,192.296,192.344,192.1375,192.189
1761598800,192.189,192.262,191.923,192.012
1761613200,192.012,192.0445,191.437,191.462
1761627600,191.462,191.694,191.279,191.374
1761642000,191.374,191.567,191.188,191.207
1761656400,191.207,192.004,191.1295,191.8505
1761670800,191.8505,191.895,191.638,191.714
1761685200,191.714,191.8065,191.1575,191.222
1761699600,191.222,191.625,191.1345,191.4815
1761714000,191.4815,191.9525,191.094,191.208
1761728400,191.208,191.317,190.8285,190.8975
1761742800,190.8975,191.1625,190.525,191.0355
1761757200,191.0355,191.2575,190.709,190.918
1761771600,190.918,191.052,190.741,190.879
1761786000,190.879,191.6475,190.5005,191.512
1761800400,191.512,192.5765,191.3715,192.496
1761814800,192.496,192.7005,192.1135,192.193
1761829200,192.193,192.4875,192.107,192.2875
1761843600,192.2875,192.2895,192.032,192.221
1761858000,192.221,192.3145,191.959,192.1085
1761872400,192.1085,192.1655,191.7695,192.032
1761886800,192.032,192.4025,191.898,192.2575
1761901200,192.2575,192.3575,191.5715,191.777
1761915600,191.777,191.983,191.4655,191.7975
1761930000,191.7975,191.821,191.372,191.4365
1762120800,191.4365,191.694,191.3885,191.4525
1762135200,191.4525,191.589,191.403,191.5765
1762149600,191.5765,191.8385,190.9525,190.983
1762164000,190.983,191.118,190.7685,190.8225
1762178400,190.8225,190.9785,190.5715,190.9125
1762192800,190.9125,190.981,190.785,190.857
1762207200,190.857,190.9565,190.586,190.667
1762221600,190.667,190.676,190.029,190.0845
1762236000,190.0845,190.2905,189.733,189.794
1762250400,189.794,190.0255,189.57,189.723
1762264800,189.723,189.8205,189.403,189.727
1762279200,189.727,189.7735,189.4885,189.646
1762293600,189.646,189.8485,189.1165,189.3995
1762308000,189.3995,189.781,189.279,189.763
1762322400,189.763,189.996,189.4575,189.6035
1762336800,189.6035,189.925,189.3965,189.8685
1762351200,189.8685,190.391,189.834,189.9795
1762365600,189.9795,190.266,189.9485,190.22
1762380000,190.22,190.3785,190.0495,190.1985
1762394400,190.1985,190.303,190.105,190.186
1762408800,190.186,190.274,189.8195,190.04
1762423200,190.04,190.1975,189.897,190.086
1762437600,190.086,190.098,189.3345,189.5755
1762452000,189.5755,189.9385,189.5245,189.8195
1762466400,189.8195,189.9575,189.5865,189.7585
1762480800,189.7585,189.8865,189.5015,189.8725
1762495200,189.8725,190.062,189.8235,189.9225
1762509600,189.9225,190.46,189.8655,190.4425
1762524000,190.4425,190.6845,190.277,190.4455
1762538400,190.4455,190.621,190.341,190.566
1762725600,190.566,190.8695,190.3675,190.762
1762740000,190.762,191.056,190.6875,191.0025
1762754400,191.0025,191.4535,190.8795,191.28
1762768800,191.28,191.474,191.2065,191.4405
1762783200,191.4405,191.4405,190.946,191.3005
1762797600,191.3005,191.4835,191.2625,191.4565
1762812000,191.4565,191.701,191.2485,191.6465
1762826400,191.6465,191.7955,191.56,191.687
1762840800,191.687,192.2635,191.5685,192.132
1762855200,192.132,192.4535,192.1285,192.367
1762869600,192.367,192.685,192.333,192.628
1762884000,192.628,192.704,192.5115,192.577
1762898400,192.577,192.76,192.3025,192.6835
1762912800,192.6835,193.2775,192.6835,193.137
1762927200,193.137,193.8285,193.127,193.739
1762941600,193.739,194.0585,193.6175,194.0505
1762956000,194.0505,194.2275,193.854,193.9645
1762970400,193.9645,194.0535,193.815,194.025
1762984800,194.025,194.121,193.853,193.8705
1762999200,193.8705,193.9225,193.662,193.864
1763013600,193.864,194.5445,193.803,194.2565
1763028000,194.2565,194.525,194.1975,194.3405
1763042400,194.3405,195.1405,194.2135,195.037
1763056800,195.037,195.103,194.845,194.9415
1763071200,194.9415,195.1215,194.7865,194.8025
1763085600,194.8025,195.111,194.7725,195.08
1763100000,195.08,195.603,195.029,195.27
1763114400,195.27,195.487,194.834,195.1615
1763128800,195.1615,195.242,194.5615,194.759
1763143200,194.759,194.77,194.516,194.616
1763330400,194.616,194.7505,194.41,194.556
1763344800,194.556,194.6335,194.413,194.5905
1763359200,194.5905,195.0275,194.5665,194.819
1763373600,194.819,194.82,194.544,194.6205
1763388000,194.6205,195.172,194.615,195
1763402400,195,195.03,194.845,195.016
1763416800,195.016,195.1605,194.8715,194.956
1763431200,194.956,195.226,194.9255,195.178
1763445600,195.178,195.406,194.925,194.9265
1763460000,194.9265,195.0715,194.8245,194.8305
1763474400,194.8305,195.0385,194.291,194.6685
1763488800,194.6685,194.7925,194.4065,194.463
1763503200,194.463,194.5755,194.241,194.2755
1763517600,194.2755,194.5215,194.024,194.3875
1763532000,194.3875,194.678,194.2475,194.6145
1763546400,194.6145,194.894,194.288,194.7425
1763560800,194.7425,194.901,194.418,194.7855
1763575200,194.7855,195.1135,194.634,195.0985
1763589600,195.0985,195.311,194.724,195.278
1763604000,195.278,195.3265,194.9335,195.31
1763618400,195.31,195.6705,194.963,195.1425
1763632800,195.1425,195.5615,195.0435,195.404
1763647200,195.404,195.7295,195.318,195.533
1763661600,195.533,195.7035,195.37,195.421
1763676000,195.421,195.6285,195.204,195.5425
1763690400,195.5425,195.624,195.3055,195.422
1763704800,195.422,195.4815,194.6295,194.6415
1763719200,194.6415,194.6605,194.2315,194.3805
1763733600,194.3805,194.4205,193.3935,193.675
1763748000,193.675,193.7175,193.408,193.455
1763935200,193.455,193.8735,193.455,193.7745
1763949600,193.7745,193.814,193.652,193.7355
1763964000,193.7355,194.272,193.5585,194.184
1763978400,194.184,194.442,194.1385,194.326
1763992800,194.326,194.567,193.938,194.035
1764007200,194.035,194.161,193.9985,194.071
1764021600,194.071,194.1375,193.734,193.8155
1764036000,193.8155,193.871,193.6965,193.768
1764050400,193.768,193.7895,192.974,193.081
1764064800,193.081,193.4155,192.9005,193.1505
1764079200,193.1505,193.561,193.009,193.293
1764093600,193.293,193.3575,193.196,193.264
1764108000,193.264,193.628,193.1265,193.237
1764122400,193.237,194.111,193.0645,194.0465
1764136800,194.0465,194.226,193.9065,193.977
1764151200,193.977,194.1345,193.8055,193.8675
1764165600,193.8675,194.5255,193.8425,194.49
1764180000,194.49,194.6005,194.4185,194.547
1764194400,194.547,194.551,193.926,194.3545
1764208800,194.3545,194.4965,193.8925,194.1205
1764223200,194.1205,194.2395,193.9365,194.0855
1764237600,194.0855,194.1525,193.8465,194.1185
1764252000,194.1185,194.2295,193.9845,194.227
1764266400,194.227,194.2495,194.146,194.216
1764280800,194.216,194.505,194.104,194.137
1764295200,194.137,194.344,193.905,194.3375
1764309600,194.3375,194.415,193.799,193.8565
1764324000,193.8565,194.0185,193.5545,193.822
1764338400,193.822,194.514,193.819,194.5075
1764352800,194.5075,194.5215,194.256,194.311
1764540000,194.311,194.3215,193.6485,193.7145
1764554400,193.7145,193.728,193.2395,193.4225
1764568800,193.4225,193.7165,193.275,193.419
1764583200,193.419,193.507,193.2,193.372
1764597600,193.372,193.481,193.099,193.289
1764612000,193.289,193.4105,193.1255,193.191
1764626400,193.191,193.529,193.191,193.466
1764640800,193.466,193.5495,193.3815,193.4635
1764655200,193.4635,193.9945,193.4625,193.93
1764669600,193.93,194.005,193.7485,193.891
1764684000,193.891,194.0785,193.629,193.956
1764698400,193.956,194.1535,193.8975,194.126
1764712800,194.126,194.217,193.9295,194.078
1764727200,194.078,194.223,194.0625,194.1385
1764741600,194.1385,194.312,193.9685,194.0815
1764756000,194.0815,194.399,194.0735,194.32
1764770400,194.32,194.3455,193.6615,194.0305
1764784800,194.0305,194.195,193.9655,194.157
1764799200,194.157,194.166,193.7635,194.057
1764813600,194.057,194.2405,193.7995,193.8245
1764828000,193.8245,193.973,193.405,193.5875
1764842400,193.5875,193.6455,193.147,193.338
1764856800,193.338,193.4095,192.954,193.06
1764871200,193.06,193.0825,192.9015,193.01
1764885600,193.01,193.3245,192.857,193.0015
1764900000,193.0015,193.093,192.5175,192.5485
1764914400,192.5485,193.0055,192.405,193.001
1764928800,193.001,193.247,192.9455,193.154
1764943200,193.154,193.2445,192.85,192.953
1764957600,192.953,193.1345,192.9305,193.0825
1765144800,193.0825,193.0825,192.771,192.791
1765159200,192.791,193.251,192.772,193.1845
1765173600,193.1845,193.4125,193.138,193.308
1765188000,193.308,193.41,193.0045,193.121
1765202400,193.121,193.3045,192.888,193.0735
1765216800,193.0735,193.321,193.038,193.234
1765231200,193.234,193.404,193.0235,193.2385
1765245600,193.2385,193.7155,193.1895,193.682
1765260000,193.682,194.1755,193.5295,193.7515
1765274400,193.7515,194.106,193.4765,193.9465
1765288800,193.9465,194.6825,193.8915,194.594
1765303200,194.594,194.7175,194.514,194.562
1765317600,194.562,194.6635,194.3055,194.3385
1765332000,194.3385,194.426,194.185,194.407
1765346400,194.407,194.895,194.407,194.7585
1765360800,194.7585,194.939,194.5695,194.896
1765375200,194.896,195.0075,194.7075,194.841
1765389600,194.841,195.142,194.786,195.033
1765404000,195.033,195.078,194.692,194.8945
1765418400,194.8945,195.14,194.619,195.1375
1765432800,195.1375,195.3315,194.9085,195.3045
1765447200,195.3045,195.6535,195.155,195.1945
1765461600,195.1945,195.7675,195.0955,195.6395
1765476000,195.6395,195.851,195.602,195.6135
1765490400,195.6135,195.9845,195.556,195.874
1765504800,195.874,195.9815,195.8415,195.9805
1765519200,195.9805,196.167,195.74,196.119
1765533600,196.119,196.1385,195.8895,196.048
1765548000,196.048,196.2215,195.6035,195.854
1765562400,195.854,195.892,195.73,195.76
1765749600,195.76,196.0085,195.4885,195.504
1765764000,195.504,195.5605,194.777,194.777
1765778400,194.777,195.023,194.5005,194.6555
1765792800,194.6555,194.9585,194.6165,194.8825
1765807200,194.8825,195.198,194.79,194.894
1765821600,194.894,194.9745,194.854,194.934
1765836000,194.934,195.2065,194.5095,194.6145
1765850400,194.6145,194.6925,194.275,194.444
1765864800,194.444,194.625,194.2795,194.561
1765879200,194.561,194.9115,194.48,194.662
1765893600,194.662,194.964,194.3995,194.754
1765908000,194.754,194.765,194.5265,194.607
1765922400,194.607,194.8235,194.3675,194.5155
1765936800,194.5155,194.882,194.5145,194.844
1765951200,194.844,195.0255,194.6195,194.93
1765965600,194.93,195.5105,194.8605,195.328
1765980000,195.328,195.8235,195.2845,195.738
1765994400,195.738,195.8155,195.618,195.6985
1766008800,195.6985,195.8555,195.468,195.803
1766023200,195.803,196.058,195.73,195.987
1766037600,195.987,196.149,195.715,195.768
1766052000,195.768,196.134,195.742,196.016
1766066400,196.016,196.016,195.53,195.8555
1766080800,195.8555,195.9915,195.8225,195.873
1766095200,195.873,196.147,195.6235,195.985
1766109600,195.985,196.3925,195.805,196.229
1766124000,196.229,197.7045,196.0915,197.694
1766138400,197.694,197.9605,197.5175,197.88
1766152800,197.88,198.158,197.588,198.019
1766167200,198.019,198.3135,198.0075,198.265
1766354400,198.265,198.4355,197.879,197.905
1766368800,197.905,198.157,197.8185,198.01
1766383200,198.01,198.4735,197.8745,198.4645
1766397600,198.4645,198.473,197.911,198.2225
1766412000,198.2225,198.277,197.929,198.043
1766426400,198.043,198.349,198.0295,198.335
1766440800,198.335,198.3725,197.839,197.848
1766455200,197.848,197.9715,197.438,197.483
1766469600,197.483,197.8765,197.1925,197.7915
1766484000,197.7915,198.1355,197.786,198.039
1766498400,198.039,198.143,197.619,197.972
1766512800,197.972,198.3675,197.97,198.301
1766527200,198.301,198.388,197.83,197.8805
1766541600,197.8805,198.065,197.7275,197.8825
1766556000,197.8825,198.127,197.7205,198.118
1766570400,198.118,198.221,197.919,197.919
1766584800,197.919,197.955,197.3325,197.7425
1766599200,197.7425,197.8695,197.6815,197.783
1766700000,197.783,198.5785,197.6465,198.329
1766714400,198.329,198.345,197.8725,198.2075
1766728800,198.2075,198.239,197.9175,198.0685
1766743200,198.0685,198.316,197.98,198.2985
1766757600,198.2985,198.4825,198.2085,198.2485
1766772000,198.2485,198.413,198.116,198.338
1766959200,198.338,198.6025,197.897,198.3415
1766973600,198.3415,198.4805,197.9625,197.9925
1766988000,197.9925,198.4165,197.799,198.3865
1767002400,198.3865,198.419,197.612,197.877
1767016800,197.877,198.2555,197.5925,197.664
1767031200,197.664,197.939,197.622,197.939
1767045600,197.939,198.203,197.678,198.062
1767060000,198.062,198.2035,197.8525,197.8815
1767074400,197.8815,198.0265,197.474,197.7065
1767088800,197.7065,197.825,197.422,197.769
1767103200,197.769,197.841,197.523,197.611
1767117600,197.611,197.7595,197.482,197.535
1767132000,197.535,197.5955,197.445,197.541
1767146400,197.541,197.6255,197.4205,197.5355
1767160800,197.5355,197.579,197.1545,197.399
1767175200,197.399,197.892,197.364,197.869
1767189600,197.869,198.064,197.498,197.6525
1767204000,197.6525,197.8095,197.6245,197.674
1767304800,197.674,198.011,197.674,197.9885
1767319200,197.9885,198.108,197.9495,198.008
1767333600,198.008,198.035,197.5725,197.7115
1767348000,197.7115,197.9815,197.531,197.8375
1767362400,197.8375,198.172,197.7885,197.9675
1767376800,197.9675,198.097,197.8665,197.952
1767564000,197.952,198.3395,197.653,198.0645
1767578400,198.0645,198.1695,197.7235,197.926
1767592800,197.926,197.949,197.016,197.0485
1767607200,197.0485,197.1815,196.8515,197.1485
1767621600,197.1485,197.447,196.9115,197.2335
1767636000,197.2335,197.5995,197.156,197.5275
1767650400,197.5275,197.862,197.3715,197.7015
1767664800,197.7015,197.7485,197.504,197.664
1767679200,197.664,197.7485,197.1815,197.293
1767693600,197.293,197.422,197.05,197.2235
1767708000,197.2235,197.3215,196.886,197.111
1767722400,197.111,197.164,196.832,196.86
1767736800,196.86,197.1935,196.8195,197.134
1767751200,197.134,197.254,196.659,196.6665
1767765600,196.6665,196.789,196.408,196.6045
1767780000,196.6045,196.7055,196.457,196.5425
1767794400,196.5425,196.764,196.451,196.536
1767808800,196.536,196.658,196.4465,196.504
1767823200,196.504,196.844,196.375,196.6945
1767837600,196.6945,196.744,196.4755,196.5415
1767852000,196.5415,196.5935,196.2035,196.5535
1767866400,196.5535,196.686,196.4415,196.6565
1767880800,196.6565,196.823,196.084,196.162
1767895200,196.162,196.4125,196.119,196.363
1767909600,196.363,196.5725,196.243,196.5045
1767924000,196.5045,196.803,196.4605,196.8025
1767938400,196.8025,197.1945,196.783,197.133
1767952800,197.133,197.221,196.89,196.956
1767967200,196.956,197.4745,196.931,197.233
1767981600,197.233,197.257,197.0555,197.131
1768168800,197.131,197.7105,197.131,197.5675
1768183200,197.5675,198.079,197.5435,198.002
1768197600,198.002,198.3145,197.923,198.101
1768212000,198.101,198.252,197.8785,198.2015
1768226400,198.2015,198.5875,198.0125,198.323
1768240800,198.323,198.461,198.2405,198.34
1768255200,198.34,198.658,198.053,198.616
1768269600,198.616,199.2415,198.4545,199.1515
1768284000,199.1515,199.449,199.005,199.1875
1768298400,199.1875,199.267,198.716,199.026
1768312800,199.026,199.1245,198.5295,198.5855
1768327200,198.5855,198.7895,198.54,198.6625
1768341600,198.6625,198.9065,198.57,198.767
1768356000,198.767,198.843,198.5755,198.82
1768370400,198.82,198.9115,197.724,197.957
1768384800,197.957,198.302,197.571,197.9625
1768399200,197.9625,198.1585,197.676,197.9765
1768413600,197.9765,198.201,197.9025,198.073
1768428000,198.073,198.261,197.8585,197.9805
1768442400,197.9805,198.2425,197.7485,197.7875
1768456800,197.7875,198.0665,197.646,197.877
1768471200,197.877,198.014,197.775,197.9325
1768485600,197.9325,197.982,197.2165,197.3885
1768500000,197.3885,197.516,197.327,197.511
1768514400,197.511,197.6125,197.2125,197.4245
1768528800,197.4245,197.4655,196.8015,197.3255
1768543200,197.3255,197.4025,196.9425,197.1875
1768557600,197.1875,197.3265,197.081,197.1435
1768572000,197.1435,197.225,196.802,196.925
1768586400,196.925,196.971,196.788,196.868
1768773600,196.868,197.5465,196.602,197.295
1768788000,197.295,197.7555,197.285,197.6515
1768802400,197.6515,197.885,197.517,197.7085
1768816800,197.7085,198.021,197.5795,197.9335
1768831200,197.9335,198.4105,197.899,198.196
1768845600,198.196,198.334,198.1935,198.2855
1768860000,198.2855,198.3665,197.9115,198.066
1768874400,198.066,198.563,198.047,198.537
1768888800,198.537,199.6865,198.5315,199.515
1768903200,199.515,200.0005,199.4695,199.753
1768917600,199.753,200.2105,199.4815,200.098
1768932000,200.098,200.33,200.0315,200.246
1768946400,200.246,200.415,200.0375,200.0945
1768960800,200.0945,200.1825,199.682,200.0235
1768975200,200.0235,200.115,199.258,199.2875
1768989600,199.2875,199.971,199.2365,199.812
1769004000,199.812,199.865,199.17,199.3325
1769018400,199.3325,199.4315,198.8785,198.958
1769032800,198.958,199.1115,198.8235,199.048
1769047200,199.048,199.783,199.018,199.7215
1769061600,199.7215,200.127,199.6605,200.0465
1769076000,200.0465,200.4285,199.8755,200.2575
1769090400,200.2575,200.492,200.0955,200.3855
1769104800,200.3855,200.799,200.3275,200.765
1769119200,200.765,200.949,200.3885,200.8795
1769133600,200.8795,200.9085,200.565,200.77
1769148000,200.77,201.3195,199.168,199.752
1769162400,199.752,200.2885,199.706,200.1255
1769176800,200.1255,200.44,198.695,198.986
1769191200,198.986,199.8775,198.524,199.563
1769378400,199.563,200.0725,198.5885,198.61
1769392800,198.61,198.642,198.069,198.3385
1769407200,198.3385,198.495,197.4095,198.066
1769421600,198.066,198.2825,197.2685,198.0935
1769436000,198.0935,198.895,197.964,198.3615
1769450400,198.3615,198.603,198.2595,198.464
1769464800,198.464,198.6755,198.3235,198.6305
1769479200,198.6305,198.8965,198.5875,198.744
1769493600,198.744,199.058,197.415,198.1945
1769508000,198.1945,199.0575,197.944,198.8185
1769522400,198.8185,199.7255,198.753,199.325
1769536800,199.325,200.1395,199.1605,199.965
1769551200,199.965,200.2375,199.6335,199.7725
1769565600,199.7725,199.8225,199.1115,199.4475
1769580000,199.4475,199.6715,198.553,199.082
1769594400,199.082,199.1185,198.6005,198.9105
1769608800,198.9105,199.7545,198.549,199.517
1769623200,199.517,199.7035,199.1805,199.667
1769637600,199.667,200.096,199.5025,199.739
1769652000,199.739,200.0195,199.577,199.828
1769666400,199.828,200.1385,199.6275,199.669
1769680800,199.669,199.9175,199.5665,199.781
1769695200,199.781,199.972,198.5645,199.475
1769709600,199.475,200.3585,199.47,200.3355
1769724000,200.3355,200.487,199.8845,200.106
1769738400,200.106,200.5,199.83,200.261
1769752800,200.261,200.561,200.101,200.439
1769767200,200.439,200.828,200.3275,200.752
1769781600,200.752,201.1615,200.0435,200.096
1769796000,200.096,200.3665,200.002,200.242
1769983200,200.242,201.1115,200.242,200.7835
1769997600,200.7835,200.807,200.2625,200.3755
1770012000,200.3755,200.504,199.7325,199.748
1770026400,199.748,199.997,199.2765,199.3315
1770040800,199.3315,199.547,199.11,199.451
1770055200,199.451,199.638,199.335,199.616
1770069600,199.616,199.87,199.396,199.773
1770084000,199.773,199.871,199.619,199.705
1770098400,199.705,200.2875,199.646,200.126
1770112800,200.126,200.597,200.08,200.5345
1770127200,200.5345,201.118,200.346,200.9065
1770141600,200.9065,201.0385,200.6705,200.922
1770156000,200.922,201.4235,200.6175,201.2595
1770170400,201.2595,201.7865,201.2495,201.6685
1770184800,201.6685,201.825,201.518,201.798
1770199200,201.798,202.1005,201.6925,201.771
1770213600,201.771,201.8495,201.4885,201.6885
1770228000,201.6885,201.981,201.642,201.797
1770242400,201.797,202.0385,201.5375,201.89
1770256800,201.89,201.9465,201.4355,201.7285
1770271200,201.7285,202.2205,201.499,202.0935
1770285600,202.0935,202.3425,201.998,202.1245
1770300000,202.1245,202.292,201.7225,201.836
1770314400,201.836,201.9445,201.7425,201.787
1770328800,201.787,201.891,201.3675,201.539
1770343200,201.539,201.881,201.5305,201.877
1770357600,201.877,202.0795,201.5065,201.7535
1770372000,201.7535,202.108,201.686,201.9685
1770386400,201.9685,202.613,201.8925,202.5385
1770400800,202.5385,202.715,202.5225,202.689
1770588000,202.689,202.996,201.6365,201.9855
1770602400,201.9855,202.271,201.9385,202.125
1770616800,202.125,202.9155,201.988,202.8075
1770631200,202.8075,203.1465,202.739,202.822
1770645600,202.822,203.4645,202.544,203.2425
1770660000,203.2425,203.4955,203.2115,203.462
1770674400,203.462,203.66,203.044,203.078
1770688800,203.078,203.2395,202.2075,202.453
1770703200,202.453,202.99,202.3775,202.839
1770717600,202.839,202.8435,202.165,202.262
1770732000,202.262,202.401,201.0495,201.1345
1770746400,201.1345,201.2115,200.9335,201.035
1770760800,201.035,201.2805,200.434,200.497
1770775200,200.497,200.5525,199.8625,199.9195
1770789600,199.9195,200.2635,199.749,200.08
1770804000,200.08,200.468,198.69,199.5895
1770818400,199.5895,199.754,198.1955,198.461
1770832800,198.461,198.7075,198.1685,198.612
1770847200,198.612,199,198.329,198.422
1770861600,198.422,198.521,197.659,198.472
1770876000,198.472,199.106,198.201,199.097
1770890400,199.097,200.004,198.9505,199.3745
1770904800,199.3745,199.43,198.115,198.5625
1770919200,198.5625,198.7305,198.4095,198.531
1770933600,198.531,199.223,198.4195,199.189
1770948000,199.189,199.207,198.583,199.054
1770962400,199.054,199.7085,198.815,199.442
1770976800,199.442,199.4865,199.101,199.223
1770991200,199.223,199.3355,198.7355,199.0015
1771005600,199.0015,199.0975,198.741,198.934
1771192800,198.934,199.2565,198.7235,199.1555
1771207200,199.1555,199.368,199.104,199.318
1771221600,199.318,199.7215,199.269,199.56
1771236000,199.56,199.653,199.0295,199.1935
1771250400,199.1935,199.5915,199.159,199.398
1771264800,199.398,199.5505,199.398,199.448
1771279200,199.448,199.715,198.9345,198.968
1771293600,198.968,199.112,198.7455,198.8525
1771308000,198.8525,198.942,198.5355,198.783
1771322400,198.783,198.998,198.536,198.7395
1771336800,198.7395,199.0695,198.6655,199.0235
1771351200,199.0235,199.125,198.916,199.052
1771365600,199.052,199.2005,198.7285,199.182
1771380000,199.182,199.387,199.0785,199.0855
1771394400,199.0855,199.383,199.008,199.267
1771408800,199.267,199.5275,199.202,199.504
1771423200,199.504,200.152,199.502,199.9975
1771437600,199.9975,200.365,199.7975,200.259
1771452000,200.259,200.7855,200.1405,200.6895
1771466400,200.6895,200.9525,200.447,200.9445
1771480800,200.9445,200.951,200.238,200.2505
1771495200,200.2505,200.28,199.5835,200.004
1771509600,200.004,200.304,199.681,199.9105
1771524000,199.9105,200.088,199.7555,200.016
1771538400,200.016,200.196,199.793,200.006
1771552800,200.006,200.224,199.8655,200.2
1771567200,200.2,200.7235,199.8625,200.4325
1771581600,200.4325,200.438,199.8775,200.249
1771596000,200.249,200.399,199.8015,199.939
1771610400,199.939,200.1345,199.8265,199.892
1771797600,199.892,200.1045,199.5975,199.834
1771812000,199.834,199.96,199.7195,199.8945
1771826400,199.8945,200.2305,199.802,199.939
1771840800,199.939,199.968,199.409,199.5035
1771855200,199.5035,199.8015,199.345,199.5105
1771869600,199.5105,199.8465,199.4865,199.636
1771884000,199.636,199.956,199.5515,199.834
1771898400,199.834,200.1125,199.7355,200.0935
1771912800,200.0935,201.6995,199.7955,201.388
1771927200,201.388,201.56,201.2085,201.418
1771941600,201.418,201.5635,201.163,201.3955
1771956000,201.3955,201.455,201.307,201.403
1771970400,201.403,201.5675,201.1665,201.3885
1771984800,201.3885,201.8015,201.037,201.4935
1771999200,201.4935,202.3815,201.414,202.246
1772013600,202.246,202.4435,202.0695,202.19
1772028000,202.19,202.5125,202.147,202.3665
1772042400,202.3665,202.5035,202.314,202.378
1772056800,202.378,202.5395,202.037,202.069
1772071200,202.069,202.1255,201.7715,201.9965
1772085600,201.9965,202.241,201.514,201.6535
1772100000,201.6535,201.7585,201.223,201.728
1772114400,201.728,201.872,201.381,201.787
1772128800,201.787,201.856,201.605,201.681
1772143200,201.681,201.768,201.3365,201.5555
1772157600,201.5555,201.611,201.3425,201.607
1772172000,201.607,202.129,201.571,201.92
1772186400,201.92,202.762,201.7365,202.6775
1772200800,202.6775,203.3965,202.6775,202.9785
1772215200,202.9785,203.163,202.777,202.809
1772402400,202.809,203.662,202.809,203.292
1772416800,203.292,203.984,203.2385,203.982
1772431200,203.982,204.0145,202.9655,203.344
1772445600,203.344,203.4005,201.954,202.3935
1772460000,202.3935,202.589,201.691,202.178
1772474400,202.178,202.1855,201.7505,201.9085
1772488800,201.9085,202.2245,201.818,201.872
1772503200,201.872,201.946,201.3985,201.437
1772517600,201.437,201.524,200.536,200.6295
1772532000,200.6295,201.1095,200.4245,200.939
1772546400,200.939,201.736,200.608,201.604
1772560800,201.604,201.8835,201.537,201.731
1772575200,201.731,201.859,201.2205,201.4755
1772589600,201.4755,201.72,201.286,201.5235
1772604000,201.5235,201.957,200.6165,200.655
1772618400,200.655,201.6185,200.619,201.488
1772632800,201.488,201.6235,201.1145,201.29
1772647200,201.29,201.6685,201.258,201.574
1772661600,201.574,201.678,200.9875,201.1545
1772676000,201.1545,201.4655,201.0545,201.1375
1772690400,201.1375,201.7465,201.044,201.744
1772704800,201.744,202.05,201.495,201.888
1772719200,201.888,202.1345,201.377,201.537
1772733600,201.537,201.7595,201.387,201.749
1772748000,201.749,201.9105,201.5785,201.7545
1772762400,201.7545,202.14,201.75,202.0875
1772776800,202.0875,202.174,201.8435,201.8535
1772791200,201.8535,202.1195,201.732,201.943
1772805600,201.943,203.0095,201.842,202.9505
1772820000,202.9505,203.438,202.92,203.327
1773003600,203.327,203.327,202.6295,202.943
1773018000,202.943,203.468,202.7615,203.307
1773032400,203.307,203.7245,203.1615,203.2775
1773046800,203.2775,203.554,203.1505,203.3995
1773061200,203.3995,203.426,202.9245,203.0095
1773075600,203.0095,203.101,202.7525,202.832
1773090000,202.832,203.1185,202.6745,202.7825
1773104400,202.7825,202.987,202.6605,202.7985
1773118800,202.7985,203.182,202.643,203.167
1773133200,203.167,203.469,203.086,203.3995
1773147600,203.3995,203.5375,203.0405,203.1435
1773162000,203.1435,203.1675,202.8035,203
1773176400,203,203.3375,202.9335,203.1955
1773190800,203.1955,203.636,203.192,203.4715
1773205200,203.4715,203.67,203.222,203.67
1773219600,203.67,204.019,203.2835,203.509
1773234000,203.509,203.7635,203.3185,203.7125
1773248400,203.7125,203.892,203.635,203.652
1773262800,203.652,203.7955,203.434,203.4895
1773277200,203.4895,203.511,203.297,203.438
1773291600,203.438,203.54,202.9765,203.169
1773306000,203.169,203.456,203.0735,203.171
1773320400,203.171,203.32,202.881,202.9535
1773334800,202.9535,203.139,202.6675,202.723
1773349200,202.723,202.8775,202.571,202.6455
1773363600,202.6455,202.8345,202.521,202.727
1773378000,202.727,202.728,201.9515,202.0515
1773392400,202.0515,202.5315,202.033,202.4475
1773406800,202.4475,202.4855,201.962,202.1035
1773421200,202.1035,202.2055,201.724,201.833
1773608400,201.833,202.03,201.703,201.888
1773622800,201.888,202.2295,201.8475,201.882
1773637200,201.882,201.971,201.108,201.8355
1773651600,201.8355,202.1295,201.797,201.996
1773666000,201.996,202.158,201.749,202.134
1773680400,202.134,202.2095,201.905,201.928
1773694800,201.928,202.087,201.8605,202.0785
1773709200,202.0785,202.178,202.015,202.0205
1773723600,202.0205,202.266,201.815,202.1735
1773738000,202.1735,202.3425,201.924,202.1775
1773752400,202.1775,202.535,201.976,202.4785
1773766800,202.4785,202.672,202.4435,202.6195
1773781200,202.6195,202.7305,202.4145,202.635
1773795600,202.635,202.6585,202.2495,202.3075
1773810000,202.3075,202.3135,201.903,202.241
1773824400,202.241,202.596,202.0925,202.37
1773838800,202.37,202.5715,202.0635,202.067
1773853200,202.067,202.0965,201.5365,201.582
1773867600,201.582,201.768,201.445,201.761
1773882000,201.761,201.808,201.42,201.4435
1773896400,201.4435,201.7095,200.606,200.8765
1773910800,200.8765,200.9645,199.9385,200.19
1773925200,200.19,200.477,199.4965,199.606
1773939600,199.606,200.5185,199.59,200.1185
1773954000,200.1185,200.282,199.946,200.166
1773968400,200.166,200.709,200.141,200.648
1773982800,200.648,201.029,200.5485,200.928
1773997200,200.928,201.8805,200.918,201.8105
1774011600,201.8105,202.147,201.34,202.097
1774026000,202.097,202.1825,201.902,202.07
1774213200,202.07,202.5205,201.657,202.168
1774227600,202.168,202.3805,201.9285,202.027
1774242000,202.027,202.3825,201.535,201.535
1774256400,201.535,201.8565,200.5785,201.7995
1774270800,201.7995,202.0005,201.2905,201.517
1774285200,201.517,201.5715,201.227,201.491
1774299600,201.491,201.5165,201.072,201.179
1774314000,201.179,201.3655,201.062,201.2845
1774328400,201.2845,201.661,201.136,201.5545
1774342800,201.5545,201.7665,201.1435,201.2325
1774357200,201.2325,201.2925,200.6005,200.8705
1774371600,200.8705,201.4285,200.7765,201.3495
1774386000,201.3495,201.651,201.2165,201.4655
1774400400,201.4655,201.552,201.1565,201.2555
1774414800,201.2555,201.479,201.1315,201.1735
1774429200,201.1735,201.4665,201.0065,201.3855
1774443600,201.3855,201.4285,200.8725,201.143
1774458000,201.143,201.4645,201.1335,201.446
1774472400,201.446,201.5275,201.22,201.38
1774486800,201.38,201.467,201.305,201.403
1774501200,201.403,201.4625,200.9745,201.456
1774515600,201.456,201.521,201.1385,201.286
1774530000,201.286,201.3395,200.9635,200.984
1774544400,200.984,201.0755,200.811,200.96
1774558800,200.96,201.035,200.5715,200.685
1774573200,200.685,200.7975,200.5765,200.7095
1774587600,200.7095,200.867,200.5695,200.663
1774602000,200.663,200.719,200.3005,200.595
1774616400,200.595,201.097,200.406,200.9765
1774630800,200.9765,201.0595,200.4795,200.577
1774818000,200.577,200.9625,200.1485,200.1895
1774832400,200.1895,200.334,199.9525,200.083
1774846800,200.083,200.2105,199.494,199.577
1774861200,199.577,199.702,199.2175,199.2505
1774875600,199.2505,199.482,199.158,199.2745
1774890000,199.2745,199.8115,199.253,199.7795
1774904400,199.7795,200.1855,199.701,200.142
1774918800,200.142,200.209,199.85,199.852
1774933200,199.852,199.8835,199.468,199.4905
1774947600,199.4905,199.5255,199.1595,199.162
1774962000,199.162,199.241,197.7365,198.4155
1774976400,198.4155,198.6135,198.325,198.548
1774990800,198.548,199.245,198.2655,199.2085
1775005200,199.2085,199.2655,198.768,199.0045
1775019600,199.0045,199.887,198.9685,199.751
1775034000,199.751,200.222,199.6465,200.1035
1775048400,200.1035,200.272,199.7125,200.0715
1775062800,200.0715,200.08,199.7605,199.873
1775077200,199.873,200.0215,199.6065,200.014
1775091600,200.014,200.095,199.4675,199.5125
1775106000,199.5125,199.7875,199.0985,199.6705
1775120400,199.6705,199.741,199.336,199.7255
1775134800,199.7255,199.788,199.279,199.6775
1775149200,199.6775,199.872,199.661,199.758
1775163600,199.758,199.8605,199.6215,199.7845
1775178000,199.7845,199.9055,199.7185,199.818
1775192400,199.818,200.047,199.789,199.9955
1775206800,199.9955,200.0085,199.352,199.677
1775221200,199.677,199.7615,199.3125,199.333
1775235600,199.333,199.76,199.2265,199.342
1775422800,199.342,199.649,199.31,199.3775
1775437200,199.3775,199.3785,199.1205,199.3295
1775451600,199.3295,200.0885,199.2815,199.886
1775466000,199.886,200.0225,199.797,199.9715
1775480400,199.9715,200.2305,199.9295,200.0915
1775494800,200.0915,200.1975,200.0365,200.0525
1775509200,200.0525,200.1815,199.947,200.0545
1775523600,200.0545,200.1075,199.85,200.0095
1775538000,200.0095,200.161,199.796,199.8535
1775552400,199.8535,199.9915,199.682,199.807
1775566800,199.807,200.055,199.646,200.048
1775581200,200.048,200.1895,199.9,200.082
1775595600,200.082,200.829,200.001,200.5435
1775610000,200.5435,200.676,200.351,200.5635
1775624400,200.5635,200.9795,200.5175,200.77
1775638800,200.77,200.971,200.584,200.6595
1775653200,200.6595,200.828,200.391,200.5325
1775667600,200.5325,200.5685,200.283,200.376
1775682000,200.376,200.674,200.2045,200.624
1775696400,200.624,200.7365,200.567,200.646
1775710800,200.646,201.134,200.5325,201.0045
1775725200,201.0045,201.186,200.886,201.1385
1775739600,201.1385,201.672,201.118,201.351
1775754000,201.351,201.4125,201.078,201.098
1775768400,201.098,201.378,201.063,201.191
1775782800,201.191,201.46,201.151,201.405
1775797200,201.405,201.725,201.405,201.6195
1775811600,201.6195,201.911,201.448,201.909
1775826000,201.909,202.5655,201.5665,201.745
1775840400,201.745,201.9865,201.6845,201.864
1776027600,201.864,201.9495,201.4,201.5235
1776042000,201.5235,201.7395,201.523,201.66
1776056400,201.66,202.1665,201.5245,202.0665
1776070800,202.0665,202.3525,202.03,202.3055
1776085200,202.3055,203.0075,202.1965,202.997
1776099600,202.997,203.4515,202.935,203.425
1776114000,203.425,203.5125,203.2095,203.2655
1776128400,203.2655,203.3275,203.036,203.068
1776142800,203.068,203.8575,203.0255,203.7765
1776157200,203.7765,203.9,203.3675,203.4985
1776171600,203.4985,203.671,203.3045,203.3405
1776186000,203.3405,203.4075,203.234,203.334
1776200400,203.334,203.4185,203.234,203.3445
1776214800,203.3445,203.5345,203.3445,203.494
1776229200,203.494,203.5875,203.2805,203.339
1776243600,203.339,203.392,203.0785,203.358
1776258000,203.358,203.59,203.1455,203.253
1776272400,203.253,203.4895,203.2495,203.331
1776286800,203.331,203.379,203.0515,203.232
1776301200,203.232,203.351,202.9135,203.27
1776315600,203.27,203.4035,203.065,203.202
1776330000,203.202,203.224,202.797,203.0805
1776344400,203.0805,203.393,202.983,203.027
1776358800,203.027,203.2885,203.0025,203.141
1776373200,203.141,203.457,203.038,203.426
1776387600,203.426,203.588,203.351,203.586
1776402000,203.586,203.6605,203.2465,203.4485
1776416400,203.4485,203.506,203.2505,203.2985
1776430800,203.2985,203.4705,202.537,202.7635
1776445200,202.7635,203.015,202.719,202.919
1776632400,202.919,203.29,202.819,203.166
1776646800,203.166,203.1865,202.9985,203.067
1776661200,203.067,203.3675,202.8725,203.3025
1776675600,203.3025,203.5035,203.285,203.4445
1776690000,203.4445,203.958,203.3605,203.865
1776704400,203.865,204.1485,203.8445,204.054
1776718800,204.054,204.187,203.8535,204.148
1776733200,204.148,204.188,203.955,203.9685
1776747600,203.9685,204.0885,203.807,203.9805
1776762000,203.9805,204.2045,203.9175,204.0415
1776776400,204.0415,204.424,203.9905,204.226
1776790800,204.226,204.2315,203.9285,204.126
1776805200,204.126,204.3405,203.8785,204.0655
1776819600,204.0655,204.192,203.9855,204.086
1776834000,204.086,204.336,203.991,204.2945
1776848400,204.2945,204.32,203.4425,203.511
1776862800,203.511,203.721,203.409,203.478
1776877200,203.478,203.5325,203.1965,203.221
1776891600,203.221,203.5385,203.094,203.1465
1776906000,203.1465,203.241,203.0065,203.1105
1776920400,203.1105,203.6725,203.1045,203.6575
1776934800,203.6575,203.665,203.056,203.0705
1776949200,203.0705,203.516,202.9565,203.226
1776963600,203.226,203.232,203.0065,203.137
1776978000,203.137,203.323,203.041,203.2205
1776992400,203.2205,203.2505,202.9695,203.014
1777006800,203.014,203.1935,202.7305,203.1725
1777021200,203.1725,203.1985,202.864,202.9525
1777035600,202.9525,203.1,202.6725,203.025
1777050000,203.025,203.121,202.9565,203.022
1777237200,203.022,203.153,202.7825,202.988
1777251600,202.988,203.0775,202.889,202.928
1777266000,202.928,203.1595,202.798,203.131
1777280400,203.131,203.137,202.8055,202.9955
1777294800,202.9955,203.229,202.9485,202.966
1777309200,202.966,203.01,202.883,202.976
1777323600,202.976,203.217,202.913,202.976
1777338000,202.976,202.9845,202.146,202.2195
1777352400,202.2195,202.5025,201.8165,202.1955
1777366800,202.1955,202.3215,201.9215,202.0035
1777381200,202.0035,202.3775,201.8105,202.2315
1777395600,202.2315,202.3175,202.147,202.283
1777410000,202.283,202.2855,202.0505,202.1795
1777424400,202.1795,202.3855,202.1045,202.2805
1777438800,202.2805,202.4335,202.1545,202.3135
1777453200,202.3135,202.6085,202.1955,202.433
1777467600,202.433,202.8795,202.2445,202.729
1777482000,202.729,202.766,202.392,202.669
1777496400,202.669,202.7645,202.5795,202.7305
1777510800,202.7305,202.769,202.533,202.746
1777525200,202.746,203.0945,201.942,202.156
1777539600,202.156,202.4945,198.2535,200.085
1777554000,200.085,200.7815,199.4065,200.14
1777568400,200.14,200.512,199.9895,200.483
1777582800,200.483,201.3035,200.3805,201.04
1777597200,201.04,201.3475,200.951,201.1015
1777611600,201.1015,201.118,199.4265,200.4405
1777626000,200.4405,200.904,200.2635,200.7785
1777640400,200.7785,201.2365,200.338,201.131
1777654800,201.131,201.1505,200.8725,200.999
1777842000,200.999,200.999,200.692,200.9675
1777856400,200.9675,201.3525,199.6745,200.737
1777870800,200.737,200.9625,200.366,200.6235
1777885200,200.6235,200.7035,200.36,200.68
1777899600,200.68,200.8515,200.463,200.467
1777914000,200.467,200.752,199.9345,200.629
1777928400,200.629,200.6825,200.4245,200.4445
1777942800,200.4445,200.617,200.421,200.4585
1777957200,200.4585,200.9185,200.436,200.772
1777971600,200.772,201.4605,200.601,201.347
1777986000,201.347,201.7955,201.337,201.5665
1778000400,201.5665,201.7825,201.558,201.631
1778014800,201.631,201.829,201.5175,201.7085
1778029200,201.7085,202.022,199.0125,200.0255
1778043600,200.0255,200.538,199.703,200.272
1778058000,200.272,200.559,200.0565,200.5395
1778072400,200.5395,200.7905,200.154,200.611
1778086800,200.611,200.9365,200.5955,200.815
1778101200,200.815,200.963,200.601,200.6575
1778115600,200.6575,200.8,200.511,200.719
1778130000,200.719,201.0535,200.619,201.0495
1778144400,201.0495,201.2015,200.9875,201.0625
1778158800,201.0625,201.3455,201.0435,201.254
1778173200,201.254,201.3115,200.9985,201.063
1778187600,201.063,201.2065,200.8575,201.108
1778202000,201.108,201.159,200.8915,201.1175
1778216400,201.1175,201.4065,201.0665,201.369
1778230800,201.369,201.4955,201.2725,201.44
1778245200,201.44,201.6225,201.2935,201.6165
1778259600,201.6165,201.915,201.5895,201.798
1778446800,201.798,201.837,201.34,201.756
1778461200,201.756,201.863,201.5545,201.5935
1778475600,201.5935,201.9675,201.5665,201.797
1778490000,201.797,201.9055,201.6845,201.8955
1778504400,201.8955,202.1405,201.863,202.041
1778518800,202.041,202.116,201.991,202.106
1778533200,202.106,202.202,201.847,202.069
1778547600,202.069,202.186,202.0375,202.079
1778562000,202.079,202.281,201.224,201.8935
1778576400,201.8935,201.943,201.6305,201.8745
1778590800,201.8745,201.895,201.5515,201.7145
1778605200,201.7145,201.958,201.692,201.9095
1778619600,201.9095,202.138,201.7655,202.099
1778634000,202.099,202.1315,201.9095,202.011
1778648400,202.011,202.0805,201.62,201.6995
1778662800,201.6995,201.9305,201.566,201.622
1778677200,201.622,201.7725,201.52,201.698
1778691600,201.698,201.9425,201.686,201.869
1778706000,201.869,202.0125,201.7845,201.988
1778720400,201.988,202.0755,201.5525,201.9335
1778734800,201.9335,202.1525,201.8295,201.9285
1778749200,201.9285,202.067,201.8895,201.9995
1778763600,201.9995,202.103,201.2085,201.9485
1778778000,201.9485,202.105,201.8825,202.0925
1778792400,202.0925,202.1395,201.864,201.9385
1778806800,201.9385,201.952,201.7045,201.7585
1778821200,201.7585,201.963,201.5945,201.813
1778835600,201.813,202.0005,201.4875,201.576
1778850000,201.576,201.959,201.533,201.775
1778864400,201.775,201.878,201.6345,201.795
1779051600,201.795,201.9525,201.5945,201.8525
1779066000,201.8525,202.198,201.7555,202.0395
1779080400,202.0395,202.425,201.9685,202.3605
1779094800,202.3605,202.395,202.078,202.1535
1779109200,202.1535,202.5285,202.0485,202.513
1779123600,202.513,202.5965,202.3605,202.471
1779138000,202.471,202.5755,202.3075,202.499
1779152400,202.499,202.505,202.25,202.319
1779166800,202.319,202.5625,202.1615,202.247
1779181200,202.247,202.255,201.4965,201.8965
1779195600,201.8965,201.9255,201.089,201.3055
1779210000,201.3055,201.67,201.3025,201.637
1779224400,201.637,201.6975,201.414,201.425
1779238800,201.425,201.477,201.153,201.2575
1779253200,201.2575,201.3225,201.0945,201.261
1779267600,201.261,201.3675,201.139,201.1705
1779282000,201.1705,201.8575,201.157,201.7665
1779296400,201.7665,201.9375,201.735,201.894
1779310800,201.894,201.9755,201.783,201.849
1779325200,201.849,202.059,201.809,202.053
1779339600,202.053,202.2365,201.719,202
1779354000,202,202.296,201.7475,201.781
1779368400,201.781,201.826,201.533,201.736
1779382800,201.736,202.166,201.719,202.089
1779397200,202.089,202.233,201.9545,202.1605
1779411600,202.1605,202.2855,202.0975,202.281
1779426000,202.281,202.4755,202.0395,202.3415
1779440400,202.3415,202.524,202.189,202.4335
1779454800,202.4335,202.9605,202.207,202.94
1779469200,202.94,203.008,202.71,202.793
1779656400,202.793,203.25,202.457,203.0895
1779670800,203.0895,203.192,203.0425,203.175
1779685200,203.175,203.373,203.1685,203.297
1779699600,203.297,203.4855,203.2685,203.4405
1779714000,203.4405,203.4625,202.835,202.926
1779728400,202.926,203.079,202.905,203.044
1779742800,203.044,203.1085,202.859,202.9485
1779757200,202.9485,203.0195,202.8135,202.9405
1779771600,202.9405,203.0395,202.6445,202.9125
1779786000,202.9125,203.014,202.6785,202.8125
1779800400,202.8125,202.9555,202.618,202.7385
1779814800,202.7385,202.809,202.7055,202.7635
1779829200,202.7635,202.8895,202.6625,202.8545
1779843600,202.8545,202.8745,202.7,202.821
1779858000,202.821,203.0865,202.7255,202.752
1779872400,202.752,203.156,202.6665,203.006
1779886800,203.006,203.158,202.5525,202.7775
1779901200,202.7775,202.7975,202.6245,202.6705
1779915600,202.6705,202.765,202.486,202.526
1779930000,202.526,202.5375,201.998,202.107
1779944400,202.107,202.5365,202.063,202.1335
1779958800,202.1335,202.5525,201.8485,202.5485
1779973200,202.5485,203.1675,202.4635,203.124
1779987600,203.124,203.2085,203.0585,203.122
1780002000,203.122,203.2745,203.0095,203.2165
1780016400,203.2165,203.3675,203.0925,203.163
1780030800,203.163,203.3095,202.98,203.0925
1780045200,203.0925,203.8205,203.0885,203.817
1780059600,203.817,204.208,203.504,203.748
1780074000,203.748,204.188,203.549,203.922
1780261200,203.922,203.9795,203.6595,203.717
1780275600,203.717,203.7495,203.576,203.6525
1780290000,203.6525,203.889,203.5125,203.6135
1780304400,203.6135,203.662,203.1175,203.1405
1780318800,203.1405,203.1665,202.56,202.957
1780333200,202.957,203.1625,202.8575,202.975
1780347600,202.975,203.0585,202.8765,202.898
1780362000,202.898,203.1715,202.8865,203.162
1780376400,203.162,203.6005,203.0865,203.236
1780390800,203.236,203.4985,203.182,203.359
1780405200,203.359,203.479,203.074,203.143
1780419600,203.143,203.2615,202.919,203.128
1780434000,203.128,203.267,202.888,203.0385
1780448400,203.0385,203.0485,202.762,202.81
1780462800,202.81,202.8455,201.9535,202.352
1780477200,202.352,202.7025,202.3025,202.3395
1780491600,202.3395,202.542,201.9415,202.0215
1780506000,202.0215,202.121,201.899,202.064
1780520400,202.064,202.268,202.0015,202.098
1780534800,202.098,202.294,201.896,202.201
1780549200,202.201,202.281,201.848,202.136
1780563600,202.136,203.0845,202.136,202.95
1780578000,202.95,203.0125,202.751,202.783
1780592400,202.783,202.813,202.633,202.6535
1780606800,202.6535,202.8855,202.6115,202.7025
1780621200,202.7025,202.736,202.5785,202.7135
1780635600,202.7135,203.1365,202.6555,202.9425
1780650000,202.9425,203.131,202.004,202.006
1780664400,202.006,202.165,201.3565,201.524
1780678800,201.524,201.533,201.026,201.3095
1780866000,201.3095,201.462,201.1025,201.4565
1780880400,201.4565,201.4985,200.9605,201.2365
1780894800,201.2365,201.3555,200.3125,200.502
1780909200,200.502,201.0025,200.362,200.9965
1780923600,200.9965,201.265,200.7595,200.8425
1780938000,200.8425,200.9405,200.6945,200.7805
1780952400,200.7805,200.8585,200.593,200.7785
1780966800,200.7785,201.0325,200.734,201.007
1780981200,201.007,201.1695,200.936,201.117
1780995600,201.117,201.4055,201.0625,201.319
1781010000,201.319,201.484,200.759,200.9285
1781024400,200.9285,201.094,200.8295,200.918
1781038800,200.918,200.9535,200.6375,200.7685
1781053200,200.7685,200.7805,200.5845,200.6815
1781067600,200.6815,201.09,200.6575,200.819
1781082000,200.819,201.228,200.7185,200.993
1781096400,200.993,201.3065,200.7825,200.9805
1781110800,200.9805,201.023,200.644,200.721
1781125200,200.721,200.9815,200.526,200.839
1781139600,200.839,201.0735,200.838,201.039
1781154000,201.039,201.096,200.6255,200.6405
1781168400,200.6405,200.787,200.6105,200.697