time,open,high,low,close
1357077600,89.9105,90.983,89.9105,90.878
1357092000,90.878,91.5275,90.8675,91.2925
1357106400,91.2925,91.5215,91.2825,91.349
1357120800,91.349,91.522,91.127,91.4675
1357135200,91.4675,91.742,91.2865,91.3245
1357149600,91.3245,91.748,91.273,91.734
1357164000,91.734,91.7635,91.323,91.3835
1357178400,91.3835,91.5515,91.3835,91.469
1357192800,91.469,91.65,91.4685,91.5455
1357207200,91.5455,91.565,91.1225,91.385
1357221600,91.385,91.5725,91.2485,91.346
1357236000,91.346,91.6155,91.234,91.3075
1357250400,91.3075,91.746,91.301,91.5805
1357264800,91.5805,91.6865,91.46,91.6455
1357279200,91.6455,92.1835,91.601,91.914
1357293600,91.914,92.0735,91.6065,91.8265
1357308000,91.8265,92.455,91.571,92.4055
1357322400,92.4055,92.4805,92.2775,92.3935
1357509600,92.319,92.845,92.166,92.3015
1357524000,92.3015,92.428,91.916,91.999
1357538400,91.999,92.2305,91.772,92.1485
1357552800,92.1485,92.3535,92.0365,92.1805
1357567200,92.1805,92.192,91.8535,91.9785
1357581600,91.9785,92.2455,91.913,92.2265
1357596000,92.2265,92.257,91.699,91.8335
1357610400,91.8335,92.142,91.6,91.7035
1357624800,91.7035,91.761,91.477,91.7425
1357639200,91.7425,92.0185,91.7165,91.8745
1357653600,91.8745,91.8745,91.1945,91.46
1357668000,91.46,91.5865,91.288,91.435
1357682400,91.435,91.8235,91.223,91.792
1357696800,91.792,91.964,91.652,91.936
1357711200,91.936,92.2425,91.8085,91.907
1357725600,91.907,92.1525,91.734,92.1375
1357740000,92.1375,92.531,92.129,92.3945
1357754400,92.3945,92.4555,92.176,92.398
1357768800,92.398,92.636,92.35,92.4865
1357783200,92.4865,93.054,92.4865,92.9905
1357797600,92.9905,93.2815,92.96,93.2055
1357812000,93.2055,93.4385,93.0895,93.3235
1357826400,93.3235,93.4555,92.9895,93.4245
1357840800,93.4245,94.099,93.3305,94.081
1357855200,94.081,94.528,93.9455,93.972
1357869600,93.972,94.322,93.877,94.278
1357884000,94.278,94.278,93.915,93.942
1357898400,93.942,94.185,93.785,94.084
1357912800,94.084,94.367,93.8,93.9965
1357927200,93.9965,94.032,93.852,93.9575
1358114400,94.2255,94.4685,94.132,94.313
1358128800,94.313,94.6465,94.313,94.589
1358143200,94.589,94.6105,94.3015,94.543
1358157600,94.543,94.556,94.1755,94.355
1358172000,94.355,94.3955,94.0695,94.319
1358186400,94.319,94.5825,94.292,94.542
1358200800,94.542,94.664,94.453,94.512
1358215200,94.512,94.526,93.554,93.88
1358229600,93.88,93.927,93.467,93.8005
1358244000,93.8005,93.8355,93.106,93.5315
1358258400,93.5315,93.796,93.29,93.6315
1358272800,93.6315,93.8815,93.512,93.814
1358287200,93.814,93.8805,93.026,93.215
1358301600,93.215,93.357,92.7875,93.053
1358316000,93.053,93.291,92.4735,92.783
1358330400,92.783,93.2125,92.7425,92.913
1358344800,92.913,93.6435,92.9065,93.427
1358359200,93.427,93.6505,93.3675,93.441
1358373600,93.441,93.688,93.284,93.4955
1358388000,93.4955,93.5,92.553,93.2205
1358402400,93.2205,93.835,93.0155,93.798
1358416800,93.798,94.3885,93.711,94.206
1358431200,94.206,94.743,93.9985,94.606
1358445600,94.606,95.0155,94.606,94.7825
1358460000,94.7825,95.0235,94.4305,94.7375
1358474400,94.7375,94.898,94.3605,94.6875
1358488800,94.6875,94.883,94.199,94.4035
1358503200,94.4035,94.62,94.1825,94.5485
1358517600,94.5485,94.611,94.168,94.5565
1358532000,94.5565,94.7025,94.5375,94.6755
1358719200,94.6595,94.834,93.9835,94.2225
1358733600,94.2225,94.4485,94.0565,94.1515
1358748000,94.1515,94.3125,93.945,94.192
1358762400,94.192,94.2965,94.069,94.2315
1358776800,94.2315,94.4835,94.2135,94.3615
1358791200,94.3615,94.4305,94.195,94.238
1358805600,94.238,94.5,94.081,94.2405
1358820000,94.2405,94.9545,93.7415,94.008
1358834400,94.008,94.2965,93.3075,93.6615
1358848800,93.6615,93.9085,93.5705,93.852
1358863200,93.852,94.015,93.373,93.613
1358877600,93.613,93.7875,93.6015,93.7255
1358892000,93.7255,93.88,93.351,93.406
1358906400,93.406,93.481,92.989,93.0795
1358920800,93.0795,93.4245,92.8085,93.3205
1358935200,93.3205,93.5545,93.2075,93.4205
1358949600,93.4205,93.5415,93.2665,93.385
1358964000,93.385,93.6335,93.3495,93.523
1358978400,93.523,93.5605,93.026,93.1495
1358992800,93.1495,94.0515,93.144,93.919
1359007200,93.919,94.232,93.7595,94.077
1359021600,94.077,94.2345,93.8595,94.0815
1359036000,94.0815,94.326,93.911,94.1525
1359050400,94.1525,94.685,93.9605,94.4075
1359064800,94.4075,94.73,94.351,94.44
1359079200,94.44,94.67,94.41,94.5975
1359093600,94.5975,95.0295,94.516,94.915
1359108000,94.915,95.056,94.7945,94.9515
1359122400,94.9515,95.098,94.6825,94.6915
1359136800,94.6915,94.8985,94.646,94.7285
1359324000,94.84,95.027,94.666,94.824
1359338400,94.824,95.0175,94.696,94.696
1359352800,94.696,94.7925,94.1685,94.376
1359367200,94.376,94.7025,94.0975,94.601
1359381600,94.601,94.6345,94.174,94.46
1359396000,94.46,94.6665,94.385,94.6465
1359410400,94.6465,94.755,94.1895,94.6635
1359424800,94.6635,94.9845,94.641,94.8285
1359439200,94.8285,94.953,94.5625,94.6895
1359453600,94.6895,94.704,94.386,94.6635
1359468000,94.6635,94.953,94.6615,94.8145
1359482400,94.8145,95.044,94.8115,95.0335
1359496800,95.0335,95.282,94.891,95.247
1359511200,95.247,95.3445,95.1015,95.227
1359525600,95.227,95.465,95.1345,95.402
1359540000,95.402,95.4095,94.678,95.0755
1359554400,95.0755,95.141,94.7155,94.948
1359568800,94.948,95.0995,94.7845,94.884
1359583200,94.884,95.008,94.752,94.8525
1359597600,94.8525,94.8785,94.2705,94.6115
1359612000,94.6115,94.853,94.342,94.805
1359626400,94.805,94.919,94.6975,94.8745
1359640800,94.8745,95.3525,94.7925,95.321
1359655200,95.321,95.668,95.305,95.6085
1359669600,95.6085,95.7895,95.4425,95.4905
1359684000,95.4905,95.848,95.414,95.8395
1359698400,95.8395,96.015,95.471,95.615
1359712800,95.615,95.9675,95.491,95.93
1359727200,95.93,96.3985,95.5265,96.3845
1359741600,96.3845,96.7315,96.313,96.598
1359928800,96.7325,96.7885,96.3855,96.577
1359943200,96.577,96.7565,96.5315,96.7095
1359957600,96.7095,97.0715,96.553,97.0285
1359972000,97.0285,97.078,96.5325,96.708
1359986400,96.708,96.7645,96.392,96.4715
1360000800,96.4715,96.5425,96.178,96.427
1360015200,96.427,96.6845,95.9775,96.6165
1360029600,96.6165,96.617,95.9845,96.139
1360044000,96.139,96.822,95.9585,96.643
1360058400,96.643,97.117,96.441,96.855
1360072800,96.855,97.1105,96.614,97.033
1360087200,97.033,97.438,97.0325,97.28
1360101600,97.28,97.41,96.9215,97.2015
1360116000,97.2015,97.299,97.025,97.0715
1360130400,97.0715,97.1565,96.581,96.6505
1360144800,96.6505,96.745,96.1075,96.2025
1360159200,96.2025,96.6635,96.1425,96.331
1360173600,96.331,96.657,96.1625,96.614
1360188000,96.614,96.648,96.1775,96.242
1360202400,96.242,96.6445,96.225,96.637
1360216800,96.637,96.918,96.4915,96.8945
1360231200,96.8945,97.037,96.5165,96.566
1360245600,96.566,96.7065,95.8295,96.1155
1360260000,96.1155,96.3245,96.0425,96.261
1360274400,96.261,96.4585,95.906,96.133
1360288800,96.133,96.3365,95.945,96.031
1360303200,96.031,96.1145,95.1385,95.7135
1360317600,95.7135,95.7845,95.324,95.6145
1360332000,95.6145,95.9205,95.4735,95.614
1360346400,95.614,95.8365,95.585,95.5905
1360533600,95.5905,95.7595,95.2745,95.5005
1360548000,95.5005,95.5005,95.223,95.398
1360562400,95.398,95.761,95.185,95.7245
1360576800,95.7245,96.0895,95.643,95.892
1360591200,95.892,96.23,95.6825,96.224
1360605600,96.224,96.893,96.0275,96.7295
1360620000,96.7295,96.885,96.559,96.787
1360634400,96.787,96.7945,96.189,96.322
1360648800,96.322,96.6455,96.197,96.265
1360663200,96.265,96.732,95.8765,96.3155
1360677600,96.3155,96.542,95.792,96.2135
1360692000,96.2135,96.494,96.1935,96.3365
1360706400,96.3365,96.579,96.075,96.5025
1360720800,96.5025,96.5505,96.0685,96.2755
1360735200,96.2755,96.6125,96.13,96.436
1360749600,96.436,96.807,96.421,96.7075
1360764000,96.7075,96.835,96.5165,96.729
1360778400,96.729,96.8695,96.572,96.8425
1360792800,96.8425,96.8995,96.474,96.831
1360807200,96.831,96.8895,96.647,96.8
1360821600,96.8,96.978,96.6635,96.8745
1360836000,96.8745,96.931,96.2695,96.483
1360850400,96.483,96.577,96.205,96.3025
1360864800,96.3025,96.338,95.99,96.2145
1360879200,96.2145,96.421,95.868,96.0315
1360893600,96.0315,96.3445,95.624,95.9555
1360908000,95.9555,96.081,95.5345,95.6145
1360922400,95.6145,96.5715,95.5895,96.416
1360936800,96.416,96.6895,96.234,96.3205
1360951200,96.3205,96.446,96.099,96.355
1361138400,96.355,96.845,96.355,96.8025
1361152800,96.8025,96.8965,96.65,96.7015
1361167200,96.7015,96.92,96.656,96.7365
1361181600,96.7365,96.8605,96.6865,96.7775
1361196000,96.7775,96.9105,96.685,96.6905
1361210400,96.6905,96.8675,96.671,96.8355
1361224800,96.8355,96.922,96.536,96.8575
1361239200,96.8575,96.95,96.627,96.703
1361253600,96.703,96.8205,96.474,96.6955
1361268000,96.6955,96.8545,96.638,96.6925
1361282400,96.6925,96.901,96.6705,96.824
1361296800,96.824,96.916,96.678,96.909
1361311200,96.909,97.0815,96.827,96.918
1361325600,96.918,96.926,96.521,96.623
1361340000,96.623,96.7335,96.543,96.664
1361354400,96.664,96.6915,96.4095,96.623
1361368800,96.623,96.6745,96.1435,96.218
1361383200,96.218,96.4555,95.853,95.965
1361397600,95.965,96.205,95.9045,95.9045
1361412000,95.9045,95.9425,95.549,95.6255
1361426400,95.6255,95.924,95.3455,95.6915
1361440800,95.6915,95.694,95.1765,95.451
1361455200,95.451,95.6245,95.1575,95.2255
1361469600,95.2255,95.571,95.0645,95.4025
1361484000,95.4025,96.099,95.279,95.711
1361498400,95.711,96.3765,95.636,96.1965
1361512800,96.1965,96.331,95.9685,96.161
1361527200,96.161,96.4595,96.045,96.374
1361541600,96.374,96.507,96.024,96.435
1361556000,96.435,96.571,96.308,96.41
1361743200,96.41,97.445,96.41,96.5705
1361757600,96.5705,96.86,96.55,96.804
1361772000,96.804,96.954,96.5715,96.614
1361786400,96.614,97.002,96.538,96.9255
1361800800,96.9255,97.0075,95.934,96.136
1361815200,96.136,96.1645,93.557,94.1875
1361829600,94.1875,95.315,94.11,95.0975
1361844000,95.0975,95.2695,94.3285,94.6565
1361858400,94.6565,94.7885,93.633,94.7445
1361872800,94.7445,94.759,93.9985,94.322
1361887200,94.322,94.681,93.0465,93.8015
1361901600,93.8015,94.2645,93.6195,94.086
1361916000,94.086,94.355,93.558,93.7145
1361930400,93.7145,94.1505,93.6155,93.755
1361944800,93.755,93.975,93.3555,93.4715
1361959200,93.4715,93.638,93.145,93.2625
1361973600,93.2625,93.8225,92.9685,93.6925
1361988000,93.6925,94.5785,93.6335,94.357
1362002400,94.357,95.1185,94.0975,94.954
1362016800,94.954,95.089,94.7245,94.978
1362031200,94.978,95.0225,94.4655,94.56
1362045600,94.56,94.711,94.437,94.667
1362060000,94.667,94.7125,94.3845,94.5785
1362074400,94.5785,95.04,94.5,94.5515
1362088800,94.5515,94.7055,94.4295,94.637
1362103200,94.637,94.862,94.616,94.7455
1362117600,94.7455,94.8995,94.533,94.678
1362132000,94.678,94.821,94.4585,94.7055
1362146400,94.7055,95.6195,94.559,95.604
1362160800,95.604,95.604,95.3435,95.5095
1362348000,95.5095,95.542,94.943,94.9465
1362362400,94.9465,94.9995,94.4475,94.637
1362376800,94.637,94.915,94.462,94.833
1362391200,94.833,94.973,94.754,94.931
1362405600,94.931,94.964,94.6775,94.8695
1362420000,94.8695,95.36,94.804,95.3135
1362434400,95.3135,95.491,95.212,95.391
1362448800,95.391,95.4545,95.034,95.311
1362463200,95.311,95.429,95.184,95.312
1362477600,95.312,95.403,95.1895,95.313
1362492000,95.313,95.705,95.3,95.6045
1362506400,95.6045,95.7825,95.546,95.6985
1362520800,95.6985,95.8665,95.6255,95.7305
1362535200,95.7305,95.919,95.71,95.8635
1362549600,95.8635,96.0165,95.8305,95.9785
1362564000,95.9785,96.2905,95.902,96.1965
1362578400,96.1965,96.2435,95.8915,96.1285
1362592800,96.1285,96.393,96.086,96.265
1362607200,96.265,96.281,96.02,96.2455
1362621600,96.2455,96.3035,96.0755,96.1985
1362636000,96.1985,96.726,96.157,96.675
1362650400,96.675,97.081,96.6095,96.958
1362664800,96.958,97.6015,96.9145,97.4685
1362679200,97.4685,97.5815,97.353,97.359
1362693600,97.359,97.5915,97.3285,97.4315
1362708000,97.4315,97.763,97.4315,97.668
1362722400,97.668,98.1265,97.603,98.017
1362736800,98.017,99.062,97.9465,98.5325
1362751200,98.5325,98.6115,97.6885,97.927
1362765600,97.927,98.395,97.8985,98.268
1362949200,98.268,98.333,97.959,98.22
1362963600,98.22,98.3965,98.195,98.241
1362978000,98.241,98.3875,98.16,98.3095
1362992400,98.3095,98.404,98.187,98.3555
1363006800,98.3555,98.8055,98.289,98.8035
1363021200,98.8035,99.015,98.7935,98.984
1363035600,98.984,99.3855,98.938,99.2395
1363050000,99.2395,99.574,99.1755,99.1955
1363064400,99.1955,99.252,98.7265,98.9135
1363078800,98.9135,99.2525,98.474,99.1585
1363093200,99.1585,99.48,98.836,99.0015
1363107600,99.0015,99.2015,98.9105,99.193
1363122000,99.193,99.193,98.8685,99.1455
1363136400,99.1455,99.2205,98.675,98.699
1363150800,98.699,98.8925,98.572,98.8145
1363165200,98.8145,99.062,98.5505,98.9255
1363179600,98.9255,99.2105,98.751,99.0215
1363194000,99.0215,99.093,98.895,98.992
1363208400,98.992,99.535,98.82,99.492
1363222800,99.492,99.6055,99.2045,99.599
1363237200,99.599,99.9675,99.4145,99.781
1363251600,99.781,99.9685,99.6545,99.9265
1363266000,99.9265,99.979,99.5355,99.609
1363280400,99.609,99.815,99.4705,99.8005
1363294800,99.8005,99.8325,99.589,99.703
1363309200,99.703,99.845,99.463,99.7895
1363323600,99.7895,99.812,99.536,99.583
1363338000,99.583,99.825,99.5525,99.585
1363352400,99.585,99.6135,98.9475,99.17
1363366800,99.17,99.415,99.1,99.176
1363554000,99.176,99.176,97.368,98.3065
1363568400,98.3065,98.318,97.9665,98.177
1363582800,98.177,98.637,97.73,98.56
1363597200,98.56,98.856,98.3895,98.7965
1363611600,98.7965,99.039,98.5345,98.9485
1363626000,98.9485,99.3525,98.7805,99.034
1363640400,99.034,99.4135,98.942,99.2935
1363654800,99.2935,99.4615,99.1695,99.2725
1363669200,99.2725,99.329,98.8015,98.848
1363683600,98.848,99.1045,98.7235,98.968
1363698000,98.968,99.0135,98.1825,98.4255
1363712400,98.4255,98.7065,98.1745,98.6755
1363726800,98.6755,98.695,98.316,98.388
1363741200,98.388,98.6845,98.288,98.6655
1363755600,98.6655,99.0915,98.527,98.9955
1363770000,98.9955,99.3305,98.9385,99.1745
1363784400,99.1745,99.3295,99.1065,99.3115
1363798800,99.3115,99.784,99.182,99.656
1363813200,99.656,99.6985,99.465,99.496
1363827600,99.496,99.6705,99.324,99.3345
1363842000,99.3345,99.542,99.2265,99.334
1363856400,99.334,99.574,98.99,99.3365
1363870800,99.3365,99.626,99.169,99.2535
1363885200,99.2535,99.3155,98.7095,99.077
1363899600,99.077,99.257,98.9945,99.091
1363914000,99.091,99.1195,98.9155,98.985
1363928400,98.985,98.985,98.408,98.4425
1363942800,98.4425,99.0835,98.3515,98.985
1363957200,98.985,99.14,98.4765,98.7855
1363971600,98.7855,98.8415,98.6255,98.658
1364158800,98.658,99.262,98.5595,98.91
1364173200,98.91,99.2315,98.8685,99.1335
1364187600,99.1335,99.1985,98.8845,99.1185
1364202000,99.1185,99.4025,99.109,99.2065
1364216400,99.2065,99.3115,98.087,98.087
1364230800,98.087,98.581,97.727,98.5555
1364245200,98.5555,98.616,98.2515,98.4575
1364259600,98.4575,98.839,98.447,98.54
1364274000,98.54,98.8975,98.478,98.633
1364288400,98.633,98.9525,98.5145,98.869
1364302800,98.869,99.032,98.7105,98.909
1364317200,98.909,99.1895,98.8785,99.026
1364331600,99.026,99.2,98.9705,99.124
1364346000,99.124,99.2905,99.023,99.246
1364360400,99.246,99.276,98.909,99.048
1364374800,99.048,99.0535,98.163,98.4185
1364389200,98.4185,98.639,97.987,98.5175
1364403600,98.5175,98.6875,98.3175,98.644
1364418000,98.644,98.6715,98.474,98.5635
1364432400,98.5635,98.572,97.9695,98.0785
1364446800,98.0785,98.365,98.0235,98.194
1364461200,98.194,98.276,97.8575,98.0945
1364475600,98.0945,98.196,97.892,97.9645
1364490000,97.9645,98.0695,97.8165,98.0515
1364504400,98.0515,98.204,97.8865,98.0015
1364518800,98.0015,98.076,97.8815,98.023
1364533200,98.023,98.109,97.8405,97.906
1364547600,97.906,98.018,97.8855,97.988
1364562000,97.988,98.07,97.957,98.0465
1364576400,98.0465,98.2145,97.9645,98.16
1364763600,98.16,98.257,98.077,98.188
1364778000,98.188,98.189,97.5795,97.678
1364792400,97.678,97.691,97.0775,97.379
1364806800,97.379,97.749,97.337,97.539
1364821200,97.539,97.5605,97.0575,97.341
1364835600,97.341,97.4185,97.1505,97.1795
1364850000,97.1795,97.362,97.0485,97.1985
1364864400,97.1985,97.318,96.916,97.0895
1364878800,97.0895,97.479,96.939,97.427
1364893200,97.427,97.741,97.365,97.554
1364907600,97.554,97.8635,97.5125,97.743
1364922000,97.743,97.7465,97.4905,97.6375
1364936400,97.6375,97.977,97.5515,97.921
1364950800,97.921,97.998,97.6595,97.8115
1364965200,97.8115,97.978,97.673,97.9645
1364979600,97.9645,98.108,97.7225,97.8585
1364994000,97.8585,97.8615,97.263,97.3085
1365008400,97.3085,97.3695,96.9975,97.332
1365022800,97.332,97.4035,96.98,97.3585
1365037200,97.3585,98.483,97.1995,98.4465
1365051600,98.4465,99.6685,98.2855,99.344
1365066000,99.344,99.5935,99.2605,99.428
1365080400,99.428,100.3385,99.332,100.054
1365094800,100.054,100.5835,99.979,100.543
1365109200,100.543,101.0745,100.351,100.8415
1365123600,100.8415,101.124,100.2495,100.3195
1365138000,100.3195,100.4695,100.0125,100.3675
1365152400,100.3675,100.5405,99.804,100.2705
1365166800,100.2705,100.919,100.1685,100.888
1365181200,100.888,101.737,100.7725,101.295
1365368400,101.295,102.3615,101.295,102.1115
1365382800,102.1115,102.2755,102.017,102.2295
1365397200,102.2295,102.854,102.091,102.715
1365411600,102.715,102.852,102.3125,102.6595
1365426000,102.6595,102.8825,102.485,102.7055
1365440400,102.7055,103.489,102.693,103.456
1365454800,103.456,103.801,103.431,103.4945
1365469200,103.4945,103.8165,103.386,103.536
1365483600,103.536,103.652,102.842,103.4275
1365498000,103.4275,103.777,103.33,103.7695
1365512400,103.7695,104.0215,103.4365,103.921
1365526800,103.921,104.3555,103.764,103.867
1365541200,103.867,104.125,103.768,103.9385
1365555600,103.9385,104.2165,103.715,104.1415
1365570000,104.1415,104.6935,104.0455,104.5735
1365584400,104.5735,104.8595,104.2695,104.4825
1365598800,104.4825,105.198,104.471,105.159
1365613200,105.159,105.2695,104.989,105.1915
1365627600,105.1915,105.277,104.968,105.016
1365642000,105.016,105.1155,104.4,104.778
1365656400,104.778,105.399,104.7375,105.2945
1365670800,105.2945,105.3705,104.758,104.94
1365685200,104.94,105.2475,104.572,105.1535
1365699600,105.1535,105.432,105.065,105.105
1365714000,105.105,105.2165,104.923,105.037
1365728400,105.037,105.1545,104.852,104.9495
1365742800,104.9495,105.013,104.3345,104.4855
1365757200,104.4855,104.564,104.022,104.305
1365771600,104.305,104.5305,103.5385,103.9485
1365786000,103.9485,104.071,103.078,103.406
1365973200,103.406,103.838,103.1405,103.655
1365987600,103.655,103.6845,101.689,102.231
1366002000,102.231,102.5665,102.0625,102.1455
1366016400,102.1455,102.351,101.574,102.0515
1366030800,102.0515,102.1505,101.5605,101.812
1366045200,101.812,101.865,99.2055,99.797
1366059600,99.797,100.4455,98.7485,99.975
1366074000,99.975,101.3665,99.9425,101.1535
1366088400,101.1535,101.596,100.746,101.024
1366102800,101.024,101.805,100.8745,101.721
1366117200,101.721,101.8745,100.9605,101.1975
1366131600,101.1975,101.655,101.104,101.3355
1366146000,101.3355,101.7325,101.244,101.591
1366160400,101.591,102.077,101.423,101.855
1366174800,101.855,102.0285,101.399,101.7715
1366189200,101.7715,101.8715,100.9865,101.375
1366203600,101.375,101.463,99.917,100.2205
1366218000,100.2205,101.227,100.151,101.03
1366232400,101.03,101.3075,100.596,100.6085
1366246800,100.6085,101.4735,100.2725,101.0795
1366261200,101.0795,101.427,100.639,101.3905
1366275600,101.3905,101.806,101.3175,101.5345
1366290000,101.5345,101.537,100.716,101.1335
1366304400,101.1335,101.2385,100.7155,101.13
1366318800,101.13,101.337,100.981,101.001
1366333200,101.001,101.9625,100.8905,101.591
1366347600,101.591,102.878,101.5875,102.667
1366362000,102.667,102.775,102.1825,102.3775
1366376400,102.3775,102.445,101.879,101.989
1366390800,101.989,102.565,101.9695,102.276
1366578000,102.276,102.6965,102.276,102.643
1366592400,102.643,102.9405,102.615,102.631
1366606800,102.631,102.694,102.1465,102.3935
1366621200,102.3935,102.55,102.082,102.157
1366635600,102.157,102.207,101.338,101.884
1366650000,101.884,102.221,101.7325,101.956
1366664400,101.956,102.0725,101.694,101.7315
1366678800,101.7315,101.8225,100.78,101.137
1366693200,101.137,101.352,100.7645,100.9405
1366707600,100.9405,101.5005,100.9,101.345
1366722000,101.345,102.1405,101.33,101.906
1366736400,101.906,102.1205,100.876,102.0475
1366750800,102.0475,102.3785,101.9665,102.2265
1366765200,102.2265,102.352,101.535,101.8795
1366779600,101.8795,102.4805,101.7735,102.3725
1366794000,102.3725,102.5285,102.0285,102.1205
1366808400,102.1205,102.2545,101.761,101.994
1366822800,101.994,102.429,101.982,102.2205
1366837200,102.2205,102.3925,102.1555,102.3285
1366851600,102.3285,102.6175,102.2905,102.3455
1366866000,102.3455,102.5105,102.0305,102.476
1366880400,102.476,102.5585,102.126,102.382
1366894800,102.382,102.66,102.2955,102.3245
1366909200,102.3245,102.569,102.0795,102.1425
1366923600,102.1425,102.3335,102.044,102.1935
1366938000,102.1935,102.462,101.7715,101.8485
1366952400,101.8485,101.9245,101.3275,101.4295
1366966800,101.4295,101.5365,100.865,101.0625
1366981200,101.0625,101.069,100.312,100.7095
1366995600,100.7095,101.088,100.6435,100.734
1367182800,100.734,100.8055,100.496,100.609
1367197200,100.609,100.7635,100.3205,100.699
1367211600,100.699,101.2515,100.5705,101.0475
1367226000,101.0475,101.303,100.9725,101.103
1367240400,101.103,101.6185,101.0555,101.4085
1367254800,101.4085,101.5355,101.106,101.1825
1367269200,101.1825,101.387,101.1575,101.317
1367283600,101.317,101.552,101.257,101.397
1367298000,101.397,101.477,101.021,101.0605
1367312400,101.0605,101.1695,100.656,101.004
1367326800,101.004,101.2215,100.5055,101.123
1367341200,101.123,101.199,100.984,101.0695
1367355600,101.0695,101.0695,100.726,100.738
1367370000,100.738,100.9835,100.627,100.832
1367384400,100.832,101.127,100.7975,100.9675
1367398800,100.9675,101.082,100.324,100.401
1367413200,100.401,100.4025,99.7635,99.9475
1367427600,99.9475,100.317,99.83,100.0715
1367442000,100.0715,100.206,99.6835,99.7945
1367456400,99.7945,99.96,99.6345,99.645
1367470800,99.645,99.6635,99.2895,99.439
1367485200,99.439,100.911,99.382,100.3385
1367499600,100.3385,100.6245,99.928,100.53
1367514000,100.53,100.626,100.343,100.349
1367528400,100.349,100.6755,100.3145,100.5995
1367542800,100.5995,100.7485,100.519,100.585
1367557200,100.585,100.716,100.481,100.6185
1367571600,100.6185,101.8665,100.4415,101.7565
1367586000,101.7565,102.3315,101.7405,102.216
1367600400,102.216,102.2895,102.121,102.1425
1367787600,102.1425,102.274,101.9955,102.115
1367802000,102.115,102.1155,101.77,101.94
1367816400,101.94,102.1045,101.781,101.8145
1367830800,101.8145,101.893,101.489,101.4925
1367845200,101.4925,101.8355,101.4305,101.749
1367859600,101.749,101.9075,101.738,101.8455
1367874000,101.8455,101.889,101.5345,101.588
1367888400,101.588,101.588,100.841,100.951
1367902800,100.951,101.1765,100.81,100.932
1367917200,100.932,101.1395,100.7305,100.838
1367931600,100.838,100.934,100.4435,100.7745
1367946000,100.7745,100.8835,100.68,100.8275
1367960400,100.8275,100.8955,100.408,100.5705
1367974800,100.5705,101.0205,100.54,100.8265
1367989200,100.8265,100.927,100.622,100.8045
1368003600,100.8045,101.0065,100.6475,100.6645
1368018000,100.6645,100.808,100.5105,100.699
1368032400,100.699,100.758,100.449,100.6895
1368046800,100.6895,100.82,100.6235,100.707
1368061200,100.707,101.3795,100.4815,101.034
1368075600,101.034,101.2195,100.899,100.9125
1368090000,100.9125,101.0975,100.866,101.0165
1368104400,101.0165,101.3155,100.97,101.233
1368118800,101.233,102.144,101.011,101.5235
1368133200,101.5235,101.648,101.4005,101.5865
1368147600,101.5865,102.0695,101.552,101.758
1368162000,101.758,101.938,101.545,101.699
1368176400,101.699,101.908,101.528,101.5295
1368190800,101.5295,101.8125,101.325,101.682
1368205200,101.682,101.925,101.5685,101.8635
1368392400,101.8635,102.04,101.6865,101.7205
1368406800,101.7205,101.83,101.58,101.8195
1368421200,101.8195,101.8635,101.3655,101.631
1368435600,101.631,101.7335,101.187,101.652
1368450000,101.652,101.6795,101.2835,101.3585
1368464400,101.3585,101.4895,101.2395,101.3395
1368478800,101.3395,101.425,101.2305,101.278
1368493200,101.278,101.4545,101.2745,101.35
1368507600,101.35,101.402,100.9525,101.0605
1368522000,101.0605,101.21,100.6815,100.797
1368536400,100.797,101.4205,100.756,101.258
1368550800,101.258,101.299,100.984,101.2845
1368565200,101.2845,101.353,101.121,101.1995
1368579600,101.1995,101.242,100.976,101.034
1368594000,101.034,101.3415,101.002,101.07
1368608400,101.07,101.5885,101.058,101.4085
1368622800,101.4085,101.4275,100.9785,101.224
1368637200,101.224,101.257,100.899,101.203
1368651600,101.203,101.325,101.0465,101.1835
1368666000,101.1835,101.241,100.8745,101.0445
1368680400,101.0445,101.0805,100.3985,100.5105
1368694800,100.5105,100.8635,100.47,100.7345
1368709200,100.7345,100.7655,100.438,100.489
1368723600,100.489,100.5465,100.2585,100.3085
1368738000,100.3085,100.4995,100.294,100.395
1368752400,100.395,100.4315,99.5945,99.764
1368766800,99.764,99.981,99.6825,99.8805
1368781200,99.8805,100.0185,99.7,99.8385
1368795600,99.8385,100.418,99.681,100.3445
1368810000,100.3445,100.5655,100.2585,100.4585
1368997200,100.4585,100.4585,99.435,100.217
1369011600,100.217,100.5175,100.1885,100.43
1369026000,100.43,100.4725,100.128,100.382
1369040400,100.382,100.399,100.099,100.1055
1369054800,100.1055,100.568,100.0565,100.5335
1369069200,100.5335,100.553,100.25,100.316
1369083600,100.316,100.4015,100.146,100.1935
1369098000,100.1935,100.566,100.145,100.5285
1369112400,100.5285,100.944,100.514,100.6475
1369126800,100.6475,100.7075,100.376,100.529
1369141200,100.529,100.6015,100.139,100.6005
1369155600,100.6005,100.7615,100.4225,100.4605
1369170000,100.4605,100.74,100.404,100.5085
1369184400,100.5085,100.5165,100.2455,100.295
1369198800,100.295,100.5025,100.1765,100.3715
1369213200,100.3715,100.6535,100.3195,100.573
1369227600,100.573,100.9675,100.115,100.408
1369242000,100.408,100.499,99.504,100.058
1369256400,100.058,100.077,99.633,99.8885
1369270800,99.8885,99.9725,98.852,99.075
1369285200,99.075,99.1025,97.302,97.735
1369299600,97.735,98.9465,97.7205,98.587
1369314000,98.587,99.505,98.3575,99.454
1369328400,99.454,99.507,99.007,99.466
1369342800,99.466,99.4875,98.9245,99.0425
1369357200,99.0425,99.28,97.929,98.119
1369371600,98.119,98.838,98.119,98.4745
1369386000,98.4745,98.5935,98.039,98.075
1369400400,98.075,98.113,97.362,97.4035
1369414800,97.4035,97.806,97.1345,97.755
1369602000,97.755,97.7665,96.967,96.9985
1369616400,96.9985,97.41,96.998,97.319
1369630800,97.319,97.599,97.2095,97.4185
1369645200,97.4185,97.509,97.2645,97.4025
1369659600,97.4025,97.4915,97.1815,97.314
1369674000,97.314,97.4675,97.1915,97.2635
1369688400,97.2635,97.763,97.244,97.629
1369702800,97.629,98.3375,97.6155,98.251
1369717200,98.251,98.975,98.2085,98.6985
1369731600,98.6985,98.958,98.5515,98.789
1369746000,98.789,99.0745,98.3625,98.517
1369760400,98.517,98.5905,98.223,98.4335
1369774800,98.4335,98.457,97.658,97.8815
1369789200,97.8815,98.0125,97.45,97.891
1369803600,97.891,97.962,97.1035,97.319
1369818000,97.319,97.677,97.174,97.455
1369832400,97.455,97.686,97.051,97.158
1369846800,97.158,97.614,97.066,97.453
1369861200,97.453,97.569,96.967,97.384
1369875600,97.384,97.9315,97.068,97.801
1369890000,97.801,97.803,97.1955,97.229
1369904400,97.229,97.9675,97.2205,97.449
1369918800,97.449,97.8185,97.3455,97.478
1369933200,97.478,97.6875,97.2695,97.3125
1369947600,97.3125,97.8955,97.275,97.857
1369962000,97.857,97.925,97.2295,97.407
1369976400,97.407,97.436,96.2165,96.376
1369990800,96.376,96.552,96.0665,96.3955
1370005200,96.3955,97.015,96.387,96.8035
1370019600,96.8035,96.9185,96.1,96.158
1370206800,96.158,96.792,96.158,96.677
1370221200,96.677,96.9075,96.5835,96.7385
1370235600,96.7385,96.858,96.409,96.5175
1370250000,96.5175,97.0225,96.457,96.874
1370264400,96.874,97.017,96.2545,96.94
1370278800,96.94,97.259,96.8425,97.248
1370293200,97.248,97.371,96.945,96.98
1370307600,96.98,97.127,96.619,96.9875
1370322000,96.9875,97.2765,96.786,96.816
1370336400,96.816,97.1195,96.6755,96.829
1370350800,96.829,96.9155,96.369,96.4255
1370365200,96.4255,96.603,96.1575,96.5265
1370379600,96.5265,96.8105,96.4535,96.5775
1370394000,96.5775,96.756,96.0485,96.119
1370408400,96.119,96.187,95.235,95.641
1370422800,95.641,95.6945,95.054,95.2685
1370437200,95.2685,95.3305,94.23,94.2645
1370451600,94.2645,94.7135,94.241,94.518
1370466000,94.518,94.6665,93.857,94.1705
1370480400,94.1705,94.386,93.444,93.7285
1370494800,93.7285,94.291,93.5685,94.0615
1370509200,94.0615,94.3105,93.838,94.137
1370523600,94.137,94.1895,92.5695,92.857
1370538000,92.857,93.5735,92.8295,93.056
1370552400,93.056,93.2705,92.757,92.8955
1370566800,92.8955,92.945,90.8355,91.5285
1370581200,91.5285,92.337,91.305,91.5665
1370595600,91.5665,91.726,90.5515,91.198
1370610000,91.198,92.617,91.072,92.482
1370624400,92.482,92.7755,92.3815,92.647
1370811600,92.647,92.7895,91.9295,92.495
1370826000,92.495,92.752,92.219,92.51
1370840400,92.51,93.09,92.5,93.053
1370854800,93.053,93.4575,92.9455,93.256
1370869200,93.256,93.8005,93.228,93.3915
1370883600,93.3915,93.6135,93.232,93.4765
1370898000,93.4765,93.719,93.0135,93.0975
1370912400,93.0975,93.0975,92.299,92.4135
1370926800,92.4135,92.659,91.1865,91.284
1370941200,91.284,91.361,90.1775,90.982
1370955600,90.982,91.5815,90.4455,91.363
1370970000,91.363,91.405,90.0135,90.525
1370984400,90.525,91.5395,90.482,91.3005
1370998800,91.3005,91.5075,90.9535,91.0685
1371013200,91.0685,92.5065,90.9675,92.1245
1371027600,92.1245,92.489,91.723,92.016
1371042000,92.016,92.016,90.4615,91.0395
1371056400,91.0395,91.488,90.542,91.0705
1371070800,91.0705,91.0815,90.2395,90.3215
1371085200,90.3215,90.531,89.2025,89.601
1371099600,89.601,89.6435,88.938,89.481
1371114000,89.481,90.4905,89.4595,90.445
1371128400,90.445,90.869,90.1795,90.7095
1371142800,90.7095,92.186,90.6965,91.9315
1371157200,91.9315,92.577,90.531,90.5615
1371171600,90.5615,91.4305,90.551,91.4305
1371186000,91.4305,91.4535,90.9125,91.149
1371200400,91.149,91.5795,91.0775,91.5385
1371214800,91.5385,91.8865,90.03,90.2985
1371229200,90.2985,90.6635,90.0175,90.0465
1371416400,90.0465,90.9095,90.034,90.842
1371430800,90.842,91.255,90.757,91.1295
1371445200,91.1295,91.561,91.011,91.2195
1371459600,91.2195,91.3725,91.0195,91.13
1371474000,91.13,91.13,90.372,90.5415
1371488400,90.5415,90.757,90.173,90.206
1371502800,90.206,90.7375,90.077,90.683
1371517200,90.683,90.733,89.968,90.2525
1371531600,90.2525,90.3,89.835,90.1825
1371546000,90.1825,90.5365,89.85,90.4315
1371560400,90.4315,90.65,90.26,90.5275
1371574800,90.5275,90.55,90.25,90.427
1371589200,90.427,90.6695,90.063,90.322
1371603600,90.322,90.5055,90.1635,90.366
1371618000,90.366,90.559,90.1405,90.26
1371632400,90.26,90.468,90.153,90.3315
1371646800,90.3315,90.9085,90.27,90.7425
1371661200,90.7425,91.197,89.303,89.6395
1371675600,89.6395,89.915,89.2465,89.7095
1371690000,89.7095,89.8735,89.103,89.605
1371704400,89.605,90.3685,89.47,90.106
1371718800,90.106,90.301,89.8095,90.0705
1371733200,90.0705,90.4425,89.6445,90.3015
1371747600,90.3015,90.3235,89.1885,89.4775
1371762000,89.4775,89.789,89.159,89.4965
1371776400,89.4965,89.98,89.439,89.932
1371790800,89.932,90.5295,89.932,90.3275
1371805200,90.3275,90.4745,89.876,90.006
1371819600,90.006,90.5425,89.5215,90.295
1371834000,90.295,90.4565,89.9935,90.2655
1372021200,90.2655,91.068,90.1775,90.7995
1372035600,90.7995,90.847,90.414,90.655
1372050000,90.655,90.8715,89.8705,89.9095
1372064400,89.9095,90.4305,89.604,90.356
1372078800,90.356,90.507,89.794,90.3915
1372093200,90.3915,90.8505,90.2765,90.387
1372107600,90.387,90.6285,90.2525,90.4655
1372122000,90.4655,90.7665,89.576,89.91
1372136400,89.91,90.5925,89.589,90.139
1372150800,90.139,90.516,89.9295,90.4185
1372165200,90.4185,90.6055,90.2005,90.5175
1372179600,90.5175,90.7585,90.3705,90.568
1372194000,90.568,90.981,90.5115,90.9195
1372208400,90.9195,91.014,90.3065,90.5375
1372222800,90.5375,90.809,90.2155,90.625
1372237200,90.625,90.835,90.4985,90.728
1372251600,90.728,91.1525,90.4805,90.7095
1372266000,90.7095,90.8555,90.3695,90.663
1372280400,90.663,90.915,90.609,90.719
1372294800,90.719,91.3045,90.6995,91.1345
1372309200,91.1345,91.54,90.9655,91.3405
1372323600,91.3405,91.529,91.044,91.4815
1372338000,91.4815,91.672,91.058,91.085
1372352400,91.085,91.3025,91.0765,91.227
1372366800,91.227,91.469,91.0145,91.036
1372381200,91.036,91.694,90.887,91.586
1372395600,91.586,91.672,91.3695,91.5135
1372410000,91.5135,91.6535,91.2085,91.3305
1372424400,91.3305,91.3375,90.577,90.598
1372438800,90.598,90.8735,90.469,90.6045
1372626000,90.6045,91.0015,90.4505,90.8225
1372640400,90.8225,91.311,90.8225,91.2445
1372654800,91.2445,91.6275,91.168,91.3435
1372669200,91.3435,91.6835,91.316,91.5185
1372683600,91.5185,92.2395,91.512,92.116
1372698000,92.116,92.1615,91.8735,92.071
1372712400,92.071,92.1675,91.928,91.979
1372726800,91.979,92.047,91.3895,91.4
1372741200,91.4,91.8445,91.3095,91.676
1372755600,91.676,91.7965,91.3765,91.724
1372770000,91.724,92.133,91.7035,92.12
1372784400,92.12,92.155,91.783,92.04
1372798800,92.04,92.19,91.9665,92.018
1372813200,92.018,92.4205,91.5505,91.726
1372827600,91.726,91.7345,90.476,90.509
1372842000,90.509,90.693,90.1605,90.35
1372856400,90.35,90.988,90.25,90.9365
1372870800,90.9365,91.0285,90.221,90.8025
1372885200,90.8025,91.1455,90.717,90.922
1372899600,90.922,91.1915,90.535,90.972
1372914000,90.972,91.13,90.5595,91.0115
1372928400,91.0115,91.532,90.947,91.5135
1372942800,91.5135,91.8335,91.2795,91.703
1372957200,91.703,91.852,91.261,91.4925
1372971600,91.4925,91.7735,91.4475,91.7475
1372986000,91.7475,91.839,91.438,91.611
1373000400,91.611,91.918,91.4845,91.5875
1373014800,91.5875,92.21,91.5355,92.0715
1373029200,92.0715,92.0715,91.2465,91.552
1373043600,91.552,91.786,91.42,91.7225
1373230800,91.7225,91.935,91.635,91.7385
1373245200,91.7385,91.8115,91.4405,91.5925
1373259600,91.5925,91.916,91.3905,91.904
1373274000,91.904,92.0555,91.8815,91.9845
1373288400,91.9845,92.3475,91.927,91.9915
1373302800,91.9915,92.3545,91.96,92.218
1373317200,92.218,92.22,91.9775,92.0515
1373331600,92.0515,92.356,91.777,92.2795
1373346000,92.2795,92.996,92.267,92.6895
1373360400,92.6895,92.99,92.553,92.941
1373374800,92.941,93.075,92.3885,92.712
1373389200,92.712,92.919,92.529,92.8155
1373403600,92.8155,92.848,92.5805,92.6505
1373418000,92.6505,92.9215,92.2975,92.3745
1373432400,92.3745,92.721,92.059,92.1165
1373446800,92.1165,92.316,92.036,92.1035
1373461200,92.1035,92.1605,91.4685,91.6555
1373475600,91.6555,92.1215,91.1045,91.444
1373490000,91.444,92.0445,91.33,91.798
1373504400,91.798,92.042,91.441,91.5895
1373518800,91.5895,91.8825,91.4255,91.681
1373533200,91.681,91.7225,91.119,91.1855
1373547600,91.1855,91.258,90.1025,90.5345
1373562000,90.5345,90.947,90.4795,90.918
1373576400,90.918,90.9795,90.467,90.608
1373590800,90.608,91.034,90.567,90.8835
1373605200,90.8835,90.9565,90.597,90.631
1373619600,90.631,90.691,89.705,89.8905
1373634000,89.8905,90.1285,89.6985,89.9875
1373648400,89.9875,90.066,89.732,89.769
1373835600,89.769,90.2765,89.769,89.9775
1373850000,89.9775,90.432,89.914,90.432
1373864400,90.432,90.836,90.2755,90.746
1373878800,90.746,90.9635,90.381,90.884
1373893200,90.884,90.9625,90.684,90.8545
1373907600,90.8545,90.9075,90.7365,90.853
1373922000,90.853,91.3075,90.7905,91.136
1373936400,91.136,91.515,90.965,91.4615
1373950800,91.4615,91.7895,91.353,91.6615
1373965200,91.6615,91.9,91.553,91.726
1373979600,91.726,91.813,91.5385,91.676
1373994000,91.676,91.781,91.4815,91.693
1374008400,91.693,91.7635,91.558,91.714
1374022800,91.714,91.8685,91.615,91.6865
1374037200,91.6865,92.071,91.45,91.742
1374051600,91.742,92.166,91.6245,92.0565
1374066000,92.0565,92.1935,91.7385,91.8645
1374080400,91.8645,92.0175,91.814,91.986
1374094800,91.986,92.1145,91.78,91.8315
1374109200,91.8315,91.8685,91.5955,91.7825
1374123600,91.7825,91.9285,91.6525,91.88
1374138000,91.88,91.9415,91.717,91.9095
1374152400,91.9095,92.195,91.8185,92.0125
1374166800,92.0125,92.204,91.9785,92.0875
1374181200,92.0875,92.4185,92.039,92.3425
1374195600,92.3425,92.361,91.779,91.929
1374210000,91.929,92.109,91.6055,92.013
1374224400,92.013,92.5625,91.9375,92.4235
1374238800,92.4235,92.4685,92.195,92.2255
1374253200,92.2255,92.381,92.12,92.2935
1374440400,92.2935,92.5725,91.914,92.105
1374454800,92.105,92.3305,91.993,92.2245
1374469200,92.2245,92.306,91.9475,91.9575
1374483600,91.9575,92.3885,91.8645,92.3815
1374498000,92.3815,92.4095,91.9105,92.153
1374512400,92.153,92.203,91.992,92.1815
1374526800,92.1815,92.204,91.8045,92.0945
1374541200,92.0945,92.4485,91.9815,92.2165
1374555600,92.2165,92.294,92.0295,92.21
1374570000,92.21,92.509,92.2015,92.4265
1374584400,92.4265,92.517,92.225,92.423
1374598800,92.423,92.5795,92.344,92.4215
1374613200,92.4215,92.56,92.347,92.4605
1374627600,92.4605,92.7395,92.067,92.286
1374642000,92.286,92.4765,91.9265,92.211
1374656400,92.211,92.4935,92.1085,92.399
1374670800,92.399,92.453,91.8345,91.9315
1374685200,91.9315,91.9945,91.683,91.874
1374699600,91.874,91.9815,91.643,91.7685
1374714000,91.7685,91.7695,91.435,91.574
1374728400,91.574,91.634,91.359,91.486
1374742800,91.486,91.7415,91.3495,91.509
1374757200,91.509,91.7035,91.354,91.667
1374771600,91.667,91.938,91.6625,91.806
1374786000,91.806,91.8435,91.5865,91.7885
1374800400,91.7885,91.928,91.5005,91.575
1374814800,91.575,91.696,91.3855,91.6565
1374829200,91.6565,91.731,91.0785,91.1575
1374843600,91.1575,91.184,90.5715,90.7555
1374858000,90.7555,91.134,90.716,90.966
1375045200,90.966,91.073,90.6055,90.822
1375059600,90.822,90.8665,90.5265,90.566
1375074000,90.566,90.6785,90.407,90.611
1375088400,90.611,90.6535,90.2815,90.421
1375102800,90.421,90.582,90.0525,90.1605
1375117200,90.1605,90.187,89.827,90.173
1375131600,90.173,90.288,89.862,90.2035
1375146000,90.2035,90.3065,89.2285,89.3335
1375160400,89.3335,89.348,88.8765,88.896
1375174800,88.896,89.0565,88.7835,89.044
1375189200,89.044,89.172,88.689,88.84
1375203600,88.84,88.902,88.7295,88.841
1375218000,88.841,89.0425,88.384,88.5455
1375232400,88.5455,88.665,88.321,88.586
1375246800,88.586,88.6125,88.2015,88.279
1375261200,88.279,88.409,87.966,88.13
1375275600,88.13,88.2735,87.997,88.121
1375290000,88.121,88.1955,87.8305,87.9135
1375304400,87.9135,87.987,87.2485,87.859
1375318800,87.859,88.231,87.761,88.2225
1375333200,88.2225,88.5685,88.099,88.5075
1375347600,88.5075,88.7735,88.354,88.4085
1375362000,88.4085,88.754,88.1525,88.6985
1375376400,88.6985,88.979,88.6565,88.8465
1375390800,88.8465,89.022,88.719,88.8555
1375405200,88.8555,88.944,88.48,88.6285
1375419600,88.6285,88.891,88.5345,88.5525
1375434000,88.5525,89.1025,88.382,88.509
1375448400,88.509,88.545,87.927,88.2335
1375462800,88.2335,88.2475,87.9155,88.102
1375650000,88.102,88.292,87.9435,88.0415
1375664400,88.0415,88.105,87.479,87.678
1375678800,87.678,87.828,87.4845,87.7375
1375693200,87.7375,87.752,87.5135,87.6605
1375707600,87.6605,87.9545,87.6525,87.9545
1375722000,87.9545,87.9775,87.577,87.7705
1375736400,87.7705,87.8875,87.324,87.359
1375750800,87.359,88.2265,87.288,88.147
1375765200,88.147,88.5765,88.1185,88.4785
1375779600,88.4785,88.513,87.8445,87.993
1375794000,87.993,88.0335,87.483,87.8295
1375808400,87.8295,87.9145,87.722,87.8265
1375822800,87.8265,87.9305,87.3105,87.3115
1375837200,87.3115,87.353,87.0785,87.19
1375851600,87.19,87.2515,86.412,86.749
1375866000,86.749,86.9695,86.6225,86.683
1375880400,86.683,87.229,86.599,87.0285
1375894800,87.0285,87.035,86.6315,86.7005
1375909200,86.7005,87.438,86.654,87.313
1375923600,87.313,87.856,86.87,87.6935
1375938000,87.6935,87.698,87.039,87.207
1375952400,87.207,87.49,87.1585,87.3365
1375966800,87.3365,87.8865,87.2805,87.88
1375981200,87.88,88.166,87.751,88.0165
1375995600,88.0165,88.34,87.8645,88.094
1376010000,88.094,88.2785,87.792,87.829
1376024400,87.829,88.546,87.829,88.502
1376038800,88.502,88.5305,88.2305,88.25
1376053200,88.25,88.77,88.209,88.6875
1376067600,88.6875,88.773,88.364,88.564
1376254800,88.564,88.6195,88.0645,88.364
1376269200,88.364,89.0365,88.358,88.7705
1376283600,88.7705,88.8715,88.4625,88.518
1376298000,88.518,88.776,88.4235,88.726
1376312400,88.726,88.7765,88.332,88.36
1376326800,88.36,88.6725,88.239,88.652
1376341200,88.652,88.824,88.5155,88.689
1376355600,88.689,88.921,88.524,88.9075
1376370000,88.9075,89.3785,88.8445,89.3725
1376384400,89.3725,89.6505,89.2895,89.3115
1376398800,89.3115,89.477,89.0435,89.422
1376413200,89.422,89.523,89.3325,89.5095
1376427600,89.5095,89.5195,89.2145,89.2945
1376442000,89.2945,89.305,89.0865,89.1995
1376456400,89.1995,89.57,89.198,89.347
1376470800,89.347,89.6625,89.2395,89.5925
1376485200,89.5925,89.8195,89.582,89.721
1376499600,89.721,89.7715,89.52,89.521
1376514000,89.521,89.709,89.29,89.637
1376528400,89.637,89.9955,89.5155,89.638
1376542800,89.638,89.9445,89.4895,89.8905
1376557200,89.8905,90.0765,89.581,89.63
1376571600,89.63,89.664,88.769,89.1585
1376586000,89.1585,89.1875,88.723,89.016
1376600400,89.016,89.0335,88.6255,88.9385
1376614800,88.9385,89.6285,88.9385,89.5275
1376629200,89.5275,89.5335,89.1915,89.3515
1376643600,89.3515,89.65,89.2295,89.476
1376658000,89.476,89.8955,89.407,89.619
1376672400,89.619,89.778,89.501,89.57
1376859600,89.57,90.022,89.57,89.725
1376874000,89.725,90.0395,89.592,89.8715
1376888400,89.8715,90.0305,89.7635,89.7985
1376902800,89.7985,90.131,89.416,89.571
1376917200,89.571,89.798,89.183,89.2715
1376931600,89.2715,89.331,88.841,88.8685
1376946000,88.8685,89.2055,88.8585,88.9475
1376960400,88.9475,89.223,88.231,88.483
1376974800,88.483,88.483,87.597,88.0565
1376989200,88.0565,88.417,87.9935,88.2785
1377003600,88.2785,88.4435,88.1025,88.4255
1377018000,88.4255,88.5155,88.193,88.2345
1377032400,88.2345,88.349,88.117,88.1575
1377046800,88.1575,88.2565,87.6245,88.0965
1377061200,88.0965,88.2835,87.675,87.808
1377075600,87.808,88.1985,87.7595,88.0005
1377090000,88.0005,88.1725,87.8905,88.117
1377104400,88.117,88.47,87.61,87.612
1377118800,87.612,87.886,87.41,87.5625
1377133200,87.5625,88.409,87.533,88.3985
1377147600,88.3985,88.791,88.167,88.665
1377162000,88.665,88.96,88.5055,88.8785
1377176400,88.8785,89.2075,88.8015,88.965
1377190800,88.965,89.089,88.6895,88.9345
1377205200,88.9345,89.2685,88.894,89.126
1377219600,89.126,89.4125,89.105,89.359
1377234000,89.359,89.367,88.9205,89.0155
1377248400,89.0155,89.2275,88.9235,89.087
1377262800,89.087,89.2035,88.896,89.188
1377277200,89.188,89.1925,89.038,89.134
1377464400,89.134,89.2555,88.9495,89.058
1377478800,89.058,89.254,88.921,89.221
1377493200,89.221,89.221,88.909,88.934
1377507600,88.934,89.181,88.719,89.173
1377522000,89.173,89.27,88.966,89.0705
1377536400,89.0705,89.131,88.801,88.9595
1377550800,88.9595,89.009,88.034,88.106
1377565200,88.106,88.4315,88.051,88.1975
1377579600,88.1975,88.2065,87.4225,87.609
1377594000,87.609,87.6505,87.179,87.338
1377608400,87.338,87.456,86.971,87.2115
1377622800,87.2115,87.371,86.933,87.171
1377637200,87.171,87.2755,86.5455,87.117
1377651600,87.117,87.1395,86.472,86.489
1377666000,86.489,87.114,86.47,87.0355
1377680400,87.0355,87.079,86.785,86.984
1377694800,86.984,87.469,86.803,87.348
1377709200,87.348,87.513,87.289,87.2945
1377723600,87.2945,87.6945,87.246,87.661
1377738000,87.661,87.8245,87.3745,87.7235
1377752400,87.7235,87.985,87.606,87.6695
1377766800,87.6695,87.9495,87.551,87.891
1377781200,87.891,88.007,87.705,87.8195
1377795600,87.8195,87.854,87.653,87.825
1377810000,87.825,87.9265,87.5765,87.7905
1377824400,87.7905,87.9395,87.678,87.866
1377838800,87.866,87.8965,87.4985,87.604
1377853200,87.604,87.835,87.5595,87.712
1377867600,87.712,87.7545,87.334,87.4465
1377882000,87.4465,87.496,87.24,87.374
1378069200,87.374,88.196,87.374,88.13
1378083600,88.13,88.5345,88.1135,88.4225
1378098000,88.4225,89.3325,88.3855,89.2175
1378112400,89.2175,89.523,89.2115,89.257
1378126800,89.257,89.309,89.019,89.076
1378141200,89.076,89.3435,89.0455,89.177
1378155600,89.177,89.9415,89.158,89.863
1378170000,89.863,89.88,89.1295,89.7525
1378184400,89.7525,90.0545,89.431,89.4565
1378198800,89.4565,90.0665,89.414,89.9425
1378213200,89.9425,90.506,89.832,89.8535
1378227600,89.8535,90.248,89.741,90.2355
1378242000,90.2355,90.2955,90.035,90.078
1378256400,90.078,90.757,89.992,90.7135
1378270800,90.7135,91.16,90.598,91.044
1378285200,91.044,91.304,90.958,91.0075
1378299600,91.0075,91.5525,90.969,91.408
1378314000,91.408,91.5655,91.294,91.497
1378328400,91.497,91.514,91.291,91.434
1378342800,91.434,91.5805,91.277,91.5165
1378357200,91.5165,91.559,91.1175,91.278
1378371600,91.278,91.4685,91.07,91.2635
1378386000,91.2635,91.5315,91.188,91.3125
1378400400,91.3125,91.4765,91.2475,91.3115
1378414800,91.3115,91.4725,91.1975,91.26
1378429200,91.26,91.277,91.075,91.1695
1378443600,91.1695,91.2605,90.981,91.089
1378458000,91.089,91.566,90.9265,91.2415
1378472400,91.2415,91.337,90.646,91.07
1378486800,91.07,91.2515,90.952,91.045
1378674000,91.045,92.0665,91.045,91.5325
1378688400,91.5325,91.768,91.3225,91.6895
1378702800,91.6895,91.7445,91.432,91.672
1378717200,91.672,91.682,91.4595,91.5635
1378731600,91.5635,91.9955,91.547,91.9055
1378746000,91.9055,92.0115,91.851,91.8875
1378760400,91.8875,92.1895,91.8595,92.1055
1378774800,92.1055,92.3455,91.9865,92.3
1378789200,92.3,92.635,92.2645,92.6135
1378803600,92.6135,93.2025,92.6,93.137
1378818000,93.137,93.5485,93.048,93.3005
1378832400,93.3005,93.5765,93.264,93.4845
1378846800,93.4845,93.529,93.177,93.2965
1378861200,93.2965,93.5635,93.0245,93.281
1378875600,93.281,93.426,93.0145,93.3755
1378890000,93.3755,93.397,93.0015,93.132
1378904400,93.132,93.2585,92.937,93.1985
1378918800,93.1985,93.3775,93.095,93.1845
1378933200,93.1845,93.257,93.0615,93.151
1378947600,93.151,93.265,92.0275,92.112
1378962000,92.112,92.1465,91.7745,92.019
1378976400,92.019,92.133,91.727,92.015
1378990800,92.015,92.0325,91.738,91.8945
1379005200,91.8945,92.299,91.8735,92.2795
1379019600,92.2795,92.3475,92.111,92.346
1379034000,92.346,92.4865,92.0495,92.1535
1379048400,92.1535,92.364,92.0945,92.162
1379062800,92.162,92.236,91.92,92.1055
1379077200,92.1055,92.203,91.689,91.7985
1379091600,91.7985,91.8955,91.697,91.869
1379278800,91.869,92.803,91.869,92.295
1379293200,92.295,92.369,92.1915,92.261
1379307600,92.261,92.579,92.173,92.567
1379322000,92.567,92.815,92.4775,92.6125
1379336400,92.6125,92.6475,92.2615,92.321
1379350800,92.321,92.4265,92.262,92.3185
1379365200,92.3185,92.4265,92.2515,92.262
1379379600,92.262,92.66,92.123,92.2865
1379394000,92.2865,92.5805,92.2475,92.559
1379408400,92.559,92.811,92.4485,92.681
1379422800,92.681,92.974,92.681,92.81
1379437200,92.81,92.852,92.709,92.7395
1379451600,92.7395,92.7995,92.5885,92.6845
1379466000,92.6845,92.81,92.674,92.7585
1379480400,92.7585,92.9335,92.5,92.514
1379494800,92.514,92.6605,92.48,92.4955
1379509200,92.4955,92.709,92.4195,92.7035
1379523600,92.7035,93.3795,92.47,93.227
1379538000,93.227,93.3575,93.058,93.1805
1379552400,93.1805,93.492,93.115,93.298
1379566800,93.298,94.062,93.17,94.0035
1379581200,94.0035,94.302,93.908,94.2115
1379595600,94.2115,94.4485,93.7325,93.8935
1379610000,93.8935,93.9805,93.6,93.8515
1379624400,93.8515,94.0925,93.7565,94.0105
1379638800,94.0105,94.104,93.684,93.739
1379653200,93.739,93.9965,93.611,93.7195
1379667600,93.7195,93.8105,93.599,93.7545
1379682000,93.7545,93.7885,93.3555,93.485
1379696400,93.485,93.704,93.268,93.295
1379883600,93.295,93.3895,92.9495,93.069
1379898000,93.069,93.581,93.024,93.4145
1379912400,93.4145,93.495,93.132,93.2705
1379926800,93.2705,93.445,93.0715,93.2
1379941200,93.2,93.414,93.1455,93.406
1379955600,93.406,93.445,93.179,93.224
1379970000,93.224,93.224,92.8065,92.8435
1379984400,92.8435,93.068,92.78,93.045
1379998800,93.045,93.3875,92.925,92.9545
1380013200,92.9545,92.971,92.5375,92.639
1380027600,92.639,93.013,92.244,92.9305
1380042000,92.9305,93.1085,92.665,92.733
1380056400,92.733,92.776,92.515,92.5765
1380070800,92.5765,92.6775,92.402,92.538
1380085200,92.538,92.566,91.9195,92.025
1380099600,92.025,92.519,91.9955,92.4755
1380114000,92.4755,92.635,92.291,92.4855
1380128400,92.4855,92.53,92.1515,92.2055
1380142800,92.2055,92.3045,92.1085,92.165
1380157200,92.165,92.717,92.0505,92.554
1380171600,92.554,93.0185,92.55,92.749
1380186000,92.749,92.803,92.412,92.7415
1380200400,92.7415,92.8795,92.445,92.573
1380214800,92.573,92.72,92.3335,92.7045
1380229200,92.7045,92.752,92.5015,92.726
1380243600,92.726,92.775,92.1575,92.2215
1380258000,92.2215,92.4095,91.966,92.027
1380272400,92.027,92.077,91.5635,91.6505
1380286800,91.6505,91.7535,91.384,91.632
1380301200,91.632,91.635,91.413,91.5395
1380488400,91.5395,91.5395,90.786,90.857
1380502800,90.857,91.304,90.7375,91.1705
1380517200,91.1705,91.3825,90.889,91.281
1380531600,91.281,91.387,90.892,91.134
1380546000,91.134,91.8775,91.0945,91.7025
1380560400,91.7025,91.9025,91.5095,91.5605
1380574800,91.5605,91.817,91.383,91.4625
1380589200,91.4625,92.176,91.4585,92.1515
1380603600,92.1515,92.397,92.056,92.2795
1380618000,92.2795,92.3935,91.8665,92.065
1380632400,92.065,92.314,91.8805,92.0965
1380646800,92.0965,92.1585,91.837,92.102
1380661200,92.102,92.248,91.954,92.082
1380675600,92.082,92.1565,91.4995,91.5835
1380690000,91.5835,91.65,90.8575,90.9305
1380704400,90.9305,91.241,90.8735,90.974
1380718800,90.974,91.353,90.7995,91.324
1380733200,91.324,91.461,91.242,91.3695
1380747600,91.3695,91.497,91.111,91.342
1380762000,91.342,91.8075,91.282,91.7235
1380776400,91.7235,91.88,91.65,91.779
1380790800,91.779,91.8675,91.5925,91.7245
1380805200,91.7245,91.763,90.936,91.332
1380819600,91.332,91.538,91.28,91.372
1380834000,91.372,91.697,91.29,91.5195
1380848400,91.5195,91.8125,91.4105,91.7725
1380862800,91.7725,91.7785,91.536,91.6755
1380877200,91.6755,91.743,91.533,91.608
1380891600,91.608,92.028,91.4755,91.8345
1380906000,91.8345,91.997,91.7925,91.9505
1381093200,91.9505,91.9505,91.6855,91.8245
1381107600,91.8245,91.841,91.436,91.48
1381122000,91.48,91.5635,90.993,91.1315
1381136400,91.1315,91.3225,91.068,91.167
1381150800,91.167,91.633,91.0865,91.462
1381165200,91.462,91.5285,91.154,91.1825
1381179600,91.1825,91.417,91.0465,91.294
1381194000,91.294,91.6275,91.095,91.562
1381208400,91.562,91.814,91.483,91.6455
1381222800,91.6455,92.2065,91.5775,92.117
1381237200,92.117,92.125,91.345,91.4295
1381251600,91.4295,91.6025,91.251,91.301
1381266000,91.301,91.717,91.2,91.5755
1381280400,91.5755,91.9155,91.4725,91.805
1381294800,91.805,92.032,91.787,91.989
1381309200,91.989,92.1225,91.93,92.018
1381323600,92.018,92.0985,91.5725,91.659
1381338000,91.659,92.146,91.6535,91.9395
1381352400,91.9395,92.4015,91.898,92.2205
1381366800,92.2205,92.245,91.7965,91.8965
1381381200,91.8965,92.326,91.8135,92.2885
1381395600,92.2885,92.4315,92.1395,92.403
1381410000,92.403,92.911,92.403,92.809
1381424400,92.809,93.013,92.7345,92.7815
1381438800,92.7815,93.0505,92.438,92.923
1381453200,92.923,93.4445,92.904,93.1975
1381467600,93.1975,93.3365,93.0345,93.075
1381482000,93.075,93.3035,92.9405,92.957
1381496400,92.957,93.3595,92.806,93.252
1381510800,93.252,93.3495,93.154,93.3215
1381698000,93.3215,93.3215,92.541,92.779
1381712400,92.779,93.106,92.728,93.0495
1381726800,93.0495,93.1065,92.8985,93.09
1381741200,93.09,93.1555,92.979,93.006
1381755600,93.006,93.1955,92.9315,93.1905
1381770000,93.1905,93.676,93.158,93.5255
1381784400,93.5255,93.9475,93.5175,93.876
1381798800,93.876,93.9495,93.7325,93.8605
1381813200,93.8605,94.0055,93.78,93.998
1381827600,93.998,94.1065,93.7265,93.844
1381842000,93.844,94.08,93.75,93.8805
1381856400,93.8805,93.891,93.259,93.509
1381870800,93.509,94.123,93.2675,93.912
1381885200,93.912,94.0035,93.484,93.8495
1381899600,93.8495,93.8985,93.6595,93.8
1381914000,93.8,93.928,93.66,93.9255
1381928400,93.9255,94.317,93.9185,94.243
1381942800,94.243,94.408,94.1755,94.3345
1381957200,94.3345,94.4945,94.2985,94.3695
1381971600,94.3695,94.4865,93.95,94.028
1381986000,94.028,94.0685,93.781,93.967
1382000400,93.967,94.2745,93.903,94.154
1382014800,94.154,94.4185,94.0495,94.375
1382029200,94.375,94.379,94.2115,94.345
1382043600,94.345,94.4445,94.118,94.426
1382058000,94.426,94.498,94.1555,94.2605
1382072400,94.2605,94.567,94.259,94.418
1382086800,94.418,94.483,94.3335,94.4405
1382101200,94.4405,94.628,94.3825,94.611
1382115600,94.611,94.676,94.5605,94.5905
1382302800,94.5905,94.768,94.485,94.556
1382317200,94.556,94.846,94.4805,94.767
1382331600,94.767,94.9575,94.6855,94.8735
1382346000,94.8735,94.955,94.806,94.818
1382360400,94.818,94.9675,94.7635,94.811
1382374800,94.811,94.8505,94.7145,94.7765
1382389200,94.7765,94.8425,94.7055,94.7375
1382403600,94.7375,94.9055,94.7375,94.8485
1382418000,94.8485,95.0215,94.835,94.9795
1382432400,94.9795,95.1995,94.609,95.197
1382446800,95.197,95.684,95.1125,95.185
1382461200,95.185,95.3245,95.1205,95.272
1382475600,95.272,95.6795,95.1755,95.507
1382490000,95.507,95.665,93.7725,94.071
1382504400,94.071,94.2075,93.491,93.5985
1382518800,93.5985,93.938,93.433,93.863
1382533200,93.863,93.871,93.4315,93.657
1382547600,93.657,93.7765,93.5125,93.714
1382562000,93.714,93.99,93.5135,93.7275
1382576400,93.7275,94.211,93.5215,93.9615
1382590800,93.9615,94.36,93.594,93.6225
1382605200,93.6225,93.8225,93.329,93.329
1382619600,93.329,93.6215,93.179,93.6035
1382634000,93.6035,93.6905,93.5095,93.614
1382648400,93.614,93.7115,93.2215,93.352
1382662800,93.352,93.6535,93.148,93.2935
1382677200,93.2935,93.4165,92.9995,93.1205
1382691600,93.1205,93.438,93.0745,93.426
1382706000,93.426,93.5185,93.2775,93.356
1382720400,93.356,93.4075,93.2835,93.3625
1382907600,93.3625,93.748,93.3625,93.688
1382922000,93.688,93.831,93.564,93.77
1382936400,93.77,93.8235,93.6805,93.805
1382950800,93.805,93.978,93.5845,93.589
1382965200,93.589,93.6305,93.4155,93.542
1382979600,93.542,93.5875,93.4595,93.505
1382994000,93.505,93.544,92.7995,92.826
1383008400,92.826,93.2245,92.667,92.8365
1383022800,92.8365,92.895,92.671,92.821
1383037200,92.821,93.081,92.76,92.9715
1383051600,92.9715,93.269,92.9185,93.113
1383066000,93.113,93.1315,92.997,93.072
1383080400,93.072,93.15,92.956,92.9745
1383094800,92.9745,93.106,92.8535,93.061
1383109200,93.061,93.476,93.0015,93.4275
1383123600,93.4275,93.4965,93.22,93.348
1383138000,93.348,93.377,93.105,93.2745
1383152400,93.2745,93.517,93.0275,93.422
1383166800,93.422,93.5385,93.1815,93.4855
1383181200,93.4855,93.6125,93.331,93.3935
1383195600,93.3935,93.446,93.1625,93.391
1383210000,93.391,93.5315,93.3265,93.3745
1383224400,93.3745,93.4305,92.822,92.9185
1383238800,92.9185,93.1715,92.9155,93.0055
1383253200,93.0055,93.096,92.868,93.047
1383267600,93.047,93.1215,92.74,92.7875
1383282000,92.7875,93.0975,92.754,93.0935
1383296400,93.0935,93.255,92.9605,93.1695
1383310800,93.1695,93.374,93.0795,93.246
1383325200,93.246,93.251,93.1035,93.1165
1383516000,93.1165,93.7135,93.1165,93.6485
1383530400,93.6485,93.7365,93.569,93.6695
1383544800,93.6695,93.752,93.624,93.6675
1383559200,93.6675,93.8325,93.6215,93.7075
1383573600,93.7075,93.824,93.6205,93.8075
1383588000,93.8075,93.8495,93.6815,93.781
1383602400,93.781,93.869,93.405,93.405
1383616800,93.405,93.4895,93.137,93.3455
1383631200,93.3455,93.387,92.984,93.1265
1383645600,93.1265,93.731,93.1035,93.5025
1383660000,93.5025,93.6455,93.369,93.487
1383674400,93.487,93.7065,93.483,93.6505
1383688800,93.6505,93.722,93.395,93.451
1383703200,93.451,94.051,93.4395,93.8925
1383717600,93.8925,94.0275,93.6505,94.0095
1383732000,94.0095,94.0575,93.8625,93.9715
1383746400,93.9715,94.1635,93.807,93.931
1383760800,93.931,94.102,93.898,93.9885
1383775200,93.9885,94.027,93.3835,93.4095
1383789600,93.4095,93.5515,93.3675,93.498
1383804000,93.498,93.706,93.399,93.685
1383818400,93.685,94.0595,93.6295,93.993
1383832800,93.993,94.0905,93.1,93.224
1383847200,93.224,93.2485,92.341,92.752
1383861600,92.752,92.9625,92.594,92.867
1383876000,92.867,93.1235,92.679,92.893
1383890400,92.893,92.9935,92.787,92.9235
1383904800,92.9235,93.146,92.614,92.7035
1383919200,92.7035,92.987,92.5805,92.938
1383933600,92.938,93.057,92.8625,92.9575
1384120800,92.9575,93.1445,92.835,92.893
1384135200,92.893,92.9605,92.8285,92.8695
1384149600,92.8695,92.9345,92.7765,92.827
1384164000,92.827,92.919,92.76,92.846
1384178400,92.846,92.9525,92.7375,92.7375
1384192800,92.7375,92.8805,92.7335,92.805
1384207200,92.805,93.0435,92.664,92.933
1384221600,92.933,92.9565,92.8235,92.9065
1384236000,92.9065,93.0835,92.898,92.9615
1384250400,92.9615,93.063,92.8415,92.892
1384264800,92.892,92.9865,92.3625,92.52
1384279200,92.52,92.76,92.495,92.6845
1384293600,92.6845,92.8035,92.5055,92.657
1384308000,92.657,92.676,92.502,92.5535
1384322400,92.5535,92.6655,92.31,92.411
1384336800,92.411,92.7015,92.3995,92.528
1384351200,92.528,92.7005,92.422,92.7005
1384365600,92.7005,92.9005,92.59,92.8945
1384380000,92.8945,93.23,92.7275,93.041
1384394400,93.041,93.274,93.024,93.181
1384408800,93.181,93.234,92.9175,92.954
1384423200,92.954,93.0025,92.7445,92.961
1384437600,92.961,93.2205,92.8835,93.177
1384452000,93.177,93.292,93.143,93.1695
1384466400,93.1695,93.63,93.134,93.5735
1384480800,93.5735,93.7845,93.448,93.467
1384495200,93.467,93.6,93.32,93.5205
1384509600,93.5205,93.796,93.499,93.6345
1384524000,93.6345,94.006,93.628,93.848
1384538400,93.848,93.9465,93.7835,93.868
1384725600,93.868,94.0545,93.8385,93.9645
1384740000,93.9645,94.155,93.9315,94.0885
1384754400,94.0885,94.199,93.972,94.055
1384768800,94.055,94.1585,93.9805,94.0325
1384783200,94.0325,94.1325,93.83,93.991
1384797600,93.991,94.074,93.474,93.768
1384812000,93.768,93.7715,93.3235,93.3265
1384826400,93.3265,93.81,93.3265,93.7635
1384840800,93.7635,94.298,93.722,93.9765
1384855200,93.9765,94.2185,93.9025,94.1815
1384869600,94.1815,94.4555,94.09,94.3325
1384884000,94.3325,94.4775,94.203,94.4765
1384898400,94.4765,94.6155,94.171,94.235
1384912800,94.235,94.2735,93.932,93.965
1384927200,93.965,94.0745,93.768,94.006
1384941600,94.006,94.054,93.679,93.7815
1384956000,93.7815,93.9435,93.6345,93.7935
1384970400,93.7935,93.8375,93.098,93.378
1384984800,93.378,93.7235,93.2815,93.4525
1384999200,93.4525,93.517,93.2875,93.517
1385013600,93.517,93.763,93.288,93.5635
1385028000,93.5635,93.58,93.2995,93.341
1385042400,93.341,93.482,93.2245,93.3355
1385056800,93.3355,93.421,92.929,93.414
1385071200,93.414,93.5555,93.2465,93.503
1385085600,93.503,93.5185,92.6605,92.765
1385100000,92.765,93.02,92.708,92.8175
1385114400,92.8175,92.9385,92.5475,92.6175
1385128800,92.6175,92.8345,92.5405,92.6805
1385143200,92.6805,92.9715,92.6135,92.8955
1385330400,92.8955,93.3415,92.772,93.11
1385344800,93.11,93.2295,92.955,93.002
1385359200,93.002,93.1375,92.8705,93.0465
1385373600,93.0465,93.34,93.033,93.2015
1385388000,93.2015,93.254,92.99,93.1225
1385402400,93.1225,93.1905,92.916,93.139
1385416800,93.139,93.4265,93.0045,93.3705
1385431200,93.3705,93.386,93.108,93.26
1385445600,93.26,93.3835,92.6985,92.7545
1385460000,92.7545,92.769,92.3335,92.43
1385474400,92.43,92.556,92.249,92.317
1385488800,92.317,92.519,92.2505,92.4405
1385503200,92.4405,92.52,92.2775,92.397
1385517600,92.397,92.758,92.2735,92.577
1385532000,92.577,92.861,92.516,92.787
1385546400,92.787,92.9825,92.5435,92.5905
1385560800,92.5905,92.7985,92.3525,92.64
1385575200,92.64,92.7865,92.589,92.755
1385589600,92.755,93.2145,92.7505,93.1725
1385604000,93.1725,93.2365,93.008,93.211
1385618400,93.211,93.3755,93.1265,93.3545
1385632800,93.3545,93.5095,93.0825,93.124
1385647200,93.124,93.124,92.9035,93.1105
1385661600,93.1105,93.2265,93.055,93.1295
1385676000,93.1295,93.2175,92.7465,92.9825
1385690400,92.9825,93.1045,92.8695,93.086
1385704800,93.086,93.2825,92.8825,93.1765
1385719200,93.1765,93.3135,92.9985,93.1555
1385733600,93.1555,93.579,93.0875,93.2275
1385748000,93.2275,93.3985,93.206,93.283
1385935200,93.283,93.7115,93.283,93.687
1385949600,93.687,93.819,93.539,93.798
1385964000,93.798,93.9785,93.7445,93.8945
1385978400,93.8945,94.0245,93.7535,93.8585
1385992800,93.8585,93.949,93.69,93.811
1386007200,93.811,93.8595,93.71,93.732
1386021600,93.732,94.011,93.6535,93.7355
1386036000,93.7355,93.9235,93.4945,93.605
1386050400,93.605,93.9775,93.561,93.7545
1386064800,93.7545,93.772,93.4925,93.5125
1386079200,93.5125,93.732,93.287,93.383
1386093600,93.383,93.6845,93.13,93.6645
1386108000,93.6645,93.7145,92.524,92.6615
1386122400,92.6615,93.0325,92.646,92.8735
1386136800,92.8735,92.976,92.479,92.5235
1386151200,92.5235,92.663,92.4,92.5505
1386165600,92.5505,92.6555,91.992,92.0925
1386180000,92.0925,92.4795,91.7885,92.418
1386194400,92.418,92.547,92.27,92.4425
1386208800,92.4425,92.625,92.188,92.231
1386223200,92.231,92.383,91.9875,92.0615
1386237600,92.0615,92.442,91.936,92.125
1386252000,92.125,92.413,91.913,92.2565
1386266400,92.2565,92.3335,92.1255,92.255
1386280800,92.255,92.361,92.1015,92.231
1386295200,92.231,92.471,92.2145,92.4305
1386309600,92.4305,92.596,92.3905,92.558
1386324000,92.558,93.1785,92.206,93.1075
1386338400,93.1075,93.615,93.068,93.606
1386352800,93.606,93.7065,93.51,93.658
1386540000,93.658,94.155,93.658,94.0085
1386554400,94.0085,94.012,93.6645,93.729
1386568800,93.729,93.73,93.551,93.6235
1386583200,93.6235,93.696,93.506,93.6155
1386597600,93.6155,93.9115,93.579,93.8955
1386612000,93.8955,94.109,93.851,94.1055
1386626400,94.1055,94.148,93.746,93.997
1386640800,93.997,94.092,93.9625,94.047
1386655200,94.047,94.0795,93.6695,93.9935
1386669600,93.9935,94.148,93.85,93.973
1386684000,93.973,94.2185,93.875,94.155
1386698400,94.155,94.2295,94.018,94.111
1386712800,94.111,94.143,93.885,93.9505
1386727200,93.9505,93.9605,93.687,93.822
1386741600,93.822,93.8535,93.3835,93.4555
1386756000,93.4555,93.537,93.3305,93.5075
1386770400,93.5075,93.513,92.639,92.8155
1386784800,92.8155,93.1115,92.6745,92.696
1386799200,92.696,93.0725,92.48,92.693
1386813600,92.693,92.717,92.3765,92.6095
1386828000,92.6095,93.271,92.5845,93.0725
1386842400,93.0725,93.128,92.142,92.4075
1386856800,92.4075,92.4215,91.794,92.076
1386871200,92.076,92.411,92.071,92.3805
1386885600,92.3805,92.689,92.2825,92.643
1386900000,92.643,92.9465,92.5775,92.592
1386914400,92.592,92.6995,92.462,92.462
1386928800,92.462,92.5405,92.2265,92.2305
1386943200,92.2305,92.5765,92.075,92.4835
1386957600,92.4835,92.6415,92.284,92.5345
1387144800,92.5345,92.5645,91.963,92.069
1387159200,92.069,92.263,91.821,92.0115
1387173600,92.0115,92.3525,91.927,92.0795
1387188000,92.0795,92.155,91.9705,92.1325
1387202400,92.1325,92.352,92.072,92.2415
1387216800,92.2415,92.284,92.1025,92.1775
1387231200,92.1775,92.3015,92.011,92.244
1387245600,92.244,92.2845,92.0095,92.1705
1387260000,92.1705,92.1745,91.9525,92.0205
1387274400,92.0205,92.0425,91.778,91.7825
1387288800,91.7825,91.806,91.2245,91.3865
1387303200,91.3865,91.442,91.2325,91.3645
1387317600,91.3645,91.849,91.2775,91.7635
1387332000,91.7635,91.849,91.582,91.7025
1387346400,91.7025,91.839,91.61,91.645
1387360800,91.645,91.8415,91.6165,91.7565
1387375200,91.7565,91.8945,91.5415,91.634
1387389600,91.634,92.529,91.045,92.4035
1387404000,92.4035,92.463,92.05,92.0575
1387418400,92.0575,92.102,91.7055,92.0875
1387432800,92.0875,92.1755,91.882,92.1285
1387447200,92.1285,92.3695,92.08,92.089
1387461600,92.089,92.308,92.0365,92.267
1387476000,92.267,92.4385,92.1925,92.419
1387490400,92.419,92.722,92.2855,92.629
1387504800,92.629,92.7165,92.5495,92.7165
1387519200,92.7165,92.7945,92.5275,92.6225
1387533600,92.6225,92.8815,92.4855,92.738
1387548000,92.738,93.0155,92.696,92.822
1387562400,92.822,92.945,92.766,92.864
1387749600,92.864,92.951,92.7775,92.857
1387764000,92.857,93.0735,92.8235,93.055
1387778400,93.055,93.0665,92.803,92.8745
1387792800,92.8745,93.003,92.793,92.9095
1387807200,92.9095,93.062,92.841,92.9905
1387821600,92.9905,93.089,92.9195,93.0085
1387836000,93.0085,93.1245,92.95,93.055
1387850400,93.055,93.1045,92.86,92.8815
1387864800,92.8815,93.109,92.7995,93.055
1387879200,93.055,93.154,93.0085,93.049
1387893600,93.049,93.097,92.9605,93.048
1387908000,93.048,93.048,93.0465,93.0465
1388008800,93.0465,93.4255,93.0465,93.127
1388023200,93.127,93.171,93.0115,93.0595
1388037600,93.0595,93.2005,93.0135,93.16
1388052000,93.16,93.1625,93.0435,93.0965
1388066400,93.0965,93.1215,92.9655,93.0475
1388080800,93.0475,93.3005,93.035,93.225
1388095200,93.225,93.317,93.024,93.142
1388109600,93.142,93.3375,93.044,93.319
1388124000,93.319,93.49,93.261,93.4175
1388138400,93.4175,93.53,93.3185,93.503
1388152800,93.503,93.5485,93.2275,93.3165
1388167200,93.3165,93.334,93.143,93.2315
1388354400,93.2315,93.297,93.078,93.135
1388368800,93.135,93.318,93.1075,93.195
1388383200,93.195,93.283,93.0885,93.2635
1388397600,93.2635,93.472,93.2325,93.411
1388412000,93.411,93.772,93.3795,93.6805
1388426400,93.6805,93.742,93.56,93.5735
1388440800,93.5735,93.6475,93.4405,93.6025
1388455200,93.6025,93.9315,93.5415,93.846
1388469600,93.846,93.851,93.572,93.614
1388484000,93.614,93.8755,93.5365,93.7475
1388498400,93.7475,94.076,93.7355,93.9405
1388512800,93.9405,93.944,93.9405,93.944
1388613600,93.944,93.944,93.493,93.757
1388628000,93.757,93.973,93.688,93.8635
1388642400,93.8635,93.9125,93.5785,93.705
1388656800,93.705,93.7335,93.185,93.2265
1388671200,93.2265,93.8045,93.152,93.4785
1388685600,93.4785,93.482,93.1915,93.3945
1388700000,93.3945,93.4215,93.161,93.1955
1388714400,93.1955,93.653,92.8985,93.5255
1388728800,93.5255,93.8295,93.4435,93.8065
1388743200,93.8065,94.0415,93.759,94.0025
1388757600,94.0025,94.0035,93.7375,93.839
1388772000,93.839,93.9255,93.638,93.8005
1388959200,93.8005,94.0765,93.384,93.4685
1388973600,93.4685,93.541,93.261,93.2865
1388988000,93.2865,93.6635,93.2545,93.614
1389002400,93.614,93.727,93.5115,93.6285
1389016800,93.6285,93.8265,93.199,93.303
1389031200,93.303,93.5475,93.246,93.4585
1389045600,93.4585,93.5425,93.095,93.135
1389060000,93.135,93.459,93.127,93.259
1389074400,93.259,93.2865,92.9925,93.065
1389088800,93.065,93.3655,93.0545,93.169
1389103200,93.169,93.3775,93.125,93.2295
1389117600,93.2295,93.429,93.1745,93.3795
1389132000,93.3795,93.5845,93.2255,93.5325
1389146400,93.5325,93.7545,93.4815,93.711
1389160800,93.711,93.758,93.541,93.6105
1389175200,93.6105,93.7645,93.427,93.625
1389189600,93.625,93.8305,93.361,93.443
1389204000,93.443,93.621,93.285,93.333
1389218400,93.333,93.431,93.071,93.299
1389232800,93.299,93.3065,93.0455,93.083
1389247200,93.083,93.2925,93.0245,93.1905
1389261600,93.1905,93.288,93.1045,93.1735
1389276000,93.1735,93.3445,92.938,93.18
1389290400,93.18,93.322,93.0475,93.2745
1389304800,93.2745,93.3255,93.0705,93.302
1389319200,93.302,93.4625,93.225,93.4265
1389333600,93.4265,93.4855,93.295,93.358
1389348000,93.358,93.638,93.039,93.2285
1389362400,93.2285,93.613,93.2085,93.5485
1389376800,93.5485,93.721,93.479,93.703
1389564000,93.703,93.724,93.3625,93.4795
1389578400,93.4795,93.481,93.275,93.406
1389592800,93.406,93.534,93.3535,93.486
1389607200,93.486,93.857,93.4645,93.572
1389621600,93.572,93.7455,93.3795,93.426
1389636000,93.426,93.46,93.1895,93.2535
1389650400,93.2535,93.381,93.205,93.3365
1389664800,93.3365,93.5615,93.293,93.3715
1389679200,93.3715,93.5115,93.301,93.3545
1389693600,93.3545,93.429,93.13,93.228
1389708000,93.228,93.3585,92.976,93.276
1389722400,93.276,93.4495,93.197,93.4345
1389736800,93.4345,93.4395,93.217,93.275
1389751200,93.275,93.294,93.0565,93.138
1389765600,93.138,93.187,92.7355,92.8315
1389780000,92.8315,93.1795,92.765,93.1315
1389794400,93.1315,93.3355,93.031,93.2385
1389808800,93.2385,93.277,93.1645,93.224
1389823200,93.224,93.268,92.198,92.2405
1389837600,92.2405,92.4495,92.171,92.3035
1389852000,92.3035,92.3085,91.939,92.113
1389866400,92.113,92.143,91.8045,91.886
1389880800,91.886,91.963,91.628,91.9585
1389895200,91.9585,92.0625,91.889,92.0425
1389909600,92.0425,92.1435,91.894,91.986
1389924000,91.986,92.106,91.7715,91.997
1389938400,91.997,92.004,91.6985,91.767
1389952800,91.767,91.939,91.6675,91.717
1389967200,91.717,91.718,91.4515,91.47
1389981600,91.47,91.648,91.4085,91.6095
1390168800,91.6095,91.6095,91.055,91.2685
1390183200,91.2685,91.631,91.2335,91.3745
1390197600,91.3745,91.8615,91.3665,91.7985
1390212000,91.7985,91.869,91.5975,91.6065
1390226400,91.6065,91.7145,91.5485,91.6315
1390240800,91.6315,91.803,91.601,91.7925
1390255200,91.7925,92.3295,91.712,92.311
1390269600,92.311,92.438,92.178,92.194
1390284000,92.194,92.299,91.829,91.9165
1390298400,91.9165,92.067,91.8435,92.0345
1390312800,92.0345,92.1,91.549,91.7145
1390327200,91.7145,91.97,91.664,91.8475
1390341600,91.8475,92.486,91.688,92.444
1390356000,92.444,92.695,92.203,92.558
1390370400,92.558,92.695,92.4885,92.632
1390384800,92.632,92.6765,92.486,92.6115
1390399200,92.6115,92.6565,92.1765,92.376
1390413600,92.376,92.582,92.339,92.518
1390428000,92.518,92.619,91.984,91.9935
1390442400,91.9935,92.1155,91.7185,91.8985
1390456800,91.8985,91.9615,91.4835,91.8615
1390471200,91.8615,91.8945,91.2105,91.2105
1390485600,91.2105,91.2645,90.31,90.52
1390500000,90.52,90.618,90.238,90.533
1390514400,90.533,90.8705,90.397,90.793
1390528800,90.793,90.828,89.6835,89.924
1390543200,89.924,90.171,89.275,89.3705
1390557600,89.3705,89.555,88.5405,89.2895
1390572000,89.2895,89.382,88.759,89.177
1390586400,89.177,89.319,88.779,88.912
1390773600,88.912,89.05,88.45,88.854
1390788000,88.854,89.531,88.854,89.316
1390802400,89.316,89.736,89.128,89.338
1390816800,89.338,90.08,89.222,89.832
1390831200,89.832,89.88,89.1775,89.383
1390845600,89.383,90.0375,89.3455,89.6215
1390860000,89.6215,90.0375,89.543,89.879
1390874400,89.879,90.3025,89.7915,90.1055
1390888800,90.1055,90.9725,89.9425,90.701
1390903200,90.701,90.8655,90.329,90.419
1390917600,90.419,90.4975,90.0985,90.3505
1390932000,90.3505,90.4035,90.1815,90.3715
1390946400,90.3715,91.1175,90.363,90.9255
1390960800,90.9255,91.0015,90.7825,90.96
1390975200,90.96,90.9845,90.07,90.339
1390989600,90.339,90.365,89.295,89.3475
1391004000,89.3475,89.6945,89.1115,89.52
1391018400,89.52,89.697,89.0305,89.3925
1391032800,89.3925,89.531,88.9765,89.137
1391047200,89.137,89.529,89.071,89.4745
1391061600,89.4745,89.5405,89.2815,89.3215
1391076000,89.3215,90.3425,89.313,90.3405
1391090400,90.3405,90.461,89.928,90.215
1391104800,90.215,90.3605,90.0135,90.3355
1391119200,90.3355,90.733,90.1955,90.4395
1391133600,90.4395,90.4475,89.589,89.902
1391148000,89.902,90.1335,89.7165,89.791
1391162400,89.791,89.841,88.894,89.021
1391176800,89.021,89.562,88.859,89.44
1391191200,89.44,89.623,89.243,89.2785
1391378400,89.2785,89.7465,89.2785,89.5865
1391392800,89.5865,89.691,89.452,89.4585
1391407200,89.4585,89.709,89.212,89.583
1391421600,89.583,89.8415,89.384,89.626
1391436000,89.626,89.7585,88.6285,88.7965
1391450400,88.7965,88.818,88.2425,88.3785
1391464800,88.3785,88.572,88.2635,88.506
1391479200,88.506,90.0635,88.4985,89.5145
1391493600,89.5145,90.322,89.3695,90.311
1391508000,90.311,90.362,89.837,90.2625
1391522400,90.2625,90.9035,90.1685,90.815
1391536800,90.815,90.8905,90.6885,90.719
1391551200,90.719,90.799,90.2275,90.235
1391565600,90.235,90.308,89.9025,90.205
1391580000,90.205,90.458,89.833,90.3595
1391594400,90.3595,90.445,89.9415,90.236
1391608800,90.236,90.4905,90.0745,90.367
1391623200,90.367,90.5275,90.225,90.4005
1391637600,90.4005,91.266,90.3995,90.9665
1391652000,90.9665,91.1265,90.863,90.8795
1391666400,90.8795,91.054,90.629,90.8665
1391680800,90.8665,91.1285,90.632,90.853
1391695200,90.853,91.5265,90.7945,91.4625
1391709600,91.4625,91.6505,91.397,91.476
1391724000,91.476,91.5525,90.968,91.16
1391738400,91.16,91.306,91.0735,91.2665
1391752800,91.2665,91.473,91.1545,91.363
1391767200,91.363,91.852,90.91,91.8015
1391781600,91.8015,91.8675,91.3605,91.614
1391796000,91.614,91.8015,91.5945,91.6865
1391983200,91.6865,91.8745,91.523,91.739
1391997600,91.739,91.7465,91.4205,91.514
1392012000,91.514,91.537,90.93,91.2395
1392026400,91.2395,91.3635,91.1105,91.332
1392040800,91.332,91.4475,91.1785,91.43
1392055200,91.43,91.5405,91.335,91.5085
1392069600,91.5085,92.067,91.343,91.888
1392084000,91.888,92.1735,91.8395,92.135
1392098400,92.135,92.5285,92.0395,92.4725
1392112800,92.4725,92.558,92.158,92.1695
1392127200,92.1695,92.9035,91.9705,92.7755
1392141600,92.7755,92.8455,92.6935,92.763
1392156000,92.763,92.763,92.303,92.5205
1392170400,92.5205,92.979,92.48,92.873
1392184800,92.873,92.97,92.709,92.7525
1392199200,92.7525,92.7595,92.3775,92.469
1392213600,92.469,92.805,92.4505,92.4705
1392228000,92.4705,92.6705,92.4445,92.553
1392242400,92.553,92.5595,91.3245,91.3435
1392256800,91.3435,91.5445,91.1235,91.1685
1392271200,91.1685,91.5265,91.136,91.3665
1392285600,91.3665,91.4865,91.12,91.331
1392300000,91.331,91.874,91.1955,91.8655
1392314400,91.8655,92,91.725,91.735
1392328800,91.735,92.3015,91.611,91.989
1392343200,91.989,92.085,91.3325,91.423
1392357600,91.423,92.147,91.385,92.013
1392372000,92.013,92.055,91.7935,91.904
1392386400,91.904,92.023,91.795,91.9325
1392400800,91.9325,92.0815,91.9065,91.9815
1392588000,91.9815,92.1825,91.683,92.119
1392602400,92.119,92.126,91.876,92.0195
1392616800,92.0195,92.144,91.8825,92.03
1392631200,92.03,92.143,91.9335,92.041
1392645600,92.041,92.1035,91.9635,91.9885
1392660000,91.9885,92.0935,91.9875,92.056
1392674400,92.056,92.764,92.013,92.456
1392688800,92.456,92.985,92.282,92.823
1392703200,92.823,92.877,92.17,92.2495
1392717600,92.2495,92.6115,92.2285,92.528
1392732000,92.528,92.581,92.341,92.5405
1392746400,92.5405,92.5435,92.387,92.4005
1392760800,92.4005,92.44,91.8525,92.1105
1392775200,92.1105,92.209,92.007,92.1555
1392789600,92.1555,92.351,92.0175,92.205
1392804000,92.205,92.3305,91.9715,92.1765
1392818400,92.1765,92.469,92.103,92.319
1392832800,92.319,92.448,91.9735,92.094
1392847200,92.094,92.166,91.205,91.327
1392861600,91.327,91.401,91.0705,91.285
1392876000,91.285,91.529,91.1125,91.4405
1392890400,91.4405,91.7585,91.4285,91.721
1392904800,91.721,92.031,91.405,91.925
1392919200,91.925,92.3445,91.886,92.108
1392933600,92.108,92.3755,92.015,92.08
1392948000,92.08,92.409,92.006,92.32
1392962400,92.32,92.3335,92.046,92.1705
1392976800,92.1705,92.218,91.836,91.9325
1392991200,91.9325,92.229,91.911,92.0355
1393005600,92.0355,92.1365,91.9245,91.983
1393192800,91.983,92.143,91.723,91.7475
1393207200,91.7475,91.8385,91.5735,91.764
1393221600,91.764,92.068,91.648,91.9315
1393236000,91.9315,92.207,91.8455,92.126
1393250400,92.126,92.7535,92.0605,92.7335
1393264800,92.7335,92.7465,92.5015,92.6045
1393279200,92.6045,92.7845,92.442,92.4675
1393293600,92.4675,92.689,92.412,92.5285
1393308000,92.5285,92.541,92.0785,92.302
1393322400,92.302,92.5535,92.2565,92.4035
1393336800,92.4035,92.455,92.0405,92.2425
1393351200,92.2425,92.287,91.998,92.2105
1393365600,92.2105,92.223,91.6685,92.0215
1393380000,92.0215,92.2185,91.9875,92.1605
1393394400,92.1605,92.3775,92.118,92.1795
1393408800,92.1795,92.2115,91.782,91.8835
1393423200,91.8835,91.9945,91.591,91.861
1393437600,91.861,91.892,91.654,91.813
1393452000,91.813,91.841,91.248,91.4585
1393466400,91.4585,91.6135,91.4455,91.5145
1393480800,91.5145,91.568,90.963,90.972
1393495200,90.972,91.351,90.7085,91.246
1393509600,91.246,91.6405,91.1015,91.523
1393524000,91.523,91.6295,91.4275,91.5605
1393538400,91.5605,91.633,91.2735,91.4955
1393552800,91.4955,91.54,90.8245,91.086
1393567200,91.086,91.3175,91.0645,91.1985
1393581600,91.1985,91.382,91.172,91.282
1393596000,91.282,91.374,91.094,91.112
1393610400,91.112,91.2225,90.688,90.8505
1393797600,90.8505,90.8505,90.058,90.2735
1393812000,90.2735,90.583,90.246,90.5385
1393826400,90.5385,90.6375,90.3075,90.3455
1393840800,90.3455,90.514,90.1345,90.4565
1393855200,90.4565,90.7595,90.405,90.5375
1393869600,90.5375,90.679,90.4685,90.6655
1393884000,90.6655,90.9585,90.4925,90.8745
1393898400,90.8745,91.164,90.556,90.775
1393912800,90.775,91.317,90.768,91.0865
1393927200,91.0865,91.277,91.017,91.174
1393941600,91.174,91.4295,91.108,91.362
1393956000,91.362,91.5735,91.2235,91.4775
1393970400,91.4775,91.9295,91.288,91.429
1393984800,91.429,91.625,91.341,91.546
1393999200,91.546,91.868,91.4705,91.8175
1394013600,91.8175,92.0885,91.7845,91.9575
1394028000,91.9575,92.04,91.794,91.984
1394042400,91.984,92.038,91.8865,91.9255
1394056800,91.9255,92.615,91.874,92.5145
1394071200,92.5145,92.6405,92.4405,92.5105
1394085600,92.5105,92.9945,92.49,92.9615
1394100000,92.9615,93.5255,92.8285,93.423
1394114400,93.423,93.876,93.3725,93.686
1394128800,93.686,93.7425,93.6185,93.6925
1394143200,93.6925,93.905,93.4505,93.692
1394157600,93.692,93.692,93.4665,93.638
1394172000,93.638,94.0095,93.501,93.967
1394186400,93.967,94.484,93.89,94.4615
1394200800,94.4615,94.466,93.589,93.717
1394215200,93.717,93.7215,93.5615,93.657
1394398800,93.657,93.657,93.1,93.366
1394413200,93.366,93.3765,93.085,93.121
1394427600,93.121,93.416,92.8965,93.4155
1394442000,93.4155,93.5565,93.2715,93.4025
1394456400,93.4025,93.434,92.9855,93.2075
1394470800,93.2075,93.212,93.0175,93.1555
1394485200,93.1555,93.372,93.0495,93.0675
1394499600,93.0675,93.4545,93.0615,93.222
1394514000,93.222,93.432,93.169,93.378
1394528400,93.378,93.387,93.1765,93.2615
1394542800,93.2615,93.44,92.631,92.743
1394557200,92.743,92.7465,92.2175,92.4725
1394571600,92.4725,92.4795,92.076,92.2345
1394586000,92.2345,92.4585,92.042,92.3165
1394600400,92.3165,92.3425,92.085,92.1235
1394614800,92.1235,92.1255,91.6545,91.9165
1394629200,91.9165,92.3565,91.786,92.2995
1394643600,92.2995,92.3735,92.174,92.35
1394658000,92.35,93.258,92.3195,93.1015
1394672400,93.1015,93.3005,92.932,93.241
1394686800,93.241,93.2475,92.7735,92.9645
1394701200,92.9645,93.1805,92.8385,93.1015
1394715600,93.1015,93.4135,91.9225,91.9935
1394730000,91.9935,92.126,91.551,91.9525
1394744400,91.9525,92.1105,91.7025,91.9615
1394758800,91.9615,92.0565,91.5785,91.6135
1394773200,91.6135,91.9005,91.384,91.713
1394787600,91.713,91.8805,91.296,91.5335
1394802000,91.5335,91.892,91.321,91.665
1394816400,91.665,91.7015,91.377,91.5335
1395003600,91.5335,91.6185,91.166,91.3915
1395018000,91.3915,92.018,91.351,91.865
1395032400,91.865,92.3545,91.8245,92.311
1395046800,92.311,92.5395,92.3035,92.367
1395061200,92.367,92.5545,92.2755,92.4075
1395075600,92.4075,92.5075,92.3525,92.472
1395090000,92.472,92.8195,92.43,92.491
1395104400,92.491,92.5605,92.3,92.484
1395118800,92.484,92.541,91.9305,92.1175
1395133200,92.1175,92.6165,91.946,92.4925
1395147600,92.4925,92.8145,92.323,92.488
1395162000,92.488,92.7105,92.4875,92.583
1395176400,92.583,92.6465,92.4975,92.5055
1395190800,92.5055,92.6075,92.268,92.5875
1395205200,92.5875,92.7145,92.4435,92.582
1395219600,92.582,92.677,92.462,92.5795
1395234000,92.5795,92.6495,92.3125,92.6145
1395248400,92.6145,92.8495,92.436,92.5045
1395262800,92.5045,92.586,92.219,92.267
1395277200,92.267,92.4165,92.1295,92.2765
1395291600,92.2765,92.5185,92.1845,92.4685
1395306000,92.4685,92.56,92.2015,92.37
1395320400,92.37,92.709,92.3055,92.6665
1395334800,92.6665,92.7195,92.529,92.554
1395349200,92.554,92.647,92.4885,92.5465
1395363600,92.5465,92.8135,92.5265,92.7435
1395378000,92.7435,92.8665,92.473,92.763
1395392400,92.763,92.984,92.6975,92.819
1395406800,92.819,93.084,92.7525,93.0245
1395421200,93.0245,93.086,92.757,92.852
1395608400,92.852,93.121,92.852,93.0035
1395622800,93.0035,93.081,92.617,93.0445
1395637200,93.0445,93.4215,92.986,93.3985
1395651600,93.3985,93.5105,93.1925,93.4795
1395666000,93.4795,93.5565,93.1155,93.203
1395680400,93.203,93.4845,93.176,93.358
1395694800,93.358,93.5935,93.2835,93.444
1395709200,93.444,93.559,93.3855,93.459
1395723600,93.459,93.4785,93.2415,93.396
1395738000,93.396,93.76,93.376,93.6695
1395752400,93.6695,93.736,93.484,93.6355
1395766800,93.6355,93.834,93.6325,93.7375
1395781200,93.7375,93.8525,93.665,93.7395
1395795600,93.7395,94.0695,93.6485,94.0655
1395810000,94.0655,94.359,93.9885,94.346
1395824400,94.346,94.698,94.3085,94.6375
1395838800,94.6375,94.6535,94.3185,94.418
1395853200,94.418,94.4215,94.025,94.151
1395867600,94.151,94.2155,93.788,93.9295
1395882000,93.9295,94.4005,93.9135,94.3755
1395896400,94.3755,94.5025,94.2075,94.312
1395910800,94.312,94.549,94.246,94.4445
1395925200,94.4445,94.6865,94.3055,94.5445
1395939600,94.5445,94.6765,94.494,94.613
1395954000,94.613,94.9145,94.5665,94.7725
1395968400,94.7725,95.007,94.647,94.721
1395982800,94.721,94.7655,94.572,94.6105
1395997200,94.6105,94.8385,94.5845,94.6375
1396011600,94.6375,95.245,94.5795,95.0835
1396026000,95.0835,95.19,95.017,95.088
1396213200,95.088,95.282,94.9615,95.145
1396227600,95.145,95.2195,94.788,94.824
1396242000,94.824,95.2115,94.824,95.1955
1396256400,95.1955,95.4385,95.171,95.4195
1396270800,95.4195,95.661,95.383,95.5595
1396285200,95.5595,95.74,95.4895,95.6375
1396299600,95.6375,95.9265,95.5995,95.8785
1396314000,95.8785,96.0595,95.587,95.669
1396328400,95.669,95.817,95.624,95.7455
1396342800,95.7455,95.826,95.3965,95.5505
1396357200,95.5505,95.842,95.4635,95.7435
1396371600,95.7435,95.901,95.703,95.858
1396386000,95.858,95.9085,95.6505,95.877
1396400400,95.877,95.9825,95.791,95.922
1396414800,95.922,96.082,95.7965,95.9655
1396429200,95.9655,96.03,95.8345,95.862
1396443600,95.862,95.981,95.815,95.889
1396458000,95.889,96.073,95.817,96.068
1396472400,96.068,96.134,95.7445,95.814
1396486800,95.814,96.0105,95.663,95.871
1396501200,95.871,95.9365,95.6795,95.8885
1396515600,95.8885,96.0705,95.8325,95.949
1396530000,95.949,96.136,95.776,95.84
1396544400,95.84,95.9905,95.802,95.95
1396558800,95.95,96.0565,95.862,95.9755
1396573200,95.9755,96.0225,95.91,95.9475
1396587600,95.9475,96.0515,95.8905,96.0305
1396602000,96.0305,96.4725,95.939,96.357
1396616400,96.357,96.514,95.869,95.9555
1396630800,95.9555,96.0105,95.805,95.9695
1396818000,95.9695,96.06,95.807,95.863
1396832400,95.863,95.9815,95.594,95.622
1396846800,95.622,95.859,95.5185,95.7795
1396861200,95.7795,95.943,95.535,95.553
1396875600,95.553,95.719,95.337,95.524
1396890000,95.524,95.662,95.409,95.567
1396904400,95.567,95.61,95.383,95.443
1396918800,95.443,95.673,95.3045,95.6465
1396933200,95.6465,95.899,95.5645,95.804
1396947600,95.804,95.8605,95.3695,95.5645
1396962000,95.5645,95.5945,95.2405,95.377
1396976400,95.377,95.459,95.03,95.2995
1396990800,95.2995,95.374,95.2145,95.265
1397005200,95.265,95.7,95.197,95.6565
1397019600,95.6565,95.778,95.4615,95.731
1397034000,95.731,95.7895,95.5145,95.6395
1397048400,95.6395,95.641,95.244,95.3255
1397062800,95.3255,95.7815,95.315,95.7735
1397077200,95.7735,95.817,95.6585,95.795
1397091600,95.795,96.229,95.6215,95.6945
1397106000,95.6945,96.2095,95.665,95.984
1397120400,95.984,95.9885,95.664,95.793
1397134800,95.793,95.89,95.48,95.5575
1397149200,95.5575,95.696,95.453,95.571
1397163600,95.571,95.607,95.0565,95.1375
1397178000,95.1375,95.377,95.112,95.2535
1397192400,95.2535,95.5915,95.1465,95.4945
1397206800,95.4945,95.702,95.132,95.38
1397221200,95.38,95.6745,95.309,95.542
1397235600,95.542,95.58,95.3875,95.461
1397422800,95.461,95.5295,95.116,95.299
1397437200,95.299,95.501,95.2915,95.454
1397451600,95.454,95.6145,95.296,95.5625
1397466000,95.5625,96.0005,95.494,95.8335
1397480400,95.8335,95.9335,95.706,95.8535
1397494800,95.8535,95.9855,95.662,95.9775
1397509200,95.9775,96.02,95.801,95.9305
1397523600,95.9305,95.972,95.634,95.7035
1397538000,95.7035,95.7375,95.465,95.5145
1397552400,95.5145,95.705,95.31,95.3735
1397566800,95.3735,95.4185,94.838,94.9335
1397581200,94.9335,95.4595,94.8735,95.4115
1397595600,95.4115,95.4115,95.165,95.317
1397610000,95.317,95.781,95.2785,95.7745
1397624400,95.7745,95.9135,95.5585,95.6695
1397638800,95.6695,95.8365,95.5755,95.775
1397653200,95.775,96.0245,95.6915,95.9545
1397667600,95.9545,95.9625,95.7945,95.796
1397682000,95.796,95.9205,95.7085,95.8155
1397696400,95.8155,95.8295,95.427,95.4685
1397710800,95.4685,95.605,95.4165,95.5155
1397725200,95.5155,95.599,95.3405,95.548
1397739600,95.548,95.6285,95.3765,95.5095
1397754000,95.5095,95.6305,95.461,95.557
1397768400,95.557,95.665,95.4495,95.637
1397782800,95.637,95.657,95.498,95.5655
1397797200,95.5655,95.6115,95.516,95.569
1397811600,95.569,95.6375,95.5225,95.599
1397826000,95.599,95.618,95.5345,95.5835
1397840400,95.5835,95.64,95.5135,95.611
1398027600,95.611,95.7655,95.5815,95.7065
1398042000,95.7065,95.7295,95.6265,95.6665
1398056400,95.6665,95.731,95.6505,95.677
1398070800,95.677,95.7245,95.6575,95.6985
1398085200,95.6985,95.855,95.669,95.758
1398099600,95.758,95.8115,95.6555,95.704
1398114000,95.704,95.9265,95.665,95.8475
1398128400,95.8475,96.0715,95.7775,95.991
1398142800,95.991,96.0255,95.8885,95.942
1398157200,95.942,96.0635,95.897,95.9935
1398171600,95.9935,96.1855,95.9675,96.131
1398186000,96.131,96.147,96.0325,96.122
1398200400,96.122,96.245,96.042,96.1865
1398214800,96.1865,96.2395,95.1465,95.1915
1398229200,95.1915,95.292,95.0305,95.1325
1398243600,95.1325,95.133,94.829,94.908
1398258000,94.908,95.11,94.811,94.944
1398272400,94.944,95.293,94.925,95.271
1398286800,95.271,95.323,95.13,95.24
1398301200,95.24,95.2795,94.993,95.099
1398315600,95.099,95.162,94.94,94.9555
1398330000,94.9555,95.045,94.861,94.954
1398344400,94.954,94.98,94.563,94.7425
1398358800,94.7425,94.7925,94.6195,94.765
1398373200,94.765,94.856,94.6835,94.7935
1398387600,94.7935,94.968,94.785,94.919
1398402000,94.919,94.9925,94.7135,94.825
1398416400,94.825,94.896,94.696,94.75
1398430800,94.75,94.8925,94.529,94.718
1398445200,94.718,94.854,94.6185,94.7815
1398632400,94.7815,94.8925,94.6615,94.729
1398646800,94.729,94.8635,94.715,94.823
1398661200,94.823,95.2425,94.8125,95.1495
1398675600,95.1495,95.2265,94.8715,94.8815
1398690000,94.8815,95.0275,94.7395,94.7825
1398704400,94.7825,94.946,94.5845,94.8835
1398718800,94.8835,94.9385,94.6995,94.703
1398733200,94.703,94.802,94.587,94.783
1398747600,94.783,95.06,94.6785,95.018
1398762000,95.018,95.2375,95.0035,95.156
1398776400,95.156,95.282,94.931,95.049
1398790800,95.049,95.161,95.016,95.128
1398805200,95.128,95.257,95.069,95.2135
1398819600,95.2135,95.227,94.9605,95.106
1398834000,95.106,95.272,94.943,95.228
1398848400,95.228,95.237,94.8525,94.97
1398862800,94.97,94.9815,94.6275,94.7545
1398877200,94.7545,95.0235,94.719,94.953
1398891600,94.953,95.0105,94.828,94.8505
1398906000,94.8505,95.035,94.7965,94.9855
1398920400,94.9855,95.153,94.98,95.0335
1398934800,95.0335,95.037,94.6945,94.7705
1398949200,94.7705,94.908,94.719,94.9045
1398963600,94.9045,94.907,94.7985,94.885
1398978000,94.885,94.905,94.759,94.8405
1398992400,94.8405,94.991,94.8195,94.9485
1399006800,94.9485,95.047,94.925,94.9745
1399021200,94.9745,95.206,94.711,94.756
1399035600,94.756,95.0155,94.591,94.713
1399050000,94.713,94.8405,94.6335,94.81
1399237200,94.81,94.934,94.698,94.7155
1399251600,94.7155,94.7385,94.267,94.4305
1399266000,94.4305,94.7665,94.397,94.53
1399280400,94.53,94.5355,94.375,94.414
1399294800,94.414,94.7335,94.3605,94.6485
1399309200,94.6485,94.7685,94.634,94.724
1399323600,94.724,94.851,94.6965,94.792
1399338000,94.792,95.026,94.6055,94.695
1399352400,94.695,94.9735,94.5925,94.882
1399366800,94.882,95.1545,94.8455,95.032
1399381200,95.032,95.1765,94.96,95.1055
1399395600,95.1055,95.1445,95.03,95.0885
1399410000,95.0885,95.1475,94.982,95.042
1399424400,95.042,95.0645,94.8085,94.88
1399438800,94.88,94.907,94.7385,94.8145
1399453200,94.8145,95.083,94.7755,95.0125
1399467600,95.0125,95.0865,94.795,94.9305
1399482000,94.9305,95.125,94.916,95.0445
1399496400,95.0445,95.1185,94.9215,95.0355
1399510800,95.0355,95.5085,94.976,95.386
1399525200,95.386,95.661,95.3545,95.5625
1399539600,95.5625,95.6105,95.4145,95.508
1399554000,95.508,95.536,95.21,95.3295
1399568400,95.3295,95.3895,95.112,95.3005
1399582800,95.3005,95.312,95.052,95.1765
1399597200,95.1765,95.2665,95.026,95.187
1399611600,95.187,95.3715,95.1145,95.3395
1399626000,95.3395,95.395,95.1965,95.363
1399640400,95.363,95.3945,95.07,95.2525
1399654800,95.2525,95.377,95.199,95.3365
1399842000,95.3365,95.4955,95.2625,95.4715
1399856400,95.4715,95.49,95.362,95.43
1399870800,95.43,95.558,95.3505,95.524
1399885200,95.524,95.6665,95.5035,95.6335
1399899600,95.6335,95.7245,95.545,95.624
1399914000,95.624,95.6845,95.5775,95.6055
1399928400,95.6055,95.7035,95.579,95.6235
1399942800,95.6235,95.7055,95.552,95.6815
1399957200,95.6815,95.7145,95.4775,95.5975
1399971600,95.5975,95.9035,95.4785,95.806
1399986000,95.806,95.822,95.669,95.7265
1400000400,95.7265,95.734,95.6205,95.7205
1400014800,95.7205,95.8045,95.66,95.7875
1400029200,95.7875,96.0175,95.7765,95.9815
1400043600,95.9815,96.1105,95.7545,95.7715
1400058000,95.7715,95.821,95.585,95.748
1400072400,95.748,95.8,95.3505,95.459
1400086800,95.459,95.585,95.425,95.5755
1400101200,95.5755,95.5755,95.2325,95.369
1400115600,95.369,95.5095,95.3,95.4805
1400130000,95.4805,95.8075,95.4765,95.541
1400144400,95.541,95.5775,95.2265,95.2345
1400158800,95.2345,95.2705,94.726,94.962
1400173200,94.962,95.058,94.792,95.044
1400187600,95.044,95.0845,94.9125,94.9695
1400202000,94.9695,95.091,94.8715,94.9405
1400216400,94.9405,95.027,94.808,95.016
1400230800,95.016,95.1295,94.8725,94.992
1400245200,94.992,95.1745,94.937,95.0335
1400259600,95.0335,95.1395,94.9875,95.05
1400446800,95.05,95.218,95.0175,95.0435
1400461200,95.0435,95.1465,94.8665,94.9235
1400475600,94.9235,94.9385,94.682,94.7955
1400490000,94.7955,94.7975,94.5765,94.649
1400504400,94.649,94.776,94.5365,94.538
1400518800,94.538,94.7305,94.51,94.688
1400533200,94.688,94.744,94.508,94.522
1400547600,94.522,94.5855,94.3415,94.375
1400562000,94.375,94.425,93.738,93.847
1400576400,93.847,93.959,93.813,93.858
1400590800,93.858,93.9315,93.576,93.621
1400605200,93.621,93.7985,93.568,93.648
1400619600,93.648,93.6815,93.362,93.453
1400634000,93.453,93.656,93.378,93.4145
1400648400,93.4145,93.532,93.0415,93.248
1400662800,93.248,93.512,93.1975,93.392
1400677200,93.392,93.6365,93.3125,93.511
1400691600,93.511,93.8055,93.4745,93.776
1400706000,93.776,93.864,93.562,93.632
1400720400,93.632,94.364,93.479,94.3135
1400734800,94.3135,94.316,94.0015,94.077
1400749200,94.077,94.0925,93.7945,93.8765
1400763600,93.8765,93.99,93.78,93.829
1400778000,93.829,93.9135,93.799,93.856
1400792400,93.856,94.0455,93.828,93.877
1400806800,93.877,94.144,93.8685,94.028
1400821200,94.028,94.047,93.892,93.9475
1400835600,93.9475,94.091,93.9035,93.965
1400850000,93.965,94.247,93.937,94.218
1400864400,94.218,94.2525,94.0695,94.138
1401051600,94.138,94.267,94.118,94.2115
1401066000,94.2115,94.2115,94.089,94.1335
1401080400,94.1335,94.2605,94.1205,94.184
1401094800,94.184,94.195,94.0915,94.1115
1401109200,94.1115,94.2535,94.0935,94.1715
1401123600,94.1715,94.2185,94.142,94.154
1401138000,94.154,94.456,94.154,94.4175
1401152400,94.4175,94.4435,94.2925,94.435
1401166800,94.435,94.555,94.2115,94.379
1401181200,94.379,94.4135,94.289,94.3585
1401195600,94.3585,94.457,94.2885,94.335
1401210000,94.335,94.4715,94.2865,94.42
1401224400,94.42,94.503,94.3325,94.377
1401238800,94.377,94.446,94.2935,94.4
1401253200,94.4,94.499,94.068,94.092
1401267600,94.092,94.267,93.8635,93.927
1401282000,93.927,94.013,93.731,93.9175
1401296400,93.9175,94.1125,93.8785,94.057
1401310800,94.057,94.088,93.7785,93.912
1401325200,93.912,94.415,93.692,94.3865
1401339600,94.3865,94.609,94.263,94.414
1401354000,94.414,94.492,94.3265,94.4225
1401368400,94.4225,94.4735,94.254,94.4015
1401382800,94.4015,94.755,94.3935,94.7255
1401397200,94.7255,94.804,94.563,94.702
1401411600,94.702,94.7735,94.5615,94.7265
1401426000,94.7265,94.7795,94.5505,94.712
1401440400,94.712,94.7265,94.443,94.5345
1401454800,94.5345,94.72,94.478,94.672
1401469200,94.672,94.806,94.5955,94.7105
1401656400,94.7105,94.876,94.662,94.819
1401670800,94.819,94.8665,94.4315,94.4795
1401685200,94.4795,94.4995,94.2855,94.404
1401699600,94.404,94.497,94.352,94.4155
1401714000,94.4155,94.7135,94.3695,94.691
1401728400,94.691,94.7555,94.6175,94.6635
1401742800,94.6635,94.6855,94.578,94.6055
1401757200,94.6055,94.8935,94.508,94.835
1401771600,94.835,95.072,94.7445,95.0075
1401786000,95.0075,95.0525,94.729,94.7795
1401800400,94.7795,94.8665,94.7205,94.8585
1401814800,94.8585,95.01,94.8135,94.984
1401829200,94.984,95.039,94.926,94.9755
1401843600,94.9755,95.4605,94.973,95.179
1401858000,95.179,95.2795,95.0895,95.149
1401872400,95.149,95.2375,95.063,95.1095
1401886800,95.1095,95.21,95.0925,95.156
1401901200,95.156,95.3405,95.147,95.3235
1401915600,95.3235,95.332,95.1495,95.1985
1401930000,95.1985,95.2205,94.951,95.19
1401944400,95.19,95.214,95.114,95.192
1401958800,95.192,95.6255,95.1365,95.557
1401973200,95.557,95.6395,95.282,95.5835
1401987600,95.5835,95.7045,95.5645,95.662
1402002000,95.662,95.664,95.4205,95.446
1402016400,95.446,95.5335,95.426,95.482
1402030800,95.482,95.707,95.4645,95.6745
1402045200,95.6745,95.7625,95.4055,95.6515
1402059600,95.6515,95.7285,95.568,95.6625
1402074000,95.6625,95.8045,95.651,95.6525
1402261200,95.6525,95.8585,95.6525,95.7785
1402275600,95.7785,95.9405,95.7645,95.8855
1402290000,95.8855,95.943,95.788,95.933
1402304400,95.933,95.9505,95.7955,95.842
1402318800,95.842,95.875,95.7425,95.802
1402333200,95.802,95.9405,95.802,95.923
1402347600,95.923,95.923,95.74,95.77
1402362000,95.77,95.8555,95.71,95.725
1402376400,95.725,95.893,95.6865,95.775
1402390800,95.775,95.952,95.743,95.8755
1402405200,95.8755,95.899,95.778,95.8685
1402419600,95.8685,95.9435,95.835,95.9405
1402434000,95.9405,95.9505,95.8395,95.8725
1402448400,95.8725,96.0165,95.8585,95.9995
1402462800,95.9995,96.1275,95.9125,96.025
1402477200,96.025,96.0705,95.7615,95.783
1402491600,95.783,95.855,95.671,95.794
1402506000,95.794,95.812,95.682,95.7715
1402520400,95.7715,95.994,95.6455,95.689
1402534800,95.689,95.8085,95.432,95.7345
1402549200,95.7345,96.0705,95.709,95.8335
1402563600,95.8335,96.082,95.8165,95.9275
1402578000,95.9275,96.106,95.893,96.0795
1402592400,96.0795,96.0805,95.7355,95.8645
1402606800,95.8645,95.9195,95.818,95.874
1402621200,95.874,96.0365,95.781,96.0045
1402635600,96.0045,96.1505,95.827,95.866
1402650000,95.866,95.9275,95.6195,95.808
1402664400,95.808,95.9125,95.737,95.85
1402678800,95.85,95.961,95.8355,95.945
1402866000,95.945,95.9525,95.665,95.7375
1402880400,95.7375,95.778,95.5955,95.699
1402894800,95.699,95.8405,95.594,95.6685
1402909200,95.6685,95.703,95.511,95.5555
1402923600,95.5555,95.7855,95.487,95.7605
1402938000,95.7605,95.775,95.6755,95.731
1402952400,95.731,95.7695,95.636,95.7415
1402966800,95.7415,95.748,95.388,95.412
1402981200,95.412,95.4565,95.2,95.398
1402995600,95.398,95.535,95.3175,95.3885
1403010000,95.3885,95.4915,95.3055,95.3765
1403024400,95.3765,95.4015,95.319,95.367
1403038800,95.367,95.4285,95.3315,95.379
1403053200,95.379,95.483,95.3625,95.4775
1403067600,95.4775,95.5335,95.429,95.4835
1403082000,95.4835,95.5455,95.3815,95.433
1403096400,95.433,95.4745,95.3575,95.443
1403110800,95.443,95.933,95.3525,95.892
1403125200,95.892,95.892,95.7425,95.848
1403139600,95.848,95.9205,95.778,95.847
1403154000,95.847,95.976,95.768,95.9175
1403168400,95.9175,95.9685,95.8025,95.857
1403182800,95.857,95.934,95.747,95.8205
1403197200,95.8205,95.866,95.7425,95.815
1403211600,95.815,95.8635,95.753,95.7805
1403226000,95.7805,95.8795,95.77,95.84
1403240400,95.84,95.918,95.7785,95.86
1403254800,95.86,95.931,95.837,95.8955
1403269200,95.8955,95.927,95.7855,95.8535
1403283600,95.8535,95.903,95.8055,95.831
1403470800,95.831,95.916,95.6975,95.835
1403485200,95.835,96.3295,95.8055,96.236
1403499600,96.236,96.287,96.0615,96.062
1403514000,96.062,96.193,96.0525,96.113
1403528400,96.113,96.129,95.902,95.9555
1403542800,95.9555,96.046,95.9365,96.031
1403557200,96.031,96.076,95.9515,95.972
1403571600,95.972,96.1005,95.941,96.0875
1403586000,96.0875,96.0995,95.791,95.828
1403600400,95.828,95.858,95.701,95.7235
1403614800,95.7235,95.8295,95.6165,95.7585
1403629200,95.7585,95.7585,95.5035,95.528
1403643600,95.528,95.546,95.351,95.385
1403658000,95.385,95.4715,95.329,95.3835
1403672400,95.3835,95.56,95.313,95.479
1403686800,95.479,95.5495,95.3685,95.5355
1403701200,95.5355,95.658,95.4445,95.5815
1403715600,95.5815,95.84,95.5815,95.8345
1403730000,95.8345,95.835,95.6755,95.7
1403744400,95.7,95.7605,95.5985,95.7115
1403758800,95.7115,95.8045,95.687,95.752
1403773200,95.752,95.825,95.7,95.7065
1403787600,95.7065,95.7595,95.407,95.601
1403802000,95.601,95.7765,95.591,95.7725
1403816400,95.7725,95.7785,95.5875,95.698
1403830800,95.698,95.78,95.56,95.6945
1403845200,95.6945,95.7265,95.462,95.5465
1403859600,95.5465,95.5925,95.4335,95.517
1403874000,95.517,95.531,95.393,95.4365
1403888400,95.4365,95.669,95.397,95.669
1404075600,95.669,95.669,95.4365,95.492
1404090000,95.492,95.509,95.307,95.469
1404104400,95.469,95.564,95.2475,95.252
1404118800,95.252,95.3335,95.171,95.2295
1404133200,95.2295,95.6245,95.1905,95.4515
1404147600,95.4515,95.584,95.4305,95.58
1404162000,95.58,95.6225,95.4325,95.5925
1404176400,95.5925,95.8755,95.5265,95.855
1404190800,95.855,96.0135,95.8315,95.963
1404205200,95.963,96.1715,95.912,96.161
1404219600,96.161,96.4975,96.1515,96.492
1404234000,96.492,96.5035,96.4015,96.4205
1404248400,96.4205,96.466,96.3265,96.412
1404262800,96.412,96.4135,96.022,96.029
1404277200,96.029,96.1005,95.9625,95.971
1404291600,95.971,96.0935,95.87,96.0425
1404306000,96.0425,96.1345,95.9645,96.0845
1404320400,96.0845,96.177,96.028,96.1125
1404334800,96.1125,96.137,96.011,96.0445
1404349200,96.0445,96.0525,95.496,95.5475
1404363600,95.5475,95.611,95.4015,95.5875
1404378000,95.5875,95.6205,95.325,95.3965
1404392400,95.3965,95.6805,95.3815,95.629
1404406800,95.629,95.653,95.496,95.5205
1404421200,95.5205,95.578,95.5045,95.539
1404435600,95.539,95.613,95.442,95.548
1404450000,95.548,95.5995,95.389,95.4445
1404464400,95.4445,95.4925,95.4295,95.4655
1404478800,95.4655,95.541,95.4475,95.507
1404493200,95.507,95.629,95.493,95.5905
1404680400,95.5905,95.618,95.472,95.479
1404694800,95.479,95.598,95.4435,95.5605
1404709200,95.5605,95.6105,95.431,95.4675
1404723600,95.4675,95.4735,95.338,95.41
1404738000,95.41,95.473,95.3995,95.4475
1404752400,95.4475,95.5145,95.4155,95.47
1404766800,95.47,95.509,95.3365,95.391
1404781200,95.391,95.612,95.3845,95.557
1404795600,95.557,95.7045,95.518,95.609
1404810000,95.609,95.663,95.517,95.6245
1404824400,95.6245,95.6395,95.401,95.439
1404838800,95.439,95.514,95.4155,95.4805
1404853200,95.4805,95.609,95.4245,95.521
1404867600,95.521,95.612,95.4255,95.469
1404882000,95.469,95.6225,95.461,95.6015
1404896400,95.6015,95.6285,95.509,95.525
1404910800,95.525,95.6635,95.5015,95.6075
1404925200,95.6075,95.7225,95.5145,95.668
1404939600,95.668,95.745,95.6,95.688
1404954000,95.688,95.992,95.413,95.453
1404968400,95.453,95.477,95.023,95.026
1404982800,95.026,95.0315,94.7255,94.757
1404997200,94.757,95.114,94.7155,95.0735
1405011600,95.0735,95.228,95.0575,95.206
1405026000,95.206,95.211,94.978,95.0725
1405040400,95.0725,95.1855,95.043,95.076
1405054800,95.076,95.3005,95.0315,95.2065
1405069200,95.2065,95.277,95.175,95.2675
1405083600,95.2675,95.3325,94.994,95.0555
1405098000,95.0555,95.2225,95.054,95.137
1405285200,95.137,95.266,95.0695,95.19
1405299600,95.19,95.305,95.183,95.2725
1405314000,95.2725,95.3945,95.251,95.3035
1405328400,95.3035,95.441,95.279,95.4125
1405342800,95.4125,95.443,95.35,95.3875
1405357200,95.3875,95.4285,95.365,95.384
1405371600,95.384,95.4365,95.351,95.3985
1405386000,95.3985,95.504,95.3455,95.444
1405400400,95.444,95.4485,95.107,95.1515
1405414800,95.1515,95.2985,95.073,95.2905
1405429200,95.2905,95.364,95.083,95.2215
1405443600,95.2215,95.355,95.181,95.283
1405458000,95.283,95.3105,95.1435,95.2405
1405472400,95.2405,95.3205,94.953,94.9855
1405486800,94.9855,95.125,94.919,95.0315
1405501200,95.0315,95.2085,95.0315,95.17
1405515600,95.17,95.2525,95.1505,95.229
1405530000,95.229,95.288,95.1955,95.249
1405544400,95.249,95.257,95.152,95.1595
1405558800,95.1595,95.171,94.9665,95.0535
1405573200,95.0535,95.2175,95.0265,95.1355
1405587600,95.1355,95.26,95.013,95.242
1405602000,95.242,95.28,94.8795,95.048
1405616400,95.048,95.105,94.5435,94.6125
1405630800,94.6125,94.6355,94.3935,94.525
1405645200,94.525,94.9155,94.512,94.8535
1405659600,94.8535,95.1945,94.8415,95.1495
1405674000,95.1495,95.312,95.046,95.104
1405688400,95.104,95.226,94.9835,95.1815
1405702800,95.1815,95.272,95.115,95.126
1405890000,95.126,95.2795,95.0805,95.1055
1405904400,95.1055,95.135,95.044,95.082
1405918800,95.082,95.1585,94.9915,95.0165
1405933200,95.0165,95.1065,94.9895,95.0405
1405947600,95.0405,95.049,94.9425,95.0215
1405962000,95.0215,95.095,95.0135,95.0475
1405976400,95.0475,95.101,94.9485,95.025
1405990800,95.025,95.3195,95.013,95.283
1406005200,95.283,95.3995,95.238,95.3135
1406019600,95.3135,95.5625,95.273,95.505
1406034000,95.505,95.5085,95.264,95.2765
1406048400,95.2765,95.365,95.267,95.3185
1406062800,95.3185,95.3535,95.226,95.259
1406077200,95.259,95.715,95.2255,95.6795
1406091600,95.6795,95.7915,95.6415,95.761
1406106000,95.761,95.859,95.7305,95.819
1406120400,95.819,95.9355,95.7545,95.9105
1406134800,95.9105,96.0395,95.8685,95.964
1406149200,95.964,95.9955,95.797,95.897
1406163600,95.897,96.2075,95.815,95.8765
1406178000,95.8765,95.9135,95.6915,95.89
1406192400,95.89,96.02,95.8725,95.9725
1406206800,95.9725,96.0085,95.772,95.888
1406221200,95.888,95.9185,95.85,95.896
1406235600,95.896,95.929,95.809,95.883
1406250000,95.883,95.912,95.6975,95.792
1406264400,95.792,95.934,95.728,95.864
1406278800,95.864,95.9055,95.8025,95.8565
1406293200,95.8565,95.9155,95.673,95.766
1406307600,95.766,95.7745,95.607,95.6935
1406494800,95.6935,95.6935,95.57,95.5735
1406509200,95.5735,95.6805,95.5375,95.5915
1406523600,95.5915,95.703,95.57,95.6835
1406538000,95.6835,95.834,95.6815,95.8005
1406552400,95.8005,95.8265,95.687,95.809
1406566800,95.809,95.876,95.786,95.8195
1406581200,95.8195,95.9015,95.7715,95.8185
1406595600,95.8185,95.875,95.7075,95.806
1406610000,95.806,95.879,95.7245,95.7935
1406624400,95.7935,95.876,95.735,95.769
1406638800,95.769,95.877,95.6955,95.858
1406653200,95.858,95.8635,95.764,95.8245
1406667600,95.8245,95.855,95.7135,95.7925
1406682000,95.7925,95.852,95.758,95.818
1406696400,95.818,95.828,95.713,95.7625
1406710800,95.7625,95.885,95.7185,95.8475
1406725200,95.8475,95.913,95.7475,95.905
1406739600,95.905,96.126,95.82,95.9065
1406754000,95.9065,95.9535,95.83,95.8655
1406768400,95.8655,95.878,95.6895,95.7665
1406782800,95.7665,95.8435,95.4995,95.5335
1406797200,95.5335,95.674,95.4895,95.64
1406811600,95.64,95.693,95.525,95.613
1406826000,95.613,95.708,95.541,95.549
1406840400,95.549,95.8015,95.533,95.7615
1406854800,95.7615,95.781,95.5565,95.6375
1406869200,95.6375,95.6775,95.5125,95.57
1406883600,95.57,95.7655,95.485,95.6855
1406898000,95.6855,95.7205,95.298,95.3535
1406912400,95.3535,95.5765,95.3325,95.559
1407099600,95.559,95.565,95.427,95.5565
1407114000,95.5565,95.751,95.538,95.6965
1407128400,95.6965,95.706,95.5395,95.599
1407142800,95.599,95.654,95.5535,95.638
1407157200,95.638,95.654,95.527,95.604
1407171600,95.604,95.764,95.588,95.743
1407186000,95.743,95.7605,95.638,95.7265
1407200400,95.7265,95.7875,95.5665,95.7405
1407214800,95.7405,95.8105,95.667,95.771
1407229200,95.771,95.828,95.654,95.6885
1407243600,95.6885,95.7795,95.5295,95.543
1407258000,95.543,95.571,95.295,95.462
1407272400,95.462,95.506,95.3355,95.354
1407286800,95.354,95.442,95.317,95.4045
1407301200,95.4045,95.575,95.3845,95.4325
1407315600,95.4325,95.4335,95.133,95.4065
1407330000,95.4065,95.5285,95.226,95.424
1407344400,95.424,95.5255,95.3525,95.509
1407358800,95.509,95.53,95.421,95.477
1407373200,95.477,95.559,94.739,94.749
1407387600,94.749,94.9875,94.709,94.8515
1407402000,94.8515,94.8965,94.785,94.8265
1407416400,94.8265,94.9195,94.614,94.7175
1407430800,94.7175,94.756,94.585,94.6615
1407445200,94.6615,94.6695,94.5195,94.5265
1407459600,94.5265,94.592,93.93,94.1195
1407474000,94.1195,94.2605,93.9825,94.2055
1407488400,94.2055,94.6505,94.1785,94.5415
1407502800,94.5415,94.567,94.3635,94.4735
1407517200,94.4735,94.7155,94.461,94.6505
1407704400,94.6505,94.8085,94.6505,94.734
1407718800,94.734,94.87,94.676,94.7805
1407733200,94.7805,94.826,94.5595,94.569
1407747600,94.569,94.704,94.537,94.6345
1407762000,94.6345,94.676,94.547,94.6335
1407776400,94.6335,94.693,94.571,94.649
1407790800,94.649,94.752,94.6,94.642
1407805200,94.642,94.844,94.6295,94.742
1407819600,94.742,94.801,94.6215,94.7475
1407834000,94.7475,94.809,94.678,94.7135
1407848400,94.7135,94.85,94.6465,94.7965
1407862800,94.7965,94.853,94.7675,94.7835
1407877200,94.7835,94.949,94.7315,94.941
1407891600,94.941,94.955,94.832,94.9325
1407906000,94.9325,95.184,94.9055,95.1435
1407920400,95.1435,95.3555,95.114,95.28
1407934800,95.28,95.4055,95.2375,95.3235
1407949200,95.3235,95.3605,95.2885,95.2975
1407963600,95.2975,95.3485,95.268,95.3335
1407978000,95.3335,95.4075,95.2735,95.3925
1407992400,95.3925,95.4215,95.2935,95.3615
1408006800,95.3615,95.4695,95.245,95.3905
1408021200,95.3905,95.4985,95.3485,95.463
1408035600,95.463,95.505,95.413,95.476
1408050000,95.476,95.52,95.4425,95.482
1408064400,95.482,95.645,95.475,95.6155
1408078800,95.6155,95.697,95.5925,95.6675
1408093200,95.6675,95.7015,95.5905,95.614
1408107600,95.614,95.6315,95.03,95.186
1408122000,95.186,95.4525,95.172,95.411
1408309200,95.411,95.4775,95.3115,95.388
1408323600,95.388,95.416,95.251,95.404
1408338000,95.404,95.49,95.379,95.4535
1408352400,95.4535,95.575,95.438,95.5745
1408366800,95.5745,95.7155,95.5495,95.6805
1408381200,95.6805,95.688,95.598,95.643
1408395600,95.643,95.71,95.621,95.678
1408410000,95.678,95.869,95.623,95.8095
1408424400,95.8095,95.838,95.659,95.813
1408438800,95.813,95.9445,95.8035,95.841
1408453200,95.841,95.8565,95.7055,95.751
1408467600,95.751,95.8095,95.7145,95.745
1408482000,95.745,95.833,95.6195,95.728
1408496400,95.728,95.887,95.715,95.826
1408510800,95.826,96.0255,95.807,95.9615
1408525200,95.9615,96.038,95.886,96.0165
1408539600,96.0165,96.266,95.9975,96.2155
1408554000,96.2155,96.445,96.1645,96.3825
1408568400,96.3825,96.387,96.267,96.288
1408582800,96.288,96.383,96.0255,96.0795
1408597200,96.0795,96.3645,96.041,96.3185
1408611600,96.3185,96.4345,96.3045,96.395
1408626000,96.395,96.6175,96.3655,96.526
1408640400,96.526,96.619,96.518,96.602
1408654800,96.602,96.7115,96.572,96.6855
1408669200,96.6855,96.7675,96.6435,96.699
1408683600,96.699,96.7825,96.649,96.7195
1408698000,96.7195,96.721,96.456,96.6615
1408712400,96.6615,96.8735,96.632,96.782
1408726800,96.782,96.8555,96.7595,96.8355
1408914000,96.8355,97.08,96.7895,96.9495
1408928400,96.9495,97.1275,96.9185,97.1195
1408942800,97.1195,97.1205,96.8815,96.894
1408957200,96.894,96.9075,96.7205,96.756
1408971600,96.756,96.7705,96.6105,96.6315
1408986000,96.6315,96.7455,96.6135,96.745
1409000400,96.745,96.7735,96.5135,96.5335
1409014800,96.5335,96.605,96.484,96.512
1409029200,96.512,96.6635,96.475,96.6025
1409043600,96.6025,96.9385,96.6025,96.8995
1409058000,96.8995,97.075,96.8575,96.8845
1409072400,96.8845,96.941,96.807,96.851
1409086800,96.851,97.037,96.812,97.014
1409101200,97.014,97.0155,96.842,96.924
1409115600,96.924,97.0315,96.9175,96.996
1409130000,96.996,97.1595,96.983,97.004
1409144400,97.004,97.088,96.951,97.016
1409158800,97.016,97.0685,96.951,96.9895
1409173200,96.9895,97.026,96.866,96.921
1409187600,96.921,97.2485,96.8775,97.083
1409202000,97.083,97.196,97.035,97.1765
1409216400,97.1765,97.253,96.785,97.0825
1409230800,97.0825,97.112,96.983,97.004
1409245200,97.004,97.0795,96.958,97.0515
1409259600,97.0515,97.0915,96.9305,96.9825
1409274000,96.9825,97.093,96.9515,97.079
1409288400,97.079,97.199,97.039,97.193
1409302800,97.193,97.195,97,97.142
1409317200,97.142,97.194,97.064,97.1585
1409331600,97.1585,97.2685,97.1175,97.209
1409518800,97.209,97.2195,97.1225,97.1285
1409533200,97.1285,97.354,97.127,97.33
1409547600,97.33,97.392,97.2795,97.349
1409562000,97.349,97.444,97.347,97.413
1409576400,97.413,97.454,97.369,97.394
1409590800,97.394,97.4115,97.3065,97.3865
1409605200,97.3865,97.4445,97.354,97.44
1409619600,97.44,97.5955,97.358,97.416
1409634000,97.416,97.5425,97.3585,97.42
1409648400,97.42,97.52,97.354,97.422
1409662800,97.422,97.548,97.3975,97.4705
1409677200,97.4705,97.555,97.4335,97.479
1409691600,97.479,97.6835,97.467,97.6235
1409706000,97.6235,97.8285,97.4615,97.5975
1409720400,97.5975,98.0385,97.4465,97.8545
1409734800,97.8545,98.134,97.8545,98.024
1409749200,98.024,98.094,97.94,97.966
1409763600,97.966,97.9985,97.881,97.941
1409778000,97.941,98.1185,97.919,98.065
1409792400,98.065,98.1985,97.9665,98.0075
1409806800,98.0075,98.054,97.8835,98.035
1409821200,98.035,98.552,97.9915,98.3715
1409835600,98.3715,98.5925,98.3605,98.511
1409850000,98.511,98.525,98.2515,98.418
1409864400,98.418,98.6815,98.3385,98.5155
1409878800,98.5155,98.544,98.316,98.3795
1409893200,98.3795,98.5025,98.3535,98.4565
1409907600,98.4565,98.606,98.3865,98.4895
1409922000,98.4895,98.5185,98.253,98.505
1409936400,98.505,98.5625,98.4625,98.5475
1410123600,98.5475,98.5955,98.3335,98.442
1410138000,98.442,98.488,98.372,98.4295
1410152400,98.4295,98.4915,98.281,98.338
1410166800,98.338,98.3885,98.186,98.235
1410181200,98.235,98.4295,98.0755,98.397
1410195600,98.397,98.493,98.2865,98.4165
1410210000,98.4165,98.4865,98.322,98.3885
1410224400,98.3885,98.4725,98.298,98.345
1410238800,98.345,98.605,98.3065,98.586
1410253200,98.586,98.655,98.232,98.2405
1410267600,98.2405,98.25,97.6225,97.936
1410282000,97.936,97.945,97.6565,97.7425
1410296400,97.7425,97.8125,97.669,97.8015
1410310800,97.8015,97.843,97.3815,97.5705
1410325200,97.5705,97.609,97.268,97.4385
1410339600,97.4385,97.643,97.354,97.6375
1410354000,97.6375,97.7705,97.4685,97.7545
1410368400,97.7545,97.9275,97.7335,97.847
1410382800,97.847,97.9165,97.69,97.81
1410397200,97.81,98.3475,97.722,98.196
1410411600,98.196,98.2705,97.5635,97.664
1410426000,97.664,97.8205,97.3865,97.444
1410440400,97.444,97.573,97.254,97.4035
1410454800,97.4035,97.46,97.3235,97.4485
1410469200,97.4485,97.501,97.321,97.4055
1410483600,97.4055,97.434,97.1745,97.226
1410498000,97.226,97.26,96.9715,97.0175
1410512400,97.0175,97.1565,96.9595,97.117
1410526800,97.117,97.131,96.929,97.038
1410541200,97.038,97.1085,96.981,97.0025
1410728400,97.0025,97.0025,96.584,96.6785
1410742800,96.6785,96.698,96.4815,96.5195
1410757200,96.5195,96.6,96.397,96.5865
1410771600,96.5865,96.87,96.581,96.866
1410786000,96.866,96.896,96.684,96.7825
1410800400,96.7825,96.8615,96.715,96.771
1410814800,96.771,96.859,96.719,96.7815
1410829200,96.7815,96.837,96.5845,96.6255
1410843600,96.6255,96.6845,96.368,96.454
1410858000,96.454,96.757,96.4395,96.7305
1410872400,96.7305,97.4055,96.7055,97.347
1410886800,97.347,97.5305,97.346,97.419
1410901200,97.419,97.4355,97.2445,97.3415
1410915600,97.3415,97.366,97.168,97.301
1410930000,97.301,97.3575,97.1965,97.352
1410944400,97.352,97.382,97.154,97.2195
1410958800,97.2195,97.3,97.0585,97.145
1410973200,97.145,97.5515,96.994,97.094
1410987600,97.094,97.271,97.007,97.206
1411002000,97.206,97.4505,97.187,97.423
1411016400,97.423,97.6085,97.2085,97.384
1411030800,97.384,97.5355,97.254,97.4675
1411045200,97.4675,97.7155,97.369,97.6415
1411059600,97.6415,97.7345,97.596,97.71
1411074000,97.71,97.808,97.6555,97.757
1411088400,97.757,97.921,97.691,97.7835
1411102800,97.7835,97.927,97.351,97.4215
1411117200,97.4215,97.726,97.3845,97.644
1411131600,97.644,97.7065,97.1995,97.3035
1411146000,97.3035,97.4025,97.2275,97.3215
1411333200,97.3215,97.523,97.2865,97.337
1411347600,97.337,97.424,97.1275,97.2455
1411362000,97.2455,97.2585,96.6865,96.7485
1411376400,96.7485,96.8775,96.5535,96.5625
1411390800,96.5625,96.7345,96.5245,96.5605
1411405200,96.5605,96.611,96.501,96.5645
1411419600,96.5645,96.613,96.465,96.472
1411434000,96.472,96.9495,96.4075,96.9175
1411448400,96.9175,96.985,96.2005,96.391
1411462800,96.391,96.744,96.3605,96.505
1411477200,96.505,96.5155,96.2035,96.2565
1411491600,96.2565,96.3625,96.1815,96.275
1411506000,96.275,96.342,96.091,96.1325
1411520400,96.1325,96.301,96.127,96.2485
1411534800,96.2485,96.6015,96.2315,96.384
1411549200,96.384,96.533,96.266,96.405
1411563600,96.405,96.672,96.3015,96.611
1411578000,96.611,96.9185,96.585,96.8905
1411592400,96.8905,96.949,96.684,96.7445
1411606800,96.7445,96.775,96.2605,96.2675
1411621200,96.2675,96.407,96.08,96.3475
1411635600,96.3475,96.353,96.0875,96.113
1411650000,96.113,96.1545,95.4085,95.496
1411664400,95.496,95.6835,95.438,95.566
1411678800,95.566,95.654,95.52,95.574
1411693200,95.574,95.8385,95.3705,95.433
1411707600,95.433,95.726,95.401,95.724
1411722000,95.724,95.997,95.6515,95.79
1411736400,95.79,95.9465,95.736,95.7565
1411750800,95.7565,95.9685,95.7085,95.7925
1411938000,95.7925,95.835,95.507,95.564
1411952400,95.564,95.664,95.134,95.215
1411966800,95.215,95.6775,95.207,95.5355
1411981200,95.5355,95.685,95.392,95.429
1411995600,95.429,95.639,95.287,95.499
1412010000,95.499,95.5895,95.4005,95.453
1412024400,95.453,95.4745,95.1265,95.248
1412038800,95.248,95.8255,95.202,95.798
1412053200,95.798,95.8035,95.5735,95.633
1412067600,95.633,95.7345,95.5725,95.719
1412082000,95.719,96.033,95.6485,95.8265
1412096400,95.8265,96.032,95.8095,95.9125
1412110800,95.9125,95.9535,95.74,95.816
1412125200,95.816,95.835,95.238,95.2725
1412139600,95.2725,95.8385,95.2405,95.762
1412154000,95.762,95.7895,95.4445,95.581
1412168400,95.581,95.6295,95.3265,95.3355
1412182800,95.3355,95.4225,95.097,95.1485
1412197200,95.1485,95.42,95.0145,95.416
1412211600,95.416,95.802,95.384,95.7595
1412226000,95.7595,95.818,95.2025,95.3685
1412240400,95.3685,95.5295,95.243,95.386
1412254800,95.386,95.5035,94.8865,95.2215
1412269200,95.2215,95.4875,95.204,95.4345
1412283600,95.4345,95.629,95.307,95.5685
1412298000,95.5685,95.697,95.5615,95.6625
1412312400,95.6625,95.884,95.5365,95.64
1412326800,95.64,95.64,95.2975,95.399
1412341200,95.399,95.419,94.9545,95.204
1412355600,95.204,95.2635,95.1225,95.214
1412542800,95.214,95.3295,95.032,95.1915
1412557200,95.1915,95.351,95.1735,95.228
1412571600,95.228,95.563,95.193,95.4975
1412586000,95.4975,95.5475,95.2685,95.3025
1412600400,95.3025,95.4605,95.0735,95.112
1412614800,95.112,95.4965,95.104,95.3245
1412629200,95.3245,95.549,95.228,95.3585
1412643600,95.3585,95.561,95.264,95.428
1412658000,95.428,95.5255,95.2335,95.3725
1412672400,95.3725,95.5875,95.2635,95.471
1412686800,95.471,95.548,95.3145,95.4125
1412701200,95.4125,95.4205,95.1,95.2485
1412715600,95.2485,95.4225,95.123,95.415
1412730000,95.415,95.416,95.0135,95.07
1412744400,95.07,95.173,94.968,95.044
1412758800,95.044,95.2015,94.9225,94.951
1412773200,94.951,94.9865,94.7115,94.962
1412787600,94.962,95.7005,94.916,95.543
1412802000,95.543,95.738,95.2575,95.685
1412816400,95.685,95.8375,95.625,95.8235
1412830800,95.8235,95.8405,95.5845,95.6885
1412845200,95.6885,95.7365,95.269,95.34
1412859600,95.34,95.367,94.683,94.814
1412874000,94.814,94.823,94.442,94.707
1412888400,94.707,94.707,94.228,94.3375
1412902800,94.3375,94.622,94.3205,94.5655
1412917200,94.5655,94.64,94.157,94.1965
1412931600,94.1965,94.2065,93.6815,93.9825
1412946000,93.9825,94.234,93.7695,94.0715
1412960400,94.0715,94.083,93.4455,93.494
1413147600,93.494,93.565,92.8705,93.2275
1413162000,93.2275,93.6905,93.174,93.6315
1413176400,93.6315,93.8985,93.527,93.8825
1413190800,93.8825,94.086,93.7705,94.0665
1413205200,94.0665,94.315,93.8755,94.0865
1413219600,94.0865,94.1485,93.665,93.721
1413234000,93.721,93.791,93.5895,93.677
1413248400,93.677,94.516,93.6505,94.256
1413262800,94.256,94.299,93.5785,93.58
1413277200,93.58,93.721,93.1835,93.5685
1413291600,93.5685,93.6395,93.273,93.4485
1413306000,93.4485,93.498,92.954,93.2825
1413320400,93.2825,93.489,93.1415,93.148
1413334800,93.148,93.552,92.978,93.545
1413349200,93.545,94.018,93.417,93.4955
1413363600,93.4955,93.644,93.1025,93.218
1413378000,93.218,93.583,92.911,92.963
1413392400,92.963,93.6275,92.192,93.5225
1413406800,93.5225,93.5285,93.0265,93.3745
1413421200,93.3745,93.406,93.1815,93.263
1413435600,93.263,93.376,92.495,92.5015
1413450000,92.5015,92.536,91.763,91.9865
1413464400,91.9865,93.275,91.9715,93.093
1413478800,93.093,93.301,92.9495,93.1055
1413493200,93.1055,93.411,92.906,93.2765
1413507600,93.2765,93.5135,92.791,92.9555
1413522000,92.9555,93.631,92.754,93.621
1413536400,93.621,93.737,93.3925,93.463
1413550800,93.463,93.5955,93.2815,93.5275
1413565200,93.5275,93.73,93.375,93.481
1413752400,93.481,94.0065,93.481,93.947
1413766800,93.947,94.2175,93.943,94.193
1413781200,94.193,94.1955,93.73,93.7305
1413795600,93.7305,94.028,93.594,93.8435
1413810000,93.8435,94.0325,93.737,93.859
1413824400,93.859,94.035,93.8585,93.942
1413838800,93.942,94.027,93.7445,93.824
1413853200,93.824,94.172,93.5655,93.789
1413867600,93.789,93.9485,93.563,93.819
1413882000,93.819,94.198,93.7735,94.136
1413896400,94.136,94.191,93.6515,93.7875
1413910800,93.7875,93.992,93.73,93.9445
1413925200,93.9445,94.0745,93.582,93.9195
1413939600,93.9195,94.047,93.797,94.0265
1413954000,94.0265,94.0935,93.7715,93.904
1413968400,93.904,94.2075,93.8985,94.109
1413982800,94.109,94.5725,94.064,94.254
1413997200,94.254,94.3155,93.9835,94.0575
1414011600,94.0575,94.1095,93.8025,93.8245
1414026000,93.8245,94.086,93.81,93.984
1414040400,93.984,94.5165,93.908,94.4215
1414054800,94.4215,94.765,94.3535,94.7305
1414069200,94.7305,94.939,94.6145,94.7935
1414083600,94.7935,94.896,94.635,94.867
1414098000,94.867,94.901,94.125,94.2865
1414112400,94.2865,94.637,94.1695,94.564
1414126800,94.564,94.971,94.5445,94.912
1414141200,94.912,95.2205,94.7765,95.155
1414155600,95.155,95.2875,95.0775,95.0985
1414170000,95.0985,95.225,95.036,95.139
1414357200,95.139,95.396,95.139,95.2005
1414371600,95.2005,95.2475,95.018,95.202
1414386000,95.202,95.2065,94.8715,94.9265
1414400400,94.9265,95.088,94.7875,94.8435
1414414800,94.8435,94.951,94.743,94.838
1414429200,94.838,94.9215,94.815,94.902
1414443600,94.902,95.136,94.84,95.1305
1414458000,95.1305,95.1975,95.0345,95.1025
1414472400,95.1025,95.3525,95.035,95.2605
1414486800,95.2605,95.6975,95.219,95.5775
1414501200,95.5775,95.7095,95.5175,95.689
1414515600,95.689,95.841,95.6485,95.7895
1414530000,95.7895,95.8895,95.674,95.8525
1414544400,95.8525,95.9115,95.7845,95.8865
1414558800,95.8865,95.9415,95.713,95.8395
1414573200,95.8395,96.155,95.836,96.14
1414587600,96.14,96.2855,96.0795,96.1945
1414602000,96.1945,96.2005,95.5465,95.798
1414616400,95.798,95.798,95.3845,95.6365
1414630800,95.6365,95.765,95.511,95.6175
1414645200,95.6175,95.9015,95.541,95.901
1414659600,95.901,96.002,95.7075,95.966
1414674000,95.966,96.275,95.85,96.236
1414688400,96.236,96.6825,96.2325,96.4765
1414702800,96.4765,96.6705,96.344,96.387
1414717200,96.387,97.04,96.383,97.0175
1414731600,97.0175,98.314,97.0165,98.294
1414746000,98.294,98.752,98.2295,98.3735
1414760400,98.3735,98.703,98.2795,98.6455
1414774800,98.6455,98.902,98.481,98.8195
1414965600,98.8195,98.961,98.143,98.252
1414980000,98.252,98.547,98.213,98.49
1414994400,98.49,98.754,98.4785,98.7195
1415008800,98.7195,99.198,98.704,99.1605
1415023200,99.1605,99.3975,98.9785,99.069
1415037600,99.069,99.0725,98.755,99.0025
1415052000,99.0025,99.0025,98.3105,98.7135
1415066400,98.7135,99.2195,98.624,98.9405
1415080800,98.9405,99.168,98.9015,99.068
1415095200,99.068,99.143,98.874,99.062
1415109600,99.062,99.166,98.817,99.1245
1415124000,99.1245,99.3275,99.028,99.2775
1415138400,99.2775,99.3965,99.1305,99.307
1415152800,99.307,99.717,99.301,99.709
1415167200,99.709,99.7135,99.1125,99.2115
1415181600,99.2115,99.2125,98.616,98.8185
1415196000,98.8185,98.838,98.2275,98.3805
1415210400,98.3805,98.62,98.2835,98.5305
1415224800,98.5305,98.649,98.0615,98.6105
1415239200,98.6105,98.846,98.314,98.5
1415253600,98.5,98.784,98.448,98.7165
1415268000,98.7165,98.871,98.5685,98.6495
1415282400,98.6495,98.74,98.245,98.3995
1415296800,98.3995,98.6635,98.3765,98.61
1415311200,98.61,98.73,98.494,98.649
1415325600,98.649,98.7725,98.5275,98.6675
1415340000,98.6675,99.056,98.6385,99.035
1415354400,99.035,99.264,98.855,99.0295
1415368800,99.0295,99.141,98.762,98.9205
1415383200,98.9205,98.994,98.7585,98.9375
1415570400,98.9375,99.104,98.8105,99.044
1415584800,99.044,99.092,98.8735,99.007
1415599200,99.007,99.0465,98.782,98.9625
1415613600,98.9625,99.08,98.8695,99.0275
1415628000,99.0275,99.156,98.972,98.9845
1415642400,98.9845,99.034,98.9055,99.0285
1415656800,99.0285,99.2215,98.978,99.1595
1415671200,99.1595,99.47,99.115,99.4325
1415685600,99.4325,99.8255,99.3305,99.7695
1415700000,99.7695,100.1105,99.76,100.053
1415714400,100.053,100.432,99.9885,100.362
1415728800,100.362,100.6985,100.209,100.5595
1415743200,100.5595,100.8465,100.4405,100.474
1415757600,100.474,100.584,100.1145,100.1555
1415772000,100.1555,100.481,100.067,100.318
1415786400,100.318,100.546,100.122,100.3755
1415800800,100.3755,100.8445,100.341,100.678
1415815200,100.678,100.81,100.654,100.6615
1415829600,100.6615,100.9065,100.608,100.8695
1415844000,100.8695,100.9145,100.276,100.707
1415858400,100.707,101.019,100.6865,101.0155
1415872800,101.0155,101.2105,100.89,100.932
1415887200,100.932,101.1995,100.8805,100.907
1415901600,100.907,100.9965,100.7395,100.94
1415916000,100.94,101.0145,100.778,100.853
1415930400,100.853,100.9725,100.806,100.9705
1415944800,100.9705,101.3005,100.901,101.297
1415959200,101.297,101.428,101.0135,101.098
1415973600,101.098,101.9195,101.0555,101.6955
1415988000,101.6955,101.866,101.653,101.732
1416175200,101.732,102.404,101.732,101.8915
1416189600,101.8915,101.9225,101.4685,101.607
1416204000,101.607,101.7765,101.2595,101.3255
1416218400,101.3255,101.6335,101.2835,101.4555
1416232800,101.4555,101.587,101.248,101.48
1416247200,101.48,101.5965,101.412,101.5835
1416261600,101.5835,101.8,101.475,101.6385
1416276000,101.6385,101.77,101.611,101.6615
1416290400,101.6615,102.239,101.642,101.827
1416304800,101.827,101.955,101.3295,101.6545
1416319200,101.6545,101.959,101.621,101.949
1416333600,101.949,102.1205,101.8935,101.8955
1416348000,101.8955,101.9755,101.4615,101.745
1416362400,101.745,101.7665,101.4665,101.621
1416376800,101.621,101.8085,101.3385,101.456
1416391200,101.456,101.7435,101.456,101.724
1416405600,101.724,101.7565,101.4285,101.5365
1416420000,101.5365,101.7825,101.385,101.6765
1416434400,101.6765,101.8235,101.4825,101.698
1416448800,101.698,101.971,101.626,101.941
1416463200,101.941,102.024,101.5945,101.846
1416477600,101.846,101.934,101.5955,101.61
1416492000,101.61,101.9015,101.4495,101.7655
1416506400,101.7655,101.9625,101.6975,101.9165
1416520800,101.9165,102.0075,101.51,101.63
1416535200,101.63,101.865,101.4995,101.733
1416549600,101.733,101.795,101.487,101.619
1416564000,101.619,102.8465,101.566,102.479
1416578400,102.479,102.5505,101.898,102.214
1416592800,102.214,102.329,101.99,102.1715
1416780000,102.1715,102.3555,102.1465,102.337
1416794400,102.337,102.471,102.2705,102.432
1416808800,102.432,102.446,102.174,102.21
1416823200,102.21,102.26,101.972,102.0815
1416837600,102.0815,102.2085,101.8575,101.977
1416852000,101.977,101.9895,101.825,101.934
1416866400,101.934,102.0135,101.397,101.562
1416880800,101.562,101.6305,101.029,101.4105
1416895200,101.4105,101.43,100.6905,100.891
1416909600,100.891,101.048,100.6395,100.7385
1416924000,100.7385,100.8465,100.4885,100.516
1416938400,100.516,100.657,100.412,100.6115
1416952800,100.6115,100.881,100.499,100.601
1416967200,100.601,100.673,100.508,100.5905
1416981600,100.5905,100.8055,99.927,100.087
1416996000,100.087,100.325,99.9585,100.1585
1417010400,100.1585,100.4505,100.0635,100.447
1417024800,100.447,100.7335,100.447,100.682
1417039200,100.682,100.7105,100.339,100.5805
1417053600,100.5805,100.933,100.5805,100.715
1417068000,100.715,101.061,100.654,100.755
1417082400,100.755,100.7965,100.568,100.6585
1417096800,100.6585,100.772,100.579,100.6405
1417111200,100.6405,100.721,100.5725,100.5745
1417125600,100.5745,100.6875,100.3895,100.6525
1417140000,100.6525,100.726,100.3755,100.4875
1417154400,100.4875,100.7065,100.3715,100.689
1417168800,100.689,100.8485,100.642,100.7695
1417183200,100.7695,101.354,100.69,100.999
1417197600,100.999,101.0575,100.871,100.8905
1417384800,100.8905,100.8905,100.139,100.263
1417399200,100.263,100.538,100.247,100.32
1417413600,100.32,100.668,100.1005,100.368
1417428000,100.368,100.678,100.3465,100.5975
1417442400,100.5975,100.791,100.248,100.78
1417456800,100.78,100.806,100.491,100.496
1417471200,100.496,100.577,100.2735,100.4325
1417485600,100.4325,100.9415,100.3685,100.869
1417500000,100.869,101.167,100.758,100.8365
1417514400,100.8365,100.8395,100.438,100.7465
1417528800,100.7465,100.824,100.5855,100.691
1417543200,100.691,100.7545,100.6405,100.6765
1417557600,100.6765,100.9065,100.0865,100.405
1417572000,100.405,100.489,99.989,100.113
1417586400,100.113,100.4655,100.076,100.4495
1417600800,100.4495,100.7635,100.435,100.5265
1417615200,100.5265,100.8885,100.518,100.832
1417629600,100.832,100.847,100.6185,100.691
1417644000,100.691,100.9505,100.4735,100.689
1417658400,100.689,100.742,100.461,100.4655
1417672800,100.4655,100.529,100.226,100.357
1417687200,100.357,100.641,100.349,100.4605
1417701600,100.4605,100.661,100.2305,100.536
1417716000,100.536,100.567,100.329,100.4295
1417730400,100.4295,100.6,100.3555,100.506
1417744800,100.506,100.57,100.4265,100.5205
1417759200,100.5205,100.7875,100.5205,100.766
1417773600,100.766,101.048,100.649,100.9365
1417788000,100.9365,101.368,100.9055,101.1205
1417802400,101.1205,101.1905,101.0045,101.108
1417989600,101.108,101.2015,100.922,101.122
1418004000,101.122,101.135,100.569,100.72
1418018400,100.72,100.741,100.1885,100.419
1418032800,100.419,100.649,100.2835,100.3405
1418047200,100.3405,100.5285,100.1105,100.1145
1418061600,100.1145,100.174,99.869,100.098
1418076000,100.098,100.2085,99.562,99.71
1418090400,99.71,99.765,98.9025,98.947
1418104800,98.947,99.4235,98.7935,99.393
1418119200,99.393,99.5685,99.1465,99.3095
1418133600,99.3095,99.4875,98.5605,99.2165
1418148000,99.2165,99.357,99.146,99.27
1418162400,99.27,99.316,98.929,99.092
1418176800,99.092,99.1895,98.793,99.1455
1418191200,99.1455,99.254,98.9215,99.1245
1418205600,99.1245,99.4735,99.042,99.069
1418220000,99.069,99.0735,98.207,98.3405
1418234400,98.3405,98.4385,97.781,98.0125
1418248800,98.0125,98.702,97.892,98.642
1418263200,98.642,98.658,98.284,98.4605
1418277600,98.4605,98.5465,97.9055,98.006
1418292000,98.006,98.3485,97.4495,98.1365
1418306400,98.1365,98.77,98.126,98.715
1418320800,98.715,98.784,98.161,98.1615
1418335200,98.1615,98.4265,98.0685,98.194
1418349600,98.194,98.3795,98.122,98.379
1418364000,98.379,98.407,97.8975,97.9435
1418378400,97.9435,98.076,97.785,97.8005
1418392800,97.8005,98.212,97.7015,97.752
1418407200,97.752,98.018,97.7265,97.9435
1418594400,97.9435,97.9435,96.846,97.6945
1418608800,97.6945,97.88,97.373,97.809
1418623200,97.809,98.0215,97.41,98.012
1418637600,98.012,98.0265,97.3795,97.5145
1418652000,97.5145,97.568,96.824,97.0065
1418666400,97.0065,97.0255,96.621,96.737
1418680800,96.737,96.9695,96.654,96.773
1418695200,96.773,96.9045,96.3915,96.448
1418709600,96.448,96.698,95.862,96.1485
1418724000,96.1485,96.429,95.2985,95.671
1418738400,95.671,96.7365,95.4955,96.3775
1418752800,96.3775,96.528,95.535,95.667
1418767200,95.667,96.2305,95.585,95.8765
1418781600,95.8765,95.899,95.2235,95.419
1418796000,95.419,95.9355,95.3415,95.7265
1418810400,95.7265,96.041,95.699,95.911
1418824800,95.911,96.268,95.7345,96.2135
1418839200,96.2135,96.6355,95.815,96.369
1418853600,96.369,96.7035,96.3135,96.507
1418868000,96.507,96.6685,96.2575,96.3785
1418882400,96.3785,97.192,96.3285,97.0065
1418896800,97.0065,97.615,96.96,97.5855
1418911200,97.5855,97.6145,96.748,97.059
1418925600,97.059,97.11,96.7915,97.0275
1418940000,97.0275,97.317,96.9465,97.3145
1418954400,97.3145,97.773,97.1835,97.7255
1418968800,97.7255,97.796,97.2655,97.359
1418983200,97.359,97.6085,97.282,97.4055
1418997600,97.4055,97.505,97.074,97.119
1419012000,97.119,97.4265,97.0825,97.331
1419199200,97.331,97.3835,97.105,97.2095
1419213600,97.2095,97.598,97.2095,97.5935
1419228000,97.5935,97.6875,97.456,97.644
1419242400,97.644,97.686,97.5115,97.537
1419256800,97.537,97.6695,97.4905,97.57
1419271200,97.57,97.629,97.5045,97.6225
1419285600,97.6225,97.6785,97.475,97.665
1419300000,97.665,97.685,97.2705,97.368
1419314400,97.368,97.635,97.189,97.575
1419328800,97.575,97.859,97.5365,97.8385
1419343200,97.8385,97.898,97.6215,97.7365
1419357600,97.7365,97.847,97.6685,97.821
1419372000,97.821,97.9715,97.7275,97.7795
1419386400,97.7795,97.831,97.578,97.756
1419400800,97.756,97.7765,97.594,97.715
1419415200,97.715,97.8035,97.634,97.7475
1419429600,97.7475,97.759,97.6345,97.6755
1419444000,97.6755,97.69,97.604,97.6785
1419544800,97.6785,97.728,97.281,97.6615
1419559200,97.6615,97.713,97.5875,97.67
1419573600,97.67,97.8095,97.629,97.7575
1419588000,97.7575,97.8765,97.742,97.8705
1419602400,97.8705,97.8895,97.643,97.6895
1419616800,97.6895,97.8145,97.6245,97.762
1419804000,97.762,97.9495,97.628,97.9475
1419818400,97.9475,97.9745,97.7765,97.8325
1419832800,97.8325,98.19,97.787,98.1815
1419847200,98.1815,98.2165,98.0705,98.104
1419861600,98.104,98.3065,98.102,98.2015
1419876000,98.2015,98.2145,98.0515,98.104
1419890400,98.104,98.218,97.852,97.8785
1419904800,97.8785,97.968,97.822,97.8905
1419919200,97.8905,97.8925,97.307,97.7225
1419933600,97.7225,97.8205,97.4275,97.7505
1419948000,97.7505,97.9805,97.394,97.689
1419962400,97.689,97.8195,97.6775,97.752
1419976800,97.752,98.0145,97.6485,97.956
1419991200,97.956,98.086,97.9065,98.0805
1420005600,98.0805,98.098,97.821,97.8915
1420020000,97.8915,97.998,97.835,97.9085
1420034400,97.9085,98.253,97.569,97.841
1420048800,97.841,97.9375,97.808,97.8455
1420149600,97.8455,98.1165,97.8215,97.8425
1420164000,97.8425,98.0055,97.783,97.98
1420178400,97.98,98.095,97.93,98.0435
1420192800,98.0435,98.064,97.778,97.795
1420207200,97.795,97.8945,97.4155,97.542
1420221600,97.542,97.672,97.3565,97.473
1420408800,97.473,97.5495,96.984,97.3205
1420423200,97.3205,97.387,96.826,96.9345
1420437600,96.9345,97.232,96.81,97.2155
1420452000,97.2155,97.3045,96.7765,96.7765
1420466400,96.7765,96.974,96.5465,96.778
1420480800,96.778,96.9015,96.6945,96.7095
1420495200,96.7095,96.985,96.3935,96.949
1420509600,96.949,97.227,96.7475,96.867
1420524000,96.867,97.013,96.5705,96.625
1420538400,96.625,97.0265,96.5365,96.6865
1420552800,96.6865,96.704,95.8495,96.0495
1420567200,96.0495,96.275,95.691,95.702
1420581600,95.702,96.087,95.6585,96.087
1420596000,96.087,96.226,95.8495,95.946
1420610400,95.946,96.2375,95.7995,95.7995
1420624800,95.7995,96.399,95.7715,96.184
1420639200,96.184,96.2795,95.9495,96.2015
1420653600,96.2015,96.344,95.981,96.3415
1420668000,96.3415,96.9,96.272,96.8695
1420682400,96.8695,97.1505,96.773,97.113
1420696800,97.113,97.258,97.008,97.1265
1420711200,97.1265,97.198,96.837,96.8545
1420725600,96.8545,97.231,96.7735,97.151
1420740000,97.151,97.262,97.002,97.19
1420754400,97.19,97.44,97.097,97.2105
1420768800,97.2105,97.3565,96.9935,97.1295
1420783200,97.1295,97.1435,96.838,96.8985
1420797600,96.8985,97.4875,96.89,97.438
1420812000,97.438,97.6585,97.0425,97.1095
1420826400,97.1095,97.3195,97.076,97.2385
1421013600,97.2385,97.4365,97.098,97.415
1421028000,97.415,97.609,97.362,97.4815
1421042400,97.4815,97.5985,97.1205,97.2425
1421056800,97.2425,97.443,96.7005,96.883
1421071200,96.883,96.899,96.385,96.4685
1421085600,96.4685,96.678,96.397,96.5355
1421100000,96.5355,96.581,96.05,96.29
1421114400,96.29,96.818,96.2755,96.785
1421128800,96.785,96.9935,96.4365,96.483
1421143200,96.483,96.753,96.3795,96.4955
1421157600,96.4955,96.7255,96.228,96.2855
1421172000,96.2855,96.3575,95.816,96.299
1421186400,96.299,96.35,95.798,95.798
1421200800,95.798,95.798,94.641,94.789
1421215200,94.789,95.228,94.2575,95.2135
1421229600,95.2135,95.407,94.8165,94.9735
1421244000,94.9735,95.4635,94.9025,95.4605
1421258400,95.4605,95.737,95.226,95.618
1421272800,95.618,96.7505,95.5265,96.3695
1421287200,96.3695,96.708,96.264,96.7055
1421301600,96.7055,96.9535,95.1965,95.81
1421316000,95.81,96.6275,95.2735,96.4515
1421330400,96.4515,96.534,95.658,95.839
1421344800,95.839,95.861,95.4405,95.461
1421359200,95.461,95.8195,94.984,95.6985
1421373600,95.6985,95.983,95.384,95.8665
1421388000,95.8665,96.0925,95.5475,95.6105
1421402400,95.6105,95.988,95.529,95.6325
1421416800,95.6325,96.715,95.5555,96.6505
1421431200,96.6505,96.919,96.5345,96.633
1421618400,96.633,96.868,96.1085,96.302
1421632800,96.302,96.4705,95.929,96.2315
1421647200,96.2315,96.3965,96.1205,96.222
1421661600,96.222,96.583,96.1505,96.582
1421676000,96.582,96.654,96.4105,96.472
1421690400,96.472,96.6675,96.4245,96.54
1421704800,96.54,96.924,96.359,96.9145
1421719200,96.9145,97.171,96.4205,96.8035
1421733600,96.8035,97.1125,96.677,97.0535
1421748000,97.0535,97.3945,97.0045,97.1115
1421762400,97.1115,97.22,96.6845,96.997
1421776800,96.997,97.1785,96.9605,97.0925
1421791200,97.0925,97.095,96.719,96.9275
1421805600,96.9275,97.0445,96.616,96.7885
1421820000,96.7885,96.8385,96.219,96.3165
1421834400,96.3165,96.706,96.282,96.439
1421848800,96.439,96.5775,95.3535,95.5335
1421863200,95.5335,95.582,95.23,95.375
1421877600,95.375,95.6105,95.274,95.5015
1421892000,95.5015,95.5455,95.1795,95.342
1421906400,95.342,95.553,95.299,95.4065
1421920800,95.4065,95.8655,95.332,95.46
1421935200,95.46,95.6435,95.0925,95.408
1421949600,95.408,95.5475,94.842,95.1205
1421964000,95.1205,95.3675,94.863,95.0235
1421978400,95.0235,95.0945,94.545,94.5745
1421992800,94.5745,94.6835,93.963,94.22
1422007200,94.22,94.3905,93.135,93.435
1422021600,93.435,93.711,93.055,93.3485
1422036000,93.3485,93.4645,93.1115,93.179
1422223200,93.179,93.179,92.179,92.9405
1422237600,92.9405,93.037,92.5615,92.9045
1422252000,92.9045,93.6465,92.7815,93.56
1422266400,93.56,93.834,93.403,93.743
1422280800,93.743,93.971,93.574,93.834
1422295200,93.834,93.887,93.744,93.8495
1422309600,93.8495,94.014,93.7355,93.855
1422324000,93.855,94.0115,93.5145,93.9235
1422338400,93.9235,94.095,93.4505,93.899
1422352800,93.899,93.9885,93.1895,93.2945
1422367200,93.2945,93.618,93.266,93.44
1422381600,93.44,93.6765,93.3375,93.5505
1422396000,93.5505,94.4165,93.2445,94.287
1422410400,94.287,94.536,94.1745,94.4655
1422424800,94.4655,94.625,93.972,94.202
1422439200,94.202,94.274,93.501,93.7845
1422453600,93.7845,93.979,93.6405,93.935
1422468000,93.935,94.088,92.6455,92.749
1422482400,92.749,93.0945,92.606,92.998
1422496800,92.998,93.2975,92.447,92.6165
1422511200,92.6165,92.8045,91.9805,92.162
1422525600,92.162,92.194,91.655,91.838
1422540000,91.838,91.995,91.3955,91.4245
1422554400,91.4245,92.025,91.389,91.8285
1422568800,91.8285,92.232,91.7865,91.902
1422583200,91.902,91.994,91.578,91.791
1422597600,91.791,91.811,91.267,91.308
1422612000,91.308,91.7425,90.869,90.938
1422626400,90.938,91.539,90.873,91.149
1422640800,91.149,91.562,91.0115,91.294
1422828000,91.294,91.6105,90.7015,91.6095
1422842400,91.6095,91.712,91.349,91.5905
1422856800,91.5905,92.0405,91.505,91.619
1422871200,91.619,91.872,91.5,91.67
1422885600,91.67,91.85,91.555,91.699
1422900000,91.699,91.8075,91.445,91.769
1422914400,91.769,91.837,91.476,91.573
1422928800,91.573,91.6955,89.4495,89.6635
1422943200,89.6635,90.074,89.376,89.9525
1422957600,89.9525,90.643,89.909,90.629
1422972000,90.629,91.1525,90.3415,91.0715
1422986400,91.0715,92.0385,91.0515,91.597
1423000800,91.597,92.091,91.2575,91.798
1423015200,91.798,92.3735,91.7495,92.282
1423029600,92.282,92.303,91.3275,91.361
1423044000,91.361,92.171,91.25,91.3665
1423058400,91.3665,91.4245,90.977,91.1085
1423072800,91.1085,91.5855,90.7295,90.9165
1423087200,90.9165,91.2205,90.751,91.0055
1423101600,91.0055,91.4785,91.004,91.102
1423116000,91.102,91.6755,90.9945,91.6635
1423130400,91.6635,91.88,91.4975,91.5455
1423144800,91.5455,91.736,91.365,91.4375
1423159200,91.4375,91.9355,91.384,91.6455
1423173600,91.6455,92.2695,91.5845,91.886
1423188000,91.886,92.019,91.669,91.9695
1423202400,91.9695,92.0285,91.74,91.9215
1423216800,91.9215,92.9025,91.8125,92.858
1423231200,92.858,93.1075,92.536,92.885
1423245600,92.885,93.035,92.6295,92.884
1423432800,92.884,92.884,92.1175,92.3135
1423447200,92.3135,92.346,92.1905,92.2825
1423461600,92.2825,92.595,92.2015,92.4505
1423476000,92.4505,92.727,92.4265,92.633
1423490400,92.633,92.9805,92.5735,92.718
1423504800,92.718,92.789,92.436,92.558
1423519200,92.558,92.6815,92.3515,92.5685
1423533600,92.5685,92.91,92.53,92.725
1423548000,92.725,92.865,92.2865,92.2905
1423562400,92.2905,92.8995,92.248,92.798
1423576800,92.798,92.9715,92.5075,92.8235
1423591200,92.8235,92.84,92.583,92.799
1423605600,92.799,93.0965,92.733,93.067
1423620000,93.067,93.1045,92.8215,92.9805
1423634400,92.9805,93.055,92.799,93.031
1423648800,93.031,93.0675,92.47,92.649
1423663200,92.649,92.931,92.5945,92.763
1423677600,92.763,93.0165,92.5815,92.9775
1423692000,92.9775,93.072,91.765,91.888
1423706400,91.888,92.226,91.871,92.0215
1423720800,92.0215,92.211,91.278,91.986
1423735200,91.986,92.1815,91.693,91.7715
1423749600,91.7715,92.2605,91.5985,92.034
1423764000,92.034,92.2025,91.938,92.128
1423778400,92.128,92.389,92.014,92.093
1423792800,92.093,92.376,92.0405,92.2825
1423807200,92.2825,92.382,91.97,92.007
1423821600,92.007,92.3655,91.854,92.347
1423836000,92.347,92.3915,92.1795,92.304
1423850400,92.304,92.488,92.0475,92.261
1424037600,92.261,92.377,92.048,92.2885
1424052000,92.2885,92.412,92.189,92.263
1424066400,92.263,92.371,92.1105,92.2235
1424080800,92.2235,92.3165,92.12,92.187
1424095200,92.187,92.2175,91.8385,91.9005
1424109600,91.9005,92.138,91.7545,92.091
1424124000,92.091,92.2315,91.589,92.2185
1424138400,92.2185,92.573,92.1045,92.411
1424152800,92.411,92.8165,92.268,92.668
1424167200,92.668,93.038,92.614,92.8745
1424181600,92.8745,93.162,92.7125,93.131
1424196000,93.131,93.3745,93.127,93.229
1424210400,93.229,93.3085,93.0255,93.1855
1424224800,93.1855,93.2845,93.048,93.114
1424239200,93.114,93.275,92.9855,93.0175
1424253600,93.0175,93.1105,92.878,92.9215
1424268000,92.9215,92.9515,92.684,92.808
1424282400,92.808,93.075,92.6465,92.787
1424296800,92.787,92.8525,92.646,92.7925
1424311200,92.7925,92.9855,92.4075,92.7
1424325600,92.7,92.704,92.1795,92.238
1424340000,92.238,92.786,92.226,92.7505
1424354400,92.7505,92.873,92.5125,92.685
1424368800,92.685,92.726,92.605,92.686
1424383200,92.686,92.822,92.662,92.8215
1424397600,92.8215,92.8895,92.774,92.814
1424412000,92.814,93.132,92.773,93.008
1424426400,93.008,93.1935,92.766,92.916
1424440800,92.916,93.1915,92.4305,93.0325
1424455200,93.0325,93.4575,93.019,93.3285
1424642400,93.3285,93.474,93.189,93.3695
1424656800,93.3695,93.4205,93.1285,93.2415
1424671200,93.2415,93.304,92.784,92.8825
1424685600,92.8825,92.923,92.678,92.757
1424700000,92.757,92.908,92.6355,92.709
1424714400,92.709,92.9165,92.629,92.6985
1424728800,92.6985,92.856,92.6615,92.849
1424743200,92.849,92.8655,92.433,92.559
1424757600,92.559,92.777,92.4905,92.59
1424772000,92.59,92.838,92.565,92.8115
1424786400,92.8115,93.2255,92.768,92.9175
1424800800,92.9175,93.2005,92.7995,93.172
1424815200,93.172,93.577,93.059,93.4955
1424829600,93.4955,93.671,93.421,93.6235
1424844000,93.6235,93.7865,93.5465,93.6255
1424858400,93.6255,93.962,93.54,93.911
1424872800,93.911,93.9645,93.7315,93.8565
1424887200,93.8565,93.966,93.719,93.73
1424901600,93.73,93.747,93.2965,93.3875
1424916000,93.3875,93.508,93.3245,93.3785
1424930400,93.3785,93.906,93.34,93.865
1424944800,93.865,93.922,93.5365,93.597
1424959200,93.597,93.608,93.168,93.273
1424973600,93.273,93.3005,92.9715,93.1445
1424988000,93.1445,93.2185,92.9185,92.9305
1425002400,92.9305,93.0215,92.7335,92.9915
1425016800,92.9915,93.4285,92.971,93.421
1425031200,93.421,93.4775,93.1925,93.2035
1425045600,93.2035,93.652,93.0775,93.498
1425060000,93.498,93.596,93.3805,93.438
1425247200,93.438,93.492,93.213,93.32
1425261600,93.32,93.3365,93.0325,93.164
1425276000,93.164,93.345,92.998,93.336
1425290400,93.336,93.3535,93.13,93.194
1425304800,93.194,93.548,93.1225,93.293
1425319200,93.293,93.383,93.268,93.279
1425333600,93.279,93.321,93.0935,93.1615
1425348000,93.1615,93.853,92.9855,93.7175
1425362400,93.7175,93.7885,93.552,93.552
1425376800,93.552,93.7055,93.4955,93.6125
1425391200,93.6125,93.7255,93.58,93.7015
1425405600,93.7015,93.7295,93.55,93.6005
1425420000,93.6005,93.7005,93.291,93.524
1425434400,93.524,93.609,93.47,93.599
1425448800,93.599,93.7115,93.5075,93.6855
1425463200,93.6855,93.958,93.659,93.8175
1425477600,93.8175,93.8175,93.4395,93.6225
1425492000,93.6225,93.721,93.501,93.5615
1425506400,93.5615,93.71,93.481,93.587
1425520800,93.587,93.898,93.547,93.6835
1425535200,93.6835,93.7785,93.5275,93.7455
1425549600,93.7455,93.897,93.617,93.6575
1425564000,93.6575,93.707,93.2065,93.214
1425578400,93.214,93.498,93.184,93.4885
1425592800,93.4885,93.5415,93.4155,93.523
1425607200,93.523,93.7735,93.5015,93.6065
1425621600,93.6065,93.782,93.577,93.6775
1425636000,93.6775,94.226,93.6645,93.912
1425650400,93.912,93.985,93.2345,93.264
1425664800,93.264,93.3505,93.0675,93.218
1425848400,93.218,93.253,93.076,93.081
1425862800,93.081,93.1625,92.934,93.074
1425877200,93.074,93.3625,93.028,93.3525
1425891600,93.3525,93.492,93.304,93.4025
1425906000,93.4025,93.585,93.3865,93.5515
1425920400,93.5515,93.5985,93.303,93.3165
1425934800,93.3165,93.4255,93.13,93.1835
1425949200,93.1835,93.3965,93.008,93.046
1425963600,93.046,93.2235,92.7625,92.851
1425978000,92.851,92.9755,92.5865,92.79
1425992400,92.79,93.005,92.245,92.3545
1426006800,92.3545,92.428,92.178,92.3765
1426021200,92.3765,92.601,92.2295,92.4695
1426035600,92.4695,92.728,92.1705,92.317
1426050000,92.317,92.5875,92.147,92.544
1426064400,92.544,92.726,92.3615,92.5655
1426078800,92.5655,92.598,91.804,92.0735
1426093200,92.0735,92.383,91.827,92.258
1426107600,92.258,92.631,92.169,92.4695
1426122000,92.4695,92.548,92.121,92.3665
1426136400,92.3665,93.065,92.2485,92.784
1426150800,92.784,93.3435,92.73,93.3075
1426165200,93.3075,93.5635,93.125,93.342
1426179600,93.342,93.586,93.211,93.482
1426194000,93.482,93.5345,93.291,93.3855
1426208400,93.3855,93.5485,93.1815,93.1895
1426222800,93.1895,93.4075,93.1565,93.356
1426237200,93.356,93.363,92.839,93.021
1426251600,93.021,93.1075,92.304,92.556
1426266000,92.556,92.7515,92.346,92.71
1426453200,92.71,92.71,92.3755,92.629
1426467600,92.629,92.8885,92.6025,92.7075
1426482000,92.7075,92.8485,92.5835,92.6995
1426496400,92.6995,92.76,92.5385,92.712
1426510800,92.712,93.044,92.685,92.967
1426525200,92.967,93.0225,92.6585,92.7065
1426539600,92.7065,92.8045,92.4295,92.5485
1426554000,92.5485,92.7305,92.4965,92.6665
1426568400,92.6665,92.986,92.57,92.948
1426582800,92.948,93.005,92.6065,92.6775
1426597200,92.6775,92.7105,92.262,92.4625
1426611600,92.4625,92.5875,92.374,92.4555
1426626000,92.4555,92.5515,92.3725,92.4235
1426640400,92.4235,92.582,92.3965,92.4755
1426654800,92.4755,92.476,92.068,92.1965
1426669200,92.1965,92.408,92.087,92.24
1426683600,92.24,92.6655,92.24,92.615
1426698000,92.615,93.8295,92.503,93.408
1426712400,93.408,93.539,93.0495,93.3075
1426726800,93.3075,93.3595,93.049,93.2
1426741200,93.2,93.2865,92.432,92.551
1426755600,92.551,92.885,92.349,92.4025
1426770000,92.4025,92.508,92.0085,92.1675
1426784400,92.1675,92.416,92.085,92.3835
1426798800,92.3835,92.5775,92.3545,92.5535
1426813200,92.5535,92.824,92.4695,92.665
1426827600,92.665,92.9045,92.665,92.8935
1426842000,92.8935,93.148,92.805,92.938
1426856400,92.938,93.531,92.9135,93.461
1426870800,93.461,93.6565,93.2865,93.349
1427058000,93.349,93.562,93.2845,93.361
1427072400,93.361,93.924,93.2675,93.7845
1427086800,93.7845,93.8005,93.241,93.3655
1427101200,93.3655,93.7305,93.217,93.7205
1427115600,93.7205,94.2195,93.684,94.188
1427130000,94.188,94.59,94.1485,94.353
1427144400,94.353,94.53,94.2145,94.2155
1427158800,94.2155,94.231,93.855,94.0935
1427173200,94.0935,94.3005,94.0145,94.1135
1427187600,94.1135,94.677,93.9995,94.477
1427202000,94.477,94.5965,94.1645,94.2205
1427216400,94.2205,94.3735,94.1005,94.337
1427230800,94.337,94.416,94.161,94.298
1427245200,94.298,94.399,94.177,94.1935
1427259600,94.1935,94.311,94.0145,94.2365
1427274000,94.2365,94.29,94.083,94.191
1427288400,94.191,94.232,93.606,93.681
1427302800,93.681,93.85,93.604,93.7255
1427317200,93.7255,93.8265,93.4355,93.571
1427331600,93.571,93.5775,92.884,93.022
1427346000,93.022,93.358,92.791,93.301
1427360400,93.301,93.508,93.18,93.43
1427374800,93.43,93.4945,93.171,93.2205
1427389200,93.2205,93.3345,93.138,93.306
1427403600,93.306,93.404,93.216,93.2805
1427418000,93.2805,93.316,92.911,92.9665
1427432400,92.9665,93.1285,92.8225,93.058
1427446800,93.058,93.1535,92.8455,92.8865
1427461200,92.8865,92.9415,92.2985,92.565
1427475600,92.565,92.5985,92.2905,92.3315
1427662800,92.3315,92.3745,92.017,92.0985
1427677200,92.0985,92.2655,91.9445,92.0275
1427691600,92.0275,92.1955,91.946,92.0565
1427706000,92.0565,92.177,91.757,91.8315
1427720400,91.8315,91.932,91.643,91.8255
1427734800,91.8255,91.9915,91.788,91.8995
1427749200,91.8995,92.049,91.7455,92.0215
1427763600,92.0215,92.07,91.636,91.748
1427778000,91.748,91.809,91.189,91.266
1427792400,91.266,91.358,91.1185,91.187
1427806800,91.187,91.7295,91.1145,91.3795
1427821200,91.3795,91.48,91.242,91.388
1427835600,91.388,91.5685,91.268,91.417
1427850000,91.417,91.5775,91.167,91.476
1427864400,91.476,91.6595,91.166,91.2855
1427878800,91.2855,91.414,91.154,91.3575
1427893200,91.3575,91.399,90.9975,91.0005
1427907600,91.0005,91.119,90.874,91.005
1427922000,91.005,91.027,90.6595,90.7375
1427936400,90.7375,90.915,90.538,90.824
1427950800,90.824,90.871,90.571,90.5775
1427965200,90.5775,90.629,90.2035,90.5305
1427979600,90.5305,91.037,90.5265,90.6545
1427994000,90.6545,90.9105,90.6535,90.8915
1428008400,90.8915,90.9315,90.6735,90.699
1428022800,90.699,90.959,90.6125,90.8925
1428037200,90.8925,90.9995,90.7995,90.8735
1428051600,90.8735,91.668,90.733,91.2305
1428066000,91.2305,91.3715,90.8545,90.8855
1428080400,90.8855,90.9285,90.779,90.804
1428267600,90.804,90.955,90.654,90.898
1428282000,90.898,90.92,90.654,90.7865
1428296400,90.7865,91.0055,90.7425,90.8825
1428310800,90.8825,90.9675,90.735,90.7915
1428325200,90.7915,91.2085,90.778,91.14
1428339600,91.14,91.153,90.696,90.7265
1428354000,90.7265,90.927,90.5395,90.667
1428368400,90.667,92.042,90.6425,91.908
1428382800,91.908,92.1845,91.7045,91.917
1428397200,91.917,92.1745,91.728,91.8045
1428411600,91.8045,92.1175,91.8015,91.998
1428426000,91.998,92.0615,91.809,91.809
1428440400,91.809,91.993,91.8035,91.9175
1428454800,91.9175,92.0755,91.8185,91.896
1428469200,91.896,92.3535,91.892,92.2635
1428483600,92.2635,92.5345,92.257,92.39
1428498000,92.39,92.603,92.2025,92.453
1428512400,92.453,92.557,92.19,92.312
1428526800,92.312,92.404,92.167,92.2535
1428541200,92.2535,92.675,92.2375,92.492
1428555600,92.492,92.6325,92.38,92.5345
1428570000,92.5345,92.8515,92.5195,92.694
1428584400,92.694,92.8215,92.5295,92.726
1428598800,92.726,92.8555,92.632,92.751
1428613200,92.751,93.005,92.739,92.9405
1428627600,92.9405,93.06,92.761,92.767
1428642000,92.767,92.8145,92.3155,92.326
1428656400,92.326,92.396,91.9965,92.0565
1428670800,92.0565,92.4295,91.935,92.2495
1428685200,92.2495,92.438,92.1925,92.308
1428872400,92.308,92.367,91.9745,92.0405
1428886800,92.0405,92.206,91.31,91.411
1428901200,91.411,91.665,91.2235,91.2925
1428915600,91.2925,91.5445,90.8875,91.0705
1428930000,91.0705,91.281,91.037,91.157
1428944400,91.157,91.224,90.9995,91.171
1428958800,91.171,91.2405,91.062,91.206
1428973200,91.206,91.384,90.999,91.0685
1428987600,91.0685,91.0725,90.4855,90.5095
1429002000,90.5095,91.0325,90.473,90.983
1429016400,90.983,91.1805,90.9025,91.109
1429030800,91.109,91.1335,91.015,91.062
1429045200,91.062,91.0865,90.818,90.936
1429059600,90.936,91.3225,90.741,90.7875
1429074000,90.7875,90.987,90.4835,90.679
1429088400,90.679,90.8995,90.6285,90.846
1429102800,90.846,91.1375,90.7035,90.843
1429117200,90.843,91.5585,90.8335,91.525
1429131600,91.525,91.8525,91.387,91.753
1429146000,91.753,92.6065,91.6545,92.5775
1429160400,92.5775,92.578,92.291,92.4675
1429174800,92.4675,92.762,92.4245,92.6215
1429189200,92.6215,92.934,92.6215,92.841
1429203600,92.841,93.0215,92.721,92.8615
1429218000,92.8615,92.941,92.586,92.73
1429232400,92.73,92.812,92.4615,92.5925
1429246800,92.5925,92.9255,92.5825,92.8825
1429261200,92.8825,93.042,92.698,92.7535
1429275600,92.7535,92.827,92.384,92.4265
1429290000,92.4265,92.643,92.3275,92.543
1429477200,92.543,93.189,92.543,92.947
1429491600,92.947,92.994,92.672,92.677
1429506000,92.677,92.8905,92.593,92.641
1429520400,92.641,92.7445,92.337,92.4985
1429534800,92.4985,92.539,91.9525,92.1645
1429549200,92.1645,92.207,92.004,92.068
1429563600,92.068,92.169,91.8435,91.9295
1429578000,91.9295,92.131,91.747,91.927
1429592400,91.927,92.406,91.844,92.377
1429606800,92.377,92.521,92.1405,92.505
1429621200,92.505,92.667,92.333,92.3745
1429635600,92.3745,92.3865,92.1875,92.2715
1429650000,92.2715,92.395,92.236,92.3595
1429664400,92.3595,93.0005,92.3235,92.908
1429678800,92.908,93.2035,92.8125,93.124
1429693200,93.124,93.1965,92.9725,93.054
1429707600,93.054,93.1925,92.857,93.135
1429722000,93.135,93.208,92.9125,92.993
1429736400,92.993,93.05,92.69,92.835
1429750800,92.835,92.9945,92.66,92.8905
1429765200,92.8905,92.9355,92.582,92.8155
1429779600,92.8155,92.8715,92.553,92.688
1429794000,92.688,93.178,92.6835,93.144
1429808400,93.144,93.1855,92.9075,93.0135
1429822800,93.0135,93.134,92.92,93.1105
1429837200,93.1105,93.1525,92.838,92.934
1429851600,92.934,93.256,92.9,93.077
1429866000,93.077,93.2905,92.8995,93.099
1429880400,93.099,93.241,92.902,93.0305
1429894800,93.0305,93.089,92.9345,93.057
1430082000,93.057,93.18,92.9735,93.073
1430096400,93.073,93.165,92.875,93.06
1430110800,93.06,93.202,92.924,93.0995
1430125200,93.0995,93.277,93.0755,93.2495
1430139600,93.2495,93.7785,93.233,93.4645
1430154000,93.4645,93.599,93.416,93.552
1430168400,93.552,93.769,93.3375,93.6865
1430182800,93.6865,93.7535,93.6085,93.7005
1430197200,93.7005,94.0605,93.691,94.0105
1430211600,94.0105,94.7275,93.9875,94.683
1430226000,94.683,95.2715,94.672,95.242
1430240400,95.242,95.4215,95.195,95.3555
1430254800,95.3555,95.382,94.915,95.18
1430269200,95.18,95.18,94.857,94.9295
1430283600,94.9295,95.2445,94.913,95.1945
1430298000,95.1945,95.583,95.1835,95.51
1430312400,95.51,95.954,95.4695,95.646
1430326800,95.646,95.72,95.303,95.307
1430341200,95.307,95.3675,95.042,95.3655
1430355600,95.3655,95.405,94.6685,94.851
1430370000,94.851,94.8545,94.3695,94.3795
1430384400,94.3795,94.4255,94.0005,94.2505
1430398800,94.2505,94.471,94.0725,94.471
1430413200,94.471,94.5815,94.3155,94.356
1430427600,94.356,94.542,94.324,94.426
1430442000,94.426,94.513,94.2385,94.3705
1430456400,94.3705,94.6665,94.179,94.4915
1430470800,94.4915,94.586,94.083,94.215
1430485200,94.215,94.377,93.827,94.0195
1430499600,94.0195,94.3585,94.0135,94.345
1430686800,94.345,94.345,93.8235,93.8585
1430701200,93.8585,94.125,93.7355,93.936
1430715600,93.936,94.1595,93.878,94.061
1430730000,94.061,94.2685,94.0355,94.169
1430744400,94.169,94.316,94.095,94.277
1430758800,94.277,94.303,94.098,94.132
1430773200,94.132,94.264,94.0965,94.1515
1430787600,94.1515,94.9635,93.627,94.869
1430802000,94.869,95.047,94.4495,94.711
1430816400,94.711,95.076,94.6125,94.9745
1430830800,94.9745,95.4,94.921,95.2365
1430845200,95.2365,95.355,95.0795,95.198
1430859600,95.198,95.266,94.9815,95.2225
1430874000,95.2225,95.6195,95.1075,95.563
1430888400,95.563,95.6565,95.3105,95.552
1430902800,95.552,95.9405,95.48,95.7955
1430917200,95.7955,95.8805,95.3545,95.365
1430931600,95.365,95.42,95.012,95.183
1430946000,95.183,95.3035,94.953,95.076
1430960400,95.076,95.647,94.684,95.3225
1430974800,95.3225,95.52,94.641,94.8165
1430989200,94.8165,94.9905,94.593,94.9625
1431003600,94.9625,95.0125,94.5095,94.71
1431018000,94.71,94.7385,94.5605,94.673
1431032400,94.673,94.812,94.476,94.6305
1431046800,94.6305,94.992,94.322,94.8445
1431061200,94.8445,95.1315,94.657,94.98
1431075600,94.98,95.239,94.6505,95.0705
1431090000,95.0705,95.323,94.536,94.8225
1431104400,94.8225,95.0725,94.7985,95.054
1431291600,95.054,95.054,94.739,94.7755
1431306000,94.7755,94.807,94.465,94.6175
1431320400,94.6175,94.87,94.541,94.7755
1431334800,94.7755,94.85,94.5735,94.821
1431349200,94.821,95.026,94.693,94.852
1431363600,94.852,95.021,94.743,94.753
1431378000,94.753,94.92,94.7435,94.7925
1431392400,94.7925,95.3045,94.7465,95.2715
1431406800,95.2715,95.5165,95.2115,95.515
1431421200,95.515,95.9255,95.417,95.6975
1431435600,95.6975,95.768,95.491,95.659
1431450000,95.659,95.933,95.571,95.613
1431464400,95.613,95.9455,95.297,95.733
1431478800,95.733,95.838,95.4415,95.6165
1431493200,95.6165,95.9455,95.504,95.858
1431507600,95.858,96.596,95.752,96.5295
1431522000,96.5295,96.7785,96.368,96.6075
1431536400,96.6075,96.745,96.458,96.6695
1431550800,96.6695,96.9375,96.5355,96.8775
1431565200,96.8775,97.2995,96.7845,96.816
1431579600,96.816,96.9085,96.1395,96.2615
1431594000,96.2615,96.7445,96.2515,96.6695
1431608400,96.6695,96.827,96.171,96.39
1431622800,96.39,96.39,96.168,96.298
1431637200,96.298,96.4425,95.9615,96.1105
1431651600,96.1105,96.313,96.087,96.177
1431666000,96.177,96.335,95.812,95.831
1431680400,95.831,96.113,95.826,95.9025
1431694800,95.9025,96.185,95.775,95.9985
1431709200,95.9985,96.027,95.8735,95.886
1431896400,95.886,96.0975,95.648,95.8285
1431910800,95.8285,96.007,95.78,95.959
1431925200,95.959,96.0605,95.6435,95.886
1431939600,95.886,95.935,95.689,95.7145
1431954000,95.7145,96.013,95.6425,95.8625
1431968400,95.8625,95.9855,95.718,95.874
1431982800,95.874,95.939,95.7515,95.7725
1431997200,95.7725,95.9695,95.4445,95.851
1432011600,95.851,96.0645,95.6215,95.68
1432026000,95.68,95.8455,95.457,95.526
1432040400,95.526,95.6505,95.3885,95.4235
1432054800,95.4235,95.589,95.4125,95.5155
1432069200,95.5155,95.6455,95.4745,95.6315
1432083600,95.6315,95.891,95.5945,95.795
1432098000,95.795,95.87,95.3975,95.464
1432112400,95.464,95.5955,95.3985,95.5345
1432126800,95.5345,95.6285,95.2695,95.578
1432141200,95.578,95.755,95.452,95.573
1432155600,95.573,95.589,95.377,95.515
1432170000,95.515,95.7345,95.464,95.7265
1432184400,95.7265,95.7685,95.4765,95.608
1432198800,95.608,95.6185,95.382,95.3965
1432213200,95.3965,95.5465,95.3355,95.483
1432227600,95.483,95.577,95.409,95.56
1432242000,95.56,95.7105,95.5215,95.682
1432256400,95.682,95.7685,95.5975,95.668
1432270800,95.668,95.771,95.3885,95.4185
1432285200,95.4185,95.482,95.101,95.2345
1432299600,95.2345,95.242,94.98,95.07
1432314000,95.07,95.2175,94.9505,95.159
1432501200,95.159,95.1825,94.9355,95.0265
1432515600,95.0265,95.299,95.025,95.2425
1432530000,95.2425,95.2595,95.0705,95.2055
1432544400,95.2055,95.25,95.0925,95.1095
1432558800,95.1095,95.174,95.047,95.104
1432573200,95.104,95.14,95.0495,95.1125
1432587600,95.1125,95.1995,95.0725,95.166
1432602000,95.166,95.4615,95.156,95.423
1432616400,95.423,95.747,95.3045,95.5635
1432630800,95.5635,95.7695,95.51,95.561
1432645200,95.561,95.614,95.1615,95.1825
1432659600,95.1825,95.2645,95.0925,95.233
1432674000,95.233,95.3275,95.131,95.2905
1432688400,95.2905,95.435,95.206,95.3885
1432702800,95.3885,95.506,95.1425,95.3015
1432717200,95.3015,95.616,95.197,95.234
1432731600,95.234,95.5325,95.1675,95.506
1432746000,95.506,95.6855,95.4445,95.5815
1432760400,95.5815,95.8,95.506,95.8
1432774800,95.8,96.0045,95.07,95.295
1432789200,95.295,95.4145,94.9105,95.0905
1432803600,95.0905,95.143,94.773,94.832
1432818000,94.832,94.95,94.615,94.6625
1432832400,94.6625,94.921,94.5845,94.8185
1432846800,94.8185,94.908,94.688,94.7195
1432861200,94.7195,94.905,94.629,94.873
1432875600,94.873,95.0165,94.662,94.7625
1432890000,94.7625,94.8875,94.6735,94.7515
1432904400,94.7515,95.148,94.663,94.9885
1432918800,94.9885,95.067,94.8365,94.9025
1433106000,94.9025,95.0475,94.774,94.979
1433120400,94.979,95.096,94.819,95.0145
1433134800,95.0145,95.182,94.8345,94.8795
1433149200,94.8795,94.8815,94.6135,94.763
1433163600,94.763,94.997,94.649,94.947
1433178000,94.947,94.9915,94.8715,94.9185
1433192400,94.9185,95.2185,94.9005,95.162
1433206800,95.162,95.782,95.1125,95.659
1433221200,95.659,95.982,95.6285,95.705
1433235600,95.705,96.0765,95.604,95.8365
1433250000,95.8365,96.4905,95.826,96.452
1433264400,96.452,96.5885,96.353,96.466
1433278800,96.466,96.5215,96.2575,96.362
1433293200,96.362,96.903,96.333,96.575
1433307600,96.575,96.7975,96.5545,96.66
1433322000,96.66,96.778,96.626,96.7075
1433336400,96.7075,96.993,96.6715,96.824
1433350800,96.824,96.8295,96.6045,96.733
1433365200,96.733,96.7575,96.5645,96.6365
1433379600,96.6365,96.722,95.983,96.2215
1433394000,96.2215,96.225,95.7775,96.14
1433408400,96.14,96.3015,95.9385,96.018
1433422800,96.018,96.0485,95.4315,95.693
1433437200,95.693,95.705,95.4275,95.619
1433451600,95.619,95.747,95.478,95.743
1433466000,95.743,95.916,95.691,95.846
1433480400,95.846,96.0345,95.728,96.0045
1433494800,96.0045,96.437,95.732,95.7445
1433509200,95.7445,96.1105,95.5805,95.7045
1433523600,95.7045,95.8645,95.619,95.7865
1433710800,95.7865,95.8225,95.553,95.577
1433725200,95.577,95.7985,95.4335,95.4925
1433739600,95.4925,95.7955,95.4735,95.7155
1433754000,95.7155,95.8065,95.618,95.6365
1433768400,95.6365,95.7765,95.6145,95.6625
1433782800,95.6625,95.9655,95.651,95.8815
1433797200,95.8815,95.916,95.72,95.8005
1433811600,95.8005,96.1065,95.71,95.79
1433826000,95.79,95.794,95.2455,95.3105
1433840400,95.3105,95.6455,95.175,95.476
1433854800,95.476,95.762,95.3225,95.369
1433869200,95.369,95.662,95.3645,95.6355
1433883600,95.6355,95.746,95.471,95.574
1433898000,95.574,95.614,94.523,94.628
1433912400,94.628,95.535,94.531,95.2385
1433926800,95.2385,95.6435,95.0255,95.0615
1433941200,95.0615,95.356,95.0185,95.1985
1433955600,95.1985,95.2675,95.102,95.177
1433970000,95.177,95.183,94.421,94.9895
1433984400,94.9895,95.758,94.8235,95.705
1433998800,95.705,95.7695,95.506,95.7385
1434013200,95.7385,95.7625,95.4005,95.616
1434027600,95.616,95.635,95.428,95.5535
1434042000,95.5535,95.827,95.534,95.7175
1434056400,95.7175,95.8225,95.635,95.716
1434070800,95.716,95.796,95.456,95.502
1434085200,95.502,95.6005,95.007,95.1065
1434099600,95.1065,95.482,95.049,95.2485
1434114000,95.2485,95.5905,95.138,95.533
1434128400,95.533,95.6315,95.35,95.35
1434315600,95.35,95.594,95.1705,95.265
1434330000,95.265,95.366,95.189,95.2115
1434344400,95.2115,95.505,95.145,95.3095
1434358800,95.3095,95.8865,95.298,95.815
1434373200,95.815,95.993,95.7315,95.914
1434387600,95.914,95.935,95.763,95.8265
1434402000,95.8265,95.898,95.6685,95.698
1434416400,95.698,96.0115,95.5655,95.89
1434430800,95.89,95.9045,95.408,95.4995
1434445200,95.4995,95.6875,95.4775,95.6565
1434459600,95.6565,95.841,95.6065,95.6225
1434474000,95.6225,95.6505,95.4955,95.6345
1434488400,95.6345,95.713,95.5275,95.6195
1434502800,95.6195,95.6405,95.2575,95.3485
1434517200,95.3485,95.472,95.07,95.156
1434531600,95.156,95.306,95.0455,95.269
1434546000,95.269,95.463,95.184,95.239
1434560400,95.239,95.7845,95.131,95.665
1434574800,95.665,95.7105,95.2825,95.4045
1434589200,95.4045,95.4485,94.9535,95.08
1434603600,95.08,95.6545,95.019,95.6445
1434618000,95.6445,96.1805,95.554,96.1035
1434632400,96.1035,96.3145,96.088,96.112
1434646800,96.112,96.1575,95.8285,95.9035
1434661200,95.9035,96.0695,95.7255,95.8885
1434675600,95.8885,95.9185,95.539,95.587
1434690000,95.587,95.6825,95.4165,95.5645
1434704400,95.5645,95.601,95.2905,95.297
1434718800,95.297,95.318,95.0905,95.1205
1434733200,95.1205,95.461,95.12,95.351
1434920400,95.351,95.53,95.3085,95.366
1434934800,95.366,95.5435,95.356,95.507
1434949200,95.507,95.8375,95.4305,95.652
1434963600,95.652,95.7755,95.583,95.6555
1434978000,95.6555,95.776,95.282,95.3435
1434992400,95.3435,95.4665,95.2845,95.344
1435006800,95.344,95.505,95.277,95.4265
1435021200,95.4265,95.507,95.193,95.3325
1435035600,95.3325,95.742,95.2855,95.5085
1435050000,95.5085,95.582,95.334,95.4705
1435064400,95.4705,95.87,95.356,95.6675
1435078800,95.6675,95.9635,95.646,95.889
1435093200,95.889,96.05,95.7795,95.966
1435107600,95.966,96.034,95.684,95.7095
1435122000,95.7095,96.189,95.6605,96.0535
1435136400,96.0535,96.118,95.7395,95.8205
1435150800,95.8205,95.8735,95.492,95.563
1435165200,95.563,95.5905,95.3975,95.4175
1435179600,95.4175,95.616,95.387,95.614
1435194000,95.614,95.787,95.6,95.7275
1435208400,95.7275,95.802,95.5895,95.662
1435222800,95.662,95.7475,95.4275,95.6405
1435237200,95.6405,95.812,95.512,95.708
1435251600,95.708,95.753,95.6425,95.67
1435266000,95.67,95.6885,95.4285,95.463
1435280400,95.463,95.4655,95.142,95.256
1435294800,95.256,95.266,94.9795,95.1105
1435309200,95.1105,95.1125,94.633,94.66
1435323600,94.66,94.844,94.5635,94.7555
1435338000,94.7555,94.865,94.7,94.826
1435525200,94.826,94.826,92.6875,93.849
1435539600,93.849,94.7255,93.7825,93.8225
1435554000,93.8225,94.2,93.462,94.169
1435568400,94.169,94.211,94.005,94.1655
1435582800,94.1655,94.1745,93.815,94.121
1435597200,94.121,94.4455,94.0885,94.1055
1435611600,94.1055,94.1895,93.8675,93.9475
1435626000,93.9475,94.0765,93.6765,93.8565
1435640400,93.8565,94.1425,93.6175,93.7275
1435654800,93.7275,94.382,93.7065,94.3475
1435669200,94.3475,94.453,93.975,94.1335
1435683600,94.1335,94.464,94.093,94.3955
1435698000,94.3955,94.544,94.1345,94.5255
1435712400,94.5255,94.8125,94.3135,94.536
1435726800,94.536,94.7405,94.48,94.7325
1435741200,94.7325,94.991,94.3465,94.4335
1435755600,94.4335,94.4705,94.1845,94.26
1435770000,94.26,94.324,94.096,94.1685
1435784400,94.1685,94.4025,94.062,94.4025
1435798800,94.4025,94.4405,94.159,94.3745
1435813200,94.3745,94.4015,93.9275,93.9275
1435827600,93.9275,94.052,93.651,93.843
1435842000,93.843,94.017,93.7245,94.0025
1435856400,94.0025,94.0025,93.8015,93.929
1435870800,93.929,94.019,93.8905,93.9865
1435885200,93.9865,94.0085,93.1815,93.419
1435899600,93.419,93.5005,92.7505,92.757
1435914000,92.757,92.861,92.3355,92.4
1435928400,92.4,92.4,92.091,92.336
1435942800,92.336,92.552,92.2325,92.319
1436130000,92.319,92.319,90.978,92.012
1436144400,92.012,92.163,91.3585,91.4875
1436158800,91.4875,92.2505,91.2235,91.9435
1436173200,91.9435,92.159,91.857,92.0515
1436187600,92.0515,92.421,92.011,92.117
1436202000,92.117,92.142,91.727,91.9225
1436216400,91.9225,91.9475,91.676,91.8365
1436230800,91.8365,91.8735,91.5535,91.803
1436245200,91.803,92.0255,91.1345,91.2385
1436259600,91.2385,91.254,90.7485,90.946
1436274000,90.946,90.955,90.4405,90.8005
1436288400,90.8005,91.6425,90.7585,91.332
1436302800,91.332,91.409,90.9425,90.956
1436317200,90.956,90.9635,90.2285,90.3585
1436331600,90.3585,90.57,89.6275,90.0025
1436346000,90.0025,90.498,89.9455,90.079
1436360400,90.079,90.138,89.69,89.7615
1436374800,89.7615,89.8515,89.469,89.6735
1436389200,89.6735,89.73,89.168,89.3725
1436403600,89.3725,90.6505,89.37,90.6265
1436418000,90.6265,91.024,90.3915,90.4935
1436432400,90.4935,90.692,90.005,90.59
1436446800,90.59,90.6055,90.0975,90.2505
1436461200,90.2505,90.529,90.087,90.359
1436475600,90.359,91.024,90.331,90.9425
1436490000,90.9425,91.4565,90.939,91.0975
1436504400,91.0975,91.378,90.971,90.9995
1436518800,90.9995,91.791,90.942,91.362
1436533200,91.362,91.425,90.9405,91.128
1436547600,91.128,91.503,91.0285,91.417
1436734800,91.417,91.417,90.617,91.0595
1436749200,91.0595,91.642,90.886,91.233
1436763600,91.233,91.887,91.207,91.6515
1436778000,91.6515,91.8395,91.511,91.5395
1436792400,91.5395,91.5395,91.148,91.4745
1436806800,91.4745,91.5125,91.3,91.41
1436821200,91.41,91.607,91.332,91.5855
1436835600,91.5855,91.7995,91.4405,91.6875
1436850000,91.6875,91.7655,91.4945,91.5955
1436864400,91.5955,92.005,91.5935,91.7715
1436878800,91.7715,91.9735,91.731,91.926
1436893200,91.926,91.966,91.8025,91.953
1436907600,91.953,92.001,91.7125,91.841
1436922000,91.841,92.433,91.802,92.1945
1436936400,92.1945,92.398,92.0405,92.1395
1436950800,92.1395,92.3125,92.075,92.0765
1436965200,92.0765,92.105,91.11,91.2605
1436979600,91.2605,91.3695,91.16,91.322
1436994000,91.322,91.5825,91.2215,91.285
1437008400,91.285,91.3615,91.065,91.1345
1437022800,91.1345,91.557,91.026,91.5295
1437037200,91.5295,91.8555,91.4955,91.812
1437051600,91.812,92.2185,91.8005,92.0235
1437066000,92.0235,92.0735,91.8475,91.9205
1437080400,91.9205,92.105,91.905,92.037
1437094800,92.037,92.102,91.8785,92.0155
1437109200,92.0155,92.0165,91.7375,91.751
1437123600,91.751,91.8505,91.541,91.584
1437138000,91.584,91.654,91.3765,91.556
1437152400,91.556,91.6,91.4535,91.4935
1437339600,91.4935,91.5825,91.423,91.4965
1437354000,91.4965,91.556,91.0055,91.3465
1437368400,91.3465,91.8075,91.263,91.6855
1437382800,91.6855,91.797,91.5635,91.6895
1437397200,91.6895,91.818,91.358,91.683
1437411600,91.683,91.739,91.593,91.613
1437426000,91.613,91.706,91.574,91.6705
1437440400,91.6705,91.8215,91.3855,91.482
1437454800,91.482,91.7475,91.3525,91.641
1437469200,91.641,91.796,91.5825,91.648
1437483600,91.648,92.2675,91.629,92.1635
1437498000,92.1635,92.167,91.918,91.919
1437512400,91.919,92.028,91.7955,91.8595
1437526800,91.8595,92.012,91.206,91.7835
1437541200,91.7835,91.8565,91.536,91.664
1437555600,91.664,91.787,91.367,91.4645
1437570000,91.4645,91.577,91.3335,91.471
1437584400,91.471,91.5405,91.413,91.434
1437598800,91.434,91.705,91.2925,91.354
1437613200,91.354,91.584,91.344,91.466
1437627600,91.466,91.8125,91.3305,91.763
1437642000,91.763,91.8185,91.4855,91.4925
1437656400,91.4925,91.5265,91.1985,91.2165
1437670800,91.2165,91.2905,91.062,91.1545
1437685200,91.1545,91.204,91.038,91.196
1437699600,91.196,91.202,90.101,90.377
1437714000,90.377,90.6085,90.228,90.476
1437728400,90.476,90.512,90.076,90.1955
1437742800,90.1955,90.221,89.941,90.012
1437757200,90.012,90.2375,89.9385,90.1705
1437944400,90.1705,90.1865,89.9235,90.0045
1437958800,90.0045,90.2215,89.9065,89.9865
1437973200,89.9865,90.14,89.652,89.9825
1437987600,89.9825,90.063,89.687,89.776
1438002000,89.776,90.13,89.769,89.899
1438016400,89.899,89.9175,89.5465,89.598
1438030800,89.598,89.7835,89.5385,89.685
1438045200,89.685,90.445,89.349,90.363
1438059600,90.363,90.5325,90.1995,90.45
1438074000,90.45,90.591,90.3155,90.524
1438088400,90.524,90.718,90.1885,90.5595
1438102800,90.5595,90.7215,90.482,90.646
1438117200,90.646,90.843,90.5045,90.7335
1438131600,90.7335,90.7565,90.36,90.3705
1438146000,90.3705,90.5315,90.294,90.49
1438160400,90.49,90.5055,90.3285,90.4325
1438174800,90.4325,90.74,90.3725,90.53
1438189200,90.53,90.829,90.2945,90.4245
1438203600,90.4245,90.6215,90.337,90.5905
1438218000,90.5905,90.9,90.581,90.831
1438232400,90.831,90.8775,90.4775,90.7195
1438246800,90.7195,90.77,90.3205,90.5285
1438261200,90.5285,90.602,90.3755,90.558
1438275600,90.558,90.617,90.484,90.5415
1438290000,90.5415,90.6145,90.4195,90.4775
1438304400,90.4775,90.591,90.3745,90.5285
1438318800,90.5285,90.5845,90.2995,90.3455
1438333200,90.3455,90.7495,89.936,90.5015
1438347600,90.5015,91.0275,90.494,90.672
1438362000,90.672,90.718,90.3975,90.4675
1438549200,90.4675,90.705,90.4675,90.6095
1438563600,90.6095,90.646,90.4625,90.524
1438578000,90.524,90.584,90.4105,90.5695
1438592400,90.5695,90.633,90.2505,90.309
1438606800,90.309,90.458,89.981,90.0265
1438621200,90.0265,90.3715,89.97,90.367
1438635600,90.367,90.3985,90.0545,90.117
1438650000,90.117,91.123,90.0885,91.123
1438664400,91.123,91.6215,91.087,91.5885
1438678800,91.5885,91.779,91.462,91.7065
1438693200,91.7065,92.041,91.6625,91.968
1438707600,91.968,91.98,91.675,91.7885
1438722000,91.7885,91.8185,91.623,91.69
1438736400,91.69,91.7085,91.43,91.4685
1438750800,91.4685,91.6835,91.2585,91.6305
1438765200,91.6305,91.7675,91.4625,91.6875
1438779600,91.6875,91.912,91.659,91.74
1438794000,91.74,91.868,91.7,91.8495
1438808400,91.8495,91.865,91.677,91.7645
1438822800,91.7645,92.235,91.35,91.4995
1438837200,91.4995,91.5785,91.3745,91.437
1438851600,91.437,91.6355,91.3915,91.6355
1438866000,91.6355,91.6965,91.422,91.5275
1438880400,91.5275,91.672,91.516,91.6425
1438894800,91.6425,91.6725,91.567,91.6195
1438909200,91.6195,92.101,91.6195,91.8705
1438923600,91.8705,92.061,91.822,91.965
1438938000,91.965,92.2155,91.837,91.859
1438952400,91.859,92.0965,91.5795,91.973
1438966800,91.973,92.18,91.9255,92.1635
1439154000,92.1635,92.196,91.932,91.946
1439168400,91.946,92.072,91.883,92.0505
1439182800,92.0505,92.074,91.762,91.8515
1439197200,91.8515,91.9255,91.7485,91.783
1439211600,91.783,92.4435,91.749,92.419
1439226000,92.419,92.4355,92.249,92.3835
1439240400,92.3835,92.696,92.2765,92.608
1439254800,92.608,92.6255,91.173,91.307
1439269200,91.307,91.786,91.198,91.594
1439283600,91.594,91.6315,91.37,91.458
1439298000,91.458,91.4605,90.966,91.233
1439312400,91.233,91.4115,91.144,91.3855
1439326800,91.3855,91.5755,91.3485,91.513
1439341200,91.513,91.6515,90.36,90.606
1439355600,90.606,91.0715,90.523,90.8785
1439370000,90.8785,91.636,90.756,91.2725
1439384400,91.2725,91.533,91.084,91.523
1439398800,91.523,91.7335,91.3915,91.6475
1439413200,91.6475,91.7905,91.561,91.6965
1439427600,91.6965,92.066,91.2065,91.8425
1439442000,91.8425,91.883,91.4395,91.4775
1439456400,91.4775,91.495,91.289,91.3485
1439470800,91.3485,91.57,91.155,91.5495
1439485200,91.5495,91.669,91.4405,91.5765
1439499600,91.5765,91.811,91.5505,91.718
1439514000,91.718,91.8965,91.5625,91.686
1439528400,91.686,91.9215,91.6605,91.8105
1439542800,91.8105,91.866,91.639,91.701
1439557200,91.701,91.909,91.56,91.768
1439571600,91.768,91.776,91.6125,91.7235
1439758800,91.7235,91.7795,91.599,91.619
1439773200,91.619,91.824,91.606,91.72
1439787600,91.72,91.8045,91.589,91.6535
1439802000,91.6535,91.712,91.4815,91.592
1439816400,91.592,91.874,91.567,91.8555
1439830800,91.8555,91.8655,91.676,91.6965
1439845200,91.6965,91.773,91.6645,91.709
1439859600,91.709,91.8995,91.597,91.6635
1439874000,91.6635,91.7185,91.097,91.3205
1439888400,91.3205,91.4915,91.0935,91.1535
1439902800,91.1535,91.3345,91.102,91.2595
1439917200,91.2595,91.3545,91.193,91.325
1439931600,91.325,91.354,91.1885,91.287
1439946000,91.287,91.328,90.933,91.109
1439960400,91.109,91.489,91.0745,91.377
1439974800,91.377,91.4665,91.2405,91.2875
1439989200,91.2875,91.33,90.7485,90.85
1440003600,90.85,91.393,90.8175,90.9745
1440018000,90.9745,91.3175,90.9705,91.1515
1440032400,91.1515,91.229,90.99,91.1205
1440046800,91.1205,91.181,90.25,90.2735
1440061200,90.2735,90.722,90.269,90.6125
1440075600,90.6125,90.9685,90.5685,90.6955
1440090000,90.6955,90.7635,90.5275,90.5575
1440104400,90.5575,90.615,90.408,90.5105
1440118800,90.5105,90.5155,89.7255,89.9575
1440133200,89.9575,90.1,89.741,90.0815
1440147600,90.0815,90.1825,89.898,89.9315
1440162000,89.9315,90.0925,89.3865,89.39
1440176400,89.39,89.718,89.207,89.304
1440363600,89.304,89.304,87.894,88.2535
1440378000,88.2535,88.348,86.9525,87.533
1440392400,87.533,87.8855,87.2535,87.4245
1440406800,87.4245,87.476,86.486,86.526
1440421200,86.526,86.526,82.09,86.054
1440435600,86.054,86.2885,84.684,84.745
1440450000,84.745,85.599,84.4865,85.495
1440464400,85.495,86.8435,85.384,86.091
1440478800,86.091,86.44,85.28,85.8665
1440493200,85.8665,87.1655,85.7135,86.445
1440507600,86.445,86.5355,85.8825,86.1485
1440522000,86.1485,86.1545,84.5535,84.75
1440536400,84.75,85.3465,84.153,84.8565
1440550800,84.8565,85.357,84.46,85.2585
1440565200,85.2585,85.6395,84.8585,85.192
1440579600,85.192,85.642,85.029,85.493
1440594000,85.493,85.547,84.193,84.5835
1440608400,84.5835,85.4455,84.48,85.405
1440622800,85.405,85.7985,85.3595,85.466
1440637200,85.466,86.007,85.2315,85.2635
1440651600,85.2635,86.171,85.0575,85.8535
1440666000,85.8535,86.278,85.7905,85.992
1440680400,85.992,86.9555,85.854,86.853
1440694800,86.853,86.891,86.2765,86.7295
1440709200,86.7295,87.1585,86.71,87.1075
1440723600,87.1075,87.3225,86.595,86.8545
1440738000,86.8545,86.906,86.466,86.588
1440752400,86.588,86.6,86.068,86.0885
1440766800,86.0885,86.9045,86.051,86.8865
1440781200,86.8865,87.324,86.6305,87.299
1440968400,87.299,87.299,86.401,86.5005
1440982800,86.5005,86.799,86.338,86.529
1440997200,86.529,86.716,86.304,86.498
1441011600,86.498,86.568,86.1825,86.269
1441026000,86.269,86.346,85.795,86.319
1441040400,86.319,86.422,86.189,86.237
1441054800,86.237,86.3085,85.8695,86.159
1441069200,86.159,86.472,85.68,86.06
1441083600,86.06,86.124,84.572,84.7905
1441098000,84.7905,85.192,84.3335,84.3865
1441112400,84.3865,84.808,84.182,84.285
1441126800,84.285,84.4055,83.6855,83.7865
1441141200,83.7865,84.63,83.6505,84.578
1441155600,84.578,84.6825,83.8515,84.5105
1441170000,84.5105,84.731,83.8475,84.035
1441184400,84.035,84.5005,83.743,84.438
1441198800,84.438,84.544,84.044,84.4345
1441213200,84.4345,84.776,84.341,84.7005
1441227600,84.7005,85.151,84.6725,84.9755
1441242000,84.9755,84.9755,84.296,84.591
1441256400,84.591,84.602,84.1695,84.4025
1441270800,84.4025,84.49,84.087,84.207
1441285200,84.207,84.855,83.8375,84.306
1441299600,84.306,84.371,83.9775,84.2555
1441314000,84.2555,84.385,83.852,83.852
1441328400,83.852,83.989,82.91,83.14
1441342800,83.14,83.509,82.883,83.17
1441357200,83.17,83.443,82.358,82.703
1441371600,82.703,82.965,82.124,82.3115
1441386000,82.3115,82.5225,82.1815,82.2495
1441573200,82.2495,82.854,82.2235,82.6095
1441587600,82.6095,83.0905,82.4715,82.642
1441602000,82.642,82.8925,82.4965,82.737
1441616400,82.737,82.976,82.627,82.909
1441630800,82.909,82.9325,82.6115,82.726
1441645200,82.726,82.7415,82.5845,82.5885
1441659600,82.5885,83.0145,82.587,82.9345
1441674000,82.9345,83.193,82.5195,82.836
1441688400,82.836,83.985,82.667,83.7145
1441702800,83.7145,83.9915,83.602,83.972
1441717200,83.972,84.343,83.781,84.2115
1441731600,84.2115,84.4215,84.079,84.0795
1441746000,84.0795,84.813,84.07,84.7665
1441760400,84.7665,85.128,84.6025,84.7675
1441774800,84.7675,85.13,84.6575,84.7955
1441789200,84.7955,85.239,84.703,85.2065
1441803600,85.2065,85.492,84.9095,85.0225
1441818000,85.0225,85.0965,84.377,84.582
1441832400,84.582,84.586,83.514,83.7395
1441846800,83.7395,85.0075,83.3415,84.3915
1441861200,84.3915,85.7455,84.3205,85.2735
1441875600,85.2735,85.9105,85.0855,85.145
1441890000,85.145,85.6595,85.106,85.246
1441904400,85.246,85.631,85.1915,85.3115
1441918800,85.3115,85.609,85.248,85.453
1441933200,85.453,85.559,85.316,85.405
1441947600,85.405,85.4135,84.7895,84.883
1441962000,84.883,85.3535,84.8,85.284
1441976400,85.284,85.573,85.0545,85.515
1441990800,85.515,85.589,85.2475,85.5035
1442178000,85.5035,85.99,85.333,85.8985
1442192400,85.8985,86.103,85.1025,85.272
1442206800,85.272,85.5875,84.939,85.5715
1442221200,85.5715,85.836,85.492,85.707
1442235600,85.707,85.8905,85.4645,85.6765
1442250000,85.6765,85.823,85.5575,85.822
1442264400,85.822,86.3275,85.725,86.281
1442278800,86.281,86.299,85.448,85.4565
1442293200,85.4565,85.473,84.954,85.233
1442307600,85.233,85.3945,85.1165,85.286
1442322000,85.286,85.552,85.162,85.527
1442336400,85.527,86.1185,85.524,85.9935
1442350800,85.9935,86.0515,85.699,85.8475
1442365200,85.8475,85.9235,85.728,85.8365
1442379600,85.8365,86.4395,85.7275,86.2505
1442394000,86.2505,86.424,86.133,86.362
1442408400,86.362,86.8205,86.265,86.7185
1442422800,86.7185,86.848,86.6285,86.767
1442437200,86.767,86.9505,86.561,86.568
1442451600,86.568,86.8825,86.4495,86.713
1442466000,86.713,86.9325,86.584,86.675
1442480400,86.675,86.724,86.5405,86.5755
1442494800,86.5755,86.6035,86.307,86.429
1442509200,86.429,87.5135,85.857,86.089
1442523600,86.089,86.386,85.7925,86.0545
1442538000,86.0545,86.5515,85.9185,86.176
1442552400,86.176,86.747,86.107,86.4705
1442566800,86.4705,86.822,86.324,86.747
1442581200,86.747,86.868,86.4365,86.5905
1442595600,86.5905,86.656,86.18,86.2335
1442782800,86.2335,86.394,86.0485,86.101
1442797200,86.101,86.2615,85.7635,85.918
1442811600,85.918,86.32,85.884,86.129
1442826000,86.129,86.3815,86.1035,86.184
1442840400,86.184,86.2,85.7165,85.726
1442854800,85.726,86.066,85.723,85.9735
1442869200,85.9735,86.0175,85.875,85.9345
1442883600,85.9345,86.0435,85.7855,85.848
1442898000,85.848,86.12,85.2475,85.3255
1442912400,85.3255,85.398,84.7935,84.9125
1442926800,84.9125,85.034,84.6355,84.887
1442941200,84.887,85.2365,84.782,85.187
1442955600,85.187,85.2045,84.867,85.155
1442970000,85.155,85.21,84.026,84.152
1442984400,84.152,84.804,84.0395,84.7695
1442998800,84.7695,84.968,84.5395,84.671
1443013200,84.671,84.956,84.0645,84.282
1443027600,84.282,84.372,84.0075,84.236
1443042000,84.236,84.419,84.0665,84.131
1443056400,84.131,84.4755,83.83,83.9465
1443070800,83.9465,84.086,83.459,83.533
1443085200,83.533,83.5645,82.9955,83.263
1443099600,83.263,84.0105,83.115,83.7695
1443114000,83.7695,84.55,83.681,84.3375
1443128400,84.3375,84.5125,83.8785,84.3535
1443142800,84.3535,84.4715,83.9395,84.2995
1443157200,84.2995,85.0035,84.2635,84.997
1443171600,84.997,85.002,84.4785,84.8365
1443186000,84.8365,84.984,84.4715,84.8415
1443200400,84.8415,84.9905,84.5505,84.726
1443387600,84.726,84.726,84.3255,84.6335
1443402000,84.6335,84.68,84.426,84.4815
1443416400,84.4815,84.735,84.2595,84.5075
1443430800,84.5075,84.523,83.8405,84.088
1443445200,84.088,84.0925,83.7325,83.842
1443459600,83.842,83.9035,83.677,83.8175
1443474000,83.8175,83.8175,83.234,83.2925
1443488400,83.2925,83.4045,83.039,83.064
1443502800,83.064,83.814,82.8235,83.756
1443517200,83.756,84.092,83.482,84.0725
1443531600,84.0725,84.3075,83.561,83.639
1443546000,83.639,83.9305,83.4405,83.6345
1443560400,83.6345,84.2155,83.6145,84.128
1443574800,84.128,84.174,83.8075,84.1315
1443589200,84.1315,84.629,83.8475,84.588
1443603600,84.588,84.6715,84.2935,84.3765
1443618000,84.3765,84.4915,83.909,83.9305
1443632400,83.9305,84.2235,83.9305,84.123
1443646800,84.123,84.1795,83.9145,84.158
1443661200,84.158,84.926,84.1435,84.858
1443675600,84.858,85.0025,84.6695,84.8545
1443690000,84.8545,85.056,84.496,84.5505
1443704400,84.5505,84.78,84.026,84.163
1443718800,84.163,84.36,84.035,84.305
1443733200,84.305,84.5025,84.2175,84.408
1443747600,84.408,84.621,84.1345,84.27
1443762000,84.27,84.6705,84.27,84.5125
1443776400,84.5125,84.718,83.6825,83.78
1443790800,83.78,84.268,83.2695,84.203
1443805200,84.203,84.679,84.0585,84.584
1443992400,84.584,84.723,84.513,84.5885
1444006800,84.5885,84.943,84.5815,84.759
1444021200,84.759,85.261,84.661,85.21
1444035600,85.21,85.522,84.9885,85.064
1444050000,85.064,85.3425,84.8105,85.3185
1444064400,85.3185,85.5125,85.285,85.3245
1444078800,85.3245,85.405,85.1285,85.27
1444093200,85.27,85.949,85.235,85.929
1444107600,85.929,85.929,85.38,85.6095
1444122000,85.6095,85.748,85.445,85.6545
1444136400,85.6545,86.043,85.6105,86.0305
1444150800,86.0305,86.2565,85.887,86.1465
1444165200,86.1465,86.1595,86.0315,86.082
1444179600,86.082,86.3705,85.947,86.188
1444194000,86.188,86.606,86.1485,86.3845
1444208400,86.3845,86.894,86.313,86.689
1444222800,86.689,86.8,86.294,86.467
1444237200,86.467,86.6755,86.372,86.509
1444251600,86.509,86.5435,86.19,86.4745
1444266000,86.4745,86.6625,85.9005,85.986
1444280400,85.986,86.1275,85.811,85.9345
1444294800,85.9345,86.2865,85.912,86.125
1444309200,86.125,86.7625,86.018,86.686
1444323600,86.686,87.199,86.6525,87.056
1444338000,87.056,87.2545,86.906,87.081
1444352400,87.081,87.46,87.073,87.387
1444366800,87.387,87.8865,87.341,87.836
1444381200,87.836,88.335,87.757,88.143
1444395600,88.143,88.2995,87.893,88.1765
1444410000,88.1765,88.2205,88.047,88.1995
1444597200,88.1995,88.1995,87.773,87.973
1444611600,87.973,88.3175,87.8915,88.1035
1444626000,88.1035,88.5495,88.006,88.4775
1444640400,88.4775,88.615,88.3305,88.497
1444654800,88.497,88.5685,88.2155,88.449
1444669200,88.449,88.4765,88.2665,88.3735
1444683600,88.3735,88.4025,87.895,87.912
1444698000,87.912,88.134,87.415,87.683
1444712400,87.683,87.793,87.2105,87.3575
1444726800,87.3575,87.5195,87.23,87.243
1444741200,87.243,87.518,86.8225,87.1595
1444755600,87.1595,87.174,86.7535,86.7555
1444770000,86.7555,86.781,86.2035,86.2705
1444784400,86.2705,86.6835,86.088,86.4655
1444798800,86.4655,87.0925,86.279,86.778
1444813200,86.778,87.0045,86.411,86.7855
1444827600,86.7855,86.9605,86.4055,86.5795
1444842000,86.5795,86.8835,86.368,86.7505
1444856400,86.7505,87.356,86.7185,86.9105
1444870800,86.9105,87.5075,86.847,87.115
1444885200,87.115,87.187,86.6815,86.8955
1444899600,86.8955,86.9935,86.296,86.457
1444914000,86.457,86.86,86.347,86.826
1444928400,86.826,87.236,86.8245,87.1425
1444942800,87.1425,87.3275,86.843,86.993
1444957200,86.993,87.1145,86.738,86.7925
1444971600,86.7925,86.9725,86.5815,86.68
1444986000,86.68,86.8455,86.3425,86.6155
1445000400,86.6155,86.8865,86.429,86.7975
1445014800,86.7975,86.9695,86.739,86.787
1445202000,86.787,86.787,86.377,86.4895
1445216400,86.4895,87.138,86.279,86.8885
1445230800,86.8885,87.207,86.635,87.041
1445245200,87.041,87.206,86.6595,86.66
1445259600,86.66,86.76,86.55,86.7075
1445274000,86.7075,86.7355,86.5645,86.6185
1445288400,86.6185,86.9585,86.5645,86.833
1445302800,86.833,86.9045,86.638,86.8765
1445317200,86.8765,87.3155,86.8055,86.9625
1445331600,86.9625,87.336,86.8715,87.241
1445346000,87.241,87.361,86.897,87.015
1445360400,87.015,87.0845,86.92,87.0075
1445374800,87.0075,87.233,86.972,87.1435
1445389200,87.1435,87.302,87.084,87.257
1445403600,87.257,87.265,86.4,86.6605
1445418000,86.6605,86.833,86.5675,86.5765
1445432400,86.5765,86.759,86.368,86.6955
1445446800,86.6955,86.7205,86.4495,86.456
1445461200,86.456,86.5755,86.3605,86.493
1445475600,86.493,86.7835,85.9965,86.2095
1445490000,86.2095,86.5075,86.114,86.487
1445504400,86.487,86.558,86.197,86.503
1445518800,86.503,87.1635,86.4455,87.1095
1445533200,87.1095,87.116,86.8145,86.9935
1445547600,86.9935,87.455,86.9125,87.371
1445562000,87.371,87.5705,87.24,87.484
1445576400,87.484,87.888,87.4125,87.5
1445590800,87.5,88.107,87.3905,87.567
1445605200,87.567,87.611,87.102,87.535
1445619600,87.535,87.6805,87.4475,87.668
1445806800,87.668,87.704,87.5045,87.578
1445821200,87.578,87.995,87.54,87.8575
1445835600,87.8575,87.903,87.666,87.7605
1445850000,87.7605,87.9105,87.719,87.7995
1445864400,87.7995,87.8705,87.5845,87.8285
1445878800,87.8285,87.855,87.639,87.7795
1445893200,87.7795,87.7865,87.5085,87.5245
1445907600,87.5245,87.6335,87.098,87.1955
1445922000,87.1955,87.482,87.1945,87.3905
1445936400,87.3905,87.411,87.0225,87.107
1445950800,87.107,87.142,86.7645,86.797
1445965200,86.797,86.8165,86.484,86.638
1445979600,86.638,86.748,85.6605,85.7505
1445994000,85.7505,85.9295,85.6355,85.7425
1446008400,85.7425,85.8705,85.672,85.778
1446022800,85.778,85.917,85.691,85.816
1446037200,85.816,86.2055,85.7205,86.1425
1446051600,86.1425,86.26,85.621,86.1205
1446066000,86.1205,86.2005,85.6605,85.688
1446080400,85.688,85.8815,85.6635,85.744
1446094800,85.744,85.995,85.5205,85.6435
1446109200,85.6435,85.884,85.5225,85.719
1446123600,85.719,85.933,85.5835,85.687
1446138000,85.687,85.785,85.5935,85.666
1446152400,85.666,85.963,85.62,85.889
1446166800,85.889,86.286,85.531,86.114
1446181200,86.114,86.148,85.658,85.683
1446195600,85.683,85.7195,85.4565,85.5505
1446210000,85.5505,86.2645,85.4325,86.22
1446224400,86.22,86.2485,85.9945,86.088
1446415200,86.088,86.1345,85.649,86.036
1446429600,86.036,86.0575,85.859,85.9345
1446444000,85.9345,86.2485,85.9175,86.039
1446458400,86.039,86.1445,85.9735,86.046
1446472800,86.046,86.263,85.992,86.152
1446487200,86.152,86.357,86.1,86.2835
1446501600,86.2835,86.6285,86.213,86.5
1446516000,86.5,87.0245,85.89,86.8515
1446530400,86.8515,87.079,86.6755,86.729
1446544800,86.729,86.815,86.6105,86.7275
1446559200,86.7275,87.091,86.66,87.0425
1446573600,87.0425,87.1855,86.9515,87.006
1446588000,87.006,87.4775,86.9045,87.451
1446602400,87.451,87.587,87.143,87.306
1446616800,87.306,87.398,87.1325,87.2395
1446631200,87.2395,87.2705,86.9275,86.9375
1446645600,86.9375,87.0985,86.7585,86.9425
1446660000,86.9425,86.976,86.7475,86.891
1446674400,86.891,86.9295,86.6115,86.77
1446688800,86.77,86.953,86.7385,86.82
1446703200,86.82,86.9505,86.675,86.914
1446717600,86.914,87.179,86.8805,87.1275
1446732000,87.1275,87.3125,86.7835,87.0535
1446746400,87.0535,87.0535,86.859,86.9725
1446760800,86.9725,87.0945,86.8665,86.929
1446775200,86.929,87.082,86.8825,87.018
1446789600,87.018,87.378,87.002,87.1845
1446804000,87.1845,87.2575,86.6755,86.791
1446818400,86.791,86.954,86.5135,86.6195
1446832800,86.6195,86.8605,86.6195,86.7505
1447020000,86.7505,87.0205,86.6405,87.0205
1447034400,87.0205,87.1135,86.8845,87.0955
1447048800,87.0955,87.2,86.935,87.17
1447063200,87.17,87.274,87.046,87.076
1447077600,87.076,87.117,86.633,86.7225
1447092000,86.7225,86.8755,86.6305,86.81
1447106400,86.81,86.881,86.682,86.861
1447120800,86.861,86.897,86.775,86.871
1447135200,86.871,87.0955,86.8615,86.894
1447149600,86.894,86.971,86.707,86.7325
1447164000,86.7325,86.77,86.5295,86.6215
1447178400,86.6215,86.666,86.469,86.598
1447192800,86.598,86.77,86.5545,86.719
1447207200,86.719,86.951,86.683,86.816
1447221600,86.816,86.959,86.7855,86.8955
1447236000,86.8955,86.9235,86.709,86.903
1447250400,86.903,86.9945,86.6565,86.696
1447264800,86.696,86.8025,86.6505,86.754
1447279200,86.754,87.9545,86.738,87.8895
1447293600,87.8895,87.904,87.7085,87.742
1447308000,87.742,87.9485,87.6445,87.721
1447322400,87.721,87.807,87.356,87.409
1447336800,87.409,87.5225,87.147,87.3485
1447351200,87.3485,87.48,87.293,87.3815
1447365600,87.3815,87.5665,87.342,87.521
1447380000,87.521,87.557,87.3915,87.498
1447394400,87.498,87.6345,87.3785,87.5445
1447408800,87.5445,87.688,87.404,87.4655
1447423200,87.4655,87.5875,87.1895,87.5045
1447437600,87.5045,87.5375,87.3545,87.379
1447624800,87.379,87.379,86.829,87.0725
1447639200,87.0725,87.1875,87.0495,87.063
1447653600,87.063,87.619,87.063,87.5315
1447668000,87.5315,87.577,87.2145,87.245
1447682400,87.245,87.3755,87.1465,87.3235
1447696800,87.3235,87.49,87.323,87.416
1447711200,87.416,87.6345,87.332,87.5775
1447725600,87.5775,87.5775,87.371,87.4185
1447740000,87.4185,87.5975,87.252,87.597
1447754400,87.597,87.9255,87.5285,87.889
1447768800,87.889,88.0205,87.727,87.8785
1447783200,87.8785,87.911,87.7465,87.7835
1447797600,87.7835,87.8275,87.5825,87.6135
1447812000,87.6135,87.684,87.4385,87.5205
1447826400,87.5205,87.735,87.4445,87.651
1447840800,87.651,87.738,87.5735,87.6165
1447855200,87.6165,87.7215,87.396,87.451
1447869600,87.451,87.9225,87.393,87.918
1447884000,87.918,88.4715,87.7835,88.3455
1447898400,88.3455,88.3985,88.126,88.367
1447912800,88.367,88.394,88.2195,88.3275
1447927200,88.3275,88.3925,88.097,88.1165
1447941600,88.1165,88.518,88.042,88.3625
1447956000,88.3625,88.4095,88.2885,88.3875
1447970400,88.3875,88.459,88.3155,88.4
1447984800,88.4,88.602,88.292,88.4035
1447999200,88.4035,88.655,88.365,88.553
1448013600,88.553,88.873,88.4895,88.845
1448028000,88.845,89.0165,88.774,88.885
1448042400,88.885,88.9795,88.848,88.8925
1448229600,88.8925,88.896,88.457,88.5515
1448244000,88.5515,88.5515,88.2405,88.437
1448258400,88.437,88.448,88.2835,88.406
1448272800,88.406,88.725,88.319,88.4745
1448287200,88.4745,88.52,88.366,88.448
1448301600,88.448,88.4805,88.237,88.3515
1448316000,88.3515,88.442,88.314,88.3785
1448330400,88.3785,88.427,88.2535,88.349
1448344800,88.349,88.5155,88.037,88.4415
1448359200,88.4415,88.516,88.2785,88.3165
1448373600,88.3165,88.729,88.3165,88.578
1448388000,88.578,88.9195,88.577,88.9195
1448402400,88.9195,89.1215,88.81,88.837
1448416800,88.837,89.056,88.816,88.9865
1448431200,88.9865,89.0905,88.8535,88.91
1448445600,88.91,89.022,88.843,88.991
1448460000,88.991,89.0095,88.804,88.932
1448474400,88.932,89.1005,88.907,88.997
1448488800,88.997,89.089,88.523,88.6855
1448503200,88.6855,88.8125,88.6375,88.684
1448517600,88.684,88.7475,88.4845,88.521
1448532000,88.521,88.6,88.3795,88.563
1448546400,88.563,88.705,88.5095,88.6995
1448560800,88.6995,88.7705,88.5735,88.591
1448575200,88.591,88.7325,88.4675,88.599
1448589600,88.599,88.6545,88.506,88.587
1448604000,88.587,88.665,88.111,88.295
1448618400,88.295,88.397,88.234,88.3015
1448632800,88.3015,88.391,88.182,88.3515
1448647200,88.3515,88.391,88.2815,88.3345
1448834400,88.3345,88.353,88.048,88.1785
1448848800,88.1785,88.321,88.131,88.321
1448863200,88.321,88.6685,88.241,88.609
1448877600,88.609,88.9,88.5775,88.888
1448892000,88.888,89.4195,88.8705,89.0635
1448906400,89.0635,89.16,88.9335,88.974
1448920800,88.974,89.4685,88.9005,89.3535
1448935200,89.3535,89.4705,89.068,89.2235
1448949600,89.2235,89.798,89.1975,89.707
1448964000,89.707,89.858,89.5995,89.685
1448978400,89.685,89.9985,89.671,89.944
1448992800,89.944,90.111,89.905,89.9865
1449007200,89.9865,90.247,89.8115,89.916
1449021600,89.916,90.0585,89.8905,89.952
1449036000,89.952,90.326,89.8955,90.2615
1449050400,90.2615,90.3135,90.131,90.2425
1449064800,90.2425,90.4865,90.153,90.245
1449079200,90.245,90.302,89.9165,90.091
1449093600,90.091,90.115,89.8015,89.928
1449108000,89.928,90.3655,89.9015,90.3445
1449122400,90.3445,90.4945,90.25,90.4375
1449136800,90.4375,90.5875,90.124,90.424
1449151200,90.424,90.461,89.704,90.029
1449165600,90.029,90.15,89.8455,89.996
1449180000,89.996,90.087,89.84,89.9375
1449194400,89.9375,89.9665,89.612,89.73
1449208800,89.73,90.0415,89.6575,89.8735
1449223200,89.8735,90.0875,89.7315,90.053
1449237600,90.053,90.7285,89.9755,90.449
1449252000,90.449,90.5355,90.342,90.364
1449439200,90.364,90.4625,90.2095,90.3885
1449453600,90.3885,90.481,90.2765,90.351
1449468000,90.351,90.4425,90.0585,90.1035
1449482400,90.1035,90.182,89.7605,89.8455
1449496800,89.8455,89.888,89.4755,89.548
1449511200,89.548,89.674,89.513,89.6635
1449525600,89.6635,89.6675,89.336,89.52
1449540000,89.52,89.524,88.8725,88.936
1449554400,88.936,89.1875,88.587,88.7615
1449568800,88.7615,88.931,88.27,88.3365
1449583200,88.3365,88.887,88.2755,88.719
1449597600,88.719,88.764,88.5715,88.706
1449612000,88.706,88.9945,88.6745,88.824
1449626400,88.824,88.824,88.5095,88.5685
1449640800,88.5685,88.7665,87.986,88.1415
1449655200,88.1415,88.4245,88.078,88.1745
1449669600,88.1745,88.4625,87.3915,87.4245
1449684000,87.4245,87.9065,87.303,87.815
1449698400,87.815,89.1395,87.815,88.74
1449712800,88.74,88.8005,88.576,88.6405
1449727200,88.6405,88.921,88.4855,88.7045
1449741600,88.7045,88.883,88.445,88.557
1449756000,88.557,88.884,88.5165,88.639
1449770400,88.639,88.696,88.439,88.5135
1449784800,88.5135,88.6295,88.3195,88.5745
1449799200,88.5745,88.6205,88.366,88.4255
1449813600,88.4255,88.59,88.0415,88.091
1449828000,88.091,88.099,87.524,87.6765
1449842400,87.6765,87.7105,86.829,86.8805
1449856800,86.8805,87.0555,86.8,86.962
1450044000,86.962,87.329,86.5125,86.7995
1450058400,86.7995,87.2905,86.7425,87.253
1450072800,87.253,87.6075,87.1725,87.418
1450087200,87.418,87.5725,86.8395,87.4685
1450101600,87.4685,87.722,87.1625,87.55
1450116000,87.55,87.665,87.3905,87.6595
1450130400,87.6595,87.9725,87.5695,87.7845
1450144800,87.7845,88.1335,87.6025,87.6155
1450159200,87.6155,87.7415,87.2435,87.591
1450173600,87.591,87.9675,87.3395,87.55
1450188000,87.55,87.651,87.143,87.471
1450202400,87.471,87.6385,87.389,87.508
1450216800,87.508,87.739,87.4475,87.5645
1450231200,87.5645,87.9,87.5295,87.8075
1450245600,87.8075,87.8715,87.5695,87.6595
1450260000,87.6595,87.8085,87.557,87.6945
1450274400,87.6945,87.9315,87.5815,87.887
1450288800,87.887,88.5165,87.564,88.3775
1450303200,88.3775,88.657,87.8215,87.8555
1450317600,87.8555,88.107,87.806,87.8195
1450332000,87.8195,88.2355,87.734,88.1915
1450346400,88.1915,88.274,87.8425,87.997
1450360800,87.997,88.0765,87.117,87.308
1450375200,87.308,87.5325,87.231,87.3595
1450389600,87.3595,87.375,87.1475,87.35
1450404000,87.35,88.005,86.98,87.038
1450418400,87.038,87.172,86.54,86.6655
1450432800,86.6655,86.858,86.2185,86.678
1450447200,86.678,87.3505,86.617,87.127
1450461600,87.127,87.2195,86.912,86.938
1450648800,86.938,87.111,86.684,86.8935
1450663200,86.8935,87.055,86.7585,86.993
1450677600,86.993,87.1745,86.886,86.937
1450692000,86.937,87.0395,86.8755,87.0085
1450706400,87.0085,87.2075,86.6445,86.9315
1450720800,86.9315,87.15,86.9285,87.126
1450735200,87.126,87.296,87.044,87.225
1450749600,87.225,87.6155,87.199,87.488
1450764000,87.488,87.7275,87.365,87.4945
1450778400,87.4945,87.645,87.421,87.6025
1450792800,87.6025,87.684,87.3595,87.485
1450807200,87.485,87.615,87.42,87.5875
1450821600,87.5875,87.608,87.467,87.579
1450836000,87.579,87.636,87.4995,87.6215
1450850400,87.6215,87.665,87.359,87.3975
1450864800,87.3975,87.4705,87.151,87.233
1450879200,87.233,87.472,87.176,87.315
1450893600,87.315,87.5575,87.264,87.462
1450908000,87.462,87.5965,87.3895,87.5575
1450922400,87.5575,87.6585,87.4105,87.468
1450936800,87.468,87.6555,87.4445,87.5435
1450951200,87.5435,87.6165,87.417,87.4445
1450965600,87.4445,87.5515,87.355,87.494
1450980000,87.494,87.5415,87.3815,87.39
1451253600,87.39,87.582,87.39,87.55
1451268000,87.55,87.616,87.506,87.512
1451282400,87.512,87.6055,87.466,87.5305
1451296800,87.5305,87.552,87.4305,87.4575
1451311200,87.4575,87.5055,87.235,87.261
1451325600,87.261,87.349,87.2455,87.2775
1451340000,87.2775,87.4255,87.228,87.3095
1451354400,87.3095,87.4225,87.3065,87.3945
1451368800,87.3945,87.6115,87.393,87.5455
1451383200,87.5455,87.7235,87.4675,87.6795
1451397600,87.6795,87.9225,87.644,87.814
1451412000,87.814,87.91,87.795,87.872
1451426400,87.872,87.9255,87.6125,87.739
1451440800,87.739,87.8785,87.704,87.742
1451455200,87.742,87.9225,87.697,87.8895
1451469600,87.8895,87.981,87.744,87.8675
1451484000,87.8675,87.968,87.797,87.858
1451498400,87.858,87.8975,87.7635,87.8255
1451512800,87.8255,87.8675,87.636,87.8385
1451527200,87.8385,88.0055,87.824,87.942
1451541600,87.942,88.216,87.902,88.075
1451556000,88.075,88.1255,87.9315,88.053
1451570400,88.053,88.117,87.439,87.626
1451584800,87.626,87.6805,87.5705,87.6715
1451858400,87.6715,87.842,86.688,86.713
1451872800,86.713,86.722,86.033,86.153
1451887200,86.153,86.186,85.606,85.783
1451901600,85.783,85.946,85.49,85.7145
1451916000,85.7145,85.742,85.34,85.7105
1451930400,85.7105,85.949,85.657,85.8855
1451944800,85.8855,86.252,85.626,86.2395
1451959200,86.2395,86.348,85.855,85.9805
1451973600,85.9805,86.177,85.376,85.436
1451988000,85.436,85.476,85.162,85.435
1452002400,85.435,85.438,84.892,85.0435
1452016800,85.0435,85.318,84.916,85.262
1452031200,85.262,85.407,84.424,84.508
1452045600,84.508,84.736,84.186,84.555
1452060000,84.555,84.56,83.58,83.854
1452074400,83.854,84.098,83.589,84.0745
1452088800,84.0745,84.19,83.624,83.698
1452103200,83.698,83.88,83.554,83.788
1452117600,83.788,84.128,82.658,82.8575
1452132000,82.8575,83.402,82.803,82.9925
1452146400,82.9925,83.394,82.297,82.6075
1452160800,82.6075,82.76,81.993,82.324
1452175200,82.324,83.122,82.315,82.8715
1452189600,82.8715,82.89,82.138,82.5045
1452204000,82.5045,83.906,82.294,83.366
1452218400,83.366,83.64,83.24,83.4195
1452232800,83.4195,83.746,83.011,83.0815
1452247200,83.0815,83.293,82.788,82.8665
1452261600,82.8665,82.978,81.794,82.3775
1452276000,82.3775,82.438,81.502,81.5145
1452463200,81.5145,81.966,80.908,81.6295
1452477600,81.6295,81.994,81.445,81.7725
1452492000,81.7725,82.666,81.526,82.6065
1452506400,82.6065,83.027,82.22,82.8075
1452520800,82.8075,82.904,81.803,81.9275
1452535200,81.9275,82.462,81.655,82.352
1452549600,82.352,82.63,82.062,82.401
1452564000,82.401,82.414,81.895,82.069
1452578400,82.069,82.31,81.386,82.255
1452592800,82.255,82.77,82.098,82.513
1452607200,82.513,82.777,81.952,82.158
1452621600,82.158,82.348,81.906,82.1895
1452636000,82.1895,83.024,82.103,82.9025
1452650400,82.9025,83.402,82.9025,83.1015
1452664800,83.1015,83.368,82.688,83.0855
1452679200,83.0855,83.218,82.779,82.998
1452693600,82.998,83.052,82.424,82.493
1452708000,82.493,82.516,81.78,81.8415
1452722400,81.8415,81.898,81.221,81.607
1452736800,81.607,81.746,81.168,81.694
1452751200,81.694,82.332,81.268,81.728
1452765600,81.728,82.08,81.308,81.88
1452780000,81.88,82.532,81.482,82.437
1452794400,82.437,82.682,82.374,82.445
1452808800,82.445,82.802,82.076,82.2915
1452823200,82.2915,82.334,81.608,81.9465
1452837600,81.9465,82.054,80.566,80.873
1452852000,80.873,80.908,80.183,80.449
1452866400,80.449,80.868,79.568,79.9295
1452880800,79.9295,80.448,79.847,80.317
1453068000,80.317,80.94,79.769,80.8665
1453082400,80.8665,81.278,80.64,80.849
1453096800,80.849,81.196,80.538,80.686
1453111200,80.686,80.959,80.543,80.7275
1453125600,80.7275,80.795,80.4795,80.496
1453140000,80.496,80.579,80.424,80.5685
1453154400,80.5685,81.104,80.49,80.8675
1453168800,80.8675,81.364,80.193,81.303
1453183200,81.303,81.752,81.235,81.607
1453197600,81.607,82.162,81.591,81.7315
1453212000,81.7315,81.768,81.196,81.3975
1453226400,81.3975,81.524,81.018,81.2655
1453240800,81.2655,81.452,80.651,80.815
1453255200,80.815,80.996,80.077,80.227
1453269600,80.227,80.312,79.217,80.1065
1453284000,80.1065,80.4105,79.748,80.3355
1453298400,80.3355,80.37,79.478,79.957
1453312800,79.957,81.057,79.895,80.782
1453327200,80.782,81.647,80.77,81.4355
1453341600,81.4355,81.488,80.447,80.5085
1453356000,80.5085,81.023,80.092,80.93
1453370400,80.93,81.354,80.61,81.0025
1453384800,81.0025,82.492,80.808,82.231
1453399200,82.231,82.641,81.802,82.3755
1453413600,82.3755,82.794,82.142,82.2065
1453428000,82.2065,82.979,82.13,82.937
1453442400,82.937,83.13,82.677,82.925
1453456800,82.925,83.212,82.651,82.8035
1453471200,82.8035,83.531,82.79,83.0385
1453485600,83.0385,83.305,82.986,83.1695
1453672800,83.1695,83.26,82.756,83.003
1453687200,83.003,83.497,82.968,83.2965
1453701600,83.2965,83.476,82.42,82.69
1453716000,82.69,82.904,82.516,82.53
1453730400,82.53,82.951,82.528,82.7485
1453744800,82.7485,82.856,82.22,82.269
1453759200,82.269,82.272,81.905,82.118
1453773600,82.118,82.407,81.938,82.0655
1453788000,82.0655,82.376,81.483,82.363
1453802400,82.363,82.977,82.248,82.9765
1453816800,82.9765,83.27,82.791,83.2215
1453831200,83.2215,83.243,82.936,82.947
1453845600,82.947,83.354,82.706,83.037
1453860000,83.037,83.298,82.712,83.166
1453874400,83.166,83.52,82.87,83.204
1453888800,83.204,83.744,83.044,83.6145
1453903200,83.6145,84.218,83.32,84.0075
1453917600,84.0075,84.175,82.98,83.3965
1453932000,83.3965,83.784,83.014,83.7825
1453946400,83.7825,83.8,83.424,83.488
1453960800,83.488,84.273,83.437,84.1855
1453975200,84.1855,84.369,83.844,84.369
1453989600,84.369,84.81,83.948,84.238
1454004000,84.238,84.257,83.982,84.1695
1454018400,84.1695,84.302,84.066,84.162
1454032800,84.162,86.206,84.045,85.9165
1454047200,85.9165,86.296,85.596,85.742
1454061600,85.742,86.096,85.365,85.899
1454076000,85.899,86.369,85.408,85.629
1454090400,85.629,85.859,85.545,85.8035
1454277600,85.8035,85.95,85.312,85.654
1454292000,85.654,85.962,85.544,85.8855
1454306400,85.8855,85.8855,85.58,85.583
1454320800,85.583,85.888,85.572,85.657
1454335200,85.657,85.828,85.288,85.701
1454349600,85.701,86.224,85.666,86.084
1454364000,86.084,86.112,85.734,85.8665
1454378400,85.8665,86.167,85.027,85.1955
1454392800,85.1955,85.604,84.922,85.0105
1454407200,85.0105,85.317,84.876,84.9145
1454421600,84.9145,85.114,84.66,84.8475
1454436000,84.8475,84.998,84.384,84.4315
1454450400,84.4315,84.486,83.746,83.879
1454464800,83.879,84.14,83.714,83.97
1454479200,83.97,84.77,83.909,84.258
1454493600,84.258,84.622,84.01,84.4555
1454508000,84.4555,84.776,83.202,84.222
1454522400,84.222,84.668,84.014,84.4995
1454536800,84.4995,84.949,84.342,84.6845
1454551200,84.6845,84.832,84.49,84.5505
1454565600,84.5505,84.928,84.375,84.8905
1454580000,84.8905,85.06,84.508,84.6465
1454594400,84.6465,84.826,84.154,84.3535
1454608800,84.3535,84.402,83.914,84.092
1454623200,84.092,84.306,83.896,84.0375
1454637600,84.0375,84.062,83.751,83.935
1454652000,83.935,84.137,83.772,84.0805
1454666400,84.0805,84.102,83.636,83.655
1454680800,83.655,83.689,82.686,82.7305
1454695200,82.7305,82.814,82.53,82.587
1454882400,82.587,83.208,82.587,83.1475
1454896800,83.1475,83.378,82.913,83.3075
1454911200,83.3075,83.486,82.724,82.789
1454925600,82.789,82.944,82.057,82.287
1454940000,82.287,82.35,81.606,82.0845
1454954400,82.0845,82.194,81.627,82.098
1454968800,82.098,82.098,80.768,81.1445
1454983200,81.1445,81.1445,80.224,80.811
1454997600,80.811,81.714,80.593,81.0685
1455012000,81.0685,81.41,80.011,80.033
1455026400,80.033,81.67,80.028,81.2545
1455040800,81.2545,81.484,80.906,81.383
1455055200,81.383,81.513,80.475,80.674
1455069600,80.674,81.154,80.534,80.729
1455084000,80.729,81.842,80.729,81.6865
1455098400,81.6865,81.879,81.266,81.402
1455112800,81.402,81.94,80.546,80.9795
1455127200,80.9795,81.005,80.392,80.411
1455141600,80.411,80.879,80.19,80.2795
1455156000,80.2795,80.41,79.768,79.925
1455170400,79.925,80.18,77.59,78.371
1455184800,78.371,79.96,78.234,79.5515
1455199200,79.5515,79.93,79.111,79.512
1455213600,79.512,79.998,79.136,79.9245
1455228000,79.9245,80.287,79.572,79.979
1455242400,79.979,80.545,79.561,79.8375
1455256800,79.8375,80.172,79.287,79.9055
1455271200,79.9055,80.331,79.824,79.9595
1455285600,79.9595,80.486,79.552,80.3905
1455300000,80.3905,80.654,80.384,80.489
1455487200,80.489,81.086,80.489,81.0405
1455501600,81.0405,81.764,80.719,81.6565
1455516000,81.6565,81.793,81.158,81.4215
1455530400,81.4215,81.732,81.372,81.669
1455544800,81.669,81.985,81.63,81.918
1455559200,81.918,81.951,81.742,81.812
1455573600,81.812,82.337,81.633,82.089
1455588000,82.089,82.432,81.853,81.8985
1455602400,81.8985,82.154,81.436,81.589
1455616800,81.589,81.728,81.268,81.3705
1455631200,81.3705,81.45,80.468,80.883
1455645600,80.883,81.146,80.75,81.122
1455660000,81.122,81.407,80.776,81.066
1455674400,81.066,81.19,80.529,80.778
1455688800,80.778,81.188,80.358,81.172
1455703200,81.172,81.589,81.158,81.2325
1455717600,81.2325,82.081,81.212,81.9635
1455732000,81.9635,82.01,81.526,81.976
1455746400,81.976,82.032,81.292,81.5955
1455760800,81.5955,81.752,81.469,81.5545
1455775200,81.5545,81.672,81.076,81.5715
1455789600,81.5715,81.72,81.306,81.4575
1455804000,81.4575,81.51,81.006,81.1545
1455818400,81.1545,81.302,80.844,81.055
1455832800,81.055,81.119,80.056,80.1065
1455847200,80.1065,80.516,79.996,80.408
1455861600,80.408,80.616,80.158,80.267
1455876000,80.267,80.38,79.9,80.02
1455890400,80.02,80.221,79.828,80.1565
1455904800,80.1565,80.613,80.152,80.488
1456092000,80.488,81.007,80.268,80.887
1456106400,80.887,81.087,80.75,81.008
1456120800,81.008,81.331,80.736,81.276
1456135200,81.276,81.688,81.274,81.615
1456149600,81.615,82.028,81.554,81.8395
1456164000,81.8395,81.936,81.529,81.6045
1456178400,81.6045,81.788,80.846,81.0165
1456192800,81.0165,81.422,80.856,81.269
1456207200,81.269,81.43,80.842,81.04
1456221600,81.04,81.307,80.95,81.2505
1456236000,81.2505,81.302,80.683,80.9
1456250400,80.9,80.992,80.718,80.744
1456264800,80.744,80.818,80.393,80.59
1456279200,80.59,80.634,80.1,80.3035
1456293600,80.3035,80.825,80.137,80.31
1456308000,80.31,80.314,79.934,80.1895
1456322400,80.1895,80.1895,79.612,79.9525
1456336800,79.9525,80.786,79.913,80.709
1456351200,80.709,80.757,80.204,80.344
1456365600,80.344,80.87,80.296,80.813
1456380000,80.813,80.862,80.248,80.4165
1456394400,80.4165,81.344,80.324,81.265
1456408800,81.265,81.364,80.962,81.2335
1456423200,81.2335,81.784,81.21,81.7655
1456437600,81.7655,82.018,81.54,81.743
1456452000,81.743,81.76,81.304,81.3095
1456466400,81.3095,81.676,81.268,81.556
1456480800,81.556,81.842,81.202,81.8235
1456495200,81.8235,81.993,81.013,81.152
1456509600,81.152,81.275,81.063,81.2535
1456696800,81.2535,81.2535,80.676,80.676
1456711200,80.676,80.903,80.567,80.5855
1456725600,80.5855,80.766,80.334,80.5265
1456740000,80.5265,81.116,80.526,80.844
1456754400,80.844,80.86,80.472,80.745
1456768800,80.745,80.756,80.433,80.48
1456783200,80.48,80.516,79.812,79.8725
1456797600,79.8725,80.439,79.822,80.378
1456812000,80.378,81.308,80.378,80.7985
1456826400,80.7985,81.024,80.694,80.94
1456840800,80.94,81.818,80.676,81.6555
1456855200,81.6555,81.975,81.628,81.788
1456869600,81.788,82.568,81.553,82.447
1456884000,82.447,82.526,82.176,82.4165
1456898400,82.4165,82.78,82.406,82.4595
1456912800,82.4595,82.8,82.274,82.512
1456927200,82.512,82.918,82.214,82.7775
1456941600,82.7775,82.851,82.572,82.777
1456956000,82.777,83.245,82.624,83.1365
1456970400,83.1365,83.576,83.059,83.5115
1456984800,83.5115,83.639,83.136,83.364
1456999200,83.364,83.682,83.352,83.463
1457013600,83.463,83.802,83.364,83.5685
1457028000,83.5685,83.769,83.498,83.591
1457042400,83.591,83.698,83.269,83.3115
1457056800,83.3115,83.882,83.252,83.8215
1457071200,83.8215,83.966,83.76,83.8145
1457085600,83.8145,84.543,83.754,84.036
1457100000,84.036,84.718,84.015,84.6165
1457114400,84.6165,84.938,84.533,84.6365
1457301600,84.6365,84.6365,84.097,84.2865
1457316000,84.2865,84.372,84.202,84.237
1457330400,84.237,84.35,83.942,83.9645
1457344800,83.9645,84.396,83.904,84.167
1457359200,84.167,85.006,84.166,84.976
1457373600,84.976,85.018,84.542,84.726
1457388000,84.726,84.767,83.846,83.9245
1457402400,83.9245,84.234,83.69,84.0385
1457416800,84.0385,84.109,83.6,83.9495
1457431200,83.9495,84.47,83.839,84.368
1457445600,84.368,84.368,83.623,84.0485
1457460000,84.0485,84.127,83.662,83.78
1457474400,83.78,83.804,83.352,83.4445
1457488800,83.4445,83.774,83.378,83.635
1457503200,83.635,84.258,83.567,84.082
1457517600,84.082,84.412,83.856,84.305
1457532000,84.305,85.118,84.29,84.955
1457546400,84.955,85.234,84.772,84.8455
1457560800,84.8455,85.009,84.472,84.874
1457575200,84.874,85.14,84.826,85.0975
1457589600,85.0975,85.143,84.676,84.7345
1457604000,84.7345,85.625,84.73,85.203
1457618400,85.203,85.424,83.711,83.88
1457632800,83.88,84.396,83.822,84.3925
1457647200,84.3925,84.647,84.075,84.6
1457661600,84.6,85.072,84.452,84.9115
1457676000,84.9115,85.416,84.892,85.354
1457690400,85.354,85.55,85.226,85.3005
1457704800,85.3005,86.21,85.288,85.96
1457719200,85.96,86.188,85.914,86.135
1457902800,86.135,86.324,85.79,86.3055
1457917200,86.3055,86.41,86.186,86.307
1457931600,86.307,86.384,85.482,85.542
1457946000,85.542,85.848,85.474,85.69
1457960400,85.69,85.731,85.27,85.3625
1457974800,85.3625,85.535,85.23,85.52
1457989200,85.52,85.674,85.338,85.3455
1458003600,85.3455,85.502,84.795,84.864
1458018000,84.864,85.07,84.315,84.4235
1458032400,84.4235,84.636,83.907,84.1145
1458046800,84.1145,84.421,84.105,84.2125
1458061200,84.2125,84.412,84.188,84.402
1458075600,84.402,84.704,84.296,84.5945
1458090000,84.5945,84.68,84.418,84.5425
1458104400,84.5425,84.96,84.516,84.9345
1458118800,84.9345,84.95,84.293,84.3665
1458133200,84.3665,84.644,84.264,84.497
1458147600,84.497,85.128,84.462,85.016
1458162000,85.016,85.656,84.98,85.6425
1458176400,85.6425,85.874,85,85.0365
1458190800,85.0365,85.43,84.958,85.3445
1458205200,85.3445,85.372,84.3,84.9375
1458219600,84.9375,85.288,84.796,84.9005
1458234000,84.9005,85.304,84.897,85.203
1458248400,85.203,85.244,84.782,84.9555
1458262800,84.9555,85.368,84.898,85.1495
1458277200,85.1495,85.254,84.694,84.7445
1458291600,84.7445,85.164,84.724,85.1115
1458306000,85.1115,85.128,84.783,84.8335
1458320400,84.8335,84.912,84.676,84.804
1458507600,84.804,84.804,84.486,84.5035
1458522000,84.5035,84.627,84.227,84.5265
1458536400,84.5265,84.954,84.336,84.86
1458550800,84.86,85.071,84.678,84.822
1458565200,84.822,85.088,84.635,84.69
1458579600,84.69,84.992,84.69,84.834
1458594000,84.834,85.029,84.748,84.7795
1458608400,84.7795,85.106,84.72,85.0225
1458622800,85.0225,85.451,84.134,84.57
1458637200,84.57,85.028,84.536,84.907
1458651600,84.907,85.401,84.662,85.3565
1458666000,85.3565,85.655,85.321,85.634
1458680400,85.634,85.726,85.4315,85.692
1458694800,85.692,85.869,85.502,85.6175
1458709200,85.6175,85.716,85.243,85.631
1458723600,85.631,85.684,85.288,85.2925
1458738000,85.2925,85.374,84.786,84.8815
1458752400,84.8815,84.928,84.526,84.6345
1458766800,84.6345,84.722,84.33,84.449
1458781200,84.449,84.857,84.434,84.519
1458795600,84.519,84.758,84.381,84.5835
1458810000,84.5835,84.696,84.4415,84.5445
1458824400,84.5445,84.853,84.392,84.734
1458838800,84.734,84.993,84.701,84.98
1458853200,84.98,85.224,84.756,85.073
1458867600,85.073,85.164,84.932,85.0515
1458882000,85.0515,85.153,84.996,85.0545
1458896400,85.0545,85.128,84.966,85.011
1458910800,85.011,85.121,84.896,84.935
1458925200,84.935,84.986,84.84,84.894
1459112400,84.894,85.204,84.894,85.1405
1459126800,85.1405,85.414,85.1405,85.292
1459141200,85.292,85.61,85.282,85.497
1459155600,85.497,85.612,85.418,85.5375
1459170000,85.5375,85.604,85.435,85.461
1459184400,85.461,85.64,85.351,85.584
1459198800,85.584,85.708,85.463,85.5425
1459213200,85.5425,85.969,85.512,85.82
1459227600,85.82,85.864,85.463,85.57
1459242000,85.57,85.664,85.294,85.432
1459256400,85.432,86.128,85.292,85.961
1459270800,85.961,86.162,85.928,85.9875
1459285200,85.9875,86.132,85.85,85.93
1459299600,85.93,86.006,85.652,85.684
1459314000,85.684,86.253,85.624,85.993
1459328400,85.993,86.556,85.952,86.395
1459342800,86.395,86.673,86.184,86.226
1459357200,86.226,86.306,86.028,86.2515
1459371600,86.2515,86.306,86.033,86.2455
1459386000,86.2455,86.262,85.822,85.942
1459400400,85.942,86.286,85.775,86.1685
1459414800,86.1685,86.504,86.079,86.458
1459429200,86.458,86.707,86.254,86.3
1459443600,86.3,86.382,86.175,86.2075
1459458000,86.2075,86.482,86.157,86.434
1459472400,86.434,86.45,85.788,85.8825
1459486800,85.8825,86.272,85.779,86.228
1459501200,86.228,86.312,85.338,85.3385
1459515600,85.3385,86.142,85.26,85.742
1459530000,85.742,85.908,85.681,85.793
1459717200,85.793,85.8,85.43,85.4655
1459731600,85.4655,85.54,85.012,85.1195
1459746000,85.1195,85.132,84.854,85.0115
1459760400,85.0115,85.221,84.958,85.1195
1459774800,85.1195,85.139,84.512,84.706
1459789200,84.706,84.738,84.572,84.6565
1459803600,84.6565,84.688,84.159,84.235
1459818000,84.235,84.65,83.878,84.405
1459832400,84.405,84.417,83.46,83.574
1459846800,83.574,83.63,83.052,83.369
1459861200,83.369,83.424,82.806,82.9285
1459875600,82.9285,83.327,82.886,83.246
1459890000,83.246,83.529,83.15,83.276
1459904400,83.276,83.674,83.089,83.429
1459918800,83.429,83.578,83.114,83.362
1459933200,83.362,83.505,83.142,83.278
1459947600,83.278,83.542,83.126,83.3185
1459962000,83.3185,83.526,83.042,83.427
1459976400,83.427,83.737,83.35,83.4055
1459990800,83.4055,83.496,82.852,83.032
1460005200,83.032,83.148,82.154,82.163
1460019600,82.163,82.172,81.562,81.7785
1460034000,81.7785,81.79,80.68,81.1675
1460048400,81.1675,81.467,81.11,81.222
1460062800,81.222,81.824,81.13,81.7445
1460077200,81.7445,82.14,81.73,82.0125
1460091600,82.0125,82.472,81.81,82.2335
1460106000,82.2335,82.269,81.662,82.15
1460120400,82.15,82.32,81.772,81.928
1460134800,81.928,81.934,81.602,81.634
1460322000,81.634,82.01,81.404,81.471
1460336400,81.471,81.734,81.084,81.5935
1460350800,81.5935,81.878,81.196,81.681
1460365200,81.681,82.169,81.58,82.1335
1460379600,82.1335,82.454,81.938,82.181
1460394000,82.181,82.202,81.93,82.002
1460408400,82.002,82.282,81.872,82.051
1460422800,82.051,82.718,81.869,82.659
1460437200,82.659,83.01,82.424,82.871
1460451600,82.871,83.144,82.838,82.962
1460466000,82.962,83.364,82.62,83.3115
1460480400,83.3115,83.477,83.264,83.4015
1460494800,83.4015,83.637,83.294,83.434
1460509200,83.434,84.012,83.38,83.836
1460523600,83.836,83.893,83.234,83.7015
1460538000,83.7015,83.907,83.361,83.5365
1460552400,83.5365,83.702,83.374,83.554
1460566800,83.554,83.745,83.471,83.674
1460581200,83.674,83.8805,83.462,83.5225
1460595600,83.5225,83.911,83.416,83.751
1460610000,83.751,83.956,83.561,83.907
1460624400,83.907,84.484,83.776,84.3155
1460638800,84.3155,84.33,83.98,84.1235
1460653200,84.1235,84.258,84.082,84.184
1460667600,84.184,84.356,84.03,84.333
1460682000,84.333,84.775,84.318,84.5555
1460696400,84.5555,84.642,84.218,84.4255
1460710800,84.4255,84.506,83.764,83.8135
1460725200,83.8135,83.9805,83.62,83.941
1460739600,83.941,84.11,83.839,84.006
1460926800,84.006,84.006,82.474,82.6505
1460941200,82.6505,83.033,82.574,82.9055
1460955600,82.9055,83.546,82.511,83.4095
1460970000,83.4095,83.936,83.244,83.8605
1460984400,83.8605,84.492,83.678,84.412
1460998800,84.412,84.454,84.24,84.341
1461013200,84.341,84.904,84.287,84.7765
1461027600,84.7765,84.972,84.638,84.834
1461042000,84.834,85.052,84.688,84.942
1461056400,84.942,85.38,84.866,85.217
1461070800,85.217,85.465,84.998,85.125
1461085200,85.125,85.407,85.103,85.336
1461099600,85.336,85.42,84.978,85.0605
1461114000,85.0605,85.088,84.688,84.8325
1461128400,84.8325,85.272,84.609,85.1295
1461142800,85.1295,85.476,85.094,85.4035
1461157200,85.4035,85.732,85.18,85.653
1461171600,85.653,85.824,85.486,85.615
1461186000,85.615,85.744,85.462,85.5435
1461200400,85.5435,85.856,85.37,85.6375
1461214800,85.6375,85.826,85.504,85.7275
1461229200,85.7275,85.926,85.608,85.773
1461243600,85.773,85.806,84.804,84.9225
1461258000,84.9225,84.936,84.651,84.7
1461272400,84.7,85.008,84.649,84.8835
1461286800,84.8835,85.312,84.685,85.2225
1461301200,85.2225,85.84,85.136,85.4305
1461315600,85.4305,85.89,85.357,85.859
1461330000,85.859,86.385,85.822,85.953
1461344400,85.953,86.238,85.948,86.175
1461531600,86.175,86.242,85.611,85.6255
1461546000,85.6255,85.796,85.504,85.541
1461560400,85.541,85.956,85.504,85.693
1461574800,85.693,85.888,85.522,85.7755
1461589200,85.7755,85.88,85.574,85.8085
1461603600,85.8085,85.856,85.637,85.79
1461618000,85.79,85.865,85.613,85.708
1461632400,85.708,85.87,85.444,85.6085
1461646800,85.6085,85.85,85.244,85.787
1461661200,85.787,86.02,85.723,85.92
1461675600,85.92,86.23,85.915,86.1675
1461690000,86.1675,86.31,86.155,86.2425
1461704400,86.2425,86.296,86.064,86.184
1461718800,86.184,86.304,84.652,84.758
1461733200,84.758,84.886,84.536,84.781
1461747600,84.781,84.784,84.442,84.5805
1461762000,84.5805,84.599,84.229,84.5185
1461776400,84.5185,84.76,84.302,84.595
1461790800,84.595,84.882,84.404,84.7655
1461805200,84.7655,84.868,82.468,82.8895
1461819600,82.8895,83.01,82.358,82.569
1461834000,82.569,82.715,82.102,82.4495
1461848400,82.4495,82.956,82.366,82.706
1461862800,82.706,82.707,82.29,82.426
1461877200,82.426,82.527,82.272,82.2925
1461891600,82.2925,82.414,81.736,82.0875
1461906000,82.0875,82.234,81.587,81.6745
1461920400,81.6745,82.016,81.608,81.7355
1461934800,81.7355,81.98,81.176,81.205
1461949200,81.205,81.248,80.822,80.8585
1462136400,80.8585,81.208,80.67,81.0005
1462150800,81.0005,81.156,80.94,80.985
1462165200,80.985,81.199,80.872,80.994
1462179600,80.994,81.534,80.984,81.4155
1462194000,81.4155,81.497,81.156,81.468
1462208400,81.468,81.631,81.438,81.56
1462222800,81.56,81.636,81.352,81.4535
1462237200,81.4535,81.958,80.033,80.142
1462251600,80.142,80.585,80.026,80.286
1462266000,80.286,80.306,79.64,79.8245
1462280400,79.8245,79.908,79.537,79.69
1462294800,79.69,79.844,79.571,79.764
1462309200,79.764,80.418,79.757,79.9475
1462323600,79.9475,80.468,79.936,80.3535
1462338000,80.3535,80.406,79.937,79.9435
1462352400,79.9435,80.042,79.494,79.693
1462366800,79.693,80.132,79.602,79.849
1462381200,79.849,79.924,79.664,79.784
1462395600,79.784,79.976,79.754,79.9275
1462410000,79.9275,80.31,79.927,80.2735
1462424400,80.2735,80.444,80.098,80.331
1462438800,80.331,80.394,80.034,80.224
1462453200,80.224,80.381,80.068,80.152
1462467600,80.152,80.152,79.955,80.066
1462482000,80.066,80.298,80.046,80.071
1462496400,80.071,80.145,79.072,79.1945
1462510800,79.1945,79.312,78.692,78.8285
1462525200,78.8285,78.881,78.182,78.393
1462539600,78.393,78.786,78.348,78.569
1462554000,78.569,78.981,78.557,78.9245
1462741200,78.9245,79.291,78.76,79.1815
1462755600,79.1815,79.334,79.008,79.2615
1462770000,79.2615,79.352,78.85,79.3045
1462784400,79.3045,79.528,79.215,79.3075
1462798800,79.3075,79.5,79.198,79.3285
1462813200,79.3285,79.43,79.216,79.248
1462827600,79.248,79.384,79.122,79.2355
1462842000,79.2355,79.841,79.168,79.7935
1462856400,79.7935,80.366,79.624,80.324
1462870800,80.324,80.332,79.956,80.033
1462885200,80.033,80.426,79.956,80.272
1462899600,80.272,80.528,80.243,80.4555
1462914000,80.4555,80.656,80.396,80.5295
1462928400,80.5295,80.604,79.796,79.9705
1462942800,79.9705,80.109,79.717,79.8255
1462957200,79.8255,80.29,79.771,80.1255
1462971600,80.1255,80.346,79.794,80.1585
1462986000,80.1585,80.252,79.935,79.9635
1463000400,79.9635,80.04,79.654,79.883
1463014800,79.883,79.929,79.454,79.909
1463029200,79.909,80.011,79.56,79.938
1463043600,79.938,80.194,79.912,80.1885
1463058000,80.1885,80.381,79.505,79.8275
1463072400,79.8275,80.028,79.644,79.8455
1463086800,79.8455,79.889,79.573,79.6105
1463101200,79.6105,79.613,79.304,79.424
1463115600,79.424,79.518,79.062,79.275
1463130000,79.275,79.719,79.146,79.4375
1463144400,79.4375,79.555,79.154,79.1945
1463158800,79.1945,79.314,78.9,78.967
1463346000,78.967,79.24,78.644,79.177
1463360400,79.177,79.462,79.094,79.201
1463374800,79.201,79.392,79.133,79.338
1463389200,79.338,79.487,79.292,79.4395
1463403600,79.4395,79.518,79.312,79.4805
1463418000,79.4805,79.526,79.406,79.474
1463432400,79.474,79.559,79.298,79.3845
1463446800,79.3845,80.272,79.358,80.166
1463461200,80.166,80.564,80.049,80.2985
1463475600,80.2985,80.35,79.944,79.9975
1463490000,79.9975,80.184,79.762,80.048
1463504400,80.048,80.075,79.825,79.955
1463518800,79.955,80.043,79.376,79.382
1463533200,79.382,79.75,79.313,79.435
1463547600,79.435,79.706,79.354,79.635
1463562000,79.635,79.747,79.389,79.472
1463576400,79.472,79.982,79.398,79.9825
1463590800,79.9825,80.044,79.364,79.663
1463605200,79.663,79.752,79.458,79.516
1463619600,79.516,79.71,79.224,79.2965
1463634000,79.2965,79.568,79.286,79.399
1463648400,79.399,79.454,79.026,79.157
1463662800,79.157,79.344,79.041,79.227
1463677200,79.227,79.493,79.198,79.476
1463691600,79.476,79.66,79.387,79.531
1463706000,79.531,79.664,79.494,79.58
1463720400,79.58,79.928,79.526,79.8515
1463734800,79.8515,79.876,79.678,79.8645
1463749200,79.8645,79.958,79.72,79.752
1463763600,79.752,79.769,79.517,79.5465
1463950800,79.5465,79.684,79.39,79.4815
1463965200,79.4815,79.753,79.292,79.694
1463979600,79.694,79.716,79.027,79.1465
1463994000,79.1465,79.198,78.813,78.8275
1464008400,78.8275,79.037,78.781,78.904
1464022800,78.904,78.948,78.792,78.908
1464037200,78.908,79.004,78.789,78.833
1464051600,78.833,79.052,78.591,78.648
1464066000,78.648,78.716,78.314,78.478
1464080400,78.478,78.636,78.359,78.603
1464094800,78.603,79.108,78.594,78.9735
1464109200,78.9735,79.03,78.882,79.0095
1464123600,79.0095,79.26,78.988,79.1615
1464138000,79.1615,79.364,79.004,79.2135
1464152400,79.2135,79.444,79.071,79.301
1464166800,79.301,79.485,79.173,79.48
1464181200,79.48,79.512,79.086,79.24
1464195600,79.24,79.406,79.218,79.3265
1464210000,79.3265,79.3265,78.686,78.7395
1464224400,78.7395,79.146,78.458,79.1255
1464238800,79.1255,79.296,78.954,79.2075
1464253200,79.2075,79.503,79.196,79.436
1464267600,79.436,79.492,79.118,79.2135
1464282000,79.2135,79.317,79.16,79.314
1464296400,79.314,79.388,79.182,79.379
1464310800,79.379,79.494,79.315,79.3475
1464325200,79.3475,79.398,79.114,79.1695
1464339600,79.1695,79.297,78.963,78.967
1464354000,78.967,79.199,78.897,79.1405
1464368400,79.1405,79.376,79.054,79.226
1464555600,79.226,79.6,79.223,79.444
1464570000,79.444,79.606,79.25,79.57
1464584400,79.57,79.88,79.565,79.804
1464598800,79.804,79.908,79.667,79.8665
1464613200,79.8665,79.885,79.742,79.843
1464627600,79.843,79.872,79.806,79.811
1464642000,79.811,79.851,79.718,79.76
1464656400,79.76,80.695,79.758,80.559
1464670800,80.559,80.634,80.146,80.2785
1464685200,80.2785,80.663,80.25,80.516
1464699600,80.516,80.646,80.062,80.067
1464714000,80.067,80.138,79.756,80.092
1464728400,80.092,80.172,79.962,80.072
1464742800,80.072,80.792,80.007,80.394
1464757200,80.394,80.411,79.716,79.7205
1464771600,79.7205,79.772,79.198,79.206
1464786000,79.206,79.556,79.026,79.448
1464800400,79.448,79.534,79.382,79.4955
1464814800,79.4955,79.53,79.152,79.203
1464829200,79.203,79.45,78.766,79.054
1464843600,79.054,79.128,78.58,78.7455
1464858000,78.7455,78.8,78.434,78.485
1464872400,78.485,78.629,78.316,78.583
1464886800,78.583,78.714,78.55,78.708
1464901200,78.708,78.91,78.57,78.7725
1464915600,78.7725,78.926,78.515,78.5895
1464930000,78.5895,79.01,78.578,78.8945
1464944400,78.8945,78.966,78.542,78.67
1464958800,78.67,78.888,78.104,78.3
1464973200,78.3,78.614,78.238,78.487
1465160400,78.487,78.567,78.042,78.131
1465174800,78.131,78.518,78.04,78.4445
1465189200,78.4445,78.917,78.342,78.872
1465203600,78.872,78.939,78.709,78.882
1465218000,78.882,79.262,78.786,78.8585
1465232400,78.8585,79.356,78.812,79.2325
1465246800,79.2325,79.289,79.024,79.152
1465261200,79.152,80.022,79.134,79.9565
1465275600,79.9565,80.216,79.882,80.151
1465290000,80.151,80.312,80.007,80.083
1465304400,80.083,80.092,79.814,79.952
1465318800,79.952,80.126,79.907,80.0925
1465333200,80.0925,80.0925,79.562,79.725
1465347600,79.725,79.946,79.376,79.8675
1465362000,79.8675,79.889,79.632,79.7025
1465376400,79.7025,80.044,79.655,79.893
1465390800,79.893,79.908,79.598,79.855
1465405200,79.855,80.044,79.752,79.9305
1465419600,79.9305,80.556,79.832,79.8375
1465434000,79.8375,79.924,79.484,79.5945
1465448400,79.5945,79.782,78.988,79.2955
1465462800,79.2955,79.305,79.008,79.2455
1465477200,79.2455,79.2455,78.984,79.1995
1465491600,79.1995,79.75,79.168,79.5945
1465506000,79.5945,79.628,79.26,79.4265
1465520400,79.4265,79.569,79.286,79.3315
1465534800,79.3315,79.456,79.016,79.102
1465549200,79.102,79.284,78.984,79.215
1465563600,79.215,79.298,79.044,79.117
1465578000,79.117,79.142,78.559,78.88
1465765200,78.88,78.88,78.343,78.3605
1465779600,78.3605,78.464,78.094,78.1535
1465794000,78.1535,78.713,78.095,78.446
1465808400,78.446,78.602,78.284,78.292
1465822800,78.292,78.875,78.244,78.4995
1465837200,78.4995,78.543,78.396,78.497
1465851600,78.497,78.568,78.244,78.4105
1465866000,78.4105,78.478,78.23,78.4
1465880400,78.4,78.446,77.524,77.729
1465894800,77.729,78.041,77.516,78.0275
1465909200,78.0275,78.347,77.858,78.0925
1465923600,78.0925,78.142,77.926,78.083
1465938000,78.083,78.108,77.752,77.902
1465952400,77.902,78.365,77.81,78.227
1465966800,78.227,78.655,78.2,78.5465
1465981200,78.5465,78.742,78.428,78.4965
1465995600,78.4965,78.634,78.266,78.346
1466010000,78.346,78.683,78.337,78.5285
1466024400,78.5285,78.566,78.318,78.339
1466038800,78.339,78.671,76.976,77.0325
1466053200,77.0325,77.124,76.098,76.641
1466067600,76.641,76.972,76.41,76.411
1466082000,76.411,76.948,75.594,76.721
1466096400,76.721,77.052,76.638,76.7595
1466110800,76.7595,77.482,76.7435,77.3795
1466125200,77.3795,77.541,76.816,76.9135
1466139600,76.9135,77.202,76.855,77.05
1466154000,77.05,77.115,76.93,77.0055
1466168400,77.0055,77.284,76.806,76.9795
1466182800,76.9795,77.144,76.934,77.039
1466370000,77.039,78.032,77.039,77.8725
1466384400,77.8725,77.988,77.694,77.9345
1466398800,77.9345,78.16,77.84,78.0805
1466413200,78.0805,78.156,77.782,78.119
1466427600,78.119,78.152,77.696,77.755
1466442000,77.755,77.776,77.334,77.5045
1466456400,77.5045,77.65,77.312,77.595
1466470800,77.595,77.966,77.554,77.821
1466485200,77.821,78.382,77.821,78.3395
1466499600,78.3395,78.57,78.106,78.16
1466514000,78.16,78.323,77.908,78.1265
1466528400,78.1265,78.396,78.034,78.056
1466542800,78.056,78.182,77.798,77.834
1466557200,77.834,78.126,77.778,78.0645
1466571600,78.0645,78.303,77.917,78.208
1466586000,78.208,78.632,78.174,78.522
1466600400,78.522,78.758,78.259,78.4765
1466614800,78.4765,78.484,78.196,78.3235
1466629200,78.3235,78.983,78.304,78.778
1466643600,78.778,78.84,78.623,78.6945
1466658000,78.6945,78.994,78.255,78.9535
1466672400,78.9535,80.404,78.928,80.279
1466686800,80.279,80.486,79.898,80.294
1466701200,80.294,80.863,80.26,80.845
1466715600,80.845,81.608,77.726,79.3425
1466730000,79.3425,79.364,72.506,74.275
1466744400,74.275,76.606,74.172,76.075
1466758800,76.075,76.416,75.319,76.0735
1466773200,76.0735,76.887,75.959,76.3385
1466787600,76.3385,76.784,76.236,76.363
1466974800,76.363,76.363,75.279,75.774
1466989200,75.774,75.922,75.068,75.2575
1467003600,75.2575,76.144,75.136,75.79
1467018000,75.79,75.908,75.032,75.146
1467032400,75.146,75.409,74.53,74.899
1467046800,74.899,75.099,74.656,74.7535
1467061200,74.7535,74.96,74.719,74.8165
1467075600,74.8165,75.63,74.714,75.3495
1467090000,75.3495,75.881,75.25,75.513
1467104400,75.513,75.886,75.513,75.8315
1467118800,75.8315,75.888,75.406,75.592
1467133200,75.592,75.92,75.562,75.9075
1467147600,75.9075,76.035,75.554,75.581
1467162000,75.581,76.031,75.572,75.791
1467176400,75.791,76.21,75.444,76.1445
1467190800,76.1445,76.496,76.06,76.369
1467205200,76.369,76.58,76.244,76.246
1467219600,76.246,76.674,76.11,76.6165
1467234000,76.6165,76.828,76.529,76.6255
1467248400,76.6255,76.658,76.337,76.403
1467262800,76.403,76.537,75.566,76.513
1467277200,76.513,76.732,76.296,76.3255
1467291600,76.3255,76.89,76.212,76.842
1467306000,76.842,77.044,76.624,76.886
1467320400,76.886,76.951,76.619,76.6575
1467334800,76.6575,76.852,76.542,76.828
1467349200,76.828,76.837,76.424,76.7665
1467363600,76.7665,76.906,76.6,76.8145
1467378000,76.8145,76.961,76.676,76.7135
1467392400,76.7135,76.91,76.688,76.885
1467579600,76.885,76.885,76.416,76.694
1467594000,76.694,77.051,76.68,76.9365
1467608400,76.9365,77.238,76.884,77.0575
1467622800,77.0575,77.3,77.038,77.2535
1467637200,77.2535,77.408,77.213,77.2785
1467651600,77.2785,77.356,77.267,77.3145
1467666000,77.3145,77.3145,76.895,76.9835
1467680400,76.9835,77.053,76.523,76.607
1467694800,76.607,76.832,76.128,76.1575
1467709200,76.1575,76.368,76.052,76.052
1467723600,76.052,76.103,75.7,75.779
1467738000,75.779,75.96,75.67,75.924
1467752400,75.924,75.963,75.12,75.229
1467766800,75.229,75.248,74.552,74.9825
1467781200,74.9825,75.53,74.83,75.032
1467795600,75.032,75.4,74.722,75.331
1467810000,75.331,76.268,75.331,76.1035
1467824400,76.1035,76.283,75.897,76.19
1467838800,76.19,76.279,75.82,75.9655
1467853200,75.9655,76.159,75.276,75.972
1467867600,75.972,76.226,75.398,76.1195
1467882000,76.1195,76.184,75.803,75.9375
1467896400,75.9375,75.968,75.278,75.326
1467910800,75.326,75.459,75.19,75.3765
1467925200,75.3765,75.784,75.316,75.7475
1467939600,75.7475,75.882,75.051,75.282
1467954000,75.282,75.575,75.081,75.4665
1467968400,75.4665,76.126,75.367,75.929
1467982800,75.929,76.13,75.578,76.0215
1467997200,76.0215,76.16,75.967,76.099
1468184400,76.099,76.256,76.041,76.126
1468198800,76.126,76.632,75.943,76.587
1468213200,76.587,77.07,76.572,76.984
1468227600,76.984,77.576,76.936,77.5435
1468242000,77.5435,77.603,77.132,77.377
1468256400,77.377,77.52,77.373,77.427
1468270800,77.427,77.586,77.222,77.578
1468285200,77.578,78.246,77.569,78.1115
1468299600,78.1115,79.008,78.1115,78.8695
1468314000,78.8695,79.583,78.826,79.5515
1468328400,79.5515,80.35,79.472,80.263
1468342800,80.263,80.316,79.778,79.802
1468357200,79.802,79.89,79.3,79.692
1468371600,79.692,79.714,78.856,79.245
1468386000,79.245,79.396,78.926,79.343
1468400400,79.343,80.002,79.23,79.79
1468414800,79.79,79.856,79.162,79.4835
1468429200,79.4835,79.58,79.35,79.482
1468443600,79.482,79.505,78.966,79.065
1468458000,79.065,79.908,79.053,79.673
1468472400,79.673,80.7,79.644,80.6815
1468486800,80.6815,80.99,80.26,80.7305
1468501200,80.7305,80.798,80.32,80.466
1468515600,80.466,80.602,80.379,80.3905
1468530000,80.3905,80.508,79.949,80.3495
1468544400,80.3495,81.512,80.262,80.743
1468558800,80.743,81.172,80.4,81.0435
1468573200,81.0435,81.113,80.744,80.965
1468587600,80.965,81.017,79.822,79.993
1468602000,79.993,80.352,79.174,79.433
1468789200,79.433,80.536,79.433,80.0245
1468803600,80.0245,80.288,79.93,80.1435
1468818000,80.1435,80.48,79.996,80.383
1468832400,80.383,80.398,80.024,80.05
1468846800,80.05,80.678,79.764,80.5615
1468861200,80.5615,80.782,80.5,80.579
1468875600,80.579,80.602,79.914,79.9775
1468890000,79.9775,80.067,79.385,79.586
1468904400,79.586,79.88,79.344,79.5845
1468918800,79.5845,79.766,79.455,79.674
1468933200,79.674,79.804,79.434,79.5605
1468947600,79.5605,79.682,79.42,79.6345
1468962000,79.6345,79.875,79.34,79.3545
1468976400,79.3545,79.586,79.272,79.5395
1468990800,79.5395,79.789,79.319,79.661
1469005200,79.661,80.028,79.574,79.6305
1469019600,79.6305,79.946,79.512,79.85
1469034000,79.85,80.074,79.786,79.9195
1469048400,79.9195,80.272,79.744,80.141
1469062800,80.141,80.404,79.956,80.2255
1469077200,80.2255,80.46,79.387,79.523
1469091600,79.523,79.749,79.054,79.584
1469106000,79.584,79.814,79.216,79.285
1469120400,79.285,79.413,79.151,79.3015
1469134800,79.3015,79.641,79.252,79.278
1469149200,79.278,79.288,78.975,79.142
1469163600,79.142,79.446,79.026,79.4145
1469178000,79.4145,79.525,79.242,79.2865
1469192400,79.2865,79.3,78.912,79.134
1469206800,79.134,79.328,79.084,79.202
1469394000,79.202,79.654,79.116,79.554
1469408400,79.554,79.708,79.354,79.4105
1469422800,79.4105,79.722,79.294,79.611
1469437200,79.611,79.66,79.194,79.227
1469451600,79.227,79.32,78.96,79.032
1469466000,79.032,79.226,78.971,79.036
1469480400,79.036,79.14,78.324,78.3675
1469494800,78.3675,78.668,78.216,78.48
1469509200,78.48,78.687,78.156,78.4955
1469523600,78.4955,78.718,78.434,78.565
1469538000,78.565,78.863,78.518,78.721
1469552400,78.721,78.854,78.484,78.5055
1469566800,78.5055,79.068,78.5055,78.9585
1469581200,78.9585,79.578,78.724,78.884
1469595600,78.884,79.446,78.777,79.029
1469610000,79.029,79.05,78.782,78.945
1469624400,78.945,79.098,78.786,78.868
1469638800,78.868,79.135,78.584,78.953
1469653200,78.953,79.02,78.702,78.7905
1469667600,78.7905,79.117,78.74,78.8465
1469682000,78.8465,79.094,78.656,79.0175
1469696400,79.0175,79.06,78.72,78.9195
1469710800,78.9195,78.97,78.612,78.7105
1469725200,78.7105,79.154,78.684,78.9895
1469739600,78.9895,79.052,77.676,78.5045
1469754000,78.5045,79.505,77.524,77.799
1469768400,77.799,78.05,77.504,77.832
1469782800,77.832,77.857,77.573,77.7715
1469797200,77.7715,77.99,77.594,77.6505
1469811600,77.6505,77.678,77.5,77.582
1469998800,77.582,77.914,77.464,77.7445
1470013200,77.7445,78.19,77.631,77.932
1470027600,77.932,78.016,77.474,77.482
1470042000,77.482,77.569,77.338,77.4995
1470056400,77.4995,77.558,77.258,77.327
1470070800,77.327,77.486,77.068,77.1585
1470085200,77.1585,77.247,76.996,77.1335
1470099600,77.1335,77.475,76.785,76.9965
1470114000,76.9965,77.338,76.712,76.9765
1470128400,76.9765,77.35,76.856,77.2215
1470142800,77.2215,77.316,76.559,76.578
1470157200,76.578,76.796,76.502,76.7735
1470171600,76.7735,76.916,76.7,76.8915
1470186000,76.8915,77.087,76.511,76.7565
1470200400,76.7565,76.83,76.516,76.8255
1470214800,76.8255,76.909,76.65,76.709
1470229200,76.709,77.054,76.605,76.945
1470243600,76.945,76.956,76.627,76.8245
1470258000,76.8245,77.214,76.772,77.1005
1470272400,77.1005,77.126,76.855,77.102
1470286800,77.102,77.32,77.047,77.2675
1470301200,77.2675,77.354,76.99,77.0115
1470315600,77.0115,77.258,76.928,77.2275
1470330000,77.2275,77.253,77.12,77.209
1470344400,77.209,77.494,77.138,77.358
1470358800,77.358,77.534,77.176,77.4595
1470373200,77.4595,77.464,77.24,77.332
1470387600,77.332,77.582,77.256,77.5285
1470402000,77.5285,77.675,77.379,77.4945
1470416400,77.4945,77.611,77.483,77.576
1470603600,77.576,77.84,77.51,77.6125
1470618000,77.6125,77.744,77.558,77.663
1470632400,77.663,78.102,77.64,78.0465
1470646800,78.0465,78.27,78.029,78.264
1470661200,78.264,78.677,78.236,78.531
1470675600,78.531,78.548,78.357,78.382
1470690000,78.382,78.496,78.298,78.321
1470704400,78.321,78.355,78.034,78.1205
1470718800,78.1205,78.413,78.088,78.398
1470733200,78.398,78.416,78.054,78.1595
1470747600,78.1595,78.315,78.092,78.1785
1470762000,78.1785,78.206,78.02,78.1685
1470776400,78.1685,78.196,77.846,78.0215
1470790800,78.0215,78.106,77.852,77.9745
1470805200,77.9745,78.307,77.88,78.25
1470819600,78.25,78.376,78.176,78.3175
1470834000,78.3175,78.358,78.074,78.2195
1470848400,78.2195,78.288,77.967,78.018
1470862800,78.018,78.524,77.868,77.905
1470877200,77.905,78.122,77.897,78.0835
1470891600,78.0835,78.217,78,78.0625
1470906000,78.0625,78.297,78.041,78.1535
1470920400,78.1535,78.408,78.058,78.3345
1470934800,78.3345,78.629,78.334,78.502
1470949200,78.502,78.552,78.302,78.4045
1470963600,78.4045,78.483,78.321,78.4325
1470978000,78.4325,78.55,78.38,78.47
1470992400,78.47,78.504,77.932,77.9945
1471006800,77.9945,78.064,77.394,77.4525
1471021200,77.4525,77.526,77.337,77.504
1471208400,77.504,77.641,77.421,77.482
1471222800,77.482,77.582,77.41,77.482
1471237200,77.482,77.642,77.448,77.517
1471251600,77.517,77.559,77.378,77.452
1471266000,77.452,77.81,77.42,77.7435
1471280400,77.7435,77.782,77.666,77.702
1471294800,77.702,77.781,77.515,77.516
1471309200,77.516,77.613,77.098,77.2375
1471323600,77.2375,77.478,77.133,77.3175
1471338000,77.3175,77.433,77.058,77.187
1471352400,77.187,77.298,77.032,77.2315
1471366800,77.2315,77.274,77.144,77.1835
1471381200,77.1835,77.46,77.078,77.3835
1471395600,77.3835,77.428,77.156,77.3495
1471410000,77.3495,77.566,76.994,77.0115
1471424400,77.0115,77.02,76.73,76.79
1471438800,76.79,76.846,76.298,76.516
1471453200,76.516,76.804,76.466,76.77
1471467600,76.77,76.797,76.334,76.4395
1471482000,76.4395,77.176,76.406,77.0945
1471496400,77.0945,77.182,76.948,77.115
1471510800,77.115,77.28,76.892,77.0015
1471525200,77.0015,77.024,76.77,76.7865
1471539600,76.7865,76.936,76.684,76.7755
1471554000,76.7755,76.968,76.752,76.897
1471568400,76.897,76.95,76.428,76.691
1471582800,76.691,76.706,76.114,76.192
1471597200,76.192,76.42,76.151,76.3765
1471611600,76.3765,76.426,76.07,76.325
1471626000,76.325,76.44,76.289,76.435
1471813200,76.435,76.692,76.42,76.4385
1471827600,76.4385,76.55,76.352,76.5505
1471842000,76.5505,76.777,76.446,76.68
1471856400,76.68,76.688,76.442,76.4735
1471870800,76.4735,76.618,76.44,76.5245
1471885200,76.5245,76.554,76.419,76.508
1471899600,76.508,76.682,76.423,76.464
1471914000,76.464,76.607,76.422,76.504
1471928400,76.504,76.638,76.426,76.583
1471942800,76.583,76.609,76.478,76.5415
1471957200,76.5415,76.654,76.42,76.4285
1471971600,76.4285,76.449,76.288,76.336
1471986000,76.336,76.504,76.296,76.4275
1472000400,76.4275,76.438,76.278,76.381
1472014800,76.381,76.47,76.108,76.4045
1472029200,76.4045,76.52,76.298,76.5045
1472043600,76.5045,76.629,76.361,76.49
1472058000,76.49,76.534,76.391,76.478
1472072400,76.478,76.633,76.442,76.5645
1472086800,76.5645,76.683,76.526,76.626
1472101200,76.626,76.724,76.486,76.5075
1472115600,76.5075,76.67,76.436,76.4675
1472130000,76.4675,76.572,76.421,76.531
1472144400,76.531,76.632,76.506,76.5795
1472158800,76.5795,76.707,76.5595,76.621
1472173200,76.621,76.712,76.598,76.711
1472187600,76.711,76.802,76.628,76.6565
1472202000,76.6565,76.904,76.63,76.8515
1472216400,76.8515,77.2,76.675,76.973
1472230800,76.973,77.082,76.915,77.013
1472418000,77.013,77.206,76.702,76.88
1472432400,76.88,77.217,76.83,77.2085
1472446800,77.2085,77.304,77.114,77.2105
1472461200,77.2105,77.262,77.134,77.197
1472475600,77.197,77.402,77.194,77.317
1472490000,77.317,77.341,77.094,77.1425
1472504400,77.1425,77.272,77.086,77.1395
1472518800,77.1395,77.338,77.134,77.3305
1472533200,77.3305,77.364,77.21,77.2285
1472547600,77.2285,77.334,77.206,77.2735
1472562000,77.2735,77.468,77.157,77.4165
1472576400,77.4165,77.424,77.296,77.3235
1472590800,77.3235,77.527,77.3235,77.4875
1472605200,77.4875,77.59,77.416,77.5285
1472619600,77.5285,77.68,77.462,77.5935
1472634000,77.5935,77.684,77.482,77.6045
1472648400,77.6045,77.774,77.51,77.679
1472662800,77.679,77.803,77.647,77.7505
1472677200,77.7505,77.803,77.592,77.653
1472691600,77.653,77.903,77.491,77.8625
1472706000,77.8625,78.091,77.848,78.0145
1472720400,78.0145,78.201,77.954,78.073
1472734800,78.073,78.154,77.808,78.0235
1472749200,78.0235,78.082,77.932,77.957
1472763600,77.957,78.011,77.868,77.9315
1472778000,77.9315,78.122,77.904,78.0735
1472792400,78.0735,78.224,78.069,78.1475
1472806800,78.1475,78.512,78.112,78.4385
1472821200,78.4385,78.75,78.4385,78.6495
1472835600,78.6495,78.792,78.579,78.716
1473022800,78.716,78.848,78.536,78.691
1473037200,78.691,78.9,78.658,78.736
1473051600,78.736,78.736,78.502,78.5615
1473066000,78.5615,78.614,78.284,78.376
1473080400,78.376,78.472,78.33,78.3945
1473094800,78.3945,78.48,78.352,78.426
1473109200,78.426,78.822,78.413,78.7755
1473123600,78.7755,79.132,78.768,79.0295
1473138000,79.0295,79.12,78.949,78.9895
1473152400,78.9895,78.994,78.723,78.747
1473166800,78.747,78.822,78.37,78.4
1473181200,78.4,78.444,78.312,78.42
1473195600,78.42,78.455,77.788,77.818
1473210000,77.818,77.902,77.586,77.825
1473224400,77.825,77.918,77.646,77.8465
1473238800,77.8465,78.09,77.832,78.0045
1473253200,78.0045,78.13,77.961,78.0945
1473267600,78.0945,78.11,78.011,78.0635
1473282000,78.0635,78.174,77.988,78.067
1473296400,78.067,78.182,77.921,78.0165
1473310800,78.0165,78.493,78,78.476
1473325200,78.476,78.605,78.349,78.3635
1473339600,78.3635,78.462,77.966,78.3505
1473354000,78.3505,78.406,78.272,78.3375
1473368400,78.3375,78.338,78.185,78.243
1473382800,78.243,78.25,77.954,78.0415
1473397200,78.0415,78.228,77.738,77.793
1473411600,77.793,78.118,77.706,77.96
1473426000,77.96,78.001,77.623,77.6535
1473440400,77.6535,77.69,77.402,77.4425
1473627600,77.4425,77.4425,77.067,77.412
1473642000,77.412,77.458,77.069,77.2455
1473656400,77.2455,77.298,76.652,76.724
1473670800,76.724,76.731,76.421,76.5545
1473685200,76.5545,76.841,76.492,76.7885
1473699600,76.7885,77.074,76.644,77.052
1473714000,77.052,77.138,76.58,76.6555
1473728400,76.6555,76.955,76.599,76.9055
1473742800,76.9055,76.924,76.45,76.625
1473757200,76.625,77.082,76.59,76.8945
1473771600,76.8945,77.018,76.119,76.209
1473786000,76.209,76.718,76.17,76.5465
1473800400,76.5465,76.872,76.439,76.7745
1473814800,76.7745,77.14,76.737,77.0215
1473829200,77.0215,77.423,76.963,76.969
1473843600,76.969,76.97,76.628,76.7505
1473858000,76.7505,76.916,76.502,76.613
1473872400,76.613,76.703,76.393,76.4935
1473886800,76.4935,76.79,76.456,76.5535
1473901200,76.5535,76.584,75.973,76.38
1473915600,76.38,76.524,76.186,76.5115
1473930000,76.5115,76.657,76.386,76.505
1473944400,76.505,76.893,76.492,76.6405
1473958800,76.6405,76.842,76.576,76.7175
1473973200,76.7175,76.766,76.374,76.5
1473987600,76.5,76.84,76.496,76.7
1474002000,76.7,76.732,76.4715,76.568
1474016400,76.568,76.608,76.334,76.4965
1474030800,76.4965,76.698,76.318,76.5965
1474045200,76.5965,76.693,76.568,76.626
1474232400,76.626,76.882,76.418,76.7665
1474246800,76.7665,76.946,76.694,76.8565
1474261200,76.8565,77.029,76.714,76.826
1474275600,76.826,76.904,76.782,76.8455
1474290000,76.8455,77.011,76.773,76.811
1474304400,76.811,76.848,76.676,76.7815
1474318800,76.7815,76.84,76.706,76.7385
1474333200,76.7385,77.002,76.732,76.8005
1474347600,76.8005,76.911,76.728,76.824
1474362000,76.824,76.959,76.776,76.8675
1474376400,76.8675,76.928,76.674,76.674
1474390800,76.674,76.913,76.671,76.845
1474405200,76.845,76.893,76.696,76.824
1474419600,76.824,77.467,76.357,77.371
1474434000,77.371,77.532,77.083,77.2875
1474448400,77.2875,77.291,76.291,76.309
1474462800,76.309,76.429,76.18,76.368
1474477200,76.368,76.641,76.236,76.4775
1474491600,76.4775,76.688,76.313,76.523
1474506000,76.523,76.684,76.455,76.5805
1474520400,76.5805,77.293,76.565,77.233
1474534800,77.233,77.276,77.09,77.157
1474549200,77.157,77.249,76.978,77.068
1474563600,77.068,77.074,76.96,77.0185
1474578000,77.0185,77.272,77,77.187
1474592400,77.187,77.345,77.122,77.147
1474606800,77.147,77.173,76.814,76.9235
1474621200,76.9235,77.074,76.867,76.9405
1474635600,76.9405,77.086,76.934,76.9965
1474650000,76.9965,77.053,76.886,76.9955
1474837200,76.9955,76.997,76.792,76.8395
1474851600,76.8395,76.97,76.708,76.9645
1474866000,76.9645,76.982,76.454,76.557
1474880400,76.557,76.838,76.484,76.8045
1474894800,76.8045,76.858,76.614,76.6455
1474909200,76.6455,76.692,76.522,76.618
1474923600,76.618,76.668,76.19,76.5075
1474938000,76.5075,77.331,76.422,77.1885
1474952400,77.1885,77.5,77.113,77.1205
1474966800,77.1205,77.122,76.702,76.744
1474981200,76.744,77.036,76.606,76.905
1474995600,76.905,77.002,76.815,76.996
1475010000,76.996,77.233,76.852,77.2085
1475024400,77.2085,77.295,77.042,77.2655
1475038800,77.2655,77.393,77.14,77.2845
1475053200,77.2845,77.354,77.048,77.08
1475067600,77.08,77.214,76.916,77.071
1475082000,77.071,77.513,77.044,77.4545
1475096400,77.4545,77.896,77.38,77.8625
1475110800,77.8625,78.172,77.843,77.9375
1475125200,77.9375,78.174,77.785,77.8165
1475139600,77.8165,77.97,77.627,77.962
1475154000,77.962,78.033,77.474,77.4965
1475168400,77.4965,77.4965,76.91,77.146
1475182800,77.146,77.303,76.945,77.021
1475197200,77.021,77.567,76.95,77.173
1475211600,77.173,77.26,76.5,76.8945
1475226000,76.8945,77.345,76.846,77.3445
1475240400,77.3445,77.744,77.282,77.7215
1475254800,77.7215,77.758,77.576,77.62
1475442000,77.62,77.706,77.484,77.5375
1475456400,77.5375,77.738,77.38,77.52
1475470800,77.52,77.851,77.463,77.7745
1475485200,77.7745,77.869,77.696,77.7495
1475499600,77.7495,77.904,77.696,77.881
1475514000,77.881,78.012,77.866,77.994
1475528400,77.994,78.44,77.912,78.359
1475542800,78.359,78.583,78.23,78.4125
1475557200,78.4125,78.512,78.242,78.4475
1475571600,78.4475,78.664,78.402,78.513
1475586000,78.513,78.714,78.348,78.4005
1475600400,78.4005,78.476,78.154,78.4125
1475614800,78.4125,78.452,78.166,78.3365
1475629200,78.3365,78.632,78.318,78.541
1475643600,78.541,78.567,78.199,78.356
1475658000,78.356,78.584,78.345,78.5485
1475672400,78.5485,78.98,78.523,78.8975
1475686800,78.8975,79.018,78.834,78.883
1475701200,78.883,78.91,78.73,78.7525
1475715600,78.7525,78.796,78.571,78.632
1475730000,78.632,78.729,78.491,78.6675
1475744400,78.6675,78.704,78.469,78.673
1475758800,78.673,78.997,78.612,78.8025
1475773200,78.8025,78.962,78.779,78.8515
1475787600,78.8515,78.903,78.466,78.468
1475802000,78.468,78.68,78.334,78.6
1475816400,78.6,78.794,78.571,78.636
1475830800,78.636,78.8,78.388,78.598
1475845200,78.598,78.616,77.99,78.035
1475859600,78.035,78.257,78.016,78.082
1476046800,78.082,78.656,78.082,78.287
1476061200,78.287,78.392,78.092,78.118
1476075600,78.118,78.38,78.112,78.2825
1476090000,78.2825,78.646,78.278,78.635
1476104400,78.635,78.98,78.634,78.9345
1476118800,78.9345,78.978,78.786,78.815
1476133200,78.815,78.92,78.75,78.843
1476147600,78.843,78.898,78.34,78.492
1476162000,78.492,78.655,78.342,78.3565
1476176400,78.3565,78.497,78.1955,78.3525
1476190800,78.3525,78.409,77.921,78.0715
1476205200,78.0715,78.082,77.749,78.033
1476219600,78.033,78.352,77.984,78.2985
1476234000,78.2985,78.534,78.27,78.4605
1476248400,78.4605,78.641,78.371,78.527
1476262800,78.527,78.688,78.43,78.5965
1476277200,78.5965,79.008,78.501,78.993
1476291600,78.993,79.034,78.786,78.8025
1476306000,78.8025,78.962,78.617,78.7505
1476320400,78.7505,78.778,77.959,78.2475
1476334800,78.2475,78.329,77.902,78.2655
1476349200,78.2655,78.52,78.148,78.201
1476363600,78.201,78.428,77.99,78.395
1476378000,78.395,78.53,78.252,78.4895
1476392400,78.4895,78.668,78.385,78.618
1476406800,78.618,79.011,78.582,78.915
1476421200,78.915,79.442,78.714,79.3925
1476435600,79.3925,79.695,79.307,79.6585
1476450000,79.6585,79.732,79.182,79.2305
1476464400,79.2305,79.378,79.152,79.342
1476651600,79.342,79.549,79.012,79.1735
1476666000,79.1735,79.279,78.82,79.189
1476680400,79.189,79.27,78.94,79.191
1476694800,79.191,79.31,79.076,79.2545
1476709200,79.2545,79.345,79.177,79.2505
1476723600,79.2505,79.268,79.129,79.2455
1476738000,79.2455,79.532,79.144,79.5075
1476752400,79.5075,79.748,79.5075,79.733
1476766800,79.733,80.018,79.666,79.8615
1476781200,79.8615,79.936,79.7,79.7515
1476795600,79.7515,79.98,79.543,79.6495
1476810000,79.6495,79.661,79.56,79.6175
1476824400,79.6175,79.837,79.613,79.685
1476838800,79.685,79.792,79.546,79.5755
1476853200,79.5755,79.675,79.271,79.4735
1476867600,79.4735,79.524,79.287,79.367
1476882000,79.367,79.816,79.148,79.744
1476896400,79.744,79.91,79.702,79.876
1476910800,79.876,80.008,79.689,79.7675
1476925200,79.7675,79.8,79.454,79.4935
1476939600,79.4935,79.572,79.3915,79.4905
1476954000,79.4905,79.585,79.328,79.4185
1476968400,79.4185,79.538,79.278,79.346
1476982800,79.346,79.408,79.228,79.2875
1476997200,79.2875,79.504,79.202,79.4745
1477011600,79.4745,79.512,79.322,79.427
1477026000,79.427,79.502,79.154,79.171
1477040400,79.171,79.323,78.964,78.966
1477054800,78.966,79.079,78.724,78.9715
1477069200,78.9715,79.004,78.837,78.993
1477256400,78.993,79.122,78.936,79.0775
1477270800,79.0775,79.164,78.882,79.119
1477285200,79.119,79.394,79.091,79.327
1477299600,79.327,79.364,79.249,79.287
1477314000,79.287,79.342,79.191,79.228
1477328400,79.228,79.343,79.179,79.2865
1477342800,79.2865,79.416,79.175,79.4045
1477357200,79.4045,79.651,79.356,79.6235
1477371600,79.6235,79.861,79.601,79.8025
1477386000,79.8025,79.978,79.762,79.9425
1477400400,79.9425,80.016,79.652,79.726
1477414800,79.726,79.763,79.609,79.6825
1477429200,79.6825,80.215,79.429,80.149
1477443600,80.149,80.314,80.072,80.17
1477458000,80.17,80.262,80.088,80.168
1477472400,80.168,80.168,79.97,79.9945
1477486800,79.9945,80.092,79.682,79.9825
1477501200,79.9825,80,79.811,79.932
1477515600,79.932,80.04,79.851,79.91
1477530000,79.91,79.956,79.561,79.7345
1477544400,79.7345,79.924,79.642,79.725
1477558800,79.725,79.916,79.656,79.889
1477573200,79.889,80.004,79.707,79.9395
1477587600,79.9395,79.958,79.796,79.913
1477602000,79.913,79.929,79.806,79.8685
1477616400,79.8685,80.019,79.79,79.886
1477630800,79.886,79.983,79.635,79.7825
1477645200,79.7825,79.891,79.692,79.8085
1477659600,79.8085,79.998,79.686,79.941
1477674000,79.941,79.965,79.278,79.572
1477861200,79.572,79.611,79.23,79.538
1477875600,79.538,79.806,79.476,79.7925
1477890000,79.7925,79.934,79.708,79.844
1477904400,79.844,79.926,79.77,79.893
1477918800,79.893,79.989,79.757,79.934
1477933200,79.934,79.948,79.718,79.7605
1477947600,79.7605,79.86,79.567,79.632
1477962000,79.632,80.306,79.632,80.248
1477976400,80.248,80.638,80.19,80.5195
1477990800,80.5195,80.602,80.43,80.556
1478005200,80.556,80.604,79.642,79.763
1478019600,79.763,79.834,79.467,79.7055
1478034000,79.7055,79.706,79.504,79.575
1478048400,79.575,79.592,78.988,79.0315
1478062800,79.0315,79.314,79.01,79.1925
1478077200,79.1925,79.229,79.046,79.1775
1478091600,79.1775,79.318,79.093,79.1065
1478106000,79.1065,79.305,79.022,79.129
1478120400,79.129,79.194,78.975,79.116
1478134800,79.116,79.314,78.48,78.7865
1478149200,78.7865,78.938,78.693,78.854
1478163600,78.854,79.206,78.816,79.181
1478178000,79.181,79.32,79.024,79.1085
1478192400,79.1085,79.183,79.028,79.121
1478206800,79.121,79.397,79.035,79.11
1478221200,79.11,79.228,79.028,79.1525
1478235600,79.1525,79.242,79.05,79.095
1478250000,79.095,79.293,79.036,79.1235
1478264400,79.1235,79.219,78.861,79.141
1478278800,79.141,79.258,79.059,79.128
1478469600,79.128,80.128,79.128,79.9055
1478484000,79.9055,80.226,79.878,80.1075
1478498400,80.1075,80.386,80.094,80.2415
1478512800,80.2415,80.28,80.03,80.278
1478527200,80.278,80.564,80.273,80.478
1478541600,80.478,80.79,80.474,80.726
1478556000,80.726,80.76,80.298,80.416
1478570400,80.416,80.499,80.268,80.3915
1478584800,80.3915,80.622,80.347,80.5605
1478599200,80.5605,80.782,80.467,80.762
1478613600,80.762,81.415,80.582,81.3515
1478628000,81.3515,81.795,81.174,81.637
1478642400,81.637,81.938,80.656,80.738
1478656800,80.738,80.74,76.79,77.5025
1478671200,77.5025,79.588,77.433,79.3545
1478685600,79.3545,80.206,78.97,79.7525
1478700000,79.7525,80.601,79.693,80.508
1478714400,80.508,81.13,80.504,80.6625
1478728800,80.6625,81.062,80.654,80.682
1478743200,80.682,81.048,80.4,80.8005
1478757600,80.8005,81.843,80.685,81.8035
1478772000,81.8035,82.462,81.202,81.454
1478786400,81.454,81.512,80.523,81.272
1478800800,81.272,81.536,81.19,81.338
1478815200,81.338,81.429,80.88,81.0345
1478829600,81.0345,81.27,80.375,81.227
1478844000,81.227,81.306,80.668,80.8785
1478858400,80.8785,80.958,80.386,80.8115
1478872800,80.8115,80.815,80.259,80.512
1478887200,80.512,80.612,80.423,80.489
1479074400,80.489,81.132,80.489,80.983
1479088800,80.983,81.258,80.948,81.159
1479103200,81.159,81.492,81.069,81.4155
1479117600,81.4155,81.58,81.176,81.541
1479132000,81.541,81.849,81.404,81.4625
1479146400,81.4625,81.978,81.427,81.917
1479160800,81.917,82.012,81.561,81.691
1479175200,81.691,81.926,81.587,81.6535
1479189600,81.6535,81.887,81.546,81.7505
1479204000,81.7505,81.938,81.682,81.911
1479218400,81.911,82.324,81.788,82.1545
1479232800,82.1545,82.598,82.112,82.548
1479247200,82.548,82.548,82.156,82.334
1479261600,82.334,82.61,82.256,82.369
1479276000,82.369,82.499,82.174,82.2725
1479290400,82.2725,82.361,81.646,81.768
1479304800,81.768,81.909,81.58,81.7605
1479319200,81.7605,81.822,81.482,81.5795
1479333600,81.5795,81.69,81.118,81.5625
1479348000,81.5625,81.682,81.346,81.6275
1479362400,81.6275,81.845,81.302,81.507
1479376800,81.507,81.771,81.295,81.7665
1479391200,81.7665,81.794,81.491,81.5835
1479405600,81.5835,81.698,81.336,81.5865
1479420000,81.5865,81.778,81.381,81.768
1479434400,81.768,81.864,81.634,81.769
1479448800,81.769,81.912,81.572,81.6105
1479463200,81.6105,81.632,81.266,81.36
1479477600,81.36,81.418,81.1115,81.2995
1479492000,81.2995,81.431,81.19,81.345
1479679200,81.345,81.454,81.144,81.224
1479693600,81.224,81.422,81.164,81.3725
1479708000,81.3725,81.544,81.328,81.3975
1479722400,81.3975,81.73,81.362,81.683
1479736800,81.683,81.775,81.614,81.7325
1479751200,81.7325,81.813,81.463,81.6465
1479765600,81.6465,81.766,81.42,81.757
1479780000,81.757,82.06,81.714,82.0365
1479794400,82.0365,82.098,81.886,82.092
1479808800,82.092,82.108,81.884,82.057
1479823200,82.057,82.21,81.966,82.1005
1479837600,82.1005,82.289,82.045,82.2715
1479852000,82.2715,82.524,82.166,82.469
1479866400,82.469,82.552,82.349,82.5065
1479880800,82.5065,82.658,82.416,82.4475
1479895200,82.4475,82.792,82.386,82.7865
1479909600,82.7865,83.48,82.776,83.14
1479924000,83.14,83.211,83.03,83.117
1479938400,83.117,83.206,82.928,83.153
1479952800,83.153,83.218,83.067,83.1005
1479967200,83.1005,83.693,83.098,83.6425
1479981600,83.6425,83.872,83.556,83.765
1479996000,83.765,84.01,83.748,83.9285
1480010400,83.9285,84.033,83.888,83.961
1480024800,83.961,84.624,83.858,84.5015
1480039200,84.5015,84.542,84.216,84.2575
1480053600,84.2575,84.548,83.98,84.141
1480068000,84.141,84.18,83.752,84.081
1480082400,84.081,84.116,83.913,84.053
1480096800,84.053,84.27,83.935,84.27
1480284000,84.27,84.27,83.213,83.2765
1480298400,83.2765,83.817,83.173,83.799
1480312800,83.799,83.908,83.602,83.8395
1480327200,83.8395,84.101,83.752,84.0795
1480341600,84.0795,84.269,83.894,83.9555
1480356000,83.9555,83.978,83.694,83.7405
1480370400,83.7405,83.992,83.628,83.8865
1480384800,83.8865,83.938,83.609,83.795
1480399200,83.795,84.249,83.766,84.025
1480413600,84.025,84.382,83.928,84.271
1480428000,84.271,84.352,84.03,84.183
1480442400,84.183,84.193,84.062,84.104
1480456800,84.104,84.284,83.976,84.023
1480471200,84.023,84.36,83.972,84.2965
1480485600,84.2965,84.498,84.225,84.401
1480500000,84.401,84.492,84.242,84.4185
1480514400,84.4185,84.504,84.043,84.3835
1480528800,84.3835,84.527,84.339,84.52
1480543200,84.52,84.82,84.43,84.657
1480557600,84.657,84.674,84.44,84.5595
1480572000,84.5595,84.656,84.397,84.4455
1480586400,84.4455,84.61,84.358,84.597
1480600800,84.597,84.853,84.514,84.7345
1480615200,84.7345,84.736,84.518,84.5925
1480629600,84.5925,84.737,84.404,84.4335
1480644000,84.4335,84.608,84.378,84.4805
1480658400,84.4805,84.646,84.332,84.436
1480672800,84.436,84.718,84.411,84.7005
1480687200,84.7005,84.816,84.55,84.7165
1480701600,84.7165,84.75,84.554,84.643
1480888800,84.643,84.643,83.79,84.477
1480903200,84.477,84.678,84.329,84.48
1480917600,84.48,85.002,84.321,84.822
1480932000,84.822,85.082,84.732,85.0465
1480946400,85.0465,85.544,84.964,84.9835
1480960800,84.9835,85.131,84.844,85.0655
1480975200,85.0655,85.177,84.612,84.716
1480989600,84.716,84.925,84.57,84.8615
1481004000,84.8615,85.005,84.618,84.945
1481018400,84.945,85.029,84.764,84.9235
1481032800,84.9235,85,84.818,84.888
1481047200,84.888,85.1,84.864,85.0685
1481061600,85.0685,85.322,84.669,84.746
1481076000,84.746,84.988,84.706,84.966
1481090400,84.966,85.056,84.806,84.84
1481104800,84.84,85.041,84.833,84.9595
1481119200,84.9595,85.092,84.837,85.043
1481133600,85.043,85.206,84.986,85.1125
1481148000,85.1125,85.282,84.96,85.021
1481162400,85.021,85.188,84.825,85.0665
1481176800,85.0665,85.198,84.971,85.06
1481191200,85.06,85.242,84.86,85.129
1481205600,85.129,85.162,84.796,85.0655
1481220000,85.0655,85.154,85.006,85.1085
1481234400,85.1085,85.326,84.939,85.2695
1481248800,85.2695,85.426,85.222,85.4255
1481263200,85.4255,85.61,85.376,85.587
1481277600,85.587,86.093,85.566,85.889
1481292000,85.889,86.02,85.683,85.8275
1481306400,85.8275,85.937,85.752,85.895
1481493600,85.895,86.118,85.742,86.0725
1481508000,86.0725,86.134,85.824,86.1125
1481522400,86.1125,86.544,86.084,86.4555
1481536800,86.4555,86.593,86.406,86.531
1481551200,86.531,86.616,86.174,86.2585
1481565600,86.2585,86.328,86.104,86.2145
1481580000,86.2145,86.334,86.05,86.332
1481594400,86.332,86.403,86.18,86.3845
1481608800,86.3845,86.435,86.182,86.234
1481623200,86.234,86.444,86.233,86.3675
1481637600,86.3675,86.594,86.297,86.427
1481652000,86.427,86.466,86.321,86.3805
1481666400,86.3805,86.397,86.201,86.225
1481680800,86.225,86.366,86.176,86.2765
1481695200,86.2765,86.374,86.172,86.3535
1481709600,86.3535,86.447,86.294,86.337
1481724000,86.337,86.554,86.303,86.4665
1481738400,86.4665,86.88,86.332,86.6875
1481752800,86.6875,87.283,86.621,87.2105
1481767200,87.2105,87.241,87.022,87.1385
1481781600,87.1385,87.298,87.099,87.232
1481796000,87.232,87.535,86.847,86.9375
1481810400,86.9375,87.21,86.665,86.82
1481824800,86.82,86.992,86.724,86.9565
1481839200,86.9565,87.143,86.83,86.897
1481853600,86.897,87.089,86.893,86.9295
1481868000,86.9295,86.98,86.666,86.7145
1481882400,86.7145,86.912,86.559,86.6135
1481896800,86.6135,86.63,85.767,85.8505
1481911200,85.8505,86.159,85.815,86.128
1482098400,86.128,86.128,85.728,85.8935
1482112800,85.8935,85.91,85.45,85.451
1482127200,85.451,85.727,85.38,85.673
1482141600,85.673,85.678,84.893,85.0205
1482156000,85.0205,85.118,84.651,84.71
1482170400,84.71,85.1,84.664,84.815
1482184800,84.815,85.158,84.804,85.068
1482199200,85.068,85.376,84.902,85.346
1482213600,85.346,85.721,85.342,85.4195
1482228000,85.4195,85.513,85.193,85.3945
1482242400,85.3945,85.56,85.327,85.4405
1482256800,85.4405,85.559,85.368,85.5585
1482271200,85.5585,85.75,85.538,85.5695
1482285600,85.5695,85.58,85.233,85.351
1482300000,85.351,85.405,85.087,85.1815
1482314400,85.1815,85.282,85.095,85.216
1482328800,85.216,85.356,85.08,85.225
1482343200,85.225,85.248,85.009,85.077
1482357600,85.077,85.298,84.896,85.2505
1482372000,85.2505,85.2505,85.022,85.1055
1482386400,85.1055,85.209,84.83,84.8705
1482400800,84.8705,84.999,84.63,84.895
1482415200,84.895,85.004,84.707,84.738
1482429600,84.738,84.862,84.706,84.8265
1482444000,84.8265,84.916,84.754,84.789
1482458400,84.789,84.794,84.51,84.593
1482472800,84.593,84.78,84.543,84.5475
1482487200,84.5475,84.683,84.031,84.1085
1482501600,84.1085,84.206,83.953,84.0085
1482516000,84.0085,84.206,83.985,84.17
1482789600,84.17,84.294,84.137,84.264
1482804000,84.264,84.3,84.21,84.2625
1482818400,84.2625,84.415,84.233,84.352
1482832800,84.352,84.434,84.296,84.4125
1482847200,84.4125,84.606,84.408,84.424
1482861600,84.424,84.462,84.331,84.369
1482876000,84.369,84.768,84.354,84.756
1482890400,84.756,84.844,84.666,84.784
1482904800,84.784,84.866,84.615,84.642
1482919200,84.642,84.678,84.33,84.3955
1482933600,84.3955,84.588,84.278,84.3255
1482948000,84.3255,84.374,84.098,84.161
1482962400,84.161,84.161,83.915,83.9995
1482976800,83.9995,84.144,83.95,84.0835
1482991200,84.0835,84.132,83.748,83.9555
1483005600,83.9555,84.186,83.892,84.152
1483020000,84.152,84.166,83.93,83.96
1483034400,83.96,84.222,83.904,84.1295
1483048800,84.1295,84.286,84.028,84.2315
1483063200,84.2315,84.531,84.19,84.4305
1483077600,84.4305,84.597,84.337,84.4115
1483092000,84.4115,84.596,84.39,84.4275
1483106400,84.4275,84.528,84.17,84.1775
1483120800,84.1775,84.39,84.177,84.265
1483394400,84.265,84.741,84.265,84.717
1483408800,84.717,84.886,84.684,84.8395
1483423200,84.8395,85.222,84.808,85.1345
1483437600,85.1345,85.37,85.112,85.2475
1483452000,85.2475,85.484,84.966,84.9865
1483466400,84.9865,85.06,84.825,85.011
1483480800,85.011,85.434,84.922,85.4285
1483495200,85.4285,85.522,85.32,85.4765
1483509600,85.4765,85.712,85.38,85.506
1483524000,85.506,85.52,85.286,85.3675
1483538400,85.3675,85.421,85.113,85.3435
1483552800,85.3435,85.476,85.27,85.399
1483567200,85.399,85.457,84.868,84.872
1483581600,84.872,85.152,84.778,85.1315
1483596000,85.1315,85.137,84.559,85.044
1483610400,85.044,85.147,84.8115,84.8645
1483624800,84.8645,85.02,84.586,84.672
1483639200,84.672,84.894,84.643,84.6565
1483653600,84.6565,85.082,84.57,84.957
1483668000,84.957,85.038,84.746,84.876
1483682400,84.876,85.168,84.744,85.15
1483696800,85.15,85.33,85.068,85.292
1483711200,85.292,85.406,85.162,85.3685
1483725600,85.3685,85.494,85.296,85.366
1483912800,85.366,85.853,85.341,85.8365
1483927200,85.8365,85.921,85.812,85.844
1483941600,85.844,85.915,85.538,85.6025
1483956000,85.6025,85.723,85.408,85.4805
1483970400,85.4805,85.734,85.31,85.609
1483984800,85.609,85.638,85.296,85.3435
1483999200,85.3435,85.402,85.088,85.3225
1484013600,85.3225,85.404,85.054,85.221
1484028000,85.221,85.424,85.118,85.24
1484042400,85.24,85.361,85.095,85.29
1484056800,85.29,85.406,85.127,85.3005
1484071200,85.3005,85.348,85.174,85.3195
1484085600,85.3195,85.422,85.231,85.403
1484100000,85.403,85.692,85.377,85.566
1484114400,85.566,85.796,85.506,85.741
1484128800,85.741,85.952,85.672,85.717
1484143200,85.717,86.102,85.682,85.744
1484157600,85.744,86.019,85.29,85.883
1484172000,85.883,85.998,85.53,85.6885
1484186400,85.6885,85.74,85.386,85.4535
1484200800,85.4535,85.654,85.402,85.593
1484215200,85.593,85.853,85.582,85.7525
1484229600,85.7525,85.874,85.359,85.608
1484244000,85.608,85.958,85.586,85.859
1484258400,85.859,86.272,85.758,86.2655
1484272800,86.2655,86.284,86.012,86.0255
1484287200,86.0255,86.11,85.861,85.895
1484301600,85.895,85.927,85.684,85.8415
1484316000,85.8415,86.193,85.811,85.927
1484330400,85.927,85.961,85.758,85.883
1484517600,85.883,85.883,85.521,85.568
1484532000,85.568,85.6,85.202,85.256
1484546400,85.256,85.388,85.017,85.3475
1484560800,85.3475,85.383,85.176,85.2895
1484575200,85.2895,85.357,85.118,85.351
1484589600,85.351,85.432,85.269,85.378
1484604000,85.378,85.4,85.116,85.2685
1484618400,85.2685,85.514,85.2,85.3765
1484632800,85.3765,85.44,85.137,85.197
1484647200,85.197,85.602,85.178,85.3305
1484661600,85.3305,85.398,85.006,85.2155
1484676000,85.2155,85.347,85.161,85.2155
1484690400,85.2155,85.301,85.047,85.2615
1484704800,85.2615,85.523,85.246,85.4795
1484719200,85.4795,85.584,85.426,85.5255
1484733600,85.5255,85.782,85.441,85.6105
1484748000,85.6105,85.76,85.49,85.5245
1484762400,85.5245,86.153,85.518,86.037
1484776800,86.037,86.214,85.95,86.132
1484791200,86.132,86.268,86.091,86.1955
1484805600,86.1955,86.702,86.167,86.5765
1484820000,86.5765,86.92,86.528,86.832
1484834400,86.832,87.074,86.809,87
1484848800,87,87.005,86.669,86.8495
1484863200,86.8495,86.996,86.824,86.9395
1484877600,86.9395,87.048,86.826,86.8325
1484892000,86.8325,86.852,86.552,86.6155
1484906400,86.6155,86.824,86.586,86.7215
1484920800,86.7215,86.887,86.473,86.618
1484935200,86.618,86.652,86.33,86.593
1485122400,86.593,86.593,85.954,85.996
1485136800,85.996,86.108,85.8,85.8055
1485151200,85.8055,85.938,85.734,85.809
1485165600,85.809,86.031,85.663,85.8725
1485180000,85.8725,86.273,85.336,85.4975
1485194400,85.4975,85.696,85.436,85.4635
1485208800,85.4635,85.82,85.382,85.7695
1485223200,85.7695,85.858,85.416,85.497
1485237600,85.497,85.75,85.48,85.681
1485252000,85.681,85.874,85.645,85.842
1485266400,85.842,86.24,85.78,86.1785
1485280800,86.1785,86.326,86.1785,86.265
1485295200,86.265,86.51,85.619,85.6445
1485309600,85.6445,85.72,85.502,85.627
1485324000,85.627,85.73,85.388,85.653
1485338400,85.653,85.826,85.604,85.7065
1485352800,85.7065,86.016,85.649,85.9045
1485367200,85.9045,85.966,85.666,85.7875
1485381600,85.7875,85.892,85.654,85.766
1485396000,85.766,85.93,85.737,85.829
1485410400,85.829,86.136,85.829,86.1
1485424800,86.1,86.301,86.099,86.172
1485439200,86.172,86.457,86.038,86.409
1485453600,86.409,86.418,86.242,86.29
1485468000,86.29,86.594,86.162,86.565
1485482400,86.565,86.632,86.486,86.5995
1485496800,86.5995,86.769,86.515,86.586
1485511200,86.586,87.041,86.551,87.0375
1485525600,87.0375,87.092,86.816,86.9505
1485540000,86.9505,86.952,86.805,86.881
1485727200,86.881,86.884,86.401,86.4675
1485741600,86.4675,86.504,86.303,86.5005
1485756000,86.5005,86.706,86.456,86.5885
1485770400,86.5885,86.646,86.176,86.3785
1485784800,86.3785,86.384,85.794,85.813
1485799200,85.813,85.984,85.736,85.9575
1485813600,85.9575,86.086,85.883,85.988
1485828000,85.988,86.038,85.739,85.826
1485842400,85.826,86.038,85.726,86.0175
1485856800,86.0175,86.032,85.74,85.797
1485871200,85.797,85.848,85.2,85.543
1485885600,85.543,85.686,85.33,85.555
1485900000,85.555,85.627,85.376,85.5175
1485914400,85.5175,85.717,85.352,85.6175
1485928800,85.6175,86.074,85.594,85.988
1485943200,85.988,86.096,85.904,85.9275
1485957600,85.9275,86.116,85.655,85.8255
1485972000,85.8255,85.922,85.694,85.91
1485986400,85.91,86.338,85.835,86.236
1486000800,86.236,86.523,86.02,86.0255
1486015200,86.0255,86.444,86.025,86.279
1486029600,86.279,86.388,86.116,86.281
1486044000,86.281,86.5,86.248,86.4555
1486058400,86.4555,86.49,86.304,86.382
1486072800,86.382,86.519,86.155,86.1555
1486087200,86.1555,86.556,86.022,86.482
1486101600,86.482,86.644,86.46,86.475
1486116000,86.475,86.654,86.212,86.5235
1486130400,86.5235,86.586,86.352,86.5155
1486144800,86.5155,86.727,86.41,86.5145
1486332000,86.5145,86.5145,86.101,86.189
1486346400,86.189,86.312,86.092,86.274
1486360800,86.274,86.344,86.221,86.271
1486375200,86.271,86.274,85.652,85.758
1486389600,85.758,85.98,85.699,85.713
1486404000,85.713,85.744,85.468,85.597
1486418400,85.597,85.668,85.24,85.4915
1486432800,85.4915,85.897,85.432,85.8715
1486447200,85.8715,85.892,85.453,85.5425
1486461600,85.5425,85.672,85.522,85.6065
1486476000,85.6065,85.757,85.439,85.443
1486490400,85.443,85.769,85.398,85.726
1486504800,85.726,85.753,85.547,85.624
1486519200,85.624,85.756,85.534,85.722
1486533600,85.722,85.824,85.618,85.7235
1486548000,85.7235,85.782,85.483,85.5975
1486562400,85.5975,85.677,85.368,85.4165
1486576800,85.4165,85.65,85.415,85.564
1486591200,85.564,85.64,85.394,85.53
1486605600,85.53,85.612,85.365,85.5525
1486620000,85.5525,85.956,85.489,85.9385
1486634400,85.9385,86.098,85.866,86.0765
1486648800,86.0765,86.354,85.94,86.3325
1486663200,86.3325,86.45,86.276,86.3485
1486677600,86.3485,86.871,86.34,86.793
1486692000,86.793,87.004,86.765,86.871
1486706400,86.871,87.024,86.761,86.833
1486720800,86.833,86.956,86.679,86.9085
1486735200,86.9085,87.148,86.85,87.0625
1486749600,87.0625,87.188,86.77,86.917
1486936800,86.917,87.497,86.917,87.381
1486951200,87.381,87.45,87.176,87.183
1486965600,87.183,87.286,87.076,87.275
1486980000,87.275,87.328,87.075,87.1115
1486994400,87.1115,87.212,86.926,86.941
1487008800,86.941,87.022,86.835,86.9025
1487023200,86.9025,87.215,86.858,87.1475
1487037600,87.1475,87.263,86.958,86.991
1487052000,86.991,87.27,86.948,87.1725
1487066400,87.1725,87.299,87.016,87.096
1487080800,87.096,87.439,87.074,87.434
1487095200,87.434,87.579,87.326,87.557
1487109600,87.557,87.789,87.52,87.673
1487124000,87.673,87.798,87.668,87.7505
1487138400,87.7505,87.983,87.702,87.97
1487152800,87.97,87.991,87.73,87.8135
1487167200,87.8135,88.153,87.742,87.906
1487181600,87.906,88.083,87.895,88.0345
1487196000,88.0345,88.182,87.86,87.881
1487210400,87.881,87.903,87.71,87.847
1487224800,87.847,87.872,87.42,87.4395
1487239200,87.4395,87.626,87.304,87.565
1487253600,87.565,87.641,87.088,87.2705
1487268000,87.2705,87.331,87.01,87.1455
1487282400,87.1455,87.448,87.063,87.4415
1487296800,87.4415,87.46,87.22,87.4005
1487311200,87.4005,87.424,86.503,86.52
1487325600,86.52,86.698,86.304,86.491
1487340000,86.491,86.682,86.387,86.46
1487354400,86.46,86.62,86.424,86.457
1487541600,86.457,86.727,86.457,86.596
1487556000,86.596,86.872,86.588,86.8435
1487570400,86.8435,87.012,86.731,86.8255
1487584800,86.8255,86.9,86.716,86.823
1487599200,86.823,86.98,86.758,86.938
1487613600,86.938,87.008,86.856,86.96
1487628000,86.96,87.172,86.909,87.0815
1487642400,87.0815,87.223,87.075,87.098
1487656800,87.098,87.19,86.847,87.071
1487671200,87.071,87.152,86.98,87.0515
1487685600,87.0515,87.168,87.017,87.142
1487700000,87.142,87.322,87.121,87.258
1487714400,87.258,87.396,87.096,87.288
1487728800,87.288,87.359,87.188,87.254
1487743200,87.254,87.35,86.962,86.968
1487757600,86.968,87.064,86.691,86.728
1487772000,86.728,87.2705,86.724,87.2645
1487786400,87.2645,87.366,87.095,87.277
1487800800,87.277,87.337,86.774,86.875
1487815200,86.875,87.194,86.867,87.176
1487829600,87.176,87.232,87.002,87.081
1487844000,87.081,87.238,86.994,87.109
1487858400,87.109,87.3,86.868,86.9485
1487872800,86.9485,87.012,86.816,86.893
1487887200,86.893,87.042,86.858,86.988
1487901600,86.988,87.082,86.914,87.0525
1487916000,87.0525,87.077,86.636,86.646
1487930400,86.646,86.7,86.048,86.056
1487944800,86.056,86.4,85.983,86.179
1487959200,86.179,86.206,85.895,86.025
1488146400,86.025,86.226,85.852,86.086
1488160800,86.086,86.4525,86.071,86.2385
1488175200,86.2385,86.382,86.148,86.2145
1488189600,86.2145,86.319,86.092,86.1985
1488204000,86.1985,86.34,86.068,86.2695
1488218400,86.2695,86.642,86.267,86.478
1488232800,86.478,86.576,86.252,86.469
1488247200,86.469,86.612,86.404,86.4565
1488261600,86.4565,86.476,86.212,86.2555
1488276000,86.2555,86.278,85.958,86.0035
1488290400,86.0035,86.148,85.856,85.948
1488304800,85.948,86.37,85.92,86.3585
1488319200,86.3585,86.872,86.266,86.648
1488333600,86.648,86.975,86.63,86.9015
1488348000,86.9015,87.106,86.808,87.03
1488362400,87.03,87.257,87,87.2055
1488376800,87.2055,87.263,87.042,87.2255
1488391200,87.2255,87.323,87.142,87.2985
1488405600,87.2985,87.471,87.174,87.326
1488420000,87.326,87.446,87.171,87.303
1488434400,87.303,87.486,86.968,86.9775
1488448800,86.9775,87.096,86.764,86.848
1488463200,86.848,86.858,86.58,86.596
1488477600,86.596,86.679,86.549,86.6355
1488492000,86.6355,86.681,86.34,86.368
1488506400,86.368,86.371,86.199,86.3065
1488520800,86.3065,86.458,86.244,86.283
1488535200,86.283,86.714,86.279,86.6705
1488549600,86.6705,86.706,86.482,86.5945
1488564000,86.5945,86.68,86.442,86.621
1488751200,86.621,86.621,86.186,86.242
1488765600,86.242,86.324,86.168,86.303
1488780000,86.303,86.516,86.193,86.4335
1488794400,86.4335,86.512,86.318,86.436
1488808800,86.436,86.524,86.322,86.398
1488823200,86.398,86.464,86.312,86.3385
1488837600,86.3385,86.634,86.274,86.5365
1488852000,86.5365,86.918,86.518,86.764
1488866400,86.764,86.836,86.468,86.47
1488880800,86.47,86.785,86.468,86.7705
1488895200,86.7705,86.811,86.502,86.671
1488909600,86.671,86.684,86.453,86.479
1488924000,86.479,86.546,86.418,86.45
1488938400,86.45,86.551,86.246,86.4005
1488952800,86.4005,86.419,86.097,86.2965
1488967200,86.2965,86.504,86.157,86.423
1488981600,86.423,86.547,86.33,86.348
1488996000,86.348,86.359,86.072,86.1015
1489010400,86.1015,86.28,86,86.1165
1489024800,86.1165,86.132,85.948,85.9915
1489039200,85.9915,86.296,85.95,86.1405
1489053600,86.1405,86.358,85.852,86.3545
1489068000,86.3545,86.415,86.078,86.1875
1489082400,86.1875,86.336,86.102,86.2745
1489096800,86.2745,86.649,86.204,86.6305
1489111200,86.6305,86.807,86.558,86.775
1489125600,86.775,86.9,86.718,86.8335
1489140000,86.8335,87.06,86.65,87.024
1489154400,87.024,87.074,86.521,86.5535
1489168800,86.5535,86.646,86.473,86.612
1489352400,86.612,86.656,86.502,86.5375
1489366800,86.5375,86.982,86.534,86.78
1489381200,86.78,86.947,86.726,86.8055
1489395600,86.8055,86.896,86.724,86.845
1489410000,86.845,86.992,86.842,86.962
1489424400,86.962,87.036,86.95,86.977
1489438800,86.977,87.007,86.71,86.752
1489453200,86.752,86.89,86.714,86.8835
1489467600,86.8835,86.969,86.81,86.9125
1489482000,86.9125,86.997,86.74,86.7775
1489496400,86.7775,86.852,86.612,86.711
1489510800,86.711,86.826,86.648,86.735
1489525200,86.735,86.798,86.688,86.771
1489539600,86.771,86.98,86.732,86.9295
1489554000,86.9295,87.031,86.866,86.9205
1489568400,86.9205,87.054,86.904,87.01
1489582800,87.01,87.238,86.986,87.059
1489597200,87.059,87.49,86.799,87.411
1489611600,87.411,87.492,87.064,87.108
1489626000,87.108,87.227,87.041,87.072
1489640400,87.072,87.267,87.036,87.1965
1489654800,87.1965,87.245,87.042,87.2035
1489669200,87.2035,87.213,86.697,86.8635
1489683600,86.8635,86.999,86.803,86.9975
1489698000,86.9975,87.047,86.851,87.033
1489712400,87.033,87.215,87.008,87.1925
1489726800,87.1925,87.208,86.894,87.008
1489741200,87.008,87.179,86.988,87.169
1489755600,87.169,87.171,86.608,86.7485
1489770000,86.7485,86.908,86.738,86.8305
1489957200,86.8305,86.916,86.675,86.751
1489971600,86.751,86.934,86.75,86.8945
1489986000,86.8945,87.174,86.8945,87.0955
1490000400,87.0955,87.242,87.026,87.082
1490014800,87.082,87.154,86.96,87.1
1490029200,87.1,87.121,86.972,86.9985
1490043600,86.9985,87.042,86.798,86.8535
1490058000,86.8535,86.986,86.83,86.8495
1490072400,86.8495,87.015,86.822,86.978
1490086800,86.978,87.084,86.952,87.0355
1490101200,87.0355,87.107,86.162,86.3615
1490115600,86.3615,86.37,85.81,85.919
1490130000,85.919,85.941,85.506,85.6335
1490144400,85.6335,85.659,85.328,85.599
1490158800,85.599,85.64,85.026,85.0275
1490173200,85.0275,85.403,84.938,85.34
1490187600,85.34,85.45,84.822,85.215
1490202000,85.215,85.39,85.016,85.345
1490216400,85.345,85.465,85.226,85.345
1490230800,85.345,85.505,85.234,85.2635
1490245200,85.2635,85.388,84.783,84.802
1490259600,84.802,84.9,84.604,84.64
1490274000,84.64,85.06,84.42,84.8905
1490288400,84.8905,84.904,84.446,84.608
1490302800,84.608,85.014,84.588,85.0025
1490317200,85.0025,85.085,84.685,84.8075
1490331600,84.8075,84.9625,84.65,84.751
1490346000,84.751,84.774,84.438,84.513
1490360400,84.513,84.84,84.468,84.542
1490374800,84.542,84.883,84.354,84.8805
1490562000,84.8805,84.8805,84.097,84.1035
1490576400,84.1035,84.277,83.999,84.269
1490590800,84.269,84.284,83.95,84.174
1490605200,84.174,84.294,84.01,84.0175
1490619600,84.0175,84.308,83.902,84.303
1490634000,84.303,84.368,84.132,84.2935
1490648400,84.2935,84.569,84.204,84.4715
1490662800,84.4715,84.482,84.196,84.1955
1490677200,84.1955,84.233,83.936,84.1875
1490691600,84.1875,84.233,83.826,83.985
1490706000,83.985,84.632,83.964,84.5285
1490720400,84.5285,84.927,84.528,84.8435
1490734800,84.8435,85.166,84.76,84.9755
1490749200,84.9755,85.105,84.916,84.973
1490763600,84.973,85.126,84.869,85.006
1490778000,85.006,85.031,84.676,84.872
1490792400,84.872,85.138,84.848,85.062
1490806800,85.062,85.276,85.05,85.1655
1490821200,85.1655,85.396,85.12,85.391
1490835600,85.391,85.498,85.216,85.2855
1490850000,85.2855,85.2855,84.895,85.042
1490864400,85.042,85.438,85.026,85.3725
1490878800,85.3725,85.523,85.164,85.2815
1490893200,85.2815,85.614,85.262,85.521
1490907600,85.521,85.77,85.421,85.731
1490922000,85.731,85.753,85.616,85.663
1490936400,85.663,85.708,85.463,85.5385
1490950800,85.5385,85.667,85.398,85.4235
1490965200,85.4235,85.441,84.947,85.107
1490979600,85.107,85.204,84.954,84.982
1491166800,84.982,85.088,84.82,84.9955
1491181200,84.9955,85.039,84.65,84.652
1491195600,84.652,84.858,84.521,84.595
1491210000,84.595,84.888,84.556,84.8865
1491224400,84.8865,84.908,84.27,84.4145
1491238800,84.4145,84.434,84.238,84.338
1491253200,84.338,84.408,83.952,83.992
1491267600,83.992,84.272,83.646,83.7695
1491282000,83.7695,83.816,83.441,83.5815
1491296400,83.5815,83.65,83.23,83.3985
1491310800,83.3985,83.876,83.398,83.6955
1491325200,83.6955,83.79,83.641,83.7645
1491339600,83.7645,83.984,83.7075,83.8485
1491354000,83.8485,83.924,83.584,83.7295
1491368400,83.7295,84.007,83.684,83.894
1491382800,83.894,84.31,83.878,84.229
1491397200,84.229,84.404,84.136,84.242
1491411600,84.242,84.414,83.699,83.7915
1491426000,83.7915,83.846,83.444,83.5135
1491440400,83.5135,83.572,83.15,83.3605
1491454800,83.3605,83.614,83.206,83.584
1491469200,83.584,83.916,83.584,83.8385
1491483600,83.8385,83.869,83.47,83.6645
1491498000,83.6645,83.76,83.51,83.606
1491512400,83.606,83.711,83.56,83.6135
1491526800,83.6135,83.634,82.8,83.247
1491541200,83.247,83.42,83.068,83.3395
1491555600,83.3395,83.394,82.946,83.1175
1491570000,83.1175,83.446,83.017,83.425
1491584400,83.425,83.545,83.298,83.301
1491771600,83.301,83.664,83.195,83.6145
1491786000,83.6145,83.718,83.334,83.3935
1491800400,83.3935,83.504,83.185,83.3075
1491814800,83.3075,83.456,83.261,83.344
1491829200,83.344,83.492,83.055,83.227
1491843600,83.227,83.31,83.14,83.2205
1491858000,83.2205,83.228,83.017,83.147
1491872400,83.147,83.258,82.881,82.993
1491886800,82.993,83.14,82.85,83.0765
1491901200,83.0765,83.125,82.91,82.911
1491915600,82.911,82.914,81.963,82.3575
1491930000,82.3575,82.468,82.126,82.201
1491944400,82.201,82.372,82.026,82.057
1491958800,82.057,82.141,81.896,82.001
1491973200,82.001,82.364,81.944,82.234
1491987600,82.234,82.272,81.98,82.0005
1492002000,82.0005,82.182,81.919,81.964
1492016400,81.964,82.183,81.859,82.0005
1492030800,82.0005,82.166,81.974,82.0195
1492045200,82.0195,82.56,81.915,82.557
1492059600,82.557,82.866,82.54,82.691
1492074000,82.691,82.836,82.566,82.803
1492088400,82.803,82.9,82.698,82.712
1492102800,82.712,82.716,82.52,82.563
1492117200,82.563,82.672,82.504,82.53
1492131600,82.53,82.706,82.518,82.561
1492146000,82.561,82.576,82.3,82.4115
1492160400,82.4115,82.497,82.32,82.3555
1492174800,82.3555,82.41,82.234,82.338
1492189200,82.338,82.367,82.21,82.311
1492376400,82.311,82.483,82.071,82.258
1492390800,82.258,82.26,82.002,82.143
1492405200,82.143,82.282,82.126,82.2225
1492419600,82.2225,82.488,82.151,82.47
1492434000,82.47,82.547,82.332,82.4685
1492448400,82.4685,82.758,82.436,82.6545
1492462800,82.6545,82.956,82.632,82.7305
1492477200,82.7305,82.738,82.294,82.4025
1492491600,82.4025,82.485,82.054,82.1415
1492506000,82.1415,82.245,81.92,82.0905
1492520400,82.0905,82.22,81.844,81.9085
1492534800,81.9085,82.068,81.842,81.9785
1492549200,81.9785,82.165,81.892,81.9905
1492563600,81.9905,82.06,81.622,81.713
1492578000,81.713,81.887,81.684,81.803
1492592400,81.803,82.085,81.796,81.843
1492606800,81.843,82.058,81.563,81.625
1492621200,81.625,81.704,81.489,81.61
1492635600,81.61,81.811,81.545,81.7335
1492650000,81.7335,81.856,81.675,81.7925
1492664400,81.7925,82.116,81.698,82.0035
1492678800,82.0035,82.086,81.915,82.0475
1492693200,82.0475,82.519,82.032,82.3325
1492707600,82.3325,82.446,82.22,82.281
1492722000,82.281,82.332,82.129,82.1645
1492736400,82.1645,82.308,82.134,82.2325
1492750800,82.2325,82.44,82.201,82.2405
1492765200,82.2405,82.292,81.985,82.259
1492779600,82.259,82.328,81.982,82.168
1492794000,82.168,82.434,82.09,82.307
1492981200,82.307,83.968,82.307,83.302
1492995600,83.302,83.304,83.046,83.192
1493010000,83.192,83.393,83.182,83.375
1493024400,83.375,83.618,83.298,83.3045
1493038800,83.3045,83.376,82.902,82.972
1493053200,82.972,83.114,82.944,83.085
1493067600,83.085,83.14,82.847,83.067
1493082000,83.067,83.26,83.036,83.155
1493096400,83.155,83.39,83.06,83.235
1493110800,83.235,83.35,83.049,83.25
1493125200,83.25,83.723,83.233,83.6
1493139600,83.6,83.812,83.571,83.7135
1493154000,83.7135,84.018,83.656,83.9075
1493168400,83.9075,84.036,83.49,83.684
1493182800,83.684,83.824,83.336,83.417
1493197200,83.417,83.556,83.254,83.4075
1493211600,83.4075,83.418,83.11,83.3555
1493226000,83.3555,83.391,82.848,82.9985
1493240400,82.9985,83.281,82.973,83.184
1493254800,83.184,83.37,83.095,83.2695
1493269200,83.2695,83.41,83.148,83.1955
1493283600,83.1955,83.288,83.103,83.125
1493298000,83.125,83.211,82.735,83.0585
1493312400,83.0585,83.1125,82.946,83.0675
1493326800,83.0675,83.186,83.024,83.136
1493341200,83.136,83.161,82.91,83.0165
1493355600,83.0165,83.267,82.986,83.2155
1493370000,83.2155,83.416,83.196,83.2515
1493384400,83.2515,83.426,83.008,83.349
1493398800,83.349,83.528,83.33,83.525
1493586000,83.525,83.525,83.149,83.4105
1493600400,83.4105,83.596,83.328,83.5175
1493614800,83.5175,84.004,83.509,83.9105
1493629200,83.9105,84.186,83.866,84.0405
1493643600,84.0405,84.268,83.984,84.124
1493658000,84.124,84.262,84.098,84.1515
1493672400,84.1515,84.502,84.095,84.423
1493686800,84.423,84.539,84.298,84.429
1493701200,84.429,84.498,84.32,84.483
1493715600,84.483,84.542,84.2455,84.3155
1493730000,84.3155,84.4,84.203,84.333
1493744400,84.333,84.399,84.302,84.39
1493758800,84.39,84.516,84.35,84.4775
1493773200,84.4775,84.496,84.018,84.159
1493787600,84.159,84.164,83.846,83.999
1493802000,83.999,84.048,83.758,83.945
1493816400,83.945,83.948,83.629,83.722
1493830800,83.722,83.841,83.6,83.695
1493845200,83.695,83.835,83.608,83.709
1493859600,83.709,83.788,83.55,83.6345
1493874000,83.6345,83.652,83.369,83.567
1493888400,83.567,83.818,83.404,83.469
1493902800,83.469,83.511,83.22,83.326
1493917200,83.326,83.377,83.13,83.3225
1493931600,83.3225,83.447,83.305,83.3735
1493946000,83.3735,83.418,82.722,82.8095
1493960400,82.8095,83.11,82.678,83.0885
1493974800,83.0885,83.351,82.962,83.3105
1493989200,83.3105,83.582,83.128,83.5615
1494003600,83.5615,83.689,83.474,83.62
1494190800,83.62,83.751,83.372,83.471
1494205200,83.471,83.539,83.302,83.4495
1494219600,83.4495,83.652,83.251,83.524
1494234000,83.524,83.533,83.182,83.3075
1494248400,83.3075,83.45,83.216,83.4495
1494262800,83.4495,83.668,83.402,83.662
1494277200,83.662,83.831,83.588,83.7275
1494291600,83.7275,83.825,83.286,83.336
1494306000,83.336,83.618,83.204,83.548
1494320400,83.548,83.806,83.404,83.692
1494334800,83.692,84.037,83.674,83.871
1494349200,83.871,83.936,83.493,83.7195
1494363600,83.7195,83.78,83.45,83.666
1494378000,83.666,83.853,83.641,83.784
1494392400,83.784,84.027,83.709,83.9235
1494406800,83.9235,84.076,83.886,83.974
1494421200,83.974,84.338,83.952,84.09
1494435600,84.09,84.288,84.08,84.1835
1494450000,84.1835,84.197,83.83,84.069
1494464400,84.069,84.112,83.788,83.928
1494478800,83.928,84.246,83.872,84.1615
1494493200,84.1615,84.188,83.846,84.002
1494507600,84.002,84.046,83.527,83.888
1494522000,83.888,84.09,83.88,84.0185
1494536400,84.0185,84.061,83.852,83.9685
1494550800,83.9685,84.067,83.798,83.9185
1494565200,83.9185,84.184,83.84,83.9995
1494579600,83.9995,84.192,83.951,84.0905
1494594000,84.0905,84.106,83.694,83.7935
1494608400,83.7935,83.854,83.682,83.7345
1494795600,83.7345,83.852,83.631,83.7955
1494810000,83.7955,83.96,83.746,83.851
1494824400,83.851,84.387,83.851,84.302
1494838800,84.302,84.51,84.296,84.3685
1494853200,84.3685,84.5,84.245,84.2805
1494867600,84.2805,84.424,84.272,84.356
1494882000,84.356,84.52,84.192,84.475
1494896400,84.475,84.512,84.014,84.1245
1494910800,84.1245,84.287,84.068,84.1365
1494925200,84.1365,84.296,84.013,84.1955
1494939600,84.1955,84.405,83.936,84.14
1494954000,84.14,84.1825,83.938,84.0075
1494968400,84.0075,84.018,83.399,83.543
1494982800,83.543,83.637,83.359,83.531
1494997200,83.531,83.594,83.114,83.169
1495011600,83.169,83.328,82.812,82.8225
1495026000,82.8225,82.974,82.464,82.7245
1495040400,82.7245,82.726,82.342,82.365
1495054800,82.365,82.694,82.218,82.4115
1495069200,82.4115,83.004,82.12,82.9805
1495083600,82.9805,83.083,82.3795,82.6045
1495098000,82.6045,82.605,81.775,82.4105
1495112400,82.4105,82.728,82.266,82.4975
1495126800,82.4975,82.856,82.39,82.7175
1495141200,82.7175,82.806,82.488,82.5125
1495155600,82.5125,82.722,82.344,82.6965
1495170000,82.6965,83.425,82.608,83.0525
1495184400,83.0525,83.151,82.688,82.9315
1495198800,82.9315,83.19,82.794,83.0545
1495213200,83.0545,83.136,82.826,82.9505
1495400400,82.9505,83.016,82.62,82.9285
1495414800,82.9285,83.082,82.897,82.972
1495429200,82.972,83.066,82.83,83.0325
1495443600,83.0325,83.262,82.956,83.1635
1495458000,83.1635,83.248,83.042,83.0875
1495472400,83.0875,83.218,83.05,83.211
1495486800,83.211,83.225,82.82,83.0375
1495501200,83.0375,83.408,82.989,83.301
1495515600,83.301,83.475,83.089,83.3375
1495530000,83.3375,83.616,83.3,83.552
1495544400,83.552,83.671,83.2235,83.5745
1495558800,83.5745,83.667,83.454,83.587
1495573200,83.587,83.708,83.307,83.488
1495587600,83.488,83.537,83.254,83.2705
1495602000,83.2705,83.634,83.244,83.534
1495616400,83.534,83.68,83.495,83.6715
1495630800,83.6715,83.71,83.471,83.634
1495645200,83.634,83.728,83.528,83.666
1495659600,83.666,83.722,83.576,83.6315
1495674000,83.6315,83.884,83.592,83.769
1495688400,83.769,83.856,83.416,83.5105
1495702800,83.5105,83.622,83.39,83.47
1495717200,83.47,83.62,83.324,83.4255
1495731600,83.4255,83.474,83.302,83.371
1495746000,83.371,83.404,83.147,83.299
1495760400,83.299,83.31,82.816,82.8855
1495774800,82.8855,82.916,82.518,82.5785
1495789200,82.5785,82.918,82.55,82.8245
1495803600,82.8245,82.942,82.744,82.902
1495818000,82.902,82.91,82.765,82.9045
1496005200,82.9045,82.908,82.71,82.8915
1496019600,82.8915,82.97,82.752,82.779
1496034000,82.779,82.882,82.636,82.803
1496048400,82.803,82.9,82.778,82.8105
1496062800,82.8105,82.909,82.758,82.8235
1496077200,82.8235,82.873,82.765,82.777
1496091600,82.777,82.82,82.379,82.391
1496106000,82.391,82.405,82.234,82.3215
1496120400,82.3215,82.744,82.311,82.7125
1496134800,82.7125,82.845,82.582,82.7515
1496149200,82.7515,82.926,82.6,82.6845
1496163600,82.6845,82.76,82.646,82.7475
1496178000,82.7475,82.944,82.626,82.883
1496192400,82.883,82.952,82.668,82.721
1496206800,82.721,82.756,82.52,82.553
1496221200,82.553,82.72,82.53,82.6265
1496235600,82.6265,82.637,82.112,82.295
1496250000,82.295,82.366,82.179,82.3085
1496264400,82.3085,82.426,82.197,82.395
1496278800,82.395,82.732,81.908,82.161
1496293200,82.161,82.436,82.076,82.3255
1496307600,82.3255,82.366,82.03,82.23
1496322000,82.23,82.28,82.074,82.2485
1496336400,82.2485,82.258,82.074,82.133
1496350800,82.133,82.449,82.106,82.44
1496365200,82.44,82.522,82.386,82.4885
1496379600,82.4885,82.548,82.245,82.302
1496394000,82.302,82.508,82.026,82.027
1496408400,82.027,82.23,81.912,82.148
1496422800,82.148,82.2225,82.109,82.1795
1496610000,82.1795,82.236,81.928,82.018
1496624400,82.018,82.454,81.984,82.4435
1496638800,82.4435,82.739,82.439,82.6305
1496653200,82.6305,82.714,82.572,82.655
1496667600,82.655,82.71,82.582,82.682
1496682000,82.682,82.775,82.67,82.708
1496696400,82.708,82.738,82.41,82.436
1496710800,82.436,82.472,81.908,82.311
1496725200,82.311,82.337,81.832,82.097
1496739600,82.097,82.14,81.784,82.0965
1496754000,82.0965,82.3,82.026,82.2095
1496768400,82.2095,82.28,82.064,82.128
1496782800,82.128,82.266,82.078,82.113
1496797200,82.113,82.654,82.113,82.639
1496811600,82.639,82.664,82.436,82.442
1496826000,82.442,82.769,82.4,82.637
1496840400,82.637,82.885,82.552,82.626
1496854800,82.626,82.948,82.617,82.9165
1496869200,82.9165,82.944,82.766,82.862
1496883600,82.862,82.99,82.676,82.803
1496898000,82.803,82.995,82.574,82.993
1496912400,82.993,83.164,82.946,83.041
1496926800,83.041,83.212,82.913,83.0785
1496941200,83.0785,83.122,82.928,83.036
1496955600,83.036,83.051,82.649,82.904
1496970000,82.904,83.168,82.87,83.019
1496984400,83.019,83.294,82.962,83.154
1496998800,83.154,83.278,83.122,83.265
1497013200,83.265,83.398,83.204,83.2295
1497027600,83.2295,83.24,82.905,83.0635
1497214800,83.0635,83.181,82.978,83.0245
1497229200,83.0245,83.106,82.938,82.9795
1497243600,82.9795,83.086,82.844,82.8965
1497258000,82.8965,82.999,82.836,82.9205
1497272400,82.9205,82.982,82.592,82.613
1497286800,82.613,82.927,82.608,82.913
1497301200,82.913,83.226,82.812,83.1345
1497315600,83.1345,83.212,83.074,83.1245
1497330000,83.1245,83.234,83.03,83.1005
1497344400,83.1005,83.12,82.903,82.9385
1497358800,82.9385,83.048,82.855,82.9835
1497373200,82.9835,82.986,82.878,82.958
1497387600,82.958,83.02,82.916,82.948
1497402000,82.948,83.07,82.854,83.027
1497416400,83.027,83.579,83.023,83.5175
1497430800,83.5175,83.667,83.372,83.417
1497445200,83.417,83.448,83.018,83.108
1497459600,83.108,83.333,83.004,83.1635
1497474000,83.1635,83.312,82.936,83.2525
1497488400,83.2525,83.606,83.108,83.4505
1497502800,83.4505,83.57,83.21,83.377
1497517200,83.377,83.633,83.217,83.5935
1497531600,83.5935,84.073,83.508,84.053
1497546000,84.053,84.111,83.954,84.083
1497560400,84.083,84.373,84.028,84.324
1497574800,84.324,84.516,84.266,84.3435
1497589200,84.3435,84.727,84.25,84.68
1497603600,84.68,84.812,84.602,84.6025
1497618000,84.6025,84.635,84.329,84.5035
1497632400,84.5035,84.566,84.442,84.481
1497819600,84.481,84.718,84.424,84.65
1497834000,84.65,84.741,84.549,84.549
1497848400,84.549,84.678,84.286,84.37
1497862800,84.37,84.627,84.348,84.562
1497877200,84.562,84.718,84.524,84.679
1497891600,84.679,84.77,84.648,84.744
1497906000,84.744,84.888,84.74,84.785
1497920400,84.785,84.921,84.702,84.808
1497934800,84.808,85.072,84.806,85.042
1497949200,85.042,85.088,84.608,84.74
1497963600,84.74,84.792,84.362,84.471
1497978000,84.471,84.544,84.401,84.4825
1497992400,84.4825,84.567,84.146,84.291
1498006800,84.291,84.428,84.058,84.0935
1498021200,84.0935,84.233,83.886,84.0735
1498035600,84.0735,84.398,84.052,84.362
1498050000,84.362,84.484,84.038,84.0575
1498064400,84.0575,84.2,83.991,84.1165
1498078800,84.1165,84.368,83.967,83.988
1498093200,83.988,83.989,83.73,83.935
1498107600,83.935,84.005,83.746,83.8415
1498122000,83.8415,84.048,83.808,83.8765
1498136400,83.8765,84.092,83.804,83.972
1498150800,83.972,84.026,83.868,83.9545
1498165200,83.9545,84.074,83.8815,84.0675
1498179600,84.0675,84.122,83.946,84.083
1498194000,84.083,84.34,84.028,84.245
1498208400,84.245,84.336,84.101,84.1885
1498222800,84.1885,84.337,84.128,84.322
1498237200,84.322,84.334,84.199,84.222
1498424400,84.222,84.318,84.088,84.2445
1498438800,84.2445,84.402,84.196,84.3535
1498453200,84.3535,84.61,84.318,84.526
1498467600,84.526,84.656,84.496,84.6465
1498482000,84.6465,84.764,84.482,84.7445
1498496400,84.7445,84.911,84.69,84.855
1498510800,84.855,84.936,84.796,84.914
1498525200,84.914,85.076,84.8115,84.964
1498539600,84.964,85.078,84.848,84.9015
1498554000,84.9015,85.202,84.9015,85.022
1498568400,85.022,85.327,84.864,85.2755
1498582800,85.2755,85.333,85.02,85.199
1498597200,85.199,85.199,85.064,85.1465
1498611600,85.1465,85.406,85.1465,85.226
1498626000,85.226,85.482,84.913,85.0835
1498640400,85.0835,85.253,84.938,85.2425
1498654800,85.2425,85.741,85.224,85.697
1498669200,85.697,85.859,85.652,85.7905
1498683600,85.7905,85.932,85.743,85.782
1498698000,85.782,86.0105,85.782,85.948
1498712400,85.948,86.41,85.837,86.3515
1498726800,86.3515,86.539,86.246,86.3915
1498741200,86.3915,86.513,85.795,85.848
1498755600,85.848,86.182,85.685,86.1815
1498770000,86.1815,86.284,85.959,86.231
1498784400,86.231,86.358,86.044,86.141
1498798800,86.141,86.203,85.852,85.917
1498813200,85.917,86.175,85.879,86.1395
1498827600,86.1395,86.332,86.086,86.26
1498842000,86.26,86.504,86.248,86.4145
1499029200,86.4145,86.459,86.128,86.2405
1499043600,86.2405,86.382,86.136,86.3475
1499058000,86.3475,86.516,86.28,86.444
1499072400,86.444,86.574,86.394,86.554
1499086800,86.554,86.816,86.525,86.802
1499101200,86.802,86.938,86.7535,86.8585
1499115600,86.8585,86.946,86.748,86.7995
1499130000,86.7995,87.002,86.197,86.29
1499144400,86.29,86.29,85.854,86.0015
1499158800,86.0015,86.156,85.946,86.0285
1499173200,86.0285,86.206,86.02,86.127
1499187600,86.127,86.166,86.044,86.1325
1499202000,86.1325,86.215,85.946,86.0395
1499216400,86.0395,86.174,85.901,86.174
1499230800,86.174,86.554,86.158,86.443
1499245200,86.443,86.51,86.153,86.1765
1499259600,86.1765,86.186,85.672,85.9485
1499274000,85.9485,86.142,85.866,86.117
1499288400,86.117,86.152,85.846,85.8775
1499302800,85.8775,86.098,85.764,85.9055
1499317200,85.9055,86.32,85.887,86.1485
1499331600,86.1485,86.256,85.814,85.9275
1499346000,85.9275,86.01,85.732,85.9475
1499360400,85.9475,86.004,85.82,85.875
1499374800,85.875,85.891,85.731,85.8305
1499389200,85.8305,86.332,85.794,86.2
1499403600,86.2,86.435,86.167,86.3935
1499418000,86.3935,86.58,86.312,86.5455
1499432400,86.5455,86.774,86.452,86.719
1499446800,86.719,86.722,86.56,86.624
1499634000,86.624,86.777,86.567,86.7375
1499648400,86.7375,86.927,86.7375,86.83
1499662800,86.83,86.9,86.684,86.729
1499677200,86.729,86.772,86.618,86.669
1499691600,86.669,86.776,86.622,86.77
1499706000,86.77,86.82,86.708,86.747
1499720400,86.747,86.898,86.728,86.847
1499734800,86.847,87.084,86.76,87.043
1499749200,87.043,87.264,87.024,87.086
1499763600,87.086,87.107,86.934,86.9755
1499778000,86.9755,87.156,86.762,86.834
1499792400,86.834,87.048,86.755,87.026
1499806800,87.026,87.048,86.809,86.956
1499821200,86.956,87.036,86.737,86.7825
1499835600,86.7825,86.886,86.65,86.738
1499850000,86.738,86.949,86.662,86.7945
1499864400,86.7945,86.93,86.644,86.8805
1499878800,86.8805,87.026,86.858,86.891
1499893200,86.891,87.21,86.891,87.034
1499907600,87.034,87.046,86.835,86.9845
1499922000,86.9845,87.406,86.963,87.3785
1499936400,87.3785,87.571,87.326,87.564
1499950800,87.564,87.658,87.469,87.542
1499965200,87.542,87.586,87.49,87.5765
1499979600,87.5765,87.897,87.534,87.867
1499994000,87.867,87.906,87.7,87.8055
1500008400,87.8055,87.932,87.751,87.857
1500022800,87.857,87.916,87.614,87.823
1500037200,87.823,88.046,87.77,87.952
1500051600,87.952,88.134,87.924,88.0975
1500238800,88.0975,88.102,87.942,88.014
1500253200,88.014,88.151,87.919,87.9635
1500267600,87.9635,88.061,87.854,87.933
1500282000,87.933,88.067,87.86,88.0455
1500296400,88.0455,88.284,87.963,87.995
1500310800,87.995,88.001,87.741,87.8365
1500325200,87.8365,87.887,87.522,87.5485
1500339600,87.5485,88.624,87.496,88.5865
1500354000,88.5865,88.944,88.443,88.907
1500368400,88.907,89.144,88.61,88.661
1500382800,88.661,88.814,88.534,88.659
1500397200,88.659,88.769,88.623,88.713
1500411600,88.713,88.802,88.617,88.7805
1500426000,88.7805,88.892,88.758,88.788
1500440400,88.788,89.021,88.7,88.727
1500454800,88.727,88.895,88.637,88.675
1500469200,88.675,88.854,88.63,88.8065
1500483600,88.8065,89.034,88.802,89.0225
1500498000,89.0225,89.117,88.924,88.975
1500512400,88.975,89.334,88.829,88.946
1500526800,88.946,89.024,88.768,88.8475
1500541200,88.8475,89.073,88.74,88.975
1500555600,88.975,89.12,88.714,88.988
1500570000,88.988,89.151,88.959,89.0505
1500584400,89.0505,89.0505,88.865,88.923
1500598800,88.923,88.936,88.154,88.3625
1500613200,88.3625,88.57,88.234,88.385
1500627600,88.385,88.568,88.21,88.2135
1500642000,88.2135,88.296,87.82,87.8575
1500656400,87.8575,88.004,87.847,87.969
1500843600,87.969,88.156,87.708,87.734
1500858000,87.734,87.988,87.654,87.9765
1500872400,87.9765,88.258,87.941,88.1205
1500886800,88.1205,88.186,87.939,88.105
1500901200,88.105,88.272,87.998,88.067
1500915600,88.067,88.1,87.996,88.0365
1500930000,88.0365,88.215,88.03,88.104
1500944400,88.104,88.176,87.922,88.1115
1500958800,88.1115,88.287,88.002,88.197
1500973200,88.197,88.74,88.184,88.7205
1500987600,88.7205,88.819,88.632,88.7365
1501002000,88.7365,88.86,88.624,88.802
1501016400,88.802,88.923,88.624,88.7045
1501030800,88.7045,88.892,88.366,88.374
1501045200,88.374,88.437,88.188,88.3775
1501059600,88.3775,88.554,88.368,88.4195
1501074000,88.4195,88.8765,88.4,88.8665
1501088400,88.8665,89.08,88.765,89.002
1501102800,89.002,89.054,88.808,88.854
1501117200,88.854,89.424,88.83,89.4165
1501131600,89.4165,89.424,89.2,89.2145
1501146000,89.2145,89.302,89.046,89.1105
1501160400,89.1105,89.198,88.682,88.691
1501174800,88.691,88.746,88.34,88.6385
1501189200,88.6385,88.693,88.376,88.417
1501203600,88.417,88.605,88.372,88.511
1501218000,88.511,88.681,88.422,88.617
1501232400,88.617,88.708,88.28,88.594
1501246800,88.594,88.832,88.423,88.467
1501261200,88.467,88.511,88.276,88.3955
1501448400,88.3955,88.451,87.87,87.9075
1501462800,87.9075,88.216,87.864,88.163
1501477200,88.163,88.348,88.157,88.206
1501491600,88.206,88.246,88.048,88.0485
1501506000,88.0485,88.244,87.956,88.1135
1501520400,88.1135,88.2485,88.102,88.2385
1501534800,88.2385,88.459,88.186,88.4455
1501549200,88.4455,88.704,88.131,88.4945
1501563600,88.4945,88.538,88.124,88.2845
1501578000,88.2845,88.381,87.992,88.051
1501592400,88.051,88.063,87.826,87.959
1501606800,87.959,88.014,87.836,87.955
1501621200,87.955,88.034,87.808,87.96
1501635600,87.96,88.158,87.804,88.15
1501650000,88.15,88.255,88.094,88.229
1501664400,88.229,88.314,88.1,88.22
1501678800,88.22,88.256,87.955,88.128
1501693200,88.128,88.2405,88.099,88.236
1501707600,88.236,88.238,87.817,87.817
1501722000,87.817,87.919,87.589,87.8065
1501736400,87.8065,87.836,87.612,87.7755
1501750800,87.7755,87.836,87.527,87.757
1501765200,87.757,87.758,87.416,87.5095
1501779600,87.5095,87.532,87.377,87.4665
1501794000,87.4665,87.538,87.4,87.5165
1501808400,87.5165,87.836,87.352,87.637
1501822800,87.637,87.854,87.596,87.7385
1501837200,87.7385,87.968,87.632,87.6735
1501851600,87.6735,87.833,87.514,87.7745
1501866000,87.7745,87.802,87.706,87.772
1502053200,87.772,87.992,87.674,87.9415
1502067600,87.9415,88.019,87.865,87.893
1502082000,87.893,87.912,87.642,87.664
1502096400,87.664,87.752,87.604,87.62
1502110800,87.62,87.692,87.518,87.5775
1502125200,87.5775,87.65,87.57,87.63
1502139600,87.63,87.73,87.555,87.6875
1502154000,87.6875,87.844,87.547,87.5675
1502168400,87.5675,87.688,87.522,87.631
1502182800,87.631,87.685,87.45,87.473
1502197200,87.473,87.58,87.382,87.416
1502211600,87.416,87.474,87.257,87.3115
1502226000,87.3115,87.352,86.397,86.539
1502240400,86.539,86.592,86.291,86.5455
1502254800,86.5455,86.792,86.298,86.4835
1502269200,86.4835,86.75,86.43,86.5
1502283600,86.5,86.84,86.452,86.5835
1502298000,86.5835,86.838,86.538,86.815
1502312400,86.815,86.988,86.64,86.9415
1502326800,86.9415,87.1,86.547,86.661
1502341200,86.661,86.748,86.546,86.6825
1502355600,86.6825,86.684,86.434,86.553
1502370000,86.553,86.634,86.094,86.1905
1502384400,86.1905,86.294,85.991,86.0075
1502398800,86.0075,86.0075,85.762,85.846
1502413200,85.846,85.878,85.454,85.5425
1502427600,85.5425,85.902,85.525,85.64
1502442000,85.64,86.084,85.508,86.036
1502456400,86.036,86.247,85.797,86.039
1502470800,86.039,86.2,86.039,86.183
1502658000,86.183,86.584,86.096,86.538
1502672400,86.538,86.633,86.418,86.44
1502686800,86.44,86.52,86.349,86.373
1502701200,86.373,86.434,86.182,86.1925
1502715600,86.1925,86.248,86.042,86.054
1502730000,86.054,86.211,86.044,86.081
1502744400,86.081,86.62,86.054,86.6025
1502758800,86.6025,86.789,86.54,86.6845
1502773200,86.6845,86.754,86.392,86.5615
1502787600,86.5615,86.654,86.494,86.5885
1502802000,86.5885,86.634,86.356,86.3805
1502816400,86.3805,86.58,86.346,86.5475
1502830800,86.5475,86.739,86.456,86.668
1502845200,86.668,86.75,86.61,86.7305
1502859600,86.7305,87.25,86.72,87.184
1502874000,87.184,87.23,86.987,87.0165
1502888400,87.0165,87.466,87.008,87.3405
1502902800,87.3405,87.454,87.127,87.3305
1502917200,87.3305,87.416,87.136,87.141
1502931600,87.141,87.263,86.984,87.207
1502946000,87.207,87.56,87.148,87.36
1502960400,87.36,87.406,87.184,87.3235
1502974800,87.3235,87.349,86.816,86.829
1502989200,86.829,86.851,86.335,86.4035
1503003600,86.4035,86.426,86.032,86.328
1503018000,86.328,86.476,86.282,86.33
1503032400,86.33,86.452,86.081,86.366
1503046800,86.366,86.484,86.274,86.3275
1503061200,86.3275,87.044,85.999,86.8535
1503075600,86.8535,86.904,86.57,86.585
1503262800,86.585,86.754,86.512,86.6455
1503277200,86.6455,86.705,86.547,86.5475
1503291600,86.5475,86.586,86.185,86.3335
1503306000,86.3335,86.585,86.268,86.564
1503320400,86.564,86.624,86.266,86.3935
1503334800,86.3935,86.54,86.284,86.526
1503349200,86.526,86.734,86.404,86.7265
1503363600,86.7265,86.849,86.672,86.713
1503378000,86.713,86.93,86.498,86.5675
1503392400,86.5675,86.58,86.335,86.5115
1503406800,86.5115,86.739,86.449,86.5735
1503421200,86.5735,86.727,86.484,86.691
1503435600,86.691,86.871,86.454,86.5705
1503450000,86.5705,86.608,86.308,86.377
1503464400,86.377,86.453,86.219,86.316
1503478800,86.316,86.458,86.116,86.1575
1503493200,86.1575,86.265,86.074,86.148
1503507600,86.148,86.254,86.1,86.1835
1503522000,86.1835,86.328,86.066,86.295
1503536400,86.295,86.359,86.192,86.2285
1503550800,86.2285,86.278,85.938,86.2745
1503565200,86.2745,86.414,86.227,86.382
1503579600,86.382,86.466,86.174,86.423
1503594000,86.423,86.583,86.396,86.5655
1503608400,86.5655,86.703,86.466,86.649
1503622800,86.649,86.663,86.446,86.5625
1503637200,86.5625,86.823,86.556,86.7725
1503651600,86.7725,86.864,86.702,86.785
1503666000,86.785,86.977,86.578,86.696
1503680400,86.696,86.824,86.604,86.746
1503867600,86.746,86.919,86.535,86.7025
1503882000,86.7025,86.756,86.524,86.6095
1503896400,86.6095,86.845,86.546,86.7825
1503910800,86.7825,86.948,86.572,86.9175
1503925200,86.9175,86.967,86.7535,86.9225
1503939600,86.9225,87.116,86.873,87.0055
1503954000,87.0055,87.07,85.706,86.4225
1503968400,86.4225,86.453,86.17,86.2475
1503982800,86.2475,86.462,86.142,86.3495
1503997200,86.3495,86.656,86.234,86.4725
1504011600,86.4725,86.991,86.404,86.9535
1504026000,86.9535,87.394,86.872,87.2785
1504040400,87.2785,87.486,87.096,87.422
1504054800,87.422,87.809,87.35,87.6525
1504069200,87.6525,87.804,87.498,87.5005
1504083600,87.5005,87.587,87.33,87.406
1504098000,87.406,87.477,86.944,87.148
1504112400,87.148,87.232,87.09,87.1355
1504126800,87.1355,87.49,87.09,87.439
1504141200,87.439,87.459,87.214,87.3105
1504155600,87.3105,87.373,87.206,87.3045
1504170000,87.3045,87.3205,87.044,87.171
1504184400,87.171,87.382,87.142,87.325
1504198800,87.325,87.474,87.276,87.385
1504213200,87.385,87.553,87.346,87.482
1504227600,87.482,87.581,87.345,87.3745
1504242000,87.3745,87.45,87.246,87.2675
1504256400,87.2675,87.828,87.209,87.7335
1504270800,87.7335,87.935,87.643,87.926
1504285200,87.926,87.942,87.822,87.8595
1504472400,87.8595,87.8595,87.032,87.4075
1504486800,87.4075,87.5,87.298,87.4205
1504501200,87.4205,87.484,86.99,87.1405
1504515600,87.1405,87.308,87.116,87.193
1504530000,87.193,87.202,87.044,87.1935
1504544400,87.1935,87.198,87.066,87.171
1504558800,87.171,87.272,87.098,87.1135
1504573200,87.1135,87.448,86.86,87.0675
1504587600,87.0675,87.26,86.965,87.2005
1504602000,87.2005,87.501,87.136,87.4495
1504616400,87.4495,87.616,86.876,86.922
1504630800,86.922,87.032,86.732,87.007
1504645200,87.007,87.084,86.839,87.042
1504659600,87.042,87.191,86.696,86.7615
1504674000,86.7615,86.917,86.624,86.7905
1504688400,86.7905,86.885,86.56,86.7105
1504702800,86.7105,87.33,86.698,87.3115
1504717200,87.3115,87.512,87.303,87.3885
1504731600,87.3885,87.506,87.312,87.4215
1504746000,87.4215,87.506,87.071,87.1385
1504760400,87.1385,87.308,87.004,87.2745
1504774800,87.2745,87.502,87.227,87.415
1504789200,87.415,87.463,86.888,87.122
1504803600,87.122,87.35,87.088,87.2705
1504818000,87.2705,87.356,87.143,87.284
1504832400,87.284,87.73,87.244,87.5825
1504846800,87.5825,87.594,87.105,87.236
1504861200,87.236,87.27,86.99,87.146
1504875600,87.146,87.224,86.902,86.983
1504890000,86.983,86.992,86.676,86.8505
1505077200,86.8505,87.315,86.8505,87.233
1505091600,87.233,87.314,87.169,87.2275
1505106000,87.2275,87.332,87.169,87.278
1505120400,87.278,87.472,87.243,87.406
1505134800,87.406,87.656,87.366,87.6295
1505149200,87.6295,87.901,87.61,87.8365
1505163600,87.8365,87.87,87.676,87.784
1505178000,87.784,87.788,87.487,87.6355
1505192400,87.6355,88.25,87.6355,88.089
1505206800,88.089,88.226,88.032,88.154
1505221200,88.154,88.482,88.14,88.377
1505235600,88.377,88.446,88.268,88.351
1505250000,88.351,88.442,88.232,88.378
1505264400,88.378,88.464,88.217,88.373
1505278800,88.373,88.462,88.318,88.4545
1505293200,88.4545,88.558,88.364,88.4185
1505307600,88.4185,88.453,88.215,88.2225
1505322000,88.2225,88.318,88.09,88.235
1505336400,88.235,88.278,88.13,88.2135
1505350800,88.2135,88.743,88.182,88.395
1505365200,88.395,88.482,88.28,88.3685
1505379600,88.3685,88.566,88.035,88.097
1505394000,88.097,88.33,88.062,88.3105
1505408400,88.3105,88.332,87.996,88.239
1505422800,88.239,88.276,87.686,88.033
1505437200,88.033,88.28,87.996,88.1935
1505451600,88.1935,88.905,88.192,88.824
1505466000,88.824,89.273,88.787,88.809
1505480400,88.809,88.935,88.682,88.7005
1505494800,88.7005,88.777,88.623,88.6965
1505682000,88.6965,89.017,88.6965,89.01
1505696400,89.01,89.344,88.976,89.204
1505710800,89.204,89.328,89.124,89.164
1505725200,89.164,89.24,88.918,89.0465
1505739600,89.0465,89.092,88.647,88.7395
1505754000,88.7395,88.872,88.56,88.8115
1505768400,88.8115,88.942,88.724,88.863
1505782800,88.863,89.066,88.805,89.0225
1505797200,89.0225,89.292,89,89.096
1505811600,89.096,89.332,89.096,89.2545
1505826000,89.2545,89.442,88.939,89.438
1505840400,89.438,89.496,89.3,89.3775
1505854800,89.3775,89.389,89.232,89.2945
1505869200,89.2945,89.456,89.258,89.379
1505883600,89.379,89.679,89.372,89.5465
1505898000,89.5465,89.788,89.533,89.734
1505912400,89.734,90.022,89.702,89.97
1505926800,89.97,90.177,89.758,90.108
1505941200,90.108,90.306,90.084,90.1575
1505955600,90.1575,90.174,89.884,89.9195
1505970000,89.9195,90.018,89.342,89.3945
1505984400,89.3945,89.51,89.008,89.0165
1505998800,89.0165,89.299,88.898,89.2055
1506013200,89.2055,89.304,89.196,89.242
1506027600,89.242,89.245,88.757,88.851
1506042000,88.851,88.875,88.466,88.5905
1506056400,88.5905,89.124,88.59,88.969
1506070800,88.969,89.378,88.962,89.3225
1506085200,89.3225,89.36,89.158,89.2675
1506099600,89.2675,89.297,89.108,89.1675
1506286800,89.1675,89.682,89.1675,89.608
1506301200,89.608,89.643,89.184,89.4175
1506315600,89.4175,89.49,89.096,89.278
1506330000,89.278,89.33,89.068,89.2015
1506344400,89.2015,89.304,88.372,88.6145
1506358800,88.6145,88.77,88.584,88.671
1506373200,88.671,88.739,88.408,88.468
1506387600,88.468,88.774,88.45,88.621
1506402000,88.621,88.678,88.389,88.435
1506416400,88.435,88.526,88.252,88.468
1506430800,88.468,88.606,88.295,88.491
1506445200,88.491,88.604,88.426,88.521
1506459600,88.521,88.608,88.462,88.5835
1506474000,88.5835,88.646,88.292,88.375
1506488400,88.375,88.613,88.306,88.509
1506502800,88.509,88.787,88.491,88.763
1506517200,88.763,88.894,88.491,88.6455
1506531600,88.6455,88.72,88.52,88.549
1506546000,88.549,88.676,88.51,88.6375
1506560400,88.6375,88.638,88.273,88.4045
1506574800,88.4045,88.467,88.172,88.2745
1506589200,88.2745,88.314,88.016,88.13
1506603600,88.13,88.344,88.018,88.241
1506618000,88.241,88.36,88.186,88.267
1506632400,88.267,88.454,88.178,88.382
1506646800,88.382,88.418,88.261,88.2985
1506661200,88.2985,88.414,88.152,88.2265
1506675600,88.2265,88.248,87.987,88.092
1506690000,88.092,88.378,88.056,88.3
1506704400,88.3,88.31,88.108,88.13
1506891600,88.13,88.464,88.13,88.4455
1506906000,88.4455,88.486,88.196,88.316
1506920400,88.316,88.354,88.07,88.089
1506934800,88.089,88.218,88.037,88.1065
1506949200,88.1065,88.31,88.068,88.2305
1506963600,88.2305,88.275,88.188,88.2605
1506978000,88.2605,88.319,88.191,88.2705
1506992400,88.2705,88.441,88.156,88.266
1507006800,88.266,88.403,88.112,88.2595
1507021200,88.2595,88.368,88.226,88.2655
1507035600,88.2655,88.366,88.167,88.347
1507050000,88.347,88.478,88.328,88.424
1507064400,88.424,88.498,88.36,88.456
1507078800,88.456,88.672,88.414,88.5225
1507093200,88.5225,88.556,88.347,88.4115
1507107600,88.4115,88.498,88.33,88.3805
1507122000,88.3805,88.704,88.358,88.5895
1507136400,88.5895,88.674,88.572,88.671
1507150800,88.671,88.74,88.341,88.3715
1507165200,88.3715,88.384,88.222,88.2945
1507179600,88.2945,88.295,88.171,88.1845
1507194000,88.1845,88.22,87.809,87.8175
1507208400,87.8175,88.034,87.777,87.969
1507222800,87.969,87.982,87.852,87.94
1507237200,87.94,87.968,87.702,87.901
1507251600,87.901,87.989,87.403,87.5985
1507266000,87.5985,87.895,87.586,87.831
1507280400,87.831,87.924,87.721,87.7865
1507294800,87.7865,87.863,87.479,87.5595
1507309200,87.5595,87.635,87.498,87.567
1507496400,87.567,87.618,87.344,87.5685
1507510800,87.5685,87.626,87.374,87.3895
1507525200,87.3895,87.504,87.364,87.4105
1507539600,87.4105,87.462,87.286,87.4095
1507554000,87.4095,87.532,87.313,87.4925
1507568400,87.4925,87.52,87.312,87.3715
1507582800,87.3715,87.664,87.319,87.6105
1507597200,87.6105,87.774,87.604,87.7015
1507611600,87.7015,87.769,87.428,87.4405
1507626000,87.4405,87.563,87.41,87.431
1507640400,87.431,87.46,87.25,87.391
1507654800,87.391,87.514,87.332,87.459
1507669200,87.459,87.646,87.41,87.6035
1507683600,87.6035,87.646,87.468,87.521
1507698000,87.521,87.552,87.362,87.371
1507712400,87.371,87.463,87.319,87.418
1507726800,87.418,87.456,87.284,87.4145
1507741200,87.4145,87.652,87.402,87.615
1507755600,87.615,87.784,87.542,87.7475
1507770000,87.7475,87.914,87.686,87.809
1507784400,87.809,87.94,87.731,87.8865
1507798800,87.8865,87.952,87.688,87.795
1507813200,87.795,87.997,87.752,87.8725
1507827600,87.8725,87.919,87.783,87.824
1507842000,87.824,87.946,87.782,87.9335
1507856400,87.9335,87.938,87.79,87.857
1507870800,87.857,87.894,87.656,87.8535
1507885200,87.8535,88.13,87.726,88.059
1507899600,88.059,88.312,88.036,88.235
1507914000,88.235,88.273,88.16,88.236
1508101200,88.236,88.29,88.112,88.255
1508115600,88.255,88.264,88.092,88.1195
1508130000,88.1195,88.16,88.024,88.0555
1508144400,88.0555,88.07,87.912,87.9875
1508158800,87.9875,88.054,87.778,87.875
1508173200,87.875,88.102,87.86,88.081
1508187600,88.081,88.144,87.968,87.9865
1508202000,87.9865,88.02,87.788,87.969
1508216400,87.969,88.17,87.903,88.11
1508230800,88.11,88.127,87.968,88.0835
1508245200,88.0835,88.096,87.806,87.995
1508259600,87.995,88.07,87.99,88.024
1508274000,88.024,88.112,87.958,88.018
1508288400,88.018,88.164,87.99,88.0975
1508302800,88.0975,88.183,88.051,88.153
1508317200,88.153,88.43,88.114,88.418
1508331600,88.418,88.585,88.347,88.5255
1508346000,88.5255,88.633,88.515,88.61
1508360400,88.61,88.882,88.558,88.825
1508374800,88.825,88.862,88.602,88.714
1508389200,88.714,88.996,88.39,88.5615
1508403600,88.5615,88.648,88.428,88.5075
1508418000,88.5075,88.726,88.417,88.643
1508432400,88.643,88.6985,88.492,88.6755
1508446800,88.6755,88.76,88.644,88.746
1508461200,88.746,88.83,88.65,88.8035
1508475600,88.8035,88.992,88.758,88.8795
1508490000,88.8795,88.978,88.75,88.7665
1508504400,88.7665,88.845,88.6,88.703
1508518800,88.703,88.788,88.652,88.724
1508706000,88.724,89.072,88.724,88.909
1508720400,88.909,89.028,88.876,88.978
1508734800,88.978,89.078,88.885,88.908
1508749200,88.908,89.013,88.858,88.8785
1508763600,88.8785,88.91,88.681,88.749
1508778000,88.749,88.795,88.43,88.551
1508792400,88.551,88.635,88.502,88.5355
1508806800,88.5355,88.676,88.506,88.6445
1508821200,88.6445,88.673,88.42,88.47
1508835600,88.47,88.66,88.387,88.58
1508850000,88.58,88.695,88.547,88.585
1508864400,88.585,88.631,88.428,88.577
1508878800,88.577,88.665,88.019,88.0585
1508893200,88.0585,88.064,87.854,87.943
1508907600,87.943,87.958,87.784,87.9255
1508922000,87.9255,88.086,87.916,87.9565
1508936400,87.9565,87.993,87.334,87.488
1508950800,87.488,87.634,87.436,87.622
1508965200,87.622,87.654,87.458,87.552
1508979600,87.552,87.594,87.416,87.471
1508994000,87.471,87.584,87.33,87.4725
1509008400,87.4725,87.824,87.456,87.671
1509022800,87.671,87.715,87.341,87.3415
1509037200,87.3415,87.453,87.248,87.32
1509051600,87.32,87.464,87.172,87.252
1509066000,87.252,87.35,87.05,87.215
1509080400,87.215,87.328,87.11,87.1235
1509094800,87.1235,87.314,87.06,87.299
1509109200,87.299,87.342,87.038,87.278
1509123600,87.278,87.316,87.19,87.2825
1509310800,87.2825,87.308,87.135,87.265
1509325200,87.265,87.314,87.16,87.2175
1509339600,87.2175,87.331,87.148,87.294
1509354000,87.294,87.307,87.042,87.048
1509368400,87.048,87.078,86.778,86.858
1509382800,86.858,87.04,86.835,87.011
1509397200,87.011,87.078,86.854,86.874
1509411600,86.874,86.95,86.788,86.8505
1509426000,86.8505,86.946,86.788,86.8265
1509440400,86.8265,86.897,86.726,86.769
1509454800,86.769,87.162,86.692,87.0565
1509469200,87.0565,87.108,86.99,86.998
1509483600,86.998,87.17,86.947,87.156
1509498000,87.156,87.299,87.14,87.199
1509512400,87.199,87.612,87.183,87.5495
1509526800,87.5495,87.6,87.493,87.5615
1509541200,87.5615,87.728,87.445,87.483
1509555600,87.483,87.65,87.366,87.642
1509570000,87.642,87.814,87.53,87.679
1509584400,87.679,87.992,87.648,87.8815
1509598800,87.8815,88,87.82,87.8405
1509613200,87.8405,88.005,87.796,87.9535
1509627600,87.9535,88.098,87.756,88.0915
1509642000,88.0915,88.094,87.948,87.9975
1509656400,87.9975,88.03,87.58,87.653
1509670800,87.653,87.672,87.564,87.655
1509685200,87.655,87.688,87.485,87.605
1509699600,87.605,87.608,87.336,87.5005
1509714000,87.5005,87.542,87.286,87.3795
1509728400,87.3795,87.401,87.196,87.264
1509919200,87.264,87.662,87.221,87.624
1509933600,87.624,87.636,87.438,87.4415
1509948000,87.4415,87.534,87.277,87.392
1509962400,87.392,87.528,87.329,87.3945
1509976800,87.3945,87.484,87.321,87.4185
1509991200,87.4185,87.5,87.374,87.455
1510005600,87.455,87.588,87.42,87.5755
1510020000,87.5755,87.697,87.445,87.5425
1510034400,87.5425,87.63,87.452,87.4885
1510048800,87.4885,87.516,87.288,87.339
1510063200,87.339,87.448,86.94,86.9665
1510077600,86.9665,87.155,86.949,87.1525
1510092000,87.1525,87.186,86.977,87.1125
1510106400,87.1125,87.141,86.988,87.116
1510120800,87.116,87.286,87.069,87.1995
1510135200,87.1995,87.244,87.068,87.2045
1510149600,87.2045,87.322,87.087,87.3025
1510164000,87.3025,87.469,87.269,87.417
1510178400,87.417,87.526,87.354,87.5005
1510192800,87.5005,87.671,87.096,87.2265
1510207200,87.2265,87.368,87.03,87.0365
1510221600,87.0365,87.179,86.86,86.8925
1510236000,86.8925,87.11,86.79,86.895
1510250400,86.895,87.156,86.851,87.14
1510264800,87.14,87.224,86.887,87.1045
1510279200,87.1045,87.246,87.01,87.216
1510293600,87.216,87.255,86.986,87.0315
1510308000,87.0315,87.09,86.882,86.884
1510322400,86.884,87.01,86.85,86.932
1510336800,86.932,87.029,86.912,86.962
1510524000,86.962,86.988,86.838,86.9455
1510538400,86.9455,87.092,86.934,86.972
1510552800,86.972,86.988,86.633,86.6675
1510567200,86.6675,86.741,86.517,86.5835
1510581600,86.5835,86.786,86.546,86.6005
1510596000,86.6005,86.6765,86.55,86.6205
1510610400,86.6205,86.832,86.47,86.7515
1510624800,86.7515,86.792,86.655,86.737
1510639200,86.737,86.833,86.682,86.7755
1510653600,86.7755,86.844,86.693,86.7555
1510668000,86.7555,86.765,86.308,86.4715
1510682400,86.4715,86.605,86.437,86.5945
1510696800,86.5945,86.5945,85.839,85.9085
1510711200,85.9085,85.935,85.66,85.827
1510725600,85.827,85.878,85.56,85.6255
1510740000,85.6255,85.76,85.553,85.7125
1510754400,85.7125,85.832,85.502,85.729
1510768800,85.729,85.748,85.556,85.663
1510783200,85.663,85.955,85.486,85.7255
1510797600,85.7255,85.936,85.7255,85.8935
1510812000,85.8935,86.006,85.774,85.982
1510826400,85.982,86.024,85.812,85.822
1510840800,85.822,85.882,85.626,85.7035
1510855200,85.7035,85.83,85.7035,85.78
1510869600,85.78,85.852,85.477,85.56
1510884000,85.56,85.587,85.152,85.232
1510898400,85.232,85.288,84.868,84.9825
1510912800,84.9825,85.048,84.884,84.9105
1510927200,84.9105,84.912,84.641,84.7615
1510941600,84.7615,84.873,84.746,84.822
1511128800,84.822,84.861,84.504,84.678
1511143200,84.678,84.776,84.538,84.752
1511157600,84.752,84.949,84.68,84.8415
1511172000,84.8415,84.864,84.705,84.73
1511186400,84.73,85.022,84.73,85.0205
1511200800,85.0205,85.082,84.964,85.0255
1511215200,85.0255,85.127,84.78,84.9015
1511229600,84.9015,84.959,84.803,84.8905
1511244000,84.8905,85.141,84.75,85.0575
1511258400,85.0575,85.316,85.0575,85.1675
1511272800,85.1675,85.314,85.034,85.2345
1511287200,85.2345,85.28,85.127,85.2095
1511301600,85.2095,85.259,84.978,85.0825
1511316000,85.0825,85.092,84.833,84.8665
1511330400,84.8665,84.911,84.69,84.723
1511344800,84.723,84.956,84.684,84.8395
1511359200,84.8395,84.858,84.615,84.673
1511373600,84.673,84.784,84.601,84.7175
1511388000,84.7175,84.774,84.525,84.6445
1511402400,84.6445,84.834,84.582,84.8185
1511416800,84.8185,84.847,84.64,84.8385
1511431200,84.8385,84.938,84.78,84.864
1511445600,84.864,84.876,84.76,84.79
1511460000,84.79,84.848,84.756,84.7985
1511474400,84.7985,84.921,84.785,84.877
1511488800,84.877,85.032,84.842,85.0005
1511503200,85.0005,85.02,84.743,84.784
1511517600,84.784,84.938,84.757,84.8735
1511532000,84.8735,85.046,84.86,84.954
1511546400,84.954,85.046,84.896,84.9535
1511733600,84.9535,85.022,84.618,84.673
1511748000,84.673,84.754,84.576,84.723
1511762400,84.723,84.932,84.696,84.8765
1511776800,84.8765,85.057,84.663,84.682
1511791200,84.682,84.702,84.352,84.49
1511805600,84.49,84.53,84.444,84.4655
1511820000,84.4655,84.668,84.394,84.6585
1511834400,84.6585,84.666,84.521,84.631
1511848800,84.631,84.686,84.449,84.503
1511863200,84.503,84.739,84.499,84.6265
1511877600,84.6265,84.712,84.56,84.6725
1511892000,84.6725,84.824,84.519,84.6725
1511906400,84.6725,84.918,84.618,84.793
1511920800,84.793,84.794,84.514,84.66
1511935200,84.66,84.706,84.487,84.4975
1511949600,84.4975,84.698,84.452,84.6715
1511964000,84.6715,84.828,84.564,84.7245
1511978400,84.7245,84.792,84.689,84.74
1511992800,84.74,85.052,84.65,84.9145
1512007200,84.9145,85.127,84.85,85.1
1512021600,85.1,85.148,84.919,84.922
1512036000,84.922,85.08,84.904,84.93
1512050400,84.93,85.14,84.773,85.0905
1512064800,85.0905,85.212,85.073,85.147
1512079200,85.147,85.205,84.998,85.0365
1512093600,85.0365,85.228,84.976,85.138
1512108000,85.138,85.41,85.112,85.301
1512122400,85.301,85.348,85.012,85.347
1512136800,85.347,85.716,85.088,85.3435
1512151200,85.3435,85.456,85.252,85.446
1512338400,85.446,85.754,85.446,85.707
1512352800,85.707,85.762,85.654,85.69
1512367200,85.69,85.893,85.666,85.788
1512381600,85.788,85.962,85.772,85.9205
1512396000,85.9205,85.942,85.571,85.6815
1512410400,85.6815,85.69,85.371,85.4105
1512424800,85.4105,85.996,85.406,85.9425
1512439200,85.9425,86.202,85.885,86.107
1512453600,86.107,86.172,85.954,85.9945
1512468000,85.9945,86.044,85.867,85.874
1512482400,85.874,85.962,85.65,85.6735
1512496800,85.6735,85.784,85.628,85.661
1512511200,85.661,85.822,85.141,85.341
1512525600,85.341,85.341,84.924,85.0025
1512540000,85.0025,85.164,84.918,85.1635
1512554400,85.1635,85.187,85.056,85.1115
1512568800,85.1115,85.155,84.834,84.878
1512583200,84.878,84.948,84.836,84.93
1512597600,84.93,85.047,84.796,84.887
1512612000,84.887,84.964,84.792,84.8805
1512626400,84.8805,84.94,84.682,84.803
1512640800,84.803,84.861,84.704,84.7595
1512655200,84.7595,84.862,84.666,84.8515
1512669600,84.8515,84.996,84.83,84.9395
1512684000,84.9395,85.081,84.916,85.078
1512698400,85.078,85.194,85.064,85.1905
1512712800,85.1905,85.316,85.162,85.276
1512727200,85.276,85.376,85.192,85.3325
1512741600,85.3325,85.334,85.122,85.1975
1512756000,85.1975,85.248,85.153,85.221
1512943200,85.221,85.471,85.187,85.3895
1512957600,85.3895,85.5085,85.378,85.4585
1512972000,85.4585,85.493,85.292,85.388
1512986400,85.388,85.436,85.23,85.322
1513000800,85.322,85.528,85.308,85.472
1513015200,85.472,85.514,85.45,85.4715
1513029600,85.4715,85.524,85.321,85.3865
1513044000,85.3865,85.517,85.367,85.487
1513058400,85.487,85.855,85.484,85.8535
1513072800,85.8535,85.992,85.79,85.9165
1513087200,85.9165,85.94,85.661,85.7865
1513101600,85.7865,85.862,85.7315,85.8315
1513116000,85.8315,85.902,85.758,85.864
1513130400,85.864,85.98,85.734,85.8305
1513144800,85.8305,85.91,85.67,85.673
1513159200,85.673,85.944,85.666,85.922
1513173600,85.922,86.122,85.916,86.0555
1513188000,86.0555,86.074,85.854,85.947
1513202400,85.947,86.484,85.932,86.356
1513216800,86.356,86.472,86.256,86.2975
1513231200,86.2975,86.494,86.272,86.3725
1513245600,86.3725,86.438,86.271,86.3535
1513260000,86.3535,86.394,86.192,86.2185
1513274400,86.2185,86.232,86.04,86.1685
1513288800,86.1685,86.176,86.025,86.093
1513303200,86.093,86.25,85.988,86.1245
1513317600,86.1245,86.268,86.072,86.1215
1513332000,86.1215,86.183,85.966,86.0665
1513346400,86.0665,86.33,86.03,86.19
1513360800,86.19,86.19,86.046,86.099
1513548000,86.099,86.242,85.979,86.1815
1513562400,86.1815,86.315,86.139,86.3
1513576800,86.3,86.436,86.262,86.2705
1513591200,86.2705,86.302,86.183,86.2455
1513605600,86.2455,86.34,86.17,86.314
1513620000,86.314,86.325,86.25,86.273
1513634400,86.273,86.368,86.204,86.2625
1513648800,86.2625,86.384,86.214,86.3325
1513663200,86.3325,86.495,86.3,86.4305
1513677600,86.4305,86.518,86.378,86.452
1513692000,86.452,86.546,86.335,86.538
1513706400,86.538,86.636,86.464,86.5025
1513720800,86.5025,86.556,86.43,86.5265
1513735200,86.5265,86.586,86.466,86.536
1513749600,86.536,86.85,86.53,86.8165
1513764000,86.8165,86.978,86.778,86.8795
1513778400,86.8795,86.968,86.702,86.968
1513792800,86.968,86.973,86.862,86.9375
1513807200,86.9375,86.942,86.71,86.774
1513821600,86.774,86.989,86.773,86.8575
1513836000,86.8575,87.01,86.824,86.8865
1513850400,86.8865,87.241,86.883,87.1295
1513864800,87.1295,87.417,87.124,87.4025
1513879200,87.4025,87.418,87.253,87.282
1513893600,87.282,87.434,87.27,87.377
1513908000,87.377,87.448,87.366,87.4375
1513922400,87.4375,87.498,87.38,87.409
1513936800,87.409,87.528,87.37,87.477
1513951200,87.477,87.51,87.355,87.3715
1513965600,87.3715,87.456,87.341,87.388
1514239200,87.388,87.552,87.388,87.4395
1514253600,87.4395,87.49,87.412,87.4785
1514268000,87.4785,87.493,87.436,87.4505
1514282400,87.4505,87.466,87.388,87.401
1514296800,87.401,87.495,87.392,87.4475
1514311200,87.4475,87.522,87.421,87.5135
1514325600,87.5135,87.66,87.432,87.601
1514340000,87.601,87.698,87.601,87.667
1514354400,87.667,87.928,87.656,87.8785
1514368800,87.8785,88.053,87.876,87.9725
1514383200,87.9725,88.15,87.952,88.1385
1514397600,88.1385,88.152,88.028,88.0615
1514412000,88.0615,88.112,87.89,88.1105
1514426400,88.1105,88.115,87.927,87.9305
1514440800,87.9305,88.078,87.91,87.9665
1514455200,87.9665,87.9665,87.768,87.923
1514469600,87.923,88.032,87.8715,87.915
1514484000,87.915,88.026,87.9,88.01
1514498400,88.01,88.1,87.836,87.8755
1514512800,87.8755,87.968,87.81,87.943
1514527200,87.943,87.995,87.76,87.983
1514541600,87.983,88.031,87.89,87.904
1514556000,87.904,88.16,87.833,87.9485
1514570400,87.9485,88.002,87.871,87.95
1514844000,87.95,88.217,87.853,88.138
1514858400,88.138,88.41,88.126,88.3435
1514872800,88.3435,88.352,87.939,87.9535
1514887200,87.9535,87.971,87.636,87.6765
1514901600,87.6765,87.891,87.66,87.8525
1514916000,87.8525,87.963,87.846,87.9175
1514930400,87.9175,87.966,87.824,87.8505
1514944800,87.8505,87.866,87.698,87.828
1514959200,87.828,88.072,87.766,87.9795
1514973600,87.9795,88.038,87.896,87.993
1514988000,87.993,88.108,87.92,88.0805
1515002400,88.0805,88.233,88.065,88.149
1515016800,88.149,88.208,88.086,88.143
1515031200,88.143,88.327,88.139,88.318
1515045600,88.318,88.419,88.235,88.263
1515060000,88.263,88.379,88.228,88.341
1515074400,88.341,88.708,88.338,88.676
1515088800,88.676,88.706,88.6,88.6675
1515103200,88.6675,88.748,88.486,88.4895
1515117600,88.4895,88.753,88.444,88.676
1515132000,88.676,88.848,88.572,88.8265
1515146400,88.8265,88.988,88.784,88.9215
1515160800,88.9215,88.988,88.83,88.9665
1515175200,88.9665,89.091,88.878,88.9
1515362400,88.9,89.076,88.878,88.9655
1515376800,88.9655,88.979,88.734,88.7785
1515391200,88.7785,88.849,88.59,88.6775
1515405600,88.6775,88.737,88.478,88.513
1515420000,88.513,88.661,88.49,88.6515
1515434400,88.6515,88.7,88.604,88.6775
1515448800,88.6775,88.849,88.431,88.487
1515463200,88.487,88.576,88.425,88.5115
1515477600,88.5115,88.676,88.224,88.232
1515492000,88.232,88.272,88.046,88.0765
1515506400,88.0765,88.13,87.866,88.032
1515520800,88.032,88.148,88.028,88.132
1515535200,88.132,88.172,87.679,87.747
1515549600,87.747,87.922,87.734,87.798
1515564000,87.798,87.859,87.487,87.505
1515578400,87.505,87.659,87.372,87.422
1515592800,87.422,87.51,87.338,87.426
1515607200,87.426,87.45,87.214,87.395
1515621600,87.395,87.926,87.3,87.8985
1515636000,87.8985,88.091,87.716,88.0375
1515650400,88.0375,88.054,87.792,87.883
1515664800,87.883,87.948,87.71,87.804
1515679200,87.804,87.904,87.649,87.802
1515693600,87.802,87.824,87.636,87.808
1515708000,87.808,87.876,87.695,87.8065
1515722400,87.8065,87.81,87.616,87.6485
1515736800,87.6485,87.79,87.48,87.529
1515751200,87.529,87.708,87.394,87.706
1515765600,87.706,87.895,87.67,87.745
1515780000,87.745,87.942,87.694,87.91
1515967200,87.91,87.986,87.673,87.858
1515981600,87.858,88.079,87.755,88.056
1515996000,88.056,88.15,87.91,88.033
1516010400,88.033,88.096,87.886,88
1516024800,88,88.168,87.971,88.0365
1516039200,88.0365,88.124,87.929,88.0465
1516053600,88.0465,88.236,88.006,88.1785
1516068000,88.1785,88.417,88.173,88.2925
1516082400,88.2925,88.342,88.004,88.006
1516096800,88.006,88.089,87.903,88.047
1516111200,88.047,88.198,87.944,88.104
1516125600,88.104,88.115,87.722,87.938
1516140000,87.938,88.278,87.836,88.1785
1516154400,88.1785,88.36,88.042,88.128
1516168800,88.128,88.348,88.008,88.3135
1516183200,88.3135,88.438,88.22,88.3145
1516197600,88.3145,88.648,88.145,88.6405
1516212000,88.6405,89.003,88.62,88.706
1516226400,88.706,88.968,88.407,88.5795
1516240800,88.5795,88.741,88.556,88.581
1516255200,88.581,88.812,88.556,88.7975
1516269600,88.7975,88.985,88.775,88.8765
1516284000,88.8765,88.916,88.529,88.7195
1516298400,88.7195,88.9,88.66,88.8765
1516312800,88.8765,88.984,88.794,88.97
1516327200,88.97,89.022,88.818,88.8545
1516341600,88.8545,88.884,88.694,88.7575
1516356000,88.7575,88.764,88.374,88.39
1516370400,88.39,88.647,88.387,88.4695
1516384800,88.4695,88.646,88.438,88.584
1516572000,88.584,88.608,88.384,88.4405
1516586400,88.4405,88.59,88.416,88.571
1516600800,88.571,88.723,88.508,88.6795
1516615200,88.6795,88.824,88.629,88.7925
1516629600,88.7925,88.996,88.713,88.944
1516644000,88.944,88.956,88.888,88.94
1516658400,88.94,89.071,88.81,88.9925
1516672800,88.9925,88.998,88.42,88.556
1516687200,88.556,88.75,88.11,88.174
1516701600,88.174,88.256,87.912,88.041
1516716000,88.041,88.268,87.992,88.1575
1516730400,88.1575,88.29,88.127,88.242
1516744800,88.242,88.266,88.06,88.0645
1516759200,88.0645,88.138,87.914,88.1305
1516773600,88.1305,88.364,88.09,88.3475
1516788000,88.3475,88.428,88.236,88.2995
1516802400,88.2995,88.33,87.892,87.9915
1516816800,87.9915,88.226,87.878,88.0625
1516831200,88.0625,88.258,87.854,88.1635
1516845600,88.1635,88.323,88.044,88.2865
1516860000,88.2865,88.338,88.051,88.1455
1516874400,88.1455,88.176,87.934,88.054
1516888800,88.054,88.185,87.83,87.855
1516903200,87.855,87.996,87.709,87.7995
1516917600,87.7995,88.168,87.762,88.0975
1516932000,88.0975,88.136,87.998,88.07
1516946400,88.07,88.2,87.988,88.17
1516960800,88.17,88.45,88.166,88.386
1516975200,88.386,88.41,87.786,87.968
1516989600,87.968,88.506,87.944,88.089
1517176800,88.089,88.208,88,88.0425
1517191200,88.0425,88.111,87.929,88.001
1517205600,88.001,88.144,87.982,88.006
1517220000,88.006,88.105,87.942,88.018
1517234400,88.018,88.338,87.958,88.2925
1517248800,88.2925,88.306,88.163,88.2005
1517263200,88.2005,88.308,88.05,88.1245
1517277600,88.1245,88.196,87.655,87.656
1517292000,87.656,87.882,87.464,87.8515
1517306400,87.8515,88.112,87.832,88.012
1517320800,88.012,88.055,87.748,87.933
1517335200,87.933,87.981,87.842,87.9345
1517349600,87.9345,88.182,87.662,87.7625
1517364000,87.7625,87.974,87.664,87.907
1517378400,87.907,88.044,87.826,88.0265
1517392800,88.0265,88.316,88.008,88.244
1517407200,88.244,88.498,88.04,88.071
1517421600,88.071,88.153,87.802,87.9585
1517436000,87.9585,88.095,87.884,88.0595
1517450400,88.0595,88.128,87.86,87.9475
1517464800,87.9475,87.98,87.729,87.88
1517479200,87.88,87.896,87.522,87.587
1517493600,87.587,87.972,87.493,87.9345
1517508000,87.9345,87.99,87.868,87.946
1517522400,87.946,88.006,87.59,87.7115
1517536800,87.7115,87.873,87.624,87.748
1517551200,87.748,87.957,87.678,87.7935
1517565600,87.7935,87.88,87.579,87.695
1517580000,87.695,87.786,87.422,87.567
1517594400,87.567,87.605,87.243,87.266
1517781600,87.266,87.294,86.876,87.1755
1517796000,87.1755,87.32,87.044,87.2835
1517810400,87.2835,87.354,86.995,87.339
1517824800,87.339,87.358,86.996,87.2515
1517839200,87.2515,87.513,87.061,87.1285
1517853600,87.1285,87.1285,85.899,85.967
1517868000,85.967,86.223,85.272,85.363
1517882400,85.363,85.748,84.993,85.551
1517896800,85.551,86.204,85.342,85.7995
1517911200,85.7995,86.046,85.51,86.0335
1517925600,86.0335,86.366,85.802,86.2455
1517940000,86.2455,86.674,85.956,86.617
1517954400,86.617,86.737,86.297,86.476
1517968800,86.476,86.596,85.981,85.9975
1517983200,85.9975,86.124,85.69,85.8075
1517997600,85.8075,86.079,85.681,85.8135
1518012000,85.8135,86.044,85.67,85.7775
1518026400,85.7775,85.853,85.422,85.5295
1518040800,85.5295,85.62,85.296,85.5645
1518055200,85.5645,85.832,85.396,85.818
1518069600,85.818,85.988,85.592,85.741
1518084000,85.741,85.742,85.432,85.6775
1518098400,85.6775,85.732,84.553,84.675
1518112800,84.675,85.127,84.522,84.618
1518127200,84.618,84.966,84.442,84.545
1518141600,84.545,84.95,84.383,84.745
1518156000,84.745,85.1225,84.693,85.026
1518170400,85.026,85.446,84.646,85.3225
1518184800,85.3225,85.33,84.144,84.3885
1518199200,84.3885,85.078,84.013,84.989
1518386400,84.989,85.167,84.88,85.042
1518400800,85.042,85.205,84.96,85.1565
1518415200,85.1565,85.182,84.758,85.0385
1518429600,85.0385,85.188,84.97,85.052
1518444000,85.052,85.321,84.879,85.2155
1518458400,85.2155,85.44,85.166,85.426
1518472800,85.426,85.516,85.269,85.4755
1518487200,85.4755,85.6,85.159,85.1595
1518501600,85.1595,85.174,84.582,84.632
1518516000,84.632,84.723,84.42,84.422
1518530400,84.422,84.605,84.288,84.57
1518544800,84.57,84.763,84.533,84.733
1518559200,84.733,84.898,84.603,84.6155
1518573600,84.6155,84.647,84.212,84.4015
1518588000,84.4015,84.613,84.371,84.4975
1518602400,84.4975,84.57,83.32,83.5145
1518616800,83.5145,84.552,83.442,84.523
1518631200,84.523,84.892,84.452,84.8145
1518645600,84.8145,84.836,84.282,84.653
1518660000,84.653,84.678,84.354,84.567
1518674400,84.567,84.817,84.511,84.6395
1518688800,84.6395,84.68,84.343,84.3535
1518703200,84.3535,84.45,83.873,84.4305
1518717600,84.4305,84.497,84.178,84.317
1518732000,84.317,84.426,84.219,84.288
1518746400,84.288,84.488,84.071,84.331
1518760800,84.331,84.663,84.241,84.6075
1518775200,84.6075,84.616,84.11,84.1105
1518789600,84.1105,84.23,83.968,84.016
1518804000,84.016,84.128,83.91,84.073
1518991200,84.073,84.266,84.004,84.176
1519005600,84.176,84.344,84.168,84.3155
1519020000,84.3155,84.508,84.278,84.4865
1519034400,84.4865,84.487,84.29,84.3225
1519048800,84.3225,84.362,84.188,84.3075
1519063200,84.3075,84.372,84.259,84.3475
1519077600,84.3475,84.565,84.212,84.2755
1519092000,84.2755,84.72,84.248,84.6115
1519106400,84.6115,84.814,84.556,84.5905
1519120800,84.5905,84.642,84.47,84.5885
1519135200,84.5885,84.806,84.522,84.7045
1519149600,84.7045,84.714,84.463,84.619
1519164000,84.619,84.864,84.54,84.7515
1519178400,84.7515,84.826,84.531,84.6525
1519192800,84.6525,84.688,84.386,84.4235
1519207200,84.4235,84.482,84.272,84.284
1519221600,84.284,84.509,84.274,84.395
1519236000,84.395,84.634,83.9955,84.1
1519250400,84.1,84.104,83.52,83.677
1519264800,83.677,83.914,83.639,83.9125
1519279200,83.9125,83.937,83.696,83.923
1519293600,83.923,84.01,83.644,83.739
1519308000,83.739,84.062,83.713,83.8485
1519322400,83.8485,83.894,83.628,83.7575
1519336800,83.7575,83.858,83.613,83.7035
1519351200,83.7035,83.763,83.628,83.6935
1519365600,83.6935,83.797,83.554,83.6085
1519380000,83.6085,83.62,83.452,83.506
1519394400,83.506,83.516,83.274,83.4835
1519408800,83.4835,83.81,83.455,83.801
1519596000,83.801,84.081,83.603,83.658
1519610400,83.658,83.983,83.642,83.916
1519624800,83.916,84.129,83.852,83.933
1519639200,83.933,83.982,83.722,83.7755
1519653600,83.7755,83.98,83.669,83.9655
1519668000,83.9655,84.022,83.928,83.994
1519682400,83.994,84.142,83.965,84.1305
1519696800,84.1305,84.166,83.812,83.861
1519711200,83.861,84.091,83.826,83.918
1519725600,83.918,83.982,83.848,83.886
1519740000,83.886,84.024,83.75,83.8885
1519754400,83.8885,83.922,83.58,83.6035
1519768800,83.6035,83.811,83.377,83.441
1519783200,83.441,83.612,83.427,83.477
1519797600,83.477,83.706,83.422,83.6265
1519812000,83.6265,83.694,83.534,83.5565
1519826400,83.5565,83.629,83.073,83.161
1519840800,83.161,83.203,82.793,82.796
1519855200,82.796,82.832,82.359,82.461
1519869600,82.461,82.646,82.305,82.5535
1519884000,82.5535,82.704,82.329,82.3655
1519898400,82.3655,82.82,82.348,82.8195
1519912800,82.8195,83.179,82.6,82.6235
1519927200,82.6235,82.624,82.132,82.3975
1519941600,82.3975,82.607,82.276,82.2925
1519956000,82.2925,82.351,82.095,82.1135
1519970400,82.1135,82.254,81.9675,81.975
1519984800,81.975,81.975,81.612,81.808
1519999200,81.808,81.95,81.564,81.842
1520013600,81.842,82.096,81.714,82.083
1520200800,82.083,82.083,81.714,81.793
1520215200,81.793,81.858,81.643,81.842
1520229600,81.842,81.873,81.491,81.8115
1520244000,81.8115,81.908,81.743,81.743
1520258400,81.743,82.352,81.694,82.3495
1520272800,82.3495,82.492,82.332,82.4745
1520287200,82.4745,82.875,82.407,82.766
1520301600,82.766,82.886,82.493,82.576
1520316000,82.576,82.615,82.175,82.175
1520330400,82.175,83.327,82.174,82.961
1520344800,82.961,83.141,82.722,83.0595
1520359200,83.0595,83.12,82.95,83.079
1520373600,83.079,83.092,82.018,82.5885
1520388000,82.5885,82.628,82.324,82.4245
1520402400,82.4245,82.708,82.347,82.4245
1520416800,82.4245,82.786,82.382,82.665
1520431200,82.665,82.964,82.448,82.6485
1520445600,82.6485,83.054,82.532,82.986
1520460000,82.986,83.176,82.898,83.0535
1520474400,83.0535,83.137,82.895,82.941
1520488800,82.941,82.986,82.688,82.73
1520503200,82.73,82.92,82.713,82.764
1520517600,82.764,82.99,82.5,82.6115
1520532000,82.6115,82.835,82.51,82.705
1520546400,82.705,83.245,82.652,83.18
1520560800,83.18,83.188,82.93,83.129
1520575200,83.129,83.33,83.084,83.265
1520589600,83.265,83.564,83.228,83.477
1520604000,83.477,83.904,83.446,83.7665
1520618400,83.7665,83.872,83.75,83.826
1520802000,83.826,84.106,83.725,84.0155
1520816400,84.0155,84.057,83.67,83.7235
1520830800,83.7235,84.014,83.694,83.8105
1520845200,83.8105,83.887,83.7,83.843
1520859600,83.843,83.922,83.702,83.799
1520874000,83.799,83.89,83.714,83.7755
1520888400,83.7755,83.828,83.636,83.7795
1520902800,83.7795,84.05,83.777,84.029
1520917200,84.029,84.204,84.006,84.135
1520931600,84.135,84.53,84.134,84.3705
1520946000,84.3705,84.417,83.856,84.0235
1520960400,84.0235,84.086,83.547,83.766
1520974800,83.766,83.926,83.568,83.9
1520989200,83.9,83.938,83.718,83.8415
1521003600,83.8415,84.133,83.796,84.0785
1521018000,84.0785,84.241,83.998,84.174
1521032400,84.174,84.262,83.486,83.7105
1521046800,83.7105,83.89,83.608,83.7585
1521061200,83.7585,83.77,83.364,83.3835
1521075600,83.3835,83.626,83.297,83.4735
1521090000,83.4735,83.524,83.264,83.441
1521104400,83.441,83.462,83.04,83.076
1521118800,83.076,83.202,82.808,82.904
1521133200,82.904,82.9785,82.701,82.9205
1521147600,82.9205,82.969,82.612,82.6425
1521162000,82.6425,82.653,82.342,82.484
1521176400,82.484,82.695,82.318,82.443
1521190800,82.443,82.468,81.942,82.106
1521205200,82.106,82.212,81.88,82.022
1521219600,82.022,82.042,81.732,81.765
1521406800,81.765,81.856,81.694,81.708
1521421200,81.708,81.722,81.276,81.29
1521435600,81.29,81.604,81.258,81.531
1521450000,81.531,82.011,81.481,81.7645
1521464400,81.7645,81.831,81.442,81.588
1521478800,81.588,81.952,81.48,81.89
1521493200,81.89,81.909,81.609,81.727
1521507600,81.727,82.023,81.671,81.8965
1521522000,81.8965,82.143,81.786,82.0145
1521536400,82.0145,82.198,81.719,82.085
1521550800,82.085,82.098,81.714,81.74
1521565200,81.74,81.8585,81.74,81.8515
1521579600,81.8515,81.946,81.82,81.9335
1521594000,81.9335,82.02,81.867,81.947
1521608400,81.947,81.992,81.706,81.73
1521622800,81.73,81.8,81.475,81.5895
1521637200,81.5895,82.02,81.564,81.9655
1521651600,81.9655,82.58,81.928,82.3545
1521666000,82.3545,82.435,81.963,81.9745
1521680400,81.9745,82.088,81.793,81.9035
1521694800,81.9035,82.116,81.848,82.037
1521709200,82.037,82.0585,81.218,81.299
1521723600,81.299,81.614,80.99,81.4115
1521738000,81.4115,81.707,80.977,80.99
1521752400,80.99,81.12,80.501,80.804
1521766800,80.804,81.009,80.738,80.8215
1521781200,80.8215,81.23,80.689,80.991
1521795600,80.991,81.396,80.841,81.1705
1521810000,81.1705,81.464,80.929,80.991
1521824400,80.991,81.266,80.606,80.622
1522011600,80.622,81.093,80.57,81.077
1522026000,81.077,81.168,80.975,80.9815
1522040400,80.9815,81.436,80.926,81.2005
1522054800,81.2005,81.449,81.164,81.2125
1522069200,81.2125,81.464,80.96,81.244
1522083600,81.244,81.73,81.21,81.671
1522098000,81.671,81.89,81.646,81.765
1522112400,81.765,81.895,81.654,81.7275
1522126800,81.7275,81.817,81.448,81.496
1522141200,81.496,81.64,81.452,81.5235
1522155600,81.5235,81.631,81.362,81.502
1522170000,81.502,81.546,80.864,80.8875
1522184400,80.8875,81.198,80.863,81.137
1522198800,81.137,81.342,81.03,81.2015
1522213200,81.2015,81.28,80.758,80.8515
1522227600,80.8515,81.715,80.822,81.402
1522242000,81.402,81.74,81.147,81.6035
1522256400,81.6035,81.968,81.576,81.8525
1522270800,81.8525,81.858,81.719,81.785
1522285200,81.785,81.818,81.494,81.5875
1522299600,81.5875,81.882,81.564,81.796
1522314000,81.796,81.854,81.697,81.7585
1522328400,81.7585,81.83,81.472,81.6675
1522342800,81.6675,81.922,81.664,81.7105
1522357200,81.7105,81.858,81.588,81.6305
1522371600,81.6305,81.789,81.485,81.6175
1522386000,81.6175,81.838,81.571,81.76
1522400400,81.76,81.772,81.64,81.6765
1522414800,81.6765,81.731,81.6,81.6285
1522429200,81.6285,81.693,81.588,81.642
1522616400,81.642,81.806,81.62,81.7695
1522630800,81.7695,81.782,81.586,81.6195
1522645200,81.6195,81.726,81.557,81.645
1522659600,81.645,81.7,81.57,81.6465
1522674000,81.6465,81.671,81.104,81.217
1522688400,81.217,81.23,80.829,81.13
1522702800,81.13,81.15,80.935,81.1265
1522717200,81.1265,81.528,81.12,81.4505
1522731600,81.4505,81.751,81.338,81.585
1522746000,81.585,81.85,81.524,81.83
1522760400,81.83,81.983,81.574,81.7905
1522774800,81.7905,81.994,81.701,81.917
1522789200,81.917,81.965,81.746,81.8985
1522803600,81.8985,82.19,81.784,82.1125
1522818000,82.1125,82.116,81.267,81.536
1522832400,81.536,81.72,81.254,81.6365
1522846800,81.6365,82.218,81.602,82.15
1522861200,82.15,82.4625,81.951,82.399
1522875600,82.399,82.519,82.286,82.4695
1522890000,82.4695,82.536,82.21,82.256
1522904400,82.256,82.464,82.131,82.289
1522918800,82.289,82.378,82.158,82.271
1522933200,82.271,82.65,82.262,82.5125
1522947600,82.5125,82.586,82.382,82.5205
1522962000,82.5205,82.573,81.975,82.286
1522976400,82.286,82.526,82.142,82.4165
1522990800,82.4165,82.55,82.308,82.55
1523005200,82.55,82.584,82.346,82.4665
1523019600,82.4665,82.575,82.122,82.298
1523034000,82.298,82.298,81.903,82.068
1523221200,82.068,82.264,82.008,82.2195
1523235600,82.2195,82.391,82.116,82.324
1523250000,82.324,82.464,82.032,82.0985
1523264400,82.0985,82.198,81.968,82.029
1523278800,82.029,82.583,81.996,82.407
1523293200,82.407,82.462,82.031,82.204
1523307600,82.204,82.244,82.068,82.096
1523322000,82.096,82.938,82.082,82.848
1523336400,82.848,82.964,82.443,82.691
1523350800,82.691,82.916,82.591,82.817
1523365200,82.817,83.345,82.792,83.156
1523379600,83.156,83.378,83.136,83.2095
1523394000,83.2095,83.288,83.005,83.1455
1523408400,83.1455,83.216,82.946,82.9455
1523422800,82.9455,83.044,82.806,82.868
1523437200,82.868,82.972,82.67,82.7785
1523451600,82.7785,83.04,82.742,82.948
1523466000,82.948,83.01,82.8,82.841
1523480400,82.841,83.044,82.826,83.0105
1523494800,83.0105,83.052,82.792,82.8285
1523509200,82.8285,82.96,82.714,82.7155
1523523600,82.7155,83.14,82.704,83.0915
1523538000,83.0915,83.312,83.076,83.248
1523552400,83.248,83.275,83.084,83.232
1523566800,83.232,83.36,83.139,83.321
1523581200,83.321,83.542,83.304,83.4555
1523595600,83.4555,83.996,83.451,83.884
1523610000,83.884,84.08,83.836,83.886
1523624400,83.886,83.968,83.386,83.414
1523638800,83.414,83.518,83.276,83.356
1523826000,83.356,83.654,83.356,83.576
1523840400,83.576,83.608,83.304,83.358
1523854800,83.358,83.448,83.108,83.32
1523869200,83.32,83.398,83.272,83.354
1523883600,83.354,83.451,83.313,83.338
1523898000,83.338,83.381,83.258,83.348
1523912400,83.348,83.389,83.185,83.336
1523926800,83.336,83.345,83.062,83.15
1523941200,83.15,83.337,83.102,83.216
1523955600,83.216,83.321,83.157,83.163
1523970000,83.163,83.302,83.098,83.114
1523984400,83.114,83.196,83.086,83.118
1523998800,83.118,83.258,83.106,83.23
1524013200,83.23,83.398,83.188,83.356
1524027600,83.356,83.439,83.112,83.13
1524042000,83.13,83.35,83.098,83.339
1524056400,83.339,83.575,83.243,83.438
1524070800,83.438,83.536,83.391,83.467
1524085200,83.467,83.708,83.428,83.66
1524099600,83.66,83.883,83.444,83.864
1524114000,83.864,83.946,83.626,83.704
1524128400,83.704,83.738,83.492,83.527
1524142800,83.527,83.566,82.994,83.008
1524157200,83.008,83.126,82.861,82.986
1524171600,82.986,83.088,82.846,83.016
1524186000,83.016,83.155,82.902,83.066
1524200400,83.066,83.073,82.802,82.911
1524214800,82.911,82.932,82.699,82.735
1524229200,82.735,82.764,82.47,82.486
1524243600,82.486,82.588,82.43,82.57
1524430800,82.57,82.732,82.57,82.662
1524445200,82.662,82.81,82.629,82.793
1524459600,82.793,82.82,82.514,82.576
1524474000,82.576,82.741,82.504,82.641
1524488400,82.641,82.745,82.55,82.696
1524502800,82.696,82.722,82.546,82.662
1524517200,82.662,82.72,82.628,82.632
1524531600,82.632,82.813,82.488,82.737
1524546000,82.737,82.88,82.674,82.858
1524560400,82.858,82.938,82.752,82.894
1524574800,82.894,83.094,82.668,82.67
1524589200,82.67,82.752,82.492,82.734
1524603600,82.734,82.788,82.7,82.744
1524618000,82.744,82.784,82.526,82.588
1524632400,82.588,82.724,82.555,82.656
1524646800,82.656,82.753,82.524,82.607
1524661200,82.607,82.73,82.454,82.633
1524675600,82.633,82.803,82.618,82.776
1524690000,82.776,82.88,82.696,82.838
1524704400,82.838,82.915,82.762,82.782
1524718800,82.782,82.848,82.63,82.7
1524733200,82.7,82.818,82.612,82.736
1524747600,82.736,82.789,82.53,82.584
1524762000,82.584,82.667,82.54,82.566
1524776400,82.566,82.634,82.482,82.56
1524790800,82.56,82.57,82.377,82.448
1524805200,82.448,82.564,82.394,82.554
1524819600,82.554,82.71,82.484,82.646
1524834000,82.646,82.656,82.424,82.558
1524848400,82.558,82.712,82.541,82.68
1525035600,82.68,82.724,82.603,82.641
1525050000,82.641,82.696,82.484,82.586
1525064400,82.586,82.662,82.482,82.484
1525078800,82.484,82.574,82.414,82.497
1525093200,82.497,82.604,82.333,82.352
1525107600,82.352,82.39,82.234,82.326
1525122000,82.326,82.379,82.249,82.35
1525136400,82.35,82.536,82.335,82.479
1525150800,82.479,82.494,82.281,82.288
1525165200,82.288,82.412,82.206,82.334
1525179600,82.334,82.341,82.035,82.15
1525194000,82.15,82.314,82.066,82.296
1525208400,82.296,82.323,82.078,82.158
1525222800,82.158,82.376,82.132,82.359
1525237200,82.359,82.656,82.276,82.526
1525251600,82.526,82.544,82.378,82.427
1525266000,82.427,82.498,82.28,82.396
1525280400,82.396,82.618,82.286,82.288
1525294800,82.288,82.354,82.212,82.246
1525309200,82.246,82.524,82.224,82.505
1525323600,82.505,82.568,82.385,82.496
1525338000,82.496,82.58,82.191,82.202
1525352400,82.202,82.29,81.75,82.151
1525366800,82.151,82.368,82.068,82.245
1525381200,82.245,82.334,82.123,82.308
1525395600,82.308,82.462,82.22,82.358
1525410000,82.358,82.364,81.99,81.99
1525424400,81.99,82.062,81.808,81.982
1525438800,81.982,82.282,81.674,82.164
1525453200,82.164,82.294,82.152,82.251
1525640400,82.251,82.306,81.935,82.027
1525654800,82.027,82.204,81.825,82.094
1525669200,82.094,82.137,82.035,82.1
1525683600,82.1,82.11,81.904,81.974
1525698000,81.974,82.19,81.957,82.088
1525712400,82.088,82.108,81.892,82.008
1525726800,82.008,82.024,81.874,81.916
1525741200,81.916,81.939,81.69,81.755
1525755600,81.755,81.92,81.402,81.475
1525770000,81.475,81.476,81.178,81.31
1525784400,81.31,81.435,81.172,81.296
1525798800,81.296,81.364,81.142,81.336
1525813200,81.336,81.338,81.136,81.323
1525827600,81.323,81.494,81.322,81.416
1525842000,81.416,81.692,81.321,81.678
1525856400,81.678,81.874,81.578,81.792
1525870800,81.792,82.008,81.74,81.77
1525885200,81.77,81.916,81.77,81.876
1525899600,81.876,82.018,81.766,81.939
1525914000,81.939,82.018,81.853,82.012
1525928400,82.012,82.307,81.913,82.128
1525942800,82.128,82.408,81.998,82.366
1525957200,82.366,82.462,82.152,82.328
1525971600,82.328,82.466,82.308,82.413
1525986000,82.413,82.478,82.308,82.332
1526000400,82.332,82.536,82.24,82.452
1526014800,82.452,82.578,82.35,82.522
1526029200,82.522,82.674,82.497,82.572
1526043600,82.572,82.582,82.394,82.425
1526058000,82.425,82.514,82.36,82.498
1526245200,82.498,82.652,82.441,82.64
1526259600,82.64,82.672,82.566,82.616
1526274000,82.616,82.79,82.497,82.672
1526288400,82.672,82.784,82.618,82.68
1526302800,82.68,82.792,82.602,82.604
1526317200,82.604,82.648,82.506,82.524
1526331600,82.524,82.66,82.502,82.657
1526346000,82.657,82.706,82.496,82.535
1526360400,82.535,82.642,82.48,82.574
1526374800,82.574,82.67,82.264,82.272
1526389200,82.272,82.556,82.193,82.486
1526403600,82.486,82.55,82.38,82.459
1526418000,82.459,82.482,82.326,82.455
1526432400,82.455,82.494,82.18,82.402
1526446800,82.402,82.568,82.396,82.471
1526461200,82.471,82.57,82.344,82.389
1526475600,82.389,82.928,82.374,82.754
1526490000,82.754,82.978,82.752,82.962
1526504400,82.962,83.008,82.882,82.959
1526518800,82.959,83.179,82.842,83.126
1526533200,83.126,83.355,83.085,83.326
1526547600,83.326,83.378,83.132,83.2
1526562000,83.2,83.312,83.026,83.144
1526576400,83.144,83.234,83.04,83.19
1526590800,83.19,83.346,83.161,83.305
1526605200,83.305,83.4,83.276,83.344
1526619600,83.344,83.434,83.296,83.36
1526634000,83.36,83.414,83.144,83.172
1526648400,83.172,83.227,83.05,83.111
1526662800,83.111,83.228,83.095,83.192
1526850000,83.192,83.53,83.192,83.408
1526864400,83.408,83.682,83.408,83.647
1526878800,83.647,83.798,83.549,83.778
1526893200,83.778,83.928,83.646,83.89
1526907600,83.89,84.176,83.882,84.026
1526922000,84.026,84.22,83.98,84.198
1526936400,84.198,84.23,84.098,84.198
1526950800,84.198,84.228,84.034,84.048
1526965200,84.048,84.482,84.048,84.322
1526979600,84.322,84.382,84.064,84.202
1526994000,84.202,84.335,84.052,84.054
1527008400,84.054,84.13,83.982,84.022
1527022800,84.022,84.046,83.9,83.995
1527037200,83.995,84.012,83.206,83.423
1527051600,83.423,83.433,82.61,82.792
1527066000,82.792,82.916,82.485,82.858
1527080400,82.858,83.192,82.83,83.118
1527094800,83.118,83.303,83.025,83.213
1527109200,83.213,83.333,82.817,82.935
1527123600,82.935,83.042,82.558,82.86
1527138000,82.86,83.028,82.692,82.979
1527152400,82.979,82.993,82.735,82.918
1527166800,82.918,82.942,82.382,82.79
1527181200,82.79,82.91,82.772,82.774
1527195600,82.774,82.998,82.705,82.905
1527210000,82.905,83.094,82.83,82.86
1527224400,82.86,83.118,82.667,83.115
1527238800,83.115,83.165,82.722,82.75
1527253200,82.75,82.788,82.412,82.67
1527267600,82.67,82.757,82.524,82.576
1527454800,82.576,83.055,82.576,82.71
1527469200,82.71,82.946,82.638,82.928
1527483600,82.928,83.07,82.729,82.762
1527498000,82.762,82.859,82.432,82.561
1527512400,82.561,82.598,82.486,82.547
1527526800,82.547,82.585,82.473,82.566
1527541200,82.566,82.61,82.366,82.429
1527555600,82.429,82.443,81.866,82.181
1527570000,82.181,82.23,81.61,81.685
1527584400,81.685,82.1,81.637,82.084
1527598800,82.084,82.152,81.491,81.72
1527613200,81.72,81.725,81.102,81.64
1527627600,81.64,81.647,81.029,81.26
1527642000,81.26,81.633,81.178,81.458
1527656400,81.458,81.933,81.272,81.861
1527670800,81.861,82.31,81.776,82.005
1527685200,82.005,82.612,81.957,82.468
1527699600,82.468,82.608,82.388,82.526
1527714000,82.526,82.536,82.158,82.37
1527728400,82.37,82.373,81.996,82.198
1527742800,82.198,82.668,82.122,82.663
1527757200,82.663,82.672,82.388,82.51
1527771600,82.51,82.51,82.038,82.267
1527786000,82.267,82.392,82.073,82.349
1527800400,82.349,82.428,82.214,82.36
1527814800,82.36,82.639,82.274,82.36
1527829200,82.36,82.605,82.207,82.412
1527843600,82.412,82.628,82.323,82.583
1527858000,82.583,82.872,82.482,82.844
1527872400,82.844,82.94,82.784,82.893
1528059600,82.893,83.2,82.817,83.194
1528074000,83.194,83.489,83.1,83.441
1528088400,83.441,83.726,83.422,83.678
1528102800,83.678,83.947,83.661,83.844
1528117200,83.844,83.91,83.72,83.857
1528131600,83.857,84.024,83.857,83.982
1528146000,83.982,84.184,83.93,83.966
1528160400,83.966,84.077,83.802,83.962
1528174800,83.962,84.018,83.752,83.766
1528189200,83.766,83.83,83.434,83.504
1528203600,83.504,83.536,83.341,83.464
1528218000,83.464,83.639,83.46,83.63
1528232400,83.63,83.921,83.6,83.84
1528246800,83.84,84.22,83.825,84.17
1528261200,84.17,84.372,84.069,84.16
1528275600,84.16,84.43,84.128,84.352
1528290000,84.352,84.476,84.282,84.42
1528304400,84.42,84.502,84.388,84.484
1528318800,84.484,84.538,84.36,84.474
1528333200,84.474,84.503,84.028,84.144
1528347600,84.144,84.262,84.065,84.118
1528362000,84.118,84.268,84.078,84.136
1528376400,84.136,84.162,83.614,83.705
1528390800,83.705,83.705,83.398,83.632
1528405200,83.632,83.739,83.504,83.712
1528419600,83.712,83.781,83.39,83.456
1528434000,83.456,83.514,82.746,82.756
1528448400,82.756,83.098,82.588,83.098
1528462800,83.098,83.274,82.95,83.233
1528477200,83.233,83.239,83.13,83.221
1528664400,83.221,83.276,82.997,83.26
1528678800,83.26,83.559,83.212,83.521
1528693200,83.521,83.787,83.432,83.652
1528707600,83.652,83.716,83.532,83.694
1528722000,83.694,83.814,83.587,83.728
1528736400,83.728,83.807,83.658,83.744
1528750800,83.744,84.01,83.676,83.763
1528765200,83.763,84.155,83.647,84.1
1528779600,84.1,84.159,83.87,83.945
1528794000,83.945,84.004,83.794,83.98
1528808400,83.98,83.993,83.726,83.738
1528822800,83.738,83.74,83.52,83.599
1528837200,83.599,83.699,83.546,83.556
1528851600,83.556,83.766,83.556,83.741
1528866000,83.741,83.822,83.606,83.816
1528880400,83.816,83.9,83.774,83.825
1528894800,83.825,83.99,83.648,83.938
1528909200,83.938,83.992,83.446,83.623
1528923600,83.623,83.653,83.296,83.471
1528938000,83.471,83.604,83.229,83.36
1528952400,83.36,83.36,82.998,83.16
1528966800,83.16,83.364,83.036,83.182
1528981200,83.182,83.375,82.869,82.88
1528995600,82.88,82.892,82.692,82.713
1529010000,82.713,82.756,82.371,82.461
1529024400,82.461,82.691,82.368,82.681
1529038800,82.681,82.847,82.405,82.512
1529053200,82.512,82.755,82.439,82.476
1529067600,82.476,82.572,82.274,82.375
1529082000,82.375,82.439,82.302,82.348
1529269200,82.348,82.404,82.039,82.175
1529283600,82.175,82.288,82.038,82.246
1529298000,82.246,82.4,82.134,82.35
1529312400,82.35,82.37,82.142,82.184
1529326800,82.184,82.209,81.892,81.926
1529341200,81.926,82.076,81.922,82.073
1529355600,82.073,82.095,81.434,81.668
1529370000,81.668,81.802,81.116,81.162
1529384400,81.162,81.186,80.63,80.925
1529398800,80.925,81.076,80.688,80.93
1529413200,80.93,81.29,80.718,81.126
1529427600,81.126,81.288,81.044,81.25
1529442000,81.25,81.414,81.13,81.191
1529456400,81.191,81.594,80.994,81.441
1529470800,81.441,81.666,81.266,81.312
1529485200,81.312,81.439,81.148,81.319
1529499600,81.319,81.426,81.113,81.372
1529514000,81.372,81.416,81.301,81.31
1529528400,81.31,81.419,81.259,81.327
1529542800,81.327,81.649,81.19,81.466
1529557200,81.466,81.56,81.221,81.244
1529571600,81.244,81.582,81.145,81.45
1529586000,81.45,81.478,81.084,81.114
1529600400,81.114,81.298,81.072,81.131
1529614800,81.131,81.318,81.03,81.282
1529629200,81.282,81.373,81.158,81.372
1529643600,81.372,81.828,81.29,81.818
1529658000,81.818,81.902,81.732,81.824
1529672400,81.824,81.936,81.474,81.728
1529686800,81.728,81.868,81.728,81.837
1529874000,81.837,81.882,81.33,81.406
1529888400,81.406,81.474,81.224,81.287
1529902800,81.287,81.497,81.109,81.272
1529917200,81.272,81.453,81.188,81.34
1529931600,81.34,81.399,80.992,81.058
1529946000,81.058,81.525,80.988,81.381
1529960400,81.381,81.432,81.097,81.254
1529974800,81.254,81.36,80.97,81.14
1529989200,81.14,81.374,81.105,81.202
1530003600,81.202,81.288,81.012,81.19
1530018000,81.19,81.412,81.02,81.375
1530032400,81.375,81.459,81.303,81.338
1530046800,81.338,81.452,81.095,81.252
1530061200,81.252,81.346,80.814,81.172
1530075600,81.172,81.188,80.855,80.884
1530090000,80.884,81.642,80.86,81.304
1530104400,81.304,81.64,81.153,81.23
1530118800,81.23,81.266,80.759,80.94
1530133200,80.94,80.984,80.696,80.806
1530147600,80.806,81.164,80.77,81.136
1530162000,81.136,81.182,80.884,80.962
1530176400,80.962,81.072,80.834,80.87
1530190800,80.87,81.2,80.846,81.153
1530205200,81.153,81.304,81.138,81.25
1530219600,81.25,81.297,81.05,81.08
1530234000,81.08,81.836,81.064,81.758
1530248400,81.758,81.956,81.649,81.862
1530262800,81.862,81.9,81.484,81.654
1530277200,81.654,82.008,81.652,81.91
1530291600,81.91,82.046,81.891,81.99
1530478800,81.99,82.068,81.844,81.944
1530493200,81.944,82.112,81.698,81.774
1530507600,81.774,81.774,81.507,81.732
1530522000,81.732,81.77,81.366,81.418
1530536400,81.418,81.464,80.984,81.052
1530550800,81.052,81.407,81.038,81.383
1530565200,81.383,81.487,81.314,81.432
1530579600,81.432,81.553,81.034,81.352
1530594000,81.352,82.063,81.272,82.012
1530608400,82.012,82.079,81.82,81.862
1530622800,81.862,81.888,81.488,81.495
1530637200,81.495,81.707,81.495,81.682
1530651600,81.682,81.704,81.436,81.541
1530666000,81.541,81.972,81.52,81.764
1530680400,81.764,81.856,81.544,81.61
1530694800,81.61,81.644,81.516,81.618
1530709200,81.618,81.652,81.52,81.606
1530723600,81.606,81.628,81.541,81.578
1530738000,81.578,81.662,81.442,81.454
1530752400,81.454,81.613,81.324,81.38
1530766800,81.38,81.76,81.276,81.696
1530781200,81.696,81.934,81.632,81.821
1530795600,81.821,81.886,81.592,81.729
1530810000,81.729,81.766,81.572,81.746
1530824400,81.746,81.856,81.648,81.81
1530838800,81.81,81.984,81.591,81.794
1530853200,81.794,82.074,81.758,82.001
1530867600,82.001,82.264,81.958,82.074
1530882000,82.074,82.1,81.897,82.025
1530896400,82.025,82.077,81.985,82.074
1531083600,82.074,82.252,82.022,82.213
1531098000,82.213,82.436,82.148,82.392
1531112400,82.392,82.629,82.354,82.579
1531126800,82.579,82.661,82.538,82.604
1531141200,82.604,82.757,82.604,82.696
1531155600,82.696,82.805,82.648,82.754
1531170000,82.754,83.037,82.684,83.018
1531184400,83.018,83.106,82.92,82.97
1531198800,82.97,83.02,82.698,82.734
1531213200,82.734,82.871,82.65,82.854
1531227600,82.854,83.074,82.811,83.014
1531242000,83.014,83.162,82.794,82.806
1531256400,82.806,82.806,82.165,82.178
1531270800,82.178,82.566,82.072,82.278
1531285200,82.278,82.392,82.198,82.26
1531299600,82.26,82.392,82.104,82.276
1531314000,82.276,82.728,82.247,82.688
1531328400,82.688,82.698,82.494,82.512
1531342800,82.512,82.635,82.396,82.589
1531357200,82.589,82.87,82.504,82.835
1531371600,82.835,83.052,82.8,82.926
1531386000,82.926,83.286,82.926,83.207
1531400400,83.207,83.409,83.109,83.336
1531414800,83.336,83.38,83.253,83.359
1531429200,83.359,83.586,83.292,83.555
1531443600,83.555,83.609,83.466,83.546
1531458000,83.546,83.56,83.116,83.182
1531472400,83.182,83.182,82.996,83.148
1531486800,83.148,83.405,83.086,83.302
1531501200,83.302,83.418,83.24,83.418
1531688400,83.418,83.606,83.277,83.552
1531702800,83.552,83.688,83.324,83.496
1531717200,83.496,83.618,83.488,83.574
1531731600,83.574,83.646,83.407,83.426
1531746000,83.426,83.508,83.225,83.308
1531760400,83.308,83.343,83.27,83.324
1531774800,83.324,83.395,83.25,83.33
1531789200,83.33,83.57,83.216,83.558
1531803600,83.558,83.606,83.36,83.448
1531818000,83.448,83.452,83.303,83.331
1531832400,83.331,83.482,83.258,83.336
1531846800,83.336,83.41,83.288,83.396
1531861200,83.396,83.452,83.35,83.434
1531875600,83.434,83.5,83.348,83.354
1531890000,83.354,83.384,83.024,83.098
1531904400,83.098,83.166,82.842,83.019
1531918800,83.019,83.509,82.988,83.456
1531933200,83.456,83.552,83.456,83.473
1531947600,83.473,83.531,83.414,83.45
1531962000,83.45,83.929,83.406,83.628
1531976400,83.628,83.664,83.062,83.154
1531990800,83.154,83.177,82.826,82.902
1532005200,82.902,82.981,82.676,82.705
1532019600,82.705,82.852,82.594,82.735
1532034000,82.735,82.936,82.682,82.88
1532048400,82.88,82.993,82.21,82.662
1532062800,82.662,82.936,82.638,82.823
1532077200,82.823,82.996,82.638,82.839
1532091600,82.839,82.972,82.754,82.766
1532106000,82.766,82.844,82.638,82.638
1532293200,82.638,82.768,82.35,82.378
1532307600,82.378,82.489,82.254,82.337
1532322000,82.337,82.417,82.254,82.277
1532336400,82.277,82.359,82.211,82.23
1532350800,82.23,82.308,82.144,82.26
1532365200,82.26,82.29,82.183,82.186
1532379600,82.186,82.278,82.017,82.048
1532394000,82.048,82.2,81.81,82.062
1532408400,82.062,82.13,81.928,82.068
1532422800,82.068,82.367,82.062,82.284
1532437200,82.284,82.558,82.254,82.506
1532451600,82.506,82.532,82.374,82.484
1532466000,82.484,82.74,82.466,82.68
1532480400,82.68,82.894,82.28,82.298
1532494800,82.298,82.542,82.193,82.514
1532509200,82.514,82.529,82.276,82.428
1532523600,82.428,82.488,82.089,82.247
1532538000,82.247,82.82,82.199,82.726
1532552400,82.726,82.797,82.502,82.588
1532566800,82.588,82.692,82.35,82.448
1532581200,82.448,82.452,82.205,82.25
1532595600,82.25,82.352,82.176,82.197
1532610000,82.197,82.28,81.996,82.108
1532624400,82.108,82.16,82.004,82.055
1532638800,82.055,82.103,81.922,81.972
1532653200,81.972,82.055,81.868,81.996
1532667600,81.996,82.118,81.948,81.98
1532682000,81.98,82.089,81.945,82.005
1532696400,82.005,82.312,81.99,82.028
1532710800,82.028,82.224,81.976,82.18
1532898000,82.18,82.188,82.064,82.117
1532912400,82.117,82.23,82.046,82.122
1532926800,82.122,82.23,82.081,82.144
1532941200,82.144,82.222,82.109,82.184
1532955600,82.184,82.256,82.14,82.178
1532970000,82.178,82.308,82.164,82.274
1532984400,82.274,82.29,82.152,82.209
1532998800,82.209,82.634,82.164,82.528
1533013200,82.528,82.806,82.455,82.788
1533027600,82.788,82.878,82.666,82.82
1533042000,82.82,83.26,82.772,83.144
1533056400,83.144,83.219,82.988,83.102
1533070800,83.102,83.127,82.804,83
1533085200,83,83.037,82.848,82.997
1533099600,82.997,83.082,82.918,82.956
1533114000,82.956,83.046,82.919,82.99
1533128400,82.99,83.018,82.55,82.585
1533142800,82.585,82.768,82.484,82.718
1533157200,82.718,82.734,82.61,82.68
1533171600,82.68,82.746,82.295,82.366
1533186000,82.366,82.476,82.244,82.248
1533200400,82.248,82.256,81.966,82.132
1533214800,82.132,82.39,82.069,82.358
1533229200,82.358,82.377,82.185,82.192
1533243600,82.192,82.297,82.149,82.267
1533258000,82.267,82.364,82.181,82.326
1533272400,82.326,82.361,82.116,82.193
1533286800,82.193,82.625,82.182,82.36
1533301200,82.36,82.39,82.12,82.366
1533315600,82.366,82.384,82.28,82.324
1533502800,82.324,82.338,82.203,82.237
1533517200,82.237,82.429,82.178,82.286
1533531600,82.286,82.36,82.204,82.237
1533546000,82.237,82.354,82.216,82.292
1533560400,82.292,82.391,82.194,82.37
1533574800,82.37,82.388,82.284,82.291
1533589200,82.291,82.31,82.182,82.248
1533603600,82.248,82.372,82.236,82.331
1533618000,82.331,82.75,82.308,82.719
1533632400,82.719,82.762,82.527,82.544
1533646800,82.544,82.651,82.527,82.561
1533661200,82.561,82.723,82.53,82.653
1533675600,82.653,82.752,82.598,82.725
1533690000,82.725,82.798,82.627,82.65
1533704400,82.65,82.702,82.237,82.26
1533718800,82.26,82.362,82.082,82.165
1533733200,82.165,82.381,82.136,82.344
1533747600,82.344,82.566,82.342,82.462
1533762000,82.462,82.514,82.274,82.32
1533776400,82.32,82.54,82.171,82.472
1533790800,82.472,82.648,82.329,82.526
1533805200,82.526,82.544,82.332,82.346
1533819600,82.346,82.352,81.96,82.035
1533834000,82.035,82.055,81.901,81.915
1533848400,81.915,81.995,81.704,81.722
1533862800,81.722,81.859,81.456,81.474
1533877200,81.474,81.51,80.774,80.934
1533891600,80.934,81.277,80.85,81.131
1533906000,81.131,81.193,80.696,80.799
1533920400,80.799,81.135,80.619,80.943
1534107600,80.943,80.943,80.336,80.348
1534122000,80.348,80.422,79.988,80.03
1534136400,80.03,80.481,80.03,80.272
1534150800,80.272,80.742,80.126,80.702
1534165200,80.702,80.848,80.362,80.417
1534179600,80.417,80.545,80.326,80.532
1534194000,80.532,80.603,80.328,80.574
1534208400,80.574,80.694,80.484,80.599
1534222800,80.599,80.818,80.498,80.554
1534237200,80.554,80.693,80.444,80.526
1534251600,80.526,80.621,80.216,80.34
1534266000,80.34,80.528,80.34,80.472
1534280400,80.472,80.556,80.447,80.466
1534294800,80.466,80.576,80.114,80.281
1534309200,80.281,80.562,80.188,80.424
1534323600,80.424,80.508,80.05,80.106
1534338000,80.106,80.236,79.704,80.18
1534352400,80.18,80.216,79.946,80.17
1534366800,80.17,80.198,79.857,79.966
1534381200,79.966,80.652,79.841,80.538
1534395600,80.538,80.7,80.418,80.532
1534410000,80.532,80.678,80.342,80.374
1534424400,80.374,80.831,80.345,80.516
1534438800,80.516,80.582,80.427,80.52
1534453200,80.52,80.612,80.435,80.51
1534467600,80.51,80.724,80.476,80.536
1534482000,80.536,80.692,80.442,80.576
1534496400,80.576,80.578,80.106,80.326
1534510800,80.326,80.541,80.314,80.393
1534525200,80.393,80.972,80.338,80.828
1534712400,80.828,80.924,80.684,80.721
1534726800,80.721,80.876,80.592,80.826
1534741200,80.826,80.956,80.702,80.857
1534755600,80.857,80.886,80.674,80.676
1534770000,80.676,80.808,80.656,80.772
1534784400,80.772,80.829,80.702,80.778
1534798800,80.778,80.84,80.593,80.745
1534813200,80.745,81.036,80.69,80.996
1534827600,80.996,81.164,80.878,81.122
1534842000,81.122,81.215,81.041,81.08
1534856400,81.08,81.389,81.008,81.38
1534870800,81.38,81.488,81.142,81.232
1534885200,81.232,81.232,80.916,81.084
1534899600,81.084,81.303,80.961,81.262
1534914000,81.262,81.29,80.97,81.1
1534928400,81.1,81.236,81,81.173
1534942800,81.173,81.304,81.065,81.196
1534957200,81.196,81.378,81.146,81.276
1534971600,81.276,81.343,80.964,80.977
1534986000,80.977,81.031,80.728,80.808
1535000400,80.808,80.94,80.733,80.906
1535014800,80.906,80.925,80.648,80.682
1535029200,80.682,80.938,80.623,80.722
1535043600,80.722,80.736,80.575,80.67
1535058000,80.67,80.836,80.606,80.83
1535072400,80.83,81.194,80.604,81.135
1535086800,81.135,81.176,81.02,81.088
1535101200,81.088,81.368,81.012,81.329
1535115600,81.329,81.704,81.319,81.472
1535130000,81.472,81.534,81.39,81.515
1535317200,81.515,81.748,81.515,81.628
1535331600,81.628,81.628,81.228,81.358
1535346000,81.358,81.413,81.184,81.264
1535360400,81.264,81.363,81.22,81.359
1535374800,81.359,81.664,81.316,81.661
1535389200,81.661,81.687,81.582,81.609
1535403600,81.609,81.75,81.54,81.734
1535418000,81.734,81.752,81.54,81.548
1535432400,81.548,81.682,81.425,81.598
1535446800,81.598,81.706,81.582,81.632
1535461200,81.632,81.779,81.58,81.648
1535475600,81.648,81.661,81.536,81.599
1535490000,81.599,81.716,81.524,81.654
1535504400,81.654,81.798,81.606,81.708
1535518800,81.708,81.722,81.162,81.207
1535533200,81.207,81.306,81.108,81.197
1535547600,81.197,81.63,81.052,81.607
1535562000,81.607,81.656,81.454,81.641
1535576400,81.641,81.708,81.59,81.651
1535590800,81.651,81.666,81.218,81.314
1535605200,81.314,81.502,81.234,81.324
1535619600,81.324,81.502,81.13,81.132
1535634000,81.132,81.214,80.685,80.829
1535648400,80.829,80.866,80.494,80.63
1535662800,80.63,80.704,80.374,80.428
1535677200,80.428,80.662,80.41,80.514
1535691600,80.514,80.658,80.174,80.238
1535706000,80.238,80.252,79.965,80.02
1535720400,80.02,80.22,79.64,79.829
1535734800,79.829,79.944,79.674,79.848
1535922000,79.848,79.944,79.702,79.74
1535936400,79.74,79.803,79.525,79.765
1535950800,79.765,80.115,79.724,80.068
1535965200,80.068,80.255,79.982,80.172
1535979600,80.172,80.266,80.068,80.118
1535994000,80.118,80.175,80.051,80.124
1536008400,80.124,80.152,79.824,79.938
1536022800,79.938,80.33,79.812,80.28
1536037200,80.28,80.446,79.824,79.95
1536051600,79.95,80.034,79.839,79.974
1536066000,79.974,80.056,79.734,79.978
1536080400,79.978,80.079,79.968,80.004
1536094800,80.004,80.156,79.938,80.138
1536109200,80.138,80.58,80.084,80.2
1536123600,80.2,80.214,79.6,79.99
1536138000,79.99,80.121,79.92,80.016
1536152400,80.016,80.378,80.016,80.134
1536166800,80.134,80.286,80.106,80.232
1536181200,80.232,80.29,80.04,80.097
1536195600,80.097,80.246,79.83,79.95
1536210000,79.95,80.158,79.798,80.128
1536224400,80.128,80.217,79.96,80.064
1536238800,80.064,80.072,79.622,79.684
1536253200,79.684,79.894,79.567,79.701
1536267600,79.701,79.752,79.268,79.431
1536282000,79.431,79.56,79.064,79.246
1536296400,79.246,79.326,78.954,79.264
1536310800,79.264,79.448,79.133,79.195
1536325200,79.195,79.492,78.688,78.934
1536339600,78.934,78.994,78.828,78.88
1536526800,78.88,78.998,78.844,78.962
1536541200,78.962,78.962,78.777,78.88
1536555600,78.88,79.124,78.768,79.106
1536570000,79.106,79.222,79.055,79.216
1536584400,79.216,79.266,79.022,79.029
1536598800,79.029,79.111,78.974,79.052
1536613200,79.052,79.25,78.995,79.185
1536627600,79.185,79.397,79,79.346
1536642000,79.346,79.492,79.195,79.232
1536656400,79.232,79.25,78.909,79.01
1536670800,79.01,79.312,78.945,79.28
1536685200,79.28,79.51,79.206,79.464
1536699600,79.464,79.51,79.128,79.25
1536714000,79.25,79.258,79.08,79.179
1536728400,79.179,79.432,79.13,79.406
1536742800,79.406,79.424,79.268,79.282
1536757200,79.282,80.01,79.24,79.77
1536771600,79.77,79.904,79.688,79.774
1536786000,79.774,79.944,79.704,79.94
1536800400,79.94,80.218,79.887,80.038
1536814800,80.038,80.202,79.97,80.118
1536829200,80.118,80.534,79.967,80.524
1536843600,80.524,80.805,80.353,80.492
1536858000,80.492,80.569,80.44,80.489
1536872400,80.489,80.602,80.448,80.568
1536886800,80.568,80.574,80.356,80.478
1536901200,80.478,80.71,80.466,80.582
1536915600,80.582,80.61,80.344,80.383
1536930000,80.383,80.558,80.082,80.234
1536944400,80.234,80.294,80.098,80.159
1537131600,80.159,80.216,79.954,80.211
1537146000,80.211,80.231,80.035,80.138
1537160400,80.138,80.33,80.094,80.309
1537174800,80.309,80.514,80.246,80.5
1537189200,80.5,80.602,80.367,80.53
1537203600,80.53,80.58,80.203,80.281
1537218000,80.281,80.333,79.78,80.074
1537232400,80.074,80.709,80.008,80.545
1537246800,80.545,81.022,80.521,80.677
1537261200,80.677,80.824,80.631,80.766
1537275600,80.766,81.122,80.692,80.959
1537290000,80.959,81.128,80.942,81.116
1537304400,81.116,81.266,81.034,81.034
1537318800,81.034,81.507,81.024,81.338
1537333200,81.338,81.52,81.302,81.412
1537347600,81.412,81.599,81.262,81.406
1537362000,81.406,81.663,81.324,81.564
1537376400,81.564,81.61,81.51,81.557
1537390800,81.557,81.61,81.476,81.534
1537405200,81.534,81.551,81.357,81.442
1537419600,81.442,81.659,81.31,81.528
1537434000,81.528,81.718,81.522,81.619
1537448400,81.619,81.961,81.578,81.925
1537462800,81.925,82.032,81.912,82.022
1537477200,82.022,82.103,81.91,82.062
1537491600,82.062,82.263,81.922,82.194
1537506000,82.194,82.363,82.069,82.21
1537520400,82.21,82.26,81.964,82
1537534800,82,82.122,81.89,81.978
1537549200,81.978,82.06,81.912,82.06
1537736400,82.06,82.06,81.655,81.95
1537750800,81.95,81.986,81.788,81.812
1537765200,81.812,81.953,81.591,81.946
1537779600,81.946,82.013,81.772,81.788
1537794000,81.788,81.979,81.591,81.771
1537808400,81.771,81.857,81.756,81.793
1537822800,81.793,82.044,81.773,81.94
1537837200,81.94,81.966,81.664,81.706
1537851600,81.706,81.916,81.694,81.751
1537866000,81.751,81.896,81.702,81.87
1537880400,81.87,81.944,81.812,81.866
1537894800,81.866,81.924,81.764,81.902
1537909200,81.902,81.968,81.852,81.912
1537923600,81.912,82.244,81.879,82.068
1537938000,82.068,82.097,81.818,81.94
1537952400,81.94,81.986,81.816,81.868
1537966800,81.868,82.059,81.856,81.968
1537981200,81.968,82.508,81.773,81.827
1537995600,81.827,81.924,81.736,81.906
1538010000,81.906,81.954,81.75,81.832
1538024400,81.832,81.856,81.304,81.532
1538038800,81.532,81.622,81.446,81.554
1538053200,81.554,81.952,81.526,81.912
1538067600,81.912,81.916,81.68,81.72
1538082000,81.72,81.796,81.634,81.782
1538096400,81.782,81.954,81.774,81.862
1538110800,81.862,81.996,81.741,81.932
1538125200,81.932,81.946,81.712,81.86
1538139600,81.86,82.21,81.842,82.112
1538154000,82.112,82.164,82.01,82.066
1538341200,82.066,82.296,82.066,82.216
1538355600,82.216,82.366,82.124,82.19
1538370000,82.19,82.348,82.07,82.218
1538384400,82.218,82.336,82.166,82.28
1538398800,82.28,82.342,82.168,82.273
1538413200,82.273,82.403,82.268,82.313
1538427600,82.313,82.452,82.278,82.418
1538442000,82.418,82.48,82.292,82.378
1538456400,82.378,82.382,81.42,81.438
1538470800,81.438,81.772,81.376,81.704
1538485200,81.704,81.89,81.638,81.769
1538499600,81.769,81.828,81.632,81.712
1538514000,81.712,81.746,81.539,81.544
1538528400,81.544,81.924,81.334,81.576
1538542800,81.576,81.816,81.48,81.524
1538557200,81.524,81.532,81.328,81.362
1538571600,81.362,81.634,81.324,81.491
1538586000,81.491,81.566,81.332,81.358
1538600400,81.358,81.426,81.13,81.192
1538614800,81.192,81.242,80.96,80.996
1538629200,80.996,81.089,80.798,80.877
1538643600,80.877,81.027,80.77,80.939
1538658000,80.939,80.951,80.4,80.465
1538672400,80.465,80.658,80.381,80.645
1538686800,80.645,80.754,80.567,80.642
1538701200,80.642,80.774,80.414,80.536
1538715600,80.536,80.577,80.292,80.429
1538730000,80.429,80.67,80.39,80.589
1538744400,80.589,80.678,80.004,80.08
1538758800,80.08,80.277,80,80.185
1538946000,80.185,80.341,80.114,80.254
1538960400,80.254,80.406,80.206,80.36
1538974800,80.36,80.426,79.856,79.898
1538989200,79.898,80.184,79.88,80.042
1539003600,80.042,80.118,79.79,79.808
1539018000,79.808,80.173,79.76,80.143
1539032400,80.143,80.158,79.875,80.039
1539046800,80.039,80.27,79.936,80.15
1539061200,80.15,80.21,80.015,80.075
1539075600,80.075,80.1,79.826,80.008
1539090000,80.008,80.29,79.876,80.144
1539104400,80.144,80.296,80.062,80.228
1539118800,80.228,80.542,80.217,80.518
1539133200,80.518,80.591,80.376,80.48
1539147600,80.48,80.599,80.251,80.254
1539162000,80.254,80.46,80.248,80.37
1539176400,80.37,80.502,79.851,80.028
1539190800,80.028,80.138,79.098,79.194
1539205200,79.194,79.446,79.059,79.4
1539219600,79.4,79.441,79.182,79.324
1539234000,79.324,79.672,79.208,79.554
1539248400,79.554,80.027,79.462,79.802
1539262800,79.802,80.154,79.594,79.902
1539277200,79.902,79.95,79.453,79.897
1539291600,79.897,80.012,79.786,79.937
1539306000,79.937,80.107,79.868,80.023
1539320400,80.023,80.144,79.88,79.948
1539334800,79.948,80.112,79.87,80.043
1539349200,80.043,80.165,79.498,79.606
1539363600,79.606,79.872,79.506,79.839
1539550800,79.839,79.839,79.492,79.56
1539565200,79.56,79.788,79.482,79.635
1539579600,79.635,79.723,79.52,79.677
1539594000,79.677,79.904,79.646,79.904
1539608400,79.904,79.971,79.662,79.789
1539622800,79.789,79.88,79.693,79.704
1539637200,79.704,79.872,79.693,79.838
1539651600,79.838,80.012,79.773,79.811
1539666000,79.811,79.958,79.736,79.832
1539680400,79.832,80.061,79.783,80.06
1539694800,80.06,80.199,80.006,80.094
1539709200,80.094,80.212,80.076,80.17
1539723600,80.17,80.271,80.14,80.257
1539738000,80.257,80.274,80.065,80.114
1539752400,80.114,80.34,80.04,80.23
1539766800,80.23,80.25,79.896,79.944
1539781200,79.944,80.049,79.667,80.014
1539795600,80.014,80.104,79.912,80.085
1539810000,80.085,80.324,80.002,80.276
1539824400,80.276,80.311,80.075,80.23
1539838800,80.23,80.4,80.04,80.382
1539853200,80.382,80.45,80.277,80.302
1539867600,80.302,80.303,79.76,79.791
1539882000,79.791,79.812,79.501,79.642
1539896400,79.642,79.741,79.552,79.737
1539910800,79.737,79.948,79.69,79.866
1539925200,79.866,80.099,79.863,79.956
1539939600,79.956,80.371,79.933,80.294
1539954000,80.294,80.491,80.022,80.13
1539968400,80.13,80.196,80.032,80.123
1540155600,80.123,80.256,79.648,79.77
1540170000,79.77,80.18,79.739,80.012
1540184400,80.012,80.316,80.01,80.155
1540198800,80.155,80.264,80.062,80.068
1540213200,80.068,80.13,79.792,79.83
1540227600,79.83,79.966,79.812,79.897
1540242000,79.897,79.914,79.59,79.676
1540256400,79.676,79.79,79.434,79.476
1540270800,79.476,79.726,79.323,79.457
1540285200,79.457,79.593,79.238,79.248
1540299600,79.248,79.514,79.044,79.457
1540314000,79.457,79.724,79.426,79.678
1540328400,79.678,79.778,79.58,79.752
1540342800,79.752,80.032,79.574,80.003
1540357200,80.003,80.028,79.614,79.667
1540371600,79.667,79.997,79.636,79.876
1540386000,79.876,79.876,79.45,79.572
1540400400,79.572,79.572,79.164,79.271
1540414800,79.271,79.271,78.992,79.159
1540429200,79.159,79.45,79.074,79.328
1540443600,79.328,79.445,79.092,79.402
1540458000,79.402,79.732,79.4,79.707
1540472400,79.707,79.806,79.497,79.702
1540486800,79.702,79.778,79.542,79.575
1540501200,79.575,79.618,79.414,79.478
1540515600,79.478,79.522,78.762,78.91
1540530000,78.91,79.053,78.696,78.79
1540544400,78.79,78.97,78.564,78.963
1540558800,78.963,79.532,78.632,79.387
1540573200,79.387,79.544,79.236,79.341
1540760400,79.341,79.475,79.319,79.328
1540774800,79.328,79.5,79.207,79.47
1540789200,79.47,79.592,79.327,79.406
1540803600,79.406,79.767,79.366,79.642
1540818000,79.642,79.702,79.385,79.458
1540832400,79.458,79.546,79.106,79.305
1540846800,79.305,79.581,79.266,79.524
1540861200,79.524,79.96,79.516,79.932
1540875600,79.932,80.078,79.828,80.006
1540890000,80.006,80.228,79.845,80.088
1540904400,80.088,80.364,80.012,80.214
1540918800,80.214,80.358,79.993,80.35
1540933200,80.35,80.405,80.122,80.233
1540947600,80.233,80.254,80.086,80.221
1540962000,80.221,80.366,80.048,80.181
1540976400,80.181,80.388,80.044,80.248
1540990800,80.248,80.36,79.86,79.931
1541005200,79.931,80.01,79.856,79.886
1541019600,79.886,80.258,79.842,80.134
1541034000,80.134,80.508,80.074,80.472
1541048400,80.472,80.778,80.356,80.744
1541062800,80.744,81.014,80.731,80.976
1541077200,80.976,81.262,80.89,81.172
1541091600,81.172,81.262,81.082,81.219
1541106000,81.219,81.399,81.032,81.301
1541120400,81.301,81.814,81.072,81.786
1541134800,81.786,81.943,81.658,81.659
1541149200,81.659,81.902,81.411,81.444
1541163600,81.444,81.538,81.303,81.348
1541178000,81.348,81.559,81.25,81.437
1541368800,81.437,81.558,81.247,81.354
1541383200,81.354,81.515,81.29,81.426
1541397600,81.426,81.585,81.41,81.558
1541412000,81.558,81.618,81.402,81.525
1541426400,81.525,81.675,81.448,81.517
1541440800,81.517,81.717,81.508,81.62
1541455200,81.62,81.79,81.609,81.644
1541469600,81.644,81.825,81.626,81.823
1541484000,81.823,81.975,81.822,81.836
1541498400,81.836,81.942,81.73,81.857
1541512800,81.857,81.962,81.818,81.899
1541527200,81.899,82.212,81.79,82.19
1541541600,82.19,82.19,81.876,82.04
1541556000,82.04,82.324,81.975,82.073
1541570400,82.073,82.354,81.907,82.338
1541584800,82.338,82.678,82.286,82.527
1541599200,82.527,82.59,82.48,82.548
1541613600,82.548,82.7,82.432,82.588
1541628000,82.588,82.676,82.542,82.564
1541642400,82.564,82.83,82.515,82.81
1541656800,82.81,82.969,82.742,82.86
1541671200,82.86,82.96,82.767,82.894
1541685600,82.894,83.006,82.854,82.978
1541700000,82.978,83.052,82.602,82.773
1541714400,82.773,82.878,82.508,82.594
1541728800,82.594,82.627,82.432,82.554
1541743200,82.554,82.606,82.348,82.467
1541757600,82.467,82.534,82.384,82.508
1541772000,82.508,82.556,82.133,82.242
1541786400,82.242,82.28,82.113,82.23
1541973600,82.23,82.484,82.147,82.388
1541988000,82.388,82.513,82.242,82.268
1542002400,82.268,82.328,81.951,81.976
1542016800,81.976,82.171,81.924,82.134
1542031200,82.134,82.14,81.788,81.866
1542045600,81.866,81.904,81.652,81.676
1542060000,81.676,81.688,81.388,81.662
1542074400,81.662,82.296,81.614,82.18
1542088800,82.18,82.375,82.067,82.082
1542103200,82.082,82.265,82.038,82.104
1542117600,82.104,82.354,81.881,82.135
1542132000,82.135,82.171,81.924,82.14
1542146400,82.14,82.469,82.108,82.292
1542160800,82.292,82.346,82.138,82.226
1542175200,82.226,82.273,81.837,81.888
1542189600,81.888,82.344,81.862,82.242
1542204000,82.242,82.374,81.918,82.004
1542218400,82.004,82.352,81.789,82.19
1542232800,82.19,82.746,82.089,82.493
1542247200,82.493,82.605,82.456,82.57
1542261600,82.57,82.817,82.388,82.403
1542276000,82.403,82.508,82.186,82.338
1542290400,82.338,82.545,82.148,82.35
1542304800,82.35,82.898,82.276,82.692
1542319200,82.692,82.754,82.56,82.6
1542333600,82.6,82.612,82.326,82.474
1542348000,82.474,82.537,82.216,82.282
1542362400,82.282,82.321,82.114,82.306
1542376800,82.306,82.823,82.276,82.744
1542391200,82.744,82.822,82.562,82.724
1542578400,82.724,82.724,82.39,82.532
1542592800,82.532,82.548,82.362,82.418
1542607200,82.418,82.626,82.367,82.383
1542621600,82.383,82.41,82.22,82.222
1542636000,82.222,82.313,81.877,82.05
1542650400,82.05,82.104,81.984,82.104
1542664800,82.104,82.226,82.004,82.156
1542679200,82.156,82.162,81.786,81.886
1542693600,81.886,82.088,81.626,81.629
1542708000,81.629,81.884,81.52,81.63
1542722400,81.63,81.847,81.278,81.57
1542736800,81.57,81.617,81.29,81.332
1542751200,81.332,81.606,81.201,81.583
1542765600,81.583,81.7,81.547,81.6
1542780000,81.6,81.83,81.548,81.821
1542794400,81.821,82.072,81.746,81.994
1542808800,81.994,82.238,81.928,82.112
1542823200,82.112,82.174,82.067,82.115
1542837600,82.115,82.254,81.904,81.949
1542852000,81.949,82.028,81.874,81.962
1542866400,81.962,82.034,81.701,81.818
1542880800,81.818,82.012,81.804,81.918
1542895200,81.918,81.967,81.728,81.942
1542909600,81.942,81.992,81.9,81.932
1542924000,81.932,81.982,81.874,81.914
1542938400,81.914,81.932,81.754,81.77
1542952800,81.77,81.852,81.628,81.678
1542967200,81.678,81.681,81.429,81.473
1542981600,81.473,81.646,81.462,81.594
1542996000,81.594,81.737,81.505,81.7
1543183200,81.7,81.906,81.587,81.881
1543197600,81.881,82.104,81.868,82.066
1543212000,82.066,82.386,82.038,82.363
1543226400,82.363,82.377,82.084,82.111
1543240800,82.111,82.238,82.046,82.076
1543255200,82.076,82.17,81.912,82.018
1543269600,82.018,82.019,81.828,81.872
1543284000,81.872,82.152,81.866,82.114
1543298400,82.114,82.57,82.064,82.19
1543312800,82.19,82.34,82.15,82.271
1543327200,82.271,82.31,81.93,81.948
1543341600,81.948,82.25,81.94,82.212
1543356000,82.212,82.367,82.176,82.22
1543370400,82.22,82.416,82.203,82.412
1543384800,82.412,82.478,82.224,82.304
1543399200,82.304,82.485,82.258,82.456
1543413600,82.456,83.095,82.314,82.988
1543428000,82.988,83.19,82.91,83.055
1543442400,83.055,83.068,82.756,82.778
1543456800,82.778,82.892,82.747,82.858
1543471200,82.858,83.066,82.844,82.95
1543485600,82.95,83.194,82.834,83.046
1543500000,83.046,83.222,82.824,82.882
1543514400,82.882,83.063,82.827,83.058
1543528800,83.058,83.087,82.885,82.982
1543543200,82.982,83.036,82.892,82.934
1543557600,82.934,82.998,82.854,82.878
1543572000,82.878,83.032,82.802,82.936
1543586400,82.936,83.052,82.74,82.918
1543600800,82.918,83.057,82.889,82.979
1543788000,82.979,83.926,82.979,83.558
1543802400,83.558,83.68,83.542,83.608
1543816800,83.608,83.854,83.532,83.746
1543831200,83.746,83.854,83.658,83.774
1543845600,83.774,83.806,83.523,83.606
1543860000,83.606,83.68,83.5,83.62
1543874400,83.62,83.662,83.342,83.425
1543888800,83.425,83.542,83.304,83.372
1543903200,83.372,83.517,83.298,83.338
1543917600,83.338,83.35,83.145,83.237
1543932000,83.237,83.282,82.647,82.798
1543946400,82.798,82.867,82.572,82.765
1543960800,82.765,82.998,82.349,82.678
1543975200,82.678,82.681,82.28,82.424
1543989600,82.424,82.54,82.304,82.332
1544004000,82.332,82.508,82.298,82.498
1544018400,82.498,82.546,82.174,82.311
1544032800,82.311,82.324,82.221,82.279
1544047200,82.279,82.314,81.506,81.627
1544061600,81.627,81.67,81.274,81.527
1544076000,81.527,81.872,81.184,81.202
1544090400,81.202,81.384,81.089,81.191
1544104800,81.191,81.36,80.934,81.318
1544119200,81.318,81.594,81.16,81.51
1544133600,81.51,81.58,81.402,81.404
1544148000,81.404,81.69,81.374,81.612
1544162400,81.612,81.62,81.282,81.519
1544176800,81.519,81.622,81.298,81.508
1544191200,81.508,81.675,81.1,81.25
1544205600,81.25,81.318,81.101,81.222
1544392800,81.222,81.222,80.725,81.072
1544407200,81.072,81.214,80.97,81.194
1544421600,81.194,81.411,81.106,81.381
1544436000,81.381,81.41,81.254,81.387
1544450400,81.387,81.532,81.054,81.309
1544464800,81.309,81.492,81.256,81.49
1544479200,81.49,81.602,81.239,81.41
1544493600,81.41,81.566,81.323,81.495
1544508000,81.495,81.542,81.321,81.436
1544522400,81.436,81.792,81.43,81.756
1544536800,81.756,81.814,81.512,81.608
1544551200,81.608,81.784,81.498,81.685
1544565600,81.685,82.061,81.622,82.034
1544580000,82.034,82.058,81.808,81.815
1544594400,81.815,81.902,81.726,81.896
1544608800,81.896,81.916,81.66,81.856
1544623200,81.856,81.912,81.741,81.83
1544637600,81.83,81.896,81.624,81.791
1544652000,81.791,81.968,81.694,81.958
1544666400,81.958,82.054,81.928,82.028
1544680800,82.028,82.183,82.01,82.074
1544695200,82.074,82.146,81.936,82.102
1544709600,82.102,82.21,81.962,82.152
1544724000,82.152,82.184,81.99,82.085
1544738400,82.085,82.149,81.615,81.654
1544752800,81.654,81.658,81.432,81.593
1544767200,81.593,81.638,81.254,81.28
1544781600,81.28,81.434,81.256,81.286
1544796000,81.286,81.462,81.265,81.362
1544810400,81.362,81.428,81.258,81.368
1544997600,81.368,81.451,81.296,81.399
1545012000,81.399,81.502,81.375,81.385
1545026400,81.385,81.445,81.318,81.392
1545040800,81.392,81.412,81.196,81.233
1545055200,81.233,81.241,80.97,80.992
1545069600,80.992,81.015,80.832,80.988
1545084000,80.988,81.209,80.826,81.146
1545098400,81.146,81.156,80.842,80.956
1545112800,80.956,81.058,80.741,80.87
1545127200,80.87,80.922,80.746,80.843
1545141600,80.843,81.067,80.67,80.756
1545156000,80.756,80.869,80.666,80.805
1545170400,80.805,81.016,80.714,80.951
1545184800,80.951,80.968,80.738,80.842
1545199200,80.842,80.906,80.795,80.87
1545213600,80.87,80.892,80.634,80.653
1545228000,80.653,80.724,80.346,80.346
1545242400,80.346,80.514,79.562,79.962
1545256800,79.962,80.209,79.888,79.98
1545271200,79.98,80.008,79.377,79.444
1545285600,79.444,79.784,79.292,79.75
1545300000,79.75,79.844,79.552,79.592
1545314400,79.592,79.651,78.963,79.079
1545328800,79.079,79.23,78.836,79.127
1545343200,79.127,79.234,79.025,79.143
1545357600,79.143,79.267,79.074,79.222
1545372000,79.222,79.262,78.688,78.691
1545386400,78.691,79.02,78.617,78.894
1545400800,78.894,79.076,78.494,78.517
1545415200,78.517,78.56,78.194,78.256
1545602400,78.256,78.392,78.103,78.328
1545616800,78.328,78.511,78.3,78.468
1545631200,78.468,78.486,78.342,78.414
1545645600,78.414,78.458,77.966,78.015
1545660000,78.015,78.112,77.748,77.752
1545674400,77.752,77.896,77.711,77.832
1545775200,77.832,78.058,77.536,77.902
1545789600,77.902,77.902,77.61,77.836
1545804000,77.836,78.008,77.823,77.994
1545818400,77.994,78.132,77.947,77.972
1545832800,77.972,78.275,77.798,78.251
1545847200,78.251,78.744,78.215,78.71
1545861600,78.71,78.717,78.302,78.332
1545876000,78.332,78.484,78.264,78.44
1545890400,78.44,78.449,77.98,77.992
1545904800,77.992,78.204,77.918,77.944
1545919200,77.944,77.978,77.628,77.682
1545933600,77.682,78.128,77.533,78.036
1545948000,78.036,78.112,77.946,78.021
1545962400,78.021,78.128,77.906,77.981
1545976800,77.981,78.031,77.732,77.752
1545991200,77.752,77.996,77.734,77.874
1546005600,77.874,77.874,77.662,77.732
1546020000,77.732,77.821,77.538,77.671
1546207200,77.671,77.902,77.671,77.872
1546221600,77.872,78.061,77.872,77.924
1546236000,77.924,78.038,77.74,77.782
1546250400,77.782,77.801,77.529,77.564
1546264800,77.564,77.57,77.156,77.24
1546279200,77.24,77.336,77.184,77.26
1546380000,77.26,77.359,76.983,77.002
1546394400,77.002,77.002,76.56,76.804
1546408800,76.804,76.957,76.324,76.432
1546423200,76.432,76.612,75.99,76.288
1546437600,76.288,76.637,76.277,76.6
1546452000,76.6,76.604,76.032,76.06
1546466400,76.06,76.068,71.032,74.596
1546480800,74.596,74.596,73.978,74.266
1546495200,74.266,75.264,74.078,74.96
1546509600,74.96,75.303,74.754,75.29
1546524000,75.29,76.015,74.85,75.794
1546538400,75.794,75.796,75.192,75.415
1546552800,75.415,75.752,75.24,75.668
1546567200,75.668,76.236,75.642,75.992
1546581600,75.992,76.203,75.716,76.134
1546596000,76.134,76.38,76.01,76.284
1546610400,76.284,77.23,76.174,77.11
1546624800,77.11,77.296,77.106,77.213
1546812000,77.213,77.367,77.126,77.262
1546826400,77.262,77.294,77.031,77.15
1546840800,77.15,77.267,77.068,77.132
1546855200,77.132,77.346,77.097,77.308
1546869600,77.308,77.637,77.118,77.62
1546884000,77.62,77.734,77.499,77.693
1546898400,77.693,77.73,77.424,77.44
1546912800,77.44,77.712,77.412,77.498
1546927200,77.498,77.752,77.471,77.622
1546941600,77.622,77.7,77.437,77.61
1546956000,77.61,77.841,77.298,77.576
1546970400,77.576,77.734,77.52,77.63
1546984800,77.63,78.014,77.584,77.88
1546999200,77.88,78.111,77.822,77.88
1547013600,77.88,78.043,77.76,77.958
1547028000,77.958,78.103,77.911,77.964
1547042400,77.964,77.991,77.399,77.766
1547056800,77.766,77.836,77.474,77.55
1547071200,77.55,77.698,77.081,77.329
1547085600,77.329,77.608,77.175,77.587
1547100000,77.587,77.672,77.382,77.643
1547114400,77.643,77.793,77.579,77.719
1547128800,77.719,77.933,77.485,77.88
1547143200,77.88,77.998,77.666,77.914
1547157600,77.914,78.054,77.816,77.966
1547172000,77.966,78.206,77.84,78.113
1547186400,78.113,78.252,78.065,78.2
1547200800,78.2,78.354,77.99,78.068
1547215200,78.068,78.162,77.9,78.134
1547229600,78.134,78.346,78.104,78.276
1547416800,78.276,78.315,77.99,78.02
1547431200,78.02,78.06,77.596,77.672
1547445600,77.672,77.853,77.566,77.718
1547460000,77.718,77.92,77.627,77.85
1547474400,77.85,78.096,77.733,77.941
1547488800,77.941,77.99,77.83,77.836
1547503200,77.836,78.334,77.785,78.212
1547517600,78.212,78.496,78.16,78.482
1547532000,78.482,78.519,78.136,78.166
1547546400,78.166,78.282,77.877,78.054
1547560800,78.054,78.286,77.971,78.042
1547575200,78.042,78.305,77.814,78.288
1547589600,78.288,78.321,77.91,77.996
1547604000,77.996,78.207,77.948,78.168
1547618400,78.168,78.306,78.046,78.072
1547632800,78.072,78.152,77.908,78.035
1547647200,78.035,78.276,78.024,78.226
1547661600,78.226,78.378,78.116,78.202
1547676000,78.202,78.256,77.944,78.038
1547690400,78.038,78.158,77.928,77.99
1547704800,77.99,78.016,77.76,77.894
1547719200,77.894,78.09,77.893,77.977
1547733600,77.977,78.22,77.865,78.164
1547748000,78.164,78.98,78.164,78.59
1547762400,78.59,78.8,78.392,78.758
1547776800,78.758,78.783,78.62,78.635
1547791200,78.635,78.752,78.565,78.714
1547805600,78.714,78.778,78.602,78.706
1547820000,78.706,79.106,78.585,78.786
1547834400,78.786,78.82,78.591,78.652
1548021600,78.652,78.666,78.288,78.368
1548036000,78.368,78.716,78.353,78.542
1548050400,78.542,78.636,78.41,78.472
1548064800,78.472,78.516,78.341,78.378
1548079200,78.378,78.51,78.286,78.476
1548093600,78.476,78.534,78.443,78.508
1548108000,78.508,78.53,78.366,78.407
1548122400,78.407,78.429,78.055,78.112
1548136800,78.112,78.138,77.888,77.995
1548151200,77.995,78.078,77.922,78.05
1548165600,78.05,78.152,77.907,78.028
1548180000,78.028,78.029,77.736,77.92
1548194400,77.92,78.316,77.838,78.238
1548208800,78.238,78.334,78.153,78.236
1548223200,78.236,78.34,78.115,78.331
1548237600,78.331,78.368,78.209,78.3
1548252000,78.3,78.418,78.03,78.191
1548266400,78.191,78.3,78.136,78.276
1548280800,78.276,78.541,78.196,78.365
1548295200,78.365,78.376,77.834,77.89
1548309600,77.89,77.958,77.782,77.894
1548324000,77.894,77.994,77.642,77.788
1548338400,77.788,77.938,77.698,77.738
1548352800,77.738,77.786,77.638,77.765
1548367200,77.765,77.808,77.511,77.742
1548381600,77.742,78.115,77.74,77.928
1548396000,77.928,78.08,77.868,77.94
1548410400,77.94,78.458,77.928,78.428
1548424800,78.428,78.836,78.344,78.783
1548439200,78.783,78.828,78.591,78.662
1548626400,78.662,78.76,78.484,78.738
1548640800,78.738,78.824,78.568,78.61
1548655200,78.61,78.656,78.525,78.58
1548669600,78.58,78.658,78.436,78.478
1548684000,78.478,78.478,78.197,78.302
1548698400,78.302,78.436,78.28,78.351
1548712800,78.351,78.377,77.966,78.116
1548727200,78.116,78.378,78.092,78.317
1548741600,78.317,78.486,78.194,78.44
1548756000,78.44,78.469,78.344,78.402
1548770400,78.402,78.413,78.102,78.246
1548784800,78.246,78.298,78.108,78.276
1548799200,78.276,78.622,78.187,78.544
1548813600,78.544,78.714,78.52,78.67
1548828000,78.67,78.776,78.586,78.768
1548842400,78.768,78.822,78.69,78.749
1548856800,78.749,78.879,78.728,78.818
1548871200,78.818,79.288,78.766,79.032
1548885600,79.032,79.121,78.895,79
1548900000,79,79.155,78.961,79.024
1548914400,79.024,79.094,78.898,78.935
1548928800,78.935,79.1,78.874,78.984
1548943200,78.984,79.396,78.914,79.138
1548957600,79.138,79.24,79.023,79.2
1548972000,79.2,79.312,78.735,78.818
1548986400,78.818,78.996,78.767,78.822
1549000800,78.822,79.048,78.781,79.034
1549015200,79.034,79.349,78.986,79.22
1549029600,79.22,79.606,79.14,79.568
1549044000,79.568,79.59,79.35,79.38
1549231200,79.38,79.464,79.17,79.3
1549245600,79.3,79.415,79.231,79.393
1549260000,79.393,79.536,79.356,79.428
1549274400,79.428,79.49,79.289,79.436
1549288800,79.436,79.479,79.276,79.321
1549303200,79.321,79.442,79.294,79.411
1549317600,79.411,79.415,79.096,79.24
1549332000,79.24,79.844,79.206,79.746
1549346400,79.746,79.805,79.53,79.672
1549360800,79.672,79.72,79.565,79.573
1549375200,79.573,79.627,79.422,79.531
1549389600,79.531,79.58,79.482,79.552
1549404000,79.552,79.659,78.807,78.992
1549418400,78.992,79.02,78.438,78.462
1549432800,78.462,78.472,78.06,78.246
1549447200,78.246,78.355,78.19,78.313
1549461600,78.313,78.36,78.162,78.208
1549476000,78.208,78.306,78.13,78.139
1549490400,78.139,78.248,77.886,78.002
1549504800,78.002,78.162,77.918,78.006
1549519200,78.006,78.152,77.972,78.11
1549533600,78.11,78.145,77.948,78.023
1549548000,78.023,78.116,77.751,77.858
1549562400,77.858,78.083,77.845,77.994
1549576800,77.994,78.032,77.464,77.55
1549591200,77.55,77.734,77.442,77.702
1549605600,77.702,77.874,77.648,77.736
1549620000,77.736,77.982,77.694,77.892
1549634400,77.892,77.957,77.72,77.844
1549648800,77.844,77.884,77.754,77.796
1549836000,77.796,78.084,77.786,77.948
1549850400,77.948,78.079,77.942,78.028
1549864800,78.028,78.156,77.964,78.09
1549879200,78.09,78.117,77.906,78.07
1549893600,78.07,78.107,77.899,78.014
1549908000,78.014,78.022,77.929,77.948
1549922400,77.948,78.215,77.908,78.215
1549936800,78.215,78.316,78.088,78.238
1549951200,78.238,78.357,78.237,78.267
1549965600,78.267,78.358,78.218,78.299
1549980000,78.299,78.438,78.26,78.418
1549994400,78.418,78.478,78.38,78.393
1550008800,78.393,78.778,78.35,78.641
1550023200,78.641,78.948,78.606,78.903
1550037600,78.903,78.922,78.743,78.768
1550052000,78.768,78.81,78.693,78.758
1550066400,78.758,78.908,78.698,78.762
1550080800,78.762,78.808,78.654,78.694
1550095200,78.694,78.896,78.56,78.842
1550109600,78.842,79.122,78.746,79.074
1550124000,79.074,79.24,78.81,78.836
1550138400,78.836,78.97,78.652,78.666
1550152800,78.666,78.666,78.242,78.56
1550167200,78.56,78.618,78.452,78.5
1550181600,78.5,78.549,78.098,78.22
1550196000,78.22,78.268,78.129,78.241
1550210400,78.241,78.397,78.12,78.386
1550224800,78.386,78.732,78.34,78.642
1550239200,78.642,78.792,78.578,78.775
1550253600,78.775,78.938,78.766,78.868
1550440800,78.868,79.084,78.821,79.053
1550455200,79.053,79.15,78.968,78.994
1550469600,78.994,79.124,78.984,79.056
1550484000,79.056,79.167,79.046,79.139
1550498400,79.139,79.194,78.775,78.824
1550512800,78.824,78.904,78.824,78.869
1550527200,78.869,79.032,78.642,78.748
1550541600,78.748,78.75,78.517,78.716
1550556000,78.716,78.884,78.666,78.748
1550570400,78.748,78.853,78.676,78.708
1550584800,78.708,79.299,78.672,79.248
1550599200,79.248,79.354,79.211,79.254
1550613600,79.254,79.574,79.124,79.545
1550628000,79.545,79.554,79.26,79.394
1550642400,79.394,79.513,79.244,79.252
1550656800,79.252,79.384,79.13,79.346
1550671200,79.346,79.509,79.296,79.412
1550685600,79.412,79.536,79.312,79.416
1550700000,79.416,79.82,79.006,79.164
1550714400,79.164,79.457,78.621,78.69
1550728800,78.69,79.033,78.439,78.618
1550743200,78.618,78.818,78.582,78.67
1550757600,78.67,78.684,78.336,78.447
1550772000,78.447,78.751,78.339,78.495
1550786400,78.495,78.751,78.414,78.491
1550800800,78.491,78.661,78.424,78.608
1550815200,78.608,78.828,78.594,78.758
1550829600,78.758,78.956,78.746,78.894
1550844000,78.894,79.098,78.842,78.96
1550858400,78.96,79.052,78.862,78.904
1551045600,78.904,79.377,78.904,79.138
1551060000,79.138,79.199,78.914,79.115
1551074400,79.115,79.324,79.048,79.298
1551088800,79.298,79.532,79.288,79.484
1551103200,79.484,79.768,79.429,79.752
1551117600,79.752,79.778,79.6,79.612
1551132000,79.612,79.666,79.328,79.394
1551146400,79.394,79.456,79.218,79.272
1551160800,79.272,79.372,79.17,79.3
1551175200,79.3,79.34,79.184,79.224
1551189600,79.224,79.558,79.191,79.479
1551204000,79.479,79.546,79.348,79.472
1551218400,79.472,79.572,79.352,79.446
1551232800,79.446,79.532,79.332,79.486
1551247200,79.486,79.5,79.119,79.148
1551261600,79.148,79.264,79.053,79.203
1551276000,79.203,79.25,78.946,79.15
1551290400,79.15,79.299,79.144,79.255
1551304800,79.255,79.474,79.068,79.18
1551319200,79.18,79.277,79.111,79.141
1551333600,79.141,79.184,78.934,79.097
1551348000,79.097,79.163,78.984,79.116
1551362400,79.116,79.256,78.98,79.026
1551376800,79.026,79.13,78.969,79.02
1551391200,79.02,79.395,79.017,79.31
1551405600,79.31,79.32,79.161,79.197
1551420000,79.197,79.466,79.196,79.436
1551434400,79.436,79.65,79.396,79.453
1551448800,79.453,79.529,79.195,79.238
1551463200,79.238,79.282,79.174,79.229
1551650400,79.229,79.562,79.229,79.391
1551664800,79.391,79.525,79.289,79.376
1551679200,79.376,79.418,79.157,79.222
1551693600,79.222,79.372,79.188,79.334
1551708000,79.334,79.355,79.038,79.104
1551722400,79.104,79.26,79.047,79.254
1551736800,79.254,79.372,79.012,79.024
1551751200,79.024,79.314,79.024,79.164
1551765600,79.164,79.356,79.136,79.338
1551780000,79.338,79.338,79.126,79.174
1551794400,79.174,79.264,79.084,79.24
1551808800,79.24,79.308,79.227,79.27
1551823200,79.27,79.343,78.848,78.9
1551837600,78.9,78.994,78.55,78.666
1551852000,78.666,78.722,78.561,78.652
1551866400,78.652,78.696,78.553,78.656
1551880800,78.656,78.7,78.388,78.475
1551895200,78.475,78.606,78.448,78.598
1551909600,78.598,78.614,78.336,78.581
1551924000,78.581,78.761,78.556,78.718
1551938400,78.718,78.754,78.628,78.698
1551952800,78.698,78.75,78.631,78.657
1551967200,78.657,78.69,78.311,78.444
1551981600,78.444,78.444,78.157,78.282
1551996000,78.282,78.418,78.144,78.25
1552010400,78.25,78.387,77.796,77.858
1552024800,77.858,78.072,77.73,78.043
1552039200,78.043,78.21,77.962,78.017
1552053600,78.017,78.398,77.928,78.248
1552068000,78.248,78.347,78.198,78.324
1552251600,78.324,78.324,77.914,77.927
1552266000,77.927,78.273,77.923,78.258
1552280400,78.258,78.484,78.201,78.402
1552294800,78.402,78.418,78.28,78.373
1552309200,78.373,78.536,78.366,78.502
1552323600,78.502,78.721,78.47,78.629
1552338000,78.629,78.772,78.58,78.72
1552352400,78.72,78.844,78.698,78.702
1552366800,78.702,78.82,78.638,78.81
1552381200,78.81,78.874,78.512,78.782
1552395600,78.782,78.929,78.66,78.911
1552410000,78.911,78.92,78.751,78.838
1552424400,78.838,78.857,78.512,78.634
1552438800,78.634,78.673,78.375,78.514
1552453200,78.514,78.67,78.468,78.628
1552467600,78.628,78.729,78.576,78.647
1552482000,78.647,78.889,78.611,78.762
1552496400,78.762,78.925,78.68,78.87
1552510800,78.87,78.984,78.688,78.688
1552525200,78.688,78.942,78.686,78.774
1552539600,78.774,78.938,78.754,78.928
1552554000,78.928,78.928,78.574,78.71
1552568400,78.71,78.922,78.618,78.873
1552582800,78.873,78.972,78.86,78.9
1552597200,78.9,79.213,78.86,79.16
1552611600,79.16,79.245,78.997,79.097
1552626000,79.097,79.208,79.055,79.132
1552640400,79.132,79.152,78.975,78.98
1552654800,78.98,79.144,78.886,78.996
1552669200,78.996,79.046,78.958,78.995
1552856400,78.995,79.092,78.92,79.048
1552870800,79.048,79.392,79,79.347
1552885200,79.347,79.414,79.266,79.268
1552899600,79.268,79.295,79.108,79.212
1552914000,79.212,79.227,78.998,79.016
1552928400,79.016,79.165,79,79.154
1552942800,79.154,79.168,78.874,78.994
1552957200,78.994,79.193,78.916,79.056
1552971600,79.056,79.07,78.914,78.986
1552986000,78.986,79.142,78.905,79.132
1553000400,79.132,79.196,78.87,78.992
1553014800,78.992,79.042,78.916,78.968
1553029200,78.968,79.006,78.798,78.809
1553043600,78.809,78.964,78.778,78.947
1553058000,78.947,79.12,78.919,79.068
1553072400,79.068,79.152,79.034,79.087
1553086800,79.087,79.153,78.852,79.02
1553101200,79.02,79.314,78.731,78.778
1553115600,78.778,79.36,78.734,79.289
1553130000,79.289,79.319,78.875,78.95
1553144400,78.95,79.042,78.79,78.84
1553158800,78.84,78.968,78.73,78.756
1553173200,78.756,79.012,78.584,78.656
1553187600,78.656,78.82,78.631,78.815
1553202000,78.815,78.886,78.611,78.636
1553216400,78.636,78.744,78.521,78.714
1553230800,78.714,78.814,78.374,78.407
1553245200,78.407,78.498,78.099,78.216
1553259600,78.216,78.326,77.78,77.896
1553274000,77.896,78.032,77.798,77.846
1553461200,77.846,77.985,77.604,77.63
1553475600,77.63,77.868,77.543,77.862
1553490000,77.862,78.15,77.796,78.051
1553504400,78.051,78.252,78.044,78.195
1553518800,78.195,78.347,78.019,78.234
1553533200,78.234,78.238,78.04,78.21
1553547600,78.21,78.442,78.145,78.438
1553562000,78.438,78.524,78.294,78.356
1553576400,78.356,78.58,78.302,78.482
1553590800,78.482,78.796,78.482,78.772
1553605200,78.772,79.003,78.749,78.953
1553619600,78.953,78.966,78.85,78.938
1553634000,78.938,78.95,78.696,78.83
1553648400,78.83,78.83,78.418,78.528
1553662800,78.528,78.587,78.441,78.525
1553677200,78.525,78.592,78.212,78.318
1553691600,78.318,78.399,78.01,78.177
1553706000,78.177,78.336,78.163,78.294
1553720400,78.294,78.428,78.034,78.108
1553734800,78.108,78.244,77.915,78.176
1553749200,78.176,78.312,77.998,78.196
1553763600,78.196,78.322,78.1,78.31
1553778000,78.31,78.444,78.159,78.184
1553792400,78.184,78.324,78.182,78.28
1553806800,78.28,78.615,78.266,78.55
1553821200,78.55,78.592,78.394,78.5
1553835600,78.5,78.606,78.464,78.502
1553850000,78.502,78.692,78.35,78.652
1553864400,78.652,78.706,78.504,78.691
1553878800,78.691,78.7,78.577,78.666
1554066000,78.666,79.076,78.666,79.073
1554080400,79.073,79.22,79.011,79.047
1554094800,79.047,79.204,79.043,79.114
1554109200,79.114,79.146,78.944,79.044
1554123600,79.044,79.246,79.02,79.216
1554138000,79.216,79.266,79.17,79.194
1554152400,79.194,79.275,79.105,79.189
1554166800,79.189,79.41,78.812,78.83
1554181200,78.83,78.92,78.696,78.734
1554195600,78.734,78.916,78.732,78.788
1554210000,78.788,78.798,78.513,78.63
1554224400,78.63,78.741,78.614,78.718
1554238800,78.718,79.152,78.494,79.064
1554253200,79.064,79.237,78.978,79.129
1554267600,79.129,79.403,79.128,79.384
1554282000,79.384,79.448,79.313,79.338
1554296400,79.338,79.466,79.255,79.376
1554310800,79.376,79.406,79.261,79.301
1554325200,79.301,79.42,79.248,79.397
1554339600,79.397,79.466,79.193,79.217
1554354000,79.217,79.326,79.157,79.198
1554368400,79.198,79.294,79.152,79.195
1554382800,79.195,79.396,79.162,79.38
1554397200,79.38,79.466,79.336,79.426
1554411600,79.426,79.634,79.36,79.497
1554426000,79.497,79.595,79.464,79.582
1554440400,79.582,79.636,79.526,79.575
1554454800,79.575,79.614,79.432,79.534
1554469200,79.534,79.56,79.257,79.328
1554483600,79.328,79.396,79.304,79.382
1554670800,79.382,79.436,79.038,79.123
1554685200,79.123,79.167,78.952,79.008
1554699600,79.008,79.232,78.968,79.177
1554714000,79.177,79.262,79.124,79.252
1554728400,79.252,79.453,79.234,79.434
1554742800,79.434,79.508,79.432,79.459
1554757200,79.459,79.527,79.336,79.352
1554771600,79.352,79.507,79.259,79.486
1554786000,79.486,79.615,79.41,79.6
1554800400,79.6,79.6,79.414,79.42
1554814800,79.42,79.43,79.158,79.17
1554829200,79.17,79.254,79.144,79.17
1554843600,79.17,79.278,79.151,79.154
1554858000,79.154,79.373,79.008,79.316
1554872400,79.316,79.506,79.294,79.424
1554886800,79.424,79.556,79.316,79.352
1554901200,79.352,79.525,79.216,79.508
1554915600,79.508,79.612,79.46,79.611
1554930000,79.611,79.622,79.48,79.568
1554944400,79.568,79.627,79.427,79.545
1554958800,79.545,79.635,79.484,79.518
1554973200,79.518,79.588,79.456,79.498
1554987600,79.498,79.602,79.426,79.482
1555002000,79.482,79.548,79.464,79.542
1555016400,79.542,79.75,79.462,79.677
1555030800,79.677,79.755,79.517,79.744
1555045200,79.744,80.137,79.664,80.124
1555059600,80.124,80.449,80.034,80.422
1555074000,80.422,80.487,80.336,80.398
1555088400,80.398,80.428,80.312,80.353
1555275600,80.353,80.418,80.258,80.264
1555290000,80.264,80.416,80.208,80.252
1555304400,80.252,80.326,80.188,80.261
1555318800,80.261,80.428,80.25,80.426
1555333200,80.426,80.445,80.252,80.381
1555347600,80.381,80.412,80.314,80.364
1555362000,80.364,80.389,80.268,80.291
1555376400,80.291,80.306,79.906,80.037
1555390800,80.037,80.068,79.925,80.031
1555405200,80.031,80.305,79.892,80.229
1555419600,80.229,80.386,80.212,80.296
1555434000,80.296,80.388,80.296,80.372
1555448400,80.372,80.372,80.108,80.29
1555462800,80.29,80.718,80.108,80.481
1555477200,80.481,80.684,80.475,80.62
1555491600,80.62,80.68,80.493,80.562
1555506000,80.562,80.604,80.18,80.227
1555520400,80.227,80.438,80.222,80.422
1555534800,80.422,80.44,80.251,80.263
1555549200,80.263,80.605,80.187,80.304
1555563600,80.304,80.426,80.028,80.141
1555578000,80.141,80.148,80.039,80.093
1555592400,80.093,80.164,79.912,79.92
1555606800,79.92,80.057,79.919,80.041
1555621200,80.041,80.09,79.993,80.016
1555635600,80.016,80.052,79.97,80.002
1555650000,80.002,80.119,80.002,80.068
1555664400,80.068,80.071,80.012,80.016
1555678800,80.016,80.048,79.972,79.985
1555693200,79.985,80.063,79.982,80.033
1555880400,80.033,80.081,79.959,80.039
1555894800,80.039,80.056,79.85,79.882
1555909200,79.882,79.951,79.863,79.879
1555923600,79.879,79.898,79.776,79.78
1555938000,79.78,79.888,79.776,79.864
1555952400,79.864,79.888,79.817,79.862
1555966800,79.862,79.912,79.588,79.593
1555981200,79.593,79.716,79.55,79.695
1555995600,79.695,79.714,79.51,79.586
1556010000,79.586,79.597,79.472,79.519
1556024400,79.519,79.542,79.26,79.317
1556038800,79.317,79.456,79.274,79.44
1556053200,79.44,79.44,79.246,79.309
1556067600,79.309,79.36,78.496,78.624
1556082000,78.624,78.752,78.54,78.749
1556096400,78.749,78.806,78.546,78.594
1556110800,78.594,78.619,78.423,78.426
1556125200,78.426,78.72,78.394,78.638
1556139600,78.638,78.714,78.573,78.682
1556154000,78.682,78.682,78.548,78.59
1556168400,78.59,78.63,78.234,78.504
1556182800,78.504,78.514,78.192,78.278
1556197200,78.278,78.336,78.108,78.23
1556211600,78.23,78.356,78.215,78.33
1556226000,78.33,78.364,78.178,78.304
1556240400,78.304,78.542,78.238,78.436
1556254800,78.436,78.578,78.385,78.572
1556269200,78.572,78.801,78.565,78.688
1556283600,78.688,78.703,78.528,78.615
1556298000,78.615,78.68,78.493,78.606
1556485200,78.606,78.69,78.516,78.66
1556499600,78.66,78.78,78.644,78.78
1556514000,78.78,78.852,78.753,78.792
1556528400,78.792,78.88,78.718,78.879
1556542800,78.879,78.942,78.762,78.923
1556557200,78.923,78.946,78.776,78.791
1556571600,78.791,78.93,78.76,78.904
1556586000,78.904,78.905,78.488,78.563
1556600400,78.563,78.596,78.346,78.564
1556614800,78.564,78.652,78.445,78.465
1556629200,78.465,78.526,78.29,78.5
1556643600,78.5,78.63,78.492,78.566
1556658000,78.566,78.585,78.422,78.578
1556672400,78.578,78.664,78.549,78.624
1556686800,78.624,78.704,78.604,78.62
1556701200,78.62,78.648,78.415,78.425
1556715600,78.425,78.437,78.181,78.186
1556730000,78.186,78.396,78.131,78.134
1556744400,78.134,79.788,78.112,78.322
1556758800,78.322,78.464,78.306,78.362
1556773200,78.362,78.385,78.25,78.339
1556787600,78.339,78.403,78.128,78.158
1556802000,78.158,78.188,77.962,78.088
1556816400,78.088,78.11,78.001,78.062
1556830800,78.062,78.082,77.945,77.987
1556845200,77.987,78.042,77.834,77.998
1556859600,77.998,78.054,77.926,78.043
1556874000,78.043,78.185,77.948,78.098
1556888400,78.098,78.127,78.016,78.094
1556902800,78.094,78.109,77.931,78.027
1557090000,78.027,78.027,76.824,76.828
1557104400,76.828,77.485,76.792,77.479
1557118800,77.479,77.59,77.28,77.373
1557133200,77.373,77.562,77.362,77.474
1557147600,77.474,77.641,77.402,77.496
1557162000,77.496,77.668,77.409,77.419
1557176400,77.419,77.521,77.236,77.426
1557190800,77.426,78.018,77.227,77.898
1557205200,77.898,78.048,77.602,77.616
1557219600,77.616,77.744,77.565,77.568
1557234000,77.568,77.576,77.221,77.302
1557248400,77.302,77.351,77.119,77.306
1557262800,77.306,77.357,77.176,77.262
1557277200,77.262,77.352,77.054,77.235
1557291600,77.235,77.382,77.162,77.256
1557306000,77.256,77.31,76.956,77.188
1557320400,77.188,77.296,77.018,77.053
1557334800,77.053,77.089,76.898,76.948
1557349200,76.948,76.997,76.635,76.754
1557363600,76.754,76.865,76.554,76.678
1557378000,76.678,76.718,76.346,76.538
1557392400,76.538,76.753,76.486,76.5
1557406800,76.5,76.859,76.344,76.712
1557421200,76.712,76.83,76.646,76.718
1557435600,76.718,76.933,76.592,76.899
1557450000,76.899,77.236,76.655,76.683
1557464400,76.683,76.918,76.572,76.866
1557478800,76.866,76.915,76.703,76.829
1557493200,76.829,76.878,76.596,76.763
1557507600,76.763,77.094,76.75,76.972
1557694800,76.972,76.972,76.496,76.61
1557709200,76.61,76.686,76.52,76.614
1557723600,76.614,76.62,76.394,76.49
1557738000,76.49,76.62,76.092,76.115
1557752400,76.115,76.115,75.734,75.784
1557766800,75.784,76.056,75.743,75.896
1557781200,75.896,76.142,75.79,76.142
1557795600,76.142,76.276,76.076,76.228
1557810000,76.228,76.361,76.088,76.176
1557824400,76.176,76.222,75.91,76.022
1557838800,76.022,76.246,75.964,76.17
1557853200,76.17,76.228,76.073,76.114
1557867600,76.114,76.172,75.875,75.952
1557882000,75.952,76.096,75.855,75.972
1557896400,75.972,76.052,75.764,75.794
1557910800,75.794,75.837,75.527,75.615
1557925200,75.615,76.067,75.564,75.802
1557939600,75.802,75.942,75.758,75.932
1557954000,75.932,75.978,75.696,75.768
1557968400,75.768,75.796,75.403,75.7
1557982800,75.7,75.968,75.577,75.936
1557997200,75.936,76.002,75.733,75.834
1558011600,75.834,75.934,75.77,75.814
1558026000,75.814,75.825,75.632,75.703
1558040400,75.703,75.751,75.637,75.74
1558054800,75.74,75.843,75.512,75.549
1558069200,75.549,75.62,75.348,75.391
1558083600,75.391,75.52,75.332,75.45
1558098000,75.45,75.644,75.382,75.578
1558112400,75.578,75.75,75.47,75.599
1558299600,75.599,76.214,75.599,76.208
1558314000,76.208,76.31,76.14,76.276
1558328400,76.276,76.392,76.126,76.134
1558342800,76.134,76.23,75.918,75.962
1558357200,75.962,76.15,75.903,76.006
1558371600,76.006,76.039,75.932,76.03
1558386000,76.03,76.282,76.003,76.226
1558400400,76.226,76.284,75.799,75.813
1558414800,75.813,75.82,75.622,75.688
1558429200,75.688,76.074,75.662,76.049
1558443600,76.049,76.178,75.901,76.128
1558458000,76.128,76.153,76.05,76.057
1558472400,76.057,76.146,75.944,75.954
1558486800,75.954,76.163,75.912,75.98
1558501200,75.98,76.127,75.891,76.02
1558515600,76.02,76.187,75.922,76.024
1558530000,76.024,76.056,75.834,75.874
1558544400,75.874,75.962,75.856,75.954
1558558800,75.954,75.954,75.72,75.745
1558573200,75.745,75.88,75.632,75.866
1558587600,75.866,75.882,75.644,75.694
1558602000,75.694,75.739,75.53,75.622
1558616400,75.622,75.667,75.474,75.551
1558630800,75.551,75.64,75.446,75.64
1558645200,75.64,75.711,75.532,75.696
1558659600,75.696,75.754,75.394,75.475
1558674000,75.475,75.654,75.459,75.56
1558688400,75.56,75.817,75.54,75.708
1558702800,75.708,75.832,75.566,75.668
1558717200,75.668,75.799,75.668,75.714
1558904400,75.714,75.936,75.714,75.89
1558918800,75.89,75.922,75.802,75.888
1558933200,75.888,76.01,75.797,75.804
1558947600,75.804,75.84,75.76,75.825
1558962000,75.825,75.836,75.73,75.736
1558976400,75.736,75.784,75.713,75.746
1558990800,75.746,75.907,75.734,75.88
1559005200,75.88,75.904,75.724,75.875
1559019600,75.875,75.92,75.55,75.564
1559034000,75.564,75.83,75.564,75.825
1559048400,75.825,75.955,75.798,75.868
1559062800,75.868,75.878,75.674,75.728
1559077200,75.728,75.788,75.6,75.699
1559091600,75.699,75.826,75.648,75.69
1559106000,75.69,75.764,75.486,75.563
1559120400,75.563,75.748,75.47,75.746
1559134800,75.746,75.778,75.454,75.62
1559149200,75.62,75.865,75.602,75.808
1559163600,75.808,75.928,75.752,75.77
1559178000,75.77,76.069,75.758,76.044
1559192400,76.044,76.165,75.98,76.016
1559206800,76.016,76.072,75.848,75.88
1559221200,75.88,75.998,75.762,75.852
1559235600,75.852,75.86,75.63,75.772
1559250000,75.772,75.786,75.406,75.422
1559264400,75.422,75.646,75.346,75.383
1559278800,75.383,75.441,75.208,75.254
1559293200,75.254,75.318,75.09,75.223
1559307600,75.223,75.434,75.187,75.23
1559322000,75.23,75.292,75.098,75.114
1559509200,75.114,75.206,74.969,75.193
1559523600,75.193,75.264,75.078,75.089
1559538000,75.089,75.25,75.089,75.242
1559552400,75.242,75.462,75.222,75.424
1559566800,75.424,75.486,75.268,75.328
1559581200,75.328,75.455,75.287,75.407
1559595600,75.407,75.407,75.202,75.215
1559610000,75.215,75.495,75.079,75.214
1559624400,75.214,75.47,75.214,75.444
1559638800,75.444,75.554,75.194,75.506
1559653200,75.506,75.696,75.408,75.662
1559667600,75.662,75.684,75.596,75.606
1559682000,75.606,75.698,75.584,75.638
1559696400,75.638,75.704,75.511,75.628
1559710800,75.628,75.814,75.603,75.776
1559725200,75.776,75.904,75.436,75.521
1559739600,75.521,75.666,75.404,75.494
1559754000,75.494,75.588,75.45,75.586
1559768400,75.586,75.596,75.381,75.476
1559782800,75.476,75.492,75.383,75.45
1559797200,75.45,75.546,75.278,75.498
1559811600,75.498,75.582,75.414,75.548
1559826000,75.548,75.616,75.464,75.58
1559840400,75.58,75.778,75.56,75.628
1559854800,75.628,75.728,75.575,75.626
1559869200,75.626,75.752,75.586,75.62
1559883600,75.62,75.686,75.556,75.64
1559898000,75.64,75.667,75.49,75.534
1559912400,75.534,75.818,75.5,75.758
1559926800,75.758,75.805,75.684,75.738
1560114000,75.738,76.038,75.738,75.78
1560128400,75.78,75.81,75.632,75.748
1560142800,75.748,75.752,75.637,75.668
1560157200,75.668,75.692,75.59,75.597
1560171600,75.597,75.671,75.572,75.592
1560186000,75.592,75.611,75.418,75.488
1560200400,75.488,75.492,75.398,75.465
1560214800,75.465,75.656,75.464,75.56
1560229200,75.56,75.593,75.442,75.576
1560243600,75.576,75.659,75.559,75.652
1560258000,75.652,75.68,75.43,75.478
1560272400,75.478,75.569,75.47,75.544
1560286800,75.544,75.594,75.464,75.517
1560301200,75.517,75.546,75.354,75.388
1560315600,75.388,75.39,75.214,75.233
1560330000,75.233,75.368,75.198,75.323
1560344400,75.323,75.398,75.217,75.24
1560358800,75.24,75.244,75.145,75.185
1560373200,75.185,75.251,75.162,75.184
1560387600,75.184,75.287,74.774,74.869
1560402000,74.869,74.918,74.803,74.864
1560416400,74.864,75.008,74.852,74.974
1560430800,74.974,75.018,74.89,74.941
1560445200,74.941,74.974,74.892,74.957
1560459600,74.957,74.968,74.815,74.85
1560474000,74.85,74.878,74.649,74.756
1560488400,74.756,74.798,74.604,74.659
1560502800,74.659,74.748,74.612,74.672
1560517200,74.672,74.706,74.482,74.516
1560531600,74.516,74.626,74.484,74.595
1560718800,74.595,74.766,74.544,74.738
1560733200,74.738,74.782,74.68,74.714
1560747600,74.714,74.726,74.587,74.623
1560762000,74.623,74.67,74.524,74.536
1560776400,74.536,74.585,74.414,74.419
1560790800,74.419,74.447,74.358,74.381
1560805200,74.381,74.441,74.36,74.408
1560819600,74.408,74.438,73.992,74.092
1560834000,74.092,74.138,73.928,74.1
1560848400,74.1,74.166,74.034,74.106
1560862800,74.106,74.667,74.064,74.54
1560877200,74.54,74.581,74.501,74.574
1560891600,74.574,74.774,74.552,74.682
1560906000,74.682,74.738,74.452,74.459
1560920400,74.459,74.538,74.424,74.489
1560934800,74.489,74.543,74.466,74.492
1560949200,74.492,74.496,74.348,74.477
1560963600,74.477,74.662,74.31,74.404
1560978000,74.404,74.471,74.258,74.29
1560992400,74.29,74.331,74.134,74.167
1561006800,74.167,74.595,74.134,74.549
1561021200,74.549,74.681,74.528,74.615
1561035600,74.615,74.672,74.19,74.29
1561050000,74.29,74.356,74.228,74.297
1561064400,74.297,74.378,74.208,74.346
1561078800,74.346,74.382,74.144,74.21
1561093200,74.21,74.418,74.204,74.284
1561107600,74.284,74.386,74.206,74.234
1561122000,74.234,74.539,74.222,74.44
1561136400,74.44,74.478,74.323,74.342
1561323600,74.342,74.68,74.342,74.635
1561338000,74.635,74.764,74.566,74.728
1561352400,74.728,74.788,74.58,74.614
1561366800,74.614,74.693,74.526,74.68
1561381200,74.68,74.786,74.622,74.757
1561395600,74.757,74.77,74.682,74.72
1561410000,74.72,74.857,74.616,74.704
1561424400,74.704,74.752,74.339,74.364
1561438800,74.364,74.621,74.354,74.611
1561453200,74.611,74.67,74.516,74.606
1561467600,74.606,74.66,74.474,74.603
1561482000,74.603,74.704,74.524,74.607
1561496400,74.607,74.758,74.536,74.724
1561510800,74.724,74.9,74.646,74.856
1561525200,74.856,75.07,74.812,74.999
1561539600,74.999,75.348,74.998,75.138
1561554000,75.138,75.268,75.106,75.26
1561568400,75.26,75.352,75.226,75.293
1561582800,75.293,75.33,75.229,75.3
1561597200,75.3,75.62,75.288,75.575
1561611600,75.575,75.62,75.481,75.526
1561626000,75.526,75.566,75.356,75.46
1561640400,75.46,75.506,75.364,75.416
1561654800,75.416,75.58,75.403,75.546
1561669200,75.546,75.564,75.403,75.426
1561683600,75.426,75.505,75.328,75.452
1561698000,75.452,75.594,75.44,75.482
1561712400,75.482,75.53,75.389,75.517
1561726800,75.517,75.658,75.484,75.634
1561741200,75.634,75.8,75.61,75.754
1561928400,75.754,76.288,75.754,75.862
1561942800,75.862,75.933,75.626,75.82
1561957200,75.82,75.902,75.724,75.771
1561971600,75.771,75.786,75.708,75.752
1561986000,75.752,75.76,75.428,75.478
1562000400,75.478,75.535,75.44,75.526
1562014800,75.526,75.56,75.426,75.534
1562029200,75.534,75.74,75.412,75.7
1562043600,75.7,75.732,75.51,75.566
1562058000,75.566,75.746,75.542,75.696
1562072400,75.696,75.748,75.374,75.432
1562086800,75.432,75.488,75.319,75.46
1562101200,75.46,75.471,75.247,75.253
1562115600,75.253,75.336,75.134,75.31
1562130000,75.31,75.536,75.236,75.534
1562144400,75.534,75.636,75.492,75.59
1562158800,75.59,75.893,75.586,75.88
1562173200,75.88,75.908,75.794,75.794
1562187600,75.794,75.843,75.758,75.798
1562202000,75.798,75.928,75.742,75.854
1562216400,75.854,75.874,75.627,75.676
1562230800,75.676,75.742,75.624,75.74
1562245200,75.74,75.777,75.631,75.648
1562259600,75.648,75.735,75.618,75.726
1562274000,75.726,75.792,75.692,75.736
1562288400,75.736,75.823,75.725,75.782
1562302800,75.782,75.855,75.712,75.806
1562317200,75.806,75.9,75.772,75.856
1562331600,75.856,75.865,75.553,75.708
1562346000,75.708,75.803,75.686,75.716
1562533200,75.716,75.797,75.64,75.748
1562547600,75.748,75.808,75.674,75.71
1562562000,75.71,75.778,75.636,75.746
1562576400,75.746,75.88,75.702,75.834
1562590800,75.834,75.888,75.722,75.74
1562605200,75.74,75.857,75.731,75.814
1562619600,75.814,75.914,75.784,75.868
1562634000,75.868,75.882,75.632,75.688
1562648400,75.688,75.688,75.448,75.52
1562662800,75.52,75.564,75.411,75.491
1562677200,75.491,75.491,75.301,75.376
1562691600,75.376,75.462,75.338,75.415
1562706000,75.415,75.486,75.408,75.456
1562720400,75.456,75.48,75.328,75.336
1562734800,75.336,75.441,75.291,75.44
1562749200,75.44,75.572,75.346,75.496
1562763600,75.496,75.621,75.426,75.51
1562778000,75.51,75.565,75.434,75.494
1562792400,75.494,75.506,75.286,75.288
1562806800,75.288,75.344,75.185,75.326
1562821200,75.326,75.404,75.251,75.403
1562835600,75.403,75.586,75.394,75.585
1562850000,75.585,75.7,75.517,75.698
1562864400,75.698,75.7,75.595,75.68
1562878800,75.68,75.806,75.636,75.804
1562893200,75.804,75.876,75.686,75.783
1562907600,75.783,75.911,75.765,75.826
1562922000,75.826,75.848,75.632,75.648
1562936400,75.648,75.77,75.543,75.739
1562950800,75.739,75.794,75.704,75.763
1563138000,75.763,75.771,75.659,75.679
1563152400,75.679,76.024,75.622,75.97
1563166800,75.97,75.992,75.789,75.834
1563181200,75.834,75.966,75.802,75.92
1563195600,75.92,75.929,75.812,75.89
1563210000,75.89,75.97,75.87,75.963
1563224400,75.963,76.01,75.9,75.975
1563238800,75.975,76.071,75.924,75.996
1563253200,75.996,76.026,75.938,75.952
1563267600,75.952,76.067,75.824,76.052
1563282000,76.052,76.145,75.916,76.001
1563296400,76.001,76.034,75.884,75.892
1563310800,75.892,76.006,75.87,75.961
1563325200,75.961,75.973,75.726,75.876
1563339600,75.876,75.908,75.8,75.878
1563354000,75.878,75.918,75.771,75.799
1563368400,75.799,75.92,75.69,75.906
1563382800,75.906,75.919,75.664,75.666
1563397200,75.666,75.706,75.512,75.517
1563411600,75.517,75.784,75.46,75.695
1563426000,75.695,75.82,75.686,75.774
1563440400,75.774,75.946,75.73,75.892
1563454800,75.892,75.988,75.85,75.913
1563469200,75.913,75.984,75.803,75.916
1563483600,75.916,75.999,75.836,75.998
1563498000,75.998,76.112,75.979,76.028
1563512400,76.028,76.102,75.983,75.996
1563526800,75.996,76.038,75.884,76.003
1563541200,76.003,76.067,75.836,75.969
1563555600,75.969,76.007,75.817,75.866
1563742800,75.866,76.019,75.862,75.99
1563757200,75.99,76.073,75.967,76.009
1563771600,76.009,76.054,75.886,75.962
1563786000,75.962,76.162,75.914,76.11
1563800400,76.11,76.124,75.936,75.958
1563814800,75.958,75.964,75.88,75.894
1563829200,75.894,75.968,75.836,75.922
1563843600,75.922,75.954,75.872,75.938
1563858000,75.938,76.044,75.888,76.004
1563872400,76.004,76.074,75.928,75.955
1563886800,75.955,75.967,75.616,75.74
1563901200,75.74,75.839,75.684,75.813
1563915600,75.813,75.834,75.522,75.546
1563930000,75.546,75.579,75.49,75.511
1563944400,75.511,75.544,75.345,75.392
1563958800,75.392,75.502,75.388,75.411
1563973200,75.411,75.514,75.411,75.462
1563987600,75.462,75.519,75.414,75.492
1564002000,75.492,75.518,75.436,75.496
1564016400,75.496,75.556,75.322,75.36
1564030800,75.36,75.376,75.254,75.277
1564045200,75.277,75.468,75.265,75.422
1564059600,75.422,75.59,75.388,75.506
1564074000,75.506,75.562,75.476,75.512
1564088400,75.512,75.588,75.498,75.532
1564102800,75.532,75.561,75.399,75.434
1564117200,75.434,75.452,75.282,75.307
1564131600,75.307,75.318,75.236,75.242
1564146000,75.242,75.254,75.026,75.082
1564160400,75.082,75.12,75.05,75.109
1564347600,75.109,75.118,74.932,74.939
1564362000,74.939,75.019,74.905,74.982
1564376400,74.982,75.076,74.966,75.042
1564390800,75.042,75.056,74.966,75.011
1564405200,75.011,75.194,74.985,75.132
1564419600,75.132,75.146,75.052,75.074
1564434000,75.074,75.196,75.074,75.126
1564448400,75.126,75.146,74.913,74.95
1564462800,74.95,74.998,74.814,74.821
1564477200,74.821,74.828,74.649,74.716
1564491600,74.716,74.758,74.588,74.664
1564506000,74.664,74.696,74.632,74.644
1564520400,74.644,74.681,74.588,74.62
1564534800,74.62,74.866,74.495,74.861
1564549200,74.861,74.895,74.762,74.85
1564563600,74.85,74.882,74.79,74.82
1564578000,74.82,74.864,74.702,74.724
1564592400,74.724,74.82,74.352,74.461
1564606800,74.461,74.675,74.39,74.662
1564621200,74.662,74.856,74.648,74.785
1564635600,74.785,74.8,74.685,74.748
1564650000,74.748,74.78,74.226,74.258
1564664400,74.258,74.308,74.064,74.242
1564678800,74.242,74.26,72.954,73.02
1564693200,73.02,73.164,72.87,72.916
1564707600,72.916,73.047,72.656,72.904
1564722000,72.904,73.002,72.517,72.6
1564736400,72.6,72.654,72.219,72.576
1564750800,72.576,72.86,72.297,72.522
1564765200,72.522,72.527,72.362,72.476
1564952400,72.476,72.476,72.187,72.29
1564966800,72.29,72.376,71.404,71.906
1564981200,71.906,71.92,71.534,71.572
1564995600,71.572,71.882,71.517,71.794
1565010000,71.794,71.993,71.733,71.766
1565024400,71.766,71.922,71.585,71.586
1565038800,71.586,71.757,71.238,71.656
1565053200,71.656,72.722,71.646,72.29
1565067600,72.29,72.476,72.162,72.252
1565082000,72.252,72.412,72.114,72.217
1565096400,72.217,72.351,71.902,71.958
1565110800,71.958,72.076,71.884,71.97
1565125200,71.97,72.021,71.834,71.931
1565139600,71.931,72.06,70.746,71.051
1565154000,71.051,71.541,71.048,71.471
1565168400,71.471,71.608,71.182,71.197
1565182800,71.197,71.558,71.082,71.544
1565197200,71.544,71.899,71.494,71.825
1565211600,71.825,71.92,71.626,71.648
1565226000,71.648,72.098,71.571,71.89
1565240400,71.89,71.972,71.828,71.972
1565254800,71.972,72.075,71.838,72.042
1565269200,72.042,72.354,72,72.348
1565283600,72.348,72.362,72.074,72.146
1565298000,72.146,72.239,71.68,72.18
1565312400,72.18,72.238,72.009,72.162
1565326800,72.162,72.213,72.063,72.076
1565341200,72.076,72.152,71.899,72.025
1565355600,72.025,72.132,71.482,71.697
1565370000,71.697,71.84,71.61,71.716
1565557200,71.716,71.716,71.388,71.438
1565571600,71.438,71.693,71.422,71.565
1565586000,71.565,71.584,71.186,71.203
1565600400,71.203,71.214,70.902,71.06
1565614800,71.06,71.218,70.984,71.147
1565629200,71.147,71.159,71.038,71.076
1565643600,71.076,71.278,70.972,71.202
1565658000,71.202,71.372,71.16,71.241
1565672400,71.241,71.317,71.029,71.238
1565686800,71.238,71.273,71.023,71.076
1565701200,71.076,72.93,71.056,72.413
1565715600,72.413,72.561,72.293,72.556
1565730000,72.556,72.584,72.207,72.238
1565744400,72.238,72.486,72.024,72.373
1565758800,72.373,72.393,72.017,72.062
1565773200,72.062,72.066,71.342,71.522
1565787600,71.522,71.722,71.252,71.307
1565802000,71.307,71.61,71.276,71.463
1565816400,71.463,71.673,71.34,71.618
1565830800,71.618,71.931,71.542,71.832
1565845200,71.832,72.504,71.768,71.816
1565859600,71.816,72.108,71.529,72.008
1565874000,72.008,72.13,71.819,71.966
1565888400,71.966,71.996,71.694,71.914
1565902800,71.914,71.949,71.812,71.915
1565917200,71.915,72.17,71.904,72.092
1565931600,72.092,72.17,71.936,72.129
1565946000,72.129,72.238,72.084,72.148
1565960400,72.148,72.17,71.936,72.122
1565974800,72.122,72.156,72.067,72.095
1566162000,72.095,72.253,72.051,72.106
1566176400,72.106,72.203,71.978,72.12
1566190800,72.12,72.241,72.098,72.15
1566205200,72.15,72.308,72.13,72.288
1566219600,72.288,72.296,72.098,72.138
1566234000,72.138,72.166,72.102,72.135
1566248400,72.135,72.149,71.968,72.07
1566262800,72.07,72.304,72.042,72.297
1566277200,72.297,72.36,72.099,72.122
1566291600,72.122,72.132,71.986,72.018
1566306000,72.018,72.227,71.908,72.067
1566320400,72.067,72.079,71.956,71.999
1566334800,71.999,72.118,71.985,72.05
1566349200,72.05,72.305,72.05,72.164
1566363600,72.164,72.324,72.154,72.299
1566378000,72.299,72.402,72.253,72.376
1566392400,72.376,72.406,72.226,72.35
1566406800,72.35,72.368,72.224,72.296
1566421200,72.296,72.362,72.214,72.236
1566435600,72.236,72.28,71.928,71.964
1566450000,71.964,72.158,71.901,72.004
1566464400,72.004,72.209,71.866,72.103
1566478800,72.103,72.164,71.838,71.946
1566493200,71.946,71.958,71.884,71.914
1566507600,71.914,72.096,71.89,72.03
1566522000,72.03,72.082,71.883,72
1566536400,72,72.112,71.952,72.074
1566550800,72.074,72.098,71.702,71.795
1566565200,71.795,72.001,71.034,71.137
1566579600,71.137,71.225,71.04,71.185
1566766800,71.185,71.185,69.964,70.638
1566781200,70.638,71.416,70.638,70.882
1566795600,70.882,71.686,70.762,71.598
1566810000,71.598,72,71.414,71.814
1566824400,71.814,72.004,71.635,71.976
1566838800,71.976,72.076,71.852,71.908
1566853200,71.908,71.94,71.626,71.658
1566867600,71.658,71.777,71.387,71.47
1566882000,71.47,71.496,71.263,71.412
1566896400,71.412,71.694,71.41,71.639
1566910800,71.639,71.738,71.358,71.401
1566925200,71.401,71.502,71.372,71.408
1566939600,71.408,71.474,71.344,71.398
1566954000,71.398,71.592,71.29,71.325
1566968400,71.325,71.43,71.22,71.328
1566982800,71.328,71.39,71.27,71.364
1566997200,71.364,71.47,71.258,71.459
1567011600,71.459,71.559,71.386,71.452
1567026000,71.452,71.54,71.378,71.458
1567040400,71.458,71.458,71.198,71.228
1567054800,71.228,71.674,71.12,71.674
1567069200,71.674,71.81,71.608,71.666
1567083600,71.666,71.793,71.594,71.739
1567098000,71.739,71.802,71.632,71.666
1567112400,71.666,71.758,71.541,71.576
1567126800,71.576,71.608,71.363,71.462
1567141200,71.462,71.633,71.338,71.49
1567155600,71.49,71.58,71.354,71.397
1567170000,71.397,71.604,71.378,71.548
1567184400,71.548,71.628,71.462,71.585
1567371600,71.585,71.585,71.236,71.305
1567386000,71.305,71.534,71.3,71.423
1567400400,71.423,71.534,71.406,71.453
1567414800,71.453,71.523,71.372,71.399
1567429200,71.399,71.508,71.226,71.29
1567443600,71.29,71.399,71.274,71.334
1567458000,71.334,71.394,71.258,71.302
1567472400,71.302,71.369,71.096,71.333
1567486800,71.333,71.46,71.164,71.324
1567501200,71.324,71.525,71.256,71.518
1567515600,71.518,71.607,71.315,71.53
1567530000,71.53,71.728,71.522,71.635
1567544400,71.635,71.689,71.559,71.632
1567558800,71.632,71.934,71.602,71.847
1567573200,71.847,72.106,71.777,72.059
1567587600,72.059,72.177,72.04,72.117
1567602000,72.117,72.27,72.031,72.253
1567616400,72.253,72.348,72.191,72.328
1567630800,72.328,72.384,72.256,72.334
1567645200,72.334,72.85,72.332,72.598
1567659600,72.598,72.698,72.453,72.582
1567674000,72.582,72.912,72.529,72.852
1567688400,72.852,73.149,72.804,72.95
1567702800,72.95,72.979,72.874,72.878
1567717200,72.878,72.964,72.852,72.94
1567731600,72.94,73.058,72.846,72.924
1567746000,72.924,73.142,72.906,73.138
1567760400,73.138,73.227,72.968,73.092
1567774800,73.092,73.286,72.996,73.174
1567789200,73.174,73.258,73.165,73.218
1567976400,73.218,73.266,73.069,73.146
1567990800,73.146,73.324,73.039,73.296
1568005200,73.296,73.492,73.23,73.479
1568019600,73.479,73.565,73.43,73.502
1568034000,73.502,73.666,73.422,73.514
1568048400,73.514,73.627,73.506,73.604
1568062800,73.604,73.746,73.578,73.708
1568077200,73.708,73.835,73.564,73.645
1568091600,73.645,73.77,73.528,73.587
1568106000,73.587,73.726,73.545,73.596
1568120400,73.596,73.787,73.415,73.77
1568134800,73.77,73.814,73.693,73.781
1568149200,73.781,73.852,73.72,73.756
1568163600,73.756,74.19,73.672,74.073
1568178000,74.073,74.202,73.938,73.978
1568192400,73.978,74.024,73.897,73.976
1568206800,73.976,73.992,73.804,73.92
1568221200,73.92,74.028,73.91,73.999
1568235600,73.999,74.326,73.946,74.262
1568250000,74.262,74.477,74.19,74.381
1568264400,74.381,74.39,74.201,74.224
1568278800,74.224,74.248,73.876,73.966
1568293200,73.966,74.49,73.924,74.266
1568307600,74.266,74.378,74.166,74.23
1568322000,74.23,74.322,74.168,74.314
1568336400,74.314,74.398,74.274,74.328
1568350800,74.328,74.335,74.158,74.258
1568365200,74.258,74.343,74.2,74.324
1568379600,74.324,74.498,74.274,74.428
1568394000,74.428,74.456,74.352,74.383
1568581200,74.383,74.383,73.763,74.012
1568595600,74.012,74.204,73.934,74.146
1568610000,74.146,74.283,74.058,74.202
1568624400,74.202,74.206,74.006,74.026
1568638800,74.026,74.177,73.968,74.107
1568653200,74.107,74.264,74.091,74.246
1568667600,74.246,74.297,74.14,74.256
1568682000,74.256,74.284,73.911,73.986
1568696400,73.986,74.058,73.9,73.947
1568710800,73.947,74.026,73.898,74.007
1568725200,74.007,74.237,73.936,74.167
1568739600,74.167,74.284,74.14,74.231
1568754000,74.231,74.274,74.134,74.175
1568768400,74.175,74.19,74.071,74.072
1568782800,74.072,74.141,73.888,73.96
1568797200,73.96,74.082,73.924,74.069
1568811600,74.069,74.116,73.979,74.097
1568826000,74.097,74.169,73.851,74.054
1568840400,74.054,74.07,73.738,73.754
1568854800,73.754,73.791,73.128,73.226
1568869200,73.226,73.438,73.152,73.382
1568883600,73.382,73.414,73.262,73.398
1568898000,73.398,73.502,73.373,73.446
1568912400,73.446,73.5,73.371,73.392
1568926800,73.392,73.428,73.172,73.244
1568941200,73.244,73.357,73.196,73.286
1568955600,73.286,73.46,73.282,73.301
1568970000,73.301,73.398,73.216,73.218
1568984400,73.218,73.226,72.987,72.996
1568998800,72.996,73,72.702,72.772
1569186000,72.772,72.962,72.772,72.894
1569200400,72.894,73.041,72.89,73.008
1569214800,73.008,73.042,72.622,72.665
1569229200,72.665,72.814,72.642,72.769
1569243600,72.769,72.848,72.671,72.764
1569258000,72.764,72.85,72.739,72.838
1569272400,72.838,72.965,72.808,72.921
1569286800,72.921,73.048,72.784,72.908
1569301200,72.908,73.013,72.826,72.974
1569315600,72.974,73.307,72.958,73.164
1569330000,73.164,73.214,72.782,72.818
1569344400,72.818,73.022,72.718,72.822
1569358800,72.822,72.892,72.652,72.728
1569373200,72.728,73.084,72.716,72.824
1569387600,72.824,72.873,72.644,72.745
1569402000,72.745,72.782,72.636,72.704
1569416400,72.704,72.8,72.481,72.754
1569430800,72.754,72.832,72.726,72.75
1569445200,72.75,72.804,72.674,72.711
1569459600,72.711,72.84,72.656,72.832
1569474000,72.832,72.832,72.626,72.736
1569488400,72.736,72.993,72.692,72.881
1569502800,72.881,72.904,72.69,72.768
1569517200,72.768,72.897,72.732,72.776
1569531600,72.776,72.802,72.624,72.77
1569546000,72.77,72.842,72.694,72.765
1569560400,72.765,72.972,72.764,72.968
1569574800,72.968,73.117,72.906,73.06
1569589200,73.06,73.32,72.846,72.914
1569603600,72.914,73.068,72.89,73.017
1569790800,73.017,73.066,72.894,72.919
1569805200,72.919,73.106,72.87,72.888
1569819600,72.888,72.904,72.704,72.854
1569834000,72.854,72.986,72.836,72.91
1569848400,72.91,73.061,72.861,72.972
1569862800,72.972,73.029,72.94,72.946
1569877200,72.946,73.078,72.93,73.055
1569891600,73.055,73.382,72.796,72.865
1569906000,72.865,72.867,72.528,72.615
1569920400,72.615,72.72,72.481,72.482
1569934800,72.482,72.494,72.046,72.2
1569949200,72.2,72.268,72.118,72.239
1569963600,72.239,72.323,72.162,72.278
1569978000,72.278,72.484,72.256,72.397
1569992400,72.397,72.447,71.903,71.942
1570006800,71.942,71.947,71.809,71.862
1570021200,71.862,72.004,71.746,71.757
1570035600,71.757,71.934,71.736,71.892
1570050000,71.892,71.928,71.76,71.811
1570064400,71.811,71.998,71.811,71.98
1570078800,71.98,72.094,71.87,71.97
1570093200,71.97,72.013,71.821,71.956
1570107600,71.956,72.13,71.742,72.082
1570122000,72.082,72.165,72.02,72.077
1570136400,72.077,72.176,71.996,72.116
1570150800,72.116,72.197,72.059,72.124
1570165200,72.124,72.192,72.052,72.154
1570179600,72.154,72.398,72.1,72.37
1570194000,72.37,72.456,72.216,72.34
1570208400,72.34,72.392,72.302,72.357
1570395600,72.357,72.357,72.06,72.166
1570410000,72.166,72.186,72.084,72.128
1570424400,72.128,72.198,71.945,71.952
1570438800,71.952,72.104,71.921,72.103
1570453200,72.103,72.214,72.078,72.182
1570467600,72.182,72.421,72.146,72.21
1570482000,72.21,72.284,72.168,72.254
1570496400,72.254,72.478,72.228,72.468
1570510800,72.468,72.542,72.272,72.38
1570525200,72.38,72.393,71.958,72.122
1570539600,72.122,72.182,71.972,72.126
1570554000,72.126,72.193,71.952,72.049
1570568400,72.049,72.12,71.922,72.082
1570582800,72.082,72.27,72.078,72.179
1570597200,72.179,72.352,72.118,72.316
1570611600,72.316,72.49,72.302,72.398
1570626000,72.398,72.437,72.218,72.378
1570640400,72.378,72.418,72.225,72.274
1570654800,72.274,72.301,71.843,72.076
1570669200,72.076,72.817,72.05,72.513
1570683600,72.513,72.578,72.424,72.538
1570698000,72.538,72.773,72.504,72.712
1570712400,72.712,73.079,72.617,73.022
1570726800,73.022,73.075,72.876,72.994
1570741200,72.994,73.204,72.866,73.126
1570755600,73.126,73.244,73.058,73.17
1570770000,73.17,73.354,73.112,73.352
1570784400,73.352,73.794,73.323,73.619
1570798800,73.619,73.959,73.582,73.748
1570813200,73.748,73.914,73.548,73.599
1571000400,73.599,73.748,73.406,73.458
1571014800,73.458,73.59,73.284,73.502
1571029200,73.502,73.526,73.163,73.239
1571043600,73.239,73.261,72.996,73.128
1571058000,73.128,73.455,73.12,73.446
1571072400,73.446,73.469,73.379,73.457
1571086800,73.457,73.51,73.27,73.412
1571101200,73.412,73.608,73.314,73.37
1571115600,73.37,73.445,73.262,73.317
1571130000,73.317,73.326,73.082,73.198
1571144400,73.198,73.686,73.123,73.562
1571158800,73.562,73.588,73.471,73.527
1571173200,73.527,73.538,73.195,73.276
1571187600,73.276,73.296,73.076,73.148
1571202000,73.148,73.367,73.103,73.306
1571216400,73.306,73.317,73.079,73.12
1571230800,73.12,73.526,73.07,73.484
1571245200,73.484,73.56,73.442,73.516
1571259600,73.516,73.814,73.401,73.766
1571274000,73.766,73.859,73.71,73.772
1571288400,73.772,74.065,73.676,74.048
1571302800,74.048,74.402,74.014,74.148
1571317200,74.148,74.204,74.022,74.054
1571331600,74.054,74.185,74.026,74.152
1571346000,74.152,74.244,74.068,74.222
1571360400,74.222,74.322,74.111,74.163
1571374800,74.163,74.354,74.114,74.318
1571389200,74.318,74.356,74.238,74.298
1571403600,74.298,74.347,74.15,74.25
1571418000,74.25,74.349,74.24,74.336
1571605200,74.336,74.405,74.1,74.4
1571619600,74.4,74.503,74.361,74.454
1571634000,74.454,74.727,74.394,74.676
1571648400,74.676,74.708,74.594,74.604
1571662800,74.604,74.63,74.475,74.562
1571677200,74.562,74.613,74.511,74.591
1571691600,74.591,74.751,74.536,74.72
1571706000,74.72,74.825,74.55,74.69
1571720400,74.69,74.754,74.423,74.49
1571734800,74.49,74.528,74.364,74.394
1571749200,74.394,74.582,74.388,74.547
1571763600,74.547,74.573,74.302,74.385
1571778000,74.385,74.458,74.175,74.352
1571792400,74.352,74.368,74.018,74.144
1571806800,74.144,74.244,74.081,74.15
1571821200,74.15,74.348,74.126,74.334
1571835600,74.334,74.44,74.224,74.42
1571850000,74.42,74.516,74.389,74.497
1571864400,74.497,74.501,74.336,74.386
1571878800,74.386,74.493,74.314,74.316
1571893200,74.316,74.462,74.177,74.228
1571907600,74.228,74.333,74.175,74.309
1571922000,74.309,74.312,73.93,74.056
1571936400,74.056,74.116,74.006,74.063
1571950800,74.063,74.118,73.968,74.094
1571965200,74.094,74.128,73.99,74.072
1571979600,74.072,74.24,74.07,74.177
1571994000,74.177,74.2,74.042,74.087
1572008400,74.087,74.314,74.079,74.185
1572022800,74.185,74.196,74.093,74.14
1572210000,74.14,74.22,74.1,74.214
1572224400,74.214,74.229,74.071,74.104
1572238800,74.104,74.227,74.081,74.208
1572253200,74.208,74.329,74.177,74.298
1572267600,74.298,74.583,74.255,74.524
1572282000,74.524,74.582,74.487,74.512
1572296400,74.512,74.63,74.488,74.6
1572310800,74.6,74.708,74.53,74.684
1572325200,74.684,74.768,74.528,74.572
1572339600,74.572,74.698,74.526,74.689
1572354000,74.689,74.824,74.631,74.718
1572368400,74.718,74.76,74.688,74.756
1572382800,74.756,74.764,74.531,74.76
1572397200,74.76,74.798,74.63,74.7
1572411600,74.7,74.822,74.674,74.793
1572426000,74.793,74.844,74.652,74.692
1572440400,74.692,74.874,74.608,74.842
1572454800,74.842,75.136,74.674,75.118
1572469200,75.118,75.269,75.03,75.266
1572483600,75.266,75.292,75.158,75.255
1572498000,75.255,75.295,75.08,75.167
1572512400,75.167,75.18,74.52,74.768
1572526800,74.768,74.875,74.386,74.394
1572541200,74.394,74.485,74.32,74.477
1572555600,74.477,74.5,74.356,74.391
1572570000,74.391,74.648,74.358,74.584
1572584400,74.584,74.635,74.52,74.583
1572598800,74.583,74.623,74.478,74.546
1572613200,74.546,74.849,74.519,74.823
1572627600,74.823,74.889,74.73,74.796
1572818400,74.796,74.864,74.71,74.822
1572832800,74.822,74.932,74.812,74.902
1572847200,74.902,75.008,74.866,74.924
1572861600,74.924,74.956,74.83,74.878
1572876000,74.878,74.928,74.842,74.896
1572890400,74.896,74.898,74.709,74.748
1572904800,74.748,74.982,74.672,74.868
1572919200,74.868,75.158,74.809,75.074
1572933600,75.074,75.408,75.06,75.383
1572948000,75.383,75.408,75.196,75.286
1572962400,75.286,75.304,75.084,75.225
1572976800,75.225,75.302,75.218,75.246
1572991200,75.246,75.31,75.098,75.195
1573005600,75.195,75.268,75.14,75.243
1573020000,75.243,75.303,75.005,75.189
1573034400,75.189,75.264,75.158,75.21
1573048800,75.21,75.216,74.822,74.877
1573063200,74.877,75.054,74.829,75.022
1573077600,75.022,75.022,74.678,74.74
1573092000,74.74,74.773,74.569,74.731
1573106400,74.731,75.348,74.71,75.296
1573120800,75.296,75.454,75.221,75.255
1573135200,75.255,75.674,75.215,75.579
1573149600,75.579,75.646,75.3,75.385
1573164000,75.385,75.561,75.17,75.173
1573178400,75.173,75.21,75.046,75.192
1573192800,75.192,75.268,75.098,75.114
1573207200,75.114,75.204,75.026,75.07
1573221600,75.07,75.078,74.746,74.825
1573236000,74.825,74.948,74.796,74.944
1573423200,74.944,74.962,74.754,74.794
1573437600,74.794,74.812,74.682,74.756
1573452000,74.756,74.808,74.608,74.764
1573466400,74.764,74.817,74.63,74.71
1573480800,74.71,74.754,74.658,74.723
1573495200,74.723,74.763,74.684,74.706
1573509600,74.706,74.83,74.632,74.686
1573524000,74.686,74.826,74.564,74.82
1573538400,74.82,74.944,74.632,74.687
1573552800,74.687,74.781,74.606,74.73
1573567200,74.73,74.749,74.598,74.672
1573581600,74.672,74.693,74.525,74.586
1573596000,74.586,74.71,74.373,74.525
1573610400,74.525,74.668,74.464,74.662
1573624800,74.662,74.706,74.322,74.344
1573639200,74.344,74.392,74.232,74.287
1573653600,74.287,74.385,74.196,74.369
1573668000,74.369,74.424,74.242,74.409
1573682400,74.409,74.431,73.962,74.084
1573696800,74.084,74.084,73.826,73.974
1573711200,73.974,74.034,73.781,73.782
1573725600,73.782,73.906,73.596,73.604
1573740000,73.604,73.663,73.357,73.488
1573754400,73.488,73.597,73.39,73.57
1573768800,73.57,73.85,73.532,73.791
1573783200,73.791,73.836,73.723,73.738
1573797600,73.738,73.823,73.671,73.772
1573812000,73.772,73.976,73.668,73.957
1573826400,73.957,74.168,73.935,74.122
1573840800,74.122,74.216,74.11,74.194
1574028000,74.194,74.204,74.053,74.196
1574042400,74.196,74.222,74.074,74.108
1574056800,74.108,74.313,74.107,74.257
1574071200,74.257,74.32,73.912,74.012
1574085600,74.012,74.102,73.891,74.058
1574100000,74.058,74.07,73.975,74.01
1574114400,74.01,74.112,73.594,73.75
1574128800,73.75,73.876,73.699,73.862
1574143200,73.862,74.116,73.819,74.1
1574157600,74.1,74.272,74.07,74.222
1574172000,74.222,74.278,74.022,74.087
1574186400,74.087,74.124,74.043,74.114
1574200800,74.114,74.16,73.802,73.897
1574215200,73.897,74.032,73.884,73.96
1574229600,73.96,74.05,73.726,73.852
1574244000,73.852,73.968,73.82,73.932
1574258400,73.932,74.12,73.666,73.752
1574272800,73.752,73.884,73.63,73.874
1574287200,73.874,73.878,73.492,73.53
1574301600,73.53,73.842,73.524,73.812
1574316000,73.812,73.934,73.732,73.843
1574330400,73.843,74.053,73.836,73.862
1574344800,73.862,73.916,73.707,73.74
1574359200,73.74,73.756,73.679,73.722
1574373600,73.722,73.858,73.686,73.835
1574388000,73.835,73.84,73.7,73.701
1574402400,73.701,73.92,73.678,73.718
1574416800,73.718,73.809,73.59,73.778
1574431200,73.778,73.786,73.662,73.706
1574445600,73.706,73.734,73.662,73.724
1574632800,73.724,73.968,73.724,73.937
1574647200,73.937,74,73.869,73.992
1574661600,73.992,73.998,73.864,73.9
1574676000,73.9,73.971,73.773,73.858
1574690400,73.858,73.862,73.73,73.784
1574704800,73.784,73.854,73.778,73.828
1574719200,73.828,74.109,73.808,73.936
1574733600,73.936,73.947,73.836,73.917
1574748000,73.917,74.025,73.72,73.865
1574762400,73.865,73.942,73.818,73.88
1574776800,73.88,74.079,73.847,74.03
1574791200,74.03,74.064,73.994,74.009
1574805600,74.009,74.096,73.972,74.072
1574820000,74.072,74.102,73.902,73.954
1574834400,73.954,74.086,73.936,74.059
1574848800,74.059,74.12,73.998,74.104
1574863200,74.104,74.178,74.063,74.158
1574877600,74.158,74.294,74.155,74.215
1574892000,74.215,74.254,73.914,74.099
1574906400,74.099,74.124,73.998,74.034
1574920800,74.034,74.106,73.964,74.012
1574935200,74.012,74.156,74,74.14
1574949600,74.14,74.166,74.078,74.098
1574964000,74.098,74.146,74.082,74.14
1574978400,74.14,74.182,74.056,74.076
1574992800,74.076,74.19,74.068,74.174
1575007200,74.174,74.278,74.158,74.252
1575021600,74.252,74.262,74.142,74.151
1575036000,74.151,74.158,73.926,74
1575050400,74,74.103,73.994,74.038
1575237600,74.038,74.311,74.038,74.288
1575252000,74.288,74.343,74.254,74.292
1575266400,74.292,74.449,74.219,74.399
1575280800,74.399,74.445,74.31,74.418
1575295200,74.418,74.52,74.29,74.318
1575309600,74.318,74.374,74.298,74.307
1575324000,74.307,74.454,74.275,74.366
1575338400,74.366,74.774,74.348,74.724
1575352800,74.724,74.846,74.576,74.79
1575367200,74.79,74.839,74.313,74.334
1575381600,74.334,74.436,74.186,74.258
1575396000,74.258,74.404,74.249,74.397
1575410400,74.397,74.458,74.11,74.211
1575424800,74.211,74.252,74.078,74.103
1575439200,74.103,74.308,73.898,74.251
1575453600,74.251,74.382,74.172,74.359
1575468000,74.359,74.64,74.354,74.599
1575482400,74.599,74.644,74.557,74.566
1575496800,74.566,74.628,74.358,74.523
1575511200,74.523,74.6,74.397,74.407
1575525600,74.407,74.578,74.377,74.448
1575540000,74.448,74.464,74.238,74.298
1575554400,74.298,74.344,74.167,74.296
1575568800,74.296,74.37,74.224,74.313
1575583200,74.313,74.382,74.239,74.332
1575597600,74.332,74.4,74.29,74.34
1575612000,74.34,74.448,74.298,74.349
1575626400,74.349,74.538,74.338,74.484
1575640800,74.484,74.514,74.17,74.296
1575655200,74.296,74.314,74.217,74.279
1575842400,74.279,74.292,74.147,74.188
1575856800,74.188,74.218,74.152,74.19
1575871200,74.19,74.238,74.001,74.053
1575885600,74.053,74.106,73.974,74.051
1575900000,74.051,74.244,74.038,74.228
1575914400,74.228,74.238,74.038,74.058
1575928800,74.058,74.204,74.042,74.17
1575943200,74.17,74.276,74.099,74.128
1575957600,74.128,74.201,73.942,73.994
1575972000,73.994,74.078,73.827,73.968
1575986400,73.968,74.107,73.891,74.064
1576000800,74.064,74.125,74.043,74.054
1576015200,74.054,74.128,73.946,74.107
1576029600,74.107,74.154,74.008,74.153
1576044000,74.153,74.25,74.11,74.236
1576058400,74.236,74.432,74.234,74.4
1576072800,74.4,74.627,74.394,74.609
1576087200,74.609,74.757,74.589,74.659
1576101600,74.659,74.722,74.54,74.72
1576116000,74.72,74.802,74.698,74.724
1576130400,74.724,74.812,74.692,74.788
1576144800,74.788,74.899,74.763,74.844
1576159200,74.844,75.44,74.818,75.309
1576173600,75.309,75.6,75.258,75.524
1576188000,75.524,75.979,75.524,75.843
1576202400,75.843,75.944,75.768,75.846
1576216800,75.846,75.958,75.781,75.829
1576231200,75.829,75.881,75.635,75.69
1576245600,75.69,75.806,74.976,75.064
1576260000,75.064,75.19,75.042,75.182
1576447200,75.182,75.303,75.136,75.227
1576461600,75.227,75.325,75.148,75.16
1576476000,75.16,75.304,75.127,75.3
1576490400,75.3,75.489,75.292,75.48
1576504800,75.48,75.63,75.396,75.526
1576519200,75.526,75.56,75.414,75.438
1576533600,75.438,75.459,75.184,75.248
1576548000,75.248,75.278,75.146,75.256
1576562400,75.256,75.27,74.995,75.078
1576576800,75.078,75.136,74.948,74.955
1576591200,74.955,75.118,74.947,74.99
1576605600,74.99,75.138,74.943,75.017
1576620000,75.017,75.095,74.908,74.926
1576634400,74.926,74.998,74.862,74.99
1576648800,74.99,75.02,74.85,74.952
1576663200,74.952,75.14,74.95,75.073
1576677600,75.073,75.209,75.043,75.141
1576692000,75.141,75.147,75.07,75.101
1576706400,75.101,75.406,75.04,75.29
1576720800,75.29,75.416,75.279,75.384
1576735200,75.384,75.434,75.272,75.312
1576749600,75.312,75.341,75.058,75.072
1576764000,75.072,75.239,75.052,75.162
1576778400,75.162,75.31,75.147,75.296
1576792800,75.296,75.425,75.269,75.424
1576807200,75.424,75.456,75.282,75.321
1576821600,75.321,75.426,75.222,75.352
1576836000,75.352,75.462,75.335,75.409
1576850400,75.409,75.614,75.409,75.582
1576864800,75.582,75.595,75.511,75.529
1577052000,75.529,75.618,75.427,75.589
1577066400,75.589,75.632,75.509,75.558
1577080800,75.558,75.676,75.534,75.65
1577095200,75.65,75.796,75.646,75.662
1577109600,75.662,75.692,75.531,75.682
1577124000,75.682,75.737,75.66,75.721
1577138400,75.721,75.786,75.605,75.646
1577152800,75.646,75.704,75.598,75.662
1577167200,75.662,75.726,75.646,75.646
1577181600,75.646,75.695,75.6,75.688
1577196000,75.688,75.752,75.653,75.72
1577210400,75.72,75.768,75.647,75.699
1577311200,75.699,75.877,75.652,75.872
1577325600,75.872,75.908,75.868,75.902
1577340000,75.902,75.932,75.872,75.878
1577354400,75.878,75.975,75.828,75.968
1577368800,75.968,76.114,75.952,76.081
1577383200,76.081,76.188,76.068,76.155
1577397600,76.155,76.155,76.03,76.096
1577412000,76.096,76.154,76.06,76.142
1577426400,76.142,76.21,76.089,76.198
1577440800,76.198,76.443,76.196,76.368
1577455200,76.368,76.546,76.244,76.38
1577469600,76.38,76.518,76.349,76.459
1577656800,76.459,76.536,76.337,76.442
1577671200,76.442,76.486,76.246,76.346
1577685600,76.346,76.365,76.246,76.354
1577700000,76.354,76.435,76.316,76.412
1577714400,76.412,76.418,76.092,76.234
1577728800,76.234,76.258,76.106,76.164
1577743200,76.164,76.272,76.125,76.146
1577757600,76.146,76.174,76.062,76.174
1577772000,76.174,76.224,76.086,76.146
1577786400,76.146,76.248,76.058,76.232
1577800800,76.232,76.438,76.175,76.281
1577815200,76.281,76.307,76.213,76.254
1577916000,76.254,76.324,76.132,76.241
1577930400,76.241,76.28,76.07,76.141
1577944800,76.141,76.241,76.062,76.163
1577959200,76.163,76.19,75.958,76.05
1577973600,76.05,76.078,75.674,75.797
1577988000,75.797,75.896,75.757,75.892
1578002400,75.892,75.935,75.44,75.456
1578016800,75.456,75.523,75.212,75.258
1578031200,75.258,75.299,74.926,74.966
1578045600,74.966,75.216,74.855,75.12
1578060000,75.12,75.254,75.075,75.178
1578074400,75.178,75.196,75.006,75.113
1578261600,75.113,75.208,74.737,74.918
1578276000,74.918,75.074,74.91,74.962
1578290400,74.962,75.151,74.859,75.106
1578304800,75.106,75.191,75.039,75.084
1578319200,75.084,75.16,74.854,75.142
1578333600,75.142,75.272,75.137,75.21
1578348000,75.21,75.239,75.103,75.17
1578362400,75.17,75.264,74.955,74.96
1578376800,74.96,75.026,74.705,74.766
1578391200,74.766,74.77,74.448,74.462
1578405600,74.462,74.618,74.373,74.554
1578420000,74.554,74.582,74.349,74.507
1578434400,74.507,74.556,73.759,74.168
1578448800,74.168,74.639,74.147,74.402
1578463200,74.402,74.691,74.402,74.528
1578477600,74.528,74.738,74.45,74.629
1578492000,74.629,75.044,74.428,75.014
1578506400,75.014,75.072,74.842,74.928
1578520800,74.928,75.151,74.845,75.096
1578535200,75.096,75.136,74.983,75.13
1578549600,75.13,75.204,74.982,75.048
1578564000,75.048,75.16,74.986,75.122
1578578400,75.122,75.152,74.976,75.038
1578592800,75.038,75.12,74.96,75.116
1578607200,75.116,75.298,75.018,75.093
1578621600,75.093,75.406,75.07,75.368
1578636000,75.368,75.428,75.28,75.395
1578650400,75.395,75.524,75.354,75.434
1578664800,75.434,75.672,75.388,75.604
1578679200,75.604,75.7,75.539,75.549
1578866400,75.549,75.781,75.508,75.762
1578880800,75.762,75.86,75.722,75.838
1578895200,75.838,75.95,75.724,75.856
1578909600,75.856,75.88,75.764,75.876
1578924000,75.876,76.01,75.766,75.974
1578938400,75.974,76.008,75.874,75.897
1578952800,75.897,76.106,75.742,75.829
1578967200,75.829,76.01,75.791,75.902
1578981600,75.902,76.054,75.768,75.918
1578996000,75.918,75.952,75.832,75.922
1579010400,75.922,76.024,75.883,76.014
1579024800,76.014,76.04,75.774,75.928
1579039200,75.928,75.937,75.702,75.85
1579053600,75.85,75.883,75.755,75.825
1579068000,75.825,75.869,75.647,75.673
1579082400,75.673,75.784,75.582,75.622
1579096800,75.622,76.037,75.61,75.928
1579111200,75.928,75.95,75.797,75.904
1579125600,75.904,76.086,75.846,75.962
1579140000,75.962,75.985,75.882,75.939
1579154400,75.939,76.126,75.888,76.118
1579168800,76.118,76.246,76.074,76.158
1579183200,76.158,76.238,75.869,75.919
1579197600,75.919,76.01,75.869,75.989
1579212000,75.989,76.07,75.834,75.946
1579226400,75.946,76.078,75.936,76.01
1579240800,76.01,76.168,75.995,76.108
1579255200,76.108,76.137,75.858,75.896
1579269600,75.896,75.952,75.706,75.759
1579284000,75.759,75.77,75.692,75.713
1579471200,75.713,75.846,75.662,75.824
1579485600,75.824,75.882,75.809,75.866
1579500000,75.866,75.896,75.648,75.694
1579514400,75.694,75.702,75.578,75.603
1579528800,75.603,75.724,75.528,75.699
1579543200,75.699,75.767,75.654,75.727
1579557600,75.727,75.815,75.374,75.424
1579572000,75.424,75.554,75.324,75.423
1579586400,75.423,75.502,75.266,75.372
1579600800,75.372,75.664,75.37,75.584
1579615200,75.584,75.653,75.288,75.314
1579629600,75.314,75.342,75.111,75.209
1579644000,75.209,75.276,75.031,75.087
1579658400,75.087,75.346,75.081,75.29
1579672800,75.29,75.31,75.124,75.254
1579687200,75.254,75.409,75.243,75.3
1579701600,75.3,75.362,75.11,75.133
1579716000,75.133,75.216,75.131,75.172
1579730400,75.172,75.492,75.013,75.347
1579744800,75.347,75.431,75.136,75.174
1579759200,75.174,75.362,75.086,75.253
1579773600,75.253,75.371,75.198,75.204
1579788000,75.204,75.259,74.652,74.792
1579802400,74.792,74.99,74.784,74.99
1579816800,74.99,75.062,74.8795,74.907
1579831200,74.907,75.037,74.868,74.997
1579845600,74.997,75.17,74.911,74.924
1579860000,74.924,75.088,74.846,74.974
1579874400,74.974,74.996,74.482,74.594
1579888800,74.594,74.628,74.429,74.582
1580076000,74.582,74.582,73.992,74.205
1580090400,74.205,74.282,74.068,74.226
1580104800,74.226,74.228,73.716,73.793
1580119200,73.793,73.891,73.673,73.836
1580133600,73.836,73.87,73.544,73.686
1580148000,73.686,73.744,73.582,73.621
1580162400,73.621,73.676,73.427,73.624
1580176800,73.624,73.764,73.535,73.742
1580191200,73.742,73.746,73.296,73.426
1580205600,73.426,73.695,73.326,73.646
1580220000,73.646,73.758,73.502,73.643
1580234400,73.643,73.835,73.626,73.816
1580248800,73.816,73.95,73.692,73.856
1580263200,73.856,74.011,73.809,73.888
1580277600,73.888,73.894,73.602,73.626
1580292000,73.626,73.68,73.571,73.616
1580306400,73.616,73.68,73.446,73.654
1580320800,73.654,73.771,73.585,73.629
1580335200,73.629,73.661,73.388,73.474
1580349600,73.474,73.495,73.272,73.376
1580364000,73.376,73.432,73.142,73.308
1580378400,73.308,73.372,73.064,73.168
1580392800,73.168,73.181,72.804,72.836
1580407200,72.836,73.28,72.824,73.221
1580421600,73.221,73.441,73.015,73.226
1580436000,73.226,73.36,73.16,73.301
1580450400,73.301,73.302,72.824,72.888
1580464800,72.888,73.024,72.795,72.964
1580479200,72.964,73.015,72.483,72.617
1580493600,72.617,72.641,72.445,72.463
1580680800,72.463,72.802,72.414,72.723
1580695200,72.723,72.759,72.515,72.746
1580709600,72.746,72.883,72.566,72.676
1580724000,72.676,72.761,72.536,72.682
1580738400,72.682,72.924,72.536,72.678
1580752800,72.678,72.744,72.626,72.731
1580767200,72.731,72.7825,72.502,72.759
1580781600,72.759,73.154,72.606,73.078
1580796000,73.078,73.418,73.068,73.184
1580810400,73.184,73.404,73.082,73.388
1580824800,73.388,73.7545,73.378,73.731
1580839200,73.731,73.847,73.706,73.801
1580853600,73.801,73.836,73.541,73.834
1580868000,73.834,73.852,73.674,73.721
1580882400,73.721,74.302,73.631,74.278
1580896800,74.278,74.343,73.986,74.321
1580911200,74.321,74.322,73.96,74.035
1580925600,74.035,74.1125,74.011,74.1
1580940000,74.1,74.312,74.047,74.172
1580954400,74.172,74.391,74.143,74.286
1580968800,74.286,74.344,74,74.06
1580983200,74.06,74.282,74.016,74.224
1580997600,74.224,74.236,73.98,74.097
1581012000,74.097,74.12,73.981,74.044
1581026400,74.044,74.096,73.74,73.836
1581040800,73.836,73.916,73.766,73.82
1581055200,73.82,73.94,73.373,73.373
1581069600,73.373,73.464,73.228,73.274
1581084000,73.274,73.44,73.046,73.316
1581098400,73.316,73.376,73.221,73.246
1581285600,73.246,73.468,73.056,73.432
1581300000,73.432,73.674,73.412,73.584
1581314400,73.584,73.67,73.412,73.45
1581328800,73.45,73.571,73.334,73.345
1581343200,73.345,73.439,73.178,73.198
1581357600,73.198,73.407,73.194,73.405
1581372000,73.405,73.678,73.323,73.604
1581386400,73.604,73.7965,73.558,73.796
1581400800,73.796,73.862,73.645,73.684
1581415200,73.684,73.726,73.556,73.67
1581429600,73.67,74.004,73.66,73.71
1581444000,73.71,73.757,73.628,73.71
1581458400,73.71,73.992,73.69,73.951
1581472800,73.951,74.034,73.881,73.908
1581487200,73.908,74.293,73.865,74.128
1581501600,74.128,74.215,74.084,74.132
1581516000,74.132,74.284,74.096,74.16
1581530400,74.16,74.194,74.13,74.172
1581544800,74.172,74.179,73.65,73.96
1581559200,73.96,73.998,73.759,73.798
1581573600,73.798,73.972,73.696,73.818
1581588000,73.818,73.951,73.682,73.909
1581602400,73.909,74.093,73.799,73.802
1581616800,73.802,73.868,73.743,73.8
1581631200,73.8,73.876,73.63,73.834
1581645600,73.834,73.986,73.736,73.782
1581660000,73.782,73.891,73.72,73.824
1581674400,73.824,73.84,73.694,73.802
1581688800,73.802,73.856,73.662,73.673
1581703200,73.673,73.73,73.61,73.697
1581890400,73.697,73.912,73.697,73.87
1581904800,73.87,73.954,73.822,73.932
1581919200,73.932,73.9485,73.822,73.905
1581933600,73.905,73.938,73.774,73.816
1581948000,73.816,73.9085,73.7915,73.846
1581962400,73.846,73.875,73.75,73.77
1581976800,73.77,73.787,73.39,73.446
1581991200,73.446,73.471,73.303,73.433
1582005600,73.433,73.489,73.192,73.26
1582020000,73.26,73.386,73.222,73.352
1582034400,73.352,73.597,73.313,73.498
1582048800,73.498,73.526,73.419,73.49
1582063200,73.49,73.603,73.428,73.542
1582077600,73.542,73.78,73.542,73.668
1582092000,73.668,73.918,73.617,73.86
1582106400,73.86,74.038,73.806,73.932
1582120800,73.932,74.275,73.926,74.21
1582135200,74.21,74.474,74.204,74.355
1582149600,74.355,74.418,73.888,73.954
1582164000,73.954,74.138,73.792,74.097
1582178400,74.097,74.348,74.02,74.305
1582192800,74.305,74.35,74.065,74.129
1582207200,74.129,74.418,73.848,74.133
1582221600,74.133,74.228,74.081,74.139
1582236000,74.139,74.299,74.022,74.055
1582250400,74.055,74.058,73.786,73.896
1582264800,73.896,73.938,73.43,73.644
1582279200,73.644,74.004,73.644,73.879
1582293600,73.879,74.172,73.708,74.038
1582308000,74.038,74.068,73.883,73.927
1582495200,73.927,73.927,73.284,73.758
1582509600,73.758,73.805,73.568,73.612
1582524000,73.612,73.684,73.334,73.397
1582538400,73.397,73.585,73.304,73.415
1582552800,73.415,73.418,73.007,73.046
1582567200,73.046,73.17,72.999,73.127
1582581600,73.127,73.502,73.035,73.403
1582596000,73.403,73.4665,73.21,73.25
1582610400,73.25,73.385,72.8135,72.817
1582624800,72.817,73.034,72.802,72.878
1582639200,72.878,72.938,72.607,72.662
1582653600,72.662,72.767,72.528,72.753
1582668000,72.753,72.869,72.586,72.668
1582682400,72.668,73.013,72.63,72.736
1582696800,72.736,72.742,72.378,72.528
1582711200,72.528,72.7,72.482,72.508
1582725600,72.508,72.809,72.275,72.392
1582740000,72.392,72.424,72.224,72.254
1582754400,72.254,72.372,72.15,72.251
1582768800,72.251,72.362,72.078,72.13
1582783200,72.13,72.446,72.018,72.399
1582797600,72.399,72.524,72.182,72.259
1582812000,72.259,72.593,72.215,72.516
1582826400,72.516,72.559,71.984,72.002
1582840800,72.002,72.204,71.706,71.768
1582855200,71.768,71.836,70.932,71.026
1582869600,71.026,71.294,70.834,70.944
1582884000,70.944,71.056,70.545,70.57
1582898400,70.57,70.694,69.375,70.198
1582912800,70.198,70.465,69.974,70.359
1583100000,70.359,70.51,69.45,70.322
1583114400,70.322,70.86,70.234,70.606
1583128800,70.606,71.2,70.5075,70.62
1583143200,70.62,70.744,70.18,70.467
1583157600,70.467,70.624,70.24,70.4
1583172000,70.4,70.929,70.352,70.852
1583186400,70.852,71.076,70.308,70.402
1583200800,70.402,70.91,70.315,70.5
1583215200,70.5,70.944,70.446,70.846
1583229600,70.846,70.948,70.65,70.822
1583244000,70.822,71.515,70.664,70.945
1583258400,70.945,70.964,70.484,70.522
1583272800,70.522,71.084,70.304,70.75
1583287200,70.75,71.03,70.707,70.855
1583301600,70.855,71.126,70.822,71.029
1583316000,71.029,71.32,71.025,71.102
1583330400,71.102,71.124,70.84,71.004
1583344800,71.004,71.267,70.968,71.258
1583359200,71.258,71.427,70.958,71.084
1583373600,71.084,71.183,70.954,71.147
1583388000,71.147,71.216,70.868,70.956
1583402400,70.956,70.972,70.497,70.515
1583416800,70.515,70.59,70.023,70.065
1583431200,70.065,70.264,69.954,70.205
1583445600,70.205,70.426,69.967,69.994
1583460000,69.994,70.03,69.714,69.806
1583474400,69.806,70.31,69.793,69.803
1583488800,69.803,70.084,69.583,69.82
1583503200,69.82,70.136,69.672,69.953
1583517600,69.953,70.06,69.806,69.953
1583701200,69.953,70.004,68.518,68.843
1583715600,68.843,68.91,64.323,67.158
1583730000,67.158,67.604,66.744,67.538
1583744400,67.538,67.922,67.358,67.668
1583758800,67.668,68.502,66.74,67.566
1583773200,67.566,67.776,67.162,67.439
1583787600,67.439,68.2,67.238,68.058
1583802000,68.058,68.648,67.568,68.439
1583816400,68.439,68.888,68.018,68.657
1583830800,68.657,68.988,68.074,68.276
1583845200,68.276,68.616,67.059,67.437
1583859600,67.437,68.811,67.384,68.722
1583874000,68.722,68.774,68.007,68.096
1583888400,68.096,68.409,67.984,67.992
1583902800,67.992,68.76,67.666,68.666
1583917200,68.666,68.792,68.038,68.09
1583931600,68.09,68.504,68.056,68.34
1583946000,68.34,68.354,67.628,67.78
1583960400,67.78,67.966,67.578,67.686
1583974800,67.686,67.78,66.566,67.17
1583989200,67.17,67.225,66.712,66.774
1584003600,66.774,66.873,65.976,66.039
1584018000,66.039,67.021,65.942,66.896
1584032400,66.896,67.7,65.06,65.248
1584046800,65.248,66.211,65.201,66.086
1584061200,66.086,66.767,65.814,66.576
1584075600,66.576,66.96,66.265,66.586
1584090000,66.586,67.744,66.49,67.439
1584104400,67.439,67.471,65.768,66.306
1584118800,66.306,67.585,65.942,66.778
1584306000,66.778,67.409,64.858,65.866
1584320400,65.866,66.242,65.144,65.944
1584334800,65.944,66.046,65.18,65.495
1584349200,65.495,65.56,64.202,64.388
1584363600,64.388,65.616,64.052,64.924
1584378000,64.924,65.251,64.587,64.79
1584392400,64.79,65.232,64.481,65.174
1584406800,65.174,65.832,64.893,65.24
1584421200,65.24,65.262,64.496,64.808
1584435600,64.808,64.844,63.925,64.279
1584450000,64.279,64.642,63.926,64.174
1584464400,64.174,64.696,64.049,64.608
1584478800,64.608,64.894,64.16,64.366
1584493200,64.366,64.581,64.217,64.514
1584507600,64.514,64.646,63.682,63.78
1584522000,63.78,63.955,63.311,63.46
1584536400,63.46,63.682,62.59,62.687
1584550800,62.687,62.854,61.69,62.412
1584565200,62.412,63.032,62.17,62.218
1584579600,62.218,62.292,59.882,60.757
1584594000,60.757,62.924,60.558,62.206
1584608400,62.206,63.206,62.012,63.132
1584622800,63.132,65.544,63.132,64.508
1584637200,64.508,64.552,63.396,63.59
1584651600,63.59,64.614,62.784,64.348
1584666000,64.348,65.054,64.048,64.346
1584680400,64.346,65.638,64.232,65.35
1584694800,65.35,65.364,64.644,64.704
1584709200,64.704,65.394,64.36,64.788
1584723600,64.788,64.946,63.933,64.286
1584910800,64.286,64.558,63.256,63.259
1584925200,63.259,63.624,62.926,63.432
1584939600,63.432,63.855,63.179,63.47
1584954000,63.47,64.44,63.352,64.163
1584968400,64.163,64.645,63.854,64.457
1584982800,64.457,64.948,64.25,64.94
1584997200,64.94,65.278,64.652,65.173
1585011600,65.173,65.649,65.14,65.204
1585026000,65.204,66.024,64.953,65.756
1585040400,65.756,65.922,65.06,65.376
1585054800,65.376,66.34,65.256,66.093
1585069200,66.093,66.33,65.654,66.266
1585083600,66.266,66.676,65.934,66.155
1585098000,66.155,66.892,66.012,66.864
1585112400,66.864,67.71,66.744,67.484
1585126800,67.484,67.555,66.626,66.942
1585141200,66.942,67.136,66.173,66.437
1585155600,66.437,66.637,66.166,66.272
1585170000,66.272,66.298,65.244,65.304
1585184400,65.304,65.746,64.916,65.688
1585198800,65.688,65.823,65.307,65.554
1585213200,65.554,66.165,65.444,66.08
1585227600,66.08,66.49,66.01,66.429
1585242000,66.429,66.594,66.12,66.453
1585256400,66.453,66.453,65.959,66.044
1585270800,66.044,66.404,65.81,66.126
1585285200,66.126,66.439,65.901,66.052
1585299600,66.052,66.22,65.524,65.542
1585314000,65.542,66.548,65.488,66.374
1585328400,66.374,66.936,66.303,66.534
1585515600,66.534,66.558,65.92,66.098
1585530000,66.098,66.224,65.742,66.166
1585544400,66.166,66.511,66.102,66.222
1585558800,66.222,66.376,66.123,66.303
1585573200,66.303,66.644,66.234,66.524
1585587600,66.524,66.626,66.32,66.521
1585602000,66.521,67.033,66.011,66.739
1585616400,66.739,67.273,66.733,66.86
1585630800,66.86,67.236,66.676,66.69
1585645200,66.69,66.712,66.038,66.172
1585659600,66.172,66.302,65.693,65.762
1585674000,65.762,66.204,65.585,65.963
1585688400,65.963,66.247,65.712,65.992
1585702800,65.992,66.13,65.812,66.002
1585717200,66.002,66.046,65.168,65.3
1585731600,65.3,65.407,64.946,64.947
1585746000,64.947,66.371,64.867,65.19
1585760400,65.19,65.24,64.957,65.076
1585774800,65.076,65.431,64.942,65.358
1585789200,65.358,65.466,65.169,65.359
1585803600,65.359,65.63,65.201,65.444
1585818000,65.444,65.584,64.657,64.71
1585832400,64.71,65.514,64.4,65.24
1585846800,65.24,65.46,65.012,65.378
1585861200,65.378,65.617,65.313,65.417
1585875600,65.417,65.565,65.318,65.565
1585890000,65.565,65.598,65.115,65.162
1585904400,65.162,65.189,64.838,65.092
1585918800,65.092,65.384,64.99,65.078
1585933200,65.078,65.104,64.892,65.08
1586120400,65.08,65.924,65.014,65.741
1586134800,65.741,65.804,65.428,65.492
1586149200,65.492,66.204,65.46,66.18
1586163600,66.18,66.37,66.038,66.334
1586178000,66.334,66.604,66.148,66.457
1586192400,66.457,66.524,66.354,66.484
1586206800,66.484,66.814,66.378,66.523
1586221200,66.523,66.888,66.454,66.859
1586235600,66.859,67.462,66.721,67.154
1586250000,67.154,67.663,67.152,67.528
1586264400,67.528,67.676,67.133,67.476
1586278800,67.476,67.54,67.082,67.094
1586293200,67.094,67.19,66.482,66.635
1586307600,66.635,66.946,66.592,66.783
1586322000,66.783,66.972,66.588,66.818
1586336400,66.818,67.4,66.766,67.354
1586350800,67.354,67.82,67.292,67.636
1586365200,67.636,67.935,67.628,67.798
1586379600,67.798,68.136,67.755,68.086
1586394000,68.086,68.086,67.638,67.894
1586408400,67.894,68.034,67.49,67.773
1586422800,67.773,68.345,67.7,68.304
1586437200,68.304,68.57,68.239,68.378
1586451600,68.378,68.893,68.33,68.776
1586466000,68.776,68.796,68.49,68.598
1586480400,68.598,68.836,68.542,68.786
1586494800,68.786,69.035,68.665,68.826
1586509200,68.826,68.908,68.706,68.879
1586523600,68.879,68.879,68.764,68.802
1586538000,68.802,68.935,68.78,68.89
1586725200,68.89,68.978,68.53,68.564
1586739600,68.564,68.611,68.364,68.388
1586754000,68.388,68.596,68.34,68.492
1586768400,68.492,68.779,68.426,68.705
1586782800,68.705,68.79,68.499,68.674
1586797200,68.674,68.926,68.651,68.782
1586811600,68.782,68.939,68.614,68.861
1586826000,68.861,69.264,68.812,69.17
1586840400,69.17,69.23,68.737,68.79
1586854800,68.79,68.855,68.504,68.781
1586869200,68.781,68.88,68.554,68.726
1586883600,68.726,69.106,68.7,69.069
1586898000,69.069,69.077,68.73,68.907
1586912400,68.907,68.944,68.566,68.588
1586926800,68.588,68.633,67.882,68.036
1586941200,68.036,68.106,67.584,67.66
1586955600,67.66,68.126,67.624,68.088
1586970000,68.088,68.166,67.873,67.882
1586984400,67.882,68.063,67.674,67.751
1586998800,67.751,68.008,67.619,67.796
1587013200,67.796,67.964,67.7,67.928
1587027600,67.928,68.044,67.709,67.932
1587042000,67.932,67.962,67.592,67.706
1587056400,67.706,68.268,67.682,68.246
1587070800,68.246,68.948,68.2,68.582
1587085200,68.582,68.754,68.431,68.562
1587099600,68.562,68.614,68.076,68.187
1587114000,68.187,68.514,68.136,68.433
1587128400,68.433,68.467,68.159,68.351
1587142800,68.351,68.556,68.292,68.415
1587330000,68.415,68.486,68.231,68.438
1587344400,68.438,68.576,68.334,68.55
1587358800,68.55,68.732,68.398,68.713
1587373200,68.713,68.826,68.47,68.58
1587387600,68.58,68.898,68.522,68.604
1587402000,68.604,68.636,68.179,68.181
1587416400,68.181,68.358,67.97,68.158
1587430800,68.158,68.176,67.574,67.756
1587445200,67.756,67.992,67.524,67.635
1587459600,67.635,67.709,67.32,67.352
1587474000,67.352,67.98,67.292,67.728
1587488400,67.728,67.952,67.681,67.7
1587502800,67.7,67.904,67.633,67.83
1587517200,67.83,68.491,67.724,67.758
1587531600,67.758,68.292,67.752,68.216
1587546000,68.216,68.364,68.004,68.146
1587560400,68.146,68.202,67.979,68.056
1587574800,68.056,68.168,68.014,68.115
1587589200,68.115,68.177,67.751,67.904
1587603600,67.904,68.085,67.862,68.054
1587618000,68.054,68.667,68.042,68.212
1587632400,68.212,68.572,68.175,68.475
1587646800,68.475,69.011,68.418,68.614
1587661200,68.614,68.748,68.392,68.555
1587675600,68.555,68.709,68.423,68.53
1587690000,68.53,68.58,68.348,68.413
1587704400,68.413,68.552,68.216,68.468
1587718800,68.468,68.686,68.468,68.611
1587733200,68.611,68.652,68.402,68.493
1587747600,68.493,68.79,68.436,68.718
1587934800,68.718,69.018,68.581,68.97
1587949200,68.97,69.256,68.948,69.189
1587963600,69.189,69.384,69.091,69.212
1587978000,69.212,69.296,69.084,69.168
1587992400,69.168,69.332,69.134,69.239
1588006800,69.239,69.366,69.193,69.334
1588021200,69.334,69.4,69.13,69.318
1588035600,69.318,69.356,69.034,69.116
1588050000,69.116,69.489,69.097,69.392
1588064400,69.392,69.439,69.278,69.314
1588078800,69.314,69.472,69.212,69.432
1588093200,69.432,69.566,69.371,69.371
1588107600,69.371,69.501,69.33,69.487
1588122000,69.487,69.646,69.436,69.58
1588136400,69.58,69.742,69.462,69.516
1588150800,69.516,69.615,69.284,69.598
1588165200,69.598,69.77,69.52,69.72
1588179600,69.72,69.963,69.627,69.96
1588194000,69.96,69.96,69.745,69.82
1588208400,69.82,69.94,69.736,69.924
1588222800,69.924,69.949,69.714,69.805
1588237200,69.805,69.87,69.442,69.512
1588251600,69.512,70.172,69.244,69.761
1588266000,69.761,70.116,69.69,69.786
1588280400,69.786,69.79,69.392,69.492
1588294800,69.492,69.518,69.164,69.236
1588309200,69.236,69.27,68.82,68.99
1588323600,68.99,69.008,68.598,68.704
1588338000,68.704,69.022,68.523,68.584
1588352400,68.584,68.679,68.502,68.626
1588539600,68.626,68.626,67.996,68.068
1588554000,68.068,68.356,68.066,68.186
1588568400,68.186,68.562,68.068,68.472
1588582800,68.472,68.716,68.326,68.457
1588597200,68.457,68.644,68.298,68.511
1588611600,68.511,68.646,68.481,68.586
1588626000,68.586,68.69,68.464,68.672
1588640400,68.672,68.804,68.638,68.725
1588654800,68.725,68.916,68.522,68.588
1588669200,68.588,68.83,68.553,68.77
1588683600,68.77,68.99,68.668,68.698
1588698000,68.698,68.795,68.484,68.546
1588712400,68.546,68.629,68.2,68.251
1588726800,68.251,68.483,68.224,68.446
1588741200,68.446,68.626,68.299,68.342
1588755600,68.342,68.453,68.235,68.432
1588770000,68.432,68.466,67.964,68.034
1588784400,68.034,68.138,67.864,67.948
1588798800,67.948,68.074,67.634,67.968
1588813200,67.968,68.222,67.936,68.17
1588827600,68.17,68.828,68.122,68.688
1588842000,68.688,68.946,68.656,68.722
1588856400,68.722,69.16,68.628,69.024
1588870800,69.024,69.076,68.9,69.028
1588885200,69.028,69.484,69.017,69.392
1588899600,69.392,69.609,69.302,69.522
1588914000,69.522,69.578,69.179,69.324
1588928400,69.324,69.592,69.254,69.492
1588942800,69.492,69.703,69.338,69.692
1588957200,69.692,69.731,69.548,69.651
1589144400,69.651,69.942,69.508,69.91
1589158800,69.91,70.148,69.862,70.093
1589173200,70.093,70.176,69.73,69.848
1589187600,69.848,69.85,69.382,69.523
1589202000,69.523,69.88,69.513,69.872
1589216400,69.872,69.984,69.782,69.862
1589230800,69.862,69.909,69.14,69.202
1589245200,69.202,69.46,69.15,69.447
1589259600,69.447,69.819,69.414,69.76
1589274000,69.76,70.156,69.716,70.008
1589288400,70.008,70.026,69.727,69.83
1589302800,69.83,69.84,69.292,69.342
1589317200,69.342,69.495,69.1,69.365
1589331600,69.365,69.488,69.194,69.395
1589346000,69.395,69.497,69.222,69.372
1589360400,69.372,69.763,69.306,69.648
1589374800,69.648,69.649,68.938,69.024
1589389200,69.024,69.128,68.893,69.098
1589403600,69.098,69.14,68.894,68.97
1589418000,68.97,69.17,68.626,68.748
1589432400,68.748,68.93,68.614,68.745
1589446800,68.745,68.962,68.564,68.644
1589461200,68.644,68.956,68.55,68.91
1589475600,68.91,69.397,68.862,69.297
1589490000,69.297,69.534,69.235,69.394
1589504400,69.394,69.422,69.178,69.269
1589518800,69.269,69.342,69.066,69.176
1589533200,69.176,69.248,68.678,68.881
1589547600,68.881,69.086,68.688,68.775
1589562000,68.775,68.894,68.659,68.68
1589749200,68.68,68.974,68.666,68.874
1589763600,68.874,69.124,68.853,68.99
1589778000,68.99,69.215,68.862,69.155
1589792400,69.155,69.592,69.052,69.556
1589806800,69.556,69.974,69.504,69.768
1589821200,69.768,70.074,69.752,70.012
1589835600,70.012,70.372,69.917,70.202
1589850000,70.202,70.246,69.877,70.132
1589864400,70.132,70.57,69.928,70.468
1589878800,70.468,70.664,70.292,70.647
1589893200,70.647,70.93,70.518,70.723
1589907600,70.723,70.967,70.334,70.402
1589922000,70.402,70.778,70.282,70.692
1589936400,70.692,70.746,70.468,70.537
1589950800,70.537,70.606,70.272,70.43
1589965200,70.43,70.864,70.422,70.799
1589979600,70.799,71.034,70.708,70.853
1589994000,70.853,70.998,70.81,70.956
1590008400,70.956,70.999,70.804,70.862
1590022800,70.862,70.862,70.497,70.657
1590037200,70.657,70.858,70.562,70.818
1590051600,70.818,71.001,70.64,70.951
1590066000,70.951,71.084,70.544,70.604
1590080400,70.604,70.756,70.586,70.653
1590094800,70.653,70.798,70.584,70.736
1590109200,70.736,70.762,70.228,70.284
1590123600,70.284,70.308,69.942,70.102
1590138000,70.102,70.274,70.083,70.11
1590152400,70.11,70.236,70.029,70.223
1590166800,70.223,70.376,70.182,70.359
1590354000,70.359,70.582,70.26,70.41
1590368400,70.41,70.434,70.2,70.366
1590382800,70.366,70.472,70.225,70.43
1590397200,70.43,70.509,70.384,70.454
1590411600,70.454,70.527,70.412,70.479
1590426000,70.479,70.536,70.474,70.508
1590440400,70.508,70.736,70.415,70.7
1590454800,70.7,70.949,70.67,70.854
1590469200,70.854,71.384,70.84,71.348
1590483600,71.348,71.392,71.144,71.36
1590498000,71.36,71.707,71.36,71.55
1590512400,71.55,71.786,71.446,71.573
1590526800,71.573,71.58,71.224,71.4
1590541200,71.4,71.6,71.264,71.345
1590555600,71.345,71.604,71.322,71.56
1590570000,71.56,71.926,71.379,71.38
1590584400,71.38,71.44,70.815,71.044
1590598800,71.044,71.378,70.926,71.352
1590613200,71.352,71.534,71.232,71.482
1590627600,71.482,71.516,71.017,71.166
1590642000,71.166,71.494,71.101,71.213
1590656400,71.213,71.536,71.16,71.482
1590670800,71.482,71.778,71.474,71.735
1590685200,71.735,71.778,71.339,71.439
1590699600,71.439,71.508,71.167,71.266
1590714000,71.266,71.376,71.143,71.244
1590728400,71.244,71.451,71.204,71.292
1590742800,71.292,71.596,71.277,71.392
1590757200,71.392,71.658,71.222,71.596
1590771600,71.596,71.931,71.5,71.875
1590958800,71.875,72.264,71.615,72.097
1590973200,72.097,72.596,72.011,72.307
1590987600,72.307,72.828,72.178,72.354
1591002000,72.354,72.645,72.318,72.448
1591016400,72.448,73.078,72.338,72.974
1591030800,72.974,73.194,72.97,73.135
1591045200,73.135,73.31,72.933,73.128
1591059600,73.128,73.184,72.948,73.129
1591074000,73.129,73.764,73.129,73.748
1591088400,73.748,74.37,73.72,74.268
1591102800,74.268,74.87,74.219,74.814
1591117200,74.814,74.976,74.788,74.96
1591131600,74.96,75.681,74.796,75.58
1591146000,75.58,75.76,75.088,75.234
1591160400,75.234,75.469,74.782,74.957
1591174800,74.957,75.13,74.41,74.796
1591189200,74.796,75.768,74.728,75.562
1591203600,75.562,75.586,75.326,75.386
1591218000,75.386,75.578,75.008,75.199
1591232400,75.199,75.307,75.05,75.262
1591246800,75.262,75.434,75.052,75.239
1591261200,75.239,75.527,74.864,75.178
1591275600,75.178,76.206,75.11,75.508
1591290000,75.508,75.905,75.506,75.782
1591304400,75.782,75.934,75.594,75.621
1591318800,75.621,76.162,75.603,76.132
1591333200,76.132,76.704,76.012,76.194
1591347600,76.194,76.537,76.064,76.419
1591362000,76.419,76.75,76.33,76.502
1591376400,76.502,76.51,76.272,76.374
1591563600,76.374,76.79,76.35,76.448
1591578000,76.448,76.546,76.216,76.282
1591592400,76.282,76.668,76.2,76.62
1591606800,76.62,76.634,76.244,76.29
1591621200,76.29,76.386,75.558,75.753
1591635600,75.753,76.2,75.753,76.125
1591650000,76.125,76.272,75.788,75.817
1591664400,75.817,75.838,75.396,75.427
1591678800,75.427,75.646,74.472,74.612
1591693200,74.612,75.24,74.494,74.832
1591707600,74.832,75.232,74.764,75.006
1591722000,75.006,75.091,74.964,75.006
1591736400,75.006,75.038,74.727,74.817
1591750800,74.817,75.108,74.765,74.964
1591765200,74.964,75.304,74.878,75.095
1591779600,75.095,75.416,74.953,75.26
1591794000,75.26,75.311,74.944,75.082
1591808400,75.082,75.616,74.897,74.972
1591822800,74.972,75.038,74.494,74.714
1591837200,74.714,74.828,73.988,74.233
1591851600,74.233,74.347,73.871,74.164
1591866000,74.164,74.384,73.708,73.769
1591880400,73.769,73.904,73.236,73.333
1591894800,73.333,73.424,73.089,73.248
1591909200,73.248,73.282,72.6,72.602
1591923600,72.602,73.477,72.532,73.322
1591938000,73.322,74.18,73.265,74.013
1591952400,74.013,74.304,73.693,73.886
1591966800,73.886,74.154,73.19,73.494
1591981200,73.494,73.79,73.202,73.736
1592168400,73.736,73.736,72.968,73.024
1592182800,73.024,73.44,72.979,73.06
1592197200,73.06,73.25,72.648,73.197
1592211600,73.197,73.454,72.894,73.322
1592226000,73.322,73.794,73.29,73.726
1592240400,73.726,74.345,73.689,74.266
1592254800,74.266,74.86,74.204,74.586
1592269200,74.586,75.092,74.406,74.712
1592283600,74.712,74.837,74.002,74.41
1592298000,74.41,74.682,74.102,74.59
1592312400,74.59,74.627,73.323,73.99
1592326800,73.99,74.008,73.738,73.932
1592341200,73.932,74.094,73.495,73.79
1592355600,73.79,73.894,73.47,73.697
1592370000,73.697,74.31,73.613,74.15
1592384400,74.15,74.159,73.714,74.019
1592398800,74.019,74.202,73.668,74.072
1592413200,74.072,74.13,73.558,73.666
1592427600,73.666,73.83,73.306,73.406
1592442000,73.406,73.578,72.991,73.481
1592456400,73.481,73.898,73.324,73.802
1592470800,73.802,73.823,73.233,73.242
1592485200,73.242,73.328,72.99,73.134
1592499600,73.134,73.328,73.082,73.305
1592514000,73.305,73.504,73.138,73.216
1592528400,73.216,73.401,73.15,73.262
1592542800,73.262,73.587,73.232,73.396
1592557200,73.396,73.827,73.367,73.785
1592571600,73.785,73.792,72.977,73.268
1592586000,73.268,73.276,73.036,73.054
1592773200,73.054,73.054,72.736,72.944
1592787600,72.944,73.506,72.942,73.446
1592802000,73.446,73.676,73.23,73.616
1592816400,73.616,73.714,73.367,73.556
1592830800,73.556,73.99,73.456,73.936
1592845200,73.936,73.98,73.806,73.858
1592859600,73.858,74.147,73.802,74.032
1592874000,74.032,74.25,73.208,74.014
1592888400,74.014,74.306,73.818,74.078
1592902800,74.078,74.422,74,74.29
1592917200,74.29,74.303,73.824,73.914
1592931600,73.914,73.974,73.742,73.827
1592946000,73.827,74.116,73.762,74.024
1592960400,74.024,74.166,73.826,73.976
1592974800,73.976,74.062,73.5,73.708
1592989200,73.708,73.84,73.456,73.808
1593003600,73.808,73.842,73.311,73.612
1593018000,73.612,73.641,73.429,73.525
1593032400,73.525,73.586,73.316,73.531
1593046800,73.531,73.626,73.404,73.546
1593061200,73.546,73.79,73.324,73.778
1593075600,73.778,73.873,73.584,73.71
1593090000,73.71,73.838,73.484,73.703
1593104400,73.703,73.858,73.623,73.826
1593118800,73.826,73.912,73.558,73.713
1593133200,73.713,73.882,73.695,73.78
1593147600,73.78,73.808,73.538,73.598
1593162000,73.598,73.648,73.466,73.554
1593176400,73.554,73.618,73.31,73.592
1593190800,73.592,73.642,73.495,73.61
1593378000,73.61,73.742,73.352,73.74
1593392400,73.74,73.823,73.524,73.596
1593406800,73.596,73.817,73.58,73.693
1593421200,73.693,73.828,73.606,73.723
1593435600,73.723,73.991,73.61,73.858
1593450000,73.858,73.894,73.803,73.87
1593464400,73.87,74.016,73.771,73.916
1593478800,73.916,74.192,73.915,74.139
1593493200,74.139,74.162,73.714,73.752
1593507600,73.752,73.954,73.61,73.931
1593522000,73.931,74.503,73.866,74.29
1593536400,74.29,74.598,74.288,74.508
1593550800,74.508,74.688,74.458,74.672
1593565200,74.672,74.7,74.148,74.185
1593579600,74.185,74.406,74.114,74.338
1593594000,74.338,74.349,73.919,74.231
1593608400,74.231,74.598,74.201,74.322
1593622800,74.322,74.384,74.199,74.312
1593637200,74.312,74.36,74.182,74.312
1593651600,74.312,74.447,74.21,74.358
1593666000,74.358,74.518,74.329,74.429
1593680400,74.429,74.615,74.328,74.498
1593694800,74.498,74.707,74.242,74.432
1593709200,74.432,74.496,74.385,74.465
1593723600,74.465,74.483,74.328,74.406
1593738000,74.406,74.516,74.366,74.464
1593752400,74.464,74.618,74.44,74.536
1593766800,74.536,74.632,74.454,74.608
1593781200,74.608,74.65,74.507,74.622
1593795600,74.622,74.686,74.523,74.616
1593982800,74.616,74.907,74.485,74.86
1593997200,74.86,75.052,74.841,74.954
1594011600,74.954,75.161,74.886,74.902
1594026000,74.902,75.064,74.766,75.032
1594040400,75.032,75.127,74.924,74.943
1594054800,74.943,74.974,74.795,74.884
1594069200,74.884,75.063,74.816,74.984
1594083600,74.984,75.026,74.697,74.815
1594098000,74.815,74.922,74.568,74.58
1594112400,74.58,74.83,74.563,74.818
1594126800,74.818,75.062,74.787,74.884
1594141200,74.884,74.91,74.632,74.691
1594155600,74.691,74.811,74.618,74.694
1594170000,74.694,74.827,74.58,74.608
1594184400,74.608,74.734,74.508,74.65
1594198800,74.65,74.785,74.556,74.72
1594213200,74.72,74.959,74.7,74.836
1594227600,74.836,74.937,74.792,74.874
1594242000,74.874,75.007,74.871,74.872
1594256400,74.872,75.004,74.81,74.994
1594270800,74.994,75.062,74.828,74.934
1594285200,74.934,75.004,74.872,74.914
1594299600,74.914,74.954,74.57,74.638
1594314000,74.638,74.697,74.585,74.658
1594328400,74.658,74.688,74.276,74.346
1594342800,74.346,74.427,74.177,74.18
1594357200,74.18,74.241,73.986,74.124
1594371600,74.124,74.354,74.122,74.239
1594386000,74.239,74.396,74.12,74.22
1594400400,74.22,74.351,74.188,74.31
1594587600,74.31,74.409,74.194,74.284
1594602000,74.284,74.51,74.284,74.502
1594616400,74.502,74.659,74.5,74.548
1594630800,74.548,74.748,74.492,74.67
1594645200,74.67,75.006,74.658,74.815
1594659600,74.815,74.88,74.431,74.459
1594674000,74.459,74.534,74.346,74.373
1594688400,74.373,74.522,74.296,74.522
1594702800,74.522,74.619,74.247,74.526
1594717200,74.526,74.779,74.494,74.6
1594731600,74.6,74.768,74.451,74.686
1594746000,74.686,74.824,74.654,74.806
1594760400,74.806,75.094,74.748,75.036
1594774800,75.036,75.28,74.96,75.032
1594789200,75.032,75.138,74.8,74.854
1594803600,74.854,75.116,74.803,75.044
1594818000,75.044,75.104,74.796,74.846
1594832400,74.846,74.949,74.814,74.942
1594846800,74.942,75.036,74.747,74.828
1594861200,74.828,75.007,74.684,74.74
1594875600,74.74,74.859,74.69,74.749
1594890000,74.749,74.879,74.692,74.828
1594904400,74.828,75.1,74.786,74.905
1594918800,74.905,74.928,74.77,74.792
1594933200,74.792,74.97,74.754,74.885
1594947600,74.885,74.962,74.796,74.879
1594962000,74.879,74.934,74.784,74.918
1594976400,74.918,74.932,74.797,74.813
1594990800,74.813,74.928,74.755,74.876
1595005200,74.876,74.92,74.826,74.87
1595192400,74.87,75.149,74.82,75.067
1595206800,75.067,75.092,74.853,74.958
1595221200,74.958,75.012,74.878,75
1595235600,75,75.036,74.912,74.944
1595250000,74.944,75.162,74.918,75.154
1595264400,75.154,75.306,75.148,75.268
1595278800,75.268,75.392,75.219,75.308
1595293200,75.308,75.422,75.214,75.334
1595307600,75.334,75.727,75.322,75.695
1595322000,75.695,76.1,75.656,76.034
1595336400,76.034,76.064,75.826,75.986
1595350800,75.986,76.316,75.949,76.136
1595365200,76.136,76.322,76.053,76.132
1595379600,76.132,76.309,76.111,76.282
1595394000,76.282,76.542,76.056,76.27
1595408400,76.27,76.87,76.22,76.752
1595422800,76.752,76.754,76.426,76.574
1595437200,76.574,76.612,76.488,76.514
1595451600,76.514,76.608,76.459,76.484
1595466000,76.484,76.645,76.426,76.608
1595480400,76.608,76.71,76.476,76.596
1595494800,76.596,76.628,76.02,76.021
1595509200,76.021,76.295,76.01,76.123
1595523600,76.123,76.14,75.776,75.856
1595538000,75.856,75.974,75.707,75.861
1595552400,75.861,75.902,75.338,75.396
1595566800,75.396,75.539,75.138,75.356
1595581200,75.356,75.427,75.152,75.189
1595595600,75.189,75.238,74.928,74.95
1595610000,74.95,75.438,74.866,75.42
1595797200,75.42,75.426,75.08,75.308
1595811600,75.308,75.409,75.225,75.34
1595826000,75.34,75.356,75.098,75.163
1595840400,75.163,75.228,75.014,75.164
1595854800,75.164,75.226,75.007,75.104
1595869200,75.104,75.356,75.093,75.34
1595883600,75.34,75.412,75.246,75.316
1595898000,75.316,75.58,75.29,75.39
1595912400,75.39,75.42,75.116,75.283
1595926800,75.283,75.304,75.032,75.184
1595941200,75.184,75.337,75.009,75.236
1595955600,75.236,75.313,75.158,75.227
1595970000,75.227,75.41,75.156,75.4
1595984400,75.4,75.411,75.174,75.248
1595998800,75.248,75.417,75.198,75.343
1596013200,75.343,75.412,75.28,75.382
1596027600,75.382,75.518,75.24,75.281
1596042000,75.281,75.472,75.259,75.413
1596056400,75.413,75.48,75.314,75.442
1596070800,75.442,75.462,75.348,75.368
1596085200,75.368,75.404,74.892,74.99
1596099600,74.99,75.213,74.978,75.084
1596114000,75.084,75.215,74.828,75.07
1596128400,75.07,75.396,75.05,75.35
1596142800,75.35,75.442,75.274,75.319
1596157200,75.319,75.364,75.016,75.34
1596171600,75.34,75.423,75.146,75.284
1596186000,75.284,75.556,75.206,75.545
1596200400,75.545,75.925,75.492,75.625
1596214800,75.625,75.682,75.476,75.618
1596402000,75.618,75.808,75.419,75.67
1596416400,75.67,75.708,75.46,75.544
1596430800,75.544,75.652,75.234,75.241
1596445200,75.241,75.498,75.1,75.36
1596459600,75.36,75.498,75.276,75.481
1596474000,75.481,75.508,75.434,75.473
1596488400,75.473,75.573,75.388,75.509
1596502800,75.509,75.714,75.478,75.644
1596517200,75.644,75.783,75.517,75.694
1596531600,75.694,75.784,75.568,75.59
1596546000,75.59,75.772,75.511,75.642
1596560400,75.642,75.747,75.577,75.706
1596574800,75.706,75.822,75.658,75.722
1596589200,75.722,75.924,75.7,75.892
1596603600,75.892,76.099,75.833,76.097
1596618000,76.097,76.411,76.074,76.26
1596632400,76.26,76.337,76.009,76.02
1596646800,76.02,76.03,75.912,75.936
1596661200,75.936,76.134,75.904,76.076
1596675600,76.076,76.106,75.839,75.988
1596690000,75.988,76.064,75.826,75.92
1596704400,75.92,75.984,75.664,75.966
1596718800,75.966,76.319,75.862,76.319
1596733200,76.319,76.439,76.243,76.373
1596747600,76.373,76.441,76.214,76.36
1596762000,76.36,76.366,75.997,76.074
1596776400,76.074,76.268,75.99,76.182
1596790800,76.182,76.258,76.064,76.122
1596805200,76.122,76.122,75.792,75.86
1596819600,75.86,75.885,75.726,75.817
1597006800,75.817,75.921,75.704,75.782
1597021200,75.782,75.869,75.71,75.756
1597035600,75.756,75.868,75.742,75.863
1597050000,75.863,75.908,75.798,75.897
1597064400,75.897,76.02,75.688,75.804
1597078800,75.804,75.82,75.717,75.748
1597093200,75.748,75.944,75.726,75.865
1597107600,75.865,76.208,75.858,76.179
1597122000,76.179,76.25,75.982,76.119
1597136400,76.119,76.227,76.108,76.155
1597150800,76.155,76.332,76.07,76.316
1597165200,76.316,76.335,75.983,76.069
1597179600,76.069,76.208,76.02,76.07
1597194000,76.07,76.141,75.86,75.96
1597208400,75.96,76.17,75.894,76.118
1597222800,76.118,76.427,76.071,76.324
1597237200,76.324,76.718,76.29,76.605
1597251600,76.605,76.633,76.496,76.556
1597266000,76.556,76.693,76.474,76.55
1597280400,76.55,76.678,76.456,76.504
1597294800,76.504,76.536,76.349,76.514
1597309200,76.514,76.703,76.468,76.666
1597323600,76.666,76.691,76.491,76.554
1597338000,76.554,76.582,76.318,76.441
1597352400,76.441,76.544,76.368,76.372
1597366800,76.372,76.448,76.279,76.387
1597381200,76.387,76.505,76.24,76.282
1597395600,76.282,76.34,76.151,76.24
1597410000,76.24,76.4,76.184,76.374
1597424400,76.374,76.502,76.37,76.444
1597611600,76.444,76.676,76.333,76.65
1597626000,76.65,76.672,76.451,76.492
1597640400,76.492,76.556,76.353,76.455
1597654800,76.455,76.482,76.362,76.456
1597669200,76.456,76.617,76.351,76.434
1597683600,76.434,76.546,76.407,76.477
1597698000,76.477,76.536,76.394,76.424
1597712400,76.424,76.48,76.158,76.317
1597726800,76.317,76.408,76.179,76.388
1597741200,76.388,76.522,76.294,76.482
1597755600,76.482,76.55,76.12,76.275
1597770000,76.275,76.396,76.26,76.346
1597784400,76.346,76.389,76.198,76.29
1597798800,76.29,76.412,76.268,76.39
1597813200,76.39,76.68,76.384,76.601
1597827600,76.601,76.668,76.428,76.508
1597842000,76.508,76.607,76.41,76.434
1597856400,76.434,76.463,76.147,76.222
1597870800,76.222,76.314,76.117,76.24
1597885200,76.24,76.276,76.052,76.15
1597899600,76.15,76.158,75.766,75.817
1597914000,75.817,75.954,75.712,75.728
1597928400,75.728,76.008,75.613,75.975
1597942800,75.975,76.176,75.975,76.096
1597957200,76.096,76.276,76.036,76.188
1597971600,76.188,76.198,76.022,76.052
1597986000,76.052,76.086,75.664,75.778
1598000400,75.778,75.924,75.72,75.748
1598014800,75.748,75.869,75.65,75.677
1598029200,75.677,75.845,75.632,75.772
1598216400,75.772,75.908,75.639,75.734
1598230800,75.734,75.9,75.726,75.834
1598245200,75.834,76.06,75.832,75.981
1598259600,75.981,76.149,75.963,76.121
1598274000,76.121,76.149,75.89,75.94
1598288400,75.94,75.985,75.818,75.903
1598302800,75.903,76.073,75.862,76.068
1598317200,76.068,76.095,75.912,75.98
1598331600,75.98,76.178,75.946,76.15
1598346000,76.15,76.496,76.141,76.408
1598360400,76.408,76.498,76.292,76.336
1598374800,76.336,76.562,76.327,76.548
1598389200,76.548,76.769,76.492,76.654
1598403600,76.654,76.748,76.511,76.519
1598418000,76.519,76.582,76.43,76.552
1598432400,76.552,76.601,76.464,76.574
1598446800,76.574,76.751,76.556,76.672
1598461200,76.672,76.735,76.596,76.668
1598475600,76.668,76.73,76.601,76.718
1598490000,76.718,76.83,76.628,76.69
1598504400,76.69,77.018,76.668,76.922
1598518800,76.922,77.006,76.805,76.966
1598533200,76.966,77.396,76.784,77.26
1598547600,77.26,77.428,77.226,77.364
1598562000,77.364,77.582,77.32,77.457
1598576400,77.457,77.96,77.418,77.818
1598590800,77.818,77.836,77.367,77.438
1598605200,77.438,77.467,77.093,77.399
1598619600,77.399,77.532,77.296,77.415
1598634000,77.415,77.629,77.379,77.612
1598821200,77.612,77.875,77.506,77.538
1598835600,77.538,77.784,77.413,77.658
1598850000,77.658,77.919,77.528,77.914
1598864400,77.914,78.096,77.812,78.035
1598878800,78.035,78.462,78.014,78.203
1598893200,78.203,78.26,78.066,78.111
1598907600,78.111,78.362,78.016,78.037
1598922000,78.037,78.315,78.016,78.244
1598936400,78.244,78.338,78.052,78.09
1598950800,78.09,78.268,78.016,78.201
1598965200,78.201,78.285,78.106,78.214
1598979600,78.214,78.243,78.01,78.112
1598994000,78.112,78.176,78.018,78.076
1599008400,78.076,78.086,77.788,78
1599022800,78,78.098,77.842,77.969
1599037200,77.969,78.027,77.826,77.859
1599051600,77.859,77.882,77.54,77.792
1599066000,77.792,77.939,77.728,77.928
1599080400,77.928,77.936,77.769,77.781
1599094800,77.781,77.884,77.65,77.754
1599109200,77.754,77.774,77.548,77.741
1599123600,77.741,77.741,77.54,77.624
1599138000,77.624,77.736,77.088,77.118
1599152400,77.118,77.257,77.068,77.238
1599166800,77.238,77.242,76.938,77.151
1599181200,77.151,77.284,77.14,77.19
1599195600,77.19,77.448,77.061,77.431
1599210000,77.431,77.474,77.205,77.342
1599224400,77.342,77.378,76.774,77.372
1599238800,77.372,77.527,77.32,77.36
1599426000,77.36,77.606,77.259,77.501
1599440400,77.501,77.528,77.364,77.402
1599454800,77.402,77.437,77.242,77.329
1599469200,77.329,77.4,77.266,77.344
1599483600,77.344,77.414,77.308,77.408
1599498000,77.408,77.41,77.323,77.332
1599512400,77.332,77.432,77.33,77.356
1599526800,77.356,77.388,77.284,77.336
1599541200,77.336,77.646,77.24,77.263
1599555600,77.263,77.309,76.638,76.734
1599570000,76.734,76.832,76.462,76.697
1599584400,76.697,76.756,76.456,76.492
1599598800,76.492,76.537,76.118,76.474
1599613200,76.474,76.561,76.346,76.508
1599627600,76.508,76.764,76.258,76.618
1599642000,76.618,77.132,76.558,77.046
1599656400,77.046,77.345,77.028,77.318
1599670800,77.318,77.427,77.208,77.332
1599685200,77.332,77.388,77.158,77.17
1599699600,77.17,77.196,77.086,77.127
1599714000,77.127,77.312,77.046,77.109
1599728400,77.109,77.404,77.09,77.326
1599742800,77.326,77.736,77.214,77.278
1599757200,77.278,77.375,76.928,77.026
1599771600,77.026,77.191,76.995,77.158
1599786000,77.158,77.272,77.132,77.252
1599800400,77.252,77.534,77.236,77.49
1599814800,77.49,77.589,77.344,77.378
1599829200,77.378,77.466,77.216,77.229
1599843600,77.229,77.34,77.065,77.334
1600030800,77.334,77.356,77.16,77.168
1600045200,77.168,77.324,77.157,77.239
1600059600,77.239,77.29,77.045,77.087
1600074000,77.087,77.15,77.01,77.076
1600088400,77.076,77.162,76.959,77.056
1600102800,77.056,77.124,76.958,77.072
1600117200,77.072,77.105,76.84,76.878
1600131600,76.878,77.412,76.787,77.384
1600146000,77.384,77.496,77.286,77.38
1600160400,77.38,77.509,77.232,77.304
1600174800,77.304,77.359,76.929,77.028
1600189200,77.028,77.086,76.936,76.997
1600203600,76.997,77.018,76.736,76.876
1600218000,76.876,77.096,76.756,77.056
1600232400,77.056,77.135,76.99,77.065
1600246800,77.065,77.184,76.831,76.852
1600261200,76.852,77.016,76.761,76.85
1600275600,76.85,76.901,76.448,76.675
1600290000,76.675,76.734,76.344,76.428
1600304400,76.428,76.788,76.232,76.335
1600318800,76.335,76.494,76.106,76.433
1600333200,76.433,76.49,76.218,76.26
1600347600,76.26,76.526,76.146,76.405
1600362000,76.405,76.61,76.366,76.602
1600376400,76.602,76.856,76.545,76.636
1600390800,76.636,76.786,76.574,76.678
1600405200,76.678,76.71,76.345,76.354
1600419600,76.354,76.372,75.985,76.143
1600434000,76.143,76.438,76.056,76.39
1600448400,76.39,76.454,76.214,76.246
1600635600,76.246,76.388,76.107,76.342
1600650000,76.342,76.388,76.207,76.344
1600664400,76.344,76.394,75.67,75.792
1600678800,75.792,75.921,75.376,75.486
1600693200,75.486,75.926,75.266,75.492
1600707600,75.492,75.66,75.464,75.602
1600722000,75.602,75.772,75.443,75.504
1600736400,75.504,75.556,75.175,75.478
1600750800,75.478,75.478,75.124,75.37
1600765200,75.37,75.55,75.296,75.424
1600779600,75.424,75.698,75.156,75.165
1600794000,75.165,75.3,75.116,75.262
1600808400,75.262,75.392,74.987,74.997
1600822800,74.997,75.158,74.769,74.868
1600837200,74.868,75.016,74.714,74.874
1600851600,74.874,74.932,74.724,74.768
1600866000,74.768,74.934,74.62,74.856
1600880400,74.856,74.862,74.497,74.531
1600894800,74.531,74.664,74.361,74.546
1600909200,74.546,74.63,74.22,74.238
1600923600,74.238,74.286,74.002,74.258
1600938000,74.258,74.387,73.974,74.028
1600952400,74.028,74.414,73.977,74.404
1600966800,74.404,74.526,74.242,74.28
1600981200,74.28,74.444,74.254,74.406
1600995600,74.406,74.508,74.359,74.485
1601010000,74.485,74.629,74.314,74.539
1601024400,74.539,74.548,74.056,74.214
1601038800,74.214,74.271,74.016,74.107
1601053200,74.107,74.289,74.083,74.23
1601240400,74.23,74.4,74.116,74.131
1601254800,74.131,74.43,74.128,74.351
1601269200,74.351,74.36,74.134,74.185
1601283600,74.185,74.56,74.135,74.478
1601298000,74.478,74.612,74.426,74.561
1601312400,74.561,74.648,74.541,74.619
1601326800,74.619,74.824,74.597,74.686
1601341200,74.686,74.784,74.616,74.784
1601355600,74.784,75.126,74.716,75.119
1601370000,75.119,75.382,75.082,75.272
1601384400,75.272,75.342,75.058,75.231
1601398800,75.231,75.429,75.19,75.329
1601413200,75.329,75.58,75.277,75.478
1601427600,75.478,75.544,75.026,75.074
1601442000,75.074,75.37,74.874,75.204
1601456400,75.204,75.468,75.092,75.398
1601470800,75.398,75.704,75.324,75.674
1601485200,75.674,75.686,75.432,75.582
1601499600,75.582,75.652,75.466,75.493
1601514000,75.493,75.765,75.49,75.681
1601528400,75.681,75.929,75.676,75.772
1601542800,75.772,76.054,75.76,75.924
1601557200,75.924,75.998,75.681,75.842
1601571600,75.842,75.943,75.71,75.812
1601586000,75.812,75.881,75.608,75.65
1601600400,75.65,75.762,75.312,75.376
1601614800,75.376,75.5,74.933,75.204
1601629200,75.204,75.39,75.09,75.208
1601643600,75.208,75.576,75.132,75.44
1601658000,75.44,75.487,75.347,75.426
1601845200,75.426,75.912,75.409,75.811
1601859600,75.811,75.877,75.741,75.815
1601874000,75.815,75.888,75.644,75.856
1601888400,75.856,75.926,75.777,75.83
1601902800,75.83,76.038,75.78,75.998
1601917200,75.998,76.005,75.814,75.953
1601931600,75.953,76.083,75.854,76.014
1601946000,76.014,76.17,75.895,75.95
1601960400,75.95,75.966,75.488,75.572
1601974800,75.572,75.726,75.468,75.68
1601989200,75.68,75.73,75.476,75.549
1602003600,75.549,75.588,75.006,75.008
1602018000,75.008,75.194,74.95,75.092
1602032400,75.092,75.336,74.995,75.314
1602046800,75.314,75.67,75.26,75.647
1602061200,75.647,75.694,75.524,75.656
1602075600,75.656,75.757,75.573,75.69
1602090000,75.69,75.743,75.603,75.635
1602104400,75.635,75.708,75.606,75.622
1602118800,75.622,75.728,75.526,75.71
1602133200,75.71,75.981,75.702,75.933
1602147600,75.933,75.978,75.838,75.904
1602162000,75.904,75.926,75.753,75.918
1602176400,75.918,76.022,75.896,75.939
1602190800,75.939,76.086,75.929,75.985
1602205200,75.985,76.078,75.937,75.986
1602219600,75.986,76.174,75.983,76.118
1602234000,76.118,76.376,76.064,76.338
1602248400,76.338,76.522,76.276,76.45
1602262800,76.45,76.5,76.381,76.474
1602450000,76.474,76.535,76.195,76.249
1602464400,76.249,76.372,76.186,76.254
1602478800,76.254,76.353,76.187,76.235
1602493200,76.235,76.254,76.004,76.028
1602507600,76.028,76.028,75.87,75.99
1602522000,75.99,76.015,75.922,75.928
1602536400,75.928,76.018,75.564,75.662
1602550800,75.662,75.738,75.464,75.735
1602565200,75.735,75.922,75.62,75.896
1602579600,75.896,75.949,75.772,75.772
1602594000,75.772,75.784,75.522,75.568
1602608400,75.568,75.568,75.442,75.524
1602622800,75.524,75.648,75.494,75.576
1602637200,75.576,75.636,75.366,75.598
1602651600,75.598,75.69,75.462,75.615
1602666000,75.615,75.72,75.522,75.607
1602680400,75.607,75.628,75.195,75.332
1602694800,75.332,75.368,75.277,75.32
1602709200,75.32,75.369,74.977,75.116
1602723600,75.116,75.261,75,75.114
1602738000,75.114,75.15,74.45,74.451
1602752400,74.451,74.606,74.328,74.366
1602766800,74.366,74.697,74.258,74.672
1602781200,74.672,74.85,74.652,74.801
1602795600,74.801,74.832,74.554,74.574
1602810000,74.574,74.672,74.394,74.406
1602824400,74.406,74.702,74.406,74.538
1602838800,74.538,74.693,74.424,74.637
1602853200,74.637,74.737,74.493,74.689
1602867600,74.689,74.709,74.584,74.625
1603054800,74.625,74.954,74.524,74.86
1603069200,74.86,74.931,74.672,74.706
1603083600,74.706,74.89,74.692,74.798
1603098000,74.798,74.932,74.798,74.825
1603112400,74.825,74.881,74.69,74.711
1603126800,74.711,74.73,74.41,74.587
1603141200,74.587,74.587,74.303,74.474
1603155600,74.474,74.479,74.29,74.328
1603170000,74.328,74.388,74.204,74.275
1603184400,74.275,74.425,74.204,74.303
1603198800,74.303,74.578,74.209,74.544
1603213200,74.544,74.614,74.312,74.354
1603227600,74.354,74.505,74.328,74.427
1603242000,74.427,74.61,74.422,74.554
1603256400,74.554,74.613,74.212,74.222
1603270800,74.222,74.412,74.206,74.316
1603285200,74.316,74.583,74.237,74.512
1603299600,74.512,74.546,74.386,74.436
1603314000,74.436,74.458,74.245,74.342
1603328400,74.342,74.391,74.19,74.266
1603342800,74.266,74.392,74.22,74.352
1603357200,74.352,74.38,74.246,74.312
1603371600,74.312,74.596,74.294,74.59
1603386000,74.59,74.676,74.552,74.614
1603400400,74.614,74.858,74.526,74.605
1603414800,74.605,74.67,74.435,74.473
1603429200,74.473,74.766,74.372,74.742
1603443600,74.742,74.926,74.719,74.782
1603458000,74.782,74.804,74.436,74.569
1603472400,74.569,74.8,74.569,74.736
1603659600,74.736,74.767,74.502,74.622
1603674000,74.622,74.752,74.59,74.64
1603688400,74.64,74.754,74.51,74.736
1603702800,74.736,74.945,74.722,74.766
1603717200,74.766,74.86,74.596,74.614
1603731600,74.614,74.8,74.534,74.676
1603746000,74.676,74.754,74.56,74.73
1603760400,74.73,74.748,74.61,74.727
1603774800,74.727,74.786,74.598,74.608
1603789200,74.608,74.685,74.498,74.646
1603803600,74.646,74.662,74.462,74.591
1603818000,74.591,74.627,74.426,74.438
1603832400,74.438,74.484,74.306,74.427
1603846800,74.427,74.532,74.364,74.472
1603861200,74.472,74.632,74.204,74.31
1603875600,74.31,74.354,73.628,73.75
1603890000,73.75,73.76,73.392,73.644
1603904400,73.644,73.679,73.46,73.496
1603918800,73.496,73.763,73.486,73.702
1603933200,73.702,73.844,73.68,73.747
1603947600,73.747,73.854,73.422,73.473
1603962000,73.473,73.552,73.204,73.309
1603976400,73.309,73.622,73.138,73.38
1603990800,73.38,73.682,73.326,73.529
1604005200,73.529,73.612,73.465,73.564
1604019600,73.564,73.708,73.493,73.504
1604034000,73.504,73.523,73.145,73.409
1604048400,73.409,73.846,73.373,73.834
1604062800,73.834,73.922,73.376,73.507
1604077200,73.507,73.622,73.39,73.552
1604268000,73.552,73.558,73.186,73.516
1604282400,73.516,73.536,73.281,73.362
1604296800,73.362,73.662,73.231,73.617
1604311200,73.617,73.809,73.565,73.775
1604325600,73.775,73.94,73.731,73.818
1604340000,73.818,73.96,73.774,73.887
1604354400,73.887,73.98,73.798,73.946
1604368800,73.946,73.948,73.61,73.762
1604383200,73.762,74.677,73.684,74.598
1604397600,74.598,74.791,74.446,74.584
1604412000,74.584,75.016,74.584,74.812
1604426400,74.812,74.947,74.634,74.862
1604440800,74.862,75.476,74.582,74.686
1604455200,74.686,75.012,74.164,74.579
1604469600,74.579,74.672,74.079,74.448
1604484000,74.448,74.832,74.248,74.578
1604498400,74.578,75.153,74.449,75.07
1604512800,75.07,75.204,74.934,75.05
1604527200,75.05,75.065,74.692,74.74
1604541600,74.74,74.874,74.564,74.775
1604556000,74.775,75.262,74.743,75.184
1604570400,75.184,75.346,74.96,75.143
1604584800,75.143,75.417,75.042,75.361
1604599200,75.361,75.464,75.207,75.389
1604613600,75.389,75.39,75.174,75.314
1604628000,75.314,75.316,74.972,75.19
1604642400,75.19,75.352,75.032,75.14
1604656800,75.14,75.222,74.902,75.102
1604671200,75.102,75.258,75.004,75.098
1604685600,75.098,75.128,74.972,75.033
1604872800,75.033,75.307,75.033,75.266
1604887200,75.266,75.57,75.218,75.554
1604901600,75.554,75.57,75.329,75.399
1604916000,75.399,77.04,75.365,76.822
1604930400,76.822,77.005,76.704,76.846
1604944800,76.846,76.956,76.656,76.78
1604959200,76.78,76.78,76.332,76.339
1604973600,76.339,76.495,76.247,76.413
1604988000,76.413,76.776,76.398,76.776
1605002400,76.776,76.826,76.42,76.465
1605016800,76.465,76.742,76.397,76.66
1605031200,76.66,76.724,76.573,76.7
1605045600,76.7,76.744,76.509,76.628
1605060000,76.628,76.922,76.574,76.896
1605074400,76.896,77.101,76.812,76.958
1605088800,76.958,76.973,76.65,76.794
1605103200,76.794,76.812,76.662,76.802
1605117600,76.802,76.834,76.678,76.769
1605132000,76.769,76.826,76.64,76.667
1605146400,76.667,76.722,76.486,76.508
1605160800,76.508,76.686,76.297,76.658
1605175200,76.658,76.695,76.344,76.492
1605189600,76.492,76.514,76.146,76.217
1605204000,76.217,76.219,75.92,76.026
1605218400,76.026,76.125,75.799,75.822
1605232800,75.822,75.904,75.76,75.85
1605247200,75.85,76.172,75.848,76.152
1605261600,76.152,76.306,75.892,75.982
1605276000,75.982,76.047,75.796,76.046
1605290400,76.046,76.1,75.978,76.078
1605477600,76.078,76.372,76.02,76.244
1605492000,76.244,76.292,76.15,76.192
1605506400,76.192,76.3,76.093,76.2
1605520800,76.2,76.775,76.142,76.504
1605535200,76.504,76.627,76.23,76.5
1605549600,76.5,76.572,76.408,76.552
1605564000,76.552,76.572,76.425,76.474
1605578400,76.474,76.562,76.448,76.482
1605592800,76.482,76.526,76.269,76.432
1605607200,76.432,76.474,76.072,76.142
1605621600,76.142,76.142,75.897,76.117
1605636000,76.117,76.157,76.046,76.066
1605650400,76.066,76.071,75.698,75.768
1605664800,75.768,75.944,75.765,75.856
1605679200,75.856,76.16,75.776,76.058
1605693600,76.058,76.086,75.9,75.916
1605708000,75.916,76.042,75.817,76.034
1605722400,76.034,76.123,75.826,75.846
1605736800,75.846,75.875,75.678,75.744
1605751200,75.744,75.76,75.608,75.674
1605765600,75.674,75.839,75.516,75.614
1605780000,75.614,75.7,75.518,75.634
1605794400,75.634,75.654,75.406,75.525
1605808800,75.525,75.728,75.524,75.604
1605823200,75.604,75.702,75.408,75.7
1605837600,75.7,75.802,75.591,75.716
1605852000,75.716,75.786,75.625,75.634
1605866400,75.634,75.936,75.628,75.852
1605880800,75.852,75.978,75.798,75.901
1605895200,75.901,75.925,75.814,75.855
1606082400,75.855,76.012,75.782,75.978
1606096800,75.978,75.988,75.856,75.9
1606111200,75.9,76.138,75.82,76.084
1606125600,76.084,76.102,75.894,75.956
1606140000,75.956,76.108,75.83,76.018
1606154400,76.018,76.22,75.986,76.178
1606168800,76.178,76.496,76.105,76.386
1606183200,76.386,76.545,76.351,76.382
1606197600,76.382,76.812,76.382,76.691
1606212000,76.691,76.774,76.6,76.692
1606226400,76.692,76.936,76.58,76.838
1606240800,76.838,76.92,76.82,76.887
1606255200,76.887,77.044,76.852,76.926
1606269600,76.926,76.974,76.628,76.649
1606284000,76.649,76.842,76.57,76.697
1606298400,76.697,76.788,76.644,76.697
1606312800,76.697,76.83,76.456,76.82
1606327200,76.82,76.988,76.794,76.944
1606341600,76.944,76.944,76.821,76.87
1606356000,76.87,76.896,76.738,76.804
1606370400,76.804,76.894,76.686,76.744
1606384800,76.744,76.819,76.665,76.705
1606399200,76.705,76.793,76.69,76.766
1606413600,76.766,76.849,76.69,76.76
1606428000,76.76,76.772,76.53,76.573
1606442400,76.573,76.712,76.499,76.71
1606456800,76.71,76.832,76.7,76.742
1606471200,76.742,76.89,76.662,76.859
1606485600,76.859,76.954,76.835,76.893
1606500000,76.893,76.941,76.818,76.88
1606687200,76.88,77.116,76.824,76.893
1606701600,76.893,76.893,76.713,76.748
1606716000,76.748,76.962,76.684,76.84
1606730400,76.84,76.902,76.716,76.892
1606744800,76.892,76.936,76.668,76.724
1606759200,76.724,76.735,76.576,76.593
1606773600,76.593,76.818,76.574,76.772
1606788000,76.772,76.978,76.728,76.904
1606802400,76.904,76.906,76.634,76.682
1606816800,76.682,76.804,76.646,76.795
1606831200,76.795,76.954,76.714,76.824
1606845600,76.824,76.954,76.82,76.908
1606860000,76.908,77.094,76.846,76.974
1606874400,76.974,77.078,76.909,76.966
1606888800,76.966,77.322,76.96,77.282
1606903200,77.282,77.306,76.956,76.967
1606917600,76.967,77.344,76.852,77.304
1606932000,77.304,77.482,77.258,77.429
1606946400,77.429,77.502,77.292,77.356
1606960800,77.356,77.482,77.315,77.415
1606975200,77.415,77.565,77.296,77.373
1606989600,77.373,77.456,77.261,77.296
1607004000,77.296,77.347,77.166,77.328
1607018400,77.328,77.438,77.206,77.226
1607032800,77.226,77.296,77.096,77.156
1607047200,77.156,77.226,77.09,77.21
1607061600,77.21,77.276,77.132,77.208
1607076000,77.208,77.228,77.034,77.191
1607090400,77.191,77.503,77.166,77.42
1607104800,77.42,77.478,77.344,77.366
1607292000,77.366,77.506,77.26,77.284
1607306400,77.284,77.334,77.237,77.332
1607320800,77.332,77.37,76.902,77.018
1607335200,77.018,77.266,76.924,77.233
1607349600,77.233,77.49,77.221,77.457
1607364000,77.457,77.457,77.172,77.226
1607378400,77.226,77.266,77.066,77.178
1607392800,77.178,77.292,77.173,77.234
1607407200,77.234,77.37,77.09,77.301
1607421600,77.301,77.31,77.153,77.176
1607436000,77.176,77.234,77.07,77.23
1607450400,77.23,77.254,77.12,77.206
1607464800,77.206,77.265,77.114,77.222
1607479200,77.222,77.528,77.19,77.522
1607493600,77.522,77.832,77.52,77.808
1607508000,77.808,77.944,77.759,77.939
1607522400,77.939,77.939,77.594,77.651
1607536800,77.651,77.651,77.426,77.589
1607551200,77.589,77.73,77.418,77.726
1607565600,77.726,78.102,77.704,78.009
1607580000,78.009,78.33,77.884,78.21
1607594400,78.21,78.406,78.188,78.291
1607608800,78.291,78.544,78.138,78.522
1607623200,78.522,78.586,78.424,78.556
1607637600,78.556,78.654,78.298,78.616
1607652000,78.616,78.784,78.527,78.592
1607666400,78.592,78.738,78.272,78.33
1607680800,78.33,78.514,78.299,78.412
1607695200,78.412,78.492,78.194,78.254
1607709600,78.254,78.435,78.234,78.392
1607896800,78.392,78.578,78.278,78.364
1607911200,78.364,78.502,78.332,78.492
1607925600,78.492,78.706,78.426,78.426
1607940000,78.426,78.583,78.377,78.466
1607954400,78.466,78.517,78.37,78.486
1607968800,78.486,78.524,78.34,78.404
1607983200,78.404,78.546,78.334,78.432
1607997600,78.432,78.45,78.166,78.27
1608012000,78.27,78.374,78.206,78.318
1608026400,78.318,78.35,78.184,78.209
1608040800,78.209,78.474,78.148,78.474
1608055200,78.474,78.52,78.302,78.364
1608069600,78.364,78.364,78.2,78.237
1608084000,78.237,78.32,78.127,78.164
1608098400,78.164,78.32,78.156,78.278
1608112800,78.278,78.298,78.164,78.248
1608127200,78.248,78.424,78.208,78.374
1608141600,78.374,78.434,78.306,78.389
1608156000,78.389,78.542,78.29,78.348
1608170400,78.348,78.501,78.288,78.47
1608184800,78.47,78.823,78.4,78.685
1608199200,78.685,78.728,78.522,78.572
1608213600,78.572,78.62,78.432,78.608
1608228000,78.608,78.657,78.551,78.592
1608242400,78.592,78.688,78.511,78.632
1608256800,78.632,78.658,78.438,78.459
1608271200,78.459,78.828,78.452,78.644
1608285600,78.644,78.739,78.574,78.583
1608300000,78.583,78.746,78.494,78.704
1608314400,78.704,78.77,78.618,78.743
1608501600,78.743,78.743,78.298,78.38
1608516000,78.38,78.435,78.184,78.26
1608530400,78.26,78.26,77.734,77.78
1608544800,77.78,77.992,77.496,77.879
1608559200,77.879,78.396,77.87,78.344
1608573600,78.344,78.529,78.314,78.395
1608588000,78.395,78.42,78.179,78.294
1608602400,78.294,78.33,78.118,78.212
1608616800,78.212,78.272,77.852,77.86
1608631200,77.86,78.216,77.86,78.151
1608645600,78.151,78.206,77.945,78.063
1608660000,78.063,78.098,77.938,77.962
1608674400,77.962,78.206,77.907,78.076
1608688800,78.076,78.178,78.024,78.082
1608703200,78.082,78.335,78.079,78.276
1608717600,78.276,78.328,78.115,78.286
1608732000,78.286,78.586,78.283,78.469
1608746400,78.469,78.573,78.428,78.466
1608760800,78.466,78.664,78.383,78.59
1608775200,78.59,78.636,78.489,78.555
1608789600,78.555,78.774,78.555,78.721
1608804000,78.721,78.828,78.672,78.796
1608818400,78.796,78.848,78.694,78.798
1608832800,78.798,78.83,78.629,78.768
1609106400,78.768,78.844,78.582,78.75
1609120800,78.75,78.884,78.726,78.774
1609135200,78.774,78.869,78.698,78.754
1609149600,78.754,78.756,78.551,78.622
1609164000,78.622,78.754,78.482,78.634
1609178400,78.634,78.704,78.584,78.67
1609192800,78.67,78.814,78.596,78.774
1609207200,78.774,78.816,78.714,78.782
1609221600,78.782,78.85,78.72,78.788
1609236000,78.788,78.934,78.746,78.917
1609250400,78.917,78.96,78.757,78.831
1609264800,78.831,78.836,78.754,78.802
1609279200,78.802,78.94,78.725,78.889
1609293600,78.889,79.177,78.889,79.121
1609308000,79.121,79.143,78.942,78.962
1609322400,78.962,79.147,78.941,78.966
1609336800,78.966,79.398,78.963,79.292
1609351200,79.292,79.352,79.234,79.305
1609365600,79.305,79.48,79.215,79.469
1609380000,79.469,79.474,79.314,79.448
1609394400,79.448,79.582,79.327,79.356
1609408800,79.356,79.793,79.353,79.682
1609423200,79.682,79.762,79.44,79.478
1609437600,79.478,79.634,79.466,79.477
1609711200,79.477,79.684,79.159,79.528
1609725600,79.528,79.578,79.246,79.388
1609740000,79.388,79.562,79.372,79.451
1609754400,79.451,79.544,79.382,79.518
1609768800,79.518,79.56,78.852,79.042
1609783200,79.042,79.134,78.967,79.034
1609797600,79.034,79.232,79.014,79.154
1609812000,79.154,79.494,79.15,79.382
1609826400,79.382,79.501,79.286,79.337
1609840800,79.337,79.398,79.141,79.165
1609855200,79.165,79.714,79.144,79.71
1609869600,79.71,79.839,79.692,79.712
1609884000,79.712,79.786,79.622,79.696
1609898400,79.696,79.932,79.532,79.886
1609912800,79.886,80.326,79.871,80.314
1609927200,80.314,80.408,80.187,80.252
1609941600,80.252,80.51,80.14,80.465
1609956000,80.465,80.514,80.236,80.394
1609970400,80.394,80.554,80.23,80.472
1609984800,80.472,80.474,80.312,80.312
1609999200,80.312,80.528,80.26,80.298
1610013600,80.298,80.342,80.164,80.235
1610028000,80.235,80.578,80.199,80.472
1610042400,80.472,80.688,80.472,80.652
1610056800,80.652,80.7,80.486,80.546
1610071200,80.546,80.782,80.521,80.738
1610085600,80.738,80.928,80.647,80.772
1610100000,80.772,80.868,80.672,80.752
1610114400,80.752,80.86,80.546,80.705
1610128800,80.705,80.753,80.384,80.652
1610316000,80.652,80.679,80.274,80.293
1610330400,80.293,80.34,80.164,80.234
1610344800,80.234,80.392,80.148,80.274
1610359200,80.274,80.39,80.053,80.066
1610373600,80.066,80.353,79.995,80.325
1610388000,80.325,80.359,80.176,80.256
1610402400,80.256,80.37,80.18,80.298
1610416800,80.298,80.346,80.182,80.334
1610431200,80.334,80.618,80.292,80.596
1610445600,80.596,80.605,80.288,80.334
1610460000,80.334,80.552,80.268,80.488
1610474400,80.488,80.692,80.463,80.648
1610488800,80.648,80.698,80.446,80.484
1610503200,80.484,80.516,80.402,80.48
1610517600,80.48,80.612,80.419,80.5
1610532000,80.5,80.532,80.317,80.33
1610546400,80.33,80.472,80.266,80.455
1610560800,80.455,80.508,80.319,80.339
1610575200,80.339,80.521,80.316,80.476
1610589600,80.476,80.702,80.428,80.692
1610604000,80.692,80.782,80.598,80.77
1610618400,80.77,80.801,80.56,80.576
1610632800,80.576,80.843,80.562,80.825
1610647200,80.825,80.854,80.719,80.722
1610661600,80.722,80.79,80.589,80.606
1610676000,80.606,80.684,80.46,80.493
1610690400,80.493,80.516,80.162,80.274
1610704800,80.274,80.345,80.092,80.108
1610719200,80.108,80.192,79.722,80.151
1610733600,80.151,80.158,79.993,80.016
1610920800,80.016,80.071,79.76,79.863
1610935200,79.863,79.908,79.651,79.769
1610949600,79.769,79.822,79.513,79.569
1610964000,79.569,79.742,79.553,79.728
1610978400,79.728,79.757,79.632,79.662
1610992800,79.662,79.7,79.606,79.642
1611007200,79.642,80.016,79.562,80.001
1611021600,80.001,80.308,79.992,80.172
1611036000,80.172,80.318,80.066,80.162
1611050400,80.162,80.255,80.106,80.188
1611064800,80.188,80.246,79.925,79.972
1611079200,79.972,79.994,79.866,79.958
1611093600,79.958,80.148,79.926,80.034
1611108000,80.034,80.182,80.012,80.147
1611122400,80.147,80.344,80.124,80.259
1611136800,80.259,80.297,80.158,80.239
1611151200,80.239,80.346,80.11,80.148
1611165600,80.148,80.222,80.136,80.21
1611180000,80.21,80.484,80.153,80.416
1611194400,80.416,80.518,80.326,80.372
1611208800,80.372,80.421,80.242,80.397
1611223200,80.397,80.5,80.327,80.374
1611237600,80.374,80.47,80.19,80.238
1611252000,80.238,80.406,80.229,80.369
1611266400,80.369,80.447,80.254,80.29
1611280800,80.29,80.302,80.13,80.231
1611295200,80.231,80.231,80.02,80.068
1611309600,80.068,80.11,79.905,80.052
1611324000,80.052,80.204,80.038,80.099
1611338400,80.099,80.141,80.017,80.052
1611525600,80.052,80.19,80.012,80.124
1611540000,80.124,80.314,80.121,80.311
1611554400,80.311,80.34,80.111,80.16
1611568800,80.16,80.298,80.088,80.2
1611583200,80.2,80.246,79.764,79.988
1611597600,79.988,80.054,79.934,80.034
1611612000,80.034,80.098,79.896,80.002
1611626400,80.002,80.025,79.728,79.758
1611640800,79.758,79.93,79.607,79.87
1611655200,79.87,80.24,79.82,80.195
1611669600,80.195,80.335,80.163,80.293
1611684000,80.293,80.348,80.261,80.274
1611698400,80.274,80.444,80.209,80.301
1611712800,80.301,80.301,80.173,80.296
1611727200,80.296,80.302,80.129,80.18
1611741600,80.18,80.242,79.851,79.94
1611756000,79.94,80.128,79.63,80.116
1611770400,80.116,80.126,79.661,79.777
1611784800,79.777,79.829,79.493,79.752
1611799200,79.752,79.796,79.49,79.603
1611813600,79.603,79.605,79.203,79.336
1611828000,79.336,79.68,79.285,79.667
1611842400,79.667,80.09,79.667,80.077
1611856800,80.077,80.238,80.026,80.059
1611871200,80.059,80.234,79.989,80.074
1611885600,80.074,80.092,79.81,79.883
1611900000,79.883,80.206,79.851,80.178
1611914400,80.178,80.58,80.056,80.502
1611928800,80.502,80.65,79.99,80.028
1611943200,80.028,80.144,79.932,80.038
1612130400,80.038,80.038,79.692,79.953
1612144800,79.953,80.182,79.953,80.15
1612159200,80.15,80.21,79.975,80.112
1612173600,80.112,80.13,79.971,80.021
1612188000,80.021,80.087,79.918,80.076
1612202400,80.076,80.208,79.956,79.975
1612216800,79.975,80.262,79.946,80.252
1612231200,80.252,80.37,79.974,80.106
1612245600,80.106,80.146,79.848,79.94
1612260000,79.94,79.987,79.705,79.814
1612274400,79.814,79.85,79.54,79.719
1612288800,79.719,79.917,79.683,79.864
1612303200,79.864,80.004,79.828,79.935
1612317600,79.935,80.022,79.845,79.96
1612332000,79.96,80.128,79.893,80.032
1612346400,80.032,80.101,79.951,80.006
1612360800,80.006,80.1,79.936,80.058
1612375200,80.058,80.086,79.985,80.018
1612389600,80.018,80.299,79.986,80.284
1612404000,80.284,80.332,80.104,80.204
1612418400,80.204,80.332,80.196,80.289
1612432800,80.289,80.307,80.135,80.238
1612447200,80.238,80.252,80.049,80.08
1612461600,80.08,80.252,80.065,80.228
1612476000,80.228,80.312,80.101,80.117
1612490400,80.117,80.248,80.044,80.24
1612504800,80.24,80.356,80.188,80.335
1612519200,80.335,80.628,80.292,80.582
1612533600,80.582,80.836,80.574,80.802
1612548000,80.802,80.926,80.774,80.904
1612735200,80.904,80.997,80.768,80.997
1612749600,80.997,81.005,80.896,80.97
1612764000,80.97,81.011,80.869,80.952
1612778400,80.952,80.981,80.835,80.929
1612792800,80.929,81.192,80.884,81.027
1612807200,81.027,81.078,80.984,81.042
1612821600,81.042,81.16,81.033,81.116
1612836000,81.116,81.158,81.02,81.064
1612850400,81.064,81.07,80.826,80.868
1612864800,80.868,80.91,80.682,80.807
1612879200,80.807,80.86,80.648,80.826
1612893600,80.826,80.94,80.794,80.938
1612908000,80.938,80.966,80.858,80.92
1612922400,80.92,80.964,80.884,80.932
1612936800,80.932,80.994,80.833,80.917
1612951200,80.917,81.102,80.86,81.02
1612965600,81.02,81.098,80.838,80.94
1612980000,80.94,80.94,80.757,80.769
1612994400,80.769,80.824,80.676,80.698
1613008800,80.698,80.972,80.698,80.968
1613023200,80.968,81.104,80.962,81.062
1613037600,81.062,81.333,81.01,81.313
1613052000,81.313,81.375,81.158,81.192
1613066400,81.192,81.234,81.147,81.209
1613080800,81.209,81.311,81.14,81.21
1613095200,81.21,81.28,81.088,81.27
1613109600,81.27,81.272,81.096,81.146
1613124000,81.146,81.21,81.116,81.145
1613138400,81.145,81.486,81.131,81.417
1613152800,81.417,81.464,81.374,81.433
1613340000,81.433,81.678,81.433,81.582
1613354400,81.582,81.816,81.568,81.793
1613368800,81.793,81.964,81.745,81.932
1613383200,81.932,81.978,81.828,81.884
1613397600,81.884,82.054,81.868,81.993
1613412000,81.993,82.016,81.924,81.991
1613426400,81.991,82.321,81.954,82.267
1613440800,82.267,82.415,82.007,82.084
1613455200,82.084,82.208,81.992,82.044
1613469600,82.044,82.242,81.978,81.992
1613484000,81.992,82.224,81.882,82.128
1613498400,82.128,82.252,82.128,82.222
1613512800,82.222,82.281,82.071,82.139
1613527200,82.139,82.173,82.053,82.078
1613541600,82.078,82.296,82.049,82.178
1613556000,82.178,82.19,82.026,82.042
1613570400,82.042,82.064,81.762,82.009
1613584800,82.009,82.102,82.004,82.052
1613599200,82.052,82.198,81.975,82.046
1613613600,82.046,82.161,81.983,82.101
1613628000,82.101,82.27,82.036,82.229
1613642400,82.229,82.302,82.128,82.15
1613656800,82.15,82.163,81.826,81.947
1613671200,81.947,82.132,81.944,82.095
1613685600,82.095,82.174,81.998,82.101
1613700000,82.101,82.18,81.992,82.171
1613714400,82.171,82.584,82.152,82.506
1613728800,82.506,82.938,82.483,82.928
1613743200,82.928,83.158,82.822,83.01
1613757600,83.01,83.052,82.904,82.967
1613944800,82.967,83.433,82.959,83.375
1613959200,83.375,83.41,83.116,83.26
1613973600,83.26,83.315,83.088,83.193
1613988000,83.193,83.297,83.128,83.218
1614002400,83.218,83.22,82.99,83.196
1614016800,83.196,83.264,83.136,83.179
1614031200,83.179,83.288,83.072,83.254
1614045600,83.254,83.268,83.07,83.194
1614060000,83.194,83.286,83.103,83.156
1614074400,83.156,83.27,83.058,83.249
1614088800,83.249,83.298,82.913,83.16
1614103200,83.16,83.369,83.142,83.271
1614117600,83.271,83.798,83.159,83.7
1614132000,83.7,83.729,83.37,83.488
1614146400,83.488,83.804,83.416,83.756
1614160800,83.756,83.91,83.67,83.779
1614175200,83.779,84.11,83.738,84.081
1614189600,84.081,84.422,84.06,84.338
1614204000,84.338,84.535,84.26,84.466
1614218400,84.466,84.482,84.324,84.415
1614232800,84.415,84.952,84.415,84.856
1614247200,84.856,84.921,84.648,84.649
1614261600,84.649,84.724,84.16,84.167
1614276000,84.167,84.188,83.51,83.638
1614290400,83.638,83.826,83.141,83.36
1614304800,83.36,83.4,83.018,83.178
1614319200,83.178,83.29,82.858,83.149
1614333600,83.149,83.149,82.24,82.766
1614348000,82.766,82.927,82.244,82.355
1614362400,82.355,82.439,81.99,82.107
1614549600,82.107,82.804,82.107,82.635
1614564000,82.635,82.832,82.43,82.61
1614578400,82.61,82.848,82.478,82.52
1614592800,82.52,82.652,82.418,82.626
1614607200,82.626,83.053,82.608,82.943
1614621600,82.943,83.132,82.888,82.986
1614636000,82.986,83.08,82.82,82.874
1614650400,82.874,82.992,82.627,82.876
1614664800,82.876,82.987,82.67,82.884
1614679200,82.884,83.457,82.841,83.318
1614693600,83.318,83.56,83.226,83.488
1614708000,83.488,83.639,83.42,83.434
1614722400,83.434,83.702,83.372,83.65
1614736800,83.65,83.678,83.506,83.543
1614751200,83.543,83.755,83.462,83.706
1614765600,83.706,83.714,83.185,83.278
1614780000,83.278,83.512,83.126,83.422
1614794400,83.422,83.518,83.191,83.208
1614808800,83.208,83.425,83.01,83.355
1614823200,83.355,83.566,83.207,83.494
1614837600,83.494,83.784,83.442,83.508
1614852000,83.508,83.762,83.369,83.756
1614866400,83.756,84.04,83.387,83.48
1614880800,83.48,83.548,83.172,83.38
1614895200,83.38,83.462,82.904,83.054
1614909600,83.054,83.514,83.001,83.5
1614924000,83.5,83.594,83.098,83.248
1614938400,83.248,83.254,82.782,83.168
1614952800,83.168,83.41,82.829,83.076
1614967200,83.076,83.402,83.042,83.236
1615154400,83.236,83.744,83.236,83.576
1615168800,83.576,83.61,83.326,83.518
1615183200,83.518,83.618,82.929,83.019
1615197600,83.019,83.409,82.952,83.367
1615212000,83.367,83.61,83.316,83.524
1615226400,83.524,83.579,83.219,83.306
1615240800,83.306,83.464,83.177,83.272
1615255200,83.272,83.722,83.266,83.663
1615269600,83.663,83.748,83.438,83.73
1615284000,83.73,83.916,83.73,83.824
1615298400,83.824,83.902,83.578,83.596
1615312800,83.596,83.806,83.596,83.739
1615327200,83.739,83.876,83.591,83.601
1615341600,83.601,83.702,83.525,83.602
1615356000,83.602,83.822,83.482,83.792
1615370400,83.792,83.86,83.609,83.812
1615384800,83.812,83.924,83.658,83.778
1615399200,83.778,83.912,83.682,83.846
1615413600,83.846,83.966,83.792,83.924
1615428000,83.924,84.29,83.924,84.231
1615442400,84.231,84.537,84.197,84.356
1615456800,84.356,84.43,84.26,84.372
1615471200,84.372,84.392,84.078,84.37
1615485600,84.37,84.518,84.36,84.518
1615500000,84.518,84.779,84.436,84.673
1615514400,84.673,84.72,84.526,84.567
1615528800,84.567,84.628,84.442,84.522
1615543200,84.522,84.6,84.212,84.434
1615557600,84.434,84.668,84.296,84.625
1615572000,84.625,84.686,84.577,84.62
1615755600,84.62,84.73,84.492,84.66
1615770000,84.66,84.733,84.514,84.598
1615784400,84.598,84.616,84.408,84.565
1615798800,84.565,84.618,84.355,84.41
1615813200,84.41,84.502,84.116,84.448
1615827600,84.448,84.676,84.442,84.626
1615842000,84.626,84.688,84.516,84.588
1615856400,84.588,84.666,84.564,84.634
1615870800,84.634,84.663,84.302,84.336
1615885200,84.336,84.5,84.192,84.406
1615899600,84.406,84.487,84.212,84.465
1615914000,84.465,84.51,84.374,84.438
1615928400,84.438,84.481,84.376,84.396
1615942800,84.396,84.44,84.32,84.408
1615957200,84.408,84.447,84.298,84.302
1615971600,84.302,84.38,84.2,84.304
1615986000,84.304,84.387,84.125,84.164
1616000400,84.164,85.01,84.154,84.856
1616014800,84.856,85.345,84.856,85.292
1616029200,85.292,85.414,85.098,85.256
1616043600,85.256,85.452,85.14,85.186
1616058000,85.186,85.25,84.8,84.951
1616072400,84.951,85.016,84.755,84.89
1616086800,84.89,84.946,84.356,84.498
1616101200,84.498,84.725,84.368,84.462
1616115600,84.462,84.484,84.238,84.397
1616130000,84.397,84.484,84.224,84.412
1616144400,84.412,84.45,84.334,84.385
1616158800,84.385,84.439,84.116,84.416
1616173200,84.416,84.43,84.23,84.268
1616360400,84.268,84.268,83.738,84.082
1616374800,84.082,84.104,83.88,84.053
1616389200,84.053,84.092,83.838,83.94
1616403600,83.94,84.268,83.896,84.213
1616418000,84.213,84.295,84.112,84.254
1616432400,84.254,84.379,84.206,84.307
1616446800,84.307,84.35,84.095,84.125
1616461200,84.125,84.175,83.71,83.728
1616475600,83.728,83.758,83.418,83.62
1616490000,83.62,83.654,82.998,83.365
1616504400,83.365,83.52,83.266,83.3
1616518800,83.3,83.37,82.737,82.786
1616533200,82.786,82.934,82.467,82.618
1616547600,82.618,82.701,82.406,82.466
1616562000,82.466,82.758,82.288,82.708
1616576400,82.708,82.913,82.69,82.827
1616590800,82.827,83.041,82.771,82.85
1616605200,82.85,82.87,82.409,82.436
1616619600,82.436,82.784,82.422,82.784
1616634000,82.784,82.961,82.67,82.754
1616648400,82.754,83,82.665,82.954
1616662800,82.954,83.064,82.748,82.828
1616677200,82.828,82.966,82.557,82.738
1616691600,82.738,82.816,82.65,82.769
1616706000,82.769,83.001,82.722,82.962
1616720400,82.962,83.203,82.89,83.19
1616734800,83.19,83.456,83.18,83.417
1616749200,83.417,83.641,83.315,83.628
1616763600,83.628,83.806,83.518,83.646
1616778000,83.646,83.846,83.51,83.761
1616965200,83.761,83.989,83.572,83.608
1616979600,83.608,83.736,83.544,83.592
1616994000,83.592,83.832,83.338,83.638
1617008400,83.638,83.936,83.636,83.868
1617022800,83.868,83.889,83.678,83.862
1617037200,83.862,83.912,83.778,83.836
1617051600,83.836,83.928,83.766,83.873
1617066000,83.873,84.287,83.827,84.121
1617080400,84.121,84.238,84.067,84.191
1617094800,84.191,84.224,83.884,83.96
1617109200,83.96,84.094,83.696,83.745
1617123600,83.745,83.84,83.701,83.832
1617138000,83.832,84.326,83.759,84.221
1617152400,84.221,84.358,84.102,84.263
1617166800,84.263,84.282,84.142,84.21
1617181200,84.21,84.346,84.182,84.228
1617195600,84.228,84.478,84.086,84.244
1617210000,84.244,84.256,84.047,84.092
1617224400,84.092,84.182,83.906,84.102
1617238800,84.102,84.116,83.458,83.51
1617253200,83.51,83.842,83.434,83.721
1617267600,83.721,83.974,83.715,83.96
1617282000,83.96,84.2,83.953,84.119
1617296400,84.119,84.275,84.118,84.244
1617310800,84.244,84.458,84.212,84.39
1617325200,84.39,84.486,84.373,84.394
1617339600,84.394,84.398,84.034,84.039
1617354000,84.039,84.368,84.039,84.216
1617368400,84.216,84.276,84.125,84.166
1617382800,84.166,84.31,84.064,84.215
1617570000,84.215,84.364,84.14,84.298
1617584400,84.298,84.308,84.212,84.236
1617598800,84.236,84.334,84.079,84.318
1617613200,84.318,84.375,84.242,84.362
1617627600,84.362,84.39,84.166,84.278
1617642000,84.278,84.354,84.242,84.314
1617656400,84.314,84.421,84.23,84.403
1617670800,84.403,84.464,84.198,84.22
1617685200,84.22,84.391,84.106,84.208
1617699600,84.208,84.252,83.902,83.93
1617714000,83.93,84.2,83.791,84.189
1617728400,84.189,84.222,84.072,84.098
1617742800,84.098,84.246,84.052,84.201
1617757200,84.201,84.216,83.965,84.002
1617771600,84.002,84.086,83.771,83.893
1617786000,83.893,83.896,83.658,83.692
1617800400,83.692,83.82,83.562,83.582
1617814800,83.582,83.673,83.492,83.62
1617829200,83.62,83.693,83.55,83.568
1617843600,83.568,83.666,83.46,83.661
1617858000,83.661,83.785,83.452,83.506
1617872400,83.506,83.682,83.31,83.392
1617886800,83.392,83.652,83.288,83.594
1617901200,83.594,83.677,83.555,83.617
1617915600,83.617,83.762,83.542,83.688
1617930000,83.688,83.692,83.432,83.476
1617944400,83.476,83.552,83.039,83.538
1617958800,83.538,83.788,83.45,83.698
1617973200,83.698,83.78,83.518,83.596
1617987600,83.596,83.636,83.54,83.555
1618174800,83.555,83.688,83.492,83.602
1618189200,83.602,83.602,83.156,83.288
1618203600,83.288,83.458,83.226,83.381
1618218000,83.381,83.47,83.355,83.434
1618232400,83.434,83.465,83.299,83.431
1618246800,83.431,83.436,83.306,83.39
1618261200,83.39,83.451,83.317,83.388
1618275600,83.388,83.466,83.306,83.366
1618290000,83.366,83.438,83.12,83.274
1618304400,83.274,83.322,83.034,83.192
1618318800,83.192,83.388,83.18,83.33
1618333200,83.33,83.424,83.298,83.364
1618347600,83.364,83.378,83.12,83.135
1618362000,83.135,83.504,83.108,83.496
1618376400,83.496,83.839,83.468,83.802
1618390800,83.802,83.856,83.665,83.728
1618405200,83.728,84.288,83.722,84.272
1618419600,84.272,84.28,84.102,84.141
1618434000,84.141,84.269,84.096,84.264
1618448400,84.264,84.297,83.884,83.917
1618462800,83.917,84.414,83.914,84.351
1618477200,84.351,84.382,84.22,84.26
1618491600,84.26,84.326,84.118,84.239
1618506000,84.239,84.318,84.176,84.3
1618520400,84.3,84.338,84.146,84.171
1618534800,84.171,84.268,84.079,84.203
1618549200,84.203,84.369,84.164,84.274
1618563600,84.274,84.379,84.232,84.315
1618578000,84.315,84.322,84.118,84.15
1618592400,84.15,84.237,84.092,84.16
1618779600,84.16,84.16,83.815,83.854
1618794000,83.854,84.095,83.752,84.058
1618808400,84.058,84.141,83.9,84.076
1618822800,84.076,84.146,83.936,84.041
1618837200,84.041,84.149,83.794,83.826
1618851600,83.826,83.927,83.82,83.927
1618866000,83.927,84.048,83.853,84.036
1618880400,84.036,84.36,84.016,84.34
1618894800,84.34,84.718,84.303,84.55
1618909200,84.55,84.556,84.146,84.278
1618923600,84.278,84.351,83.512,83.617
1618938000,83.617,83.618,83.36,83.524
1618952400,83.524,83.595,83.387,83.499
1618966800,83.499,83.548,83.263,83.312
1618981200,83.312,83.64,83.221,83.466
1618995600,83.466,83.594,83.302,83.398
1619010000,83.398,83.925,83.274,83.775
1619024400,83.775,83.875,83.75,83.773
1619038800,83.773,83.856,83.712,83.814
1619053200,83.814,83.864,83.556,83.607
1619067600,83.607,83.739,83.562,83.62
1619082000,83.62,83.758,83.604,83.656
1619096400,83.656,83.658,83.29,83.58
1619110800,83.58,83.586,83.126,83.196
1619125200,83.196,83.325,83.094,83.19
1619139600,83.19,83.474,83.143,83.458
1619154000,83.458,83.573,83.364,83.474
1619168400,83.474,83.488,83.222,83.226
1619182800,83.226,83.614,83.182,83.577
1619197200,83.577,83.744,83.499,83.562
1619384400,83.562,83.712,83.504,83.682
1619398800,83.682,83.808,83.646,83.744
1619413200,83.744,83.844,83.691,83.768
1619427600,83.768,84.216,83.732,84.202
1619442000,84.202,84.502,84.12,84.353
1619456400,84.353,84.405,84.298,84.3
1619470800,84.3,84.388,84.24,84.274
1619485200,84.274,84.422,84.258,84.31
1619499600,84.31,84.422,84.188,84.202
1619514000,84.202,84.314,84.08,84.208
1619528400,84.208,84.44,84.188,84.405
1619542800,84.405,84.514,84.382,84.429
1619557200,84.429,84.518,84.396,84.462
1619571600,84.462,84.502,84.138,84.299
1619586000,84.299,84.42,84.274,84.365
1619600400,84.365,84.445,84.329,84.418
1619614800,84.418,84.594,84.354,84.547
1619629200,84.547,84.754,84.484,84.608
1619643600,84.608,84.739,84.54,84.653
1619658000,84.653,84.813,84.538,84.56
1619672400,84.56,84.865,84.56,84.76
1619686800,84.76,85.008,84.728,84.883
1619701200,84.883,84.986,84.364,84.548
1619715600,84.548,84.674,84.498,84.585
1619730000,84.585,84.854,84.582,84.732
1619744400,84.732,84.752,84.501,84.65
1619758800,84.65,84.706,84.51,84.608
1619773200,84.608,84.64,84.429,84.546
1619787600,84.546,84.588,84.214,84.283
1619802000,84.283,84.38,84.14,84.326
1619989200,84.326,84.563,84.32,84.542
1620003600,84.542,84.638,84.452,84.588
1620018000,84.588,84.752,84.484,84.7
1620032400,84.7,84.72,84.508,84.556
1620046800,84.556,84.682,84.43,84.662
1620061200,84.662,84.738,84.646,84.663
1620075600,84.663,84.704,84.56,84.606
1620090000,84.606,84.74,84.49,84.632
1620104400,84.632,84.711,84.424,84.431
1620118800,84.431,84.505,84.036,84.12
1620133200,84.12,84.342,83.934,84.109
1620147600,84.109,84.306,84.096,84.255
1620162000,84.255,84.506,84.255,84.475
1620176400,84.475,84.57,84.457,84.53
1620190800,84.53,84.548,84.294,84.432
1620205200,84.432,84.626,84.416,84.592
1620219600,84.592,84.691,84.43,84.61
1620234000,84.61,84.654,84.532,84.61
1620248400,84.61,84.71,84.561,84.624
1620262800,84.624,84.824,84.244,84.506
1620277200,84.506,84.752,84.496,84.6
1620291600,84.6,84.724,84.492,84.636
1620306000,84.636,84.854,84.538,84.804
1620320400,84.804,84.936,84.738,84.916
1620334800,84.916,84.96,84.83,84.904
1620349200,84.904,85.025,84.798,84.807
1620363600,84.807,84.908,84.724,84.861
1620378000,84.861,84.953,84.774,84.911
1620392400,84.911,85.318,84.768,85.234
1620406800,85.234,85.294,85.168,85.179
1620594000,85.179,85.466,85.128,85.354
1620608400,85.354,85.478,85.323,85.416
1620622800,85.416,85.694,85.412,85.632
1620637200,85.632,85.805,85.591,85.736
1620651600,85.736,85.752,85.501,85.562
1620666000,85.562,85.593,85.189,85.24
1620680400,85.24,85.364,85.207,85.269
1620694800,85.269,85.418,85.14,85.146
1620709200,85.146,85.418,85.144,85.4
1620723600,85.4,85.445,85.022,85.022
1620738000,85.022,85.318,84.822,85.082
1620752400,85.082,85.262,85.07,85.185
1620766800,85.185,85.262,85.054,85.098
1620781200,85.098,85.182,84.739,84.808
1620795600,84.808,85.032,84.77,84.879
1620810000,84.879,85.118,84.639,85.026
1620824400,85.026,85.112,84.608,84.746
1620838800,84.746,84.852,84.595,84.72
1620853200,84.72,84.955,84.7,84.738
1620867600,84.738,84.837,84.624,84.742
1620882000,84.742,84.773,84.328,84.444
1620896400,84.444,84.603,84.295,84.59
1620910800,84.59,84.81,84.557,84.59
1620925200,84.59,84.647,84.39,84.624
1620939600,84.624,84.653,84.542,84.612
1620954000,84.612,84.762,84.581,84.624
1620968400,84.624,84.73,84.53,84.632
1620982800,84.632,84.865,84.564,84.82
1620997200,84.82,85.107,84.79,85.086
1621011600,85.086,85.17,85.021,85.04
1621198800,85.04,85.14,84.897,84.926
1621213200,84.926,84.968,84.742,84.801
1621227600,84.801,84.854,84.598,84.753
1621242000,84.753,84.779,84.458,84.55
1621256400,84.55,84.828,84.543,84.779
1621270800,84.779,84.882,84.69,84.844
1621285200,84.844,84.982,84.741,84.936
1621299600,84.936,85.149,84.926,85.042
1621314000,85.042,85.148,84.898,84.92
1621328400,84.92,85.058,84.91,85.022
1621342800,85.022,85.028,84.77,84.934
1621357200,84.934,85.012,84.818,84.837
1621371600,84.837,84.952,84.76,84.936
1621386000,84.936,84.958,84.78,84.824
1621400400,84.824,84.896,84.492,84.577
1621414800,84.577,84.713,84.32,84.328
1621429200,84.328,84.454,84.046,84.409
1621443600,84.409,84.564,84.24,84.394
1621458000,84.394,84.536,84.292,84.472
1621472400,84.472,84.6,84.23,84.59
1621486800,84.59,84.628,84.264,84.325
1621501200,84.325,84.602,84.294,84.573
1621515600,84.573,84.65,84.462,84.517
1621530000,84.517,84.614,84.47,84.586
1621544400,84.586,84.656,84.492,84.54
1621558800,84.54,84.55,84.326,84.374
1621573200,84.374,84.412,84.11,84.234
1621587600,84.234,84.591,84.23,84.566
1621602000,84.566,84.606,84.136,84.15
1621616400,84.15,84.298,84.147,84.298
1621803600,84.298,84.298,84.023,84.203
1621818000,84.203,84.226,84.031,84.121
1621832400,84.121,84.236,83.974,84.074
1621846800,84.074,84.266,84.012,84.26
1621861200,84.26,84.335,84.21,84.248
1621875600,84.248,84.382,84.233,84.322
1621890000,84.322,84.419,84.286,84.363
1621904400,84.363,84.398,84.268,84.359
1621918800,84.359,84.474,84.298,84.456
1621933200,84.456,84.606,84.438,84.554
1621947600,84.554,84.669,84.294,84.338
1621962000,84.338,84.39,84.242,84.344
1621976400,84.344,84.392,84.291,84.316
1621990800,84.316,84.798,84.296,84.756
1622005200,84.756,84.803,84.609,84.666
1622019600,84.666,84.767,84.458,84.514
1622034000,84.514,84.544,84.35,84.468
1622048400,84.468,84.552,84.456,84.507
1622062800,84.507,84.528,84.344,84.425
1622077200,84.425,84.458,84.338,84.45
1622091600,84.45,84.608,84.444,84.502
1622106000,84.502,84.718,84.478,84.629
1622120400,84.629,85.068,84.624,84.953
1622134800,84.953,85.066,84.918,85.052
1622149200,85.052,85.108,84.981,85.082
1622163600,85.082,85.152,85.039,85.053
1622178000,85.053,85.107,84.78,84.923
1622192400,84.923,84.923,84.55,84.64
1622206800,84.64,84.83,84.618,84.686
1622221200,84.686,84.744,84.61,84.734
1622408400,84.734,84.768,84.598,84.653
1622422800,84.653,84.77,84.634,84.74
1622437200,84.74,84.889,84.734,84.86
1622451600,84.86,84.908,84.796,84.826
1622466000,84.826,84.874,84.644,84.717
1622480400,84.717,84.761,84.672,84.751
1622494800,84.751,84.83,84.692,84.77
1622509200,84.77,84.998,84.718,84.819
1622523600,84.819,85.054,84.666,84.842
1622538000,84.842,84.92,84.712,84.87
1622552400,84.87,85.006,84.78,84.902
1622566800,84.902,84.972,84.836,84.893
1622581200,84.893,85.114,84.819,85.083
1622595600,85.083,85.194,84.962,84.976
1622610000,84.976,85.024,84.8,84.819
1622624400,84.819,84.925,84.764,84.897
1622638800,84.897,84.995,84.836,84.958
1622653200,84.958,84.986,84.884,84.943
1622667600,84.943,84.986,84.86,84.97
1622682000,84.97,84.99,84.866,84.915
1622696400,84.915,84.938,84.749,84.869
1622710800,84.869,84.89,84.627,84.63
1622725200,84.63,84.664,84.368,84.384
1622739600,84.384,84.507,84.307,84.495
1622754000,84.495,84.532,84.381,84.426
1622768400,84.426,84.49,84.324,84.474
1622782800,84.474,84.528,84.378,84.4
1622797200,84.4,84.716,84.337,84.686
1622811600,84.686,84.795,84.58,84.748
1622826000,84.748,84.846,84.736,84.781
1623013200,84.781,84.878,84.547,84.796
1623027600,84.796,84.824,84.676,84.684
1623042000,84.684,84.808,84.653,84.771
1623056400,84.771,84.84,84.751,84.824
1623070800,84.824,84.857,84.7,84.841
1623085200,84.841,84.852,84.724,84.724
1623099600,84.724,84.848,84.72,84.812
1623114000,84.812,84.855,84.704,84.726
1623128400,84.726,84.842,84.724,84.81
1623142800,84.81,84.824,84.662,84.677
1623157200,84.677,84.804,84.637,84.725
1623171600,84.725,84.784,84.7,84.719
1623186000,84.719,84.782,84.664,84.747
1623200400,84.747,84.75,84.662,84.724
1623214800,84.724,84.836,84.701,84.819
1623229200,84.819,84.824,84.731,84.756
1623243600,84.756,84.824,84.685,84.766
1623258000,84.766,84.806,84.698,84.77
1623272400,84.77,84.785,84.639,84.664
1623286800,84.664,84.756,84.638,84.734
1623301200,84.734,84.778,84.628,84.737
1623315600,84.737,85,84.669,84.98
1623330000,84.98,85.02,84.78,84.883
1623344400,84.883,84.909,84.737,84.772
1623358800,84.772,84.838,84.738,84.818
1623373200,84.818,84.858,84.736,84.815
1623387600,84.815,85.055,84.805,85.022
1623402000,85.022,85.041,84.646,84.727
1623416400,84.727,84.768,84.39,84.462
1623430800,84.462,84.54,84.422,84.519
1623618000,84.519,84.614,84.477,84.537
1623632400,84.537,84.651,84.484,84.646
1623646800,84.646,84.65,84.475,84.536
1623661200,84.536,84.742,84.523,84.717
1623675600,84.717,84.94,84.706,84.812
1623690000,84.812,84.918,84.795,84.886
1623704400,84.886,84.932,84.846,84.894
1623718800,84.894,84.905,84.72,84.886
1623733200,84.886,84.917,84.672,84.706
1623747600,84.706,84.75,84.598,84.671
1623762000,84.671,84.736,84.52,84.61
1623776400,84.61,84.624,84.554,84.612
1623790800,84.612,84.701,84.572,84.664
1623805200,84.664,84.73,84.62,84.709
1623819600,84.709,84.747,84.627,84.698
1623834000,84.698,84.756,84.67,84.676
1623848400,84.676,84.756,84.638,84.683
1623862800,84.683,84.706,84.07,84.249
1623877200,84.249,84.363,84.165,84.282
1623891600,84.282,84.616,84.262,84.444
1623906000,84.444,84.492,84.038,84.102
1623920400,84.102,84.146,83.53,83.554
1623934800,83.554,83.816,83.071,83.216
1623949200,83.216,83.361,83.208,83.27
1623963600,83.27,83.382,83.22,83.288
1623978000,83.288,83.348,83.023,83.037
1623992400,83.037,83.07,82.762,83.042
1624006800,83.042,83.19,82.615,82.81
1624021200,82.81,82.846,82.464,82.638
1624035600,82.638,82.72,82.426,82.438
1624222800,82.438,82.758,82.345,82.752
1624237200,82.752,82.772,82.134,82.28
1624251600,82.28,82.552,82.2,82.438
1624266000,82.438,82.81,82.39,82.707
1624280400,82.707,83.037,82.701,83.021
1624294800,83.021,83.248,83.012,83.166
1624309200,83.166,83.277,82.904,82.99
1624323600,82.99,83.064,82.89,83.052
1624338000,83.052,83.075,82.792,82.853
1624352400,82.853,83.154,82.79,83.083
1624366800,83.083,83.49,83.04,83.481
1624381200,83.481,83.657,83.466,83.6
1624395600,83.6,83.698,83.473,83.592
1624410000,83.592,83.653,83.532,83.588
1624424400,83.588,83.962,83.548,83.884
1624438800,83.884,84.094,83.799,83.982
1624453200,83.982,84.146,83.97,84.078
1624467600,84.078,84.096,83.987,84.064
1624482000,84.064,84.17,84.04,84.099
1624496400,84.099,84.148,84.016,84.057
1624510800,84.057,84.089,83.874,83.993
1624525200,83.993,84.053,83.899,84.016
1624539600,84.016,84.068,83.906,84.058
1624554000,84.058,84.124,84.049,84.088
1624568400,84.088,84.228,84.046,84.144
1624582800,84.144,84.208,84.119,84.144
1624597200,84.144,84.204,84.082,84.128
1624611600,84.128,84.152,84.024,84.119
1624626000,84.119,84.258,84.069,84.136
1624640400,84.136,84.17,84.058,84.093
1624827600,84.093,84.202,83.939,84.026
1624842000,84.026,84.066,83.856,83.98
1624856400,83.98,84.12,83.882,83.978
1624870800,83.978,84.024,83.818,83.857
1624885200,83.857,83.902,83.596,83.638
1624899600,83.638,83.701,83.596,83.7
1624914000,83.7,83.729,83.554,83.564
1624928400,83.564,83.596,83.43,83.511
1624942800,83.511,83.676,83.272,83.278
1624957200,83.278,83.353,83.073,83.158
1624971600,83.158,83.231,83.008,83.061
1624986000,83.061,83.072,83.003,83.034
1625000400,83.034,83.16,82.99,83.095
1625014800,83.095,83.154,82.995,83.124
1625029200,83.124,83.176,82.816,82.842
1625043600,82.842,82.998,82.82,82.996
1625058000,82.996,83.352,82.958,83.278
1625072400,83.278,83.35,83.266,83.321
1625086800,83.321,83.351,83.146,83.152
1625101200,83.152,83.248,83.112,83.204
1625115600,83.204,83.467,83.122,83.404
1625130000,83.404,83.656,83.366,83.592
1625144400,83.592,83.619,83.279,83.328
1625158800,83.328,83.384,83.258,83.342
1625173200,83.342,83.344,83.261,83.322
1625187600,83.322,83.333,83.25,83.32
1625202000,83.32,83.36,83.064,83.077
1625216400,83.077,83.434,83.042,83.329
1625230800,83.329,83.463,83.264,83.424
1625245200,83.424,83.64,83.404,83.558
1625432400,83.558,83.618,83.453,83.519
1625446800,83.519,83.584,83.451,83.541
1625461200,83.541,83.562,83.464,83.53
1625475600,83.53,83.541,83.423,83.49
1625490000,83.49,83.564,83.428,83.548
1625504400,83.548,83.596,83.483,83.57
1625518800,83.57,83.717,83.531,83.614
1625533200,83.614,83.936,83.558,83.79
1625547600,83.79,84.195,83.79,83.972
1625562000,83.972,84.046,83.75,83.77
1625576400,83.77,83.782,82.754,82.825
1625590800,82.825,82.987,82.806,82.912
1625605200,82.912,82.948,82.697,82.74
1625619600,82.74,82.96,82.686,82.844
1625634000,82.844,83.197,82.833,83.126
1625648400,83.126,83.348,83.016,83.028
1625662800,83.028,83.264,82.65,82.87
1625677200,82.87,83.002,82.712,82.766
1625691600,82.766,82.975,82.54,82.561
1625706000,82.561,82.573,82.35,82.512
1625720400,82.512,82.513,81.523,81.706
1625734800,81.706,81.897,81.344,81.459
1625749200,81.459,81.751,81.322,81.72
1625763600,81.72,81.732,81.49,81.574
1625778000,81.574,81.724,81.51,81.566
1625792400,81.566,81.626,81.345,81.618
1625806800,81.618,81.96,81.617,81.9
1625821200,81.9,82.271,81.872,82.214
1625835600,82.214,82.482,82.114,82.474
1625850000,82.474,82.546,82.42,82.452
1626037200,82.452,82.592,82.342,82.378
1626051600,82.378,82.43,82.225,82.361
1626066000,82.361,82.389,82.123,82.244
1626080400,82.244,82.307,82.018,82.26
1626094800,82.26,82.673,82.218,82.648
1626109200,82.648,82.666,82.418,82.534
1626123600,82.534,82.678,82.488,82.674
1626138000,82.674,82.82,82.572,82.725
1626152400,82.725,82.776,82.496,82.602
1626166800,82.602,82.602,82.092,82.12
1626181200,82.12,82.509,82.081,82.432
1626195600,82.432,82.454,82.312,82.388
1626210000,82.388,82.458,82.244,82.434
1626224400,82.434,82.53,82.326,82.372
1626238800,82.372,82.516,82.203,82.214
1626253200,82.214,82.508,82.124,82.454
1626267600,82.454,82.46,82.15,82.237
1626282000,82.237,82.34,82.213,82.255
1626296400,82.255,82.338,82.066,82.139
1626310800,82.139,82.145,81.881,81.989
1626325200,81.989,82.163,81.936,82.006
1626339600,82.006,82.081,81.834,81.85
1626354000,81.85,81.912,81.685,81.7
1626368400,81.7,81.702,81.43,81.537
1626382800,81.537,81.686,81.457,81.6
1626397200,81.6,81.85,81.502,81.81
1626411600,81.81,81.946,81.677,81.93
1626426000,81.93,81.93,81.696,81.808
1626440400,81.808,81.864,81.492,81.643
1626454800,81.643,81.652,81.348,81.447
1626642000,81.447,81.564,81.003,81.066
1626656400,81.066,81.246,81.043,81.177
1626670800,81.177,81.256,80.654,80.731
1626685200,80.731,80.909,80.299,80.446
1626699600,80.446,80.466,80.014,80.186
1626714000,80.186,80.418,80.142,80.398
1626728400,80.398,80.454,80.257,80.368
1626742800,80.368,80.604,80.033,80.173
1626757200,80.173,80.418,80.075,80.318
1626771600,80.318,80.396,80.04,80.152
1626786000,80.152,80.548,79.843,80.546
1626800400,80.546,80.596,80.44,80.522
1626814800,80.522,80.696,80.507,80.664
1626829200,80.664,80.667,80.244,80.274
1626843600,80.274,80.601,80.09,80.588
1626858000,80.588,80.657,80.459,80.65
1626872400,80.65,81.135,80.64,81.082
1626886800,81.082,81.195,81.076,81.14
1626901200,81.14,81.208,80.936,80.939
1626915600,80.939,81.119,80.86,81.075
1626930000,81.075,81.36,81.01,81.306
1626944400,81.306,81.456,81.169,81.266
1626958800,81.266,81.474,80.992,81.19
1626973200,81.19,81.397,81.178,81.306
1626987600,81.306,81.521,81.113,81.336
1627002000,81.336,81.399,81.269,81.27
1627016400,81.27,81.45,81.164,81.436
1627030800,81.436,81.658,81.404,81.593
1627045200,81.593,81.615,81.324,81.464
1627059600,81.464,81.494,81.394,81.421
1627246800,81.421,81.477,81.212,81.231
1627261200,81.231,81.238,81.044,81.096
1627275600,81.096,81.12,80.772,80.972
1627290000,80.972,81.276,80.95,81.154
1627304400,81.154,81.508,81.106,81.43
1627318800,81.43,81.518,81.415,81.478
1627333200,81.478,81.516,81.351,81.372
1627347600,81.372,81.441,81.224,81.312
1627362000,81.312,81.32,80.738,80.902
1627376400,80.902,81.152,80.872,81.108
1627390800,81.108,81.11,80.64,80.712
1627405200,80.712,80.821,80.648,80.799
1627419600,80.799,80.932,80.781,80.906
1627434000,80.906,81.048,80.714,80.772
1627448400,80.772,80.92,80.67,80.842
1627462800,80.842,80.87,80.698,80.766
1627477200,80.766,80.928,80.637,80.854
1627491600,80.854,81.146,80.688,81.06
1627506000,81.06,81.098,80.886,80.916
1627520400,80.916,81.048,80.754,81.012
1627534800,81.012,81.357,80.959,81.286
1627549200,81.286,81.326,81.084,81.114
1627563600,81.114,81.192,80.968,81.005
1627578000,81.005,81.067,80.922,80.992
1627592400,80.992,81.022,80.845,80.938
1627606800,80.938,81.044,80.824,80.937
1627621200,80.937,81.082,80.814,81.029
1627635600,81.029,81.062,80.712,80.836
1627650000,80.836,80.89,80.584,80.623
1627664400,80.623,80.628,80.455,80.558
1627851600,80.558,80.61,80.442,80.554
1627866000,80.554,80.568,80.386,80.522
1627880400,80.522,80.726,80.474,80.65
1627894800,80.65,80.756,80.578,80.67
1627909200,80.67,80.762,80.338,80.458
1627923600,80.458,80.519,80.432,80.492
1627938000,80.492,80.564,80.418,80.542
1627952400,80.542,80.871,80.42,80.794
1627966800,80.794,80.917,80.593,80.657
1627981200,80.657,80.79,80.481,80.54
1627995600,80.54,80.658,80.157,80.618
1628010000,80.618,80.7,80.604,80.622
1628024400,80.622,80.69,80.524,80.559
1628038800,80.559,80.808,80.523,80.754
1628053200,80.754,81.038,80.614,80.973
1628067600,80.973,81.026,80.598,80.677
1628082000,80.677,80.97,80.614,80.821
1628096400,80.821,80.87,80.772,80.799
1628110800,80.799,80.992,80.746,80.992
1628125200,80.992,81.115,80.884,81.072
1628139600,81.072,81.192,81.001,81.144
1628154000,81.144,81.243,81.038,81.088
1628168400,81.088,81.356,81.062,81.278
1628182800,81.278,81.312,81.215,81.3
1628197200,81.3,81.31,81.178,81.219
1628211600,81.219,81.222,81.086,81.096
1628226000,81.096,81.217,81.082,81.161
1628240400,81.161,81.358,81.114,81.211
1628254800,81.211,81.4,81.025,81.074
1628269200,81.074,81.128,81.018,81.093
1628456400,81.093,81.207,80.83,80.898
1628470800,80.898,81.092,80.897,81.062
1628485200,81.062,81.1,80.854,80.908
1628499600,80.908,81.011,80.843,80.976
1628514000,80.976,81.066,80.852,80.888
1628528400,80.888,80.93,80.847,80.887
1628542800,80.887,80.958,80.82,80.905
1628557200,80.905,80.918,80.712,80.792
1628571600,80.792,81.088,80.785,81.068
1628586000,81.068,81.186,80.982,81.094
1628600400,81.094,81.324,81.05,81.248
1628614800,81.248,81.278,81.23,81.255
1628629200,81.255,81.276,81.202,81.242
1628643600,81.242,81.302,81.179,81.23
1628658000,81.23,81.268,81.112,81.178
1628672400,81.178,81.502,81.131,81.482
1628686800,81.482,81.582,81.405,81.512
1628701200,81.512,81.526,81.417,81.442
1628715600,81.442,81.466,81.316,81.319
1628730000,81.319,81.362,81.254,81.315
1628744400,81.315,81.344,81.202,81.304
1628758800,81.304,81.322,81.163,81.228
1628773200,81.228,81.23,80.95,81.056
1628787600,81.056,81.074,80.98,81.024
1628802000,81.024,81.137,80.978,81.029
1628816400,81.029,81.11,80.97,81.036
1628830800,81.036,81.045,80.871,80.952
1628845200,80.952,81.046,80.926,81.04
1628859600,81.04,81.069,80.871,80.874
1628874000,80.874,80.877,80.751,80.809
1629061200,80.809,80.881,80.52,80.543
1629075600,80.543,80.586,80.256,80.366
1629090000,80.366,80.374,80.14,80.244
1629104400,80.244,80.272,80.077,80.09
1629118800,80.09,80.204,79.892,80.122
1629133200,80.122,80.191,80.088,80.186
1629147600,80.186,80.25,80.01,80.03
1629162000,80.03,80.046,79.775,79.924
1629176400,79.924,79.944,79.438,79.754
1629190800,79.754,79.803,79.586,79.74
1629205200,79.74,79.761,79.337,79.347
1629219600,79.347,79.544,79.342,79.499
1629234000,79.499,79.564,79.412,79.424
1629248400,79.424,79.73,79.252,79.64
1629262800,79.64,79.666,79.506,79.57
1629277200,79.57,79.653,79.422,79.64
1629291600,79.64,79.656,79.464,79.574
1629306000,79.574,79.776,79.393,79.396
1629320400,79.396,79.598,79.33,79.357
1629334800,79.357,79.564,79.259,79.27
1629349200,79.27,79.294,78.375,78.442
1629363600,78.442,78.716,78.246,78.644
1629378000,78.644,78.835,78.447,78.632
1629392400,78.632,78.637,78.419,78.448
1629406800,78.448,78.634,78.414,78.582
1629421200,78.582,78.596,78.13,78.34
1629435600,78.34,78.342,77.896,78.086
1629450000,78.086,78.227,77.924,78.22
1629464400,78.22,78.535,78.175,78.421
1629478800,78.421,78.44,78.275,78.279
1629666000,78.279,78.634,78.141,78.54
1629680400,78.54,78.725,78.524,78.656
1629694800,78.656,78.838,78.592,78.827
1629709200,78.827,79.152,78.818,79.127
1629723600,79.127,79.188,78.826,79.142
1629738000,79.142,79.174,79.058,79.097
1629752400,79.097,79.153,79.032,79.042
1629766800,79.042,79.272,79.028,79.259
1629781200,79.259,79.516,79.248,79.3
1629795600,79.3,79.53,79.242,79.352
1629810000,79.352,79.744,79.272,79.592
1629824400,79.592,79.618,79.534,79.608
1629838800,79.608,79.69,79.505,79.628
1629853200,79.628,79.693,79.458,79.482
1629867600,79.482,79.702,79.396,79.648
1629882000,79.648,79.758,79.624,79.706
1629896400,79.706,80.001,79.668,79.987
1629910800,79.987,80.104,79.974,80.031
1629925200,80.031,80.094,79.906,80.022
1629939600,80.022,80.034,79.78,79.884
1629954000,79.884,80.09,79.806,79.948
1629968400,79.948,80.018,79.875,79.916
1629982800,79.916,80.022,79.642,79.816
1629997200,79.816,79.82,79.594,79.671
1630011600,79.671,79.73,79.416,79.546
1630026000,79.546,79.664,79.532,79.616
1630040400,79.616,79.89,79.578,79.87
1630054800,79.87,79.946,79.803,79.821
1630069200,79.821,80.351,79.76,80.328
1630083600,80.328,80.348,80.268,80.34
1630270800,80.34,80.384,80.23,80.242
1630285200,80.242,80.32,80.114,80.164
1630299600,80.164,80.262,79.98,80.146
1630314000,80.146,80.26,80.046,80.192
1630328400,80.192,80.31,80.114,80.16
1630342800,80.16,80.208,80.143,80.201
1630357200,80.201,80.274,80.121,80.188
1630371600,80.188,80.355,80.074,80.354
1630386000,80.354,80.638,80.35,80.534
1630400400,80.534,80.642,80.256,80.356
1630414800,80.356,80.458,80.142,80.404
1630429200,80.404,80.526,80.364,80.467
1630443600,80.467,80.636,80.428,80.556
1630458000,80.556,80.678,80.526,80.614
1630472400,80.614,81.142,80.601,81.089
1630486800,81.089,81.098,80.876,80.896
1630501200,80.896,81.23,80.807,81.164
1630515600,81.164,81.172,81.01,81.063
1630530000,81.063,81.17,80.89,80.962
1630544400,80.962,81.064,80.886,81.064
1630558800,81.064,81.326,81.036,81.28
1630573200,81.28,81.396,81.19,81.365
1630587600,81.365,81.527,81.329,81.429
1630602000,81.429,81.44,81.346,81.356
1630616400,81.356,81.45,81.284,81.366
1630630800,81.366,81.519,81.253,81.496
1630645200,81.496,81.786,81.476,81.748
1630659600,81.748,82.024,81.663,81.929
1630674000,81.929,82.029,81.506,81.712
1630688400,81.712,81.861,81.708,81.808
1630875600,81.808,81.897,81.625,81.654
1630890000,81.654,81.726,81.564,81.577
1630904400,81.577,81.834,81.546,81.692
1630918800,81.692,81.745,81.621,81.675
1630933200,81.675,81.736,81.607,81.694
1630947600,81.694,81.744,81.649,81.738
1630962000,81.738,81.834,81.658,81.793
1630976400,81.793,81.992,81.605,81.626
1630990800,81.626,81.736,81.388,81.525
1631005200,81.525,81.538,81.291,81.408
1631019600,81.408,81.502,81.286,81.484
1631034000,81.484,81.51,81.438,81.474
1631048400,81.474,81.583,81.423,81.536
1631062800,81.536,81.648,81.441,81.474
1631077200,81.474,81.546,80.971,81.108
1631091600,81.108,81.412,81.108,81.351
1631106000,81.351,81.391,81.05,81.31
1631120400,81.31,81.348,81.202,81.218
1631134800,81.218,81.254,80.998,81.054
1631149200,81.054,81.116,80.935,80.994
1631163600,80.994,81.154,80.917,81.075
1631178000,81.075,81.166,80.966,81.114
1631192400,81.114,81.196,80.95,80.964
1631206800,80.964,81.005,80.779,80.86
1631221200,80.86,80.956,80.828,80.84
1631235600,80.84,81.16,80.754,81.144
1631250000,81.144,81.424,81.052,81.41
1631264400,81.41,81.432,81.289,81.335
1631278800,81.335,81.361,80.918,81.046
1631293200,81.046,81.056,80.754,80.836
1631480400,80.836,81.006,80.76,80.948
1631494800,80.948,80.966,80.734,80.786
1631509200,80.786,81.09,80.669,81.051
1631523600,81.051,81.086,80.875,81.061
1631538000,81.061,81.132,80.88,81.015
1631552400,81.015,81.104,80.888,81.076
1631566800,81.076,81.104,80.942,81.022
1631581200,81.022,81.15,80.81,80.834
1631595600,80.834,80.886,80.659,80.793
1631610000,80.793,80.97,80.67,80.863
1631624400,80.863,80.956,80.31,80.376
1631638800,80.376,80.408,80.173,80.304
1631653200,80.304,80.348,80.116,80.137
1631667600,80.137,80.349,80.015,80.318
1631682000,80.318,80.326,80.034,80.136
1631696400,80.136,80.194,79.831,80.042
1631710800,80.042,80.248,79.918,80.111
1631725200,80.111,80.227,80.11,80.207
1631739600,80.207,80.371,80.185,80.322
1631754000,80.322,80.348,80.013,80.041
1631768400,80.041,80.091,79.899,80.044
1631782800,80.044,80.243,79.962,80.144
1631797200,80.144,80.21,79.749,79.969
1631811600,79.969,80.103,79.91,80.006
1631826000,80.006,80.106,79.953,80.012
1631840400,80.012,80.202,80,80.202
1631854800,80.202,80.51,80.192,80.473
1631869200,80.473,80.502,80.265,80.434
1631883600,80.434,80.49,79.887,79.998
1631898000,79.998,80.047,79.866,80.018
1632085200,80.018,80.018,79.83,79.871
1632099600,79.871,79.872,79.44,79.494
1632114000,79.494,79.606,79.296,79.343
1632128400,79.343,79.415,79.054,79.35
1632142800,79.35,79.634,79.184,79.189
1632157200,79.189,79.465,79.097,79.334
1632171600,79.334,79.55,79.205,79.452
1632186000,79.452,79.756,79.42,79.708
1632200400,79.708,79.836,79.556,79.732
1632214800,79.732,79.762,79.202,79.222
1632229200,79.222,79.252,78.858,79.07
1632243600,79.07,79.107,78.928,78.99
1632258000,78.99,79.07,78.849,78.995
1632272400,78.995,79.57,78.966,79.357
1632286800,79.357,79.512,79.235,79.354
1632301200,79.354,79.47,79.298,79.428
1632315600,79.428,79.64,79.298,79.58
1632330000,79.58,79.948,79.462,79.522
1632344400,79.522,79.525,79.405,79.436
1632358800,79.436,79.566,79.356,79.544
1632373200,79.544,79.983,79.493,79.964
1632387600,79.964,80.328,79.701,80.311
1632402000,80.311,80.52,80.185,80.471
1632416400,80.471,80.599,80.452,80.496
1632430800,80.496,80.77,80.442,80.684
1632445200,80.684,80.708,80.429,80.574
1632459600,80.574,80.662,80.226,80.402
1632474000,80.402,80.406,80.044,80.047
1632488400,80.047,80.43,80.009,80.404
1632502800,80.404,80.589,80.15,80.305
1632690000,80.305,80.598,80.272,80.58
1632704400,80.58,80.667,80.443,80.506
1632718800,80.506,80.661,80.419,80.548
1632733200,80.548,80.662,80.416,80.562
1632747600,80.562,80.887,80.516,80.875
1632762000,80.875,80.966,80.844,80.896
1632776400,80.896,80.91,80.652,80.74
1632790800,80.74,81.268,80.656,81.23
1632805200,81.23,81.314,80.812,80.918
1632819600,80.918,80.926,80.644,80.76
1632834000,80.76,80.891,80.487,80.577
1632848400,80.577,80.82,80.554,80.71
1632862800,80.71,80.898,80.706,80.837
1632877200,80.837,80.896,80.606,80.835
1632891600,80.835,80.932,80.65,80.689
1632906000,80.689,80.728,80.384,80.417
1632920400,80.417,80.486,80.185,80.38
1632934800,80.38,80.522,80.292,80.346
1632949200,80.346,80.528,80.309,80.457
1632963600,80.457,80.642,80.36,80.604
1632978000,80.604,80.726,80.543,80.638
1632992400,80.638,80.7,80.486,80.661
1633006800,80.661,80.908,80.321,80.38
1633021200,80.38,80.602,80.296,80.423
1633035600,80.423,80.662,80.392,80.512
1633050000,80.512,80.544,80.138,80.2
1633064400,80.2,80.361,79.902,80.326
1633078800,80.326,80.768,80.32,80.549
1633093200,80.549,80.752,80.475,80.694
1633107600,80.694,80.812,80.449,80.649
1633294800,80.649,80.812,80.504,80.62
1633309200,80.62,80.772,80.494,80.744
1633323600,80.744,80.813,80.551,80.774
1633338000,80.774,81.03,80.766,80.998
1633352400,80.998,81.18,80.634,80.775
1633366800,80.775,80.898,80.736,80.783
1633381200,80.783,80.953,80.7,80.742
1633395600,80.742,80.874,80.612,80.782
1633410000,80.782,80.938,80.552,80.922
1633424400,80.922,81.054,80.816,81.028
1633438800,81.028,81.316,80.92,81.302
1633453200,81.302,81.348,81.231,81.282
1633467600,81.282,81.342,81.206,81.34
1633482000,81.34,81.411,81.024,81.128
1633496400,81.128,81.213,80.627,80.694
1633510800,80.694,80.892,80.572,80.79
1633525200,80.79,80.939,80.61,80.752
1633539600,80.752,81.07,80.705,81.016
1633554000,81.016,81.186,80.992,81.128
1633568400,81.128,81.256,81.096,81.107
1633582800,81.107,81.318,81.032,81.209
1633597200,81.209,81.386,81.134,81.258
1633611600,81.258,81.654,81.161,81.629
1633626000,81.629,81.672,81.573,81.634
1633640400,81.634,81.784,81.596,81.784
1633654800,81.784,81.902,81.675,81.678
1633669200,81.678,81.708,81.607,81.67
1633683600,81.67,81.848,81.56,81.77
1633698000,81.77,82.006,81.645,81.985
1633712400,81.985,82.077,81.9,82.02
1633899600,82.02,82.184,81.856,82.149
1633914000,82.149,82.534,82.145,82.464
1633928400,82.464,82.952,82.428,82.917
1633942800,82.917,83.177,82.796,83.089
1633957200,83.089,83.56,83.012,83.482
1633971600,83.482,83.484,83.209,83.276
1633986000,83.276,83.394,83.118,83.246
1634000400,83.246,83.279,83.052,83.277
1634014800,83.277,83.536,83.013,83.482
1634029200,83.482,83.804,83.419,83.686
1634043600,83.686,83.784,83.48,83.61
1634058000,83.61,83.612,83.463,83.489
1634072400,83.489,83.54,83.23,83.262
1634086800,83.262,83.326,83.12,83.282
1634101200,83.282,83.606,83.208,83.591
1634115600,83.591,83.606,83.268,83.296
1634130000,83.296,83.701,83.295,83.66
1634144400,83.66,83.713,83.557,83.56
1634158800,83.56,83.838,83.5,83.772
1634173200,83.772,83.916,83.68,83.887
1634187600,83.887,84.134,83.814,84.077
1634202000,84.077,84.196,83.946,84.187
1634216400,84.187,84.403,84.137,84.237
1634230800,84.237,84.338,84.202,84.298
1634245200,84.298,84.46,84.268,84.444
1634259600,84.444,84.592,84.378,84.589
1634274000,84.589,84.928,84.578,84.787
1634288400,84.787,84.878,84.719,84.737
1634302800,84.737,84.856,84.598,84.75
1634317200,84.75,84.833,84.689,84.793
1634504400,84.793,85.024,84.644,84.669
1634518800,84.669,84.742,84.505,84.638
1634533200,84.638,84.708,84.477,84.52
1634547600,84.52,84.589,84.278,84.392
1634562000,84.392,84.758,84.374,84.694
1634576400,84.694,84.776,84.682,84.739
1634590800,84.739,84.915,84.664,84.75
1634605200,84.75,85.136,84.693,85.108
1634619600,85.108,85.256,85.068,85.104
1634634000,85.104,85.354,85.077,85.258
1634648400,85.258,85.516,85.148,85.5
1634662800,85.5,85.542,85.418,85.468
1634677200,85.468,85.708,85.42,85.674
1634691600,85.674,85.934,85.566,85.876
1634706000,85.876,85.889,85.49,85.698
1634720400,85.698,85.749,85.486,85.566
1634734800,85.566,85.885,85.505,85.766
1634749200,85.766,85.972,85.72,85.944
1634763600,85.944,86.052,85.821,86.052
1634778000,86.052,86.254,85.508,85.659
1634792400,85.659,85.71,85.246,85.368
1634806800,85.368,85.577,85.297,85.431
1634821200,85.431,85.47,84.969,84.974
1634835600,84.974,85.158,84.889,85.123
1634850000,85.123,85.24,84.894,85.232
1634864400,85.232,85.504,85.143,85.253
1634878800,85.253,85.546,85.162,85.511
1634893200,85.511,85.526,85.262,85.272
1634907600,85.272,85.372,84.648,84.73
1634922000,84.73,84.852,84.608,84.762
1635109200,84.762,85.014,84.73,84.964
1635123600,84.964,85.14,84.834,85.09
1635138000,85.09,85.306,84.98,85.168
1635152400,85.168,85.246,84.957,85.202
1635166800,85.202,85.257,84.957,85.179
1635181200,85.179,85.241,85.17,85.197
1635195600,85.197,85.363,85.122,85.35
1635210000,85.35,85.664,85.316,85.626
1635224400,85.626,85.654,85.394,85.542
1635238800,85.542,85.91,85.44,85.854
1635253200,85.854,85.925,85.502,85.601
1635267600,85.601,85.72,85.538,85.63
1635282000,85.63,85.986,85.59,85.972
1635296400,85.972,86.061,85.661,85.798
1635310800,85.798,85.89,85.132,85.175
1635325200,85.175,85.52,85.049,85.408
1635339600,85.408,85.608,85.156,85.602
1635354000,85.602,85.682,85.493,85.542
1635368400,85.542,85.637,85.282,85.299
1635382800,85.299,85.336,85.116,85.268
1635397200,85.268,85.542,85.191,85.374
1635411600,85.374,85.52,85.319,85.387
1635426000,85.387,85.681,85.218,85.605
1635440400,85.605,85.711,85.51,85.676
1635454800,85.676,85.787,85.486,85.504
1635469200,85.504,85.874,85.324,85.74
1635483600,85.74,85.839,85.546,85.67
1635498000,85.67,85.844,85.61,85.663
1635512400,85.663,85.802,85.498,85.692
1635526800,85.692,85.808,85.598,85.725
1635714000,85.725,85.954,85.661,85.684
1635728400,85.684,85.82,85.61,85.738
1635742800,85.738,85.858,85.654,85.68
1635757200,85.68,85.89,85.638,85.826
1635771600,85.826,86.062,85.815,85.972
1635786000,85.972,85.976,85.68,85.799
1635800400,85.799,85.849,85.652,85.834
1635814800,85.834,85.914,85.095,85.191
1635829200,85.191,85.331,84.71,84.712
1635843600,84.712,84.991,84.656,84.947
1635858000,84.947,84.968,84.496,84.534
1635872400,84.534,84.706,84.514,84.67
1635886800,84.67,84.752,84.606,84.658
1635901200,84.658,84.762,84.501,84.636
1635915600,84.636,84.879,84.632,84.732
1635930000,84.732,84.788,84.61,84.732
1635944400,84.732,84.81,84.604,84.612
1635958800,84.612,84.986,84.562,84.904
1635973200,84.904,85.21,84.815,85.13
1635987600,85.13,85.204,85.031,85.034
1636002000,85.034,85.044,84.641,84.716
1636016400,84.716,84.734,84.347,84.43
1636030800,84.43,84.499,83.899,84.138
1636045200,84.138,84.219,84.024,84.178
1636059600,84.178,84.348,84.15,84.163
1636074000,84.163,84.173,83.82,84.087
1636088400,84.087,84.108,83.888,83.95
1636102800,83.95,84.186,83.853,84.098
1636117200,84.098,84.112,83.864,83.99
1636131600,83.99,83.99,83.822,83.903
1636322400,83.903,84.134,83.817,83.924
1636336800,83.924,84.125,83.898,84.112
1636351200,84.112,84.176,83.84,83.958
1636365600,83.958,84.08,83.896,84.028
1636380000,84.028,84.106,83.908,84.035
1636394400,84.035,84.101,83.967,84.056
1636408800,84.056,84.079,83.691,83.726
1636423200,83.726,83.794,83.409,83.668
1636437600,83.668,83.88,83.667,83.809
1636452000,83.809,83.852,83.548,83.592
1636466400,83.592,83.69,83.122,83.234
1636480800,83.234,83.332,83.182,83.285
1636495200,83.285,83.346,83.134,83.214
1636509600,83.214,83.228,82.998,83.031
1636524000,83.031,83.492,83.01,83.466
1636538400,83.466,83.651,83.246,83.642
1636552800,83.642,83.96,83.637,83.793
1636567200,83.793,83.797,83.412,83.46
1636581600,83.46,83.664,83.34,83.532
1636596000,83.532,83.598,83.158,83.27
1636610400,83.27,83.406,83.127,83.24
1636624800,83.24,83.314,83.118,83.238
1636639200,83.238,83.32,83.15,83.195
1636653600,83.195,83.274,83.131,83.184
1636668000,83.184,83.312,83.108,83.206
1636682400,83.206,83.302,83.132,83.294
1636696800,83.294,83.424,83.121,83.157
1636711200,83.157,83.282,83.132,83.22
1636725600,83.22,83.501,83.144,83.486
1636740000,83.486,83.56,83.44,83.51
1636927200,83.51,83.664,83.435,83.524
1636941600,83.524,83.646,83.524,83.632
1636956000,83.632,83.876,83.615,83.78
1636970400,83.78,83.906,83.773,83.849
1636984800,83.849,83.93,83.766,83.861
1636999200,83.861,83.918,83.828,83.852
1637013600,83.852,84.164,83.806,84.138
1637028000,84.138,84.159,83.749,83.788
1637042400,83.788,83.928,83.732,83.801
1637056800,83.801,84.009,83.76,83.945
1637071200,83.945,83.972,83.696,83.736
1637085600,83.736,83.874,83.715,83.864
1637100000,83.864,83.909,83.54,83.653
1637114400,83.653,83.698,83.445,83.678
1637128800,83.678,83.916,83.568,83.611
1637143200,83.611,83.704,83.448,83.532
1637157600,83.532,83.55,82.856,82.928
1637172000,82.928,82.964,82.82,82.924
1637186400,82.924,83.056,82.685,82.765
1637200800,82.765,83.105,82.694,83.098
1637215200,83.098,83.236,83.047,83.178
1637229600,83.178,83.261,83.046,83.046
1637244000,83.046,83.17,82.828,83.122
1637258400,83.122,83.168,83.06,83.144
1637272800,83.144,83.246,83.084,83.208
1637287200,83.208,83.281,83.144,83.272
1637301600,83.272,83.36,82.54,82.577
1637316000,82.577,82.61,82.16,82.46
1637330400,82.46,82.821,82.398,82.558
1637344800,82.558,82.594,82.406,82.474
1637532000,82.474,82.658,82.457,82.602
1637546400,82.602,82.825,82.558,82.798
1637560800,82.798,82.863,82.692,82.802
1637575200,82.802,83.019,82.762,82.996
1637589600,82.996,83.216,82.914,83.032
1637604000,83.032,83.1,82.937,82.994
1637618400,82.994,83.075,82.938,83.05
1637632800,83.05,83.232,83.004,83.06
1637647200,83.06,83.104,82.656,82.915
1637661600,82.915,83.052,82.863,82.984
1637676000,82.984,83.178,82.824,83
1637690400,83,83.252,82.958,83.205
1637704800,83.205,83.24,83.078,83.16
1637719200,83.16,83.167,82.744,82.926
1637733600,82.926,83.151,82.874,82.977
1637748000,82.977,83.118,82.834,82.858
1637762400,82.858,83.076,82.838,82.998
1637776800,82.998,83.084,82.972,83.04
1637791200,83.04,83.198,83.022,83.097
1637805600,83.097,83.16,83.036,83.091
1637820000,83.091,83.166,82.834,82.94
1637834400,82.94,82.942,82.798,82.846
1637848800,82.846,82.976,82.82,82.898
1637863200,82.898,82.97,82.871,82.944
1637877600,82.944,83.035,82.172,82.204
1637892000,82.204,82.226,81.806,81.91
1637906400,81.91,81.914,80.897,81.226
1637920800,81.226,81.638,81.225,81.35
1637935200,81.35,81.388,80.572,80.597
1637949600,80.597,80.959,80.476,80.723
1638136800,80.723,81.346,80.673,81.176
1638151200,81.176,81.28,80.839,80.876
1638165600,80.876,81.229,80.652,81.024
1638180000,81.024,81.336,81.012,81.305
1638194400,81.305,81.411,80.833,81.096
1638208800,81.096,81.146,81.038,81.102
1638223200,81.102,81.394,80.985,81.306
1638237600,81.306,81.383,80.305,80.328
1638252000,80.328,80.648,80.18,80.41
1638266400,80.41,80.761,80.35,80.68
1638280800,80.68,80.858,80.117,80.335
1638295200,80.335,80.705,80.248,80.658
1638309600,80.658,81.04,80.556,80.972
1638324000,80.972,81.373,80.954,81.318
1638338400,81.318,81.479,81.004,81.168
1638352800,81.168,81.212,80.886,80.994
1638367200,80.994,81.009,80.305,80.322
1638381600,80.322,80.404,80.036,80.164
1638396000,80.164,80.471,80.086,80.465
1638410400,80.465,80.51,80.208,80.344
1638424800,80.344,80.564,80.256,80.443
1638439200,80.443,80.462,79.939,80.048
1638453600,80.048,80.404,79.912,80.31
1638468000,80.31,80.313,80.152,80.286
1638482400,80.286,80.41,79.854,79.966
1638496800,79.966,80.201,79.873,80.164
1638511200,80.164,80.203,79.895,79.919
1638525600,79.919,80.21,79.85,80.126
1638540000,80.126,80.141,79.03,79.076
1638554400,79.076,79.104,78.788,78.952
1638741600,78.952,79.416,78.952,79.355
1638756000,79.355,79.428,79.248,79.306
1638770400,79.306,79.811,79.26,79.562
1638784800,79.562,79.787,79.458,79.765
1638799200,79.765,79.986,79.54,79.938
1638813600,79.938,80.056,79.866,80.035
1638828000,80.035,80.136,79.858,80.11
1638842400,80.11,80.556,79.918,80.528
1638856800,80.528,80.731,80.47,80.654
1638871200,80.654,80.806,80.491,80.757
1638885600,80.757,80.929,80.579,80.872
1638900000,80.872,80.894,80.654,80.852
1638914400,80.852,80.904,80.69,80.774
1638928800,80.774,81.097,80.761,80.91
1638943200,80.91,81.075,80.696,80.976
1638957600,80.976,81.444,80.675,81.375
1638972000,81.375,81.72,81.297,81.586
1638986400,81.586,81.617,81.516,81.542
1639000800,81.542,81.576,81.444,81.452
1639015200,81.452,81.583,81.424,81.552
1639029600,81.552,81.67,81.21,81.33
1639044000,81.33,81.335,80.924,80.959
1639058400,80.959,81.214,80.958,81.194
1639072800,81.194,81.257,81.014,81.092
1639087200,81.092,81.133,80.83,81.086
1639101600,81.086,81.334,81.03,81.048
1639116000,81.048,81.308,81.048,81.281
1639130400,81.281,81.561,81.233,81.479
1639144800,81.479,81.492,81.095,81.332
1639159200,81.332,81.412,81.284,81.327
1639346400,81.327,81.428,81.166,81.355
1639360800,81.355,81.49,81.324,81.366
1639375200,81.366,81.392,81.127,81.19
1639389600,81.19,81.204,81,81.071
1639404000,81.071,81.088,80.703,80.817
1639418400,80.817,81.046,80.802,81.042
1639432800,81.042,81.044,80.734,80.808
1639447200,80.808,80.839,80.48,80.717
1639461600,80.717,81.154,80.696,80.881
1639476000,80.881,81.044,80.724,80.782
1639490400,80.782,81.077,80.698,80.772
1639504800,80.772,80.864,80.754,80.839
1639519200,80.839,80.932,80.744,80.876
1639533600,80.876,80.947,80.775,80.924
1639548000,80.924,81.142,80.903,81.08
1639562400,81.08,81.408,81.047,81.374
1639576800,81.374,81.381,80.93,81.202
1639591200,81.202,81.864,80.996,81.822
1639605600,81.822,82.02,81.616,81.685
1639620000,81.685,81.742,81.534,81.658
1639634400,81.658,82.231,81.654,82.2
1639648800,82.2,82.439,82.149,82.404
1639663200,82.404,82.408,81.586,81.601
1639677600,81.601,81.7,81.425,81.69
1639692000,81.69,81.752,81.486,81.6
1639706400,81.6,81.662,81.155,81.442
1639720800,81.442,81.524,81.281,81.354
1639735200,81.354,81.365,80.988,81.082
1639749600,81.082,81.319,80.939,81.184
1639764000,81.184,81.218,80.996,81.024
1639951200,81.024,81.11,80.756,80.821
1639965600,80.821,80.906,80.51,80.618
1639980000,80.618,80.648,80.274,80.498
1639994400,80.498,80.863,80.494,80.812
1640008800,80.812,80.95,80.572,80.78
1640023200,80.78,80.946,80.75,80.788
1640037600,80.788,80.951,80.626,80.914
1640052000,80.914,80.95,80.78,80.926
1640066400,80.926,81.054,80.796,80.994
1640080800,80.994,81.194,80.986,81.094
1640095200,81.094,81.612,81.094,81.6
1640109600,81.6,81.671,81.547,81.619
1640124000,81.619,81.683,81.435,81.566
1640138400,81.566,81.588,81.265,81.338
1640152800,81.338,81.815,81.284,81.766
1640167200,81.766,82.08,81.766,82.075
1640181600,82.075,82.478,82.01,82.44
1640196000,82.44,82.459,82.324,82.324
1640210400,82.324,82.429,82.122,82.26
1640224800,82.26,82.418,82.14,82.398
1640239200,82.398,82.79,82.376,82.773
1640253600,82.773,82.834,82.548,82.62
1640268000,82.62,82.954,82.582,82.954
1640282400,82.954,82.988,82.854,82.884
1640296800,82.884,82.89,82.679,82.728
1640311200,82.728,82.816,82.619,82.751
1640325600,82.751,82.87,82.722,82.863
1640340000,82.863,82.874,82.724,82.731
1640354400,82.731,82.766,82.554,82.576
1640368800,82.576,82.866,82.547,82.613
1640556000,82.613,82.782,82.576,82.761
1640570400,82.761,82.858,82.702,82.71
1640584800,82.71,82.812,82.625,82.675
1640599200,82.675,82.97,82.64,82.964
1640613600,82.964,83.202,82.906,83.128
1640628000,83.128,83.228,83.09,83.182
1640642400,83.182,83.216,83.024,83.056
1640656800,83.056,83.22,83.044,83.209
1640671200,83.209,83.267,83.067,83.218
1640685600,83.218,83.438,83.162,83.234
1640700000,83.234,83.265,82.872,82.937
1640714400,82.937,83.056,82.882,82.994
1640728800,82.994,83.095,82.798,82.864
1640743200,82.864,83.09,82.828,83.058
1640757600,83.058,83.2,82.945,83.001
1640772000,83.001,83.179,82.959,83.116
1640786400,83.116,83.5,83.032,83.304
1640800800,83.304,83.412,83.301,83.344
1640815200,83.344,83.596,83.311,83.594
1640829600,83.594,83.601,83.417,83.458
1640844000,83.458,83.606,83.423,83.579
1640858400,83.579,83.704,83.546,83.621
1640872800,83.621,83.762,83.484,83.53
1640887200,83.53,83.53,83.403,83.43
1640901600,83.43,83.548,83.358,83.482
1640916000,83.482,83.575,83.398,83.535
1640930400,83.535,83.691,83.525,83.665
1640944800,83.665,83.695,83.391,83.544
1640959200,83.544,83.75,83.442,83.708
1640973600,83.708,83.723,83.615,83.665
1641160800,83.665,83.866,83.568,83.598
1641175200,83.598,83.648,83.455,83.552
1641189600,83.552,83.749,83.519,83.566
1641204000,83.566,83.594,83.137,83.17
1641218400,83.17,83.17,82.848,82.99
1641232800,82.99,83.035,82.829,82.94
1641247200,82.94,83.17,82.866,83.101
1641261600,83.101,83.546,83.044,83.49
1641276000,83.49,83.611,83.337,83.536
1641290400,83.536,83.814,83.496,83.803
1641304800,83.803,84.178,83.768,84.116
1641319200,84.116,84.134,83.992,84.085
1641333600,84.085,84.162,83.828,83.924
1641348000,83.924,83.988,83.762,83.821
1641362400,83.821,84.032,83.793,83.964
1641376800,83.964,84.14,83.881,84.043
1641391200,84.043,84.294,83.934,84.234
1641405600,84.234,84.298,83.78,83.856
1641420000,83.856,83.888,83.572,83.636
1641434400,83.636,83.64,83.062,83.123
1641448800,83.123,83.125,82.686,82.834
1641463200,82.834,83.179,82.815,82.902
1641477600,82.902,83.166,82.73,82.998
1641492000,82.998,83.108,82.916,82.982
1641506400,82.982,83.222,82.944,83.136
1641520800,83.136,83.137,82.936,83.038
1641535200,83.038,83.052,82.752,82.894
1641549600,82.894,83.011,82.633,82.71
1641564000,82.71,83.082,82.69,82.996
1641578400,82.996,83.068,82.971,82.978
1641765600,82.978,83.196,82.924,83.173
1641780000,83.173,83.357,83.169,83.288
1641794400,83.288,83.364,83.02,83.159
1641808800,83.159,83.254,82.638,82.752
1641823200,82.752,82.79,82.331,82.474
1641837600,82.474,82.718,82.467,82.64
1641852000,82.64,82.906,82.62,82.784
1641866400,82.784,83.03,82.749,82.888
1641880800,82.888,82.96,82.578,82.894
1641895200,82.894,82.932,82.774,82.838
1641909600,82.838,83.141,82.697,83.1
1641924000,83.1,83.222,83.047,83.132
1641938400,83.132,83.222,83.036,83.116
1641952800,83.116,83.304,83.105,83.258
1641967200,83.258,83.312,83.08,83.194
1641981600,83.194,83.54,83.155,83.522
1641996000,83.522,83.678,83.359,83.416
1642010400,83.416,83.536,83.362,83.505
1642024800,83.505,83.554,83.352,83.366
1642039200,83.366,83.554,83.347,83.417
1642053600,83.417,83.744,83.416,83.726
1642068000,83.726,83.747,83.333,83.5
1642082400,83.5,83.558,83.042,83.147
1642096800,83.147,83.258,83.003,83.111
1642111200,83.111,83.18,82.7,82.736
1642125600,82.736,82.892,82.632,82.87
1642140000,82.87,82.996,82.765,82.834
1642154400,82.834,82.876,82.1,82.202
1642168800,82.202,82.518,82.152,82.2
1642183200,82.2,82.462,82.094,82.309
1642370400,82.309,82.52,82.309,82.39
1642384800,82.39,82.565,82.366,82.482
1642399200,82.482,82.652,82.438,82.626
1642413600,82.626,82.766,82.556,82.615
1642428000,82.615,82.708,82.564,82.694
1642442400,82.694,82.704,82.618,82.638
1642456800,82.638,82.763,82.564,82.713
1642471200,82.713,82.964,82.486,82.572
1642485600,82.572,82.766,82.32,82.43
1642500000,82.43,82.496,82.285,82.39
1642514400,82.39,82.466,82.186,82.214
1642528800,82.214,82.394,82.162,82.34
1642543200,82.34,82.54,82.302,82.406
1642557600,82.406,82.502,82.081,82.154
1642572000,82.154,82.484,82.114,82.48
1642586400,82.48,82.739,82.462,82.726
1642600800,82.726,82.797,82.48,82.648
1642615200,82.648,82.655,82.414,82.447
1642629600,82.447,82.778,82.418,82.658
1642644000,82.658,82.848,82.616,82.704
1642658400,82.704,82.869,82.55,82.642
1642672800,82.642,82.846,82.641,82.783
1642687200,82.783,82.974,82.731,82.847
1642701600,82.847,82.852,82.428,82.49
1642716000,82.49,82.522,81.693,81.936
1642730400,81.936,82.066,81.654,81.922
1642744800,81.922,82.044,81.804,81.932
1642759200,81.932,82.08,81.709,81.982
1642773600,81.982,82.041,81.633,81.708
1642788000,81.708,81.786,81.494,81.574
1642975200,81.574,81.83,81.548,81.802
1642989600,81.802,81.832,81.499,81.536
1643004000,81.536,81.574,81.168,81.288
1643018400,81.288,81.29,80.84,80.856
1643032800,80.856,81.142,80.696,80.884
1643047200,80.884,81.474,80.852,81.443
1643061600,81.443,81.798,81.351,81.428
1643076000,81.428,81.438,81.055,81.299
1643090400,81.299,81.601,81.158,81.55
1643104800,81.55,81.588,81.179,81.228
1643119200,81.228,81.562,81.044,81.339
1643133600,81.339,81.674,81.299,81.428
1643148000,81.428,81.585,81.358,81.532
1643162400,81.532,81.604,81.452,81.566
1643176800,81.566,81.828,81.498,81.82
1643191200,81.82,81.994,81.767,81.948
1643205600,81.948,82.012,81.76,81.988
1643220000,81.988,82.152,81.224,81.609
1643234400,81.609,81.703,81.08,81.164
1643248800,81.164,81.242,80.98,81.11
1643263200,81.11,81.592,81.01,81.567
1643277600,81.567,81.74,81.428,81.677
1643292000,81.677,81.758,81.114,81.163
1643306400,81.163,81.168,80.918,81.158
1643320800,81.158,81.304,81.045,81.296
1643335200,81.296,81.34,81.046,81.238
1643349600,81.238,81.276,80.85,80.944
1643364000,80.944,80.956,80.516,80.734
1643378400,80.734,80.782,80.489,80.525
1643392800,80.525,80.651,80.369,80.59
1643580000,80.59,80.951,80.549,80.923
1643594400,80.923,81.108,80.885,81.044
1643608800,81.044,81.464,81.031,81.404
1643623200,81.404,81.54,81.222,81.468
1643637600,81.468,81.627,81.089,81.308
1643652000,81.308,81.392,81.248,81.366
1643666400,81.366,81.449,81.226,81.262
1643680800,81.262,81.409,80.905,81.262
1643695200,81.262,81.567,81.15,81.21
1643709600,81.21,81.484,81.2,81.468
1643724000,81.468,81.685,81.294,81.564
1643738400,81.564,81.788,81.532,81.766
1643752800,81.766,81.968,81.732,81.835
1643767200,81.835,81.992,81.778,81.866
1643781600,81.866,81.902,81.58,81.704
1643796000,81.704,81.832,81.649,81.65
1643810400,81.65,81.712,81.384,81.601
1643824800,81.601,81.784,81.579,81.684
1643839200,81.684,81.684,81.399,81.468
1643853600,81.468,81.62,81.387,81.596
1643868000,81.596,81.794,81.542,81.65
1643882400,81.65,81.966,81.62,81.928
1643896800,81.928,82.286,81.917,82.015
1643911200,82.015,82.114,81.909,82.098
1643925600,82.098,82.222,81.884,81.94
1643940000,81.94,82.17,81.909,82.084
1643954400,82.084,82.086,81.73,81.738
1643968800,81.738,81.751,81.352,81.398
1643983200,81.398,81.564,81.298,81.458
1643997600,81.458,81.589,81.439,81.517
1644184800,81.517,81.688,81.414,81.608
1644199200,81.608,81.762,81.458,81.714
1644213600,81.714,81.896,81.544,81.624
1644228000,81.624,81.848,81.506,81.828
1644242400,81.828,81.958,81.73,81.856
1644256800,81.856,82.052,81.842,82.012
1644271200,82.012,82.292,81.917,82.285
1644285600,82.285,82.338,82.044,82.128
1644300000,82.128,82.375,82.12,82.327
1644314400,82.327,82.328,82.046,82.237
1644328800,82.237,82.491,82.232,82.462
1644343200,82.462,82.583,82.392,82.578
1644357600,82.578,82.657,82.464,82.614
1644372000,82.614,82.764,82.532,82.668
1644386400,82.668,82.73,82.489,82.639
1644400800,82.639,82.942,82.634,82.894
1644415200,82.894,83.056,82.856,82.932
1644429600,82.932,82.998,82.874,82.962
1644444000,82.962,83.014,82.78,82.784
1644458400,82.784,82.988,82.732,82.928
1644472800,82.928,83.326,82.911,83.233
1644487200,83.233,83.42,83.016,83.232
1644501600,83.232,83.992,83.118,83.714
1644516000,83.714,83.758,82.994,83.154
1644530400,83.154,83.188,82.785,82.93
1644544800,82.93,82.972,82.598,82.636
1644559200,82.636,82.846,82.522,82.692
1644573600,82.692,83.078,82.616,83
1644588000,83,83.242,82.941,83.204
1644602400,83.204,83.255,81.979,82.343
1644789600,82.343,82.65,82.139,82.192
1644804000,82.192,82.312,82.161,82.235
1644818400,82.235,82.314,81.55,81.64
1644832800,81.64,82.355,81.578,82.172
1644847200,82.172,82.586,82.132,82.547
1644861600,82.547,82.588,82.055,82.362
1644876000,82.362,82.472,82.137,82.254
1644890400,82.254,82.408,81.912,81.935
1644904800,81.935,82.728,81.892,82.584
1644919200,82.584,82.654,82.348,82.632
1644933600,82.632,82.731,82.393,82.65
1644948000,82.65,82.72,82.574,82.673
1644962400,82.673,82.778,82.63,82.707
1644976800,82.707,82.862,82.704,82.814
1644991200,82.814,83.161,82.794,82.968
1645005600,82.968,83.092,82.696,82.724
1645020000,82.724,82.955,82.632,82.914
1645034400,82.914,83.178,82.838,83.066
1645048800,83.066,83.246,82.977,83.215
1645063200,83.215,83.343,82.34,82.818
1645077600,82.818,83.212,82.598,82.812
1645092000,82.812,83.054,82.646,82.741
1645106400,82.741,83.074,82.651,82.804
1645120800,82.804,82.85,82.542,82.603
1645135200,82.603,82.962,82.424,82.835
1645149600,82.835,83.036,82.82,82.979
1645164000,82.979,83.33,82.891,83.086
1645178400,83.086,83.104,82.834,82.936
1645192800,82.936,82.956,82.438,82.49
1645207200,82.49,82.73,82.472,82.608
1645394400,82.608,82.858,82.346,82.78
1645408800,82.78,83.04,82.718,82.93
1645423200,82.93,83.054,82.732,82.88
1645437600,82.88,82.88,82.586,82.759
1645452000,82.759,82.932,82.691,82.74
1645466400,82.74,82.781,82.472,82.475
1645480800,82.475,82.637,82.124,82.502
1645495200,82.502,82.737,82.322,82.67
1645509600,82.67,82.864,82.454,82.728
1645524000,82.728,83.178,82.728,83.066
1645538400,83.066,83.185,82.95,82.958
1645552800,82.958,83.19,82.802,83.052
1645567200,83.052,83.246,83.049,83.222
1645581600,83.222,83.306,83.049,83.2
1645596000,83.2,83.665,83.155,83.6
1645610400,83.6,83.774,83.512,83.764
1645624800,83.764,83.836,83.226,83.364
1645639200,83.364,83.37,83.108,83.191
1645653600,83.191,83.191,82.752,83.028
1645668000,83.028,83.048,82.092,82.418
1645682400,82.418,82.544,82.096,82.314
1645696800,82.314,82.414,82.096,82.18
1645711200,82.18,82.406,82.015,82.354
1645725600,82.354,83.013,82.314,82.74
1645740000,82.74,82.97,82.43,82.8
1645754400,82.8,82.981,82.65,82.913
1645768800,82.913,83.146,82.818,83.026
1645783200,83.026,83.55,82.964,83.547
1645797600,83.547,83.62,83.317,83.458
1645812000,83.458,83.61,83.432,83.544
1645999200,83.544,83.544,82.804,82.96
1646013600,82.96,83.031,82.76,82.993
1646028000,82.993,83.26,82.976,83.2
1646042400,83.2,83.48,83.2,83.4
1646056800,83.4,83.708,83.367,83.48
1646071200,83.48,83.524,83.26,83.514
1646085600,83.514,83.715,83.474,83.632
1646100000,83.632,83.706,83.446,83.578
1646114400,83.578,83.862,83.436,83.488
1646128800,83.488,83.621,83.369,83.576
1646143200,83.576,83.6,83.2,83.285
1646157600,83.285,83.408,83.098,83.364
1646172000,83.364,83.7,83.261,83.656
1646186400,83.656,83.749,83.55,83.637
1646200800,83.637,83.692,83.411,83.612
1646215200,83.612,83.965,83.583,83.924
1646229600,83.924,84.26,83.738,84.198
1646244000,84.198,84.442,84.196,84.302
1646258400,84.302,84.314,84.175,84.223
1646272800,84.223,84.51,84.125,84.497
1646287200,84.497,84.738,84.396,84.52
1646301600,84.52,84.706,84.462,84.673
1646316000,84.673,84.937,84.41,84.573
1646330400,84.573,84.67,84.47,84.608
1646344800,84.608,84.75,84.163,84.62
1646359200,84.62,85.012,84.536,84.912
1646373600,84.912,85.146,84.81,84.842
1646388000,84.842,85.026,84.495,84.714
1646402400,84.714,84.754,84.262,84.626
1646416800,84.626,84.734,84.534,84.672
1646604000,84.672,85.508,84.474,85.335
1646618400,85.335,85.354,85.036,85.23
1646632800,85.23,85.468,85.068,85.193
1646647200,85.193,85.406,85.014,85.023
1646661600,85.023,85.068,84.346,84.445
1646676000,84.445,84.55,84.314,84.35
1646690400,84.35,84.841,84.286,84.732
1646704800,84.732,84.828,84.028,84.121
1646719200,84.121,84.305,83.911,84.294
1646733600,84.294,84.482,84.156,84.262
1646748000,84.262,84.331,83.812,84.14
1646762400,84.14,84.28,84.042,84.09
1646776800,84.09,84.416,84.036,84.331
1646791200,84.331,84.397,84.158,84.239
1646805600,84.239,84.858,84.239,84.853
1646820000,84.853,84.986,84.804,84.828
1646834400,84.828,84.908,84.622,84.768
1646848800,84.768,84.906,84.725,84.832
1646863200,84.832,84.838,84.576,84.657
1646877600,84.657,85.094,84.638,84.996
1646892000,84.996,85.178,84.896,85.07
1646906400,85.07,85.303,84.954,85.286
1646920800,85.286,85.498,85.196,85.44
1646935200,85.44,85.539,85.375,85.463
1646949600,85.463,85.606,85.286,85.362
1646964000,85.362,85.662,85.268,85.633
1646978400,85.633,85.893,85.522,85.538
1646992800,85.538,85.728,85.426,85.652
1647007200,85.652,85.7,85.532,85.578
1647021600,85.578,85.734,85.411,85.522
1647205200,85.522,85.819,85.494,85.524
1647219600,85.524,85.632,85.342,85.394
1647234000,85.394,85.478,85.232,85.372
1647248400,85.372,85.606,85.276,85.437
1647262800,85.437,85.544,85.088,85.136
1647277200,85.136,85.17,84.902,84.958
1647291600,84.958,85.224,84.95,84.992
1647306000,84.992,85.104,84.766,85.05
1647320400,85.05,85.06,84.596,84.718
1647334800,84.718,85.082,84.706,85.062
1647349200,85.062,85.366,84.987,85.03
1647363600,85.03,85.179,84.922,85.106
1647378000,85.106,85.191,85.022,85.037
1647392400,85.037,85.257,85.032,85.203
1647406800,85.203,85.613,85.171,85.541
1647421200,85.541,85.826,85.501,85.814
1647435600,85.814,86.066,85.727,86.002
1647450000,86.002,86.616,85.807,86.594
1647464400,86.594,87.072,86.5,87.002
1647478800,87.002,87.044,86.49,86.906
1647493200,86.906,87.046,86.749,86.926
1647507600,86.926,87.254,86.764,87.244
1647522000,87.244,87.593,87.122,87.519
1647536400,87.519,87.584,87.429,87.478
1647550800,87.478,87.698,87.389,87.591
1647565200,87.591,87.707,87.524,87.65
1647579600,87.65,88.062,87.599,87.756
1647594000,87.756,87.986,87.698,87.904
1647608400,87.904,88.368,87.84,88.291
1647622800,88.291,88.378,88.201,88.336
1647810000,88.336,88.41,88.195,88.39
1647824400,88.39,88.5,88.162,88.282
1647838800,88.282,88.302,88.046,88.146
1647853200,88.146,88.286,87.836,88.272
1647867600,88.272,88.436,88.221,88.294
1647882000,88.294,88.422,88.172,88.412
1647896400,88.412,88.629,88.329,88.57
1647910800,88.57,89.069,88.406,88.976
1647925200,88.976,89.302,88.836,89.22
1647939600,89.22,89.923,89.202,89.674
1647954000,89.674,89.906,89.586,89.78
1647968400,89.78,90.27,89.749,90.251
1647982800,90.251,90.661,90.138,90.287
1647997200,90.287,90.512,90.08,90.302
1648011600,90.302,90.406,90.134,90.182
1648026000,90.182,90.541,90.023,90.114
1648040400,90.114,90.778,89.936,90.77
1648054800,90.77,90.937,90.667,90.853
1648069200,90.853,90.909,90.592,90.66
1648083600,90.66,90.93,90.526,90.577
1648098000,90.577,91.042,90.576,90.846
1648112400,90.846,91.254,90.838,91.156
1648126800,91.156,91.79,91.095,91.751
1648141200,91.751,91.971,91.664,91.908
1648155600,91.908,92.014,91.53,91.582
1648170000,91.582,91.762,91.118,91.408
1648184400,91.408,91.89,91.062,91.192
1648198800,91.192,91.565,91.148,91.525
1648213200,91.525,91.894,91.447,91.738
1648227600,91.738,91.94,91.636,91.756
1648414800,91.756,91.989,91.618,91.744
1648429200,91.744,92.717,91.702,92.566
1648443600,92.566,94.324,92.408,93.886
1648458000,93.886,93.904,92.672,92.816
1648472400,92.816,92.819,92.164,92.474
1648486800,92.474,92.859,92.348,92.836
1648501200,92.836,93.128,92.306,92.794
1648515600,92.794,92.843,92.117,92.301
1648530000,92.301,93.01,92.274,92.569
1648544400,92.569,92.944,91.472,91.929
1648558800,91.929,92.206,91.445,91.852
1648573200,91.852,92.42,91.826,92.266
1648587600,92.266,92.65,91.938,91.991
1648602000,91.991,92.016,91.14,91.727
1648616400,91.727,91.947,91.316,91.376
1648630800,91.376,91.796,91.268,91.614
1648645200,91.614,91.966,91.474,91.622
1648659600,91.622,91.634,91.396,91.506
1648674000,91.506,92.094,91.446,91.852
1648688400,91.852,91.956,91.412,91.442
1648702800,91.442,91.507,90.761,91.349
1648717200,91.349,91.388,90.955,91.131
1648731600,91.131,91.321,90.998,91.122
1648746000,91.122,91.204,90.955,91.071
1648760400,91.071,91.486,91.033,91.373
1648774800,91.373,91.846,91.332,91.674
1648789200,91.674,92.129,91.364,92.094
1648803600,92.094,92.325,91.906,92.274
1648818000,92.274,92.33,91.748,91.774
1648832400,91.774,91.98,91.644,91.913
1649019600,91.913,91.972,91.576,91.718
1649034000,91.718,92.26,91.708,92.07
1649048400,92.07,92.268,91.994,92.146
1649062800,92.146,92.242,92.053,92.182
1649077200,92.182,92.742,92.161,92.551
1649091600,92.551,92.749,92.512,92.624
1649106000,92.624,92.703,92.273,92.442
1649120400,92.442,93.212,92.31,93.122
1649134800,93.122,93.902,93.055,93.82
1649149200,93.82,93.902,93.617,93.796
1649163600,93.796,94.17,93.688,93.812
1649178000,93.812,93.951,93.612,93.658
1649192400,93.658,93.998,93.622,93.844
1649206800,93.844,94.002,93.625,93.854
1649221200,93.854,94.138,93.811,93.854
1649235600,93.854,93.972,93.636,93.676
1649250000,93.676,93.828,93.122,93.204
1649264400,93.204,93.398,92.717,92.962
1649278800,92.962,93.184,92.632,92.785
1649293200,92.785,92.892,92.414,92.502
1649307600,92.502,92.775,92.414,92.517
1649322000,92.517,92.874,92.474,92.727
1649336400,92.727,92.84,92.458,92.564
1649350800,92.564,92.811,92.562,92.718
1649365200,92.718,92.9,92.532,92.588
1649379600,92.588,92.75,92.465,92.708
1649394000,92.708,92.894,92.512,92.628
1649408400,92.628,92.798,92.52,92.68
1649422800,92.68,92.814,92.484,92.8
1649437200,92.8,92.804,92.697,92.724
1649624400,92.724,92.832,92.522,92.69
1649638800,92.69,93.035,92.656,93.03
1649653200,93.03,93.224,92.972,93.157
1649667600,93.157,93.62,93.148,93.394
1649682000,93.394,93.448,93.08,93.106
1649696400,93.106,93.226,92.952,93.034
1649710800,93.034,93.231,92.834,92.954
1649725200,92.954,93.168,92.838,93.1
1649739600,93.1,93.472,93.065,93.346
1649754000,93.346,93.596,93.262,93.438
1649768400,93.438,93.808,93.362,93.63
1649782800,93.63,93.667,93.358,93.468
1649797200,93.468,93.59,93.402,93.502
1649811600,93.502,93.868,93.478,93.558
1649826000,93.558,93.87,93.516,93.618
1649840400,93.618,93.732,93.22,93.266
1649854800,93.266,93.48,93.016,93.446
1649869200,93.446,93.686,93.408,93.662
1649883600,93.662,93.704,93.347,93.567
1649898000,93.567,93.65,93.318,93.432
1649912400,93.432,93.604,93.126,93.406
1649926800,93.406,93.436,93.148,93.322
1649941200,93.322,93.471,93.162,93.348
1649955600,93.348,93.51,93.312,93.372
1649970000,93.372,93.578,93.314,93.528
1649984400,93.528,93.665,93.492,93.572
1649998800,93.572,93.795,93.528,93.744
1650013200,93.744,93.776,93.57,93.65
1650027600,93.65,93.7,93.394,93.446
1650042000,93.446,93.558,93.406,93.521
1650229200,93.521,93.724,93.425,93.48
1650243600,93.48,93.518,93.106,93.138
1650258000,93.138,93.35,93.08,93.252
1650272400,93.252,93.323,93.183,93.27
1650286800,93.27,93.346,93.146,93.336
1650301200,93.336,93.4,93.214,93.358
1650315600,93.358,93.715,93.284,93.636
1650330000,93.636,94.52,93.596,94.49
1650344400,94.49,94.956,94.284,94.813
1650358800,94.813,94.824,94.3,94.548
1650373200,94.548,95.017,94.54,94.988
1650387600,94.988,95.14,94.864,95.076
1650402000,95.076,95.745,95.068,95.644
1650416400,95.644,95.709,94.92,95.448
1650430800,95.448,95.608,95.26,95.444
1650445200,95.444,95.489,94.93,95.059
1650459600,95.059,95.3,94.756,95.222
1650474000,95.222,95.286,95.054,95.282
1650488400,95.282,95.525,95.191,95.25
1650502800,95.25,95.588,95.226,95.447
1650517200,95.447,95.533,95.124,95.387
1650531600,95.387,95.456,95.15,95.216
1650546000,95.216,95.396,94.713,94.769
1650560400,94.769,94.772,94.408,94.604
1650574800,94.604,94.74,94.471,94.639
1650589200,94.639,94.712,94.068,94.118
1650603600,94.118,94.118,93.508,93.674
1650618000,93.674,93.928,93.656,93.802
1650632400,93.802,93.808,93.044,93.332
1650646800,93.332,93.368,92.992,93.157
1650834000,93.157,93.298,92.824,92.878
1650848400,92.878,92.893,92.055,92.108
1650862800,92.108,92.421,91.572,91.89
1650877200,91.89,92.18,91.511,91.85
1650891600,91.85,91.88,91.114,91.486
1650906000,91.486,92.017,91.434,92.016
1650920400,92.016,92.11,91.441,91.722
1650934800,91.722,92.582,91.532,92.549
1650949200,92.549,92.59,91.719,92.082
1650963600,92.082,92.22,91.422,91.446
1650978000,91.446,91.525,90.902,91.281
1650992400,91.281,91.302,90.596,90.626
1651006800,90.626,91.077,90.452,90.988
1651021200,90.988,91.706,90.958,91.698
1651035600,91.698,91.986,91.182,91.482
1651050000,91.482,91.586,91.166,91.242
1651064400,91.242,91.782,91.024,91.614
1651078800,91.614,91.686,91.315,91.535
1651093200,91.535,91.71,91.338,91.695
1651107600,91.695,92.252,91.47,92.164
1651122000,92.164,93.528,91.89,93.414
1651136400,93.414,93.512,92.358,92.564
1651150800,92.564,93.036,92.436,93.006
1651165200,93.006,93.185,92.828,92.887
1651179600,92.887,93.272,92.8,93.042
1651194000,93.042,93.28,92.946,93.272
1651208400,93.272,93.474,92.856,92.98
1651222800,92.98,93.42,92.98,93.254
1651237200,93.254,93.306,91.802,91.866
1651251600,91.866,92.033,91.592,91.626
1651438800,91.626,92.154,91.626,91.858
1651453200,91.858,91.968,91.53,91.776
1651467600,91.776,92.034,91.59,91.79
1651482000,91.79,91.989,91.57,91.689
1651496400,91.689,91.97,91.616,91.642
1651510800,91.642,91.844,91.501,91.8
1651525200,91.8,92.192,91.702,92.148
1651539600,92.148,92.942,91.992,92.408
1651554000,92.408,92.748,92.204,92.378
1651568400,92.378,92.574,92.086,92.439
1651582800,92.439,92.525,92.182,92.308
1651597200,92.308,92.426,92.174,92.338
1651611600,92.338,92.466,92.266,92.404
1651626000,92.404,92.625,92.326,92.501
1651640400,92.501,92.71,92.385,92.584
1651654800,92.584,92.796,92.51,92.786
1651669200,92.786,92.983,92.569,92.969
1651683600,92.969,93.836,92.896,93.678
1651698000,93.678,94.034,93.464,93.47
1651712400,93.47,93.628,93.338,93.522
1651726800,93.522,93.791,93.435,93.62
1651741200,93.62,93.684,93.174,93.338
1651755600,93.338,93.467,92.346,92.446
1651770000,92.446,92.706,92.296,92.608
1651784400,92.608,93,92.519,92.95
1651798800,92.95,92.959,92.616,92.834
1651813200,92.834,92.858,92.15,92.464
1651827600,92.464,92.943,92.366,92.478
1651842000,92.478,92.702,91.995,92.635
1651856400,92.635,92.671,92.262,92.372
1652043600,92.372,92.372,91.73,91.768
1652058000,91.768,92.026,91.618,91.81
1652072400,91.81,92.072,91.684,91.85
1652086800,91.85,91.96,91.56,91.784
1652101200,91.784,91.808,90.694,91.094
1652115600,91.094,91.128,90.462,90.548
1652130000,90.548,90.808,89.9,89.998
1652144400,89.998,90.956,89.75,90.916
1652158800,90.916,91.162,90.434,90.608
1652173200,90.608,90.816,90.267,90.518
1652187600,90.518,90.814,90.042,90.172
1652202000,90.172,90.692,90.096,90.526
1652216400,90.526,90.558,90.327,90.487
1652230800,90.487,90.788,90.432,90.756
1652245200,90.756,91.014,90.518,90.956
1652259600,90.956,91.151,90.597,90.646
1652274000,90.646,91.769,90.338,90.379
1652288400,90.379,90.433,89.78,90.212
1652302800,90.212,90.26,89.55,90.023
1652317200,90.023,90.314,89.406,89.428
1652331600,89.428,89.562,88.341,88.346
1652346000,88.346,88.67,87.964,88.059
1652360400,88.059,88.363,87.307,88.112
1652374800,88.112,88.115,87.48,87.962
1652389200,87.962,88.672,87.957,88.59
1652403600,88.59,89.097,88.55,88.798
1652418000,88.798,89.014,88.375,88.727
1652432400,88.727,88.995,88.454,88.849
1652446800,88.849,89.68,88.749,89.583
1652461200,89.583,89.726,89.245,89.694
1652648400,89.694,90.06,89.519,89.964
1652662800,89.964,90.126,88.464,88.883
1652677200,88.883,89.539,88.721,89.493
1652691600,89.493,89.748,89.226,89.628
1652706000,89.628,89.742,89.305,89.606
1652720400,89.606,90.18,89.592,89.985
1652734800,89.985,90.314,89.794,90.169
1652749200,90.169,90.704,90.062,90.622
1652763600,90.622,91.071,90.472,91.004
1652778000,91.004,91.171,90.798,91.154
1652792400,91.154,91.169,90.351,90.77
1652806800,90.77,90.943,90.42,90.936
1652821200,90.936,91.174,90.894,90.921
1652835600,90.921,91.023,90.212,90.442
1652850000,90.442,90.876,90.382,90.528
1652864400,90.528,90.756,90.441,90.458
1652878800,90.458,90.495,89.572,89.866
1652893200,89.866,89.866,89.092,89.171
1652907600,89.171,89.62,89,89.412
1652922000,89.412,90.536,89.308,90.324
1652936400,90.324,90.406,89.193,89.282
1652950800,89.282,89.604,89.076,89.19
1652965200,89.19,90.261,89.158,90.083
1652979600,90.083,90.297,89.909,90.084
1652994000,90.084,90.172,89.662,89.79
1653008400,89.79,90.246,89.371,89.792
1653022800,89.792,90.609,89.736,90.548
1653037200,90.548,90.698,90.088,90.138
1653051600,90.138,90.538,89.522,89.625
1653066000,89.625,90.211,89.462,90.173
1653253200,90.173,90.748,90.066,90.538
1653267600,90.538,90.632,90.07,90.336
1653282000,90.336,91.044,90.287,90.611
1653296400,90.611,90.886,90.56,90.803
1653310800,90.803,90.88,90.468,90.8
1653325200,90.8,90.989,90.57,90.928
1653339600,90.928,90.929,90.321,90.428
1653354000,90.428,90.72,90.291,90.382
1653368400,90.382,90.532,89.953,90.028
1653382800,90.028,90.328,89.902,90.044
1653397200,90.044,90.124,89.244,89.718
1653411600,89.718,90.244,89.584,90.167
1653426000,90.167,90.31,89.956,90.008
1653440400,90.008,90.506,89.856,90.306
1653454800,90.306,90.517,89.856,89.966
1653469200,89.966,90.071,89.307,89.578
1653483600,89.578,90.22,89.51,89.973
1653498000,89.973,90.386,89.824,90.227
1653512400,90.227,90.596,90.13,90.566
1653526800,90.566,90.658,90.001,90.044
1653541200,90.044,90.114,89.703,89.734
1653555600,89.734,90.174,89.651,89.968
1653570000,89.968,90.305,89.844,90.248
1653584400,90.248,90.28,90.031,90.216
1653598800,90.216,90.409,89.996,90.124
1653613200,90.124,90.634,90.084,90.584
1653627600,90.584,90.872,90.406,90.733
1653642000,90.733,90.812,90.562,90.77
1653656400,90.77,91.006,90.698,90.814
1653670800,90.814,91.03,90.786,91.018
1653858000,91.018,91.234,90.899,90.994
1653872400,90.994,91.292,90.95,91.172
1653886800,91.172,91.53,91.156,91.488
1653901200,91.488,91.72,91.358,91.649
1653915600,91.649,91.85,91.624,91.803
1653930000,91.803,91.858,91.776,91.856
1653944400,91.856,92.24,91.698,91.974
1653958800,91.974,92.088,91.824,92.022
1653973200,92.022,92.091,91.586,91.968
1653987600,91.968,92.082,91.83,91.992
1654002000,91.992,92.45,91.986,92.384
1654016400,92.384,92.53,92.259,92.37
1654030800,92.37,92.744,92.325,92.69
1654045200,92.69,92.871,92.426,92.643
1654059600,92.643,93.11,92.566,92.986
1654074000,92.986,93.46,92.944,93.395
1654088400,93.395,93.571,93.062,93.308
1654102800,93.308,93.62,93.268,93.388
1654117200,93.388,93.442,93.128,93.296
1654131600,93.296,93.339,93.036,93.181
1654146000,93.181,93.45,92.846,93.42
1654160400,93.42,93.71,93.251,93.653
1654174800,93.653,94.229,93.535,94.2
1654189200,94.2,94.385,94.166,94.364
1654203600,94.364,94.574,94.262,94.272
1654218000,94.272,94.305,94.108,94.205
1654232400,94.205,94.429,94.138,94.371
1654246800,94.371,94.512,94.228,94.344
1654261200,94.344,94.556,94.276,94.418
1654275600,94.418,94.465,94.262,94.298
1654462800,94.298,94.447,94.063,94.208
1654477200,94.208,94.208,93.771,94.088
1654491600,94.088,94.548,93.958,94.544
1654506000,94.544,94.578,94.225,94.52
1654520400,94.52,94.846,94.49,94.827
1654534800,94.827,94.996,94.76,94.894
1654549200,94.894,95.101,94.816,94.931
1654563600,94.931,96.159,94.93,95.59
1654578000,95.59,95.66,95.262,95.356
1654592400,95.356,95.481,95.066,95.112
1654606800,95.112,95.742,95.006,95.741
1654621200,95.741,96.023,95.628,95.915
1654635600,95.915,96.166,95.85,96.13
1654650000,96.13,96.21,95.745,95.864
1654664400,95.864,96.18,95.813,96.105
1654678800,96.105,96.785,95.996,96.726
1654693200,96.726,96.884,96.328,96.606
1654707600,96.606,96.632,96.322,96.547
1654722000,96.547,96.778,96.36,96.42
1654736400,96.42,96.46,96.15,96.358
1654750800,96.358,96.393,95.567,96.086
1654765200,96.086,96.112,95.661,95.761
1654779600,95.761,95.863,95.298,95.53
1654794000,95.53,95.59,95.312,95.353
1654808400,95.353,95.496,94.993,95.134
1654822800,95.134,95.354,95.056,95.276
1654837200,95.276,95.494,95.022,95.456
1654851600,95.456,95.54,94.696,94.734
1654866000,94.734,94.97,94.324,94.642
1654880400,94.642,94.912,94.577,94.663
1655067600,94.663,94.82,94.444,94.641
1655082000,94.641,94.992,94.396,94.796
1655096400,94.796,94.888,93.757,93.85
1655110800,93.85,93.908,93.564,93.617
1655125200,93.617,93.638,92.623,93.102
1655139600,93.102,93.326,92.956,93.093
1655154000,93.093,93.227,93.006,93.191
1655168400,93.191,93.9,93.006,93.545
1655182800,93.545,93.828,92.914,93.028
1655197200,93.028,93.174,92.475,92.891
1655211600,92.891,92.978,92.43,92.733
1655226000,92.733,93.094,92.59,93.072
1655240400,93.072,93.249,92.976,93.188
1655254800,93.188,93.55,93.106,93.194
1655269200,93.194,93.384,92.944,93.27
1655283600,93.27,93.51,93.17,93.327
1655298000,93.327,93.622,93.276,93.414
1655312400,93.414,93.938,93.21,93.713
1655326800,93.713,94.344,93.626,94.212
1655341200,94.212,94.542,94.138,94.24
1655355600,94.24,94.247,93.024,93.068
1655370000,93.068,93.078,92.295,92.686
1655384400,92.686,92.922,91.966,92.794
1655398800,92.794,93.39,92.709,93.2
1655413200,93.2,93.56,93.016,93.517
1655427600,93.517,94.574,93.007,93.946
1655442000,93.946,94.168,93.535,94.064
1655456400,94.064,94.395,93.85,93.926
1655470800,93.926,93.94,93.34,93.59
1655485200,93.59,93.698,93.486,93.638
1655672400,93.638,94.175,93.438,93.916
1655686800,93.916,94.007,93.383,93.914
1655701200,93.914,94.182,93.778,94.106
1655715600,94.106,94.36,94.083,94.194
1655730000,94.194,94.254,94,94.058
1655744400,94.058,94.06,93.802,93.936
1655758800,93.936,94.34,93.787,94.2
1655773200,94.2,94.296,93.934,94.146
1655787600,94.146,94.503,93.852,94.418
1655802000,94.418,94.74,94.218,94.676
1655816400,94.676,95.225,94.666,95.183
1655830800,95.183,95.328,95.068,95.288
1655845200,95.288,95.299,94.678,94.742
1655859600,94.742,94.746,94.122,94.348
1655874000,94.348,94.478,93.696,93.828
1655888400,93.828,94.066,93.59,93.79
1655902800,93.79,94.469,93.774,94.45
1655917200,94.45,94.691,94.318,94.348
1655931600,94.348,94.36,93.812,94.08
1655946000,94.08,94.1,93.192,93.364
1655960400,93.364,93.764,93,93.178
1655974800,93.178,93.564,93.121,93.258
1655989200,93.258,93.294,92.686,92.736
1656003600,92.736,93.21,92.648,93.046
1656018000,93.046,93.348,92.946,93.258
1656032400,93.258,93.298,92.806,93.19
1656046800,93.19,93.213,92.783,93.167
1656061200,93.167,93.468,93.108,93.427
1656075600,93.427,94.023,93.147,93.912
1656090000,93.912,93.978,93.749,93.849
1656277200,93.849,94.069,92.976,93.066
1656291600,93.066,93.584,93.048,93.362
1656306000,93.362,93.783,93.305,93.674
1656320400,93.674,93.834,93.493,93.746
1656334800,93.746,93.945,93.594,93.862
1656349200,93.862,93.873,93.678,93.816
1656363600,93.816,93.96,93.64,93.826
1656378000,93.826,93.95,93.464,93.769
1656392400,93.769,94.523,93.709,94.43
1656406800,94.43,94.718,94.332,94.522
1656421200,94.522,94.638,94.087,94.285
1656435600,94.285,94.308,94.017,94.028
1656450000,94.028,94.2,93.836,93.866
1656464400,93.866,94.146,93.785,93.982
1656478800,93.982,94.054,93.47,93.666
1656493200,93.666,94.156,93.596,94.046
1656507600,94.046,94.308,93.787,93.87
1656522000,93.87,94.081,93.812,93.978
1656536400,93.978,94.028,93.786,93.862
1656550800,93.862,94.29,93.654,94.118
1656565200,94.118,94.137,93.495,93.824
1656579600,93.824,93.912,93.628,93.842
1656594000,93.842,93.992,93.34,93.776
1656608400,93.776,93.808,93.475,93.736
1656622800,93.736,93.792,93.604,93.688
1656637200,93.688,93.716,92.032,92.164
1656651600,92.164,92.338,91.863,92.276
1656666000,92.276,92.42,91.427,91.566
1656680400,91.566,91.994,91.426,91.784
1656694800,91.784,92.363,91.78,92.186
1656882000,92.186,92.301,91.952,91.995
1656896400,91.995,92.083,91.594,92.083
1656910800,92.083,92.96,92.075,92.751
1656925200,92.751,93.29,92.739,93.1
1656939600,93.1,93.236,92.811,93.19
1656954000,93.19,93.218,93.086,93.161
1656968400,93.161,93.746,92.864,93.67
1656982800,93.67,93.988,93.358,93.532
1656997200,93.532,93.713,92.191,92.279
1657011600,92.279,92.503,92.014,92.175
1657026000,92.175,92.272,91.738,91.822
1657040400,91.822,92.474,91.805,92.369
1657054800,92.369,92.427,91.972,92.327
1657069200,92.327,92.396,91.875,91.916
1657083600,91.916,92.522,91.534,91.924
1657098000,91.924,92.23,91.792,92.093
1657112400,92.093,92.438,91.727,91.948
1657126800,91.948,92.4,91.942,92.19
1657141200,92.19,92.336,91.9,92.11
1657155600,92.11,92.606,91.92,92.516
1657170000,92.516,92.998,92.372,92.929
1657184400,92.929,93.148,92.624,92.682
1657198800,92.682,93.056,92.6,92.998
1657213200,92.998,93.168,92.916,93.047
1657227600,93.047,93.338,92.962,93.268
1657242000,93.268,93.272,92.355,92.437
1657256400,92.437,92.734,92.336,92.504
1657270800,92.504,92.933,92.434,92.894
1657285200,92.894,93.486,92.877,93.102
1657299600,93.102,93.346,93.019,93.255
1657486800,93.255,93.42,93.073,93.317
1657501200,93.317,93.694,93.216,93.456
1657515600,93.456,93.512,93.022,93.248
1657530000,93.248,93.312,92.678,92.759
1657544400,92.759,92.86,92.309,92.612
1657558800,92.612,92.734,92.44,92.55
1657573200,92.55,92.664,92.247,92.37
1657587600,92.37,92.417,92.148,92.331
1657602000,92.331,92.601,92.088,92.192
1657616400,92.192,92.276,91.962,92.201
1657630800,92.201,92.645,92.107,92.562
1657645200,92.562,92.642,92.357,92.495
1657659600,92.495,92.607,92.234,92.404
1657674000,92.404,92.924,92.402,92.818
1657688400,92.818,93.049,92.542,93.01
1657702800,93.01,93.269,92.559,92.826
1657717200,92.826,93.38,92.594,93.102
1657731600,93.102,93.178,92.78,92.872
1657746000,92.872,92.999,92.602,92.928
1657760400,92.928,93.648,92.824,93.594
1657774800,93.594,94.266,93.405,93.724
1657789200,93.724,93.787,93.206,93.336
1657803600,93.336,93.702,93.028,93.359
1657818000,93.359,93.868,93.266,93.753
1657832400,93.753,93.98,93.551,93.62
1657846800,93.62,94.014,93.545,93.693
1657861200,93.693,93.698,93.156,93.508
1657875600,93.508,93.99,93.499,93.938
1657890000,93.938,94.272,93.784,94.058
1657904400,94.058,94.16,94.029,94.114
1658091600,94.114,94.306,93.982,94.036
1658106000,94.036,94.306,93.986,94.133
1658120400,94.133,94.399,93.938,94.364
1658134800,94.364,94.606,94.274,94.484
1658149200,94.484,94.64,94.342,94.342
1658163600,94.342,94.408,93.98,94.112
1658178000,94.112,94.212,94.006,94.074
1658192400,94.074,94.544,94.003,94.434
1658206800,94.434,95.018,94.307,94.934
1658221200,94.934,95.018,94.748,94.898
1658235600,94.898,95.358,94.836,95.324
1658250000,95.324,95.414,95.25,95.348
1658264400,95.348,95.586,95.24,95.414
1658278800,95.414,95.624,95.091,95.514
1658293200,95.514,95.607,95.331,95.48
1658307600,95.48,95.759,95.182,95.314
1658322000,95.314,95.459,95.066,95.162
1658336400,95.162,95.262,95.022,95.242
1658350800,95.242,95.517,95.144,95.384
1658365200,95.384,95.546,95.158,95.533
1658379600,95.533,95.572,95.058,95.23
1658394000,95.23,95.601,95.19,95.542
1658408400,95.542,95.572,94.998,95.132
1658422800,95.132,95.28,94.952,95.25
1658437200,95.25,95.372,94.852,95.044
1658451600,95.044,95.234,94.956,95.112
1658466000,95.112,95.386,94.902,95.186
1658480400,95.186,95.219,94.838,94.967
1658494800,94.967,95.004,94.426,94.482
1658509200,94.482,94.482,94.054,94.23
1658696400,94.23,94.396,93.921,93.993
1658710800,93.993,94.177,93.896,94.115
1658725200,94.115,94.675,94.04,94.642
1658739600,94.642,95.189,94.598,94.974
1658754000,94.974,95.146,94.822,95.117
1658768400,95.117,95.187,95.018,95.07
1658782800,95.07,95.11,94.765,94.858
1658797200,94.858,95.25,94.816,95.035
1658811600,95.035,95.271,94.933,94.995
1658826000,94.995,95.044,94.572,94.683
1658840400,94.683,95.056,94.574,94.836
1658854800,94.836,95.022,94.708,95
1658869200,95,95.304,94.984,95.256
1658883600,95.256,95.323,94.75,95.032
1658898000,95.032,95.069,94.854,94.951
1658912400,94.951,95.08,94.85,95.018
1658926800,95.018,95.104,94.852,95.086
1658941200,95.086,95.695,95.006,95.541
1658955600,95.541,95.577,95.062,95.098
1658970000,95.098,95.124,94.488,94.648
1658984400,94.648,94.937,94.638,94.756
1658998800,94.756,94.807,94.066,94.098
1659013200,94.098,94.108,93.61,93.633
1659027600,93.633,93.922,93.572,93.844
1659042000,93.844,94.274,93.811,94.128
1659056400,94.128,94.176,93.215,93.412
1659070800,93.412,93.415,92.921,93.046
1659085200,93.046,93.298,93.01,93.168
1659099600,93.168,93.29,92.872,93.019
1659114000,93.019,93.332,92.956,93.122
1659301200,93.122,93.175,92.686,92.805
1659315600,92.805,92.838,92.292,92.646
1659330000,92.646,93.113,92.566,92.997
1659344400,92.997,93.315,92.802,92.802
1659358800,92.802,92.96,92.46,92.683
1659373200,92.683,92.714,92.426,92.463
1659387600,92.463,92.6,91.782,91.915
1659402000,91.915,91.918,91.068,91.121
1659416400,91.121,91.179,90.571,90.571
1659430800,90.571,90.959,90.524,90.598
1659445200,90.598,92.053,90.576,91.924
1659459600,91.924,92.183,91.881,92.12
1659474000,92.12,92.288,91.854,92.23
1659488400,92.23,92.566,91.722,91.968
1659502800,91.968,92.481,91.968,92.311
1659517200,92.311,92.772,92.209,92.674
1659531600,92.674,93.075,92.549,93.066
1659546000,93.066,93.225,92.977,93.031
1659560400,93.031,93.136,92.785,92.846
1659574800,92.846,93.162,92.778,93.056
1659589200,93.056,93.682,93.022,93.637
1659603600,93.637,93.808,92.839,92.992
1659618000,92.992,93.05,92.534,92.702
1659632400,92.702,92.918,92.591,92.65
1659646800,92.65,92.724,92.249,92.478
1659661200,92.478,92.908,92.468,92.864
1659675600,92.864,92.944,92.495,92.51
1659690000,92.51,92.942,92.356,92.754
1659704400,92.754,93.628,92.634,93.425
1659718800,93.425,93.456,93.236,93.325
1659906000,93.325,93.584,93.208,93.512
1659920400,93.512,93.854,93.355,93.801
1659934800,93.801,94.172,93.758,94.042
1659949200,94.042,94.287,93.9,94.286
1659963600,94.286,94.43,93.974,94.052
1659978000,94.052,94.328,94.022,94.308
1659992400,94.308,94.396,94.067,94.138
1660006800,94.138,94.396,93.9,94.158
1660021200,94.158,94.226,93.977,94.209
1660035600,94.209,94.376,94.03,94.108
1660050000,94.108,94.273,93.989,94.026
1660064400,94.026,94.13,93.96,94.114
1660078800,94.114,94.158,93.886,93.999
1660093200,93.999,94.112,93.867,93.919
1660107600,93.919,94.167,93.824,94.148
1660122000,94.148,94.243,93.478,93.892
1660136400,93.892,94.26,93.614,94.112
1660150800,94.112,94.3,94.021,94.086
1660165200,94.086,94.175,93.958,93.976
1660179600,93.976,94.231,93.962,94.084
1660194000,94.084,94.303,93.966,94.175
1660208400,94.175,94.232,93.852,93.99
1660222800,93.99,94.542,93.95,94.514
1660237200,94.514,94.602,94.398,94.521
1660251600,94.521,94.69,94.385,94.548
1660266000,94.548,94.886,94.468,94.85
1660280400,94.85,95.026,94.762,94.854
1660294800,94.854,94.979,94.651,94.9
1660309200,94.9,95.028,94.778,95.007
1660323600,95.007,95.152,94.97,95.094
1660510800,95.094,95.096,94.686,94.727
1660525200,94.727,94.954,94.45,94.459
1660539600,94.459,94.524,93.915,93.954
1660554000,93.954,93.96,93.07,93.142
1660568400,93.142,93.818,93.096,93.676
1660582800,93.676,93.73,93.516,93.612
1660597200,93.612,93.643,93.08,93.306
1660611600,93.306,93.856,93.301,93.851
1660626000,93.851,93.96,93.418,93.884
1660640400,93.884,94.266,93.808,94.248
1660654800,94.248,94.478,94.11,94.239
1660669200,94.239,94.424,94.18,94.29
1660683600,94.29,94.385,94.102,94.116
1660698000,94.116,94.248,93.768,94.078
1660712400,94.078,94.304,93.927,93.942
1660726800,93.942,93.976,93.654,93.658
1660741200,93.658,93.888,93.566,93.774
1660755600,93.774,93.882,93.558,93.698
1660770000,93.698,93.758,93.519,93.576
1660784400,93.576,93.754,93.4,93.58
1660798800,93.58,93.936,93.374,93.802
1660813200,93.802,94.19,93.792,93.862
1660827600,93.862,93.921,93.604,93.738
1660842000,93.738,94.112,93.733,93.968
1660856400,93.968,94.116,93.832,94.046
1660870800,94.046,94.29,93.858,94.147
1660885200,94.147,94.496,94.058,94.296
1660899600,94.296,94.555,94.179,94.496
1660914000,94.496,94.523,94.037,94.124
1660928400,94.124,94.221,93.961,94.16
1661115600,94.16,94.435,94.002,94.393
1661130000,94.393,94.842,94.376,94.691
1661144400,94.691,94.714,94.13,94.604
1661158800,94.604,94.818,94.322,94.722
1661173200,94.722,94.748,94.274,94.528
1661187600,94.528,94.606,94.352,94.601
1661202000,94.601,94.824,94.501,94.527
1661216400,94.527,94.72,94.482,94.559
1661230800,94.559,94.634,94.106,94.459
1661245200,94.459,94.557,94.37,94.526
1661259600,94.526,94.792,94.354,94.706
1661274000,94.706,94.86,94.66,94.745
1661288400,94.745,94.8,94.574,94.652
1661302800,94.652,94.724,94.198,94.351
1661317200,94.351,94.58,94.281,94.463
1661331600,94.463,94.489,94.248,94.288
1661346000,94.288,94.73,94.274,94.636
1661360400,94.636,94.798,94.612,94.732
1661374800,94.732,94.838,94.622,94.81
1661389200,94.81,95.144,94.707,95.072
1661403600,95.072,95.442,94.991,95.338
1661418000,95.338,95.346,95.079,95.196
1661432400,95.196,95.41,95.106,95.234
1661446800,95.234,95.31,95.163,95.262
1661461200,95.262,95.307,95.042,95.062
1661475600,95.062,95.33,95.036,95.175
1661490000,95.175,95.405,95.107,95.348
1661504400,95.348,95.64,95.334,95.576
1661518800,95.576,95.776,94.736,94.854
1661533200,94.854,94.903,94.626,94.78
1661720400,94.78,95.032,94.664,94.965
1661734800,94.965,95.22,94.824,95.039
1661749200,95.039,95.28,94.98,95.008
1661763600,95.008,95.605,94.932,95.566
1661778000,95.566,95.918,95.488,95.886
1661792400,95.886,95.928,95.68,95.722
1661806800,95.722,95.812,95.502,95.59
1661821200,95.59,95.773,95.256,95.369
1661835600,95.369,96.156,95.316,96.12
1661850000,96.12,96.206,95.708,95.708
1661864400,95.708,95.846,95.062,95.069
1661878800,95.069,95.237,94.98,95.132
1661893200,95.132,95.213,94.966,95.107
1661907600,95.107,95.386,94.912,95.32
1661922000,95.32,95.571,95.218,95.221
1661936400,95.221,95.252,94.895,95.096
1661950800,95.096,95.314,94.92,95.106
1661965200,95.106,95.156,94.945,95.072
1661979600,95.072,95.258,94.894,95.062
1661994000,95.062,95.14,94.79,94.986
1662008400,94.986,95.28,94.929,95.081
1662022800,95.081,95.266,94.88,95.245
1662037200,95.245,95.376,94.766,94.904
1662051600,94.904,95.21,94.876,95.174
1662066000,95.174,95.212,95.043,95.14
1662080400,95.14,95.256,95.015,95.248
1662094800,95.248,95.511,95.138,95.502
1662109200,95.502,95.944,95.455,95.894
1662123600,95.894,96.044,95.374,95.454
1662138000,95.454,95.582,95.227,95.506
1662325200,95.506,95.53,95.023,95.233
1662339600,95.233,95.37,95.037,95.277
1662354000,95.277,95.416,95.152,95.256
1662368400,95.256,95.595,95.238,95.574
1662382800,95.574,95.598,95.453,95.548
1662397200,95.548,95.608,95.537,95.571
1662411600,95.571,95.863,95.537,95.816
1662426000,95.816,95.91,95.488,95.84
1662440400,95.84,96.194,95.763,95.935
1662454800,95.935,96.324,95.838,96.262
1662469200,96.262,96.521,96.116,96.349
1662483600,96.349,96.358,96.098,96.185
1662498000,96.185,96.646,96.037,96.096
1662512400,96.096,96.83,96,96.694
1662526800,96.694,96.959,96.55,96.882
1662541200,96.882,97.354,96.85,97.158
1662555600,97.158,97.313,97.017,97.25
1662570000,97.25,97.402,97.236,97.31
1662584400,97.31,97.5,97.247,97.29
1662598800,97.29,97.354,96.682,96.956
1662613200,96.956,97.21,96.644,96.98
1662627600,96.98,97.068,96.68,97.042
1662642000,97.042,97.204,96.797,97.06
1662656400,97.06,97.33,97.054,97.28
1662670800,97.28,97.658,97.143,97.561
1662685200,97.561,97.92,97.287,97.582
1662699600,97.582,97.714,97.44,97.578
1662714000,97.578,97.601,97.074,97.432
1662728400,97.432,97.632,97.303,97.626
1662742800,97.626,97.674,97.458,97.618
1662930000,97.618,97.902,97.112,97.722
1662944400,97.722,97.834,97.428,97.775
1662958800,97.775,98.365,97.758,98.218
1662973200,98.218,98.271,97.894,98.038
1662987600,98.038,98.215,97.964,98.05
1663002000,98.05,98.394,98.028,98.392
1663016400,98.392,98.44,98.108,98.152
1663030800,98.152,98.245,97.798,97.971
1663045200,97.971,98.188,97.716,98.123
1663059600,98.123,99.013,97.81,98.128
1663074000,98.128,98.128,97.534,97.558
1663088400,97.558,97.628,97.198,97.308
1663102800,97.308,97.61,97.147,97.364
1663117200,97.364,97.546,96.84,96.904
1663131600,96.904,96.954,96.264,96.458
1663146000,96.458,96.682,96.092,96.185
1663160400,96.185,96.577,95.986,96.526
1663174800,96.526,96.64,96.412,96.604
1663189200,96.604,96.733,96.452,96.56
1663203600,96.56,97.004,96.424,96.971
1663218000,96.971,97.134,96.714,96.86
1663232400,96.86,96.866,96.444,96.618
1663246800,96.618,96.721,96.164,96.396
1663261200,96.396,96.496,96.1,96.152
1663275600,96.152,96.171,95.778,95.812
1663290000,95.812,96.438,95.794,96.294
1663304400,96.294,96.294,95.619,95.694
1663318800,95.694,95.882,95.561,95.616
1663333200,95.616,95.968,95.553,95.757
1663347600,95.757,96.122,95.706,96.073
1663534800,96.073,96.176,95.96,96.108
1663549200,96.108,96.18,95.91,96.123
1663563600,96.123,96.15,95.772,95.796
1663578000,95.796,95.99,95.736,95.884
1663592400,95.884,96.18,95.72,96.164
1663606800,96.164,96.36,96.088,96.332
1663621200,96.332,96.486,96.22,96.238
1663635600,96.238,96.384,96.041,96.256
1663650000,96.256,96.546,96.167,96.341
1663664400,96.341,96.41,96.1,96.189
1663678800,96.189,96.32,96.052,96.092
1663693200,96.092,96.204,95.894,96.12
1663707600,96.12,96.266,96.066,96.164
1663722000,96.164,96.2,95.931,96.039
1663736400,96.039,96.24,95.5,95.82
1663750800,95.82,96.176,95.81,96.05
1663765200,96.05,96.134,95.831,96.044
1663779600,96.044,96.269,95.442,95.531
1663794000,95.531,95.69,95.104,95.171
1663808400,95.171,95.77,94.774,95.616
1663822800,95.616,96.412,93.822,94.496
1663837200,94.496,95.066,93.568,93.736
1663851600,93.736,94.653,93.692,94.579
1663866000,94.579,94.715,94.45,94.596
1663880400,94.596,94.722,94.496,94.52
1663894800,94.52,94.558,94.013,94.119
1663909200,94.119,94.31,93.842,94.048
1663923600,94.048,94.1,93.638,93.983
1663938000,93.983,94.147,93.524,93.644
1663952400,93.644,93.695,93.387,93.666
1664139600,93.666,93.858,93.29,93.36
1664154000,93.36,93.968,93.336,93.594
1664168400,93.594,93.88,93.308,93.803
1664182800,93.803,93.826,93.536,93.686
1664197200,93.686,94.031,93.15,93.287
1664211600,93.287,93.546,93.148,93.422
1664226000,93.422,93.808,93.34,93.764
1664240400,93.764,93.809,93.498,93.726
1664254800,93.726,93.964,93.44,93.672
1664269200,93.672,93.818,93.506,93.619
1664283600,93.619,93.74,92.914,93.014
1664298000,93.014,93.203,92.915,93.192
1664312400,93.192,93.232,93.038,93.14
1664326800,93.14,93.174,92.322,92.384
1664341200,92.384,92.622,92.128,92.441
1664355600,92.441,93.122,92.135,92.927
1664370000,92.927,94.02,92.864,93.94
1664384400,93.94,94.034,93.859,93.995
1664398800,93.995,94.046,93.606,93.616
1664413200,93.616,93.852,93.38,93.767
1664427600,93.767,93.792,93.126,93.406
1664442000,93.406,94.044,93.381,93.512
1664456400,93.512,93.84,93.26,93.642
1664470800,93.642,93.866,93.451,93.858
1664485200,93.858,94.218,93.756,94.137
1664499600,94.137,94.185,93.701,93.713
1664514000,93.713,94.103,93.621,93.966
1664528400,93.966,93.986,93.287,93.6
1664542800,93.6,93.744,92.904,93.049
1664557200,93.049,93.088,92.522,92.695
1664744400,92.695,93.111,92.616,92.988
1664758800,92.988,93.362,92.988,93.162
1664773200,93.162,93.598,93.102,93.542
1664787600,93.542,93.838,93.384,93.72
1664802000,93.72,94.102,93.674,94.048
1664816400,94.048,94.358,94.016,94.209
1664830800,94.209,94.259,93.902,94.042
1664845200,94.042,94.328,93.466,93.742
1664859600,93.742,94.698,93.636,94.132
1664874000,94.132,94.149,93.48,93.804
1664888400,93.804,94.187,93.264,93.318
1664902800,93.318,93.746,93.212,93.731
1664917200,93.731,93.82,93.376,93.378
1664931600,93.378,93.848,93.364,93.489
1664946000,93.489,94.025,93.475,93.586
1664960400,93.586,93.672,92.962,93.254
1664974800,93.254,93.622,92.93,93.559
1664989200,93.559,94.09,93.554,93.903
1665003600,93.903,94.275,93.73,94.148
1665018000,94.148,94.538,94.083,94.45
1665032400,94.45,94.458,93.688,93.724
1665046800,93.724,93.846,93.404,93.562
1665061200,93.562,93.605,92.64,92.948
1665075600,92.948,93.142,92.85,93.051
1665090000,93.051,93.107,92.878,92.96
1665104400,92.96,93.232,92.864,92.868
1665118800,92.868,93.051,92.632,92.932
1665133200,92.932,93.136,92.469,92.635
1665147600,92.635,93.069,92.59,92.71
1665162000,92.71,92.804,92.412,92.531
1665349200,92.531,92.634,92.232,92.606
1665363600,92.606,92.771,91.96,92.124
1665378000,92.124,92.196,91.511,91.683
1665392400,91.683,92.088,91.682,92.068
1665406800,92.068,92.09,91.486,91.582
1665421200,91.582,91.886,91.512,91.787
1665435600,91.787,91.891,91.537,91.785
1665450000,91.785,91.844,91.079,91.119
1665464400,91.119,91.48,91.096,91.34
1665478800,91.34,91.918,91.084,91.74
1665493200,91.74,92.335,91.292,92.152
1665507600,92.152,92.174,91.306,91.492
1665522000,91.492,91.57,91.298,91.536
1665536400,91.536,91.732,91.295,91.672
1665550800,91.672,91.915,91.438,91.576
1665565200,91.576,91.905,91.529,91.798
1665579600,91.798,92.213,91.626,92.112
1665594000,92.112,92.422,92.027,92.23
1665608400,92.23,92.362,92.013,92.267
1665622800,92.267,92.352,92.004,92.158
1665637200,92.158,92.29,91.977,92.283
1665651600,92.283,92.463,90.988,91.384
1665666000,91.384,92.559,90.846,92.486
1665680400,92.486,92.83,92.483,92.717
1665694800,92.717,93.028,92.626,92.902
1665709200,92.902,93.452,92.868,93.272
1665723600,93.272,93.552,92.932,93.004
1665738000,93.004,93.343,92.694,93.27
1665752400,93.27,93.352,92.223,92.446
1665766800,92.446,92.45,92.109,92.292
1665954000,92.292,92.542,92.128,92.32
1665968400,92.32,92.706,92.283,92.698
1665982800,92.698,92.916,92.622,92.832
1665997200,92.832,93.422,92.795,93.324
1666011600,93.324,93.871,93.284,93.696
1666026000,93.696,93.796,93.565,93.789
1666040400,93.789,93.997,93.673,93.725
1666054800,93.725,94.179,93.468,94.034
1666069200,94.034,94.132,93.698,93.74
1666083600,93.74,94.415,93.156,94.377
1666098000,94.377,94.383,93.542,93.878
1666112400,93.878,94.22,93.726,94.156
1666126800,94.156,94.356,94.101,94.182
1666141200,94.182,94.346,94.106,94.219
1666155600,94.219,94.272,93.926,94.096
1666170000,94.096,94.402,93.896,94.057
1666184400,94.057,94.332,93.762,93.812
1666198800,93.812,94.024,93.697,93.984
1666213200,93.984,94.042,93.722,93.906
1666227600,93.906,93.97,93.378,93.774
1666242000,93.774,94.112,93.676,94.098
1666256400,94.098,94.751,94.078,94.322
1666270800,94.322,95.156,94.314,94.639
1666285200,94.639,94.641,94.17,94.341
1666299600,94.341,94.341,94.1,94.138
1666314000,94.138,94.392,94.072,94.217
1666328400,94.217,94.474,94.067,94.368
1666342800,94.368,94.753,94.236,94.567
1666357200,94.567,95.744,93.094,93.676
1666371600,93.676,94.391,93.528,94.249
1666558800,94.249,95.459,92.974,94.652
1666573200,94.652,94.82,94.196,94.51
1666587600,94.51,94.523,93.888,94.025
1666602000,94.025,94.247,93.688,93.817
1666616400,93.817,94.088,93.592,93.842
1666630800,93.842,94.118,93.733,94.068
1666645200,94.068,94.411,93.92,94.39
1666659600,94.39,94.438,94.032,94.163
1666674000,94.163,94.348,94.062,94.096
1666688400,94.096,94.188,93.872,94.152
1666702800,94.152,94.67,94.149,94.464
1666717200,94.464,94.658,94.436,94.596
1666731600,94.596,94.812,94.362,94.504
1666746000,94.504,95,94.45,94.918
1666760400,94.918,95.446,94.815,95.419
1666774800,95.419,95.42,95.072,95.143
1666789200,95.143,95.385,94.686,94.993
1666803600,94.993,95.128,94.846,95.122
1666818000,95.122,95.164,94.689,94.7
1666832400,94.7,95.015,94.637,94.934
1666846800,94.934,94.946,94.258,94.4
1666861200,94.4,94.796,94.314,94.742
1666875600,94.742,94.808,94.444,94.562
1666890000,94.562,94.734,94.236,94.415
1666904400,94.415,94.516,94.251,94.482
1666918800,94.482,94.943,94.402,94.634
1666933200,94.634,94.7,94.215,94.604
1666947600,94.604,94.81,94.452,94.651
1666962000,94.651,94.816,94.322,94.642
1666976400,94.642,94.667,94.49,94.582
1667163600,94.582,95.105,94.436,95.047
1667178000,95.047,95.164,94.875,94.992
1667192400,94.992,94.994,94.71,94.836
1667206800,94.836,95.137,94.83,94.872
1667221200,94.872,95.138,94.742,94.963
1667235600,94.963,95.169,94.911,95.144
1667250000,95.144,95.358,95.065,95.202
1667264400,95.202,95.564,94.99,95.322
1667278800,95.322,95.356,94.718,94.86
1667293200,94.86,95.08,94.816,94.936
1667307600,94.936,95.022,94.509,94.652
1667322000,94.652,94.912,94.628,94.769
1667336400,94.769,94.854,94.088,94.112
1667350800,94.112,94.746,94.078,94.649
1667365200,94.649,94.78,94.326,94.568
1667379600,94.568,94.616,94.236,94.492
1667394000,94.492,94.521,94.085,94.26
1667408400,94.26,94.7,93.893,93.922
1667422800,93.922,94.074,93.43,93.446
1667437200,93.446,93.831,93.443,93.774
1667451600,93.774,93.828,93.326,93.509
1667466000,93.509,93.588,93.128,93.182
1667480400,93.182,93.44,92.966,93.29
1667494800,93.29,93.452,93.242,93.242
1667509200,93.242,93.51,93.138,93.206
1667523600,93.206,93.908,93.097,93.838
1667538000,93.838,94.04,93.637,93.84
1667552400,93.84,94.87,93.802,94.791
1667566800,94.791,95.019,94.543,94.83
1667581200,94.83,95.083,94.773,94.897
1667772000,94.897,94.897,94.268,94.534
1667786400,94.534,94.764,94.376,94.598
1667800800,94.598,95.019,94.519,94.814
1667815200,94.814,94.871,94.63,94.722
1667829600,94.722,94.9,94.628,94.846
1667844000,94.846,95.034,94.846,95.004
1667858400,95.004,95.034,94.785,94.906
1667872800,94.906,94.94,94.621,94.654
1667887200,94.654,94.828,94.59,94.756
1667901600,94.756,94.852,94.683,94.751
1667916000,94.751,95.201,94.506,95.032
1667930400,95.032,95.056,94.374,94.748
1667944800,94.748,94.774,94.42,94.432
1667959200,94.432,94.726,94.388,94.644
1667973600,94.644,94.79,94.394,94.446
1667988000,94.446,94.608,94.154,94.555
1668002400,94.555,94.785,94.064,94.23
1668016800,94.23,94.3,94.075,94.158
1668031200,94.158,94.194,93.976,93.976
1668045600,93.976,94.004,93.686,93.802
1668060000,93.802,93.9,93.596,93.77
1668074400,93.77,94.37,93.611,93.84
1668088800,93.84,93.882,92.938,93.244
1668103200,93.244,93.526,92.922,93.296
1668117600,93.296,93.886,93.239,93.736
1668132000,93.736,94.2,93.701,94.169
1668146400,94.169,94.256,93.305,93.332
1668160800,93.332,93.37,92.604,93.133
1668175200,93.133,93.294,92.928,92.974
1668189600,92.974,93.18,92.864,93.121
1668376800,93.121,93.77,92.922,93.012
1668391200,93.012,93.166,92.917,93.042
1668405600,93.042,93.88,92.94,93.778
1668420000,93.778,94.031,93.596,94.029
1668434400,94.029,94.295,93.92,94.054
1668448800,94.054,94.088,93.566,93.753
1668463200,93.753,94.036,93.74,93.868
1668477600,93.868,94.226,93.816,94.16
1668492000,94.16,94.386,93.96,94.265
1668506400,94.265,94.294,93.492,93.636
1668520800,93.636,94.527,93.486,94.444
1668535200,94.444,94.512,93.852,94.128
1668549600,94.128,94.314,93.833,94.186
1668564000,94.186,94.624,94.172,94.552
1668578400,94.552,94.658,94.358,94.525
1668592800,94.525,94.628,94.252,94.445
1668607200,94.445,94.472,93.821,93.914
1668621600,93.914,94.075,93.841,94.066
1668636000,94.066,94.098,93.816,93.875
1668650400,93.875,93.906,93.554,93.665
1668664800,93.665,94.002,93.414,93.496
1668679200,93.496,93.543,93.16,93.278
1668693600,93.278,93.742,93.26,93.73
1668708000,93.73,93.884,93.63,93.816
1668722400,93.816,93.993,93.634,93.846
1668736800,93.846,93.964,93.73,93.804
1668751200,93.804,94.098,93.69,93.945
1668765600,93.945,94.079,93.708,93.71
1668780000,93.71,93.748,93.234,93.558
1668794400,93.558,93.731,93.522,93.702
1668981600,93.702,93.823,93.334,93.348
1668996000,93.348,93.454,93.188,93.44
1669010400,93.44,93.781,93.381,93.757
1669024800,93.757,94.082,93.686,93.69
1669039200,93.69,93.786,93.5,93.716
1669053600,93.716,93.891,93.69,93.872
1669068000,93.872,94.025,93.798,93.864
1669082400,93.864,93.888,93.706,93.748
1669096800,93.748,94,93.733,93.84
1669111200,93.84,93.954,93.743,93.834
1669125600,93.834,93.86,93.57,93.762
1669140000,93.762,93.904,93.728,93.876
1669154400,93.876,93.961,93.747,93.9
1669168800,93.9,93.95,93.841,93.864
1669183200,93.864,94.14,93.86,94.038
1669197600,94.038,94.112,93.832,93.91
1669212000,93.91,93.982,93.688,93.751
1669226400,93.751,94.018,93.728,93.986
1669240800,93.986,94.01,93.691,93.727
1669255200,93.727,93.921,93.69,93.827
1669269600,93.827,93.867,93.413,93.434
1669284000,93.434,93.468,93.121,93.436
1669298400,93.436,93.728,93.404,93.65
1669312800,93.65,93.809,93.606,93.791
1669327200,93.791,93.918,93.618,93.829
1669341600,93.829,93.896,93.708,93.8
1669356000,93.8,93.992,93.618,93.893
1669370400,93.893,94.064,93.782,93.794
1669384800,93.794,93.984,93.78,93.84
1669399200,93.84,94.018,93.757,93.978
1669586400,93.978,93.978,92.496,92.532
1669600800,92.532,92.854,92.392,92.398
1669615200,92.398,92.497,92.148,92.298
1669629600,92.298,92.782,92.26,92.712
1669644000,92.712,92.952,92.53,92.726
1669658400,92.726,92.758,92.274,92.416
1669672800,92.416,92.628,92.186,92.5
1669687200,92.5,92.988,92.447,92.902
1669701600,92.902,93.174,92.724,92.797
1669716000,92.797,93.132,92.787,93.062
1669730400,93.062,93.189,92.486,92.641
1669744800,92.641,92.855,92.578,92.76
1669759200,92.76,92.888,92.57,92.696
1669773600,92.696,92.94,92.616,92.745
1669788000,92.745,93.36,92.695,93.318
1669802400,93.318,93.642,93.294,93.59
1669816800,93.59,93.778,93.337,93.542
1669831200,93.542,93.851,93.477,93.744
1669845600,93.744,93.799,92.984,93.028
1669860000,93.028,93.152,92.865,93.099
1669874400,93.099,93.165,92.754,92.793
1669888800,92.793,92.942,92.548,92.66
1669903200,92.66,92.988,92.066,92.201
1669917600,92.201,92.247,92.054,92.194
1669932000,92.194,92.219,91.87,91.936
1669946400,91.936,92.148,91.875,92.11
1669960800,92.11,92.242,91.138,91.41
1669975200,91.41,91.829,91.214,91.626
1669989600,91.626,91.878,91.492,91.551
1670004000,91.551,91.606,91.231,91.276
1670191200,91.276,91.87,91.164,91.77
1670205600,91.77,92.051,91.722,91.968
1670220000,91.968,92.182,91.766,92.172
1670234400,92.172,92.197,91.936,92.162
1670248800,92.162,92.19,91.577,91.646
1670263200,91.646,91.704,91.426,91.604
1670277600,91.604,91.857,91.449,91.736
1670292000,91.736,92.252,91.726,92.224
1670306400,92.224,92.341,91.742,91.851
1670320800,91.851,91.933,91.606,91.699
1670335200,91.699,91.879,91.428,91.546
1670349600,91.546,91.69,91.512,91.664
1670364000,91.664,91.941,91.581,91.89
1670378400,91.89,92.099,91.73,92.006
1670392800,92.006,92.134,91.775,91.858
1670407200,91.858,91.92,91.666,91.685
1670421600,91.685,91.973,91.646,91.814
1670436000,91.814,91.863,91.69,91.849
1670450400,91.849,91.892,91.621,91.815
1670464800,91.815,92.092,91.76,92.061
1670479200,92.061,92.11,91.912,92.014
1670493600,92.014,92.436,91.976,92.388
1670508000,92.388,92.5,92.204,92.368
1670522400,92.368,92.583,92.328,92.533
1670536800,92.533,92.714,92.356,92.488
1670551200,92.488,92.564,92.18,92.336
1670565600,92.336,92.379,92.054,92.07
1670580000,92.07,92.387,91.877,92.16
1670594400,92.16,92.902,92.119,92.81
1670608800,92.81,92.894,92.754,92.816
1670796000,92.816,92.927,92.394,92.545
1670810400,92.545,92.871,92.512,92.794
1670824800,92.794,92.882,92.596,92.822
1670839200,92.822,92.864,92.548,92.666
1670853600,92.666,92.816,92.524,92.746
1670868000,92.746,92.976,92.713,92.868
1670882400,92.868,93.102,92.728,93.078
1670896800,93.078,93.208,92.78,93.041
1670911200,93.041,93.358,92.989,93.15
1670925600,93.15,93.24,92.544,92.798
1670940000,92.798,93.049,92.657,92.756
1670954400,92.756,92.968,92.75,92.939
1670968800,92.939,93.108,92.402,92.626
1670983200,92.626,92.72,92.44,92.674
1670997600,92.674,93,92.642,92.876
1671012000,92.876,92.884,92.496,92.603
1671026400,92.603,92.733,92.499,92.688
1671040800,92.688,93.004,92.389,92.998
1671055200,92.998,93.064,92.67,92.752
1671069600,92.752,92.784,92.57,92.633
1671084000,92.633,92.702,92.457,92.502
1671098400,92.502,92.578,92.188,92.232
1671112800,92.232,92.546,92.156,92.262
1671127200,92.262,92.368,92.176,92.321
1671141600,92.321,92.4,92.032,92.118
1671156000,92.118,92.358,91.956,92.071
1671170400,92.071,92.204,91.596,91.713
1671184800,91.713,91.827,91.616,91.709
1671199200,91.709,91.894,91.218,91.301
1671213600,91.301,91.47,91.273,91.426
1671400800,91.426,91.436,91.052,91.274
1671415200,91.274,91.526,91.236,91.342
1671429600,91.342,91.524,91.071,91.456
1671444000,91.456,91.736,91.382,91.688
1671458400,91.688,91.962,91.664,91.904
1671472800,91.904,91.91,91.682,91.728
1671487200,91.728,92.023,91.602,91.89
1671501600,91.89,91.972,88.27,88.349
1671516000,88.349,89.1,88.019,88.352
1671530400,88.352,88.66,87.916,87.927
1671544800,87.927,88.308,87.024,87.374
1671559200,87.374,88,87.364,87.977
1671573600,87.977,88.388,87.733,88.284
1671588000,88.284,88.502,87.928,88.176
1671602400,88.176,88.196,87.767,87.888
1671616800,87.888,88.83,87.852,88.794
1671631200,88.794,88.887,88.501,88.656
1671645600,88.656,88.874,88.546,88.846
1671660000,88.846,88.894,88.664,88.827
1671674400,88.827,89.17,88.742,89.056
1671688800,89.056,89.274,88.908,89
1671703200,89,89.096,88.685,88.723
1671717600,88.723,88.73,88.083,88.196
1671732000,88.196,88.326,88.072,88.298
1671746400,88.298,88.595,88.128,88.542
1671760800,88.542,88.808,88.507,88.636
1671775200,88.636,88.83,88.626,88.792
1671789600,88.792,89,88.696,88.91
1671804000,88.91,89.276,88.778,89.21
1671818400,89.21,89.297,89.048,89.156
1672092000,89.156,89.803,89.156,89.714
1672106400,89.714,89.786,89.458,89.774
1672120800,89.774,90.138,89.717,90.055
1672135200,90.055,90.06,89.654,89.878
1672149600,89.878,90.122,89.758,89.919
1672164000,89.919,89.936,89.757,89.906
1672178400,89.906,90.129,89.709,90.02
1672192800,90.02,90.559,90.02,90.532
1672207200,90.532,90.788,90.406,90.634
1672221600,90.634,90.9,90.576,90.827
1672236000,90.827,91.062,90.5,90.685
1672250400,90.685,90.72,90.533,90.636
1672264800,90.636,90.636,90.155,90.186
1672279200,90.186,90.322,90.002,90.133
1672293600,90.133,90.196,89.861,89.932
1672308000,89.932,89.938,89.63,89.696
1672322400,89.696,90.324,89.676,90.212
1672336800,90.212,90.252,90.101,90.152
1672351200,90.152,90.219,89.536,89.62
1672365600,89.62,89.93,89.616,89.877
1672380000,89.877,89.888,89.456,89.724
1672394400,89.724,89.724,89.518,89.62
1672408800,89.62,89.741,89.29,89.342
1672423200,89.342,89.457,89.02,89.392
1672610400,89.392,89.392,89.102,89.184
1672624800,89.184,89.225,89.108,89.142
1672639200,89.142,89.189,88.917,88.936
1672653600,88.936,89.089,88.864,88.915
1672668000,88.915,89.219,88.915,89.138
1672682400,89.138,89.155,88.834,88.879
1672696800,88.879,89.328,88.028,88.262
1672711200,88.262,88.704,88.168,88.224
1672725600,88.224,88.468,87.436,87.664
1672740000,87.664,88.046,87.414,88.034
1672754400,88.034,88.237,87.832,88
1672768800,88,88.158,87.85,88.122
1672783200,88.122,88.59,88.028,88.376
1672797600,88.376,89.165,88.371,89
1672812000,89,89.746,88.842,89.614
1672826400,89.614,89.889,89.614,89.862
1672840800,89.862,90.884,89.836,90.733
1672855200,90.733,90.842,90.48,90.733
1672869600,90.733,90.733,90,90.258
1672884000,90.258,90.398,89.854,90.386
1672898400,90.386,90.554,90.14,90.462
1672912800,90.462,90.989,90.382,90.61
1672927200,90.61,90.614,89.816,89.886
1672941600,89.886,90.166,89.829,90.078
1672956000,90.078,90.518,90.028,90.456
1672970400,90.456,90.868,90.342,90.638
1672984800,90.638,90.79,90.47,90.621
1672999200,90.621,90.888,90.366,90.544
1673013600,90.544,90.949,90.309,90.75
1673028000,90.75,90.954,90.694,90.822
1673215200,90.822,91.072,90.743,90.945
1673229600,90.945,91.469,90.85,91.429
1673244000,91.429,91.822,91.318,91.73
1673258400,91.73,91.734,91.348,91.366
1673272800,91.366,91.73,91.28,91.406
1673287200,91.406,91.418,91.072,91.164
1673301600,91.164,91.306,90.908,91.078
1673316000,91.078,91.212,90.867,91.086
1673330400,91.086,91.219,90.84,90.954
1673344800,90.954,91.072,90.786,90.935
1673359200,90.935,91.085,90.787,91.024
1673373600,91.024,91.176,90.986,91.15
1673388000,91.15,91.416,91.002,91.226
1673402400,91.226,91.586,91.209,91.484
1673416800,91.484,91.674,91.342,91.572
1673431200,91.572,91.584,91.188,91.533
1673445600,91.533,91.565,91.292,91.334
1673460000,91.334,91.553,91.333,91.516
1673474400,91.516,91.542,90.964,91.072
1673488800,91.072,91.182,90.935,91.055
1673503200,91.055,91.082,90.456,90.529
1673517600,90.529,90.569,89.932,90.511
1673532000,90.511,90.646,89.949,90.12
1673546400,90.12,90.246,89.965,90.106
1673560800,90.106,90.168,89.724,89.849
1673575200,89.849,89.926,89.689,89.804
1673589600,89.804,89.876,89.406,89.652
1673604000,89.652,89.71,88.745,88.806
1673618400,88.806,89,88.658,88.965
1673632800,88.965,89.288,88.933,89.193
1673820000,89.193,89.596,89.066,89.57
1673834400,89.57,89.572,89.15,89.25
1673848800,89.25,89.586,89.148,89.402
1673863200,89.402,89.519,89.286,89.378
1673877600,89.378,89.536,89.339,89.518
1673892000,89.518,89.521,89.298,89.394
1673906400,89.394,89.876,89.23,89.75
1673920800,89.75,89.877,89.558,89.624
1673935200,89.624,89.809,89.384,89.513
1673949600,89.513,89.569,89.27,89.419
1673964000,89.419,89.743,89.365,89.584
1673978400,89.584,89.735,89.521,89.526
1673992800,89.526,90.146,89.483,89.902
1674007200,89.902,91.919,89.831,91.517
1674021600,91.517,91.899,90.738,90.906
1674036000,90.906,90.971,90.134,90.233
1674050400,90.233,90.352,89.606,89.659
1674064800,89.659,89.683,89.341,89.468
1674079200,89.468,89.492,88.614,88.737
1674093600,88.737,88.784,88.12,88.28
1674108000,88.28,88.524,88.118,88.336
1674122400,88.336,88.72,88.302,88.643
1674136800,88.643,88.845,88.448,88.706
1674151200,88.706,88.912,88.624,88.743
1674165600,88.743,89.18,88.69,89.174
1674180000,89.174,89.509,89.114,89.448
1674194400,89.448,89.864,89.284,89.748
1674208800,89.748,90.299,89.622,90.293
1674223200,90.293,90.438,90.185,90.262
1674237600,90.262,90.358,90.112,90.288
1674424800,90.288,90.42,90.21,90.266
1674439200,90.266,90.682,90.17,90.626
1674453600,90.626,91.038,90.577,90.987
1674468000,90.987,91.278,90.896,91.041
1674482400,91.041,91.93,91.006,91.792
1674496800,91.792,91.902,91.636,91.85
1674511200,91.85,91.85,91.578,91.746
1674525600,91.746,91.863,91.493,91.586
1674540000,91.586,91.692,91.293,91.321
1674554400,91.321,91.568,91.259,91.5
1674568800,91.5,91.933,91.402,91.593
1674583200,91.593,91.758,91.558,91.722
1674597600,91.722,92.39,91.481,92.268
1674612000,92.268,92.725,92.244,92.59
1674626400,92.59,92.79,92.041,92.065
1674640800,92.065,92.22,91.664,91.81
1674655200,91.81,91.885,91.419,91.767
1674669600,91.767,92.082,91.766,92.008
1674684000,92.008,92.086,91.644,91.881
1674698400,91.881,92.228,91.792,92.128
1674712800,92.128,92.434,91.975,92.319
1674727200,92.319,92.628,92.259,92.502
1674741600,92.502,92.818,92.344,92.469
1674756000,92.469,92.707,92.402,92.656
1674770400,92.656,92.656,92.268,92.385
1674784800,92.385,92.518,92.306,92.496
1674799200,92.496,92.498,92.164,92.258
1674813600,92.258,92.382,92.172,92.23
1674828000,92.23,92.456,92.066,92.315
1674842400,92.315,92.394,92.218,92.305
1675029600,92.305,92.662,92.032,92.642
1675044000,92.642,92.662,91.701,91.878
1675058400,91.878,92.186,91.612,91.987
1675072800,91.987,92.262,91.968,92.048
1675087200,92.048,92.317,92.006,92.207
1675101600,92.207,92.24,92.047,92.088
1675116000,92.088,92.171,91.69,91.826
1675130400,91.826,91.854,91.52,91.542
1675144800,91.542,91.644,91.304,91.424
1675159200,91.424,91.436,91.092,91.267
1675173600,91.267,91.862,91.131,91.774
1675188000,91.774,91.891,91.739,91.767
1675202400,91.767,91.794,91.542,91.68
1675216800,91.68,92.11,91.498,92.068
1675231200,92.068,92.24,91.805,91.81
1675245600,91.81,91.938,91.668,91.674
1675260000,91.674,91.782,91.262,91.327
1675274400,91.327,92.044,91.254,92.011
1675288800,92.011,92.042,91.63,91.855
1675303200,91.855,91.934,91.734,91.919
1675317600,91.919,92.162,91.8,91.942
1675332000,91.942,91.977,91.426,91.489
1675346400,91.489,91.596,90.902,90.947
1675360800,90.947,91.212,90.878,91.084
1675375200,91.084,91.146,90.84,90.924
1675389600,90.924,90.935,90.632,90.841
1675404000,90.841,90.93,90.648,90.755
1675418400,90.755,90.837,90.384,90.678
1675432800,90.678,91.49,90.606,91.026
1675447200,91.026,91.026,90.738,90.821
1675634400,90.821,91.558,90.821,91.51
1675648800,91.51,91.614,91.245,91.521
1675663200,91.521,91.536,90.966,90.986
1675677600,90.986,91.384,90.962,91.326
1675692000,91.326,91.354,91.044,91.229
1675706400,91.229,91.342,91.167,91.296
1675720800,91.296,91.445,91.22,91.331
1675735200,91.331,91.958,91.319,91.767
1675749600,91.767,91.768,91.281,91.458
1675764000,91.458,91.583,91.074,91.136
1675778400,91.136,91.246,90.724,91.144
1675792800,91.144,91.254,90.749,91.198
1675807200,91.198,91.344,91.055,91.293
1675821600,91.293,91.414,91.274,91.318
1675836000,91.318,91.554,91.262,91.292
1675850400,91.292,91.378,91.145,91.321
1675864800,91.321,91.356,90.977,91.024
1675879200,91.024,91.062,90.919,91.011
1675893600,91.011,91.372,90.928,91.267
1675908000,91.267,91.602,91.013,91.36
1675922400,91.36,91.435,91.254,91.29
1675936800,91.29,91.462,91.204,91.42
1675951200,91.42,91.458,91.102,91.201
1675965600,91.201,91.348,91.152,91.229
1675980000,91.229,91.474,91.103,91.318
1675994400,91.318,91.352,91.022,91.1
1676008800,91.1,91.233,90.233,90.78
1676023200,90.78,90.86,90.49,90.732
1676037600,90.732,91.12,90.7,90.954
1676052000,90.954,91.017,90.881,90.935
1676239200,90.935,91.041,90.83,90.978
1676253600,90.978,91.384,90.962,91.344
1676268000,91.344,91.874,91.31,91.816
1676282400,91.816,92.086,91.682,92.008
1676296800,92.008,92.49,91.986,92.366
1676311200,92.366,92.39,92.138,92.246
1676325600,92.246,92.29,91.826,91.848
1676340000,91.848,92.064,91.81,91.892
1676354400,91.892,92.055,91.834,92.028
1676368800,92.028,92.64,92.004,92.516
1676383200,92.516,92.925,92.11,92.812
1676397600,92.812,93.04,92.778,92.99
1676412000,92.99,93.048,92.5,92.527
1676426400,92.527,92.554,92.191,92.276
1676440800,92.276,92.278,91.929,92.185
1676455200,92.185,92.345,91.923,92.182
1676469600,92.182,92.539,92.059,92.451
1676484000,92.451,92.675,92.362,92.619
1676498400,92.619,92.659,91.996,92.403
1676512800,92.403,92.736,92.279,92.589
1676527200,92.589,92.716,92.488,92.62
1676541600,92.62,92.698,92.272,92.349
1676556000,92.349,92.412,91.953,92.381
1676570400,92.381,92.417,92.057,92.148
1676584800,92.148,92.403,91.986,92.303
1676599200,92.303,92.309,92.072,92.155
1676613600,92.155,92.254,91.967,92.011
1676628000,92.011,92.11,91.968,92.03
1676642400,92.03,92.273,91.941,92.173
1676656800,92.173,92.349,92.138,92.278
1676844000,92.278,92.526,92.197,92.499
1676858400,92.499,92.626,92.354,92.59
1676872800,92.59,92.743,92.5,92.544
1676887200,92.544,92.762,92.474,92.733
1676901600,92.733,92.806,92.643,92.801
1676916000,92.801,92.834,92.763,92.793
1676930400,92.793,92.97,92.62,92.754
1676944800,92.754,92.822,92.598,92.629
1676959200,92.629,92.792,92.556,92.732
1676973600,92.732,92.774,92.55,92.587
1676988000,92.587,93.013,92.447,92.563
1677002400,92.563,92.598,92.37,92.57
1677016800,92.57,92.688,92.108,92.137
1677031200,92.137,92.304,92.032,92.126
1677045600,92.126,92.213,91.856,92.02
1677060000,92.02,92.069,91.878,91.918
1677074400,91.918,92,91.683,91.938
1677088800,91.938,92.03,91.694,91.821
1677103200,91.821,92.114,91.714,92.097
1677117600,92.097,92.185,91.971,92.004
1677132000,92.004,92.129,91.894,91.937
1677146400,91.937,92.255,91.9,92.196
1677160800,92.196,92.292,91.426,91.489
1677175200,91.489,91.768,91.453,91.676
1677189600,91.676,91.897,91.38,91.886
1677204000,91.886,91.941,91.65,91.658
1677218400,91.658,91.738,91.483,91.682
1677232800,91.682,91.745,91.318,91.611
1677247200,91.611,91.894,91.562,91.752
1677261600,91.752,91.84,91.714,91.803
1677448800,91.803,91.928,91.628,91.76
1677463200,91.76,91.768,91.35,91.356
1677477600,91.356,91.668,91.335,91.618
1677492000,91.618,91.618,91.352,91.484
1677506400,91.484,91.74,91.331,91.718
1677520800,91.718,91.836,91.704,91.798
1677535200,91.798,92.004,91.741,91.844
1677549600,91.844,91.938,91.604,91.64
1677564000,91.64,91.922,91.606,91.89
1677578400,91.89,92.197,91.874,92.169
1677592800,92.169,92.177,91.646,91.7
1677607200,91.7,91.749,91.546,91.662
1677621600,91.662,91.782,91.282,91.778
1677636000,91.778,92.205,91.749,92.066
1677650400,92.066,92.225,91.791,91.87
1677664800,91.87,91.882,91.584,91.702
1677679200,91.702,92.088,91.65,91.914
1677693600,91.914,92.098,91.886,92.066
1677708000,92.066,92.098,91.782,91.887
1677722400,91.887,92.067,91.852,92.061
1677736800,92.061,92.164,91.864,91.927
1677751200,91.927,92.037,91.806,91.943
1677765600,91.943,92.075,91.866,91.924
1677780000,91.924,92.07,91.854,92.038
1677794400,92.038,92.213,91.914,92.153
1677808800,92.153,92.248,92.03,92.174
1677823200,92.174,92.218,91.998,92.016
1677837600,92.016,92.111,91.838,91.858
1677852000,91.858,92.034,91.778,92.014
1677866400,92.014,92.017,91.881,91.942
1678053600,91.942,91.955,91.523,91.703
1678068000,91.703,91.842,91.582,91.734
1678082400,91.734,91.738,91.495,91.642
1678096800,91.642,91.654,91.432,91.495
1678111200,91.495,91.636,91.372,91.553
1678125600,91.553,91.555,91.419,91.493
1678140000,91.493,91.661,91.432,91.638
1678154400,91.638,91.742,91.063,91.262
1678168800,91.262,91.278,90.631,90.694
1678183200,90.694,90.822,90.634,90.662
1678197600,90.662,90.73,90.249,90.287
1678212000,90.287,90.454,90.211,90.318
1678226400,90.318,90.589,90.248,90.47
1678240800,90.47,90.892,90.38,90.766
1678255200,90.766,90.924,90.672,90.814
1678269600,90.814,90.897,90.422,90.438
1678284000,90.438,90.578,90.27,90.43
1678298400,90.43,90.548,90.314,90.502
1678312800,90.502,90.557,90.152,90.252
1678327200,90.252,90.504,90.179,90.415
1678341600,90.415,90.481,90.002,90.024
1678356000,90.024,90.214,89.99,90.202
1678370400,90.202,90.319,89.973,90.026
1678384800,90.026,90.035,89.547,89.694
1678399200,89.694,89.902,89.394,89.494
1678413600,89.494,90.148,89.267,90.022
1678428000,90.022,90.142,89.65,90.088
1678442400,90.088,90.255,89.904,90.071
1678456800,90.071,90.108,88.902,89.144
1678471200,89.144,89.188,88.631,88.932
1678654800,88.932,89.584,88.218,88.84
1678669200,88.84,89.435,88.811,89.432
1678683600,89.432,89.83,89.081,89.114
1678698000,89.114,89.184,87.798,88.05
1678712400,88.05,89.183,88.03,88.729
1678726800,88.729,89.11,88.652,88.851
1678741200,88.851,88.903,88.553,88.62
1678755600,88.62,89.009,88.62,88.993
1678770000,88.993,89.477,88.703,89.326
1678784400,89.326,89.749,89.088,89.649
1678798800,89.649,90.104,89.462,89.628
1678813200,89.628,89.752,89.378,89.69
1678827600,89.69,89.968,89.599,89.755
1678842000,89.755,90.046,89.671,90.035
1678856400,90.035,90.198,89.863,89.882
1678870800,89.882,89.891,88.031,88.088
1678885200,88.088,88.56,87.356,87.524
1678899600,87.524,88.574,87.5,88.324
1678914000,88.324,88.518,87.83,88.501
1678928400,88.501,88.654,87.875,88.122
1678942800,88.122,88.722,88.052,88.424
1678957200,88.424,88.428,87.818,87.936
1678971600,87.936,88.792,87.399,88.778
1678986000,88.778,89.089,88.658,89.031
1679000400,89.031,89.046,88.794,88.873
1679014800,88.873,89.452,88.845,89.348
1679029200,89.348,89.509,89.12,89.288
1679043600,89.288,89.426,88.311,88.493
1679058000,88.493,88.73,88.084,88.516
1679072400,88.516,88.645,88.249,88.343
1679259600,88.343,89.24,88.337,89.185
1679274000,89.185,89.186,88.026,88.102
1679288400,88.102,88.266,87.136,87.516
1679302800,87.516,88.248,87.237,88.136
1679317200,88.136,88.589,87.938,88.435
1679331600,88.435,88.574,88.16,88.227
1679346000,88.227,88.482,87.895,87.91
1679360400,87.91,88.018,87.714,87.82
1679374800,87.82,88.468,87.742,88.242
1679389200,88.242,88.508,88.213,88.378
1679403600,88.378,88.423,87.715,88.13
1679418000,88.13,88.422,88.106,88.347
1679432400,88.347,88.484,88.239,88.47
1679446800,88.47,88.796,88.398,88.679
1679461200,88.679,88.81,88.538,88.644
1679475600,88.644,89.006,88.588,88.727
1679490000,88.727,88.766,88.424,88.518
1679504400,88.518,88.714,87.604,87.877
1679518800,87.877,88.036,87.723,87.873
1679533200,87.873,88.144,87.77,88.132
1679547600,88.132,88.381,87.935,88.344
1679562000,88.344,88.352,88.022,88.028
1679576400,88.028,88.245,87.791,87.822
1679590800,87.822,87.898,86.927,87.508
1679605200,87.508,87.512,87.195,87.195
1679619600,87.195,87.242,86.721,87.002
1679634000,87.002,87.28,86.567,86.737
1679648400,86.737,86.84,86.062,86.408
1679662800,86.408,86.96,86.326,86.858
1679677200,86.858,87.024,86.78,86.852
1679864400,86.852,87.148,86.658,86.88
1679878800,86.88,87.074,86.818,86.924
1679893200,86.924,87.53,86.857,87.146
1679907600,87.146,87.506,87.132,87.395
1679922000,87.395,87.541,87.232,87.43
1679936400,87.43,87.543,87.378,87.504
1679950800,87.504,87.504,87.226,87.274
1679965200,87.274,87.456,87.171,87.367
1679979600,87.367,87.786,87.314,87.439
1679994000,87.439,87.574,87.154,87.243
1680008400,87.243,87.884,87.23,87.868
1680022800,87.868,87.872,87.508,87.809
1680037200,87.809,88.128,87.696,87.962
1680051600,87.962,88.302,87.953,88.273
1680066000,88.273,88.298,87.914,87.999
1680080400,87.999,88.524,87.792,88.475
1680094800,88.475,88.708,88.353,88.595
1680109200,88.595,88.834,88.535,88.812
1680123600,88.812,88.812,88.398,88.542
1680138000,88.542,88.664,88.438,88.638
1680152400,88.638,89.011,88.578,88.945
1680166800,88.945,89.048,88.636,88.925
1680181200,88.925,89.084,88.754,88.782
1680195600,88.782,89.076,88.642,89.075
1680210000,89.075,89.682,88.955,89.532
1680224400,89.532,89.686,89.062,89.09
1680238800,89.09,89.348,88.66,89.27
1680253200,89.27,89.393,88.914,89.154
1680267600,89.154,89.361,88.883,88.944
1680282000,88.944,88.959,88.63,88.794
1680469200,88.794,89.215,88.559,88.691
1680483600,88.691,89.002,88.584,88.978
1680498000,88.978,89.48,88.85,89.394
1680512400,89.394,90.043,89.39,90.013
1680526800,90.013,90.059,89.564,89.886
1680541200,89.886,89.932,89.676,89.85
1680555600,89.85,90.001,89.729,89.96
1680570000,89.96,90.172,89.702,89.757
1680584400,89.757,89.952,89.484,89.638
1680598800,89.638,89.858,89.348,89.363
1680613200,89.363,89.444,88.584,88.68
1680627600,88.68,88.989,88.68,88.933
1680642000,88.933,88.977,88.72,88.858
1680656400,88.858,89.203,88.754,88.78
1680670800,88.78,88.82,87.864,88.01
1680685200,88.01,88.188,87.773,87.87
1680699600,87.87,88.174,87.644,87.964
1680714000,87.964,88.272,87.89,88.224
1680728400,88.224,88.258,87.786,87.951
1680742800,87.951,88.012,87.766,87.804
1680757200,87.804,88.159,87.726,88.012
1680771600,88.012,88.073,87.7,87.76
1680786000,87.76,87.938,87.596,87.871
1680800400,87.871,87.998,87.857,87.89
1680814800,87.89,87.967,87.827,87.908
1680829200,87.908,88.076,87.844,88.029
1680843600,88.029,88.185,87.977,88.014
1680858000,88.014,88.244,87.776,88.156
1680872400,88.156,88.264,87.974,88.064
1680886800,88.064,88.255,88.015,88.12
1681074000,88.12,88.37,87.92,88.308
1681088400,88.308,88.469,88.243,88.353
1681102800,88.353,88.42,88.011,88.078
1681117200,88.078,88.514,88.031,88.316
1681131600,88.316,88.71,88.299,88.69
1681146000,88.69,88.758,88.632,88.748
1681160400,88.748,88.812,88.619,88.802
1681174800,88.802,89.033,88.721,88.954
1681189200,88.954,89.129,88.66,88.764
1681203600,88.764,88.802,88.538,88.606
1681218000,88.606,88.942,88.531,88.886
1681232400,88.886,89.016,88.838,88.953
1681246800,88.953,89.074,88.839,88.994
1681261200,88.994,89.324,88.94,89.278
1681275600,89.278,89.312,88.88,89.116
1681290000,89.116,89.34,88.993,89.218
1681304400,89.218,89.29,88.943,89.212
1681318800,89.212,89.364,89.035,89.136
1681333200,89.136,89.207,88.98,89.11
1681347600,89.11,89.506,88.977,89.436
1681362000,89.436,89.606,89.28,89.535
1681376400,89.535,89.904,89.489,89.535
1681390800,89.535,89.846,89.304,89.836
1681405200,89.836,90.174,89.836,89.936
1681419600,89.936,90.083,89.842,89.94
1681434000,89.94,90,89.654,89.852
1681448400,89.852,89.875,89.528,89.635
1681462800,89.635,90.076,89.616,89.981
1681477200,89.981,90.093,89.563,89.606
1681491600,89.606,89.764,89.512,89.754
1681678800,89.754,89.872,89.59,89.603
1681693200,89.603,89.966,89.594,89.938
1681707600,89.938,90.048,89.64,89.735
1681722000,89.735,89.934,89.696,89.732
1681736400,89.732,90.045,89.73,89.996
1681750800,89.996,90.159,89.966,90.128
1681765200,90.128,90.146,89.976,90.05
1681779600,90.05,90.436,90.028,90.306
1681794000,90.306,90.515,90.279,90.376
1681808400,90.376,90.465,90.213,90.302
1681822800,90.302,90.359,90.043,90.242
1681837200,90.242,90.248,90.122,90.224
1681851600,90.224,90.36,90.158,90.294
1681866000,90.294,90.448,90.207,90.412
1681880400,90.412,90.549,90.322,90.462
1681894800,90.462,90.532,90.226,90.286
1681909200,90.286,90.578,90.266,90.53
1681923600,90.53,90.59,90.42,90.454
1681938000,90.454,90.552,90.275,90.406
1681952400,90.406,90.477,90.266,90.362
1681966800,90.362,90.472,90.252,90.362
1681981200,90.362,90.67,90.308,90.624
1681995600,90.624,90.782,90.516,90.568
1682010000,90.568,90.672,90.428,90.516
1682024400,90.516,90.62,90.315,90.432
1682038800,90.432,90.446,89.806,89.88
1682053200,89.88,89.919,89.403,89.458
1682067600,89.458,89.703,89.406,89.56
1682082000,89.56,90.012,89.523,89.721
1682096400,89.721,89.842,89.656,89.766
1682283600,89.766,89.798,89.483,89.686
1682298000,89.686,89.825,89.636,89.681
1682312400,89.681,89.812,89.426,89.804
1682326800,89.804,90.012,89.73,89.914
1682341200,89.914,90.05,89.72,89.83
1682355600,89.83,89.917,89.794,89.882
1682370000,89.882,89.973,89.72,89.92
1682384400,89.92,90.028,89.652,89.688
1682398800,89.688,89.809,89.167,89.396
1682413200,89.396,89.43,89.084,89.104
1682427600,89.104,89.141,88.632,88.654
1682442000,88.654,88.688,88.258,88.61
1682456400,88.61,88.772,88.562,88.686
1682470800,88.686,88.69,88.169,88.315
1682485200,88.315,88.47,88.107,88.2
1682499600,88.2,88.48,87.934,88.242
1682514000,88.242,88.496,87.872,88.422
1682528400,88.422,88.477,88,88.272
1682542800,88.272,88.332,88.143,88.26
1682557200,88.26,88.484,88.14,88.478
1682571600,88.478,88.734,88.438,88.612
1682586000,88.612,88.628,88.273,88.52
1682600400,88.52,88.761,88.47,88.632
1682614800,88.632,88.859,88.624,88.826
1682629200,88.826,88.947,88.663,88.935
1682643600,88.935,89.348,88.446,89.158
1682658000,89.158,89.66,89.09,89.288
1682672400,89.288,89.714,89.262,89.619
1682686800,89.619,90.094,89.552,90.046
1682701200,90.046,90.219,89.99,90.175
1682888400,90.175,90.504,90.037,90.46
1682902800,90.46,90.891,90.39,90.82
1682917200,90.82,90.956,90.742,90.782
1682931600,90.782,91.11,90.666,91.106
1682946000,91.106,91.333,91.048,91.246
1682960400,91.246,91.249,91.116,91.168
1682974800,91.168,91.218,90.966,91.023
1682989200,91.023,92.192,91.006,92.178
1683003600,92.178,92.438,91.959,92.075
1683018000,92.075,92.13,91.815,91.982
1683032400,91.982,92.012,90.857,91.04
1683046800,91.04,91.202,90.97,91.007
1683061200,91.007,91.068,90.876,90.975
1683075600,90.975,90.992,90.668,90.692
1683090000,90.692,90.752,90.267,90.38
1683104400,90.38,90.518,90.094,90.126
1683118800,90.126,90.468,90.052,90.458
1683133200,90.458,90.718,89.918,89.927
1683147600,89.927,89.979,89.33,89.469
1683162000,89.469,90.091,89.42,90.06
1683176400,90.06,90.123,89.486,89.646
1683190800,89.646,89.944,89.634,89.895
1683205200,89.895,89.958,89.164,89.614
1683219600,89.614,89.92,89.577,89.875
1683234000,89.875,89.998,89.812,89.944
1683248400,89.944,90.296,89.864,90.239
1683262800,90.239,90.449,90.102,90.278
1683277200,90.278,90.592,90.16,90.504
1683291600,90.504,91.018,90.42,90.945
1683306000,90.945,91.096,90.918,91.052
1683493200,91.052,91.342,90.959,90.977
1683507600,90.977,91.338,90.928,91.27
1683522000,91.27,91.674,91.227,91.574
1683536400,91.574,91.832,91.546,91.768
1683550800,91.768,91.877,91.422,91.464
1683565200,91.464,91.734,91.422,91.62
1683579600,91.62,91.74,91.531,91.611
1683594000,91.611,91.646,91.414,91.575
1683608400,91.575,91.609,91.098,91.253
1683622800,91.253,91.36,91.168,91.284
1683637200,91.284,91.404,91.132,91.344
1683651600,91.344,91.47,91.292,91.442
1683666000,91.442,91.601,91.38,91.412
1683680400,91.412,91.558,91.374,91.508
1683694800,91.508,91.691,91.236,91.336
1683709200,91.336,91.622,91.144,91.592
1683723600,91.592,91.611,90.798,90.874
1683738000,90.874,91.102,90.508,91.102
1683752400,91.102,91.102,90.87,91.014
1683766800,91.014,91.158,90.762,90.967
1683781200,90.967,91.024,90.48,90.775
1683795600,90.775,90.847,90.062,90.12
1683810000,90.12,90.242,89.797,90.043
1683824400,90.043,90.192,89.876,90.19
1683838800,90.19,90.21,90.087,90.18
1683853200,90.18,90.242,89.977,90.136
1683867600,90.136,90.41,90.035,90.184
1683882000,90.184,90.222,90.028,90.134
1683896400,90.134,90.206,89.912,90.134
1683910800,90.134,90.268,90.042,90.162
1684098000,90.162,90.477,90.162,90.38
1684112400,90.38,90.782,90.32,90.728
1684126800,90.728,91.064,90.712,90.977
1684141200,90.977,91.125,90.733,90.876
1684155600,90.876,91.318,90.852,91.28
1684170000,91.28,91.286,91.137,91.19
1684184400,91.19,91.26,91.114,91.162
1684198800,91.162,91.2,90.826,91.014
1684213200,91.014,91.019,90.574,90.869
1684227600,90.869,90.946,90.589,90.876
1684242000,90.876,91.222,90.824,90.928
1684256400,90.928,90.941,90.678,90.762
1684270800,90.762,90.892,90.692,90.846
1684285200,90.846,91.051,90.674,90.85
1684299600,90.85,91.052,90.728,90.983
1684314000,90.983,91.315,90.963,91.305
1684328400,91.305,91.694,91.248,91.664
1684342800,91.664,91.79,91.624,91.69
1684357200,91.69,91.77,91.486,91.488
1684371600,91.488,91.608,91.088,91.52
1684386000,91.52,91.558,91.238,91.381
1684400400,91.381,91.718,91.338,91.572
1684414800,91.572,91.703,91.374,91.585
1684429200,91.585,91.897,91.544,91.852
1684443600,91.852,91.942,91.679,91.768
1684458000,91.768,91.954,91.66,91.852
1684472400,91.852,91.927,91.714,91.901
1684486800,91.901,92.322,91.869,92.288
1684501200,92.288,92.355,91.48,91.858
1684515600,91.858,91.949,91.681,91.764
1684702800,91.764,91.79,91.53,91.736
1684717200,91.736,91.784,91.438,91.624
1684731600,91.624,91.668,91.382,91.532
1684746000,91.532,91.968,91.502,91.925
1684760400,91.925,92.135,91.664,92.106
1684774800,92.106,92.229,91.916,92.189
1684789200,92.189,92.332,92.101,92.238
1684803600,92.238,92.352,92.016,92.068
1684818000,92.068,92.252,91.641,91.707
1684832400,91.707,91.843,91.566,91.816
1684846800,91.816,91.894,91.578,91.702
1684861200,91.702,91.793,91.468,91.595
1684875600,91.595,91.674,91.558,91.58
1684890000,91.58,91.602,91.188,91.31
1684904400,91.31,91.358,91.017,91.178
1684918800,91.178,91.22,90.855,91.15
1684933200,91.15,91.192,90.766,91.068
1684947600,91.068,91.275,90.927,91.263
1684962000,91.263,91.278,90.852,91.182
1684976400,91.182,91.251,91.072,91.092
1684990800,91.092,91.26,90.97,91.1
1685005200,91.1,91.156,90.904,91.074
1685019600,91.074,91.12,90.757,90.938
1685034000,90.938,91.207,90.905,91.1
1685048400,91.1,91.18,90.804,90.933
1685062800,90.933,91.084,90.872,91.04
1685077200,91.04,91.234,90.934,91.116
1685091600,91.116,91.548,91.105,91.458
1685106000,91.458,91.608,91.268,91.59
1685120400,91.59,91.718,91.542,91.646
1685307600,91.646,91.984,91.646,91.896
1685322000,91.896,92.011,91.715,91.822
1685336400,91.822,91.95,91.736,91.816
1685350800,91.816,91.875,91.661,91.72
1685365200,91.72,91.816,91.598,91.766
1685379600,91.766,91.858,91.746,91.84
1685394000,91.84,91.898,91.649,91.707
1685408400,91.707,91.868,91.289,91.453
1685422800,91.453,91.834,91.398,91.704
1685437200,91.704,91.948,91.318,91.381
1685451600,91.381,91.41,90.964,91.092
1685466000,91.092,91.124,90.888,91.106
1685480400,91.106,91.211,91.002,91.024
1685494800,91.024,91.418,90.732,90.821
1685509200,90.821,90.836,90.376,90.665
1685523600,90.665,90.728,90.382,90.489
1685538000,90.489,90.904,90.263,90.338
1685552400,90.338,90.638,90.298,90.619
1685566800,90.619,90.637,90.363,90.375
1685581200,90.375,90.936,90.297,90.824
1685595600,90.824,90.986,90.73,90.932
1685610000,90.932,91.12,90.807,90.82
1685624400,90.82,91.348,90.627,91.304
1685638800,91.304,91.35,91.146,91.237
1685653200,91.237,91.4,91.178,91.373
1685667600,91.373,91.84,91.35,91.778
1685682000,91.778,92.034,91.755,92.023
1685696400,92.023,92.252,91.906,92.21
1685710800,92.21,92.524,92.152,92.504
1685725200,92.504,92.564,92.432,92.457
1685912400,92.457,92.552,92.396,92.437
1685926800,92.437,92.618,92.254,92.507
1685941200,92.507,92.644,92.432,92.5
1685955600,92.5,92.562,92.338,92.542
1685970000,92.542,92.662,92.138,92.526
1685984400,92.526,92.577,92.293,92.356
1685998800,92.356,92.477,92.139,92.308
1686013200,92.308,93.142,92.242,92.945
1686027600,92.945,93.152,92.634,92.672
1686042000,92.672,93.06,92.633,92.979
1686056400,92.979,93.254,92.914,93.194
1686070800,93.194,93.262,93.122,93.163
1686085200,93.163,93.296,93.022,93.134
1686099600,93.134,93.162,92.78,93.02
1686114000,93.02,93.246,92.81,93.242
1686128400,93.242,93.44,93.098,93.332
1686142800,93.332,93.527,93.112,93.296
1686157200,93.296,93.302,93.088,93.256
1686171600,93.256,93.304,93.126,93.242
1686186000,93.242,93.408,92.978,93.08
1686200400,93.08,93.438,93.013,93.432
1686214800,93.432,93.448,93.274,93.351
1686229200,93.351,93.372,93.092,93.261
1686243600,93.261,93.316,93.212,93.29
1686258000,93.29,93.344,93.164,93.294
1686272400,93.294,93.411,93.233,93.253
1686286800,93.253,93.869,93.236,93.78
1686301200,93.78,93.892,93.573,93.808
1686315600,93.808,94.099,93.714,93.934
1686330000,93.934,93.999,93.831,93.982
1686517200,93.982,94.063,93.876,94.019
1686531600,94.019,94.078,93.954,93.988
1686546000,93.988,94.42,93.98,94.272
1686560400,94.272,94.33,94.076,94.132
1686574800,94.132,94.318,94.087,94.243
1686589200,94.243,94.315,94.188,94.254
1686603600,94.254,94.311,94.132,94.214
1686618000,94.214,94.358,93.976,94.328
1686632400,94.328,94.711,94.245,94.578
1686646800,94.578,94.682,94.254,94.558
1686661200,94.558,95.054,94.523,94.928
1686675600,94.928,94.938,94.744,94.888
1686690000,94.888,94.957,94.765,94.768
1686704400,94.768,95.003,94.76,94.859
1686718800,94.859,94.994,94.766,94.964
1686733200,94.964,95.147,94.878,95.066
1686747600,95.066,95.284,95.026,95.142
1686762000,95.142,95.25,94.598,95.203
1686776400,95.203,95.35,95.12,95.315
1686790800,95.315,96.176,95.173,96.168
1686805200,96.168,96.405,96.069,96.197
1686819600,96.197,96.248,95.743,95.822
1686834000,95.822,96.554,95.78,96.445
1686848400,96.445,96.729,96.38,96.548
1686862800,96.548,96.618,96.375,96.4
1686877200,96.4,96.789,96.24,96.701
1686891600,96.701,97.266,96.673,97.092
1686906000,97.092,97.159,96.72,97.114
1686920400,97.114,97.45,96.878,97.446
1686934800,97.446,97.614,97.322,97.554
1687122000,97.554,97.676,97.272,97.322
1687136400,97.322,97.326,96.73,96.902
1687150800,96.902,97.582,96.888,97.408
1687165200,97.408,97.48,97.03,97.187
1687179600,97.187,97.233,96.986,97.144
1687194000,97.144,97.268,97.138,97.265
1687208400,97.265,97.406,97.149,97.306
1687222800,97.306,97.419,96.304,96.622
1687237200,96.622,96.695,96.143,96.16
1687251600,96.16,96.267,95.804,95.852
1687266000,95.852,95.86,95.574,95.753
1687280400,95.753,96.05,95.681,95.998
1687294800,95.998,96.144,95.891,96.093
1687309200,96.093,96.368,96.003,96.319
1687323600,96.319,96.352,95.959,96.008
1687338000,96.008,96.132,95.782,95.856
1687352400,95.856,96.433,95.84,96.418
1687366800,96.418,96.472,96.282,96.437
1687381200,96.437,96.484,96.306,96.474
1687395600,96.474,96.518,95.88,95.892
1687410000,95.892,96.408,95.786,96.37
1687424400,96.37,96.592,96.243,96.316
1687438800,96.316,96.618,96.176,96.536
1687453200,96.536,96.768,96.444,96.688
1687467600,96.688,96.848,96.604,96.786
1687482000,96.786,96.806,95.742,95.793
1687496400,95.793,96.129,95.492,95.688
1687510800,95.688,95.968,95.258,95.365
1687525200,95.365,96.168,95.333,96.126
1687539600,96.126,96.134,95.928,95.948
1687726800,95.948,96.022,95.596,95.797
1687741200,95.797,96.092,95.742,95.847
1687755600,95.847,95.876,95.377,95.482
1687770000,95.482,95.76,95.45,95.556
1687784400,95.556,95.946,95.535,95.918
1687798800,95.918,95.922,95.773,95.792
1687813200,95.792,95.897,95.664,95.827
1687827600,95.827,96.44,95.812,96.374
1687842000,96.374,96.5,96.096,96.116
1687856400,96.116,96.276,95.914,96.146
1687870800,96.146,96.417,96.096,96.243
1687885200,96.243,96.39,96.239,96.335
1687899600,96.335,96.37,95.852,95.898
1687914000,95.898,96.022,95.156,95.669
1687928400,95.669,95.872,95.498,95.58
1687942800,95.58,95.685,95.374,95.386
1687957200,95.386,95.636,95.323,95.414
1687971600,95.414,95.464,95.302,95.378
1687986000,95.378,95.45,95.17,95.228
1688000400,95.228,95.6,95.228,95.568
1688014800,95.568,95.734,95.416,95.498
1688029200,95.498,95.798,95.457,95.716
1688043600,95.716,96.013,95.55,95.988
1688058000,95.988,95.989,95.798,95.806
1688072400,95.806,95.88,95.599,95.753
1688086800,95.753,96.08,95.736,95.928
1688101200,95.928,96.036,95.714,95.721
1688115600,95.721,96.04,95.698,95.984
1688130000,95.984,96.296,95.949,96.25
1688144400,96.25,96.287,96.084,96.146
1688331600,96.146,96.224,96.027,96.113
1688346000,96.113,96.406,95.998,96.357
1688360400,96.357,96.476,96.047,96.338
1688374800,96.338,96.385,96.108,96.333
1688389200,96.333,96.62,96.234,96.552
1688403600,96.552,96.606,96.51,96.528
1688418000,96.528,96.592,96.446,96.484
1688432400,96.484,96.703,96.074,96.146
1688446800,96.146,96.621,96.074,96.446
1688461200,96.446,96.63,96.428,96.62
1688475600,96.62,96.832,96.544,96.766
1688490000,96.766,96.8,96.658,96.675
1688504400,96.675,96.821,96.633,96.704
1688518800,96.704,96.834,96.529,96.562
1688533200,96.562,96.746,96.212,96.314
1688547600,96.314,96.352,96.052,96.252
1688562000,96.252,96.456,96.116,96.37
1688576400,96.37,96.418,96.25,96.261
1688590800,96.261,96.274,95.927,95.971
1688605200,95.971,96.313,95.603,95.785
1688619600,95.785,96.164,95.64,96.04
1688634000,96.04,96.17,95.704,95.738
1688648400,95.738,95.856,95.3,95.418
1688662800,95.418,95.548,95.398,95.45
1688677200,95.45,95.49,95.224,95.452
1688691600,95.452,95.592,95.408,95.451
1688706000,95.451,95.484,94.865,94.931
1688720400,94.931,95.234,94.74,94.991
1688734800,94.991,95.26,94.784,95.217
1688749200,95.217,95.244,94.996,95.126
1688936400,95.126,95.316,95.02,95.23
1688950800,95.23,95.48,95.112,95.313
1688965200,95.313,95.338,94.494,94.596
1688979600,94.596,94.656,94.362,94.374
1688994000,94.374,94.434,94.122,94.392
1689008400,94.392,94.444,94.326,94.332
1689022800,94.332,94.615,94.266,94.514
1689037200,94.514,94.549,94.024,94.156
1689051600,94.156,94.198,93.655,93.683
1689066000,93.683,93.812,93.476,93.498
1689080400,93.498,93.852,93.484,93.594
1689094800,93.594,93.875,93.59,93.824
1689109200,93.824,93.888,93.576,93.787
1689123600,93.787,94.131,93.647,93.774
1689138000,93.774,93.778,93.3,93.364
1689152400,93.364,93.815,93.274,93.718
1689166800,93.718,94.216,93.666,94.011
1689181200,94.011,94.074,93.856,94.036
1689195600,94.036,94.12,93.858,94.064
1689210000,94.064,94.417,94.018,94.346
1689224400,94.346,94.77,94.324,94.708
1689238800,94.708,95.191,94.688,95.186
1689253200,95.186,95.312,94.886,94.968
1689267600,94.968,95.168,94.944,95.115
1689282000,95.115,95.164,94.688,94.698
1689296400,94.698,94.93,94.55,94.895
1689310800,94.895,95.12,94.798,95.056
1689325200,95.056,95.384,95.031,95.3
1689339600,95.3,95.344,94.795,94.962
1689354000,94.962,95.052,94.86,94.916
1689541200,94.916,94.998,94.531,94.532
1689555600,94.532,94.704,94.37,94.508
1689570000,94.508,94.542,94.216,94.334
1689584400,94.334,94.576,94.02,94.476
1689598800,94.476,94.896,94.448,94.702
1689613200,94.702,94.787,94.52,94.558
1689627600,94.558,94.702,94.446,94.562
1689642000,94.562,94.784,94.458,94.476
1689656400,94.476,94.567,94.071,94.136
1689670800,94.136,94.28,93.902,93.952
1689685200,93.952,94.726,93.773,94.652
1689699600,94.652,94.698,94.504,94.564
1689714000,94.564,94.834,94.53,94.542
1689728400,94.542,94.628,94.424,94.568
1689742800,94.568,94.782,94.46,94.547
1689757200,94.547,94.761,94.346,94.53
1689771600,94.53,94.813,94.206,94.484
1689786000,94.484,94.658,94.454,94.577
1689800400,94.577,94.748,94.442,94.618
1689814800,94.618,95.228,94.586,95.22
1689829200,95.22,95.352,94.987,95.264
1689843600,95.264,95.426,95.159,95.275
1689858000,95.275,95.41,95.01,95.142
1689872400,95.142,95.187,94.924,94.954
1689886800,94.954,95.006,94.691,94.836
1689901200,94.836,95.124,94.654,94.988
1689915600,94.988,95.788,94.915,95.741
1689930000,95.741,95.78,95.15,95.202
1689944400,95.202,95.492,95.172,95.452
1689958800,95.452,95.504,95.348,95.488
1690146000,95.488,95.488,95.225,95.365
1690160400,95.365,95.374,95.07,95.214
1690174800,95.214,95.418,95.045,95.21
1690189200,95.21,95.46,94.912,94.952
1690203600,94.952,95.425,94.879,95.372
1690218000,95.372,95.483,95.306,95.373
1690232400,95.373,95.427,95.178,95.257
1690246800,95.257,95.692,95.224,95.594
1690261200,95.594,95.86,95.563,95.802
1690275600,95.802,95.832,95.562,95.659
1690290000,95.659,95.844,95.566,95.668
1690304400,95.668,95.82,95.645,95.711
1690318800,95.711,95.815,95.53,95.618
1690333200,95.618,95.642,94.952,95.344
1690347600,95.344,95.472,94.882,94.946
1690362000,94.946,94.974,94.426,94.48
1690376400,94.48,94.984,94.446,94.956
1690390800,94.956,95.052,94.643,94.785
1690405200,94.785,95.06,94.732,95.034
1690419600,95.034,95.42,94.748,95.364
1690434000,95.364,95.408,95.113,95.352
1690448400,95.352,95.414,95.141,95.403
1690462800,95.403,95.416,94.876,95.036
1690477200,95.036,95.04,92.964,93.561
1690491600,93.561,93.578,93.052,93.416
1690506000,93.416,94.224,91.794,92.307
1690520400,92.307,93.04,92.174,92.794
1690534800,92.794,93.346,92.638,93.267
1690549200,93.267,93.986,93.267,93.85
1690563600,93.85,93.914,93.644,93.841
1690750800,93.841,93.954,93.71,93.944
1690765200,93.944,94.772,93.882,94.708
1690779600,94.708,95.378,94.628,95.326
1690794000,95.326,95.526,95.258,95.49
1690808400,95.49,95.834,95.472,95.568
1690822800,95.568,95.65,95.516,95.572
1690837200,95.572,95.726,95.522,95.666
1690851600,95.666,95.816,95.078,95.274
1690866000,95.274,95.338,94.562,94.686
1690880400,94.686,94.841,94.562,94.652
1690894800,94.652,94.96,94.652,94.722
1690909200,94.722,94.836,94.678,94.788
1690923600,94.788,94.828,94.487,94.647
1690938000,94.647,94.903,94.066,94.17
1690952400,94.17,94.172,93.592,93.718
1690966800,93.718,94.086,93.673,93.97
1690981200,93.97,94.09,93.614,93.782
1690995600,93.782,93.836,93.702,93.724
1691010000,93.724,93.788,93.589,93.668
1691024400,93.668,93.896,93.531,93.768
1691038800,93.768,94.092,93.036,93.09
1691053200,93.09,93.423,93.086,93.266
1691067600,93.266,93.6,92.97,93.5
1691082000,93.5,93.56,93.292,93.354
1691096400,93.354,93.816,93.27,93.78
1691110800,93.78,93.934,93.386,93.618
1691125200,93.618,93.74,93.46,93.548
1691139600,93.548,93.666,93.402,93.534
1691154000,93.534,93.728,93.204,93.679
1691168400,93.679,93.687,93.058,93.1
1691355600,93.1,93.314,93.1,93.2
1691370000,93.2,93.626,93.143,93.425
1691384400,93.425,93.6,93.266,93.42
1691398800,93.42,93.488,93.308,93.449
1691413200,93.449,93.614,93.212,93.61
1691427600,93.61,93.692,93.566,93.675
1691442000,93.675,93.958,93.602,93.938
1691456400,93.938,93.982,93.59,93.772
1691470800,93.772,93.793,93.218,93.382
1691485200,93.382,93.404,92.902,93.165
1691499600,93.165,93.51,92.938,93.448
1691514000,93.448,93.869,93.444,93.838
1691528400,93.838,93.838,93.527,93.604
1691542800,93.604,94.02,93.58,93.875
1691557200,93.875,94.113,93.777,93.968
1691571600,93.968,94.037,93.62,93.693
1691586000,93.693,93.884,93.611,93.787
1691600400,93.787,94.018,93.776,93.85
1691614800,93.85,94.027,93.779,93.925
1691629200,93.925,94.261,93.828,94.185
1691643600,94.185,94.41,94.145,94.222
1691658000,94.222,94.833,94.197,94.718
1691672400,94.718,94.939,94.592,94.626
1691686800,94.626,94.64,94.307,94.318
1691701200,94.318,94.452,94.283,94.45
1691715600,94.45,94.594,94.314,94.354
1691730000,94.354,94.55,94.16,94.311
1691744400,94.311,94.414,94.202,94.208
1691758800,94.208,94.44,94.019,94.072
1691773200,94.072,94.177,94.028,94.177
1691960400,94.177,94.236,93.904,93.92
1691974800,93.92,93.922,93.578,93.76
1691989200,93.76,94.089,93.653,94.042
1692003600,94.042,94.281,94.014,94.168
1692018000,94.168,94.44,93.922,94.354
1692032400,94.354,94.428,94.262,94.418
1692046800,94.418,94.522,94.324,94.344
1692061200,94.344,94.724,94.01,94.638
1692075600,94.638,94.87,94.22,94.324
1692090000,94.324,94.356,94.077,94.223
1692104400,94.223,94.347,93.983,94.162
1692118800,94.162,94.186,93.928,93.958
1692133200,93.958,94.05,93.753,93.782
1692147600,93.782,94.011,93.639,93.848
1692162000,93.848,94.29,93.734,94.196
1692176400,94.196,94.234,93.867,93.894
1692190800,93.894,94.233,93.794,93.868
1692205200,93.868,94.158,93.806,94.016
1692219600,94.016,94.032,93.69,93.696
1692234000,93.696,93.767,93.22,93.595
1692248400,93.595,93.752,93.348,93.534
1692262800,93.534,94.006,93.506,93.852
1692277200,93.852,93.936,93.652,93.816
1692291600,93.816,93.825,93.23,93.39
1692306000,93.39,93.502,93.25,93.37
1692320400,93.37,93.56,93.039,93.086
1692334800,93.086,93.196,92.906,93.146
1692349200,93.146,93.202,92.792,93.025
1692363600,93.025,93.186,92.986,93.05
1692378000,93.05,93.193,92.896,93.116
1692565200,93.116,93.22,93.051,93.056
1692579600,93.056,93.34,92.836,93.086
1692594000,93.086,93.23,93,93.219
1692608400,93.219,93.766,93.218,93.698
1692622800,93.698,93.78,93.436,93.647
1692637200,93.647,93.909,93.588,93.782
1692651600,93.782,93.862,93.652,93.742
1692666000,93.742,93.856,93.592,93.697
1692680400,93.697,94.006,93.618,93.744
1692694800,93.744,94.064,93.736,93.822
1692709200,93.822,93.959,93.574,93.645
1692723600,93.645,93.766,93.506,93.696
1692738000,93.696,93.804,93.609,93.708
1692752400,93.708,93.959,93.652,93.746
1692766800,93.746,93.876,93.328,93.47
1692781200,93.47,93.484,93.228,93.31
1692795600,93.31,93.642,93.228,93.61
1692810000,93.61,93.898,93.594,93.874
1692824400,93.874,93.903,93.682,93.782
1692838800,93.782,94.143,93.768,94.142
1692853200,94.142,94.178,93.764,93.842
1692867600,93.842,93.908,93.72,93.824
1692882000,93.824,93.941,93.6,93.744
1692896400,93.744,93.772,93.51,93.584
1692910800,93.584,93.75,93.533,93.696
1692925200,93.696,93.841,93.532,93.532
1692939600,93.532,93.84,93.498,93.82
1692954000,93.82,93.874,93.722,93.796
1692968400,93.796,93.894,93.534,93.751
1692982800,93.751,93.978,93.652,93.764
1693170000,93.764,94.133,93.764,94.085
1693184400,94.085,94.341,94.085,94.168
1693198800,94.168,94.188,93.838,93.916
1693213200,93.916,94.102,93.834,94.042
1693227600,94.042,94.209,93.983,94.174
1693242000,94.174,94.218,94.014,94.215
1693256400,94.215,94.246,94.05,94.11
1693270800,94.11,94.464,94.047,94.392
1693285200,94.392,94.478,94.24,94.304
1693299600,94.304,94.6,94.294,94.3
1693314000,94.3,94.478,94.202,94.282
1693328400,94.282,94.548,94.252,94.524
1693342800,94.524,94.674,94.423,94.52
1693357200,94.52,94.666,94.173,94.646
1693371600,94.646,94.76,94.526,94.59
1693386000,94.59,95.067,94.574,94.95
1693400400,94.95,95,94.624,94.722
1693414800,94.722,94.81,94.58,94.699
1693429200,94.699,94.78,94.568,94.743
1693443600,94.743,94.942,94.547,94.575
1693458000,94.575,94.724,94.347,94.464
1693472400,94.464,94.737,94.292,94.712
1693486800,94.712,94.712,94.036,94.147
1693501200,94.147,94.37,94.138,94.364
1693515600,94.364,94.408,94.236,94.252
1693530000,94.252,94.424,94.066,94.175
1693544400,94.175,94.274,93.858,94.134
1693558800,94.134,94.352,93.951,94.218
1693573200,94.218,94.33,94.076,94.246
1693587600,94.246,94.401,94.216,94.311
1693774800,94.311,94.486,94.194,94.438
1693789200,94.438,94.602,94.352,94.509
1693803600,94.509,94.716,94.504,94.642
1693818000,94.642,94.72,94.555,94.614
1693832400,94.614,94.687,94.49,94.626
1693846800,94.626,94.684,94.622,94.648
1693861200,94.648,94.708,94.518,94.526
1693875600,94.526,94.576,94.135,94.243
1693890000,94.243,94.306,93.592,93.75
1693904400,93.75,93.956,93.636,93.924
1693918800,93.924,94.264,93.878,94.249
1693933200,94.249,94.321,94.166,94.217
1693947600,94.217,94.257,93.962,94.067
1693962000,94.067,94.168,93.86,94.094
1693976400,94.094,94.214,93.996,94.184
1693990800,94.184,94.336,94.016,94.079
1694005200,94.079,94.258,93.965,94.136
1694019600,94.136,94.27,94.102,94.256
1694034000,94.256,94.286,94.148,94.22
1694048400,94.22,94.32,93.869,93.938
1694062800,93.938,94.3,93.933,94.146
1694077200,94.146,94.251,93.94,94.116
1694091600,94.116,94.124,93.71,93.789
1694106000,93.789,93.95,93.789,93.91
1694120400,93.91,94,93.588,93.764
1694134800,93.764,94.094,93.694,94.031
1694149200,94.031,94.346,94.024,94.25
1694163600,94.25,94.4,94.112,94.341
1694178000,94.341,94.46,94.208,94.242
1694192400,94.242,94.293,94.158,94.262
1694379600,94.262,94.262,93.642,93.954
1694394000,93.954,94.148,93.92,94.11
1694408400,94.11,94.226,93.916,94.176
1694422800,94.176,94.461,94.148,94.28
1694437200,94.28,94.456,94.111,94.26
1694451600,94.26,94.302,94.161,94.274
1694466000,94.274,94.352,94.162,94.195
1694480400,94.195,94.434,94.058,94.313
1694494800,94.313,94.534,94.28,94.358
1694509200,94.358,94.471,94.262,94.388
1694523600,94.388,94.54,94.321,94.48
1694538000,94.48,94.562,94.457,94.519
1694552400,94.519,94.696,94.434,94.606
1694566800,94.606,94.715,94.342,94.476
1694581200,94.476,94.534,94.243,94.432
1694595600,94.432,94.62,94.184,94.522
1694610000,94.522,94.83,94.474,94.716
1694624400,94.716,94.72,94.556,94.702
1694638800,94.702,94.848,94.582,94.828
1694653200,94.828,94.968,94.504,94.744
1694667600,94.744,94.872,94.642,94.77
1694682000,94.77,95.034,94.691,94.95
1694696400,94.95,95.047,94.718,94.944
1694710800,94.944,94.99,94.812,94.982
1694725200,94.982,95.082,94.81,94.998
1694739600,94.998,95.43,94.894,95.413
1694754000,95.413,95.551,95.286,95.33
1694768400,95.33,95.498,95.27,95.287
1694782800,95.287,95.347,95.114,95.189
1694797200,95.189,95.191,95.01,95.088
1694984400,95.088,95.256,95.014,95.14
1694998800,95.14,95.234,94.964,95.172
1695013200,95.172,95.208,94.997,95.048
1695027600,95.048,95.104,94.948,94.993
1695042000,94.993,95.139,94.79,95.044
1695056400,95.044,95.108,94.976,95.02
1695070800,95.02,95.21,94.973,95.032
1695085200,95.032,95.152,94.98,95.12
1695099600,95.12,95.376,95.008,95.286
1695114000,95.286,95.626,95.224,95.622
1695128400,95.622,95.638,95.381,95.425
1695142800,95.425,95.538,95.398,95.434
1695157200,95.434,95.53,95.364,95.393
1695171600,95.393,95.435,95.304,95.362
1695186000,95.362,95.756,95.34,95.755
1695200400,95.755,95.956,95.686,95.898
1695214800,95.898,96.07,95.826,96.054
1695229200,96.054,96.062,95.492,95.656
1695243600,95.656,95.68,95.291,95.34
1695258000,95.34,95.387,94.946,95.032
1695272400,95.032,95.237,94.914,94.934
1695286800,94.934,94.972,94.539,94.716
1695301200,94.716,94.84,94.582,94.675
1695315600,94.675,94.851,94.609,94.676
1695330000,94.676,94.722,94.544,94.634
1695344400,94.634,95.246,94.546,95.111
1695358800,95.111,95.512,95.08,95.466
1695373200,95.466,95.785,95.4,95.732
1695387600,95.732,95.829,95.533,95.638
1695402000,95.638,95.681,95.496,95.57
1695589200,95.57,95.686,95.476,95.582
1695603600,95.582,95.626,95.292,95.352
1695618000,95.352,95.392,95.18,95.308
1695632400,95.308,95.65,95.274,95.558
1695646800,95.558,95.715,95.375,95.542
1695661200,95.542,95.654,95.506,95.643
1695675600,95.643,95.643,95.432,95.565
1695690000,95.565,95.769,95.508,95.547
1695704400,95.547,95.597,95.224,95.412
1695718800,95.412,95.525,95.312,95.486
1695733200,95.486,95.608,95.316,95.406
1695747600,95.406,95.452,95.244,95.356
1695762000,95.356,95.424,95.184,95.25
1695776400,95.25,95.464,95.048,95.122
1695790800,95.122,95.202,95.012,95.122
1695805200,95.122,95.158,94.922,95.123
1695819600,95.123,95.424,95.058,95.087
1695834000,95.087,95.178,94.724,95.069
1695848400,95.069,95.079,94.822,95.042
1695862800,95.042,95.262,95.038,95.198
1695877200,95.198,95.318,95.026,95.254
1695891600,95.254,95.54,95.114,95.47
1695906000,95.47,95.972,95.432,95.868
1695920400,95.868,95.96,95.772,95.948
1695934800,95.948,96.017,95.839,95.946
1695949200,95.946,96.516,95.932,96.438
1695963600,96.438,96.62,96.232,96.61
1695978000,96.61,96.924,96.56,96.859
1695992400,96.859,96.859,96.193,96.212
1696006800,96.212,96.212,95.986,96.08
1696194000,96.08,96.42,96.08,96.236
1696208400,96.236,96.319,95.896,95.898
1696222800,95.898,96.146,95.677,95.904
1696237200,95.904,95.907,95.69,95.724
1696251600,95.724,95.748,95.332,95.367
1696266000,95.367,95.46,95.28,95.36
1696280400,95.36,95.408,95.19,95.362
1696294800,95.362,95.367,94.644,94.686
1696309200,94.686,94.853,94.509,94.723
1696323600,94.723,94.74,94.374,94.484
1696338000,94.484,94.69,93.065,93.92
1696352400,93.92,93.977,93.65,93.952
1696366800,93.952,94.198,93.884,94.156
1696381200,94.156,94.371,93.791,94.276
1696395600,94.276,94.375,93.883,94.21
1696410000,94.21,94.398,94.134,94.336
1696424400,94.336,94.4,93.958,94.25
1696438800,94.25,94.378,94.169,94.318
1696453200,94.318,94.383,94.183,94.246
1696467600,94.246,94.697,94.216,94.663
1696482000,94.663,94.678,94.348,94.36
1696496400,94.36,94.555,94.298,94.468
1696510800,94.468,94.533,94.218,94.365
1696525200,94.365,94.619,94.298,94.61
1696539600,94.61,94.693,94.439,94.66
1696554000,94.66,94.852,94.59,94.728
1696568400,94.728,94.84,94.594,94.774
1696582800,94.774,94.888,94.34,94.52
1696597200,94.52,95.344,94.462,95.242
1696611600,95.242,95.557,95.22,95.336
1696798800,95.336,95.336,94.626,95.137
1696813200,95.137,95.142,94.686,94.718
1696827600,94.718,94.902,94.632,94.848
1696842000,94.848,94.968,94.792,94.915
1696856400,94.915,95.026,94.675,94.85
1696870800,94.85,95.266,94.849,95.231
1696885200,95.231,95.442,95.135,95.312
1696899600,95.312,95.506,95.27,95.34
1696914000,95.34,95.607,95.136,95.554
1696928400,95.554,95.568,95.258,95.31
1696942800,95.31,95.584,95.284,95.481
1696957200,95.481,95.66,95.356,95.647
1696971600,95.647,95.713,95.552,95.662
1696986000,95.662,95.727,95.508,95.58
1697000400,95.58,95.675,95.387,95.485
1697014800,95.485,95.638,95.38,95.61
1697029200,95.61,95.736,95.381,95.509
1697043600,95.509,95.705,95.368,95.676
1697058000,95.676,95.766,95.542,95.706
1697072400,95.706,95.811,95.658,95.783
1697086800,95.783,95.83,95.575,95.614
1697101200,95.614,95.628,95.262,95.402
1697115600,95.402,95.421,94.72,94.749
1697130000,94.749,94.754,94.46,94.591
1697144400,94.591,94.736,94.534,94.666
1697158800,94.666,94.888,94.514,94.526
1697173200,94.526,94.768,94.488,94.64
1697187600,94.64,94.646,94.326,94.596
1697202000,94.596,94.604,94.053,94.14
1697216400,94.14,94.205,94.082,94.162
1697403600,94.162,94.407,94.136,94.229
1697418000,94.229,94.557,94.229,94.486
1697432400,94.486,94.678,94.424,94.582
1697446800,94.582,94.646,94.478,94.612
1697461200,94.612,94.87,94.504,94.867
1697475600,94.867,94.907,94.766,94.832
1697490000,94.832,95.122,94.726,94.991
1697504400,94.991,95.214,94.881,95.026
1697518800,95.026,95.184,94.934,94.954
1697533200,94.954,95.184,94.583,94.975
1697547600,94.975,95.507,94.917,95.42
1697562000,95.42,95.425,95.194,95.363
1697576400,95.363,95.376,95.134,95.155
1697590800,95.155,95.508,95.121,95.451
1697605200,95.451,95.666,95.434,95.585
1697619600,95.585,95.606,95.184,95.248
1697634000,95.248,95.3,94.84,94.908
1697648400,94.908,95.164,94.879,95.002
1697662800,95.002,95.012,94.544,94.611
1697677200,94.611,94.666,94.32,94.413
1697691600,94.413,94.522,94.322,94.464
1697706000,94.464,94.742,94.387,94.684
1697720400,94.684,95.15,94.629,95.042
1697734800,95.042,95.167,94.778,94.799
1697749200,94.799,94.813,94.551,94.621
1697763600,94.621,94.773,94.517,94.64
1697778000,94.64,94.718,94.42,94.66
1697792400,94.66,94.717,94.484,94.624
1697806800,94.624,94.8,94.565,94.69
1697821200,94.69,94.778,94.56,94.642
1698008400,94.642,94.747,94.514,94.594
1698022800,94.594,94.692,94.535,94.623
1698037200,94.623,94.742,94.468,94.564
1698051600,94.564,94.744,94.322,94.633
1698066000,94.633,94.976,94.506,94.956
1698080400,94.956,95.023,94.694,94.84
1698094800,94.84,94.992,94.788,94.941
1698109200,94.941,95.18,94.846,95.164
1698123600,95.164,95.316,95.065,95.18
1698138000,95.18,95.336,95.15,95.31
1698152400,95.31,95.377,95.038,95.082
1698166800,95.082,95.328,95.076,95.281
1698181200,95.281,95.816,95.203,95.804
1698195600,95.804,95.9,95.574,95.697
1698210000,95.697,95.714,95.217,95.242
1698224400,95.242,95.25,94.885,95.038
1698238800,95.038,95.096,94.743,94.776
1698253200,94.776,94.818,94.575,94.77
1698267600,94.77,94.822,94.248,94.323
1698282000,94.323,94.582,94.264,94.429
1698296400,94.429,94.947,94.428,94.897
1698310800,94.897,94.956,94.69,94.948
1698325200,94.948,95.088,94.795,94.806
1698339600,94.806,95.202,94.792,95.083
1698354000,95.083,95.318,95.036,95.26
1698368400,95.26,95.32,95.094,95.269
1698382800,95.269,95.342,95.092,95.306
1698397200,95.306,95.37,95.092,95.179
1698411600,95.179,95.284,94.865,94.874
1698426000,94.874,94.879,94.677,94.781
1698613200,94.781,95.084,94.744,95.056
1698627600,95.056,95.18,94.964,95.016
1698642000,95.016,95.132,94.94,95.092
1698656400,95.092,95.516,95.082,95.455
1698670800,95.455,95.528,94.903,94.908
1698685200,94.908,95.071,94.862,95.034
1698699600,95.034,95.184,94.918,95.152
1698714000,95.152,95.274,94.848,95.264
1698728400,95.264,95.854,95.218,95.852
1698742800,95.852,96.014,95.657,95.782
1698757200,95.782,96.017,95.538,96.012
1698771600,96.012,96.164,95.728,96.133
1698786000,96.133,96.133,95.732,95.785
1698800400,95.785,95.87,95.614,95.818
1698814800,95.818,96.001,95.762,95.908
1698829200,95.908,96.246,95.774,96.156
1698843600,96.156,96.476,96.038,96.078
1698858000,96.078,96.524,96.056,96.51
1698872400,96.51,96.769,96.45,96.73
1698886800,96.73,96.767,96.604,96.638
1698901200,96.638,96.808,96.51,96.718
1698915600,96.718,96.934,96.648,96.824
1698930000,96.824,96.826,96.508,96.588
1698944400,96.588,96.827,96.574,96.825
1698958800,96.825,96.842,96.579,96.635
1698973200,96.635,96.814,96.618,96.658
1698987600,96.658,96.9,96.651,96.811
1699002000,96.811,97.168,96.744,97.018
1699016400,97.018,97.256,96.965,97.242
1699030800,97.242,97.324,97.194,97.294
1699221600,97.294,97.51,97.176,97.428
1699236000,97.428,97.506,97.273,97.417
1699250400,97.417,97.492,97.328,97.396
1699264800,97.396,97.439,97.324,97.375
1699279200,97.375,97.438,97.266,97.355
1699293600,97.355,97.388,97.255,97.387
1699308000,97.387,97.518,97.126,97.194
1699322400,97.194,97.601,96.645,96.752
1699336800,96.752,96.813,96.573,96.602
1699351200,96.602,96.658,96.411,96.606
1699365600,96.606,96.708,96.49,96.622
1699380000,96.622,96.818,96.612,96.812
1699394400,96.812,96.897,96.657,96.845
1699408800,96.845,97.029,96.8,96.878
1699423200,96.878,97.098,96.81,96.837
1699437600,96.837,97.036,96.796,96.98
1699452000,96.98,97.07,96.672,96.766
1699466400,96.766,96.804,96.634,96.667
1699480800,96.667,96.84,96.58,96.784
1699495200,96.784,96.848,96.646,96.802
1699509600,96.802,96.896,96.572,96.76
1699524000,96.76,96.862,96.63,96.815
1699538400,96.815,97.008,96.744,96.878
1699552800,96.878,96.883,96.309,96.358
1699567200,96.358,96.448,96.127,96.232
1699581600,96.232,96.285,96.158,96.264
1699596000,96.264,96.382,96.198,96.3
1699610400,96.3,96.33,96.166,96.31
1699624800,96.31,96.361,96.039,96.346
1699639200,96.346,96.422,96.284,96.378
1699826400,96.378,96.472,96.251,96.418
1699840800,96.418,96.612,96.372,96.586
1699855200,96.586,96.86,96.567,96.767
1699869600,96.767,96.784,96.642,96.668
1699884000,96.668,96.858,96.413,96.798
1699898400,96.798,96.838,96.7,96.75
1699912800,96.75,96.854,96.658,96.774
1699927200,96.774,96.802,96.548,96.583
1699941600,96.583,96.746,96.478,96.736
1699956000,96.736,97.315,96.592,97.272
1699970400,97.272,97.942,97.254,97.818
1699984800,97.818,97.888,97.765,97.862
1699999200,97.862,97.88,97.644,97.744
1700013600,97.744,97.994,97.728,97.955
1700028000,97.955,98.142,97.786,97.861
1700042400,97.861,98.272,97.83,98.14
1700056800,98.14,98.588,98.03,98.537
1700071200,98.537,98.564,98.468,98.544
1700085600,98.544,98.577,97.924,98.001
1700100000,98.001,98.006,97.756,97.976
1700114400,97.976,98.323,97.976,98.28
1700128800,98.28,98.309,97.887,98.036
1700143200,98.036,98.042,97.247,97.45
1700157600,97.45,97.57,97.388,97.556
1700172000,97.556,97.59,97.321,97.344
1700186400,97.344,97.45,97.194,97.447
1700200800,97.447,97.512,96.932,97.06
1700215200,97.06,97.276,97.016,97.248
1700229600,97.248,97.378,97.113,97.365
1700244000,97.365,97.524,97.36,97.476
1700431200,97.476,97.672,97.32,97.493
1700445600,97.493,97.641,97.397,97.588
1700460000,97.588,97.73,97.196,97.264
1700474400,97.264,97.306,97.024,97.258
1700488800,97.258,97.296,97.064,97.16
1700503200,97.16,97.38,97.15,97.299
1700517600,97.299,97.422,97.18,97.238
1700532000,97.238,97.27,96.942,97.088
1700546400,97.088,97.094,96.834,96.925
1700560800,96.925,97.116,96.904,96.984
1700575200,96.984,97.175,96.878,97.082
1700589600,97.082,97.31,97.002,97.284
1700604000,97.284,97.354,97.088,97.208
1700618400,97.208,97.353,97.083,97.316
1700632800,97.316,97.769,97.258,97.732
1700647200,97.732,97.812,97.56,97.795
1700661600,97.795,97.881,97.56,97.854
1700676000,97.854,97.931,97.815,97.852
1700690400,97.852,97.894,97.664,97.758
1700704800,97.758,97.807,97.7,97.786
1700719200,97.786,98.05,97.786,97.938
1700733600,97.938,98.064,97.905,98.024
1700748000,98.024,98.194,98.014,98.16
1700762400,98.16,98.16,98.066,98.092
1700776800,98.092,98.246,98.026,98.138
1700791200,98.138,98.16,97.959,98.048
1700805600,98.048,98.256,97.958,98.206
1700820000,98.206,98.319,98.179,98.282
1700834400,98.282,98.544,98.232,98.53
1700848800,98.53,98.542,98.382,98.402
1701036000,98.402,98.508,98.204,98.229
1701050400,98.229,98.236,97.816,98.063
1701064800,98.063,98.496,98.01,98.48
1701079200,98.48,98.488,98.219,98.234
1701093600,98.234,98.294,98.046,98.215
1701108000,98.215,98.286,98.157,98.226
1701122400,98.226,98.228,97.883,98.094
1701136800,98.094,98.218,98.032,98.078
1701151200,98.078,98.304,98.054,98.266
1701165600,98.266,98.38,98.146,98.235
1701180000,98.235,98.308,98.068,98.089
1701194400,98.089,98.092,97.942,98.046
1701208800,98.046,98.07,97.64,97.798
1701223200,97.798,97.964,97.645,97.77
1701237600,97.77,97.854,97.586,97.784
1701252000,97.784,97.904,97.632,97.728
1701266400,97.728,97.774,97.342,97.506
1701280800,97.506,97.599,97.4,97.436
1701295200,97.436,97.47,97.24,97.348
1701309600,97.348,97.778,97.339,97.614
1701324000,97.614,97.77,97.304,97.488
1701338400,97.488,97.562,97.382,97.473
1701352800,97.473,98.108,97.46,97.891
1701367200,97.891,97.98,97.85,97.903
1701381600,97.903,97.903,97.698,97.887
1701396000,97.887,97.958,97.769,97.911
1701410400,97.911,98.056,97.79,98.044
1701424800,98.044,98.072,97.934,97.969
1701439200,97.969,98.082,97.812,97.971
1701453600,97.971,98.039,97.846,97.996
1701640800,97.996,97.996,97.701,97.905
1701655200,97.905,97.908,97.652,97.734
1701669600,97.734,97.772,97.458,97.535
1701684000,97.535,97.566,97.404,97.46
1701698400,97.46,97.5,97.2,97.489
1701712800,97.489,97.496,97.355,97.46
1701727200,97.46,97.515,97.265,97.3
1701741600,97.3,97.302,96.726,96.793
1701756000,96.793,96.81,96.468,96.718
1701770400,96.718,96.778,96.27,96.292
1701784800,96.292,96.556,96.29,96.482
1701799200,96.482,96.606,96.403,96.415
1701813600,96.415,97.028,96.337,97.013
1701828000,97.013,97.178,96.838,96.969
1701842400,96.969,96.969,96.766,96.844
1701856800,96.844,96.924,96.754,96.872
1701871200,96.872,97.01,96.554,96.588
1701885600,96.588,96.69,96.458,96.482
1701900000,96.482,96.498,96.155,96.222
1701914400,96.222,96.236,95.746,95.763
1701928800,95.763,95.844,95.108,95.19
1701943200,95.19,95.464,94.974,95.354
1701957600,95.354,95.363,93.74,94.688
1701972000,94.688,95.19,94.55,95.178
1701986400,95.178,95.236,94.172,94.701
1702000800,94.701,95.267,94.567,95.189
1702015200,95.189,95.378,94.964,95.324
1702029600,95.324,95.6,94.96,94.984
1702044000,94.984,95.244,94.797,95.221
1702058400,95.221,95.408,95.21,95.384
1702245600,95.384,95.608,95.222,95.366
1702260000,95.366,95.492,95.319,95.482
1702274400,95.482,96.022,95.388,95.86
1702288800,95.86,96.098,95.822,95.996
1702303200,95.996,96.149,95.864,96.041
1702317600,96.041,96.104,95.956,96
1702332000,96,96.004,95.658,95.841
1702346400,95.841,96.016,95.812,95.896
1702360800,95.896,95.952,95.761,95.855
1702375200,95.855,95.864,95.532,95.537
1702389600,95.537,95.573,95.296,95.409
1702404000,95.409,95.516,95.389,95.432
1702418400,95.432,95.555,95.318,95.437
1702432800,95.437,95.527,95.36,95.456
1702447200,95.456,95.622,95.426,95.596
1702461600,95.596,95.603,95.416,95.494
1702476000,95.494,95.613,95.414,95.472
1702490400,95.472,95.667,95.17,95.176
1702504800,95.176,95.436,94.607,95.428
1702519200,95.428,95.51,94.822,94.998
1702533600,94.998,95.355,94.844,94.942
1702548000,94.942,95.256,94.856,95.132
1702562400,95.132,95.211,94.888,95.042
1702576800,95.042,95.088,94.872,95.034
1702591200,95.034,95.442,94.988,95.344
1702605600,95.344,95.446,95.026,95.026
1702620000,95.026,95.358,95,95.293
1702634400,95.293,95.307,94.904,94.948
1702648800,94.948,95.342,94.726,95.3
1702663200,95.3,95.422,95.122,95.306
1702850400,95.306,95.534,95.161,95.305
1702864800,95.305,95.52,95.3,95.462
1702879200,95.462,95.908,95.45,95.894
1702893600,95.894,96.144,95.825,96.07
1702908000,96.07,96.12,95.672,95.799
1702922400,95.799,95.845,95.698,95.772
1702936800,95.772,95.801,95.485,95.677
1702951200,95.677,96.624,95.664,96.398
1702965600,96.398,97.33,95.808,97.295
1702980000,97.295,97.586,97.133,97.291
1702994400,97.291,97.534,97.113,97.252
1703008800,97.252,97.32,97.178,97.268
1703023200,97.268,97.398,97.021,97.304
1703037600,97.304,97.382,97.085,97.202
1703052000,97.202,97.264,96.989,97.043
1703066400,97.043,97.162,96.907,97.056
1703080800,97.056,97.379,97.017,97.368
1703095200,97.368,97.405,96.62,96.637
1703109600,96.637,96.762,96.382,96.486
1703124000,96.486,96.564,96.338,96.51
1703138400,96.51,96.68,96.39,96.549
1703152800,96.549,96.664,96.329,96.388
1703167200,96.388,96.608,96.364,96.45
1703181600,96.45,96.768,96.441,96.672
1703196000,96.672,96.748,96.412,96.641
1703210400,96.641,96.688,96.428,96.45
1703224800,96.45,96.597,96.361,96.529
1703239200,96.529,96.834,96.505,96.768
1703253600,96.768,97.018,96.686,96.942
1703268000,96.942,96.982,96.767,96.832
1703541600,96.832,96.962,96.668,96.864
1703556000,96.864,96.974,96.832,96.955
1703570400,96.955,96.982,96.793,96.886
1703584800,96.886,97.03,96.864,97.028
1703599200,97.028,97.12,96.937,97.078
1703613600,97.078,97.241,97.049,97.158
1703628000,97.158,97.435,97.082,97.376
1703642400,97.376,97.549,97.284,97.35
1703656800,97.35,97.579,97.305,97.429
1703671200,97.429,97.594,97.364,97.44
1703685600,97.44,97.592,97.154,97.272
1703700000,97.272,97.31,96.889,97.116
1703714400,97.116,97.24,96.79,97.15
1703728800,97.15,97.157,96.556,96.649
1703743200,96.649,96.718,96.105,96.124
1703757600,96.124,96.459,96.124,96.347
1703772000,96.347,96.91,96.244,96.688
1703786400,96.688,96.8,96.524,96.576
1703800800,96.576,96.865,96.408,96.809
1703815200,96.809,96.862,96.602,96.708
1703829600,96.708,96.76,96.488,96.565
1703844000,96.565,96.571,96.028,96.222
1703858400,96.222,96.518,96.036,96.278
1703872800,96.278,96.351,96.009,96.04
1704146400,96.04,96.402,95.914,96.357
1704160800,96.357,96.702,96.237,96.667
1704175200,96.667,96.718,96.502,96.566
1704189600,96.566,96.606,96.301,96.38
1704204000,96.38,96.392,95.902,96.166
1704218400,96.166,96.17,95.842,96.01
1704232800,96.01,96.206,95.92,95.954
1704247200,95.954,96.159,95.876,96.14
1704261600,96.14,96.378,96.07,96.272
1704276000,96.272,96.294,96.027,96.036
1704290400,96.036,96.59,96.021,96.509
1704304800,96.509,96.6,96.297,96.464
1704319200,96.464,96.576,96.191,96.536
1704333600,96.536,96.96,96.39,96.907
1704348000,96.907,97.096,96.778,97.013
1704362400,97.013,97.199,96.934,97.03
1704376800,97.03,97.127,96.832,96.928
1704391200,96.928,97.016,96.852,97.002
1704405600,97.002,97.232,96.937,97.145
1704420000,97.145,97.232,96.909,97.024
1704434400,97.024,97.36,97.001,97.02
1704448800,97.02,97.272,96.88,97.267
1704463200,97.267,97.394,96.97,97.19
1704477600,97.19,97.276,97.086,97.14
1704664800,97.14,97.292,97.044,97.111
1704679200,97.111,97.15,96.682,96.726
1704693600,96.726,96.894,96.566,96.604
1704708000,96.604,96.737,96.49,96.518
1704722400,96.518,96.704,96.462,96.631
1704736800,96.631,96.932,96.615,96.915
1704751200,96.915,96.944,96.53,96.544
1704765600,96.544,96.684,96.405,96.468
1704780000,96.468,96.654,96.436,96.504
1704794400,96.504,96.523,96.279,96.305
1704808800,96.305,96.615,96.146,96.562
1704823200,96.562,96.66,96.494,96.63
1704837600,96.63,96.986,96.454,96.956
1704852000,96.956,97.159,96.948,97.062
1704866400,97.062,97.265,97.01,97.22
1704880800,97.22,97.396,97.16,97.324
1704895200,97.324,97.543,97.25,97.511
1704909600,97.511,97.684,97.442,97.667
1704924000,97.667,97.737,97.538,97.648
1704938400,97.648,97.8,97.624,97.75
1704952800,97.75,97.768,97.616,97.678
1704967200,97.678,97.678,97.35,97.478
1704981600,97.478,97.611,97.08,97.144
1704996000,97.144,97.321,97.13,97.176
1705010400,97.176,97.416,97.041,97.402
1705024800,97.402,97.454,97.124,97.264
1705039200,97.264,97.317,97.17,97.234
1705053600,97.234,97.318,97.021,97.074
1705068000,97.074,97.238,96.852,96.927
1705082400,96.927,96.996,96.824,96.882
1705269600,96.882,97.156,96.867,97.12
1705284000,97.12,97.238,97.058,97.108
1705298400,97.108,97.144,96.949,96.976
1705312800,96.976,97.162,96.954,97.042
1705327200,97.042,97.138,96.98,97.088
1705341600,97.088,97.107,97.057,97.084
1705356000,97.084,97.114,96.6,96.772
1705370400,96.772,96.88,96.588,96.652
1705384800,96.652,96.882,96.635,96.788
1705399200,96.788,96.935,96.701,96.758
1705413600,96.758,97.045,96.648,96.926
1705428000,96.926,96.98,96.838,96.904
1705442400,96.904,97.144,96.867,97.033
1705456800,97.033,97.062,96.74,96.818
1705471200,96.818,96.994,96.646,96.803
1705485600,96.803,96.922,96.768,96.833
1705500000,96.833,97.04,96.683,96.934
1705514400,96.934,97.11,96.927,97.076
1705528800,97.076,97.146,96.708,97.106
1705543200,97.106,97.216,96.95,96.964
1705557600,96.964,97.084,96.832,97.042
1705572000,97.042,97.162,96.928,97.016
1705586400,97.016,97.268,96.991,97.194
1705600800,97.194,97.407,97.122,97.392
1705615200,97.392,97.671,97.282,97.67
1705629600,97.67,97.724,97.52,97.682
1705644000,97.682,97.756,97.472,97.652
1705658400,97.652,97.726,97.552,97.622
1705672800,97.622,97.684,97.474,97.629
1705687200,97.629,97.768,97.62,97.768
1705874400,97.768,97.884,97.57,97.647
1705888800,97.647,97.696,97.452,97.546
1705903200,97.546,97.676,97.43,97.569
1705917600,97.569,97.58,97.274,97.335
1705932000,97.335,97.506,97.285,97.442
1705946400,97.442,97.46,97.242,97.32
1705960800,97.32,97.652,97.196,97.6
1705975200,97.6,97.816,97.512,97.742
1705989600,97.742,97.814,97.098,97.311
1706004000,97.311,97.664,97.3,97.607
1706018400,97.607,97.652,97.388,97.466
1706032800,97.466,97.64,97.436,97.625
1706047200,97.625,97.634,97.269,97.296
1706061600,97.296,97.342,97.043,97.173
1706076000,97.173,97.398,97.15,97.344
1706090400,97.344,97.38,97.04,97.07
1706104800,97.07,97.228,96.919,97.206
1706119200,97.206,97.238,96.958,96.984
1706133600,96.984,97.113,96.939,97.072
1706148000,97.072,97.17,97.03,97.148
1706162400,97.148,97.252,97.093,97.23
1706176800,97.23,97.362,97.16,97.34
1706191200,97.34,97.358,97.029,97.22
1706205600,97.22,97.295,97.136,97.22
1706220000,97.22,97.3,97.095,97.198
1706234400,97.198,97.456,97.173,97.395
1706248800,97.395,97.46,97.238,97.432
1706263200,97.432,97.574,97.377,97.514
1706277600,97.514,97.662,97.365,97.392
1706292000,97.392,97.502,97.36,97.43
1706479200,97.43,97.664,97.284,97.645
1706493600,97.645,97.67,97.531,97.538
1706508000,97.538,97.592,97.448,97.518
1706522400,97.518,97.698,97.498,97.652
1706536800,97.652,97.664,97.307,97.33
1706551200,97.33,97.532,97.284,97.508
1706565600,97.508,97.589,97.35,97.45
1706580000,97.45,97.532,97.348,97.51
1706594400,97.51,97.516,97.179,97.354
1706608800,97.354,97.356,97.14,97.18
1706623200,97.18,97.453,97.12,97.438
1706637600,97.438,97.505,97.42,97.462
1706652000,97.462,97.474,96.916,96.994
1706666400,96.994,97.106,96.833,97.002
1706680800,97.002,97.302,96.96,97.275
1706695200,97.275,97.35,97.195,97.294
1706709600,97.294,97.384,96.446,96.526
1706724000,96.526,96.75,96.439,96.517
1706738400,96.517,96.598,96.288,96.344
1706752800,96.344,96.445,96.006,96.022
1706767200,96.022,96.094,95.646,95.818
1706781600,95.818,95.934,95.544,95.614
1706796000,95.614,96.153,95.502,96.118
1706810400,96.118,96.28,96.055,96.234
1706824800,96.234,96.449,96.193,96.438
1706839200,96.438,96.642,96.434,96.553
1706853600,96.553,96.892,96.466,96.852
1706868000,96.852,96.925,96.668,96.81
1706882400,96.81,96.812,96.402,96.654
1706896800,96.654,96.696,96.572,96.629
1707084000,96.629,96.772,96.422,96.552
1707098400,96.552,96.689,96.49,96.651
1707112800,96.651,96.748,96.49,96.524
1707127200,96.524,96.574,96.329,96.395
1707141600,96.395,96.444,96.214,96.394
1707156000,96.394,96.434,96.316,96.39
1707170400,96.39,96.475,96.278,96.468
1707184800,96.468,96.803,96.426,96.64
1707199200,96.64,96.76,96.518,96.562
1707213600,96.562,96.626,96.464,96.484
1707228000,96.484,96.574,96.342,96.47
1707242400,96.47,96.516,96.4,96.506
1707256800,96.506,96.658,96.439,96.65
1707271200,96.65,96.704,96.542,96.61
1707285600,96.61,96.659,96.496,96.579
1707300000,96.579,96.792,96.544,96.697
1707314400,96.697,96.721,96.44,96.574
1707328800,96.574,96.641,96.522,96.623
1707343200,96.623,96.828,96.528,96.792
1707357600,96.792,96.916,96.784,96.896
1707372000,96.896,97.04,96.765,96.842
1707386400,96.842,97.023,96.837,96.875
1707400800,96.875,96.941,96.792,96.938
1707415200,96.938,96.982,96.876,96.944
1707429600,96.944,97.049,96.88,96.931
1707444000,96.931,97.046,96.908,97.006
1707458400,97.006,97.282,96.998,97.24
1707472800,97.24,97.448,97.167,97.44
1707487200,97.44,97.461,97.28,97.356
1707501600,97.356,97.44,97.343,97.39
1707688800,97.39,97.398,97.231,97.342
1707703200,97.342,97.358,97.233,97.269
1707717600,97.269,97.356,97.136,97.178
1707732000,97.178,97.28,97.145,97.275
1707746400,97.275,97.659,97.27,97.649
1707760800,97.649,97.676,97.491,97.539
1707775200,97.539,97.569,97.448,97.497
1707789600,97.497,97.507,97.397,97.454
1707804000,97.454,97.608,97.424,97.474
1707818400,97.474,97.576,97.206,97.294
1707832800,97.294,97.415,97.16,97.344
1707847200,97.344,97.35,97.2,97.317
1707861600,97.317,97.374,97.068,97.194
1707876000,97.194,97.353,97.18,97.342
1707890400,97.342,97.57,97.334,97.568
1707904800,97.568,97.662,97.504,97.572
1707919200,97.572,97.708,97.54,97.646
1707933600,97.646,97.788,97.62,97.76
1707948000,97.76,97.858,97.318,97.364
1707962400,97.364,97.488,97.321,97.435
1707976800,97.435,97.572,97.39,97.451
1707991200,97.451,97.732,97.442,97.672
1708005600,97.672,97.854,97.642,97.712
1708020000,97.712,97.851,97.682,97.834
1708034400,97.834,97.87,97.702,97.754
1708048800,97.754,97.978,97.738,97.894
1708063200,97.894,98.064,97.89,98.036
1708077600,98.036,98.075,97.86,97.938
1708092000,97.938,98.26,97.856,98.242
1708106400,98.242,98.248,98.103,98.118
1708293600,98.118,98.231,97.996,98.09
1708308000,98.09,98.182,98,98.15
1708322400,98.15,98.2,98.053,98.064
1708336800,98.064,98.084,98.024,98.054
1708351200,98.054,98.186,98.04,98.18
1708365600,98.18,98.217,98.16,98.195
1708380000,98.195,98.208,98.068,98.113
1708394400,98.113,98.228,98.044,98.227
1708408800,98.227,98.509,98.182,98.49
1708423200,98.49,98.616,98.411,98.582
1708437600,98.582,98.591,98.183,98.262
1708452000,98.262,98.334,98.218,98.234
1708466400,98.234,98.38,98.192,98.348
1708480800,98.348,98.57,98.345,98.538
1708495200,98.538,98.595,98.35,98.378
1708509600,98.378,98.434,98.269,98.362
1708524000,98.362,98.412,98.296,98.325
1708538400,98.325,98.485,98.262,98.482
1708552800,98.482,98.681,98.436,98.484
1708567200,98.484,98.618,98.37,98.602
1708581600,98.602,99.024,98.578,98.862
1708596000,98.862,98.918,98.648,98.668
1708610400,98.668,98.716,98.452,98.669
1708624800,98.669,98.724,98.628,98.709
1708639200,98.709,98.892,98.609,98.866
1708653600,98.866,98.958,98.778,98.913
1708668000,98.913,99.057,98.757,98.794
1708682400,98.794,99,98.783,98.922
1708696800,98.922,98.923,98.606,98.729
1708711200,98.729,98.829,98.697,98.804
1708898400,98.804,98.834,98.471,98.61
1708912800,98.61,98.698,98.562,98.62
1708927200,98.62,98.646,98.488,98.616
1708941600,98.616,98.762,98.612,98.758
1708956000,98.758,98.766,98.496,98.534
1708970400,98.534,98.588,98.48,98.566
1708984800,98.566,98.587,98.31,98.366
1708999200,98.366,98.498,98.208,98.493
1709013600,98.493,98.624,98.377,98.47
1709028000,98.47,98.496,98.355,98.44
1709042400,98.44,98.538,98.316,98.431
1709056800,98.431,98.523,98.422,98.5
1709071200,98.5,98.55,98.278,98.32
1709085600,98.32,98.334,98.095,98.128
1709100000,98.128,98.162,97.834,97.846
1709114400,97.846,97.944,97.828,97.892
1709128800,97.892,97.956,97.822,97.896
1709143200,97.896,97.932,97.815,97.891
1709157600,97.891,97.892,97.639,97.67
1709172000,97.67,97.766,97.492,97.687
1709186400,97.687,97.692,97.354,97.42
1709200800,97.42,97.575,97.361,97.529
1709215200,97.529,97.574,97.362,97.41
1709229600,97.41,97.468,97.38,97.456
1709244000,97.456,97.844,97.422,97.83
1709258400,97.83,97.949,97.796,97.93
1709272800,97.93,97.992,97.774,97.922
1709287200,97.922,97.944,97.745,97.892
1709301600,97.892,98.086,97.788,98.053
1709316000,98.053,98.06,97.96,97.977
1709503200,97.977,98.025,97.896,97.924
1709517600,97.924,98.04,97.874,97.95
1709532000,97.95,98.132,97.918,98.01
1709546400,98.01,98.139,98,98.055
1709560800,98.055,98.147,97.952,98.064
1709575200,98.064,98.066,97.952,97.98
1709589600,97.98,98.054,97.832,97.932
1709604000,97.932,97.972,97.674,97.674
1709618400,97.674,97.722,97.439,97.569
1709632800,97.569,97.714,97.457,97.474
1709647200,97.474,97.822,97.466,97.716
1709661600,97.716,97.74,97.43,97.604
1709676000,97.604,97.628,97.384,97.496
1709690400,97.496,97.731,97.472,97.698
1709704800,97.698,97.726,97.397,97.633
1709719200,97.633,97.77,97.552,97.694
1709733600,97.694,98.215,97.683,98.14
1709748000,98.14,98.184,98.01,98.082
1709762400,98.082,98.082,97.616,97.632
1709776800,97.632,97.866,97.624,97.742
1709791200,97.742,97.775,97.436,97.624
1709805600,97.624,97.714,97.567,97.664
1709820000,97.664,98.078,97.646,98.003
1709834400,98.003,98.064,97.963,98
1709848800,98,98.032,97.799,97.953
1709863200,97.953,98.056,97.886,98.044
1709877600,98.044,98.152,97.588,97.761
1709892000,97.761,97.843,97.576,97.649
1709906400,97.649,97.731,97.384,97.386
1709920800,97.386,97.478,97.277,97.442
1710104400,97.442,97.538,97.164,97.181
1710118800,97.181,97.266,97.07,97.117
1710133200,97.117,97.264,96.915,96.987
1710147600,96.987,97.068,96.899,96.91
1710162000,96.91,97.157,96.908,97.084
1710176400,97.084,97.207,96.964,97.182
1710190800,97.182,97.214,97.014,97.156
1710205200,97.156,97.554,97.115,97.49
1710219600,97.49,97.606,97.338,97.462
1710234000,97.462,97.704,97.428,97.63
1710248400,97.63,97.691,97.374,97.452
1710262800,97.452,97.584,97.393,97.546
1710277200,97.546,97.56,97.329,97.33
1710291600,97.33,97.6,97.244,97.597
1710306000,97.597,97.76,97.549,97.75
1710320400,97.75,97.872,97.62,97.802
1710334800,97.802,97.943,97.782,97.84
1710349200,97.84,97.962,97.758,97.839
1710363600,97.839,97.878,97.734,97.784
1710378000,97.784,97.921,97.735,97.851
1710392400,97.851,97.916,97.8,97.866
1710406800,97.866,97.941,97.728,97.782
1710421200,97.782,97.838,97.424,97.576
1710435600,97.576,97.675,97.476,97.613
1710450000,97.613,97.659,97.486,97.489
1710464400,97.489,97.541,97.326,97.386
1710478800,97.386,97.562,97.272,97.502
1710493200,97.502,97.716,97.499,97.677
1710507600,97.677,97.97,97.669,97.78
1710522000,97.78,97.829,97.706,97.79
1710709200,97.79,97.942,97.663,97.934
1710723600,97.934,98.012,97.792,97.909
1710738000,97.909,98.027,97.87,98.008
1710752400,98.008,98.051,97.926,97.992
1710766800,97.992,98.031,97.742,97.752
1710781200,97.752,97.856,97.645,97.842
1710795600,97.842,97.842,97.706,97.746
1710810000,97.746,98.062,97.571,97.909
1710824400,97.909,98.09,97.848,97.958
1710838800,97.958,98.128,97.9,98.096
1710853200,98.096,98.598,98.082,98.596
1710867600,98.596,98.614,98.53,98.536
1710882000,98.536,98.729,98.488,98.729
1710896400,98.729,98.958,98.708,98.856
1710910800,98.856,98.99,98.773,98.794
1710925200,98.794,98.952,98.76,98.948
1710939600,98.948,99.056,98.878,99.05
1710954000,99.05,99.662,98.946,99.618
1710968400,99.618,99.734,99.292,99.603
1710982800,99.603,99.87,99.499,99.862
1710997200,99.862,100.172,99.842,99.868
1711011600,99.868,99.9,99.696,99.768
1711026000,99.768,99.803,99.498,99.68
1711040400,99.68,99.712,99.614,99.62
1711054800,99.62,99.711,99.55,99.63
1711069200,99.63,99.712,98.819,98.897
1711083600,98.897,99.006,98.583,98.734
1711098000,98.734,98.83,98.516,98.649
1711112400,98.649,98.718,98.569,98.682
1711126800,98.682,98.727,98.585,98.654
1711314000,98.654,98.714,98.479,98.611
1711328400,98.611,98.878,98.52,98.793
1711342800,98.793,98.817,98.606,98.808
1711357200,98.808,98.896,98.762,98.792
1711371600,98.792,99.084,98.768,99.04
1711386000,99.04,99.09,98.999,99.032
1711400400,99.032,99.064,98.948,98.988
1711414800,98.988,99.156,98.9,98.963
1711429200,98.963,99.07,98.902,98.964
1711443600,98.964,99.25,98.954,99.182
1711458000,99.182,99.2,98.902,99.05
1711472400,99.05,99.054,98.981,99.02
1711486800,99.02,99.026,98.738,98.813
1711501200,98.813,98.978,98.767,98.975
1711515600,98.975,99.02,98.846,98.856
1711530000,98.856,98.87,98.498,98.505
1711544400,98.505,98.733,98.484,98.684
1711558800,98.684,98.845,98.674,98.818
1711573200,98.818,98.825,98.58,98.781
1711587600,98.781,98.938,98.728,98.823
1711602000,98.823,98.848,98.258,98.299
1711616400,98.299,98.372,98.175,98.37
1711630800,98.37,98.72,98.368,98.675
1711645200,98.675,98.706,98.571,98.609
1711659600,98.609,98.737,98.494,98.618
1711674000,98.618,98.632,98.483,98.486
1711688400,98.486,98.595,98.472,98.55
1711702800,98.55,98.808,98.508,98.696
1711717200,98.696,98.779,98.594,98.642
1711731600,98.642,98.741,98.548,98.668
1711918800,98.668,98.952,98.622,98.886
1711933200,98.886,98.904,98.644,98.754
1711947600,98.754,98.798,98.633,98.76
1711962000,98.76,98.796,98.566,98.685
1711976400,98.685,98.754,98.34,98.363
1711990800,98.363,98.428,98.27,98.424
1712005200,98.424,98.49,98.258,98.469
1712019600,98.469,98.634,98.374,98.49
1712034000,98.49,98.674,98.414,98.652
1712048400,98.652,98.756,98.553,98.577
1712062800,98.577,98.826,98.522,98.703
1712077200,98.703,98.804,98.67,98.784
1712091600,98.784,98.83,98.626,98.637
1712106000,98.637,98.899,98.586,98.826
1712120400,98.826,98.845,98.658,98.751
1712134800,98.751,98.969,98.714,98.948
1712149200,98.948,99.577,98.908,99.544
1712163600,99.544,99.65,99.512,99.596
1712178000,99.596,99.719,99.499,99.7
1712192400,99.7,99.912,99.694,99.894
1712206800,99.894,100.099,99.88,100.086
1712221200,100.086,100.326,100.071,100.306
1712235600,100.306,100.4,100.2,100.306
1712250000,100.306,100.348,99.476,99.7
1712264400,99.7,99.764,99.398,99.448
1712278800,99.448,99.502,99.198,99.378
1712293200,99.378,99.73,99.336,99.682
1712307600,99.682,99.772,99.375,99.522
1712322000,99.522,99.836,99.38,99.804
1712336400,99.804,99.82,99.71,99.764
1712523600,99.764,99.764,99.515,99.537
1712538000,99.537,99.98,99.516,99.867
1712552400,99.867,100.04,99.815,99.96
1712566800,99.96,100.138,99.924,100.125
1712581200,100.125,100.322,100.125,100.221
1712595600,100.221,100.292,100.19,100.289
1712610000,100.289,100.351,100.226,100.336
1712624400,100.336,100.428,100.216,100.38
1712638800,100.38,100.422,100.23,100.422
1712653200,100.422,100.699,100.392,100.654
1712667600,100.654,100.811,100.305,100.388
1712682000,100.388,100.61,100.366,100.606
1712696400,100.606,100.638,100.516,100.546
1712710800,100.546,100.612,100.42,100.5
1712725200,100.5,100.64,100.49,100.624
1712739600,100.624,100.645,99.63,99.895
1712754000,99.895,99.904,99.389,99.518
1712768400,99.518,99.776,99.406,99.75
1712782800,99.75,99.787,99.4,99.472
1712797200,99.472,99.695,99.448,99.666
1712811600,99.666,100.01,99.662,99.938
1712826000,99.938,100.082,99.716,100.042
1712840400,100.042,100.198,99.793,99.974
1712854800,99.974,100.242,99.93,100.206
1712869200,100.206,100.243,100.02,100.026
1712883600,100.026,100.18,100,100.01
1712898000,100.01,100.031,99.795,99.864
1712912400,99.864,99.874,98.982,98.996
1712926800,98.996,99.211,98.737,98.952
1712941200,98.952,99.098,98.862,99.06
1713128400,99.06,99.356,98.912,99.303
1713142800,99.303,99.764,99.232,99.754
1713157200,99.754,99.884,99.676,99.741
1713171600,99.741,99.941,99.664,99.906
1713186000,99.906,100.02,99.472,99.656
1713200400,99.656,99.658,99.269,99.389
1713214800,99.389,99.42,99.12,99.124
1713229200,99.124,99.162,98.914,99.079
1713243600,99.079,99.22,98.998,99.102
1713258000,99.102,99.368,99.071,99.241
1713272400,99.241,99.268,98.646,99.062
1713286800,99.062,99.247,98.896,99.05
1713301200,99.05,99.251,98.99,99.211
1713315600,99.211,99.342,99.142,99.186
1713330000,99.186,99.372,99.003,99.336
1713344400,99.336,99.422,99.206,99.336
1713358800,99.336,99.536,99.01,99.019
1713373200,99.019,99.482,99.006,99.356
1713387600,99.356,99.4,99.262,99.358
1713402000,99.358,99.56,99.208,99.478
1713416400,99.478,99.57,99.4,99.522
1713430800,99.522,99.586,99.364,99.428
1713445200,99.428,99.586,99.302,99.402
1713459600,99.402,99.406,99.215,99.307
1713474000,99.307,99.332,99.054,99.064
1713488400,99.064,99.094,97.778,98.77
1713502800,98.77,99.24,98.626,99.062
1713517200,99.062,99.311,99.012,99.227
1713531600,99.227,99.406,99.06,99.264
1713546000,99.264,99.359,99.149,99.242
1713733200,99.242,99.647,99.118,99.496
1713747600,99.496,99.824,99.492,99.556
1713762000,99.556,99.614,99.362,99.572
1713776400,99.572,99.69,99.545,99.62
1713790800,99.62,99.769,99.418,99.72
1713805200,99.72,99.909,99.714,99.854
1713819600,99.854,99.976,99.782,99.973
1713834000,99.973,100.028,99.779,99.927
1713848400,99.927,100.046,99.736,99.775
1713862800,99.775,99.942,99.71,99.927
1713877200,99.927,100.402,99.874,100.382
1713891600,100.382,100.45,100.262,100.432
1713906000,100.432,100.502,100.286,100.476
1713920400,100.476,101.019,100.46,100.866
1713934800,100.866,100.924,100.642,100.704
1713949200,100.704,100.822,100.61,100.65
1713963600,100.65,100.763,100.494,100.65
1713978000,100.65,100.928,100.647,100.882
1713992400,100.882,101.042,100.81,101
1714006800,101,101.272,100.892,101.24
1714021200,101.24,101.652,101.231,101.642
1714035600,101.642,101.646,101.058,101.164
1714050000,101.164,101.313,100.79,101.286
1714064400,101.286,101.495,101.269,101.462
1714078800,101.462,101.582,101.412,101.56
1714093200,101.56,101.984,101.414,101.963
1714107600,101.963,102.636,101.538,102.522
1714122000,102.522,102.766,102.2,102.634
1714136400,102.634,103.006,102.546,102.966
1714150800,102.966,103.481,102.933,103.464
1714338000,103.464,103.642,103.084,103.629
1714352400,103.629,104.956,102.196,102.788
1714366800,102.788,103.188,101.38,102.204
1714381200,102.204,102.753,101.915,102.55
1714395600,102.55,102.884,101.928,102.367
1714410000,102.367,102.686,102.216,102.67
1714424400,102.67,102.903,102.404,102.874
1714438800,102.874,102.883,102.363,102.416
1714453200,102.416,102.468,102.114,102.442
1714467600,102.442,102.56,102.266,102.34
1714482000,102.34,102.482,102.112,102.148
1714496400,102.148,102.3,102.136,102.154
1714510800,102.154,102.214,101.994,102.013
1714525200,102.013,102.207,102.004,102.169
1714539600,102.169,102.391,102.134,102.364
1714554000,102.364,102.47,102.294,102.335
1714568400,102.335,102.43,102.186,102.293
1714582800,102.293,102.753,99.92,100.762
1714597200,100.762,101.856,100.638,101.77
1714611600,101.77,102.05,101.707,101.838
1714626000,101.838,101.876,101.402,101.426
1714640400,101.426,101.498,100.881,100.897
1714654800,100.897,101.12,100.464,100.831
1714669200,100.831,100.992,100.502,100.908
1714683600,100.908,100.998,100.482,100.756
1714698000,100.756,100.79,100.459,100.523
1714712400,100.523,100.888,100.523,100.837
1714726800,100.837,101.086,100.667,101.022
1714741200,101.022,101.25,100.886,101.073
1714755600,101.073,101.178,101.032,101.116
1714942800,101.116,101.654,100.982,101.51
1714957200,101.51,101.85,101.488,101.819
1714971600,101.819,101.946,101.754,101.888
1714986000,101.888,101.994,101.822,101.848
1715000400,101.848,102.051,101.841,101.988
1715014800,101.988,102.05,101.906,101.97
1715029200,101.97,102.328,101.888,102.201
1715043600,102.201,102.47,101.945,102.08
1715058000,102.08,102.177,101.582,101.904
1715072400,101.904,102.251,101.881,102.202
1715086800,102.202,102.255,101.972,101.994
1715101200,101.994,102.084,101.922,102.069
1715115600,102.069,102.082,101.892,101.953
1715130000,101.953,102.098,101.826,102.062
1715144400,102.062,102.175,101.952,102.044
1715158800,102.044,102.132,102.01,102.114
1715173200,102.114,102.371,102.092,102.302
1715187600,102.302,102.388,102.273,102.328
1715202000,102.328,102.392,102.051,102.259
1715216400,102.259,102.468,102.21,102.354
1715230800,102.354,102.537,102.264,102.488
1715245200,102.488,102.845,102.46,102.806
1715259600,102.806,102.887,102.658,102.857
1715274000,102.857,102.95,102.812,102.922
1715288400,102.922,102.955,102.779,102.837
1715302800,102.837,102.924,102.774,102.852
1715317200,102.852,103.032,102.812,102.91
1715331600,102.91,103.016,102.855,102.989
1715346000,102.989,103.072,102.784,102.954
1715360400,102.954,102.974,102.853,102.87
1715547600,102.87,102.962,102.776,102.844
1715562000,102.844,102.87,102.6,102.752
1715576400,102.752,103.012,102.75,103.003
1715590800,103.003,103.222,102.975,103.15
1715605200,103.15,103.27,103.11,103.226
1715619600,103.226,103.248,103.138,103.233
1715634000,103.233,103.31,103.165,103.234
1715648400,103.234,103.332,103.184,103.228
1715662800,103.228,103.41,103.204,103.312
1715677200,103.312,103.668,103.109,103.622
1715691600,103.622,103.7,103.472,103.602
1715706000,103.602,103.7,103.54,103.668
1715720400,103.668,103.786,103.618,103.63
1715734800,103.63,104.036,103.542,103.85
1715749200,103.85,103.899,103.39,103.444
1715763600,103.444,103.593,103.176,103.334
1715778000,103.334,103.644,103.237,103.628
1715792400,103.628,103.722,103.496,103.682
1715806800,103.682,103.682,103.096,103.146
1715821200,103.146,103.178,102.804,102.932
1715835600,102.932,103.414,102.841,103.35
1715850000,103.35,103.54,103.214,103.54
1715864400,103.54,103.762,103.451,103.69
1715878800,103.69,103.815,103.627,103.789
1715893200,103.789,103.862,103.715,103.732
1715907600,103.732,104.004,103.728,103.808
1715922000,103.808,103.987,103.7,103.72
1715936400,103.72,103.806,103.627,103.79
1715950800,103.79,104.056,103.778,104.046
1715965200,104.046,104.302,104.034,104.184
1716152400,104.184,104.478,104.11,104.442
1716166800,104.442,104.566,104.265,104.468
1716181200,104.468,104.493,104.09,104.2
1716195600,104.2,104.274,103.913,104.084
1716210000,104.084,104.297,104.067,104.2
1716224400,104.2,104.272,104.147,104.19
1716238800,104.19,104.404,104.128,104.358
1716253200,104.358,104.431,104.002,104.153
1716267600,104.153,104.186,103.916,104.152
1716282000,104.152,104.404,104.115,104.234
1716296400,104.234,104.29,103.96,104.044
1716310800,104.044,104.17,104.028,104.112
1716325200,104.112,104.234,104.058,104.208
1716339600,104.208,104.446,104.144,104.256
1716354000,104.256,104.335,104.086,104.233
1716368400,104.233,104.29,104.014,104.032
1716382800,104.032,104.12,103.793,103.905
1716397200,103.905,103.938,103.488,103.806
1716411600,103.806,103.866,103.707,103.769
1716426000,103.769,103.99,103.702,103.865
1716440400,103.865,103.918,103.638,103.898
1716454800,103.898,104.114,103.863,104.106
1716469200,104.106,104.244,103.899,103.975
1716483600,103.975,103.977,103.476,103.691
1716498000,103.691,103.746,103.506,103.67
1716512400,103.67,103.73,103.551,103.698
1716526800,103.698,103.846,103.596,103.82
1716541200,103.82,103.964,103.787,103.928
1716555600,103.928,104.119,103.879,104.02
1716570000,104.02,104.138,103.994,104.049
1716757200,104.049,104.108,103.859,103.974
1716771600,103.974,104.074,103.875,104.035
1716786000,104.035,104.251,103.964,104.236
1716800400,104.236,104.302,104.182,104.284
1716814800,104.284,104.466,104.276,104.416
1716829200,104.416,104.464,104.399,104.4
1716843600,104.4,104.472,104.348,104.408
1716858000,104.408,104.564,104.389,104.494
1716872400,104.494,104.568,104.43,104.464
1716886800,104.464,104.59,104.411,104.502
1716901200,104.502,104.626,104.378,104.526
1716915600,104.526,104.591,104.38,104.524
1716930000,104.524,104.628,104.444,104.526
1716944400,104.526,104.866,104.494,104.573
1716958800,104.573,104.643,104.355,104.482
1716973200,104.482,104.502,104.214,104.232
1716987600,104.232,104.386,104.119,104.372
1717002000,104.372,104.402,104.213,104.223
1717016400,104.223,104.258,103.998,104.032
1717030800,104.032,104.22,103.814,103.852
1717045200,103.852,103.854,103.362,103.808
1717059600,103.808,103.974,103.672,103.908
1717074000,103.908,104.161,103.788,104.113
1717088400,104.113,104.149,103.924,104.02
1717102800,104.02,104.13,103.88,104.028
1717117200,104.028,104.158,103.83,103.95
1717131600,103.95,104.464,103.928,104.44
1717146000,104.44,104.649,104.388,104.552
1717160400,104.552,104.624,104.247,104.375
1717174800,104.375,104.69,104.37,104.659
1717362000,104.659,104.726,104.538,104.647
1717376400,104.647,104.708,104.529,104.645
1717390800,104.645,104.678,104.2,104.328
1717405200,104.328,104.556,104.144,104.474
1717419600,104.474,104.607,104.13,104.134
1717434000,104.134,104.46,104.005,104.392
1717448400,104.392,104.626,104.324,104.596
1717462800,104.596,104.615,104.402,104.433
1717477200,104.433,104.441,103.213,103.289
1717491600,103.289,103.325,102.616,103.066
1717506000,103.066,103.096,102.75,102.836
1717520400,102.836,103.011,102.756,103.006
1717534800,103.006,103.315,102.908,103.23
1717549200,103.23,103.652,103.148,103.632
1717563600,103.632,104.006,103.518,103.932
1717578000,103.932,103.94,103.63,103.792
1717592400,103.792,103.852,103.54,103.703
1717606800,103.703,103.868,103.658,103.777
1717621200,103.777,103.798,103.62,103.734
1717635600,103.734,103.96,103.64,103.732
1717650000,103.732,103.982,103.71,103.84
1717664400,103.84,103.864,103.634,103.738
1717678800,103.738,103.94,103.636,103.77
1717693200,103.77,103.898,103.63,103.732
1717707600,103.732,103.878,103.697,103.823
1717722000,103.823,103.969,103.76,103.838
1717736400,103.838,103.873,103.49,103.548
1717750800,103.548,103.766,103.366,103.573
1717765200,103.573,103.637,102.981,103.22
1717779600,103.22,103.224,103.049,103.146
1717966800,103.146,103.28,103.092,103.19
1717981200,103.19,103.58,103.168,103.554
1717995600,103.554,103.606,103.332,103.366
1718010000,103.366,103.588,103.269,103.468
1718024400,103.468,103.748,103.344,103.698
1718038800,103.698,103.833,103.644,103.812
1718053200,103.812,103.85,103.742,103.797
1718067600,103.797,103.818,103.635,103.761
1718082000,103.761,103.949,103.731,103.769
1718096400,103.769,103.8,103.537,103.61
1718110800,103.61,103.908,103.532,103.892
1718125200,103.892,103.897,103.746,103.808
1718139600,103.808,103.882,103.678,103.736
1718154000,103.736,104.022,103.722,103.985
1718168400,103.985,104.13,103.926,104.022
1718182800,104.022,104.552,103.936,104.443
1718197200,104.443,104.473,104.205,104.403
1718211600,104.403,104.539,104.242,104.434
1718226000,104.434,104.516,104.33,104.39
1718240400,104.39,104.525,104.25,104.4
1718254800,104.4,104.67,104.3,104.624
1718269200,104.624,104.666,104.394,104.557
1718283600,104.557,104.687,103.852,103.994
1718298000,103.994,104.268,103.962,104.195
1718312400,104.195,104.258,104.018,104.096
1718326800,104.096,104.722,104.096,104.658
1718341200,104.658,104.806,104.083,104.152
1718355600,104.152,104.17,103.672,103.923
1718370000,103.923,104.134,103.643,104.096
1718384400,104.096,104.164,103.906,104.122
1718571600,104.122,104.279,104.02,104.068
1718586000,104.068,104.068,103.896,103.928
1718600400,103.928,104.172,103.591,104.141
1718614800,104.142,104.187,103.994,104.068
1718629200,104.069,104.262,104.014,104.238
1718643600,104.236,104.355,104.22,104.302
1718658000,104.315,104.386,104.22,104.326
1718672400,104.326,104.368,104.012,104.223
1718686800,104.222,104.788,104.208,104.628
1718701200,104.634,104.692,104.43,104.582
1718715600,104.58,105.094,104.565,104.941
1718730000,104.94,105.092,104.926,105.074
1718744400,105.07,105.2,105.043,105.176
1718758800,105.176,105.235,105.098,105.166
1718773200,105.166,105.298,105.137,105.268
1718787600,105.268,105.376,105.253,105.314
1718802000,105.318,105.432,105.27,105.368
1718816400,105.366,105.5,105.334,105.484
1718830800,105.446,105.506,105.378,105.447
1718845200,105.447,105.58,105.374,105.5
1718859600,105.5,105.668,105.334,105.638
1718874000,105.636,105.768,105.573,105.655
1718888400,105.652,105.906,105.578,105.699
1718902800,105.696,105.826,105.605,105.786
1718917200,105.752,105.901,105.741,105.892
1718931600,105.892,105.958,105.808,105.936
1718946000,105.936,105.973,105.466,105.675
1718960400,105.674,105.96,105.556,105.863
1718974800,105.862,105.976,105.634,105.924
1718989200,105.922,106.166,105.886,106.133
1719176400,106.095,106.173,105.974,106.082
1719190800,106.08,106.081,105.809,106.042
1719205200,106.045,106.337,106.042,106.304
1719219600,106.304,106.327,105.587,105.93
1719234000,105.931,106.371,105.926,106.294
1719248400,106.294,106.374,106.188,106.256
1719262800,106.264,106.292,106.008,106.053
1719277200,106.056,106.248,105.926,106.201
1719291600,106.202,106.398,106.168,106.267
1719306000,106.27,106.284,105.936,106.126
1719320400,106.128,106.192,105.93,106.048
1719334800,106.048,106.188,105.982,106.142
1719349200,106.142,106.162,105.98,106.102
1719363600,106.101,106.77,106.097,106.686
1719378000,106.686,106.917,106.682,106.78
1719392400,106.78,106.874,106.6,106.725
1719406800,106.725,106.931,106.56,106.814
1719421200,106.814,106.966,106.786,106.916
1719435600,106.887,106.938,106.654,106.762
1719450000,106.763,106.892,106.647,106.864
1719464400,106.868,107.068,106.82,107.026
1719478800,107.028,107.06,106.686,106.918
1719493200,106.916,106.98,106.749,106.86
1719507600,106.856,106.912,106.794,106.87
1719522000,106.844,106.994,106.8,106.986
1719536400,106.986,106.988,106.62,106.654
1719550800,106.653,106.9,106.557,106.882
1719565200,106.88,107.08,106.792,107.032
1719579600,107.03,107.461,106.926,107.352
1719594000,107.352,107.441,107.176,107.31
1719781200,107.418,107.49,107.286,107.397
1719795600,107.399,107.435,107.252,107.375
1719810000,107.376,107.656,107.316,107.632
1719824400,107.631,107.632,107.408,107.522
1719838800,107.523,107.825,107.404,107.466
1719853200,107.467,107.543,107.384,107.536
1719867600,107.536,107.584,107.396,107.405
1719882000,107.404,107.516,107.242,107.404
1719896400,107.404,107.533,107.322,107.474
1719910800,107.474,107.602,107.412,107.492
1719925200,107.491,107.68,107.426,107.566
1719939600,107.564,107.707,107.554,107.652
1719954000,107.638,107.802,107.602,107.756
1719968400,107.754,108.011,107.7,107.952
1719982800,107.951,108.208,107.916,108.038
1719997200,108.037,108.154,107.988,108.072
1720011600,108.071,108.51,108.069,108.46
1720026000,108.462,108.47,108.298,108.43
1720040400,108.396,108.506,108.331,108.439
1720054800,108.44,108.454,108.287,108.418
1720069200,108.421,108.478,108.314,108.386
1720083600,108.387,108.444,108.31,108.395
1720098000,108.396,108.469,108.308,108.418
1720112400,108.418,108.503,108.383,108.462
1720126800,108.498,108.598,108.322,108.445
1720141200,108.444,108.492,108.131,108.176
1720155600,108.176,108.31,108.12,108.266
1720170000,108.266,108.468,108.019,108.412
1720184400,108.411,108.576,108.333,108.44
1720198800,108.438,108.582,108.416,108.53
1720386000,108.296,108.482,108.256,108.258
1720400400,108.257,108.514,108.16,108.413
1720414800,108.414,108.563,108.284,108.522
1720429200,108.518,108.576,108.414,108.452
1720443600,108.454,108.523,108.253,108.356
1720458000,108.355,108.386,108.242,108.358
1720472400,108.317,108.516,108.303,108.399
1720486800,108.4,108.549,108.376,108.52
1720501200,108.523,108.568,108.404,108.484
1720515600,108.485,108.554,108.406,108.483
1720530000,108.483,108.734,108.456,108.688
1720544400,108.686,108.759,108.666,108.738
1720558800,108.763,108.83,108.708,108.752
1720573200,108.754,108.92,108.742,108.902
1720587600,108.903,108.955,108.764,108.86
1720602000,108.86,108.939,108.804,108.894
1720616400,108.895,109.154,108.882,109.086
1720630800,109.09,109.14,109.026,109.108
1720645200,109.056,109.126,109.002,109.074
1720659600,109.076,109.332,109.072,109.268
1720674000,109.268,109.373,109.149,109.194
1720688400,109.194,109.328,107.63,107.731
1720702800,107.724,107.742,107.003,107.266
1720717200,107.272,107.434,107.238,107.406
1720731600,107.396,107.842,106.752,107.53
1720746000,107.53,107.812,107.31,107.712
1720760400,107.713,107.864,107.558,107.824
1720774800,107.824,107.859,107.408,107.594
1720789200,107.59,107.594,106.762,107.177
1720803600,107.176,107.272,107.052,107.114
1720990800,107.112,107.239,106.869,107.008
1721005200,107.005,107.102,106.944,107.043
1721019600,107.042,107.174,106.935,107.083
1721034000,107.08,107.216,107.024,107.031
1721048400,107.032,107.148,106.56,106.79
1721062800,106.791,106.933,106.662,106.886
1721077200,106.841,107.016,106.808,106.906
1721091600,106.906,107.096,106.906,106.957
1721106000,106.956,107.018,106.74,106.788
1721120400,106.786,106.91,106.56,106.743
1721134800,106.746,106.762,106.549,106.634
1721149200,106.632,106.684,106.59,106.668
1721163600,106.616,106.733,106.531,106.685
1721178000,106.686,106.829,106.592,106.593
1721192400,106.592,106.622,105.28,105.508
1721206800,105.508,105.695,105.443,105.51
1721221200,105.508,105.54,105.052,105.129
1721235600,105.13,105.21,104.98,105.124
1721250000,105.086,105.154,104.529,104.69
1721264400,104.691,105.488,104.619,105.337
1721278800,105.336,105.462,105.031,105.4
1721293200,105.398,105.436,105.26,105.355
1721307600,105.355,105.706,105.29,105.694
1721322000,105.695,105.698,105.398,105.532
1721336400,105.505,105.582,105.208,105.336
1721350800,105.337,105.605,105.282,105.503
1721365200,105.504,105.774,105.173,105.227
1721379600,105.228,105.51,105.185,105.483
1721394000,105.482,105.495,105.233,105.272
1721408400,105.273,105.314,105.19,105.276
1721595600,105.333,105.428,105.239,105.321
1721610000,105.322,105.356,104.986,104.987
1721624400,104.983,104.983,104.174,104.516
1721638800,104.517,104.597,104.212,104.223
1721653200,104.228,104.312,103.978,104.29
1721667600,104.29,104.41,104.284,104.32
1721682000,104.269,104.36,103.92,103.941
1721696400,103.942,104.199,103.648,103.656
1721710800,103.654,103.822,103.245,103.32
1721725200,103.32,103.518,103.227,103.324
1721739600,103.326,103.39,103.046,103.06
1721754000,103.057,103.09,102.902,102.938
1721768400,102.91,103.118,102.866,103.02
1721782800,103.02,103.05,101.799,101.825
1721797200,101.824,102.284,101.676,102.144
1721811600,102.146,102.184,101.54,101.64
1721826000,101.642,101.697,101.054,101.24
1721840400,101.24,101.432,101.236,101.278
1721854800,101.27,101.28,100.296,100.592
1721869200,100.593,100.68,99.715,99.836
1721883600,99.835,100.124,99.294,99.814
1721898000,99.814,100.461,99.214,100.305
1721912400,100.3,101.154,100.209,100.981
1721926800,100.982,100.989,100.536,100.628
1721941200,100.648,100.884,100.318,100.766
1721955600,100.765,100.878,100.52,100.704
1721970000,100.702,101.316,100.613,101.315
1721984400,101.314,101.498,101.07,101.195
1721998800,101.196,101.198,100.412,100.942
1722013200,100.941,100.966,100.648,100.676
1722200400,100.686,101.236,100.651,100.9
1722214800,100.898,100.98,100.411,100.48
1722229200,100.481,100.712,100.377,100.566
1722243600,100.564,100.868,100.524,100.615
1722258000,100.614,100.802,100.493,100.715
1722272400,100.718,100.896,100.676,100.882
1722286800,100.812,101.013,100.584,100.812
1722301200,100.813,101.249,100.578,101.246
1722315600,101.246,101.779,101.242,101.31
1722330000,101.31,101.448,101.184,101.248
1722344400,101.248,101.256,100.149,100.166
1722358800,100.168,100.346,99.786,99.866
1722373200,99.862,100.156,99.472,99.592
1722387600,99.592,100.018,98.575,99.072
1722402000,99.068,99.364,97.396,97.99
1722416400,97.99,98.172,97.553,98.102
1722430800,98.101,98.454,97.748,98.338
1722445200,98.338,98.64,97.851,98.108
1722459600,98.066,98.392,97.644,97.692
1722474000,97.688,97.893,97.199,97.712
1722488400,97.714,98.099,97.382,97.559
1722502800,97.562,98.744,97.464,98.737
1722517200,98.74,98.74,97.522,97.592
1722531600,97.594,97.618,97.013,97.079
1722546000,97.071,97.076,96.61,96.922
1722560400,96.926,97.458,96.911,97.206
1722574800,97.204,97.322,96.751,97.081
1722589200,97.08,97.16,95.598,96.276
1722603600,96.275,96.89,95.34,95.668
1722618000,95.671,95.808,95.338,95.397
1722805200,95.394,95.511,94.148,94.447
1722819600,94.446,94.766,92.185,92.924
1722834000,92.924,93.203,90.139,91.848
1722848400,91.85,92.176,91.352,91.596
1722862800,91.593,94.21,91.586,93.444
1722877200,93.444,93.972,93,93.66
1722891600,93.687,95.511,93.437,94.82
1722906000,94.826,95.055,93.941,94.665
1722920400,94.674,95.345,93.821,94.21
1722934800,94.206,94.315,93.549,93.653
1722949200,93.644,95.053,93.422,95.004
1722963600,95.006,95.042,93.997,94.076
1722978000,94.096,94.918,94.096,94.647
1722992400,94.646,97.09,94.456,96.79
1723006800,96.791,96.968,95.474,96.556
1723021200,96.554,96.974,96.414,96.489
1723035600,96.488,96.898,96.032,96.322
1723050000,96.32,96.448,95.634,95.649
1723064400,95.624,95.696,94.73,95.166
1723078800,95.17,96.308,95.132,95.806
1723093200,95.805,96.046,95.296,95.855
1723107600,95.852,96.496,95.591,96.321
1723122000,96.322,97.004,96.255,96.858
1723136400,96.858,97.142,96.743,97.096
1723150800,97.062,97.456,96.9,97.116
1723165200,97.116,97.356,96.754,96.788
1723179600,96.786,97.233,96.597,97.024
1723194000,97.025,97.084,96.219,96.478
1723208400,96.48,96.578,96.266,96.395
1723222800,96.394,96.532,96.341,96.364
1723410000,96.22,96.734,96.22,96.602
1723424400,96.598,96.93,96.505,96.868
1723438800,96.868,97.246,96.791,97.212
1723453200,97.21,97.493,97.093,97.392
1723467600,97.395,97.855,97.001,97.038
1723482000,97.037,97.109,96.828,96.952
1723496400,96.949,96.998,96.726,96.962
1723510800,96.966,97.54,96.964,97.421
1723525200,97.422,97.751,97.25,97.624
1723539600,97.622,97.69,97.036,97.394
1723554000,97.396,97.438,96.848,97.206
1723568400,97.206,97.478,97.168,97.427
1723582800,97.412,97.692,97.321,97.682
1723597200,97.682,97.736,96.766,97.296
1723611600,97.296,97.872,97.226,97.547
1723626000,97.546,97.7,97.178,97.566
1723640400,97.566,97.748,96.935,97.082
1723654800,97.081,97.307,97.059,97.179
1723669200,97.202,97.284,96.993,97.018
1723683600,97.022,97.676,96.826,97.564
1723698000,97.563,97.59,97.338,97.488
1723712400,97.488,98.587,97.474,98.428
1723726800,98.426,98.807,98.382,98.722
1723741200,98.724,98.762,98.475,98.693
1723755600,98.729,98.741,98.457,98.658
1723770000,98.66,98.789,98.535,98.638
1723784400,98.639,98.908,98.542,98.631
1723798800,98.63,98.742,97.856,97.868
1723813200,97.868,98.574,97.813,98.509
1723827600,98.51,98.522,98.404,98.446
1724014800,98.368,98.928,98.368,98.75
1724029200,98.75,98.832,97.523,97.761
1724043600,97.762,97.882,96.996,97.704
1724058000,97.708,98.026,97.6,97.924
1724072400,97.923,98.548,97.923,98.45
1724086800,98.45,98.748,98.42,98.701
1724101200,98.625,98.934,98.328,98.435
1724115600,98.436,98.868,98.12,98.714
1724130000,98.716,99.036,98.388,98.584
1724144400,98.584,98.662,98.471,98.546
1724158800,98.55,98.58,97.938,97.946
1724173200,97.945,98.156,97.872,98.007
1724187600,97.932,98.256,97.799,98.182
1724202000,98.181,98.297,97.946,98.249
1724216400,98.248,98.5,98.144,98.366
1724230800,98.368,98.589,98.278,98.302
1724245200,98.301,98.93,97.806,97.882
1724259600,97.88,97.986,97.638,97.986
1724274000,97.906,98.139,97.792,98.008
1724288400,98.01,98.142,97.604,97.752
1724302800,97.751,98.326,97.695,98.248
1724317200,98.248,98.428,98.091,98.352
1724331600,98.352,98.366,97.79,98.136
1724346000,98.134,98.26,97.96,98.106
1724360400,98.075,98.154,97.92,98.01
1724374800,98.009,98.08,97.569,98.017
1724389200,98.016,98.176,97.755,98.138
1724403600,98.135,98.382,98.134,98.274
1724418000,98.275,98.614,98.098,98.243
1724432400,98.242,98.325,97.882,98.14
1724619600,97.959,98.055,97.435,97.585
1724634000,97.585,97.692,97.444,97.599
1724648400,97.6,97.708,97.267,97.462
1724662800,97.46,97.736,97.435,97.526
1724677200,97.524,98.046,97.462,97.974
1724691600,97.974,98.03,97.808,97.864
1724706000,97.93,98.058,97.694,97.959
1724720400,97.962,98.348,97.948,98.126
1724734800,98.128,98.416,98.117,98.307
1724749200,98.306,98.321,97.762,97.797
1724763600,97.802,97.976,97.67,97.683
1724778000,97.684,97.89,97.668,97.786
1724792400,97.772,97.986,97.578,97.845
1724806800,97.846,98.256,97.819,98.082
1724821200,98.084,98.282,97.964,98.108
1724835600,98.11,98.124,97.81,98.05
1724850000,98.048,98.278,97.845,98.073
1724864400,98.074,98.202,97.795,98.108
1724878800,98.038,98.29,97.854,98.206
1724893200,98.206,98.454,98.102,98.432
1724907600,98.43,98.654,98.246,98.488
1724922000,98.489,98.96,98.478,98.908
1724936400,98.906,98.936,98.574,98.654
1724950800,98.652,98.66,98.334,98.584
1724965200,98.572,98.612,98.339,98.401
1724979600,98.4,98.588,98.256,98.498
1724994000,98.496,98.82,98.48,98.79
1725008400,98.79,98.97,98.702,98.811
1725022800,98.812,98.922,98.56,98.823
1725037200,98.822,98.974,98.742,98.899
1725224400,98.843,99.274,98.822,99.043
1725238800,99.044,99.132,98.548,98.664
1725253200,98.667,99.636,98.667,99.504
1725267600,99.504,99.695,99.438,99.654
1725282000,99.654,99.865,99.542,99.701
1725296400,99.708,99.819,99.706,99.78
1725310800,99.758,99.844,99.552,99.813
1725325200,99.812,99.828,98.572,98.796
1725339600,98.798,98.874,98.266,98.376
1725354000,98.372,98.526,98.21,98.306
1725368400,98.306,98.346,97.636,97.916
1725382800,97.91,97.98,97.612,97.634
1725397200,97.637,97.718,97.018,97.092
1725411600,97.091,97.59,97.088,97.378
1725426000,97.376,97.521,97.086,97.336
1725440400,97.337,97.605,97.245,97.549
1725454800,97.546,97.65,96.812,96.873
1725469200,96.872,96.89,96.595,96.662
1725483600,96.605,96.698,96.178,96.618
1725498000,96.62,96.842,96.446,96.536
1725512400,96.536,96.702,96.178,96.644
1725526800,96.643,96.661,96.11,96.331
1725541200,96.33,97.05,96.294,96.56
1725555600,96.56,96.712,96.374,96.698
1725570000,96.724,96.726,96.482,96.512
1725584400,96.512,96.576,96.143,96.272
1725598800,96.272,96.281,95.596,96.048
1725613200,96.048,97.01,95.989,96.514
1725627600,96.512,96.764,94.778,94.974
1725642000,94.972,95.15,94.864,94.918
1725829200,94.916,95.266,94.672,95.156
1725843600,95.158,95.631,95.14,95.448
1725858000,95.442,95.512,95.183,95.42
1725872400,95.42,95.708,95.262,95.274
1725886800,95.273,95.338,94.918,95.302
1725901200,95.304,95.366,95.066,95.356
1725915600,95.366,95.476,95.162,95.41
1725930000,95.412,95.514,95.204,95.36
1725944400,95.361,95.714,95.328,95.542
1725958800,95.548,95.548,95.156,95.217
1725973200,95.219,95.344,94.512,94.766
1725987600,94.764,94.879,94.675,94.772
1726002000,94.768,94.808,94.402,94.598
1726016400,94.598,94.72,93.711,93.874
1726030800,93.87,94.402,93.649,94.258
1726045200,94.26,94.712,94.112,94.686
1726059600,94.688,94.836,93.594,94.501
1726074000,94.499,95.104,94.486,95.012
1726088400,94.99,95.513,94.934,95.224
1726102800,95.226,95.578,94.93,95.532
1726117200,95.532,95.676,94.953,95.132
1726131600,95.134,95.347,94.876,94.902
1726146000,94.902,95.615,94.73,95.568
1726160400,95.566,95.622,95.272,95.336
1726174800,95.352,95.394,94.98,95.034
1726189200,95.036,95.072,94.624,94.798
1726203600,94.799,94.984,94.306,94.49
1726218000,94.486,94.549,94.168,94.402
1726232400,94.401,94.62,94.222,94.475
1726246800,94.474,94.556,94.418,94.424
1726434000,94.328,94.566,94.186,94.326
1726448400,94.324,94.406,94.16,94.334
1726462800,94.331,94.367,93.871,94.234
1726477200,94.234,94.654,94.216,94.528
1726491600,94.524,94.911,94.518,94.842
1726506000,94.841,95.024,94.778,94.934
1726520400,94.939,95.322,94.774,94.85
1726534800,94.852,94.976,94.707,94.856
1726549200,94.854,95.149,94.798,95.09
1726563600,95.09,95.272,94.992,95.158
1726578000,95.156,95.987,95.146,95.706
1726592400,95.706,96.255,95.666,96.209
1726606800,96.197,96.222,95.84,95.87
1726621200,95.869,95.964,95.324,95.407
1726635600,95.405,96.22,95.39,96.066
1726650000,96.068,96.338,96.003,96.186
1726664400,96.182,96.279,95.892,96.002
1726678800,95.998,96.335,95.664,96.248
1726693200,96.22,96.953,95.99,96.78
1726707600,96.784,97.328,96.68,97.243
1726722000,97.244,97.53,96.897,97.485
1726736400,97.483,97.878,97.298,97.852
1726750800,97.851,97.864,97.098,97.535
1726765200,97.536,97.578,97.102,97.195
1726779600,97.186,97.325,96.924,96.924
1726794000,96.924,97.27,96.714,96.924
1726808400,96.924,98.046,96.785,97.936
1726822800,97.935,98.307,97.85,98.006
1726837200,98.004,98.132,97.72,98.004
1726851600,98.002,98.18,97.866,97.99
1727038800,97.987,98.254,97.808,98.214
1727053200,98.217,98.61,98.217,98.58
1727067600,98.578,98.638,97.628,97.806
1727082000,97.807,98.356,97.739,98.31
1727096400,98.313,98.718,97.974,98.035
1727110800,98.032,98.247,97.948,98.182
1727125200,98.078,98.272,97.989,98.052
1727139600,98.052,98.796,98.052,98.706
1727154000,98.704,98.953,98.29,98.636
1727168400,98.635,98.856,98.41,98.734
1727182800,98.735,99.066,98.532,98.72
1727197200,98.722,98.834,98.602,98.704
1727211600,98.724,98.88,98.578,98.761
1727226000,98.756,98.895,98.583,98.678
1727240400,98.68,99.182,98.489,99.104
1727254800,99.106,99.356,98.966,99.078
1727269200,99.08,99.138,98.634,98.674
1727283600,98.673,98.861,98.594,98.774
1727298000,98.742,98.805,98.628,98.73
1727312400,98.73,99.224,98.724,99.035
1727326800,99.034,99.604,98.981,99.373
1727341200,99.372,99.599,99.125,99.545
1727355600,99.548,99.882,99.316,99.756
1727370000,99.755,99.903,99.566,99.862
1727384400,99.859,100.264,99.732,100.182
1727398800,100.184,100.296,99.67,100.278
1727413200,100.276,100.723,98.266,98.574
1727427600,98.568,98.91,98.53,98.698
1727442000,98.698,99.171,98.36,98.473
1727456400,98.474,98.548,98.028,98.178
1727643600,98.177,98.914,98.121,98.772
1727658000,98.772,98.908,98.394,98.521
1727672400,98.522,98.75,98.092,98.725
1727686800,98.726,99.044,98.534,99.032
1727701200,99.034,99.392,98.922,99.308
1727715600,99.303,99.446,99.168,99.304
1727730000,99.266,99.63,99.202,99.518
1727744400,99.52,100.026,99.472,99.977
1727758800,99.978,100.102,99.201,99.338
1727773200,99.338,99.562,99.084,99.514
1727787600,99.512,99.576,98.357,98.72
1727802000,98.72,99.195,98.346,98.824
1727816400,98.812,99.042,98.691,98.983
1727830800,98.985,99.615,98.888,99.036
1727845200,99.034,99.597,98.746,99.512
1727859600,99.51,100.291,99.339,100.222
1727874000,100.225,100.77,100.122,100.532
1727888400,100.531,100.901,100.456,100.846
1727902800,100.768,101.168,100.71,101.12
1727917200,101.122,101.276,100.616,100.638
1727931600,100.636,100.88,100.367,100.524
1727946000,100.524,100.697,100.24,100.354
1727960400,100.357,100.736,100.248,100.488
1727974800,100.49,100.548,100.354,100.52
1727989200,100.501,100.642,100.412,100.438
1728003600,100.438,100.452,99.984,100.022
1728018000,100.021,100.184,99.902,100.102
1728032400,100.104,101.02,100.076,100.977
1728046800,100.981,101.225,100.808,101.204
1728061200,101.203,101.272,100.99,101.03
1728248400,101.027,101.422,100.915,100.936
1728262800,100.936,101.208,100.845,101.09
1728277200,101.091,101.135,100.59,100.642
1728291600,100.641,100.862,100.495,100.555
1728306000,100.556,100.592,100.03,100.072
1728320400,100.074,100.166,99.842,100.128
1728334800,100.13,100.182,99.66,100.052
1728349200,100.052,100.112,99.089,99.762
1728363600,99.762,99.894,99.206,99.502
1728378000,99.504,99.846,99.328,99.672
1728392400,99.678,99.906,99.584,99.834
1728406800,99.834,100.102,99.757,99.999
1728421200,100.014,100.052,99.721,99.91
1728435600,99.913,100.111,99.713,99.83
1728450000,99.83,100.412,99.703,100.087
1728464400,100.088,100.172,99.998,100.09
1728478800,100.09,100.402,99.914,100.24
1728493200,100.238,100.337,100.175,100.322
1728507600,100.256,100.337,100.049,100.225
1728522000,100.221,100.71,100.162,100.678
1728536400,100.676,100.772,100.221,100.222
1728550800,100.218,100.251,99.838,100.058
1728565200,100.058,100.12,99.686,100.052
1728579600,100.054,100.204,99.98,100.144
1728594000,100.165,100.31,100.042,100.08
1728608400,100.078,100.392,100.038,100.276
1728622800,100.274,100.358,100.071,100.224
1728637200,100.221,100.523,100.221,100.36
1728651600,100.364,100.785,100.321,100.694
1728666000,100.694,100.776,100.665,100.7
1728853200,100.478,100.652,100.38,100.488
1728867600,100.484,100.734,100.323,100.58
1728882000,100.58,100.644,100.452,100.53
1728896400,100.528,100.587,100.386,100.406
1728910800,100.406,100.952,100.384,100.82
1728925200,100.82,100.823,100.638,100.734
1728939600,100.739,100.78,100.558,100.63
1728954000,100.628,100.764,100.484,100.484
1728968400,100.482,100.482,99.945,100.158
1728982800,100.161,100.351,99.941,100.14
1728997200,100.138,100.384,99.844,100.225
1729011600,100.227,100.258,99.956,100.038
1729026000,100.027,100.104,99.435,99.71
1729040400,99.711,99.952,99.444,99.872
1729054800,99.872,100.054,99.722,99.983
1729069200,99.982,99.994,99.676,99.748
1729083600,99.748,99.842,99.571,99.84
1729098000,99.841,99.868,99.738,99.762
1729112400,99.676,100.137,99.62,100.1
1729126800,100.1,100.225,99.836,100.04
1729141200,100.037,100.104,99.876,100.066
1729155600,100.066,100.376,100.022,100.243
1729170000,100.244,100.675,100.075,100.636
1729184400,100.636,100.688,100.538,100.592
1729198800,100.586,100.642,100.389,100.508
1729213200,100.508,100.724,100.44,100.474
1729227600,100.474,100.84,100.352,100.626
1729242000,100.628,100.746,100.383,100.604
1729256400,100.605,100.698,100.192,100.246
1729270800,100.246,100.316,100.184,100.296
1729458000,100.241,100.46,100.113,100.204
1729472400,100.212,100.306,100.07,100.109
1729486800,100.11,100.344,99.946,100.333
1729501200,100.332,100.374,100.168,100.33
1729515600,100.332,100.458,100.037,100.241
1729530000,100.242,100.46,100.234,100.428
1729544400,100.408,100.438,100.183,100.249
1729558800,100.249,101.038,100.16,100.88
1729573200,100.88,101.007,100.712,100.843
1729587600,100.842,100.927,100.752,100.894
1729602000,100.892,101,100.747,100.954
1729616400,100.956,101.044,100.87,100.968
1729630800,100.94,101.226,100.911,101.043
1729645200,101.042,101.59,101.005,101.532
1729659600,101.53,101.692,101.424,101.486
1729674000,101.484,101.694,101.426,101.562
1729688400,101.562,101.662,101.287,101.302
1729702800,101.299,101.36,100.904,101.341
1729717200,101.288,101.426,101.176,101.371
1729731600,101.372,101.432,101.102,101.181
1729746000,101.182,101.404,101.086,101.165
1729760400,101.164,101.244,101.034,101.124
1729774800,101.128,101.236,100.452,100.602
1729789200,100.601,100.87,100.6,100.815
1729803600,100.818,100.882,100.526,100.846
1729818000,100.845,100.873,100.376,100.434
1729832400,100.434,100.796,100.299,100.716
1729846800,100.712,100.963,100.636,100.956
1729861200,100.956,101.122,100.615,100.642
1729875600,100.64,100.686,100.406,100.598
1730062800,101.328,101.354,100.842,101.262
1730077200,101.258,101.526,100.948,101.26
1730091600,101.26,101.319,101.046,101.176
1730106000,101.179,101.19,100.676,100.844
1730120400,100.844,101.073,100.764,100.908
1730134800,100.908,100.96,100.83,100.916
1730149200,100.94,100.972,100.53,100.624
1730163600,100.625,100.758,100.34,100.394
1730178000,100.396,100.958,100.269,100.868
1730192400,100.868,100.922,100.709,100.836
1730206800,100.84,100.902,100.477,100.622
1730221200,100.619,100.673,100.531,100.624
1730235600,100.618,100.658,100.374,100.552
1730250000,100.554,100.693,100.207,100.338
1730264400,100.338,100.716,100.188,100.578
1730278800,100.594,100.852,100.501,100.808
1730293200,100.81,100.968,100.572,100.712
1730307600,100.708,100.912,100.702,100.828
1730322000,100.808,100.872,100.606,100.79
1730336400,100.79,100.977,100.386,100.45
1730350800,100.446,100.565,99.879,100.15
1730365200,100.15,100.47,100.024,100.404
1730379600,100.408,100.504,99.542,100.016
1730394000,100.016,100.114,99.809,100.06
1730408400,100.064,100.122,99.829,99.926
1730422800,99.926,100.363,99.906,100.276
1730437200,100.277,100.314,99.863,100.206
1730451600,100.204,100.346,99.98,100.11
1730466000,100.106,100.73,100.056,100.55
1730480400,100.551,100.572,100.248,100.344
1730671200,100.707,100.78,100.168,100.22
1730685600,100.219,100.4,100.146,100.394
1730700000,100.394,100.434,100.058,100.15
1730714400,100.15,100.294,100.012,100.144
1730728800,100.144,100.478,100.03,100.212
1730743200,100.214,100.276,100.114,100.184
1730757600,100.179,100.46,100.126,100.364
1730772000,100.364,100.637,100.268,100.564
1730786400,100.562,100.778,100.479,100.702
1730800800,100.701,100.912,100.671,100.756
1730815200,100.756,100.934,100.57,100.63
1730829600,100.63,100.686,100.432,100.662
1730844000,100.622,100.864,100.478,100.826
1730858400,100.824,101.018,100.264,100.677
1730872800,100.675,101.486,100.545,101.423
1730887200,101.426,101.544,101.046,101.176
1730901600,101.175,101.664,101.06,101.606
1730916000,101.604,101.812,101.468,101.618
1730930400,101.544,101.714,101.309,101.698
1730944800,101.697,102.275,101.67,102.004
1730959200,102.002,102.246,101.91,102.064
1730973600,102.063,102.379,101.992,102.282
1730988000,102.285,102.406,102.072,102.172
1731002400,102.174,102.182,101.944,102.148
1731016800,102.014,102.294,101.95,101.977
1731031200,101.976,101.978,101.462,101.685
1731045600,101.685,101.718,101.118,101.162
1731060000,101.162,101.21,100.89,100.929
1731074400,100.932,101.01,100.145,100.394
1731088800,100.395,100.518,100.316,100.45
1731276000,100.572,101.005,100.434,100.976
1731290400,100.978,101.36,100.924,101.181
1731304800,101.182,101.276,100.932,101.128
1731319200,101.126,101.318,101.029,101.063
1731333600,101.062,101.154,100.988,101.072
1731348000,101.066,101.083,100.91,101.078
1731362400,101.094,101.271,100.896,101.108
1731376800,101.107,101.108,100.502,100.628
1731391200,100.627,100.876,100.58,100.834
1731405600,100.836,101.141,100.684,101.132
1731420000,101.132,101.153,100.858,100.868
1731434400,100.87,101.14,100.86,101.029
1731448800,101.033,101.203,100.839,101.066
1731463200,101.068,101.23,100.992,101.204
1731477600,101.203,101.288,101.062,101.185
1731492000,101.184,101.198,100.87,100.918
1731506400,100.918,100.928,100.463,100.834
1731520800,100.838,101.018,100.781,100.842
1731535200,100.842,101.153,100.784,101.071
1731549600,101.072,101.076,100.793,100.854
1731564000,100.852,101.008,100.732,100.908
1731578400,100.906,100.952,100.69,100.862
1731592800,100.862,101.177,100.772,100.888
1731607200,100.89,100.951,100.73,100.871
1731621600,100.859,101.102,100.822,101.044
1731636000,101.042,101.202,100.967,101.114
1731650400,101.116,101.169,100.416,100.466
1731664800,100.466,100.7,100.37,100.392
1731679200,100.391,100.422,99.637,99.712
1731693600,99.716,99.844,99.421,99.766
1731880800,99.814,100.376,99.569,100.058
1731895200,100.06,100.262,99.865,99.966
1731909600,99.966,100.039,99.736,99.977
1731924000,99.976,100.236,99.958,100.142
1731938400,100.14,100.653,100.04,100.625
1731952800,100.628,100.688,100.548,100.668
1731967200,100.614,100.65,100.159,100.3
1731981600,100.298,100.632,100.25,100.477
1731996000,100.478,100.731,99.487,99.787
1732010400,99.784,100.185,99.646,99.802
1732024800,99.803,100.936,99.773,100.892
1732039200,100.89,101.078,100.824,101.018
1732053600,100.992,101.327,100.937,101.156
1732068000,101.156,101.248,101.058,101.229
1732082400,101.227,101.56,101.206,101.421
1732096800,101.422,101.45,101.207,101.268
1732111200,101.269,101.289,100.571,100.868
1732125600,100.868,101.156,100.821,101.121
1732140000,101.108,101.152,100.837,101.013
1732154400,101.016,101.146,100.863,101.052
1732168800,101.045,101.072,100.301,100.502
1732183200,100.501,100.874,100.408,100.668
1732197600,100.671,100.782,100.362,100.648
1732212000,100.649,100.814,100.578,100.628
1732226400,100.626,100.686,100.259,100.618
1732240800,100.618,100.688,100.264,100.396
1732255200,100.399,100.809,100.053,100.246
1732269600,100.246,100.471,100.107,100.334
1732284000,100.333,100.728,100.333,100.616
1732298400,100.617,100.696,100.487,100.69
1732485600,100.824,101.038,100.48,100.505
1732500000,100.506,100.64,100.305,100.584
1732514400,100.586,100.708,100.371,100.612
1732528800,100.61,100.635,100.251,100.436
1732543200,100.439,100.458,100.01,100.178
1732557600,100.178,100.312,100.108,100.286
1732572000,100.298,100.325,99.07,99.638
1732586400,99.639,100.024,99.58,99.75
1732600800,99.75,100.004,99.629,99.826
1732615200,99.824,99.906,99.4,99.472
1732629600,99.47,99.525,98.898,98.974
1732644000,98.974,99.14,98.866,99.134
1732658400,99.086,99.227,98.704,98.74
1732672800,98.737,98.881,98.536,98.67
1732687200,98.67,98.694,98.156,98.266
1732701600,98.264,98.331,98.022,98.312
1732716000,98.31,98.416,97.714,97.908
1732730400,97.904,98.242,97.88,98.182
1732744800,98.152,98.616,98.041,98.492
1732759200,98.492,98.544,98.292,98.337
1732773600,98.336,98.737,98.135,98.686
1732788000,98.687,98.756,98.505,98.53
1732802400,98.53,98.56,98.347,98.51
1732816800,98.51,98.54,98.443,98.504
1732831200,98.418,98.562,97.519,97.58
1732845600,97.578,97.98,97.578,97.796
1732860000,97.79,97.905,97.6,97.727
1732874400,97.724,97.822,97.452,97.54
1732888800,97.541,98.034,97.492,97.569
1732903200,97.565,97.662,97.522,97.529
1733090400,97.417,97.915,97.341,97.882
1733104800,97.885,98.022,97.769,97.946
1733119200,97.946,97.952,97.492,97.642
1733133600,97.642,97.683,97.064,97.1
1733148000,97.102,97.114,96.274,96.656
1733162400,96.659,96.898,96.642,96.874
1733176800,96.862,97.082,96.794,96.914
1733191200,96.914,97.194,96.763,97.062
1733205600,97.06,97.544,97.025,97.316
1733220000,97.316,97.427,96.544,96.562
1733234400,96.56,96.92,96.17,96.845
1733248800,96.846,97.038,96.668,97.03
1733263200,96.988,97.152,96.68,96.763
1733277600,96.766,96.77,95.912,96.703
1733292000,96.702,96.922,96.524,96.686
1733306400,96.687,96.85,96.636,96.802
1733320800,96.801,96.894,96.562,96.701
1733335200,96.702,97.014,96.603,96.855
1733349600,96.842,96.974,96.459,96.78
1733364000,96.778,96.784,96.404,96.512
1733378400,96.511,96.817,96.338,96.776
1733392800,96.776,97.052,96.619,97.036
1733407200,97.034,97.088,96.557,96.657
1733421600,96.658,96.882,96.563,96.864
1733436000,96.864,96.922,96.378,96.382
1733450400,96.382,96.511,96.302,96.443
1733464800,96.442,96.8,96.263,96.764
1733479200,96.768,96.781,96.294,96.3
1733493600,96.3,96.331,95.524,95.66
1733508000,95.66,95.928,95.63,95.874
1733695200,95.85,96.054,95.643,95.889
1733709600,95.89,96.021,95.619,95.758
1733724000,95.761,96.976,95.75,96.868
1733738400,96.862,97.573,96.856,97.53
1733752800,97.53,97.802,97.311,97.68
1733767200,97.682,97.682,97.268,97.384
1733781600,97.365,97.485,97.132,97.207
1733796000,97.206,97.242,96.455,96.548
1733810400,96.548,96.958,96.531,96.936
1733824800,96.937,97.158,96.842,96.987
1733839200,96.984,97.032,96.827,96.947
1733853600,96.946,96.997,96.875,96.92
1733868000,96.882,96.98,96.668,96.8
1733882400,96.8,96.856,96.54,96.695
1733896800,96.692,96.928,95.994,96.903
1733911200,96.904,97.266,96.748,96.986
1733925600,96.98,97.204,96.648,97.066
1733940000,97.066,97.256,97.044,97.119
1733954400,97.092,97.674,97.03,97.436
1733968800,97.435,97.918,97.416,97.858
1733983200,97.858,98.068,97.62,97.842
1733997600,97.842,97.876,97.102,97.27
1734012000,97.272,97.477,96.968,97.146
1734026400,97.147,97.24,97.049,97.212
1734040800,97.2,97.408,97.072,97.196
1734055200,97.196,97.444,97.012,97.298
1734069600,97.297,97.726,97.134,97.674
1734084000,97.674,97.966,97.658,97.818
1734098400,97.82,97.869,97.568,97.704
1734112800,97.706,97.826,97.653,97.688
1734300000,97.614,98.088,97.561,98.071
1734314400,98.061,98.204,97.864,97.958
1734328800,97.959,98.006,97.771,97.9
1734343200,97.9,98.016,97.632,97.968
1734357600,97.97,98.284,97.868,98.229
1734372000,98.228,98.246,98.084,98.206
1734386400,98.188,98.35,98.106,98.213
1734400800,98.214,98.222,97.836,97.882
1734415200,97.883,97.959,97.504,97.538
1734429600,97.534,97.701,97.44,97.664
1734444000,97.665,97.672,97.129,97.194
1734458400,97.192,97.307,97.104,97.255
1734472800,97.276,97.424,97.148,97.21
1734487200,97.207,97.274,96.8,96.818
1734501600,96.816,97.076,96.813,96.896
1734516000,96.894,97.344,96.892,97.279
1734530400,97.278,97.332,96.942,96.953
1734544800,96.954,97.058,96.176,96.267
1734559200,96.25,96.396,95.806,96.262
1734573600,96.262,96.896,96.146,96.508
1734588000,96.504,98.082,96.504,98.047
1734602400,98.04,98.194,97.868,98.108
1734616800,98.107,98.738,98.107,98.518
1734631200,98.516,98.584,98.144,98.215
1734645600,98.182,98.414,97.851,97.979
1734660000,97.98,98.028,97.571,97.746
1734674400,97.749,98.076,97.6,97.69
1734688800,97.689,97.788,97.572,97.604
1734703200,97.601,98.037,97.436,97.786
1734717600,97.786,97.872,97.712,97.804
1734904800,97.826,97.96,97.764,97.854
1734919200,97.846,98.06,97.804,98.06
1734933600,98.061,98.132,97.826,98.064
1734948000,98.06,98.09,97.841,97.92
1734962400,97.92,98.166,97.747,98.131
1734976800,98.133,98.242,98.093,98.206
1734991200,98.216,98.216,97.866,97.954
1735005600,97.956,98.075,97.752,97.952
1735020000,97.952,98.106,97.856,97.92
1735034400,97.919,98.008,97.788,97.998
1735048800,97.999,98.12,97.9,97.934
1735063200,97.933,98.16,97.932,98.099
1735164000,98.038,98.31,97.99,98.282
1735178400,98.28,98.447,98.128,98.152
1735192800,98.152,98.216,97.91,98.021
1735207200,98.022,98.287,98.006,98.258
1735221600,98.257,98.37,98.2,98.302
1735236000,98.302,98.415,98.214,98.304
1735250400,98.274,98.332,98.059,98.12
1735264800,98.12,98.13,97.848,97.894
1735279200,97.894,98.27,97.882,98.042
1735293600,98.044,98.182,97.904,98.144
1735308000,98.146,98.172,97.786,97.963
1735322400,97.96,98.224,97.96,98.128
1735509600,98.044,98.41,98.037,98.334
1735524000,98.318,98.606,98.247,98.545
1735538400,98.546,98.734,98.23,98.268
1735552800,98.265,98.43,97.89,97.894
1735567200,97.89,98.048,97.304,97.84
1735581600,97.842,97.882,97.508,97.586
1735596000,97.582,97.695,97.371,97.446
1735610400,97.447,97.458,97.048,97.122
1735624800,97.123,97.436,96.936,97.41
1735639200,97.41,97.521,97.145,97.358
1735653600,97.357,97.427,97.106,97.334
1735668000,97.33,97.48,97.254,97.268
1735768800,97.302,97.932,97.25,97.841
1735783200,97.842,97.88,97.552,97.732
1735797600,97.73,97.73,97.055,97.492
1735812000,97.493,97.736,97.332,97.476
1735826400,97.478,98.04,97.378,97.724
1735840800,97.726,97.81,97.558,97.722
1735855200,97.686,97.794,97.55,97.7
1735869600,97.698,97.862,97.643,97.787
1735884000,97.786,97.842,97.497,97.709
1735898400,97.708,97.898,97.666,97.72
1735912800,97.72,97.844,97.53,97.619
1735927200,97.616,97.858,97.604,97.806
1736114400,97.699,98.298,97.6,98.156
1736128800,98.156,98.308,98.054,98.286
1736143200,98.284,98.595,98.154,98.516
1736157600,98.517,98.912,98.411,98.51
1736172000,98.512,98.676,98.152,98.31
1736186400,98.313,98.468,98.206,98.464
1736200800,98.43,98.978,98.361,98.952
1736215200,98.954,99.024,98.87,98.95
1736229600,98.95,99.116,98.741,99.04
1736244000,99.044,99.17,98.884,98.893
1736258400,98.891,99.01,98.414,98.482
1736272800,98.483,98.52,98.264,98.49
1736287200,98.456,98.663,98.152,98.304
1736301600,98.304,98.646,98.278,98.588
1736316000,98.588,98.61,98.32,98.392
1736330400,98.393,98.41,98.056,98.161
1736344800,98.16,98.434,98.133,98.307
1736359200,98.306,98.504,98.306,98.436
1736373600,98.399,98.433,98.02,98.053
1736388000,98.048,98.137,97.748,97.994
1736402400,97.995,98.076,97.686,97.884
1736416800,97.884,97.942,97.67,97.712
1736431200,97.709,97.98,97.709,97.954
1736445600,97.952,98.027,97.924,97.968
1736460000,98.011,98.116,97.79,98.041
1736474400,98.042,98.202,97.994,98.09
1736488800,98.09,98.153,97.487,97.652
1736503200,97.655,97.912,97.466,97.57
1736517600,97.573,97.637,96.796,97.044
1736532000,97.042,97.21,96.886,96.92
1736719200,97.095,97.242,96.844,96.97
1736733600,96.968,97.123,96.495,96.638
1736748000,96.637,97.004,96.384,96.435
1736762400,96.434,96.786,96.39,96.676
1736776800,96.678,97.068,96.565,96.922
1736791200,96.922,97.298,96.873,97.276
1736805600,97.312,97.698,97.198,97.441
1736820000,97.442,97.684,97.322,97.44
1736834400,97.44,97.886,97.406,97.764
1736848800,97.765,97.792,97.341,97.42
1736863200,97.422,97.958,97.382,97.778
1736877600,97.775,97.869,97.64,97.856
1736892000,97.842,97.924,97.642,97.696
1736906400,97.695,97.826,97.299,97.342
1736920800,97.343,97.499,97.239,97.354
1736935200,97.356,97.657,97.227,97.644
1736949600,97.644,97.665,97.244,97.382
1736964000,97.386,97.484,97.342,97.438
1736978400,97.354,97.699,96.732,96.812
1736992800,96.813,96.897,96.59,96.775
1737007200,96.776,97.146,96.694,96.734
1737021600,96.733,96.869,96.66,96.771
1737036000,96.775,96.936,96.51,96.534
1737050400,96.534,96.576,96.328,96.372
1737064800,96.379,96.556,96.26,96.421
1737079200,96.423,96.604,96.298,96.487
1737093600,96.486,96.723,96.43,96.598
1737108000,96.6,96.65,96.136,96.176
1737122400,96.175,97.166,96.064,96.954
1737136800,96.952,96.966,96.72,96.778
1737324000,96.887,96.968,96.671,96.809
1737338400,96.808,96.95,96.734,96.872
1737352800,96.871,97.112,96.79,96.886
1737367200,96.886,97.703,96.886,97.57
1737381600,97.572,97.778,97.226,97.47
1737396000,97.465,97.73,97.429,97.658
1737410400,97.596,97.7,96.886,96.923
1737424800,96.926,97.022,96.78,96.8
1737439200,96.806,97.176,96.784,97.155
1737453600,97.158,97.179,96.89,97.007
1737468000,97.013,97.566,96.981,97.508
1737482400,97.51,97.6,97.433,97.56
1737496800,97.576,97.602,97.427,97.514
1737511200,97.512,97.698,97.489,97.629
1737525600,97.631,97.836,97.464,97.833
1737540000,97.834,98.078,97.82,97.944
1737554400,97.945,98.336,97.826,98.314
1737568800,98.31,98.336,98.164,98.208
1737583200,98.176,98.247,98.019,98.203
1737597600,98.202,98.318,98.092,98.263
1737612000,98.266,98.3,97.876,97.948
1737626400,97.947,98.13,97.861,97.971
1737640800,97.968,98.21,97.804,98.18
1737655200,98.18,98.18,97.938,98.076
1737669600,98.087,98.2,97.992,98.197
1737684000,98.199,98.658,97.882,98.238
1737698400,98.238,98.504,97.932,98.366
1737712800,98.366,98.766,98.351,98.553
1737727200,98.552,98.713,98.305,98.404
1737741600,98.404,98.516,98.328,98.49
1737928800,98.198,98.226,97.71,97.77
1737943200,97.77,98.194,97.715,98.176
1737957600,98.18,98.252,97.233,97.29
1737972000,97.286,97.286,96.822,97.04
1737986400,97.041,97.093,96.768,96.848
1738000800,96.846,97.33,96.824,97.228
1738015200,97.233,97.508,96.936,97.303
1738029600,97.302,97.456,97.246,97.358
1738044000,97.358,97.494,97.134,97.21
1738058400,97.21,97.268,96.876,97.016
1738072800,97.016,97.312,96.844,97.223
1738087200,97.224,97.32,97.178,97.24
1738101600,97.236,97.34,96.85,97.04
1738116000,97.04,97.162,96.794,96.824
1738130400,96.834,97.046,96.692,96.72
1738144800,96.719,96.802,96.482,96.574
1738159200,96.577,96.766,96.494,96.614
1738173600,96.62,96.867,96.558,96.752
1738188000,96.682,96.834,96.336,96.474
1738202400,96.475,96.488,96.059,96.09
1738216800,96.092,96.348,95.973,96.178
1738231200,96.178,96.266,95.864,95.957
1738245600,95.952,96.275,95.846,96.13
1738260000,96.132,96.316,95.691,95.798
1738274400,95.769,95.971,95.606,95.756
1738288800,95.756,96.348,95.67,96.282
1738303200,96.284,96.476,96.116,96.29
1738317600,96.292,96.402,96.034,96.295
1738332000,96.294,96.936,96.108,96.818
1738346400,96.815,96.872,96.256,96.404
1738533600,95.402,95.688,95.152,95.228
1738548000,95.228,95.322,94.689,95.224
1738562400,95.225,95.632,95.183,95.194
1738576800,95.194,95.374,94.915,95.268
1738591200,95.27,95.934,94.622,95.554
1738605600,95.558,96.466,95.438,96.375
1738620000,96.311,96.64,96.233,96.3
1738634400,96.304,96.425,95.574,96.022
1738648800,96.022,96.505,96.009,96.424
1738663200,96.422,96.591,96.356,96.521
1738677600,96.522,96.758,96.386,96.457
1738692000,96.454,96.6,96.417,96.554
1738706400,96.513,96.608,95.872,95.896
1738720800,95.894,95.964,95.697,95.934
1738735200,95.936,96.262,95.772,95.968
1738749600,95.968,96.156,95.858,96.078
1738764000,96.079,96.218,95.685,95.822
1738778400,95.82,96.018,95.78,95.902
1738792800,95.878,95.982,95.396,95.537
1738807200,95.536,95.591,95.278,95.454
1738821600,95.452,95.696,95.448,95.586
1738836000,95.586,95.628,95.201,95.26
1738850400,95.257,95.504,95.192,95.455
1738864800,95.459,95.474,94.97,95.174
1738879200,95.186,95.368,94.858,95.34
1738893600,95.342,95.526,95.248,95.28
1738908000,95.28,95.594,95.186,95.56
1738922400,95.558,95.677,95.287,95.38
1738936800,95.381,95.519,94.494,95.072
1738951200,95.07,95.184,94.851,94.948
1739138400,94.435,95.274,94.435,95.078
1739152800,95.078,95.417,95.043,95.302
1739167200,95.303,95.682,95.198,95.562
1739181600,95.559,95.637,95.34,95.408
1739196000,95.406,95.412,95.194,95.32
1739210400,95.32,95.49,95.298,95.424
1739224800,95.421,95.516,95.078,95.354
1739239200,95.356,95.391,95.125,95.364
1739253600,95.364,95.559,95.294,95.374
1739268000,95.374,95.748,95.364,95.63
1739282400,95.632,95.952,95.594,95.862
1739296800,95.862,96.11,95.825,95.998
1739311200,95.928,96.713,95.858,96.708
1739325600,96.71,96.874,96.594,96.609
1739340000,96.61,96.788,96.318,96.382
1739354400,96.382,96.56,96.154,96.416
1739368800,96.416,97.334,96.243,97.29
1739383200,97.289,97.319,96.912,96.974
1739397600,96.97,97.09,96.814,96.91
1739412000,96.913,97.28,96.802,97.072
1739426400,97.076,97.103,96.442,96.509
1739440800,96.506,96.573,96.101,96.148
1739455200,96.146,96.64,96.002,96.32
1739469600,96.318,96.564,96.118,96.545
1739484000,96.521,96.701,96.326,96.456
1739498400,96.458,96.737,96.388,96.442
1739512800,96.44,96.889,96.376,96.71
1739527200,96.712,96.994,96.573,96.689
1739541600,96.688,96.92,96.634,96.849
1739556000,96.848,96.881,96.729,96.736
1739743200,96.628,96.844,96.444,96.734
1739757600,96.736,96.745,96.382,96.487
1739772000,96.485,96.71,96.476,96.652
1739786400,96.652,96.668,96.339,96.422
1739800800,96.422,96.475,96.321,96.355
1739815200,96.354,96.374,96.205,96.314
1739829600,96.304,96.367,96.066,96.208
1739844000,96.208,96.791,96.192,96.622
1739858400,96.624,96.702,96.472,96.582
1739872800,96.582,96.586,96.194,96.226
1739887200,96.224,96.451,96.19,96.42
1739901600,96.42,96.642,96.386,96.598
1739916000,96.552,96.647,96.272,96.621
1739930400,96.619,96.768,96.52,96.628
1739944800,96.626,96.639,96.388,96.413
1739959200,96.414,96.512,96.334,96.334
1739973600,96.334,96.402,96.001,96.21
1739988000,96.21,96.255,96.106,96.106
1740002400,96.078,96.151,95.36,95.408
1740016800,95.408,95.778,95.327,95.7
1740031200,95.701,95.92,95.426,95.836
1740045600,95.836,95.836,95.538,95.69
1740060000,95.686,95.812,95.453,95.614
1740074400,95.612,95.922,95.604,95.773
1740088800,95.769,96.187,95.648,96.103
1740103200,96.105,96.497,96.058,96.066
1740117600,96.064,96.268,95.957,96.096
1740132000,96.096,96.138,95.948,96.043
1740146400,96.041,96.068,95.048,95.076
1740160800,95.073,95.073,94.651,94.914
1740348000,94.932,95.195,94.826,95.064
1740362400,95.066,95.456,95.062,95.27
1740376800,95.27,95.386,94.98,95.209
1740391200,95.207,95.454,95.164,95.379
1740405600,95.376,95.44,94.694,95.11
1740420000,95.108,95.26,94.965,95.058
1740434400,95.058,95.318,94.959,95.197
1740448800,95.197,95.264,94.912,95.142
1740463200,95.141,95.203,94.539,94.73
1740477600,94.731,95.072,94.7,94.827
1740492000,94.829,94.867,94.016,94.434
1740506400,94.434,94.693,94.434,94.545
1740520800,94.534,94.712,94.244,94.578
1740535200,94.586,94.692,94.432,94.495
1740549600,94.496,94.744,94.446,94.454
1740564000,94.452,94.478,94.256,94.287
1740578400,94.289,94.556,94.08,94.204
1740592800,94.2,94.25,93.779,94.003
1740607200,93.956,94.22,93.808,94.198
1740621600,94.202,94.222,93.713,93.968
1740636000,93.968,94.516,93.908,94.434
1740650400,94.438,94.484,93.752,93.832
1740664800,93.832,94.032,93.488,93.68
1740679200,93.68,93.904,93.31,93.416
1740693600,93.437,93.586,92.882,92.888
1740708000,92.884,93.172,92.73,93.104
1740722400,93.108,93.688,93.066,93.378
1740736800,93.38,93.864,93.366,93.6
1740751200,93.601,93.83,93.287,93.315
1740765600,93.31,93.52,93.111,93.504
1740952800,93.697,93.958,93.552,93.663
1740967200,93.664,93.692,93.328,93.514
1740981600,93.514,93.61,93.194,93.578
1740996000,93.576,94.243,93.574,94.1
1741010400,94.102,94.235,93.694,93.832
1741024800,93.831,93.844,92.536,93.055
1741039200,93.027,93.138,92.344,92.489
1741053600,92.49,92.748,92.251,92.64
1741068000,92.642,92.898,92.358,92.738
1741082400,92.737,92.737,92.26,92.27
1741096800,92.269,92.582,91.857,92.451
1741111200,92.45,93.994,92.432,93.954
1741125600,93.819,94.168,93.594,93.741
1741140000,93.738,93.764,93.338,93.64
1741154400,93.638,94,93.543,93.87
1741168800,93.87,94.07,93.606,93.802
1741183200,93.803,94.24,93.594,94.134
1741197600,94.134,94.404,93.956,94.324
1741212000,94.254,94.676,94.202,94.634
1741226400,94.634,94.72,94.385,94.392
1741240800,94.39,94.444,93.472,93.656
1741255200,93.656,93.756,93.322,93.354
1741269600,93.354,94.4,93.296,93.77
1741284000,93.772,93.88,93.422,93.725
1741298400,93.703,93.814,93.408,93.47
1741312800,93.469,93.504,92.915,92.918
1741327200,92.918,93.291,92.87,93.09
1741341600,93.09,93.218,92.508,92.542
1741356000,92.542,93.294,92.423,92.814
1741370400,92.818,93.484,92.808,93.372
1741554000,93.389,93.389,92.848,92.957
1741568400,92.96,93.248,92.858,93.11
1741582800,93.11,93.42,92.88,92.916
1741597200,92.91,93.262,92.777,92.999
1741611600,92.996,93.078,92.475,92.773
1741626000,92.772,92.812,92.15,92.469
1741640400,92.466,92.48,91.936,92.117
1741654800,92.118,92.559,91.824,92.262
1741669200,92.256,92.678,92.121,92.655
1741683600,92.658,93.054,92.604,92.962
1741698000,92.968,93.254,92.298,92.557
1741712400,92.558,93.312,92.304,93.07
1741726800,93.074,93.264,92.912,93.23
1741741200,93.229,93.25,93,93.17
1741755600,93.172,93.48,93.05,93.433
1741770000,93.434,93.756,93.388,93.727
1741784400,93.73,93.841,93.198,93.55
1741798800,93.552,93.782,93.441,93.702
1741813200,93.686,93.944,93.646,93.712
1741827600,93.713,93.83,93.269,93.294
1741842000,93.294,93.336,92.912,93.058
1741856400,93.06,93.246,92.88,93.02
1741870800,93.021,93.188,92.782,92.836
1741885200,92.838,92.932,92.536,92.878
1741899600,92.895,93.268,92.794,93.204
1741914000,93.204,93.48,93.11,93.462
1741928400,93.46,93.966,93.428,93.946
1741942800,93.95,94.064,93.638,93.968
1741957200,93.966,94.106,93.641,93.824
1741971600,93.822,94.094,93.81,94.03
1742158800,94.012,94.244,93.906,94.182
1742173200,94.18,94.328,94.02,94.275
1742187600,94.276,94.448,94.12,94.426
1742202000,94.428,94.512,94.176,94.452
1742216400,94.454,94.894,94.436,94.888
1742230800,94.888,95.355,94.857,95.27
1742245200,95.273,95.399,95.208,95.376
1742259600,95.378,95.506,95.288,95.334
1742274000,95.336,95.75,95.296,95.66
1742288400,95.662,95.686,95.251,95.371
1742302800,95.372,95.462,94.88,95.013
1742317200,95.012,95.04,94.774,94.966
1742331600,95.008,95.21,94.902,95.174
1742346000,95.176,95.188,94.92,95.049
1742360400,95.05,95.358,94.37,94.679
1742374800,94.678,94.974,94.582,94.876
1742389200,94.876,95.04,94.816,94.942
1742403600,94.943,94.947,94.444,94.534
1742418000,94.562,94.669,93.984,94.074
1742432400,94.074,94.212,93.858,94.14
1742446800,94.139,94.147,93.732,93.749
1742461200,93.75,93.826,93.272,93.386
1742475600,93.386,93.871,93.165,93.615
1742490000,93.616,93.855,93.594,93.784
1742504400,93.748,93.932,93.641,93.902
1742518800,93.901,94.038,93.727,93.971
1742533200,93.969,94.212,93.868,94.062
1742547600,94.063,94.064,93.438,93.443
1742562000,93.441,93.652,93.152,93.644
1742576400,93.647,93.744,93.543,93.683
1742763600,93.726,94.248,93.652,94.228
1742778000,94.227,94.262,93.939,94.038
1742792400,94.038,94.324,93.962,94.19
1742806800,94.185,94.342,94.112,94.17
1742821200,94.168,94.736,94.108,94.436
1742835600,94.435,94.745,94.368,94.727
1742850000,94.687,94.864,94.635,94.856
1742864400,94.856,94.92,94.62,94.649
1742878800,94.648,94.746,94.557,94.656
1742893200,94.656,94.912,94.626,94.782
1742907600,94.782,94.81,94.356,94.434
1742922000,94.434,94.525,94.338,94.495
1742936400,94.492,94.617,94.41,94.45
1742950800,94.452,95.002,94.266,95
1742965200,95,95.188,94.821,94.909
1742979600,94.906,95.06,94.822,94.976
1742994000,94.974,95.194,94.789,94.916
1743008400,94.914,94.99,94.538,94.834
1743022800,94.837,94.85,94.421,94.682
1743037200,94.684,94.854,94.445,94.822
1743051600,94.822,95.102,94.62,95.096
1743066000,95.099,95.4,95.081,95.107
1743080400,95.107,95.352,94.848,95.18
1743094800,95.184,95.361,95.154,95.236
1743109200,95.241,95.261,94.966,95.044
1743123600,95.042,95.052,94.697,94.79
1743138000,94.792,94.851,94.64,94.796
1743152400,94.798,95.004,94.719,94.944
1743166800,94.945,95.12,94.326,94.434
1743181200,94.433,94.442,94.098,94.226
1743368400,94.204,94.242,93.631,93.862
1743382800,93.865,94.046,93.408,93.608
1743397200,93.608,93.792,93.243,93.276
1743411600,93.274,93.392,93.194,93.298
1743426000,93.296,93.688,93.054,93.552
1743440400,93.551,93.933,93.543,93.677
1743454800,93.634,93.73,93.382,93.459
1743469200,93.453,93.832,93.27,93.754
1743483600,93.756,93.916,93.43,93.646
1743498000,93.644,93.737,93.15,93.411
1743512400,93.416,94.011,93.254,93.776
1743526800,93.775,93.964,93.523,93.93
1743541200,93.87,94.254,93.853,94.023
1743555600,94.022,94.456,93.994,94.422
1743570000,94.422,94.576,94.172,94.39
1743584400,94.39,94.464,93.932,94.078
1743598800,94.076,94.602,93.97,94.578
1743613200,94.578,95.32,93.53,93.986
1743627600,93.878,93.926,92.308,92.7
1743642000,92.7,92.912,92.286,92.45
1743656400,92.45,93.138,92.426,93.025
1743670800,93.021,93.104,92.644,92.816
1743685200,92.814,93.068,92.58,92.804
1743699600,92.806,92.838,92.302,92.436
1743714000,92.44,92.646,92.08,92.32
1743728400,92.32,92.554,90.565,90.648
1743742800,90.648,91.252,90.622,90.866
1743757200,90.868,90.924,87.684,89.052
1743771600,89.058,89.482,87.412,88.144
1743786000,88.148,89.095,87.92,88.808
1743973200,87.27,87.536,86.138,87.501
1743987600,87.5,88.365,87.332,87.743
1744002000,87.744,88.592,87.088,87.752
1744016400,87.748,89.516,87.354,89.37
1744030800,89.37,90.487,87.785,88.022
1744045200,88.026,88.852,88.026,88.54
1744059600,88.519,88.966,88.408,88.474
1744074000,88.475,89.547,88.241,89.539
1744088400,89.536,89.606,89.007,89.4
1744102800,89.398,89.404,88.577,88.958
1744117200,88.957,89.692,87.648,87.668
1744131600,87.676,87.89,86.871,87.138
1744146000,87.15,87.222,86.048,86.67
1744160400,86.671,87.468,86.257,86.62
1744174800,86.62,87.87,86.43,87.318
1744189200,87.318,87.918,86.652,86.984
1744203600,86.983,87.882,86.742,87.322
1744218000,87.318,91.324,87.102,90.94
1744232400,90.97,90.972,89.851,89.91
1744246800,89.912,90.724,89.76,90.69
1744261200,90.69,91.11,89.706,90.03
1744275600,90.028,90.288,89.666,89.914
1744290000,89.912,90.369,88.914,89.584
1744304400,89.577,90.376,89.39,89.904
1744318800,89.917,90.065,88.804,89.092
1744333200,89.096,89.904,88.531,88.554
1744347600,88.556,89.441,88.287,88.556
1744362000,88.552,89.404,88.428,89.228
1744376400,89.232,90.014,88.9,89.926
1744390800,89.928,90.516,89.881,90.249
1744578000,90.732,90.832,89.908,89.913
1744592400,89.916,90.118,89.571,90.066
1744606800,90.066,90.716,89.905,90.564
1744621200,90.562,90.637,90.298,90.456
1744635600,90.455,90.782,90.121,90.348
1744650000,90.35,90.7,90.262,90.498
1744664400,90.5,90.87,90.375,90.807
1744678800,90.804,91.188,90.709,91.108
1744693200,91.103,91.41,90.678,90.754
1744707600,90.752,91.088,90.596,91.038
1744722000,91.04,91.322,90.809,90.904
1744736400,90.902,91.006,90.791,90.879
1744750800,90.864,90.984,90.385,90.478
1744765200,90.478,90.686,90.314,90.57
1744779600,90.572,91.032,90.135,90.774
1744794000,90.781,91.066,90.644,90.712
1744808400,90.709,91.208,90.63,90.964
1744822800,90.965,91.066,90.14,90.358
1744837200,90.35,90.76,90.246,90.686
1744851600,90.686,90.82,90.393,90.42
1744866000,90.42,90.826,90.309,90.654
1744880400,90.654,90.858,90.514,90.804
1744894800,90.805,91.015,90.487,90.94
1744909200,90.943,91.173,90.832,91.046
1744923600,91.024,91.053,90.842,90.95
1744938000,90.947,90.979,90.608,90.826
1744952400,90.828,90.851,90.658,90.682
1744966800,90.68,90.778,90.664,90.709
1744981200,90.712,90.736,90.578,90.649
1744995600,90.654,90.71,90.596,90.636
1745182800,90.54,90.714,90.149,90.163
1745197200,90.166,90.493,89.974,90.338
1745211600,90.338,90.488,90.259,90.386
1745226000,90.387,90.66,90.324,90.524
1745240400,90.524,90.608,90.25,90.318
1745254800,90.318,90.474,90.042,90.378
1745269200,90.375,90.576,90.207,90.268
1745283600,90.269,90.504,90.101,90.174
1745298000,90.172,90.298,89.96,90.056
1745312400,90.054,90.105,89.641,89.815
1745326800,89.813,90.462,89.674,90.388
1745341200,90.388,90.504,89.962,90.126
1745355600,90.109,91.036,90.046,90.845
1745370000,90.834,91.004,90.582,90.757
1745384400,90.758,91.03,90.657,90.86
1745398800,90.86,91.032,90.686,90.996
1745413200,90.996,91.608,90.716,91.072
1745427600,91.072,91.35,90.98,91.207
1745442000,91.199,91.274,90.883,90.964
1745456400,90.968,91.027,90.623,90.763
1745470800,90.764,91.053,90.554,90.938
1745485200,90.939,91.046,90.808,90.856
1745499600,90.858,91.4,90.806,91.379
1745514000,91.38,91.464,91.266,91.4
1745528400,91.399,91.642,91.321,91.6
1745542800,91.602,92.222,91.387,92.006
1745557200,92.006,92.144,91.515,91.646
1745571600,91.65,91.73,91.336,91.516
1745586000,91.518,92.056,91.482,91.98
1745600400,91.978,92.1,91.656,91.918
1745787600,91.93,92.05,91.592,91.651
1745802000,91.65,91.856,91.54,91.767
1745816400,91.77,91.956,91.481,91.582
1745830800,91.581,91.83,91.577,91.671
1745845200,91.672,91.822,91.322,91.358
1745859600,91.356,91.456,91.203,91.356
1745874000,91.344,91.49,91.3,91.437
1745888400,91.438,91.683,91.331,91.398
1745902800,91.398,91.578,91.285,91.527
1745917200,91.525,91.57,91.236,91.241
1745931600,91.238,91.24,90.59,90.71
1745946000,90.71,90.962,90.688,90.887
1745960400,90.842,90.922,90.765,90.918
1745974800,90.915,91.418,90.881,91.414
1745989200,91.414,91.53,91.22,91.322
1746003600,91.324,91.546,90.918,91.014
1746018000,91.015,91.4,90.694,91.24
1746032400,91.24,91.732,91.184,91.598
1746046800,91.541,91.74,91.514,91.718
1746061200,91.716,92.129,91.68,92.098
1746075600,92.098,92.539,92.037,92.115
1746090000,92.114,92.512,92.029,92.418
1746104400,92.415,92.89,92.298,92.654
1746118800,92.65,93.056,92.641,92.818
1746133200,92.818,93.486,92.704,93.446
1746147600,93.452,93.471,93.04,93.239
1746162000,93.24,93.244,92.96,92.982
1746176400,92.982,93.311,92.881,93.23
1746190800,93.231,93.464,92.846,93.303
1746205200,93.301,93.569,93.209,93.426
1746392400,93.304,93.518,93.118,93.23
1746406800,93.234,93.436,93.152,93.25
1746421200,93.251,93.48,93.25,93.318
1746435600,93.318,93.429,93.161,93.184
1746450000,93.182,93.304,93.025,93.198
1746464400,93.195,93.202,92.935,92.956
1746478800,92.938,93.003,92.767,92.862
1746493200,92.86,93.05,92.753,92.974
1746507600,92.977,92.984,92.248,92.354
1746522000,92.356,92.438,92.18,92.196
1746536400,92.194,92.802,92.116,92.59
1746550800,92.597,92.648,92.414,92.49
1746565200,92.525,93.352,92.452,92.92
1746579600,92.918,93,92.726,92.84
1746594000,92.842,92.928,92.614,92.759
1746608400,92.761,92.864,92.62,92.739
1746622800,92.74,92.74,92.55,92.678
1746637200,92.682,92.769,92.22,92.404
1746651600,92.366,92.73,92.333,92.666
1746666000,92.672,92.816,92.552,92.764
1746680400,92.764,92.938,92.471,92.878
1746694800,92.88,93.036,92.734,92.858
1746709200,92.858,93.453,92.762,93.426
1746723600,93.426,93.552,93.285,93.386
1746738000,93.346,93.44,93.094,93.106
1746752400,93.11,93.332,92.992,93.26
1746766800,93.259,93.281,92.947,93.038
1746781200,93.038,93.132,92.806,93.086
1746795600,93.086,93.332,93.039,93.184
1746810000,93.19,93.265,93.124,93.204
1746997200,93.831,93.98,93.542,93.698
1747011600,93.696,93.998,93.524,93.836
1747026000,93.842,94.922,93.838,94.71
1747040400,94.713,94.916,94.514,94.566
1747054800,94.566,94.703,94.256,94.518
1747069200,94.518,94.632,94.412,94.606
1747083600,94.589,94.649,94.067,94.077
1747098000,94.078,94.806,94.066,94.709
1747112400,94.708,94.95,94.654,94.758
1747126800,94.762,95.168,94.739,95.157
1747141200,95.158,95.642,94.908,95.556
1747155600,95.559,95.648,95.402,95.426
1747170000,95.417,95.572,95.32,95.384
1747184400,95.384,95.484,95.06,95.089
1747198800,95.088,95.372,94.875,94.926
1747213200,94.92,94.966,94.428,94.542
1747227600,94.543,94.574,94.185,94.39
1747242000,94.388,94.426,94.257,94.334
1747256400,94.361,94.377,94.034,94.064
1747270800,94.061,94.376,93.914,93.959
1747285200,93.96,94.006,93.55,93.588
1747299600,93.59,93.683,93.39,93.546
1747314000,93.546,93.604,93.12,93.248
1747328400,93.249,93.347,93.2,93.344
1747342800,93.299,93.32,92.744,92.834
1747357200,92.836,93.468,92.829,93.369
1747371600,93.37,93.495,93.124,93.396
1747386000,93.394,93.499,93.311,93.338
1747400400,93.338,93.504,93.26,93.392
1747414800,93.394,93.505,93.25,93.276
1747602000,93.065,93.236,92.898,92.946
1747616400,92.945,93.192,92.876,93.094
1747630800,93.096,93.219,92.906,93.217
1747645200,93.22,93.496,93.157,93.387
1747659600,93.388,93.682,93.304,93.6
1747674000,93.598,93.668,93.478,93.543
1747688400,93.538,93.849,93.51,93.656
1747702800,93.654,93.654,92.974,93.013
1747717200,93.011,93.12,92.531,92.739
1747731600,92.738,92.832,92.55,92.641
1747746000,92.642,92.95,92.499,92.931
1747760400,92.93,93,92.666,92.832
1747774800,92.855,92.909,92.56,92.834
1747789200,92.834,92.884,92.626,92.736
1747803600,92.738,92.856,92.588,92.81
1747818000,92.807,92.884,92.536,92.609
1747832400,92.612,92.939,92.584,92.856
1747846800,92.856,92.882,92.376,92.476
1747861200,92.443,92.858,92.201,92.392
1747875600,92.394,92.492,92.132,92.454
1747890000,92.451,92.47,92.147,92.23
1747904400,92.228,92.33,91.995,92.186
1747918800,92.188,92.451,92.044,92.318
1747933200,92.318,92.526,92.232,92.324
1747947600,92.338,92.424,92.16,92.334
1747962000,92.33,92.452,92.271,92.318
1747976400,92.316,92.532,92.218,92.492
1747990800,92.489,92.698,91.652,92.106
1748005200,92.108,92.586,91.966,92.546
1748019600,92.547,92.688,92.516,92.624
1748206800,92.489,92.975,92.396,92.745
1748221200,92.744,93.074,92.696,92.974
1748235600,92.976,93.202,92.962,93.058
1748250000,93.059,93.062,92.892,92.974
1748264400,92.978,92.983,92.624,92.628
1748278800,92.629,92.69,92.54,92.671
1748293200,92.705,92.705,92.268,92.376
1748307600,92.376,92.46,92.14,92.45
1748322000,92.456,92.876,92.456,92.784
1748336400,92.783,93.009,92.737,92.974
1748350800,92.974,93.102,92.852,93.024
1748365200,93.022,93.042,92.938,93.006
1748379600,92.992,93.072,92.808,92.945
1748394000,92.944,93.242,92.744,92.816
1748408400,92.815,93.039,92.758,92.864
1748422800,92.864,93.012,92.797,92.804
1748437200,92.803,93.141,92.775,93.07
1748451600,93.071,93.148,93.004,93.105
1748466000,93.053,93.806,92.974,93.806
1748480400,93.808,93.878,93.438,93.724
1748494800,93.724,93.848,93.489,93.509
1748509200,93.512,93.572,93.207,93.244
1748523600,93.244,93.261,92.784,92.953
1748538000,92.952,92.97,92.858,92.891
1748552400,92.91,92.984,92.485,92.684
1748566800,92.683,92.722,92.366,92.453
1748581200,92.456,92.685,92.274,92.411
1748595600,92.411,92.493,92.018,92.31
1748610000,92.309,92.906,92.266,92.456
1748624400,92.454,92.78,92.438,92.672
1748811600,92.583,92.772,92.504,92.672
1748826000,92.669,92.854,92.562,92.663
1748840400,92.663,92.782,92.53,92.592
1748854800,92.592,92.696,92.459,92.673
1748869200,92.67,92.754,92.381,92.71
1748883600,92.712,92.76,92.63,92.708
1748898000,92.653,92.71,92.48,92.663
1748912400,92.662,92.87,92.412,92.438
1748926800,92.438,92.486,92.063,92.182
1748941200,92.184,92.553,92.146,92.54
1748955600,92.541,93.082,92.528,93.008
1748970000,93.001,93.137,92.979,93.058
1748984400,93.08,93.138,92.894,93.032
1748998800,93.033,93.176,92.818,93.134
1749013200,93.134,93.222,92.954,93.167
1749027600,93.168,93.597,93.142,93.205
1749042000,93.204,93.359,92.724,92.766
1749056400,92.764,92.844,92.659,92.692
1749070800,92.656,92.846,92.558,92.748
1749085200,92.747,92.915,92.69,92.863
1749099600,92.864,93.232,92.8,93.198
1749114000,93.199,93.622,93.033,93.436
1749128400,93.436,93.788,93.275,93.488
1749142800,93.487,93.705,93.346,93.404
1749157200,93.402,93.59,93.294,93.553
1749171600,93.548,93.614,93.364,93.54
1749186000,93.538,93.626,93.412,93.48
1749200400,93.479,93.942,93.462,93.885
1749214800,93.886,94.132,93.857,94.056
1749229200,94.054,94.124,94.028,94.046
1749416400,94.145,94.22,93.974,94.192
1749430800,94.19,94.243,93.992,94.058
1749445200,94.06,94.178,93.914,94.092
1749459600,94.096,94.23,94.012,94.198
1749474000,94.196,94.3,94.11,94.184
1749488400,94.186,94.343,94.171,94.232
1749502800,94.184,94.282,94.16,94.198
1749517200,94.193,94.602,94.19,94.513
1749531600,94.516,94.528,93.898,94.235
1749546000,94.234,94.353,94.158,94.254
1749560400,94.257,94.556,94.257,94.539
1749574800,94.536,94.574,94.42,94.508
1749589200,94.52,94.749,94.323,94.407
1749603600,94.408,94.504,94.197,94.438
1749618000,94.441,94.592,94.41,94.438
1749632400,94.444,94.727,94.362,94.494
1749646800,94.493,94.59,94.156,94.324
1749661200,94.324,94.382,93.884,94.008
1749675600,93.961,94.018,93.638,93.676
1749690000,93.676,93.718,93.306,93.486
1749704400,93.489,93.577,93.24,93.492
1749718800,93.489,93.674,93.354,93.523
1749733200,93.52,93.915,93.438,93.746
1749747600,93.746,93.774,93.662,93.742
1749762000,93.741,93.841,92.388,92.65
1749776400,92.652,93.166,92.315,92.944
1749790800,92.945,93.374,92.864,93.314
1749805200,93.314,93.512,93.278,93.492
1749819600,93.489,93.875,93.384,93.809
1749834000,93.807,93.815,93.291,93.496
1750021200,93.358,93.888,93.348,93.707
1750035600,93.708,93.712,93.42,93.525
1750050000,93.526,94.014,93.511,93.955
1750064400,93.962,94.14,93.84,94.06
1750078800,94.06,94.418,93.944,94.368
1750093200,94.366,94.555,94.331,94.452
1750107600,94.435,94.512,94.171,94.488
1750122000,94.488,94.67,94.317,94.492
1750136400,94.496,94.843,94.418,94.683
1750150800,94.685,94.797,94.382,94.478
1750165200,94.474,94.742,94.285,94.302
1750179600,94.301,94.358,93.946,94.095
1750194000,94.096,94.29,94.012,94.206
1750208400,94.21,94.32,94.095,94.317
1750222800,94.32,94.418,94.168,94.197
1750237200,94.198,94.258,93.944,94.172
1750251600,94.174,94.4,94.03,94.259
1750266000,94.256,94.492,94.219,94.456
1750280400,94.43,94.468,94.134,94.146
1750294800,94.146,94.234,93.807,94.114
1750309200,94.118,94.132,93.825,94.074
1750323600,94.074,94.27,93.992,94.056
1750338000,94.054,94.1,93.854,94.028
1750352400,94.028,94.275,94.02,94.275
1750366800,94.259,94.354,94.108,94.228
1750381200,94.229,94.42,94.068,94.366
1750395600,94.364,94.446,94.102,94.282
1750410000,94.282,94.544,94.269,94.488
1750424400,94.489,94.558,94.163,94.198
1750438800,94.196,94.31,94.104,94.215
1750626000,94.312,94.406,93.918,94.266
1750640400,94.266,94.351,93.85,94.144
1750654800,94.142,94.687,94.138,94.504
1750669200,94.507,94.544,94.109,94.219
1750683600,94.22,94.386,93.864,93.984
1750698000,93.987,94.438,93.959,94.405
1750712400,94.382,94.562,94.319,94.356
1750726800,94.356,94.485,94.262,94.464
1750741200,94.464,94.554,94.226,94.356
1750755600,94.356,94.524,94.268,94.296
1750770000,94.298,94.351,94.082,94.138
1750784400,94.135,94.21,93.97,94.036
1750798800,94.076,94.254,93.976,94.15
1750813200,94.15,94.287,94.022,94.201
1750827600,94.206,94.551,94.154,94.522
1750842000,94.522,94.723,94.474,94.69
1750856400,94.689,94.753,94.465,94.58
1750870800,94.581,94.626,94.489,94.61
1750885200,94.568,94.596,94.332,94.339
1750899600,94.338,94.612,94.239,94.437
1750914000,94.436,94.474,94.064,94.195
1750928400,94.194,94.448,94.062,94.392
1750942800,94.395,94.638,94.37,94.56
1750957200,94.56,94.636,94.518,94.528
1750971600,94.533,94.854,94.43,94.809
1750986000,94.81,94.83,94.524,94.565
1751000400,94.566,94.756,94.458,94.614
1751014800,94.616,94.624,94.417,94.544
1751029200,94.542,94.623,94.392,94.522
1751043600,94.521,94.58,94.23,94.492
1751230800,94.365,94.552,94.365,94.44
1751245200,94.439,94.508,94.149,94.185
1751259600,94.186,94.276,93.994,94.219
1751274000,94.219,94.384,94.09,94.358
1751288400,94.358,94.804,94.321,94.792
1751302800,94.794,94.892,94.715,94.784
1751317200,94.764,94.806,94.394,94.408
1751331600,94.405,94.604,94.232,94.484
1751346000,94.486,94.544,94.11,94.223
1751360400,94.224,94.247,93.968,94.046
1751374800,94.048,94.444,93.998,94.37
1751389200,94.369,94.564,94.354,94.404
1751403600,94.372,94.538,94.314,94.432
1751418000,94.432,94.528,94.316,94.467
1751432400,94.468,94.606,94.368,94.501
1751446800,94.5,94.687,94.125,94.25
1751461200,94.251,94.572,94.237,94.494
1751475600,94.496,94.642,94.483,94.583
1751490000,94.586,94.621,94.346,94.478
1751504400,94.478,94.506,94.337,94.504
1751518800,94.506,94.686,94.446,94.64
1751533200,94.639,94.994,94.512,94.926
1751547600,94.928,95.372,94.87,95.319
1751562000,95.318,95.364,95.224,95.23
1751576400,95.254,95.277,95.026,95.095
1751590800,95.096,95.154,94.778,94.876
1751605200,94.876,94.97,94.572,94.666
1751619600,94.666,94.71,94.589,94.612
1751634000,94.611,94.692,94.608,94.654
1751648400,94.654,94.752,94.599,94.714
1751835600,94.807,94.825,94.352,94.406
1751850000,94.402,94.489,94.236,94.303
1751864400,94.304,94.498,94.276,94.342
1751878800,94.342,94.698,94.28,94.67
1751893200,94.668,95.048,94.653,94.846
1751907600,94.846,95.042,94.765,94.806
1751922000,94.819,95.234,94.724,95.191
1751936400,95.19,95.708,95.044,95.487
1751950800,95.488,95.692,95.314,95.634
1751965200,95.635,95.965,95.572,95.945
1751979600,95.946,95.959,95.612,95.754
1751994000,95.756,95.895,95.667,95.709
1752008400,95.713,95.876,95.62,95.808
1752022800,95.809,96.201,95.784,96.108
1752037200,96.106,96.217,95.724,95.785
1752051600,95.784,95.815,95.596,95.709
1752066000,95.708,95.834,95.607,95.652
1752080400,95.655,95.754,95.61,95.612
1752094800,95.602,95.657,95.392,95.421
1752109200,95.422,95.762,95.399,95.701
1752123600,95.699,96.012,95.696,95.966
1752138000,95.968,96.034,95.778,95.937
1752152400,95.938,96.32,95.882,96.278
1752166800,96.278,96.391,96.196,96.367
1752181200,96.255,96.48,95.984,96.248
1752195600,96.248,96.816,96.216,96.726
1752210000,96.725,96.784,96.546,96.606
1752224400,96.606,96.779,96.556,96.7
1752238800,96.696,97.042,96.67,96.96
1752253200,96.96,97.058,96.886,96.938
1752440400,96.644,96.932,96.614,96.716
1752454800,96.718,96.795,96.45,96.702
1752469200,96.702,96.874,96.564,96.728
1752483600,96.731,96.828,96.602,96.66
1752498000,96.66,96.822,96.616,96.715
1752512400,96.718,96.774,96.666,96.702
1752526800,96.718,96.816,96.641,96.654
1752541200,96.654,96.861,96.545,96.634
1752555600,96.633,97.081,96.612,96.961
1752570000,96.959,97.256,96.911,97.188
1752584400,97.189,97.434,96.914,96.922
1752598800,96.922,97.056,96.916,96.958
1752613200,97.008,97.283,96.937,97.236
1752627600,97.24,97.323,97.074,97.194
1752642000,97.197,97.222,96.979,97.066
1752656400,97.069,97.084,96.898,96.928
1752670800,96.926,96.976,96.114,96.606
1752685200,96.607,96.638,96.321,96.53
1752699600,96.558,96.659,96.412,96.658
1752714000,96.659,96.774,96.106,96.338
1752728400,96.338,96.387,96.04,96.177
1752742800,96.175,96.268,95.996,96.209
1752757200,96.21,96.364,96.032,96.346
1752771600,96.345,96.506,96.338,96.416
1752786000,96.387,96.676,96.342,96.672
1752800400,96.674,96.744,96.537,96.622
1752814800,96.624,96.916,96.62,96.86
1752829200,96.86,96.966,96.816,96.912
1752843600,96.912,96.968,96.816,96.834
1752858000,96.838,96.878,96.753,96.86
1753045200,96.386,96.76,96.386,96.534
1753059600,96.534,96.668,96.523,96.618
1753074000,96.619,96.639,96.269,96.382
1753088400,96.383,96.392,96.142,96.204
1753102800,96.204,96.275,96.047,96.123
1753117200,96.119,96.201,96.082,96.14
1753131600,96.156,96.375,96.038,96.135
1753146000,96.132,96.278,96.118,96.22
1753160400,96.22,96.382,96.046,96.111
1753174800,96.108,96.149,95.774,95.808
1753189200,95.805,96.01,95.631,95.95
1753203600,95.952,96.156,95.934,96.134
1753218000,96.112,96.277,95.842,96.022
1753232400,96.022,96.558,95.992,96.498
1753246800,96.498,96.7,96.308,96.638
1753261200,96.639,96.678,96.386,96.462
1753275600,96.462,96.664,96.341,96.492
1753290000,96.493,96.744,96.442,96.733
1753304400,96.703,96.73,96.536,96.66
1753318800,96.66,96.671,96.394,96.656
1753333200,96.653,97.043,96.631,97.018
1753347600,97.018,97.044,96.828,96.968
1753362000,96.968,97.026,96.772,96.904
1753376400,96.904,96.988,96.806,96.872
1753390800,96.88,97.142,96.869,97.081
1753405200,97.08,97.108,96.68,96.694
1753419600,96.692,97.114,96.622,97.049
1753434000,97.05,97.08,96.931,96.983
1753448400,96.982,96.989,96.816,96.937
1753462800,96.934,96.992,96.844,96.959
1753650000,97.152,97.215,97.02,97.15
1753664400,97.151,97.29,96.946,97.017
1753678800,97.023,97.099,96.608,96.714
1753693200,96.714,96.927,96.672,96.736
1753707600,96.737,96.846,96.564,96.766
1753722000,96.766,96.882,96.687,96.868
1753736400,96.836,96.944,96.708,96.848
1753750800,96.848,96.948,96.681,96.776
1753765200,96.774,96.794,96.584,96.775
1753779600,96.776,96.851,96.571,96.636
1753794000,96.635,96.731,96.562,96.716
1753808400,96.715,96.791,96.651,96.654
1753822800,96.696,96.752,96.602,96.616
1753837200,96.618,96.66,96.304,96.47
1753851600,96.47,96.472,96.15,96.198
1753866000,96.196,96.336,96.131,96.262
1753880400,96.262,96.294,96.109,96.157
1753894800,96.156,96.256,95.961,96.202
1753909200,96.182,96.288,96.13,96.186
1753923600,96.187,96.296,95.864,96.29
1753938000,96.29,96.748,96.194,96.616
1753952400,96.619,96.758,96.495,96.708
1753966800,96.708,96.972,96.684,96.912
1753981200,96.911,96.996,96.723,96.856
1753995600,96.86,96.97,96.786,96.935
1754010000,96.936,97.072,96.882,96.918
1754024400,96.918,96.96,96.716,96.728
1754038800,96.727,96.738,96.322,96.322
1754053200,96.318,96.336,95.382,95.404
1754067600,95.403,95.437,95.104,95.362
1754254800,95.246,95.59,95.132,95.589
1754269200,95.587,95.82,95.566,95.733
1754283600,95.728,95.864,95.636,95.806
1754298000,95.804,95.856,95.356,95.398
1754312400,95.398,95.531,95.038,95.05
1754326800,95.048,95.146,94.909,95.132
1754341200,95.145,95.221,94.944,95.096
1754355600,95.098,95.168,95.005,95.08
1754370000,95.083,95.281,95.002,95.234
1754384400,95.236,95.498,95.211,95.474
1754398800,95.474,95.552,95.176,95.543
1754413200,95.542,95.606,95.458,95.51
1754427600,95.492,95.62,95.448,95.59
1754442000,95.589,95.764,95.57,95.678
1754456400,95.678,95.962,95.617,95.947
1754470800,95.946,96.027,95.846,95.892
1754485200,95.89,95.904,95.607,95.754
1754499600,95.758,95.965,95.644,95.832
1754514000,95.814,95.93,95.662,95.882
1754528400,95.882,96.099,95.866,95.994
1754542800,95.996,96.14,95.771,96.092
1754557200,96.09,96.208,95.972,96.107
1754571600,96.108,96.141,95.748,95.799
1754586000,95.804,96.006,95.728,95.988
1754600400,95.915,95.991,95.754,95.962
1754614800,95.96,96.063,95.935,95.98
1754629200,95.982,96.272,95.946,96.26
1754643600,96.261,96.468,96.206,96.35
1754658000,96.348,96.526,96.342,96.405
1754672400,96.404,96.47,96.314,96.354
1754859600,96.263,96.38,96.184,96.22
1754874000,96.224,96.308,96.176,96.224
1754888400,96.222,96.318,95.998,96.191
1754902800,96.19,96.385,96.148,96.176
1754917200,96.176,96.416,96.157,96.374
1754931600,96.374,96.535,96.348,96.49
1754946000,96.465,96.759,96.422,96.727
1754960400,96.722,96.836,96.487,96.654
1754974800,96.652,96.67,96.289,96.37
1754989200,96.369,96.408,96.234,96.302
1755003600,96.306,96.693,96.212,96.475
1755018000,96.474,96.554,96.429,96.539
1755032400,96.481,96.567,96.394,96.446
1755046800,96.447,96.735,96.396,96.623
1755061200,96.625,96.753,96.417,96.47
1755075600,96.471,96.662,96.425,96.48
1755090000,96.481,96.518,96.316,96.416
1755104400,96.42,96.499,96.39,96.478
1755118800,96.482,96.482,96.053,96.128
1755133200,96.132,96.242,95.874,95.9
1755147600,95.898,96.01,95.628,95.632
1755162000,95.632,95.739,95.522,95.602
1755176400,95.602,95.986,95.562,95.925
1755190800,95.926,96.062,95.917,95.976
1755205200,95.936,96.075,95.827,95.833
1755219600,95.831,95.886,95.586,95.653
1755234000,95.657,95.85,95.592,95.596
1755248400,95.596,95.818,95.522,95.712
1755262800,95.709,95.866,95.668,95.852
1755277200,95.85,95.884,95.754,95.77
1755464400,95.834,96.056,95.77,96.025
1755478800,96.026,96.162,96.026,96.101
1755493200,96.1,96.17,95.871,96
1755507600,96,96.16,95.96,96.132
1755522000,96.134,96.205,95.878,95.904
1755536400,95.903,96.056,95.87,95.984
1755550800,96.008,96.104,95.95,95.97
1755565200,95.968,96.066,95.804,95.882
1755579600,95.884,95.92,95.636,95.75
1755594000,95.75,95.962,95.74,95.832
1755608400,95.832,95.844,95.305,95.32
1755622800,95.318,95.326,95.126,95.308
1755637200,95.378,95.378,95.168,95.198
1755651600,95.2,95.262,94.868,95.098
1755666000,95.098,95.108,94.762,94.956
1755680400,94.954,95.014,94.84,94.898
1755694800,94.896,94.952,94.404,94.668
1755709200,94.666,94.84,94.632,94.772
1755723600,94.768,94.911,94.682,94.737
1755738000,94.736,94.84,94.586,94.622
1755752400,94.624,94.828,94.576,94.811
1755766800,94.815,95.11,94.796,94.862
1755781200,94.862,95.289,94.832,95.234
1755795600,95.229,95.344,95.18,95.274
1755810000,95.273,95.462,95.219,95.394
1755824400,95.396,95.524,95.344,95.477
1755838800,95.478,95.59,95.242,95.581
1755853200,95.58,95.598,95.375,95.492
1755867600,95.494,95.585,95.144,95.19
1755882000,95.193,95.433,95.181,95.394
1756069200,95.362,95.633,95.318,95.561
1756083600,95.558,95.618,95.396,95.55
1756098000,95.55,95.73,95.55,95.674
1756112400,95.675,95.758,95.582,95.681
1756126800,95.685,95.954,95.676,95.848
1756141200,95.846,95.852,95.747,95.793
1756155600,95.732,95.83,95.398,95.48
1756170000,95.474,95.762,95.366,95.749
1756184400,95.748,95.815,95.541,95.58
1756198800,95.578,95.76,95.572,95.702
1756213200,95.7,95.846,95.598,95.693
1756227600,95.691,95.796,95.668,95.748
1756242000,95.671,95.843,95.643,95.827
1756256400,95.83,96.006,95.793,95.939
1756270800,95.94,95.956,95.626,95.715
1756285200,95.718,95.858,95.681,95.826
1756299600,95.829,95.995,95.775,95.917
1756314000,95.917,96.008,95.886,95.904
1756328400,95.876,96.068,95.777,95.928
1756342800,95.928,96.04,95.784,95.82
1756357200,95.82,95.985,95.71,95.957
1756371600,95.956,96.061,95.836,96.038
1756386000,96.038,96.088,95.864,95.962
1756400400,95.959,96.012,95.859,95.992
1756414800,95.9,96.036,95.872,95.962
1756429200,95.963,96.169,95.946,96.069
1756443600,96.068,96.183,96.008,96.048
1756458000,96.05,96.194,95.999,96.188
1756472400,96.19,96.224,96.027,96.172
1756486800,96.172,96.245,96.119,96.17
1756674000,96.239,96.426,96.136,96.4
1756688400,96.4,96.403,96.133,96.212
1756702800,96.212,96.39,96.058,96.38
1756717200,96.378,96.512,96.359,96.452
1756731600,96.449,96.593,96.432,96.496
1756746000,96.496,96.497,96.444,96.465
1756760400,96.426,96.548,96.408,96.524
1756774800,96.53,96.658,96.462,96.573
1756789200,96.571,96.873,96.562,96.69
1756803600,96.69,96.789,96.487,96.546
1756818000,96.546,96.715,96.48,96.698
1756832400,96.7,96.78,96.656,96.726
1756846800,96.68,96.922,96.616,96.915
1756861200,96.914,97.148,96.866,96.898
1756875600,96.897,97.058,96.714,96.954
1756890000,96.956,97.281,96.953,97.279
1756904400,97.278,97.3,96.847,96.916
1756918800,96.914,96.964,96.82,96.92
1756933200,96.84,97.02,96.802,96.914
1756947600,96.914,96.935,96.746,96.778
1756962000,96.78,96.84,96.649,96.745
1756976400,96.746,96.788,96.572,96.788
1756990800,96.79,96.89,96.559,96.758
1757005200,96.76,96.828,96.748,96.765
1757019600,96.739,96.838,96.676,96.707
1757034000,96.708,96.792,96.672,96.754
1757048400,96.756,97.002,96.727,96.963
1757062800,96.962,97.002,96.651,96.806
1757077200,96.804,96.972,96.311,96.578
1757091600,96.578,96.672,96.513,96.644
1757278800,97.11,97.337,96.945,97.25
1757293200,97.252,97.296,97.08,97.236
1757307600,97.234,97.3,97.118,97.246
1757322000,97.245,97.432,97.203,97.418
1757336400,97.418,97.43,97.206,97.256
1757350800,97.254,97.274,97.164,97.26
1757365200,97.192,97.268,97.116,97.186
1757379600,97.186,97.278,97.11,97.202
1757394000,97.202,97.328,96.872,96.959
1757408400,96.958,97.059,96.819,96.938
1757422800,96.939,97.098,96.863,97.059
1757437200,97.06,97.099,97.025,97.068
1757451600,97.072,97.126,97.026,97.126
1757466000,97.126,97.436,97.072,97.422
1757480400,97.42,97.5,97.292,97.369
1757494800,97.37,97.558,97.345,97.548
1757509200,97.551,97.746,97.44,97.556
1757523600,97.558,97.59,97.476,97.528
1757538000,97.539,97.566,97.452,97.482
1757552400,97.482,97.56,97.42,97.456
1757566800,97.456,97.758,97.402,97.708
1757581200,97.706,97.797,97.5,97.708
1757595600,97.708,98.008,97.658,97.936
1757610000,97.935,98.114,97.918,98.064
1757624400,98.035,98.216,98.009,98.171
1757638800,98.17,98.288,98.116,98.206
1757653200,98.208,98.322,98.058,98.29
1757667600,98.288,98.426,98.13,98.158
1757682000,98.157,98.171,98.044,98.107
1757696400,98.106,98.202,98.042,98.2
1757883600,98.192,98.28,97.988,98.142
1757898000,98.144,98.274,98.125,98.234
1757912400,98.236,98.293,98.156,98.171
1757926800,98.172,98.232,98.051,98.173
1757941200,98.173,98.284,98.064,98.21
1757955600,98.208,98.354,98.202,98.329
1757970000,98.272,98.392,98.236,98.316
1757984400,98.316,98.372,97.924,97.938
1757998800,97.938,98.03,97.81,97.94
1758013200,97.94,98.134,97.929,98.089
1758027600,98.09,98.11,97.704,97.812
1758042000,97.812,97.952,97.784,97.908
1758056400,97.888,97.964,97.806,97.929
1758070800,97.93,97.956,97.762,97.768
1758085200,97.768,97.846,97.665,97.706
1758099600,97.706,97.831,97.54,97.786
1758114000,97.786,97.798,97.468,97.484
1758128400,97.483,97.826,97.424,97.787
1758142800,97.741,97.828,97.628,97.708
1758157200,97.708,97.83,97.568,97.611
1758171600,97.612,97.942,97.53,97.872
1758186000,97.871,98.1,97.818,98
1758200400,98,98.1,97.82,97.865
1758214800,97.864,97.908,97.8,97.864
1758229200,97.875,97.974,97.816,97.866
1758243600,97.866,97.902,97.308,97.429
1758258000,97.428,97.732,97.246,97.692
1758272400,97.695,97.748,97.588,97.612
1758286800,97.611,97.662,97.444,97.52
1758301200,97.52,97.626,97.504,97.558
1758488400,97.566,97.72,97.478,97.563
1758502800,97.56,97.86,97.513,97.794
1758517200,97.795,97.81,97.36,97.5
1758531600,97.502,97.586,97.462,97.548
1758546000,97.55,97.572,97.312,97.407
1758560400,97.408,97.538,97.403,97.5
1758574800,97.497,97.537,97.367,97.412
1758589200,97.412,97.413,97.245,97.298
1758603600,97.296,97.438,97.282,97.38
1758618000,97.386,97.678,97.356,97.65
1758632400,97.654,97.725,97.511,97.565
1758646800,97.566,97.576,97.25,97.438
1758661200,97.389,97.498,97.278,97.454
1758675600,97.452,97.955,97.364,97.908
1758690000,97.908,98.093,97.852,98.046
1758704400,98.046,98.184,98.003,98.03
1758718800,98.032,98.069,97.814,97.836
1758733200,97.838,98.036,97.832,98.034
1758747600,98.018,98.018,97.89,97.955
1758762000,97.956,98.16,97.936,98.044
1758776400,98.044,98.216,97.966,98.147
1758790800,98.15,98.226,97.828,97.914
1758805200,97.914,98.138,97.75,98.024
1758819600,98.023,98.03,97.76,97.976
1758834000,97.934,98.038,97.83,97.86
1758848400,97.86,97.982,97.83,97.896
1758862800,97.898,98,97.756,97.816
1758877200,97.818,97.861,97.732,97.826
1758891600,97.828,97.981,97.78,97.94
1758906000,97.941,97.956,97.854,97.883
1759093200,97.914,97.968,97.781,97.81
1759107600,97.809,97.888,97.668,97.876
1759122000,97.878,97.894,97.543,97.577
1759136400,97.578,97.664,97.535,97.606
1759150800,97.604,97.79,97.518,97.702
1759165200,97.704,97.822,97.68,97.734
1759179600,97.758,97.897,97.694,97.889
1759194000,97.888,98.152,97.786,98.044
1759208400,98.043,98.044,97.426,97.73
1759222800,97.727,97.908,97.663,97.837
1759237200,97.836,97.987,97.768,97.8
1759251600,97.798,97.865,97.754,97.838
1759266000,97.758,97.924,97.71,97.82
1759280400,97.82,97.83,97.409,97.432
1759294800,97.434,97.498,97.204,97.332
1759309200,97.332,97.376,97.108,97.178
1759323600,97.174,97.274,97.034,97.258
1759338000,97.258,97.354,97.233,97.268
1759352400,97.264,97.363,97.192,97.242
1759366800,97.246,97.408,97.15,97.383
1759381200,97.385,97.464,97.13,97.186
1759395600,97.188,97.193,96.858,97.152
1759410000,97.149,97.176,96.944,97.028
1759424400,97.028,97.139,97.012,97.136
1759438800,97.114,97.276,97.018,97.254
1759453200,97.254,97.434,97.178,97.356
1759467600,97.354,97.48,97.282,97.323
1759482000,97.322,97.354,97.233,97.282
1759496400,97.282,97.502,97.166,97.476
1759510800,97.476,97.478,97.291,97.366
1759698000,98.382,98.845,98.23,98.78
1759712400,98.783,99.308,98.652,99.251
1759726800,99.256,99.362,99.069,99.232
1759741200,99.231,99.24,98.891,99.007
1759755600,99.006,99.367,98.986,99.366
1759770000,99.367,99.542,99.322,99.502
1759784400,99.464,99.682,99.386,99.462
1759798800,99.462,99.644,99.41,99.446
1759813200,99.445,99.471,99.16,99.382
1759827600,99.382,99.447,99.328,99.354
1759842000,99.354,99.754,99.299,99.66
1759856400,99.659,100.046,99.658,99.968
1759870800,100.005,100.196,99.89,100.156
1759885200,100.157,100.206,99.958,100.009
1759899600,100.008,100.224,99.918,100.21
1759914000,100.212,100.544,100.207,100.348
1759928400,100.35,100.578,100.337,100.507
1759942800,100.505,100.619,100.49,100.576
1759957200,100.536,100.693,100.43,100.692
1759971600,100.69,100.814,100.524,100.73
1759986000,100.73,100.901,100.492,100.562
1760000400,100.564,100.947,100.446,100.904
1760014800,100.906,100.948,100.182,100.194
1760029200,100.192,100.36,100.149,100.346
1760043600,100.28,100.508,100.28,100.438
1760058000,100.438,100.53,100.242,100.312
1760072400,100.31,100.395,99.878,100.098
1760086800,100.098,100.179,99.957,100.006
1760101200,100.004,100.035,98.266,98.488
1760115600,98.477,98.631,97.851,97.88
1760302800,98.807,98.994,98.562,98.924
1760317200,98.924,99.236,98.912,99.088
1760331600,99.084,99.39,98.932,99.344
1760346000,99.344,99.374,98.943,99.075
1760360400,99.074,99.364,99.029,99.348
1760374800,99.346,99.36,99.214,99.228
1760389200,99.18,99.486,99.136,99.39
1760403600,99.389,99.396,98.31,98.414
1760418000,98.414,98.421,97.976,98.146
1760432400,98.146,98.234,97.862,98.024
1760446800,98.026,98.58,97.958,98.506
1760461200,98.506,98.572,98.234,98.472
1760475600,98.447,98.594,98.382,98.454
1760490000,98.452,98.562,98.266,98.529
1760504400,98.542,98.698,98.375,98.561
1760518800,98.56,98.818,98.558,98.694
1760533200,98.696,98.799,98.402,98.48
1760547600,98.482,98.502,98.063,98.384
1760562000,98.286,98.464,97.554,97.794
1760576400,97.797,98.06,97.742,98.038
1760590800,98.04,98.484,98.02,98.408
1760605200,98.409,98.491,98.184,98.222
1760619600,98.224,98.3,97.319,97.616
1760634000,97.617,97.73,97.243,97.552
1760648400,97.542,97.617,97.176,97.41
1760662800,97.407,97.556,96.89,97.09
1760677200,97.089,97.12,96.254,96.75
1760691600,96.75,97.722,96.713,97.374
1760706000,97.367,97.646,97.208,97.536
1760720400,97.536,97.852,97.502,97.851
1760907600,97.69,98.192,97.664,98.176
1760922000,98.176,98.481,97.863,97.928
1760936400,97.931,98.064,97.83,97.838
1760950800,97.834,97.93,97.614,97.826
1760965200,97.829,98.201,97.776,98.156
1760979600,98.156,98.254,98.136,98.191
1760994000,98.172,98.292,98.08,98.29
1761008400,98.292,98.405,98.09,98.252
1761022800,98.258,98.44,97.92,98.326
1761037200,98.323,98.782,98.298,98.749
1761051600,98.745,98.748,98.078,98.579
1761066000,98.578,98.628,98.506,98.576
1761080400,98.555,98.653,98.338,98.342
1761094800,98.336,98.734,98.302,98.642
1761109200,98.642,98.871,98.498,98.521
1761123600,98.523,98.635,98.367,98.58
1761138000,98.58,98.764,98.206,98.572
1761152400,98.58,98.658,98.226,98.613
1761166800,98.598,98.802,98.544,98.779
1761181200,98.782,98.98,98.768,98.844
1761195600,98.842,99.378,98.796,99.324
1761210000,99.326,99.407,99.18,99.223
1761224400,99.222,99.552,99.197,99.444
1761238800,99.443,99.54,99.325,99.389
1761253200,99.334,99.447,99.32,99.432
1761267600,99.432,99.545,99.293,99.406
1761282000,99.406,99.543,99.31,99.354
1761296400,99.35,99.532,99.215,99.51
1761310800,99.51,99.594,99.218,99.491
1761325200,99.49,99.598,99.458,99.589
1761512400,99.956,100.18,99.828,99.854
1761526800,99.852,100.03,99.796,100.03
1761541200,100.032,100.172,99.924,100.141
1761555600,100.143,100.232,100.042,100.198
1761570000,100.198,100.34,100.151,100.305
1761584400,100.31,100.373,100.169,100.23
1761598800,100.169,100.23,99.965,100.008
1761613200,100.004,100.028,99.67,99.688
1761627600,99.688,99.776,99.414,99.474
1761642000,99.474,99.782,99.464,99.711
1761656400,99.712,100.357,99.704,100.22
1761670800,100.22,100.288,100.076,100.174
1761685200,100.154,100.318,99.736,100.041
1761699600,100.042,100.387,99.977,100.31
1761714000,100.31,100.72,100.296,100.465
1761728400,100.466,100.554,100.302,100.438
1761742800,100.438,100.624,100.264,100.61
1761757200,100.609,100.758,100.298,100.424
1761771600,100.317,100.6,100.28,100.536
1761786000,100.536,100.894,100.321,100.74
1761800400,100.743,101.211,100.616,101.126
1761814800,101.124,101.174,100.848,100.889
1761829200,100.891,101.12,100.743,101.004
1761843600,101.006,101.087,100.87,101.034
1761858000,101.036,101.04,100.874,100.91
1761872400,100.91,100.952,100.669,100.834
1761886800,100.834,100.985,100.64,100.933
1761901200,100.934,100.953,100.654,100.757
1761915600,100.763,100.896,100.73,100.794
1761930000,100.792,100.88,100.714,100.788
1762120800,100.8,100.99,100.748,100.848
1762135200,100.846,101.132,100.814,101.083
1762149600,101.084,101.14,100.892,100.93
1762164000,100.931,100.999,100.856,100.868
1762178400,100.868,100.89,100.399,100.782
1762192800,100.782,100.877,100.761,100.82
1762207200,100.807,100.914,100.763,100.842
1762221600,100.842,100.844,100.106,100.114
1762236000,100.118,100.178,99.658,99.69
1762250400,99.687,99.89,99.545,99.588
1762264800,99.588,99.826,99.469,99.713
1762279200,99.712,99.752,99.574,99.713
1762293600,99.718,99.791,98.826,99.058
1762308000,99.056,99.796,98.992,99.638
1762322400,99.64,99.814,99.517,99.618
1762336800,99.618,99.89,99.467,99.864
1762351200,99.866,100.395,99.816,100.25
1762365600,100.249,100.332,100.208,100.272
1762380000,100.252,100.32,99.93,100.176
1762394400,100.174,100.328,100.088,100.146
1762408800,100.141,100.262,99.984,100.129
1762423200,100.13,100.165,99.912,99.916
1762437600,99.916,99.924,98.827,99.121
1762452000,99.123,99.366,98.986,99.188
1762466400,99.178,99.356,99.041,99.195
1762480800,99.197,99.372,98.968,99.364
1762495200,99.366,99.58,99.342,99.506
1762509600,99.507,99.558,99.114,99.49
1762524000,99.489,99.578,99.034,99.267
1762538400,99.268,99.76,99.216,99.638
1762725600,99.899,100.313,99.73,100.26
1762740000,100.26,100.56,100.176,100.48
1762754400,100.48,100.828,100.464,100.776
1762768800,100.778,100.78,100.535,100.588
1762783200,100.59,100.695,100.304,100.658
1762797600,100.66,100.768,100.632,100.742
1762812000,100.668,100.876,100.668,100.79
1762826400,100.788,100.848,100.461,100.461
1762840800,100.46,100.707,100.458,100.607
1762855200,100.61,100.689,100.402,100.498
1762869600,100.497,100.7,100.408,100.628
1762884000,100.626,100.685,100.608,100.618
1762898400,100.55,100.71,100.532,100.672
1762912800,100.673,100.996,100.633,100.97
1762927200,100.974,101.28,100.971,101.162
1762941600,101.162,101.324,101.112,101.29
1762956000,101.29,101.318,101.078,101.144
1762970400,101.146,101.297,101.13,101.27
1762984800,101.246,101.664,101.09,101.472
1762999200,101.471,101.648,101.366,101.61
1763013600,101.611,101.826,101.458,101.575
1763028000,101.576,101.632,101.304,101.346
1763042400,101.348,101.364,100.926,101.066
1763056800,101.066,101.09,100.692,100.926
1763071200,100.878,101.094,100.878,101.054
1763085600,101.054,101.238,100.815,101.013
1763100000,101.012,101.042,100.763,100.881
1763114400,100.878,100.958,100.228,100.526
1763128800,100.524,101.298,100.441,101.17
1763143200,101.169,101.172,100.965,100.998
1763330400,101.009,101.05,100.766,100.77
1763344800,100.772,100.935,100.742,100.901
1763359200,100.9,101.14,100.876,100.9
1763373600,100.9,100.986,100.776,100.84
1763388000,100.839,101.154,100.8,101
1763402400,101.002,101.016,100.611,100.822
1763416800,100.81,100.902,100.622,100.737
1763431200,100.736,100.861,100.15,100.522
1763445600,100.522,100.868,100.332,100.838
1763460000,100.838,101.105,100.796,100.955
1763474400,100.95,101.372,100.634,101.35
1763488800,101.352,101.438,101.188,101.217
1763503200,101.176,101.284,100.914,100.956
1763517600,100.96,101.03,100.596,100.828
1763532000,100.829,101.182,100.804,101.166
1763546400,101.168,101.441,101.128,101.339
1763560800,101.34,101.688,101.11,101.268
1763575200,101.267,101.867,101.264,101.83
1763589600,101.767,102.05,101.72,102.009
1763604000,102.008,102.209,101.856,102.084
1763618400,102.084,102.239,101.756,101.896
1763632800,101.898,102.458,101.89,102.28
1763647200,102.28,102.49,101.305,101.527
1763661600,101.526,101.882,101.398,101.408
1763676000,101.472,101.663,101.294,101.642
1763690400,101.644,101.662,101.238,101.36
1763704800,101.36,101.446,100.792,100.902
1763719200,100.899,101.216,100.608,101.14
1763733600,101.139,101.214,100.358,101.044
1763748000,101.042,101.191,100.882,100.962
1763935200,101.077,101.276,101.026,101.146
1763949600,101.144,101.296,101.11,101.2
1763964000,101.202,101.372,100.966,101.054
1763978400,101.052,101.384,101,101.276
1763992800,101.273,101.477,101.196,101.34
1764007200,101.34,101.446,101.27,101.444
1764021600,101.36,101.512,101.204,101.248
1764036000,101.245,101.316,101.125,101.218
1764050400,101.22,101.274,100.843,100.949
1764064800,100.95,101.042,100.834,100.893
1764079200,100.89,100.998,100.347,100.9
1764093600,100.9,101.019,100.814,100.974
1764108000,100.882,101.419,100.868,101.218
1764122400,101.215,101.605,101.084,101.566
1764136800,101.566,101.746,101.477,101.686
1764151200,101.688,101.727,101.499,101.686
1764165600,101.687,101.916,101.634,101.895
1764180000,101.896,102.034,101.826,101.992
1764194400,101.977,102.024,101.643,101.923
1764208800,101.922,102.052,101.857,101.914
1764223200,101.914,102.07,101.854,102.007
1764237600,102.008,102.076,101.937,101.992
1764252000,101.993,102.139,101.986,102.111
1764266400,102.11,102.136,102.07,102.131
1764280800,102.102,102.314,102.046,102.191
1764295200,102.19,102.234,102,102.094
1764309600,102.09,102.141,101.918,101.995
1764324000,101.992,102.054,101.842,101.968
1764338400,101.967,102.368,101.944,102.339
1764352800,102.343,102.354,102.222,102.296
1764540000,102.117,102.277,101.782,101.982
1764554400,101.982,101.992,101.619,101.784
1764568800,101.784,101.894,101.698,101.71
1764583200,101.71,101.736,101.512,101.579
1764597600,101.58,101.838,101.53,101.796
1764612000,101.796,101.83,101.682,101.744
1764626400,101.742,101.886,101.6,101.868
1764640800,101.866,102.07,101.826,102.003
1764655200,102.004,102.273,101.994,102.129
1764669600,102.13,102.368,102.092,102.364
1764684000,102.366,102.5,102.14,102.224
1764698400,102.218,102.352,102.2,102.34
1764712800,102.307,102.434,102.02,102.338
1764727200,102.34,102.515,102.318,102.495
1764741600,102.493,102.493,102.354,102.426
1764756000,102.424,102.505,102.36,102.478
1764770400,102.48,102.507,102.104,102.325
1764784800,102.328,102.526,102.294,102.469
1764799200,102.458,102.63,102.38,102.577
1764813600,102.574,102.852,102.572,102.626
1764828000,102.626,102.739,102.375,102.423
1764842400,102.424,102.46,102.1,102.293
1764856800,102.296,102.53,102.262,102.508
1764871200,102.508,102.583,102.423,102.534
1764885600,102.518,102.59,102.434,102.522
1764900000,102.525,102.624,102.33,102.378
1764914400,102.376,102.743,102.292,102.723
1764928800,102.722,103.128,102.67,103.073
1764943200,103.075,103.191,102.947,103.106
1764957600,103.107,103.188,103.052,103.162
1765144800,102.991,103.132,102.91,102.916
1765159200,102.913,103.182,102.908,103.138
1765173600,103.14,103.227,103.046,103.173
1765188000,103.172,103.312,103.156,103.288
1765202400,103.287,103.372,103.098,103.24
1765216800,103.242,103.322,103.102,103.29
1765231200,103.21,103.34,103.21,103.227
1765245600,103.228,103.68,102.992,103.64
1765260000,103.646,103.796,103.527,103.719
1765274400,103.72,103.873,103.588,103.786
1765288800,103.784,104.396,103.778,104.17
1765303200,104.17,104.229,104.092,104.211
1765317600,104.098,104.238,103.934,103.942
1765332000,103.944,104.102,103.84,104.09
1765346400,104.09,104.316,104.084,104.274
1765360800,104.272,104.307,103.958,103.988
1765375200,103.987,104.012,103.734,103.842
1765389600,103.842,104.232,103.815,104.148
1765404000,104.123,104.134,103.666,103.86
1765418400,103.856,103.868,103.186,103.55
1765432800,103.55,103.7,103.456,103.678
1765447200,103.682,103.77,103.471,103.49
1765461600,103.491,103.606,103.19,103.541
1765476000,103.54,103.734,103.536,103.68
1765490400,103.701,103.876,103.573,103.786
1765504800,103.786,103.842,103.722,103.841
1765519200,103.842,104.028,103.676,103.966
1765533600,103.967,104.022,103.868,103.978
1765548000,103.984,104.047,103.326,103.64
1765562400,103.642,103.748,103.607,103.684
1765749600,103.564,103.697,103.43,103.536
1765764000,103.544,103.56,103.028,103.028
1765778400,103.03,103.24,102.976,103.031
1765792800,103.032,103.221,103.004,103.184
1765807200,103.188,103.246,102.884,103.094
1765821600,103.093,103.143,103.036,103.074
1765836000,103.094,103.129,102.53,102.556
1765850400,102.556,102.836,102.52,102.7
1765864800,102.704,102.922,102.682,102.727
1765879200,102.726,102.936,102.582,102.824
1765893600,102.825,103.042,102.44,102.626
1765908000,102.626,102.726,102.53,102.622
1765922400,102.6,102.7,102.324,102.6
1765936800,102.6,102.716,102.512,102.698
1765951200,102.7,103.003,102.681,102.876
1765965600,102.876,103.043,102.85,102.949
1765980000,102.948,103.062,102.691,102.767
1765994400,102.768,102.902,102.689,102.832
1766008800,102.84,102.924,102.562,102.8
1766023200,102.802,102.965,102.68,102.912
1766037600,102.914,103.106,102.871,102.994
1766052000,102.993,103.09,102.874,103.047
1766066400,103.048,103.069,102.795,102.939
1766080800,102.936,103.051,102.84,102.867
1766095200,102.822,103.156,102.81,102.982
1766109600,102.981,103.246,102.845,103.023
1766124000,103.024,103.898,102.994,103.884
1766138400,103.888,104.014,103.804,104.002
1766152800,104.001,104.318,103.828,104.143
1766167200,104.146,104.292,104.137,104.28
1766354400,104.206,104.318,104.008,104.143
1766368800,104.146,104.316,104.107,104.262
1766383200,104.264,104.622,104.223,104.544
1766397600,104.544,104.616,104.306,104.473
1766412000,104.472,104.534,104.352,104.41
1766426400,104.408,104.57,104.402,104.555
1766440800,104.496,104.562,104.188,104.23
1766455200,104.23,104.31,103.894,103.968
1766469600,103.968,104.389,103.962,104.361
1766484000,104.359,104.625,104.316,104.5
1766498400,104.504,104.654,104.389,104.519
1766512800,104.52,104.718,104.519,104.687
1766527200,104.682,104.706,104.361,104.428
1766541600,104.426,104.601,104.368,104.536
1766556000,104.535,104.63,104.45,104.568
1766570400,104.57,104.652,104.493,104.582
1766584800,104.583,104.632,104.352,104.57
1766599200,104.572,104.59,104.454,104.568
1766700000,104.479,104.992,104.4,104.868
1766714400,104.868,104.974,104.641,104.808
1766728800,104.807,104.862,104.704,104.798
1766743200,104.797,105.01,104.774,104.993
1766757600,104.992,105.168,104.988,105.045
1766772000,105.046,105.159,105.008,105.139
1766959200,104.928,105.088,104.802,105.04
1766973600,105.038,105.219,104.969,104.974
1766988000,104.976,104.99,104.622,104.74
1767002400,104.739,104.794,104.493,104.581
1767016800,104.58,104.625,104.357,104.476
1767031200,104.476,104.547,104.432,104.46
1767045600,104.466,104.764,104.389,104.744
1767060000,104.742,104.84,104.666,104.768
1767074400,104.77,104.838,104.491,104.542
1767088800,104.544,104.7,104.44,104.566
1767103200,104.569,104.825,104.548,104.8
1767117600,104.801,104.818,104.708,104.747
1767132000,104.684,104.817,104.678,104.724
1767146400,104.724,104.839,104.68,104.764
1767160800,104.764,104.778,104.579,104.686
1767175200,104.684,104.843,104.566,104.805
1767189600,104.806,104.813,104.466,104.634
1767204000,104.636,104.682,104.516,104.56
1767304800,104.58,104.864,104.507,104.834
1767319200,104.836,105.088,104.788,105.064
1767333600,105.06,105.282,104.941,105.116
1767348000,105.118,105.126,104.926,104.94
1767362400,104.941,105.026,104.636,104.804
1767376800,104.802,105.048,104.783,105
1767564000,104.761,105.094,104.693,104.908
1767578400,104.91,105.084,104.807,104.929
1767592800,104.928,104.966,104.67,104.759
1767607200,104.76,104.808,104.566,104.719
1767621600,104.723,105.079,104.692,104.932
1767636000,104.935,105.054,104.814,105.018
1767650400,104.973,105.258,104.96,105.068
1767664800,105.068,105.248,105.029,105.232
1767679200,105.232,105.373,104.982,105.036
1767693600,105.037,105.21,105.008,105.188
1767708000,105.186,105.568,105.162,105.544
1767722400,105.543,105.602,105.424,105.564
1767736800,105.516,105.799,105.24,105.747
1767751200,105.748,105.938,105.566,105.602
1767765600,105.601,105.629,105.393,105.427
1767780000,105.424,105.532,105.312,105.416
1767794400,105.417,105.58,105.343,105.39
1767808800,105.388,105.5,105.342,105.35
1767823200,105.372,105.534,105.297,105.515
1767837600,105.514,105.518,104.982,105.028
1767852000,105.03,105.042,104.724,104.912
1767866400,104.912,105.076,104.876,105.054
1767880800,105.056,105.186,104.878,104.986
1767895200,104.984,105.154,104.94,105.096
1767909600,105.089,105.204,105.025,105.188
1767924000,105.189,105.382,105.182,105.362
1767938400,105.36,105.398,105.192,105.366
1767952800,105.365,105.518,105.182,105.358
1767967200,105.362,105.656,105.27,105.607
1767981600,105.608,105.65,105.52,105.602
1768168800,105.575,105.786,105.549,105.668
1768183200,105.668,105.947,105.642,105.845
1768197600,105.84,105.91,105.726,105.894
1768212000,105.891,106.002,105.824,105.998
1768226400,105.996,106.283,105.88,106.138
1768240800,106.137,106.218,106.104,106.127
1768255200,106.123,106.402,105.951,106.358
1768269600,106.368,106.643,106.327,106.542
1768284000,106.538,106.632,106.474,106.554
1768298400,106.552,106.708,106.375,106.598
1768312800,106.598,106.666,106.178,106.246
1768327200,106.246,106.35,106.191,106.344
1768341600,106.374,106.518,106.306,106.474
1768356000,106.475,106.718,106.457,106.672
1768370400,106.674,106.713,106.255,106.309
1768384800,106.308,106.308,105.709,105.933
1768399200,105.936,105.99,105.59,105.652
1768413600,105.65,106.026,105.648,105.888
1768428000,105.854,106.022,105.676,105.792
1768442400,105.802,105.902,105.708,105.784
1768456800,105.782,106.235,105.766,106.056
1768471200,106.056,106.224,105.984,106.062
1768485600,106.062,106.334,106.027,106.278
1768500000,106.278,106.33,106.191,106.258
1768514400,106.246,106.324,106.2,106.226
1768528800,106.225,106.228,105.876,106.138
1768543200,106.138,106.163,105.914,106.02
1768557600,106.022,106.092,105.728,105.784
1768572000,105.782,105.81,105.53,105.656
1768586400,105.652,105.761,105.632,105.668
1768773600,105.355,105.494,105.233,105.384
1768788000,105.384,105.798,105.378,105.726
1768802400,105.728,105.904,105.612,105.762
1768816800,105.763,105.954,105.751,105.899
1768831200,105.9,106.175,105.82,106.142
1768845600,106.142,106.192,106.11,106.166
1768860000,106.094,106.214,105.916,106.007
1768874400,106.007,106.56,105.973,106.498
1768888800,106.497,106.826,105.978,106.126
1768903200,106.125,106.326,106.086,106.232
1768917600,106.232,106.578,106.162,106.452
1768932000,106.452,106.596,106.382,106.543
1768946400,106.489,106.553,106.39,106.51
1768960800,106.51,106.592,106.301,106.571
1768975200,106.571,106.79,106.56,106.612
1768989600,106.613,106.942,106.568,106.908
1769004000,106.906,107.207,106.82,106.896
1769018400,106.894,107.183,106.83,107.035
1769032800,107.032,107.664,106.944,107.626
1769047200,107.629,108.039,107.562,107.998
1769061600,107.999,108.194,107.858,107.938
1769076000,107.938,108.154,107.852,108.144
1769090400,108.144,108.291,107.933,108.278
1769104800,108.277,108.404,108.236,108.371
1769119200,108.332,108.642,108.316,108.58
1769133600,108.581,108.646,108.402,108.634
1769148000,108.636,109.006,107.721,108.068
1769162400,108.064,108.62,108.03,108.405
1769176800,108.404,108.737,107.568,107.607
1769191200,107.608,107.692,107.209,107.382
1769378400,107.221,107.402,106.806,106.858
1769392800,106.87,106.884,106.384,106.558
1769407200,106.558,106.706,106.194,106.372
1769421600,106.372,106.622,106.078,106.57
1769436000,106.572,106.852,106.471,106.775
1769450400,106.772,106.888,106.457,106.658
1769464800,106.6,106.779,106.496,106.774
1769479200,106.771,106.89,106.676,106.81
1769493600,106.809,107.096,106.068,106.504
1769508000,106.508,106.737,106.314,106.432
1769522400,106.433,106.848,106.385,106.606
1769536800,106.607,106.81,106.403,106.723
1769551200,106.725,107.148,106.602,106.882
1769565600,106.884,106.906,106.619,106.886
1769580000,106.902,106.998,106.702,106.937
1769594400,106.938,106.99,106.745,106.941
1769608800,106.94,107.546,106.86,107.48
1769623200,107.478,108.056,107.47,108.008
1769637600,107.959,108.014,107.544,107.714
1769652000,107.716,108.574,107.658,108.46
1769666400,108.468,108.515,108.144,108.18
1769680800,108.179,108.367,107.834,108.34
1769695200,108.344,108.49,106.525,107.316
1769709600,107.317,108.021,107.274,107.941
1769724000,107.824,108.063,107.656,107.718
1769738400,107.72,107.896,107.298,107.736
1769752800,107.738,107.976,107.468,107.63
1769767200,107.626,108.17,107.616,107.919
1769781600,107.92,108.587,107.651,107.683
1769796000,107.682,107.867,107.298,107.777
1769983200,107.706,108.183,107.576,107.974
1769997600,107.974,108.026,107.121,107.268
1770012000,107.269,107.815,106.857,107.792
1770026400,107.788,107.897,107.58,107.848
1770040800,107.842,108.373,107.822,108.124
1770055200,108.12,108.195,107.992,108.111
1770069600,108.23,108.505,108.068,108.48
1770084000,108.48,109.359,108.196,108.898
1770098400,108.898,109.558,108.83,109.202
1770112800,109.206,109.346,109.132,109.248
1770127200,109.249,109.373,108.828,109.171
1770141600,109.17,109.457,108.879,109.396
1770156000,109.369,109.829,109.27,109.732
1770170400,109.734,109.906,109.598,109.866
1770184800,109.868,110.18,109.833,109.975
1770199200,109.971,110.192,109.941,110.052
1770213600,110.052,110.072,109.185,109.344
1770228000,109.34,109.849,109.221,109.784
1770242400,109.727,109.964,109.678,109.758
1770256800,109.761,109.789,109.085,109.442
1770271200,109.444,109.822,109.352,109.61
1770285600,109.602,109.806,109.126,109.14
1770300000,109.138,109.525,108.67,109.308
1770314400,109.308,109.365,108.78,108.793
1770328800,108.784,108.892,108.052,108.638
1770343200,108.637,109.038,108.636,109.036
1770357600,109.036,109.578,108.938,109.554
1770372000,109.555,109.858,109.368,109.762
1770386400,109.762,110.306,109.688,110.265
1770400800,110.266,110.382,110.194,110.292
1770588000,110.591,110.794,109.659,109.936
1770602400,109.934,110.314,109.93,110.084
1770616800,110.086,110.302,109.914,110.176
1770631200,110.177,110.287,109.9,110.034
1770645600,110.03,110.646,109.888,110.544
1770660000,110.545,110.622,110.472,110.594
1770674400,110.494,110.677,110.315,110.38
1770688800,110.38,110.436,109.68,109.842
1770703200,109.843,110.066,109.738,109.851
1770717600,109.851,109.873,109.455,109.49
1770732000,109.492,109.574,109.025,109.208
1770746400,109.211,109.322,109.134,109.22
1770760800,109.185,109.332,109.026,109.251
1770775200,109.25,109.536,108.844,108.898
1770789600,108.9,109.098,108.696,108.993
1770804000,108.994,109.557,108.574,109.456
1770818400,109.453,109.646,108.782,109.116
1770832800,109.116,109.271,108.876,109.236
1770847200,109.12,109.409,109.08,109.196
1770861600,109.197,109.23,108.652,109.087
1770876000,109.09,109.227,108.73,108.932
1770890400,108.931,109.488,108.88,109.447
1770904800,109.448,109.453,107.976,108.316
1770919200,108.312,108.562,108.15,108.306
1770933600,108.28,108.794,108.179,108.624
1770948000,108.62,108.682,108.26,108.377
1770962400,108.378,108.719,108.069,108.559
1770976800,108.56,108.614,108.002,108.228
1770991200,108.224,108.367,107.697,108.134
1771005600,108.138,108.301,107.904,108.02
1771192800,107.905,108.442,107.739,108.406
1771207200,108.408,108.608,108.328,108.577
1771221600,108.578,108.814,108.517,108.786
1771236000,108.788,108.894,108.582,108.616
1771250400,108.614,108.638,108.38,108.545
1771264800,108.546,108.618,108.546,108.576
1771279200,108.524,108.743,108.076,108.102
1771293600,108.094,108.226,107.856,108.01
1771308000,108.008,108.276,107.893,108.146
1771322400,108.144,108.262,107.848,107.984
1771336800,107.982,108.594,107.976,108.444
1771351200,108.446,108.731,108.408,108.628
1771365600,108.578,108.626,108.374,108.576
1771380000,108.575,108.68,108.467,108.478
1771394400,108.477,108.858,108.428,108.808
1771408800,108.808,108.882,108.588,108.627
1771423200,108.63,109.209,108.6,109.17
1771437600,109.17,109.206,108.842,109.038
1771452000,109.002,109.511,108.886,109.505
1771466400,109.504,109.7,109.302,109.548
1771480800,109.548,109.768,109.226,109.298
1771495200,109.298,109.338,108.859,109.26
1771509600,109.257,109.546,109.008,109.286
1771524000,109.282,109.465,109.206,109.399
1771538400,109.35,109.534,109,109.09
1771552800,109.086,109.394,108.882,109.383
1771567200,109.38,109.862,109.209,109.684
1771581600,109.686,109.716,109.3,109.601
1771596000,109.6,110.08,109.445,109.68
1771610400,109.682,109.892,109.525,109.858
1771797600,109.669,109.832,109.084,109.194
1771812000,109.19,109.263,108.99,109.242
1771826400,109.246,109.731,109.172,109.67
1771840800,109.671,109.677,109.262,109.294
1771855200,109.294,109.584,108.808,108.984
1771869600,108.984,109.243,108.975,109.132
1771884000,109.078,109.422,109.048,109.384
1771898400,109.382,109.675,109.317,109.634
1771912800,109.634,110.439,109.487,110.088
1771927200,110.086,110.12,109.68,109.784
1771941600,109.783,110.088,109.64,110.044
1771956000,110.044,110.066,109.956,110.039
1771970400,110.068,110.43,109.978,110.267
1771984800,110.263,110.842,110.136,110.64
1771999200,110.638,111.218,110.58,110.94
1772013600,110.944,111.183,110.902,111.094
1772028000,111.094,111.346,110.972,111.292
1772042400,111.294,111.476,111.261,111.388
1772056800,111.355,111.42,111.1,111.131
1772071200,111.129,111.249,110.992,111.246
1772085600,111.242,111.304,110.918,111.1
1772100000,111.101,111.159,110.938,111.044
1772114400,111.04,111.06,110.268,110.686
1772128800,110.685,111.066,110.648,110.948
1772143200,110.914,110.968,110.512,110.816
1772157600,110.82,111.094,110.772,111.05
1772172000,111.05,111.232,110.98,111.03
1772186400,111.03,111.044,110.646,110.852
1772200800,110.852,111.3,110.838,111.046
1772215200,111.044,111.171,110.904,111.058
1772402400,110.015,111.23,110.01,111.019
1772416800,111.02,111.203,110.876,111.001
1772431200,111.002,111.206,110.668,111.14
1772445600,111.143,111.372,111.036,111.17
1772460000,111.168,111.7,111.094,111.466
1772474400,111.465,111.688,111.375,111.632
1772488800,111.602,112.094,111.582,111.687
1772503200,111.688,111.894,111.505,111.568
1772517600,111.566,111.655,110.992,111.006
1772532000,111.01,111.073,110.452,110.643
1772546400,110.644,110.919,109.531,110.818
1772560800,110.822,111.206,110.816,110.926
1772575200,110.846,111.1,110.191,110.402
1772589600,110.394,110.636,109.924,110.304
1772604000,110.312,110.858,110.221,110.648
1772618400,110.648,111.052,110.648,110.965
1772632800,110.962,111.174,110.71,110.996
1772647200,111,111.222,110.941,111.139
1772661600,111.09,111.182,110.685,110.756
1772676000,110.754,111.039,110.649,110.655
1772690400,110.659,110.966,110.108,110.715
1772704800,110.715,111.059,110.646,110.901
1772719200,110.897,110.951,110.07,110.134
1772733600,110.132,110.502,110.078,110.416
1772748000,110.427,110.768,110.308,110.736
1772762400,110.738,111.017,110.738,110.948
1772776800,110.947,111.113,110.474,110.498
1772791200,110.498,110.746,110.226,110.252
1772805600,110.26,110.754,110.13,110.625
1772820000,110.624,110.979,110.616,110.941
1773003600,110.442,110.72,110.239,110.48
1773018000,110.484,111.184,110.404,110.986
1773032400,110.982,111.285,110.754,110.932
1773046800,110.938,111.306,110.812,111.179
1773061200,111.18,111.554,111.138,111.504
1773075600,111.504,111.762,111.362,111.576
1773090000,111.52,111.712,111.362,111.414
1773104400,111.41,111.536,111.295,111.411
1773118800,111.416,112.037,111.29,111.901
1773133200,111.898,112.419,111.887,112.284
1773147600,112.287,112.754,112.226,112.665
1773162000,112.663,112.85,112.458,112.524
1773176400,112.522,112.866,112.477,112.796
1773190800,112.796,113.632,112.796,113.552
1773205200,113.545,113.584,113.227,113.436
1773219600,113.44,113.596,113.222,113.348
1773234000,113.352,113.962,113.322,113.614
1773248400,113.616,113.766,113.434,113.694
1773262800,113.676,113.744,113.36,113.596
1773277200,113.596,113.74,113.348,113.358
1773291600,113.36,113.444,113.12,113.36
1773306000,113.363,113.372,113.17,113.306
1773320400,113.308,113.348,112.625,112.846
1773334800,112.846,112.956,112.748,112.768
1773349200,112.79,112.79,112.498,112.708
1773363600,112.707,112.894,112.554,112.658
1773378000,112.658,112.668,111.832,112.129
1773392400,112.128,112.452,112.09,112.434
1773406800,112.432,112.448,111.706,111.824
1773421200,111.826,111.955,111.496,111.51
1773608400,111.577,111.916,111.542,111.762
1773622800,111.762,111.909,111.578,111.761
1773637200,111.764,111.908,111.631,111.898
1773651600,111.893,112.312,111.819,112.197
1773666000,112.196,112.448,112.194,112.343
1773680400,112.348,112.586,112.343,112.472
1773694800,112.482,112.517,112.386,112.512
1773709200,112.516,113.02,112.291,112.626
1773723600,112.626,112.928,112.386,112.7
1773738000,112.698,112.881,112.62,112.876
1773752400,112.878,113.086,112.718,112.89
1773766800,112.89,113.084,112.889,112.972
1773781200,112.991,113.119,112.84,113.044
1773795600,113.052,113.216,112.815,112.986
1773810000,112.986,113.014,112.863,112.982
1773824400,112.982,113.064,112.526,112.532
1773838800,112.536,112.972,112.426,112.907
1773853200,112.906,112.948,112.206,112.286
1773867600,112.291,112.558,112.196,112.557
1773882000,112.559,112.614,112.308,112.364
1773896400,112.364,112.466,111.782,112.016
1773910800,112.018,112.389,111.489,111.536
1773925200,111.533,111.748,111.164,111.376
1773939600,111.378,111.992,111.254,111.774
1773954000,111.772,111.95,111.653,111.805
1773968400,111.798,112.287,111.798,112.258
1773982800,112.257,112.39,112.1,112.312
1773997200,112.316,112.369,112.042,112.272
1774011600,112.274,112.284,111.828,112.107
1774026000,112.112,112.166,111.616,111.813
1774213200,111.491,111.754,111.341,111.566
1774227600,111.57,111.754,111.202,111.25
1774242000,111.252,111.308,110.83,111.082
1774256400,111.083,111.546,110.283,111.441
1774270800,111.444,111.78,110.89,111.144
1774285200,111.144,111.335,110.908,111.065
1774299600,111.155,111.224,110.503,110.802
1774314000,110.801,110.844,110.476,110.591
1774328400,110.592,111.128,110.368,110.472
1774342800,110.478,110.752,110.349,110.48
1774357200,110.476,110.821,110.376,110.691
1774371600,110.688,111.179,110.436,111.056
1774386000,110.956,111.16,110.838,110.978
1774400400,110.978,111.062,110.689,110.808
1774414800,110.809,110.973,110.772,110.836
1774429200,110.836,110.914,110.545,110.67
1774443600,110.67,110.905,110.524,110.83
1774458000,110.833,110.948,110.749,110.784
1774472400,110.844,110.844,110.602,110.644
1774486800,110.646,110.922,110.573,110.872
1774501200,110.872,110.902,110.561,110.714
1774515600,110.714,110.73,110.2,110.218
1774530000,110.22,110.532,110.133,110.154
1774544400,110.153,110.324,109.896,110.038
1774558800,110.055,110.172,109.628,109.7
1774573200,109.7,110.327,109.631,110.306
1774587600,110.31,110.324,110.058,110.23
1774602000,110.224,110.286,109.999,110.104
1774616400,110.11,110.41,109.986,110.242
1774630800,110.243,110.366,110.028,110.186
1774818000,109.992,110.124,109.504,109.568
1774832400,109.566,109.797,109.524,109.728
1774846800,109.728,109.818,109.348,109.448
1774861200,109.45,109.507,109.34,109.366
1774875600,109.364,109.418,109.05,109.318
1774890000,109.32,109.476,109.247,109.469
1774904400,109.39,109.667,109.269,109.63
1774918800,109.63,109.806,109.246,109.249
1774933200,109.248,109.668,109.077,109.492
1774947600,109.493,109.875,109.418,109.587
1774962000,109.589,109.605,108.782,109.446
1774976400,109.446,109.592,109.388,109.528
1774990800,109.482,109.987,109.459,109.963
1775005200,109.968,109.998,109.494,109.568
1775019600,109.568,110.194,109.494,110.042
1775034000,110.043,110.219,109.946,109.998
1775048400,109.995,110.197,109.934,110.102
1775062800,110.104,110.127,109.744,109.986
1775077200,109.949,110.034,109.78,109.954
1775091600,109.952,110.09,109.522,109.592
1775106000,109.593,109.86,109.406,109.76
1775120400,109.761,109.9,109.558,109.832
1775134800,109.836,110.236,109.757,110.191
1775149200,110.19,110.296,110.173,110.282
1775163600,110.118,110.326,110.118,110.318
1775178000,110.318,110.34,110.157,110.234
1775192400,110.234,110.338,110.188,110.266
1775206800,110.264,110.304,110.082,110.126
1775221200,110.126,110.194,109.966,110.002
1775235600,110,110.174,109.872,110.071
1775422800,109.959,110.166,109.81,110.153
1775437200,110.15,110.342,110.036,110.256
1775451600,110.254,110.526,110.199,110.468
1775466000,110.47,110.59,110.394,110.442
1775480400,110.441,110.596,110.351,110.433
1775494800,110.432,110.531,110.352,110.476
1775509200,110.45,110.593,110.4,110.463
1775523600,110.465,110.566,110.31,110.498
1775538000,110.5,110.82,110.414,110.782
1775552400,110.776,110.953,110.617,110.852
1775566800,110.848,111.107,110.742,111.074
1775581200,111.071,111.403,111.018,111.35
1775595600,111.27,112.378,111.258,111.932
1775610000,111.934,112.054,111.582,111.916
1775624400,111.917,112.05,111.438,111.57
1775638800,111.571,111.76,111.464,111.73
1775653200,111.73,111.875,111.56,111.855
1775667600,111.854,111.886,111.584,111.688
1775682000,111.7,111.822,111.572,111.762
1775696400,111.758,111.818,111.638,111.756
1775710800,111.752,111.836,111.688,111.727
1775725200,111.724,112.021,111.684,111.96
1775739600,111.96,112.604,111.933,112.496
1775754000,112.498,112.737,112.456,112.62
1775768400,112.542,112.678,112.522,112.632
1775782800,112.634,112.679,112.462,112.5
1775797200,112.5,112.624,112.394,112.45
1775811600,112.453,112.648,112.426,112.626
1775826000,112.624,112.866,112.579,112.626
1775840400,112.624,112.788,112.398,112.504
1776027600,111.606,112.4,111.602,112.333
1776042000,112.335,112.48,112.265,112.398
1776056400,112.396,112.689,112.364,112.634
1776070800,112.636,112.664,112.348,112.518
1776085200,112.519,112.974,112.516,112.964
1776099600,112.968,113.17,112.942,113.143
1776114000,113.086,113.198,112.809,112.852
1776128400,112.854,112.902,112.686,112.726
1776142800,112.732,113.074,112.619,113.007
1776157200,113.008,113.27,112.889,113.264
1776171600,113.263,113.418,113.23,113.239
1776186000,113.238,113.29,113.122,113.172
1776200400,113.069,113.278,113.066,113.168
1776214800,113.167,113.414,113.167,113.407
1776229200,113.406,113.608,113.374,113.43
1776243600,113.431,113.6,113.342,113.584
1776258000,113.584,113.924,113.574,113.859
1776272400,113.862,114.114,113.856,114.003
1776286800,113.972,114.034,113.858,113.908
1776301200,113.906,114.196,113.757,114.096
1776315600,114.098,114.206,114.01,114.065
1776330000,114.064,114.143,113.944,114.122
1776344400,114.124,114.248,113.917,113.958
1776358800,113.958,114.028,113.905,113.982
1776373200,113.993,114.122,113.88,114.098
1776387600,114.096,114.327,114.058,114.316
1776402000,114.316,114.376,114.107,114.258
1776416400,114.26,114.322,114.042,114.237
1776430800,114.238,114.274,113.501,113.604
1776445200,113.607,113.744,113.562,113.686
1776632400,113.18,113.7,113.093,113.686
1776646800,113.69,113.746,113.553,113.708
1776661200,113.704,113.747,113.542,113.668
1776675600,113.667,113.784,113.658,113.733
1776690000,113.734,113.852,113.64,113.799
1776704400,113.8,114.078,113.796,114.007
1776718800,113.939,114.064,113.919,114.03
1776733200,114.03,114.156,113.911,113.919
1776747600,113.919,113.97,113.694,113.902
1776762000,113.9,114.038,113.816,113.977
1776776400,113.982,114.304,113.948,114.029
1776790800,114.028,114.152,113.804,114.044
1776805200,113.966,114.1,113.946,114.071
1776819600,114.072,114.132,113.986,114.042
1776834000,114.04,114.231,114.03,114.182
1776848400,114.179,114.221,113.849,113.916
1776862800,113.917,114.24,113.888,114.176
1776877200,114.174,114.26,114.13,114.198
1776891600,114.166,114.224,113.942,114.114
1776906000,114.108,114.126,113.846,114.04
1776920400,114.042,114.264,114.024,114.23
1776934800,114.229,114.233,113.92,113.974
1776949200,113.975,114.212,113.918,114.083
1776963600,114.086,114.106,113.656,113.862
1776978000,113.883,113.956,113.778,113.95
1776992400,113.951,113.999,113.702,113.818
1777006800,113.819,113.956,113.687,113.898
1777021200,113.9,113.954,113.798,113.83
1777035600,113.831,113.998,113.74,113.945
1777050000,113.943,114.014,113.894,113.896
1777237200,113.786,114.146,113.757,114.146
1777251600,114.147,114.286,114.113,114.143
1777266000,114.142,114.414,114.094,114.395
1777280400,114.388,114.515,114.322,114.451
1777294800,114.453,114.615,114.388,114.594
1777309200,114.593,114.642,114.542,114.561
1777323600,114.528,114.718,114.518,114.679
1777338000,114.676,114.689,114.212,114.267
1777352400,114.268,114.59,114.082,114.474
1777366800,114.471,114.516,114.209,114.258
1777381200,114.256,114.584,114.23,114.577
1777395600,114.576,114.676,114.544,114.632
1777410000,114.545,114.71,114.527,114.655
1777424400,114.658,114.658,114.281,114.354
1777438800,114.352,114.414,114.267,114.334
1777453200,114.337,114.552,114.26,114.47
1777467600,114.47,114.53,114.11,114.254
1777482000,114.254,114.328,113.923,114.18
1777496400,114.116,114.232,114.044,114.154
1777510800,114.152,114.352,114.086,114.232
1777525200,114.234,114.445,113.679,113.776
1777539600,113.77,113.922,111.324,112.122
1777554000,112.124,112.723,111.778,112.455
1777568400,112.454,112.8,112.406,112.789
1777582800,112.644,113.243,112.644,113.11
1777597200,113.107,113.24,112.998,113.071
1777611600,113.07,113.132,111.932,112.577
1777626000,112.58,112.803,112.483,112.784
1777640400,112.781,113.209,112.664,113.172
1777654800,113.172,113.214,113.054,113.14
1777842000,113.121,113.178,113.04,113.117
1777856400,113.116,113.328,112.374,112.966
1777870800,112.969,113.063,112.754,112.922
1777885200,112.92,113.026,112.656,112.947
1777899600,112.946,112.952,112.519,112.568
1777914000,112.569,112.766,112.286,112.697
1777928400,112.716,112.743,112.55,112.562
1777942800,112.562,112.766,112.48,112.482
1777957200,112.476,112.662,112.198,112.572
1777971600,112.572,113.27,112.516,113.204
1777986000,113.206,113.473,113.2,113.403
1778000400,113.402,113.514,113.376,113.414
1778014800,113.378,113.848,113.358,113.842
1778029200,113.844,114.318,112.376,112.968
1778043600,112.966,113.414,112.76,113.253
1778058000,113.251,113.315,113.006,113.117
1778072400,113.116,113.22,112.922,113.048
1778086800,113.052,113.242,113.032,113.176
1778101200,113.164,113.278,113.058,113.112
1778115600,113.111,113.362,113.016,113.321
1778130000,113.321,113.514,113.239,113.477
1778144400,113.474,113.587,113.348,113.353
1778158800,113.352,113.463,113.264,113.384
1778173200,113.388,113.433,113.076,113.09
1778187600,113.108,113.166,112.954,113.138
1778202000,113.138,113.301,113.072,113.252
1778216400,113.254,113.369,113.224,113.369
1778230800,113.368,113.503,113.306,113.384
1778245200,113.383,113.495,113.27,113.462
1778259600,113.459,113.599,113.456,113.555
1778446800,113.095,113.648,113.07,113.593
1778461200,113.592,113.696,113.504,113.56
1778475600,113.562,113.813,113.54,113.709
1778490000,113.707,113.858,113.699,113.807
1778504400,113.806,114,113.802,113.95
1778518800,113.95,114.005,113.923,113.978
1778533200,113.934,114.002,113.832,113.893
1778547600,113.892,114.051,113.798,113.969
1778562000,113.968,114.048,113.392,113.764
1778576400,113.766,113.952,113.738,113.926
1778590800,113.927,113.992,113.748,113.832
1778605200,113.834,114.13,113.828,114.118
1778619600,114.118,114.15,114.054,114.129
1778634000,114.128,114.248,114.024,114.11
1778648400,114.11,114.286,114.102,114.274
1778662800,114.273,114.432,114.228,114.308
1778677200,114.312,114.74,114.247,114.608
1778691600,114.608,114.668,114.473,114.6
1778706000,114.608,114.622,114.393,114.466
1778720400,114.466,114.596,114.278,114.559
1778734800,114.56,114.662,114.346,114.518
1778749200,114.519,114.54,114.29,114.291
1778763600,114.29,114.32,113.744,114.218
1778778000,114.22,114.38,114.194,114.358
1778792400,114.349,114.406,114.128,114.194
1778806800,114.193,114.202,113.834,113.838
1778821200,113.841,113.845,113.39,113.481
1778835600,113.482,113.689,113.182,113.43
1778850000,113.432,113.68,113.344,113.583
1778864400,113.581,113.65,113.433,113.492
1779051600,113.5,113.618,113.128,113.238
1779066000,113.236,113.506,113.173,113.381
1779080400,113.384,113.784,113.303,113.696
1779094800,113.696,113.982,113.59,113.918
1779109200,113.919,113.96,113.578,113.83
1779123600,113.828,113.965,113.7,113.882
1779138000,113.82,113.972,113.69,113.712
1779152400,113.709,113.709,113.32,113.354
1779166800,113.357,113.541,113.17,113.272
1779181200,113.272,113.33,112.962,113.171
1779195600,113.17,113.221,112.638,112.941
1779210000,112.94,113.092,112.932,113.06
1779224400,113.082,113.1,112.767,112.77
1779238800,112.767,112.982,112.728,112.874
1779253200,112.874,113.186,112.828,113.11
1779267600,113.108,113.432,113.066,113.291
1779282000,113.292,113.818,113.226,113.641
1779296400,113.642,113.744,113.622,113.685
1779310800,113.61,113.693,113.522,113.558
1779325200,113.558,113.678,112.851,113.322
1779339600,113.324,113.471,113.056,113.384
1779354000,113.384,113.528,113.238,113.408
1779368400,113.408,113.616,113.348,113.581
1779382800,113.58,113.87,113.562,113.661
1779397200,113.68,113.728,113.587,113.614
1779411600,113.613,113.641,113.473,113.586
1779426000,113.584,113.686,113.42,113.488
1779440400,113.486,113.501,113.302,113.45
1779454800,113.452,113.594,113.268,113.578
1779469200,113.578,113.62,113.44,113.482
1779656400,113.673,113.827,113.644,113.754
1779670800,113.752,113.926,113.744,113.89
1779685200,113.89,113.926,113.746,113.893
1779699600,113.896,114.01,113.88,113.93
1779714000,113.926,114.124,113.901,113.986
1779728400,113.986,114.052,113.978,114.039
1779742800,113.965,114.052,113.895,113.989
1779757200,113.992,114.015,113.846,113.86
1779771600,113.861,114.12,113.782,114.057
1779786000,114.06,114.144,113.974,114.138
1779800400,114.14,114.284,114.068,114.111
1779814800,114.109,114.236,114.098,114.179
1779829200,114.213,114.355,114.14,114.295
1779843600,114.292,114.312,113.939,114.034
1779858000,114.032,114.076,113.715,113.832
1779872400,113.834,113.892,113.588,113.73
1779886800,113.723,113.893,113.644,113.869
1779901200,113.872,113.952,113.786,113.922
1779915600,113.903,113.962,113.746,113.79
1779930000,113.79,113.818,113.275,113.369
1779944400,113.372,113.676,113.328,113.492
1779958800,113.494,113.663,113.353,113.661
1779973200,113.662,114.117,113.588,114.092
1779987600,114.093,114.108,114.041,114.066
1780002000,114.066,114.152,114.017,114.058
1780016400,114.057,114.126,113.992,114.116
1780030800,114.114,114.19,113.886,113.942
1780045200,113.942,114.336,113.904,114.334
1780059600,114.338,114.583,114.318,114.446
1780074000,114.448,114.496,114.374,114.442
1780261200,114.298,114.575,114.294,114.553
1780275600,114.554,114.636,114.438,114.581
1780290000,114.58,114.656,114.453,114.554
1780304400,114.554,114.582,114.312,114.35
1780318800,114.35,114.366,113.964,114.282
1780333200,114.281,114.444,114.257,114.338
1780347600,114.399,114.429,114.285,114.31
1780362000,114.308,114.44,114.238,114.405
1780376400,114.404,114.765,114.387,114.692
1780390800,114.692,114.76,114.624,114.682
1780405200,114.681,114.918,114.614,114.8
1780419600,114.799,114.874,114.732,114.825
1780434000,114.793,114.864,114.738,114.855
1780448400,114.856,114.858,114.601,114.626
1780462800,114.626,114.666,114.209,114.402
1780477200,114.402,114.63,114.344,114.39
1780491600,114.385,114.416,114.096,114.155
1780506000,114.157,114.188,114.089,114.11
1780520400,114.14,114.146,113.992,114.02
1780534800,114.018,114.096,113.831,113.97
1780549200,113.97,114.108,113.908,113.996
1780563600,113.998,114.208,113.964,114.154
1780578000,114.157,114.253,114.132,114.209
1780592400,114.21,114.233,114.132,114.138
1780606800,114.196,114.25,113.934,113.938
1780621200,113.938,114.046,113.643,114.007
1780635600,114.009,114.146,113.812,114.048
1780650000,114.046,114.232,113.781,113.79
1780664400,113.794,113.822,112.998,113.157
1780678800,113.156,113.172,112.75,112.935
1780866000,112.624,113.172,112.561,113.164
1780880400,113.166,113.209,112.809,112.962
1780894800,112.966,113.115,112.606,112.784
1780909200,112.784,113.191,112.638,113.099
1780923600,113.098,113.16,112.85,112.932
1780938000,112.933,112.972,112.832,112.849
1780952400,112.791,112.878,112.651,112.861
1780966800,112.86,113.084,112.819,113.028
1780981200,113.03,113.182,112.894,112.956
1780995600,112.958,113.126,112.892,113.098
1781010000,113.101,113.136,112.394,112.542
1781024400,112.546,112.816,112.525,112.7
1781038800,112.729,112.78,112.539,112.729
1781053200,112.73,112.762,112.501,112.546
1781067600,112.544,112.658,112.396,112.46
1781082000,112.458,112.677,112.322,112.498
1781096400,112.5,112.842,112.47,112.627
1781110800,112.628,112.703,112.318,112.34
1781125200,112.318,112.4,112.182,112.327
1781139600,112.328,112.522,112.327,112.492
1781154000,112.492,112.544,112.225,112.262
1781168400,112.263,112.382,112.251,112.315