symbol,timeframe,period,line_reclaim_time,h1_time,h2_time,h3_time,h1_price,h2_price,h3_price,line_reclaim_close,bars_after_h3_to_line,variant,entry_time,entry_i,h3_i,confirm_level,confirm_bar_time,bars_after_line,b_break_time,b_break_i,b_level,bars_after_b,support_retest_time
XAUUSD,H1,Research_2015_2024,2014-01-23 09:00:00,2014-01-19 23:00:00,2014-01-20 13:00:00,2014-01-21 07:00:00,1261.203,1257.303,1254.363,1246.983,50,ENTRY_A_B_BREAK,2014-01-24 11:00:00,388,312,1265.433,2014-01-23 15:00:00,26,2014-01-24 11:00:00,388,1265.433,0,
XAUUSD,H1,Research_2015_2024,2014-01-23 09:00:00,2014-01-19 23:00:00,2014-01-20 13:00:00,2014-01-21 07:00:00,1261.203,1257.303,1254.363,1246.983,50,ENTRY_C_A_AFTER_B,2014-01-24 11:00:00,388,312,1254.363,2014-01-21 07:00:00,26,2014-01-24 11:00:00,388,1265.433,0,
XAUUSD,H1,Research_2015_2024,2014-01-28 05:00:00,2014-01-26 23:00:00,2014-01-27 09:00:00,2014-01-27 17:00:00,1279.013,1272.46,1265.772,1259.878,12,ENTRY_A_B_BREAK,2014-01-29 20:00:00,468,417,1269.042,2014-01-29 13:00:00,39,2014-01-29 20:00:00,468,1269.042,0,
XAUUSD,H1,Research_2015_2024,2014-01-28 05:00:00,2014-01-26 23:00:00,2014-01-27 09:00:00,2014-01-27 17:00:00,1279.013,1272.46,1265.772,1259.878,12,ENTRY_C_A_AFTER_B,2014-01-29 20:00:00,468,417,1265.772,2014-01-27 17:00:00,39,2014-01-29 20:00:00,468,1269.042,0,
XAUUSD,H1,Research_2015_2024,2014-05-02 14:00:00,2014-04-28 01:00:00,2014-04-29 13:00:00,2014-04-30 18:00:00,1306.448,1301.342,1298.093,1295.06,44,ENTRY_A_B_BREAK,2014-05-02 14:00:00,2010,1966,1285.493,2014-05-01 18:00:00,0,2014-05-02 14:00:00,2010,1285.493,0,
XAUUSD,H1,Research_2015_2024,2014-05-02 14:00:00,2014-04-28 01:00:00,2014-04-29 13:00:00,2014-04-30 18:00:00,1306.448,1301.342,1298.093,1295.06,44,ENTRY_C_A_AFTER_B,2014-05-02 15:00:00,2011,1966,1298.093,2014-04-30 18:00:00,0,2014-05-02 14:00:00,2010,1285.493,1,
XAUUSD,H1,Research_2015_2024,2014-06-23 16:00:00,2014-06-19 22:00:00,2014-06-20 14:00:00,2014-06-23 07:00:00,1321.992,1319.746,1317.266,1317.424,9,ENTRY_A_B_BREAK,2014-06-24 08:00:00,2878,2853,1318.433,2014-06-23 17:00:00,16,2014-06-24 08:00:00,2878,1318.433,0,
XAUUSD,H1,Research_2015_2024,2014-06-23 16:00:00,2014-06-19 22:00:00,2014-06-20 14:00:00,2014-06-23 07:00:00,1321.992,1319.746,1317.266,1317.424,9,ENTRY_C_A_AFTER_B,2014-06-24 08:00:00,2878,2853,1317.266,2014-06-23 07:00:00,16,2014-06-24 08:00:00,2878,1318.433,0,
XAUUSD,H1,Research_2015_2024,2014-07-16 12:00:00,2014-07-13 22:00:00,2014-07-15 09:00:00,2014-07-16 06:00:00,1339.512,1313.71,1299.45,1298.303,6,ENTRY_A_B_BREAK,2014-07-17 04:00:00,3275,3254,1303.713,2014-07-16 14:00:00,15,2014-07-17 04:00:00,3275,1303.713,0,
XAUUSD,H1,Research_2015_2024,2014-07-16 12:00:00,2014-07-13 22:00:00,2014-07-15 09:00:00,2014-07-16 06:00:00,1339.512,1313.71,1299.45,1298.303,6,ENTRY_C_A_AFTER_B,2014-07-17 04:00:00,3275,3254,1299.45,2014-07-16 06:00:00,15,2014-07-17 04:00:00,3275,1303.713,0,
XAUUSD,H1,Research_2015_2024,2014-07-25 05:00:00,2014-07-23 12:00:00,2014-07-24 09:00:00,2014-07-24 22:00:00,1311.18,1301.263,1294.233,1292.517,7,ENTRY_A_B_BREAK,2014-07-29 07:00:00,3467,3411,1308.571,2014-07-25 19:00:00,49,2014-07-29 07:00:00,3467,1308.571,0,
XAUUSD,H1,Research_2015_2024,2014-07-25 05:00:00,2014-07-23 12:00:00,2014-07-24 09:00:00,2014-07-24 22:00:00,1311.18,1301.263,1294.233,1292.517,7,ENTRY_C_A_AFTER_B,2014-07-29 07:00:00,3467,3411,1294.233,2014-07-24 22:00:00,49,2014-07-29 07:00:00,3467,1308.571,0,
XAUUSD,H1,Research_2015_2024,2014-08-06 07:00:00,2014-08-01 13:00:00,2014-08-04 07:00:00,2014-08-05 08:00:00,1297.166,1295.358,1293.423,1291.749,23,ENTRY_A_B_BREAK,2014-08-06 12:00:00,3613,3585,1293.941,2014-08-05 18:00:00,5,2014-08-06 12:00:00,3613,1293.941,0,
XAUUSD,H1,Research_2015_2024,2014-08-06 07:00:00,2014-08-01 13:00:00,2014-08-04 07:00:00,2014-08-05 08:00:00,1297.166,1295.358,1293.423,1291.749,23,ENTRY_C_A_AFTER_B,2014-08-06 12:00:00,3613,3585,1293.423,2014-08-05 08:00:00,5,2014-08-06 12:00:00,3613,1293.941,0,
XAUUSD,H1,Research_2015_2024,2014-08-25 10:00:00,2014-08-20 12:00:00,2014-08-22 10:00:00,2014-08-22 16:00:00,1297.907,1282.851,1281.75,1277.987,13,ENTRY_A_B_BREAK,2014-08-28 10:00:00,3982,3898,1290.809,2014-08-26 12:00:00,71,2014-08-28 10:00:00,3982,1290.809,0,
XAUUSD,H1,Research_2015_2024,2014-08-25 10:00:00,2014-08-20 12:00:00,2014-08-22 10:00:00,2014-08-22 16:00:00,1297.907,1282.851,1281.75,1277.987,13,ENTRY_C_A_AFTER_B,2014-08-28 10:00:00,3982,3898,1281.75,2014-08-22 16:00:00,71,2014-08-28 10:00:00,3982,1290.809,0,
XAUUSD,H1,Research_2015_2024,2014-10-06 14:00:00,2014-10-02 16:00:00,2014-10-02 23:00:00,2014-10-03 12:00:00,1218.882,1215.262,1209.332,1200.492,25,ENTRY_A_B_BREAK,2014-10-07 07:00:00,4634,4592,1208.998,2014-10-06 16:00:00,17,2014-10-07 07:00:00,4634,1208.998,0,
XAUUSD,H1,Research_2015_2024,2014-10-06 14:00:00,2014-10-02 16:00:00,2014-10-02 23:00:00,2014-10-03 12:00:00,1218.882,1215.262,1209.332,1200.492,25,ENTRY_C_A_AFTER_B,2014-10-07 07:00:00,4634,4592,1209.332,2014-10-03 12:00:00,17,2014-10-07 07:00:00,4634,1208.998,0,
XAUUSD,H1,Research_2015_2024,2014-10-20 06:00:00,2014-10-16 16:00:00,2014-10-17 06:00:00,2014-10-19 22:00:00,1244.292,1241.648,1240.191,1239.972,8,ENTRY_A_B_BREAK,2014-10-21 04:00:00,4863,4834,1248.729,2014-10-20 12:00:00,21,2014-10-21 04:00:00,4863,1248.729,0,
XAUUSD,H1,Research_2015_2024,2014-10-20 06:00:00,2014-10-16 16:00:00,2014-10-17 06:00:00,2014-10-19 22:00:00,1244.292,1241.648,1240.191,1239.972,8,ENTRY_B_B_SUPPORT_REACCEL,2014-10-21 07:00:00,4866,4834,1250.129,2014-10-21 06:00:00,21,2014-10-21 04:00:00,4863,1248.729,3,2014-10-21 06:00:00
XAUUSD,H1,Research_2015_2024,2014-10-20 06:00:00,2014-10-16 16:00:00,2014-10-17 06:00:00,2014-10-19 22:00:00,1244.292,1241.648,1240.191,1239.972,8,ENTRY_C_A_AFTER_B,2014-10-21 04:00:00,4863,4834,1240.191,2014-10-19 22:00:00,21,2014-10-21 04:00:00,4863,1248.729,0,
XAUUSD,H1,Research_2015_2024,2014-12-03 01:00:00,2014-12-01 18:00:00,2014-12-02 06:00:00,2014-12-02 16:00:00,1221.012,1210.622,1203.829,1200.492,9,ENTRY_A_B_BREAK,2014-12-03 15:00:00,5598,5575,1208.29,2014-12-03 08:00:00,14,2014-12-03 15:00:00,5598,1208.29,0,
XAUUSD,H1,Research_2015_2024,2014-12-03 01:00:00,2014-12-01 18:00:00,2014-12-02 06:00:00,2014-12-02 16:00:00,1221.012,1210.622,1203.829,1200.492,9,ENTRY_C_A_AFTER_B,2014-12-03 15:00:00,5598,5575,1203.829,2014-12-02 16:00:00,14,2014-12-03 15:00:00,5598,1208.29,0,
XAUUSD,H1,Research_2015_2024,2014-12-16 12:00:00,2014-12-11 17:00:00,2014-12-12 09:00:00,2014-12-15 07:00:00,1231.895,1227.311,1220.623,1216.341,29,ENTRY_A_B_BREAK,2014-12-17 07:00:00,5828,5780,1199.391,2014-12-17 01:00:00,19,2014-12-17 07:00:00,5828,1199.391,0,
XAUUSD,H1,Research_2015_2024,2015-01-08 13:00:00,2015-01-06 16:00:00,2015-01-07 10:00:00,2015-01-07 20:00:00,1223.022,1218.258,1216.61,1212.902,17,ENTRY_A_B_BREAK,2015-01-09 15:00:00,6165,6122,1216.429,2015-01-08 15:00:00,26,2015-01-09 15:00:00,6165,1216.429,0,
XAUUSD,H1,Research_2015_2024,2015-01-08 13:00:00,2015-01-06 16:00:00,2015-01-07 10:00:00,2015-01-07 20:00:00,1223.022,1218.258,1216.61,1212.902,17,ENTRY_B_B_SUPPORT_REACCEL,2015-01-09 18:00:00,6168,6122,1218.28,2015-01-09 17:00:00,26,2015-01-09 15:00:00,6165,1216.429,3,2015-01-09 17:00:00
XAUUSD,H1,Research_2015_2024,2015-01-08 13:00:00,2015-01-06 16:00:00,2015-01-07 10:00:00,2015-01-07 20:00:00,1223.022,1218.258,1216.61,1212.902,17,ENTRY_C_A_AFTER_B,2015-01-09 15:00:00,6165,6122,1216.61,2015-01-07 20:00:00,26,2015-01-09 15:00:00,6165,1216.429,0,
XAUUSD,H1,Research_2015_2024,2015-01-20 07:00:00,2015-01-16 16:00:00,2015-01-18 23:00:00,2015-01-19 12:00:00,1282.031,1281.358,1278.918,1279.961,15,ENTRY_A_B_BREAK,2015-01-20 16:00:00,6327,6303,1294.178,2015-01-20 09:00:00,9,2015-01-20 16:00:00,6327,1294.178,0,
XAUUSD,H1,Research_2015_2024,2015-01-20 07:00:00,2015-01-16 16:00:00,2015-01-18 23:00:00,2015-01-19 12:00:00,1282.031,1281.358,1278.918,1279.961,15,ENTRY_C_A_AFTER_B,2015-01-20 16:00:00,6327,6303,1278.918,2015-01-19 12:00:00,9,2015-01-20 16:00:00,6327,1294.178,0,
XAUUSD,H1,Research_2015_2024,2015-03-09 21:00:00,2015-03-05 15:00:00,2015-03-06 03:00:00,2015-03-09 10:00:00,1209.38,1200.639,1175.289,1166.641,11,ENTRY_A_B_BREAK,2015-03-12 05:00:00,7179,7114,1156.116,2015-03-11 22:00:00,54,2015-03-12 05:00:00,7179,1156.116,0,
XAUUSD,H1,Research_2015_2024,2015-04-15 17:00:00,2015-04-10 13:00:00,2015-04-13 01:00:00,2015-04-13 13:00:00,1210.739,1209.498,1206.902,1201.999,52,ENTRY_A_B_BREAK,2015-04-15 17:00:00,7731,7679,1198.998,2015-04-14 15:00:00,0,2015-04-15 17:00:00,7731,1198.998,0,
XAUUSD,H1,Research_2015_2024,2015-04-15 17:00:00,2015-04-10 13:00:00,2015-04-13 01:00:00,2015-04-13 13:00:00,1210.739,1209.498,1206.902,1201.999,52,ENTRY_C_A_AFTER_B,2015-04-16 07:00:00,7744,7679,1206.902,2015-04-13 13:00:00,0,2015-04-15 17:00:00,7731,1198.998,13,
XAUUSD,H1,Research_2015_2024,2015-04-27 14:00:00,2015-04-22 06:00:00,2015-04-23 18:00:00,2015-04-24 07:00:00,1204.759,1197.98,1195.902,1203.162,30,ENTRY_A_B_BREAK,2015-04-28 14:00:00,7941,7887,1207.218,2015-04-27 16:00:00,24,2015-04-28 14:00:00,7941,1207.218,0,
XAUUSD,H1,Research_2015_2024,2015-04-27 14:00:00,2015-04-22 06:00:00,2015-04-23 18:00:00,2015-04-24 07:00:00,1204.759,1197.98,1195.902,1203.162,30,ENTRY_C_A_AFTER_B,2015-04-28 14:00:00,7941,7887,1195.902,2015-04-24 07:00:00,24,2015-04-28 14:00:00,7941,1207.218,0,
XAUUSD,H1,Research_2015_2024,2015-05-08 01:00:00,2015-05-06 12:00:00,2015-05-06 23:00:00,2015-05-07 13:00:00,1197.605,1192.8,1188.477,1184.472,12,ENTRY_A_B_BREAK,2015-05-13 12:00:00,8201,8107,1197.025,2015-05-12 10:00:00,82,2015-05-13 12:00:00,8201,1197.025,0,
XAUUSD,H1,Research_2015_2024,2015-05-08 01:00:00,2015-05-06 12:00:00,2015-05-06 23:00:00,2015-05-07 13:00:00,1197.605,1192.8,1188.477,1184.472,12,ENTRY_C_A_AFTER_B,2015-05-13 12:00:00,8201,8107,1188.477,2015-05-07 13:00:00,82,2015-05-13 12:00:00,8201,1197.025,0,
XAUUSD,H1,Research_2015_2024,2015-06-12 00:00:00,2015-06-10 12:00:00,2015-06-11 04:00:00,2015-06-11 12:00:00,1192.259,1187.928,1185.338,1182.522,12,ENTRY_A_B_BREAK,2015-06-14 22:00:00,8729,8696,1183.489,2015-06-12 14:00:00,21,2015-06-14 22:00:00,8729,1183.489,0,
XAUUSD,H1,Research_2015_2024,2015-06-12 00:00:00,2015-06-10 12:00:00,2015-06-11 04:00:00,2015-06-11 12:00:00,1192.259,1187.928,1185.338,1182.522,12,ENTRY_C_A_AFTER_B,2015-06-14 22:00:00,8729,8696,1185.338,2015-06-11 12:00:00,21,2015-06-14 22:00:00,8729,1183.489,0,
XAUUSD,H1,Research_2015_2024,2015-06-14 22:00:00,2015-06-11 12:00:00,2015-06-12 07:00:00,2015-06-12 14:00:00,1185.338,1184.252,1183.489,1185.859,7,ENTRY_A_B_BREAK,2015-06-18 07:00:00,8810,8722,1190.492,2015-06-15 15:00:00,81,2015-06-18 07:00:00,8810,1190.492,0,
XAUUSD,H1,Research_2015_2024,2015-06-14 22:00:00,2015-06-11 12:00:00,2015-06-12 07:00:00,2015-06-12 14:00:00,1185.338,1184.252,1183.489,1185.859,7,ENTRY_B_B_SUPPORT_REACCEL,2015-06-18 09:00:00,8812,8722,1197.858,2015-06-18 08:00:00,81,2015-06-18 07:00:00,8810,1190.492,2,2015-06-18 08:00:00
XAUUSD,H1,Research_2015_2024,2015-06-14 22:00:00,2015-06-11 12:00:00,2015-06-12 07:00:00,2015-06-12 14:00:00,1185.338,1184.252,1183.489,1185.859,7,ENTRY_C_A_AFTER_B,2015-06-18 07:00:00,8810,8722,1183.489,2015-06-12 14:00:00,81,2015-06-18 07:00:00,8810,1190.492,0,
XAUUSD,H1,Research_2015_2024,2015-07-16 05:00:00,2015-07-14 13:00:00,2015-07-14 23:00:00,2015-07-15 20:00:00,1159.738,1156.789,1149.949,1147.138,9,ENTRY_A_B_BREAK,2015-07-21 07:00:00,9342,9261,1105.821,2015-07-21 01:00:00,72,2015-07-21 07:00:00,9342,1105.821,0,
XAUUSD,H1,Research_2015_2024,2015-08-27 08:00:00,2015-08-25 13:00:00,2015-08-25 23:00:00,2015-08-27 02:00:00,1152.712,1146.409,1129.128,1125.388,6,ENTRY_A_B_BREAK,2015-08-28 13:00:00,9997,9963,1132.939,2015-08-28 07:00:00,28,2015-08-28 13:00:00,9997,1132.939,0,
XAUUSD,H1,Research_2015_2024,2015-08-27 08:00:00,2015-08-25 13:00:00,2015-08-25 23:00:00,2015-08-27 02:00:00,1152.712,1146.409,1129.128,1125.388,6,ENTRY_C_A_AFTER_B,2015-08-28 13:00:00,9997,9963,1129.128,2015-08-27 02:00:00,28,2015-08-28 13:00:00,9997,1132.939,0,
XAUUSD,H1,Research_2015_2024,2015-09-06 22:00:00,2015-09-01 13:00:00,2015-09-02 07:00:00,2015-09-03 07:00:00,1147.861,1142.398,1134.26,1122.349,37,ENTRY_A_B_BREAK,2015-09-08 11:00:00,10153,10083,1122.158,2015-09-08 04:00:00,33,2015-09-08 11:00:00,10153,1122.158,0,
XAUUSD,H1,Research_2015_2024,2015-09-06 22:00:00,2015-09-01 13:00:00,2015-09-02 07:00:00,2015-09-03 07:00:00,1147.861,1142.398,1134.26,1122.349,37,ENTRY_B_B_SUPPORT_REACCEL,2015-09-08 15:00:00,10157,10083,1124.11,2015-09-08 12:00:00,33,2015-09-08 11:00:00,10153,1122.158,4,2015-09-08 12:00:00
XAUUSD,H1,Research_2015_2024,2015-09-14 02:00:00,2015-09-10 13:00:00,2015-09-11 02:00:00,2015-09-11 19:00:00,1114.988,1112.869,1108.438,1108.938,6,ENTRY_A_B_BREAK,2015-09-16 12:00:00,10292,10230,1109.039,2015-09-15 12:00:00,56,2015-09-16 12:00:00,10292,1109.039,0,
XAUUSD,H1,Research_2015_2024,2015-09-14 02:00:00,2015-09-10 13:00:00,2015-09-11 02:00:00,2015-09-11 19:00:00,1114.988,1112.869,1108.438,1108.938,6,ENTRY_C_A_AFTER_B,2015-09-16 12:00:00,10292,10230,1108.438,2015-09-11 19:00:00,56,2015-09-16 12:00:00,10292,1109.039,0,
XAUUSD,H1,Research_2015_2024,2015-10-02 12:00:00,2015-09-25 19:00:00,2015-09-29 13:00:00,2015-10-01 14:00:00,1148.599,1134.638,1119.111,1131.888,21,ENTRY_A_B_BREAK,2015-10-06 12:00:00,10615,10548,1141.223,2015-10-02 14:00:00,46,2015-10-06 12:00:00,10615,1141.223,0,
XAUUSD,H1,Research_2015_2024,2015-10-02 12:00:00,2015-09-25 19:00:00,2015-09-29 13:00:00,2015-10-01 14:00:00,1148.599,1134.638,1119.111,1131.888,21,ENTRY_B_B_SUPPORT_REACCEL,2015-10-07 17:00:00,10643,10548,1148.139,2015-10-07 14:00:00,46,2015-10-06 12:00:00,10615,1141.223,28,2015-10-07 14:00:00
XAUUSD,H1,Research_2015_2024,2015-10-02 12:00:00,2015-09-25 19:00:00,2015-09-29 13:00:00,2015-10-01 14:00:00,1148.599,1134.638,1119.111,1131.888,21,ENTRY_C_A_AFTER_B,2015-10-06 12:00:00,10615,10548,1119.111,2015-10-01 14:00:00,46,2015-10-06 12:00:00,10615,1141.223,0,
XAUUSD,H1,Research_2015_2024,2015-10-20 07:00:00,2015-10-15 12:00:00,2015-10-16 13:00:00,2015-10-19 13:00:00,1191.45,1184.442,1178.149,1173.651,17,ENTRY_A_B_BREAK,2015-10-23 06:00:00,10908,10823,1171.73,2015-10-22 14:00:00,68,2015-10-23 06:00:00,10908,1171.73,0,
XAUUSD,H1,Research_2015_2024,2015-10-20 07:00:00,2015-10-15 12:00:00,2015-10-16 13:00:00,2015-10-19 13:00:00,1191.45,1184.442,1178.149,1173.651,17,ENTRY_B_B_SUPPORT_REACCEL,2015-10-23 11:00:00,10913,10823,1175.0,2015-10-23 07:00:00,68,2015-10-23 06:00:00,10908,1171.73,5,2015-10-23 07:00:00
XAUUSD,H1,Research_2015_2024,2015-10-20 07:00:00,2015-10-15 12:00:00,2015-10-16 13:00:00,2015-10-19 13:00:00,1191.45,1184.442,1178.149,1173.651,17,ENTRY_C_A_AFTER_B,2015-10-23 11:00:00,10913,10823,1178.149,2015-10-19 13:00:00,68,2015-10-23 06:00:00,10908,1171.73,5,
XAUUSD,H1,Research_2015_2024,2015-12-03 19:00:00,2015-12-01 02:00:00,2015-12-01 13:00:00,2015-12-01 23:00:00,1074.629,1072.549,1071.43,1065.248,43,ENTRY_A_B_BREAK,2015-12-04 13:00:00,11599,11539,1065.399,2015-12-03 20:00:00,17,2015-12-04 13:00:00,11599,1065.399,0,
XAUUSD,H1,Research_2015_2024,2015-12-03 19:00:00,2015-12-01 02:00:00,2015-12-01 13:00:00,2015-12-01 23:00:00,1074.629,1072.549,1071.43,1065.248,43,ENTRY_B_B_SUPPORT_REACCEL,2015-12-08 06:00:00,11638,11539,1073.47,2015-12-07 21:00:00,17,2015-12-04 13:00:00,11599,1065.399,39,2015-12-07 21:00:00
XAUUSD,H1,Research_2015_2024,2015-12-03 19:00:00,2015-12-01 02:00:00,2015-12-01 13:00:00,2015-12-01 23:00:00,1074.629,1072.549,1071.43,1065.248,43,ENTRY_C_A_AFTER_B,2015-12-04 14:00:00,11600,11539,1071.43,2015-12-01 23:00:00,17,2015-12-04 13:00:00,11599,1065.399,1,
XAUUSD,H1,Research_2015_2024,2015-12-16 08:00:00,2015-12-11 19:00:00,2015-12-14 03:00:00,2015-12-14 13:00:00,1079.49,1077.499,1075.109,1065.978,41,ENTRY_A_B_BREAK,2015-12-16 13:00:00,11783,11737,1068.669,2015-12-15 10:00:00,5,2015-12-16 13:00:00,11783,1068.669,0,
XAUUSD,H1,Research_2015_2024,2015-12-16 08:00:00,2015-12-11 19:00:00,2015-12-14 03:00:00,2015-12-14 13:00:00,1079.49,1077.499,1075.109,1065.978,41,ENTRY_C_A_AFTER_B,2015-12-16 14:00:00,11784,11737,1075.109,2015-12-14 13:00:00,5,2015-12-16 13:00:00,11783,1068.669,1,
XAUUSD,H1,Research_2015_2024,2016-01-29 15:00:00,2016-01-27 20:00:00,2016-01-28 13:00:00,2016-01-29 04:00:00,1127.99,1122.209,1118.151,1117.789,11,ENTRY_A_B_BREAK,2016-02-01 01:00:00,12458,12438,1118.401,2016-01-29 15:00:00,9,2016-02-01 01:00:00,12458,1118.401,0,
XAUUSD,H1,Research_2015_2024,2016-01-29 15:00:00,2016-01-27 20:00:00,2016-01-28 13:00:00,2016-01-29 04:00:00,1127.99,1122.209,1118.151,1117.789,11,ENTRY_C_A_AFTER_B,2016-02-01 01:00:00,12458,12438,1118.151,2016-01-29 04:00:00,9,2016-02-01 01:00:00,12458,1118.401,0,
XAUUSD,H1,Research_2015_2024,2016-04-15 15:00:00,2016-04-12 08:00:00,2016-04-13 13:00:00,2016-04-14 08:00:00,1262.589,1250.449,1244.05,1233.128,30,ENTRY_A_B_BREAK,2016-04-15 15:00:00,13689,13659,1231.921,2016-04-15 06:00:00,0,2016-04-15 15:00:00,13689,1231.921,0,
XAUUSD,H1,Research_2015_2024,2016-04-15 15:00:00,2016-04-12 08:00:00,2016-04-13 13:00:00,2016-04-14 08:00:00,1262.589,1250.449,1244.05,1233.128,30,ENTRY_B_B_SUPPORT_REACCEL,2016-04-17 22:00:00,13695,13659,1235.84,2016-04-15 16:00:00,0,2016-04-15 15:00:00,13689,1231.921,6,2016-04-15 16:00:00
XAUUSD,H1,Research_2015_2024,2016-04-15 15:00:00,2016-04-12 08:00:00,2016-04-13 13:00:00,2016-04-14 08:00:00,1262.589,1250.449,1244.05,1233.128,30,ENTRY_C_A_AFTER_B,2016-04-19 06:00:00,13726,13659,1244.05,2016-04-14 08:00:00,0,2016-04-15 15:00:00,13689,1231.921,37,
XAUUSD,H1,Research_2015_2024,2016-06-08 01:00:00,2016-06-06 00:00:00,2016-06-06 17:00:00,2016-06-07 01:00:00,1248.629,1247.455,1246.52,1247.719,23,ENTRY_A_B_BREAK,2016-06-08 01:00:00,14546,14523,1245.808,2016-06-07 18:00:00,0,2016-06-08 01:00:00,14546,1245.808,0,
XAUUSD,H1,Research_2015_2024,2016-06-08 01:00:00,2016-06-06 00:00:00,2016-06-06 17:00:00,2016-06-07 01:00:00,1248.629,1247.455,1246.52,1247.719,23,ENTRY_C_A_AFTER_B,2016-06-08 01:00:00,14546,14523,1246.52,2016-06-07 01:00:00,0,2016-06-08 01:00:00,14546,1245.808,0,
XAUUSD,H1,Research_2015_2024,2016-06-29 12:00:00,2016-06-26 23:00:00,2016-06-27 11:00:00,2016-06-27 19:00:00,1335.289,1333.261,1330.079,1321.158,39,ENTRY_A_B_BREAK,2016-06-29 12:00:00,14902,14863,1319.522,2016-06-28 13:00:00,0,2016-06-29 12:00:00,14902,1319.522,0,
XAUUSD,H1,Research_2015_2024,2016-06-29 12:00:00,2016-06-26 23:00:00,2016-06-27 11:00:00,2016-06-27 19:00:00,1335.289,1333.261,1330.079,1321.158,39,ENTRY_C_A_AFTER_B,2016-07-01 03:00:00,14939,14863,1330.079,2016-06-27 19:00:00,0,2016-06-29 12:00:00,14902,1319.522,37,
XAUUSD,H1,Research_2015_2024,2016-07-08 17:00:00,2016-07-06 10:00:00,2016-07-07 01:00:00,2016-07-07 20:00:00,1375.081,1370.692,1362.91,1360.458,20,ENTRY_A_B_BREAK,2016-07-10 22:00:00,15068,15044,1370.34,2016-07-08 13:00:00,4,2016-07-10 22:00:00,15068,1370.34,0,
XAUUSD,H1,Research_2015_2024,2016-07-08 17:00:00,2016-07-06 10:00:00,2016-07-07 01:00:00,2016-07-07 20:00:00,1375.081,1370.692,1362.91,1360.458,20,ENTRY_C_A_AFTER_B,2016-07-10 22:00:00,15068,15044,1362.91,2016-07-07 20:00:00,4,2016-07-10 22:00:00,15068,1370.34,0,
XAUUSD,H1,Research_2015_2024,2016-08-31 10:00:00,2016-08-30 00:00:00,2016-08-30 12:00:00,2016-08-31 04:00:00,1325.43,1321.749,1316.088,1314.259,6,ENTRY_A_B_BREAK,2016-09-01 14:00:00,15959,15926,1311.569,2016-09-01 02:00:00,27,2016-09-01 14:00:00,15959,1311.569,0,
XAUUSD,H1,Research_2015_2024,2016-08-31 10:00:00,2016-08-30 00:00:00,2016-08-30 12:00:00,2016-08-31 04:00:00,1325.43,1321.749,1316.088,1314.259,6,ENTRY_C_A_AFTER_B,2016-09-02 12:00:00,15980,15926,1316.088,2016-08-31 04:00:00,27,2016-09-01 14:00:00,15959,1311.569,21,
XAUUSD,H1,Research_2015_2024,2016-09-26 12:00:00,2016-09-22 16:00:00,2016-09-23 12:00:00,2016-09-26 00:00:00,1343.629,1340.59,1339.879,1338.81,12,ENTRY_A_B_BREAK,2016-09-30 07:00:00,16432,16333,1324.359,2016-09-29 18:00:00,87,2016-09-30 07:00:00,16432,1324.359,0,
XAUUSD,H1,Research_2015_2024,2016-09-26 12:00:00,2016-09-22 16:00:00,2016-09-23 12:00:00,2016-09-26 00:00:00,1343.629,1340.59,1339.879,1338.81,12,ENTRY_B_B_SUPPORT_REACCEL,2016-09-30 12:00:00,16437,16333,1326.809,2016-09-30 11:00:00,87,2016-09-30 07:00:00,16432,1324.359,5,2016-09-30 11:00:00
XAUUSD,H1,Research_2015_2024,2016-10-28 13:00:00,2016-10-25 18:00:00,2016-10-27 12:00:00,2016-10-28 03:00:00,1276.611,1272.779,1271.828,1272.121,10,ENTRY_A_B_BREAK,2016-11-01 10:00:00,16941,16888,1284.158,2016-10-28 18:00:00,43,2016-11-01 10:00:00,16941,1284.158,0,
XAUUSD,H1,Research_2015_2024,2016-10-28 13:00:00,2016-10-25 18:00:00,2016-10-27 12:00:00,2016-10-28 03:00:00,1276.611,1272.779,1271.828,1272.121,10,ENTRY_B_B_SUPPORT_REACCEL,2016-11-01 13:00:00,16944,16888,1288.301,2016-11-01 11:00:00,43,2016-11-01 10:00:00,16941,1284.158,3,2016-11-01 11:00:00
XAUUSD,H1,Research_2015_2024,2016-10-28 13:00:00,2016-10-25 18:00:00,2016-10-27 12:00:00,2016-10-28 03:00:00,1276.611,1272.779,1271.828,1272.121,10,ENTRY_C_A_AFTER_B,2016-11-01 10:00:00,16941,16888,1271.828,2016-10-28 03:00:00,43,2016-11-01 10:00:00,16941,1284.158,0,
XAUUSD,H1,Research_2015_2024,2016-11-30 01:00:00,2016-11-22 01:00:00,2016-11-22 09:00:00,2016-11-23 07:00:00,1220.969,1219.218,1214.691,1193.468,106,ENTRY_A_B_BREAK,2016-11-30 01:00:00,17413,17307,1193.231,2016-11-25 08:00:00,0,2016-11-30 01:00:00,17413,1193.231,0,
XAUUSD,H1,Research_2015_2024,2017-01-20 19:00:00,2017-01-17 11:00:00,2017-01-18 01:00:00,2017-01-18 15:00:00,1218.798,1217.509,1216.509,1212.568,52,ENTRY_A_B_BREAK,2017-01-20 19:00:00,18247,18195,1209.039,2017-01-20 07:00:00,0,2017-01-20 19:00:00,18247,1209.039,0,
XAUUSD,H1,Research_2015_2024,2017-01-20 19:00:00,2017-01-17 11:00:00,2017-01-18 01:00:00,2017-01-18 15:00:00,1218.798,1217.509,1216.509,1212.568,52,ENTRY_B_B_SUPPORT_REACCEL,2017-01-23 01:00:00,18252,18195,1216.248,2017-01-22 23:00:00,0,2017-01-20 19:00:00,18247,1209.039,5,2017-01-22 23:00:00
XAUUSD,H1,Research_2015_2024,2017-01-20 19:00:00,2017-01-17 11:00:00,2017-01-18 01:00:00,2017-01-18 15:00:00,1218.798,1217.509,1216.509,1212.568,52,ENTRY_C_A_AFTER_B,2017-01-23 01:00:00,18252,18195,1216.509,2017-01-18 15:00:00,0,2017-01-20 19:00:00,18247,1209.039,5,
XAUUSD,H1,Research_2015_2024,2017-01-27 14:00:00,2017-01-24 15:00:00,2017-01-25 12:00:00,2017-01-26 00:00:00,1217.658,1207.788,1202.622,1185.361,38,ENTRY_A_B_BREAK,2017-01-30 15:00:00,18383,18321,1195.699,2017-01-30 01:00:00,24,2017-01-30 15:00:00,18383,1195.699,0,
XAUUSD,H1,Research_2015_2024,2017-01-27 14:00:00,2017-01-24 15:00:00,2017-01-25 12:00:00,2017-01-26 00:00:00,1217.658,1207.788,1202.622,1185.361,38,ENTRY_B_B_SUPPORT_REACCEL,2017-01-31 02:00:00,18393,18321,1197.879,2017-01-30 17:00:00,24,2017-01-30 15:00:00,18383,1195.699,10,2017-01-30 17:00:00
XAUUSD,H1,Research_2015_2024,2017-01-27 14:00:00,2017-01-24 15:00:00,2017-01-25 12:00:00,2017-01-26 00:00:00,1217.658,1207.788,1202.622,1185.361,38,ENTRY_C_A_AFTER_B,2017-01-31 11:00:00,18402,18321,1202.622,2017-01-26 00:00:00,24,2017-01-30 15:00:00,18383,1195.699,19,
XAUUSD,H1,Research_2015_2024,2017-02-14 03:00:00,2017-02-09 14:00:00,2017-02-10 18:00:00,2017-02-13 08:00:00,1244.428,1237.069,1232.268,1226.619,19,ENTRY_A_B_BREAK,2017-02-14 04:00:00,18630,18610,1227.589,2017-02-13 19:00:00,1,2017-02-14 04:00:00,18630,1227.589,0,
XAUUSD,H1,Research_2015_2024,2017-02-14 03:00:00,2017-02-09 14:00:00,2017-02-10 18:00:00,2017-02-13 08:00:00,1244.428,1237.069,1232.268,1226.619,19,ENTRY_B_B_SUPPORT_REACCEL,2017-02-14 12:00:00,18638,18610,1230.159,2017-02-14 05:00:00,1,2017-02-14 04:00:00,18630,1227.589,8,2017-02-14 05:00:00
XAUUSD,H1,Research_2015_2024,2017-02-14 03:00:00,2017-02-09 14:00:00,2017-02-10 18:00:00,2017-02-13 08:00:00,1244.428,1237.069,1232.268,1226.619,19,ENTRY_C_A_AFTER_B,2017-02-14 12:00:00,18638,18610,1232.268,2017-02-13 08:00:00,1,2017-02-14 04:00:00,18630,1227.589,8,
XAUUSD,H1,Research_2015_2024,2017-02-14 02:00:00,2017-02-10 18:00:00,2017-02-13 08:00:00,2017-02-13 19:00:00,1237.069,1232.268,1227.589,1225.808,7,ENTRY_A_B_BREAK,2017-02-16 08:00:00,18681,18621,1236.739,2017-02-16 02:00:00,53,2017-02-16 08:00:00,18681,1236.739,0,
XAUUSD,H1,Research_2015_2024,2017-02-14 02:00:00,2017-02-10 18:00:00,2017-02-13 08:00:00,2017-02-13 19:00:00,1237.069,1232.268,1227.589,1225.808,7,ENTRY_B_B_SUPPORT_REACCEL,2017-02-16 14:00:00,18687,18621,1239.319,2017-02-16 09:00:00,53,2017-02-16 08:00:00,18681,1236.739,6,2017-02-16 09:00:00
XAUUSD,H1,Research_2015_2024,2017-02-14 02:00:00,2017-02-10 18:00:00,2017-02-13 08:00:00,2017-02-13 19:00:00,1237.069,1232.268,1227.589,1225.808,7,ENTRY_C_A_AFTER_B,2017-02-16 08:00:00,18681,18621,1227.589,2017-02-13 19:00:00,53,2017-02-16 08:00:00,18681,1236.739,0,
XAUUSD,H1,Research_2015_2024,2017-03-31 16:00:00,2017-03-27 13:00:00,2017-03-28 13:00:00,2017-03-29 17:00:00,1261.012,1258.319,1254.609,1249.799,45,ENTRY_A_B_BREAK,2017-03-31 16:00:00,19409,19364,1243.459,2017-03-31 07:00:00,0,2017-03-31 16:00:00,19409,1243.459,0,
XAUUSD,H1,Research_2015_2024,2017-03-31 16:00:00,2017-03-27 13:00:00,2017-03-28 13:00:00,2017-03-29 17:00:00,1261.012,1258.319,1254.609,1249.799,45,ENTRY_C_A_AFTER_B,2017-04-03 23:00:00,19438,19364,1254.609,2017-03-29 17:00:00,0,2017-03-31 16:00:00,19409,1243.459,29,
XAUUSD,H1,Research_2015_2024,2017-05-12 12:00:00,2017-05-02 20:00:00,2017-05-03 12:00:00,2017-05-03 18:00:00,1257.048,1255.362,1253.661,1231.321,155,ENTRY_A_B_BREAK,2017-05-12 12:00:00,20073,19918,1224.851,2017-05-09 20:00:00,0,2017-05-12 12:00:00,20073,1224.851,0,
XAUUSD,H1,Research_2015_2024,2017-05-12 12:00:00,2017-05-02 20:00:00,2017-05-03 12:00:00,2017-05-03 18:00:00,1257.048,1255.362,1253.661,1231.321,155,ENTRY_C_A_AFTER_B,2017-05-17 13:00:00,20143,19918,1253.661,2017-05-03 18:00:00,0,2017-05-12 12:00:00,20073,1224.851,70,
XAUUSD,H1,Research_2015_2024,2017-06-12 04:00:00,2017-06-08 06:00:00,2017-06-08 22:00:00,2017-06-09 18:00:00,1288.899,1281.522,1270.912,1267.721,9,ENTRY_A_B_BREAK,2017-06-14 02:00:00,20589,20536,1268.912,2017-06-13 18:00:00,44,2017-06-14 02:00:00,20589,1268.912,0,
XAUUSD,H1,Research_2015_2024,2017-06-12 04:00:00,2017-06-08 06:00:00,2017-06-08 22:00:00,2017-06-09 18:00:00,1288.899,1281.522,1270.912,1267.721,9,ENTRY_C_A_AFTER_B,2017-06-14 12:00:00,20599,20536,1270.912,2017-06-09 18:00:00,44,2017-06-14 02:00:00,20589,1268.912,10,
XAUUSD,H1,Research_2015_2024,2017-06-21 09:00:00,2017-06-16 10:00:00,2017-06-18 23:00:00,2017-06-19 12:00:00,1257.141,1255.662,1253.312,1247.318,43,ENTRY_A_B_BREAK,2017-06-23 08:00:00,20756,20668,1254.682,2017-06-22 05:00:00,45,2017-06-23 08:00:00,20756,1254.682,0,
XAUUSD,H1,Research_2015_2024,2017-06-21 09:00:00,2017-06-16 10:00:00,2017-06-18 23:00:00,2017-06-19 12:00:00,1257.141,1255.662,1253.312,1247.318,43,ENTRY_B_B_SUPPORT_REACCEL,2017-06-25 22:00:00,20769,20668,1256.801,2017-06-23 14:00:00,45,2017-06-23 08:00:00,20756,1254.682,13,2017-06-23 14:00:00
XAUUSD,H1,Research_2015_2024,2017-06-21 09:00:00,2017-06-16 10:00:00,2017-06-18 23:00:00,2017-06-19 12:00:00,1257.141,1255.662,1253.312,1247.318,43,ENTRY_C_A_AFTER_B,2017-06-23 08:00:00,20756,20668,1253.312,2017-06-19 12:00:00,45,2017-06-23 08:00:00,20756,1254.682,0,
XAUUSD,H1,Research_2015_2024,2017-07-06 13:00:00,2017-06-29 02:00:00,2017-06-30 03:00:00,2017-06-30 14:00:00,1253.148,1248.222,1245.222,1225.642,88,ENTRY_A_B_BREAK,2017-07-11 16:00:00,21037,20877,1215.581,2017-07-10 11:00:00,72,2017-07-11 16:00:00,21037,1215.581,0,
XAUUSD,H1,Research_2015_2024,2017-07-06 13:00:00,2017-06-29 02:00:00,2017-06-30 03:00:00,2017-06-30 14:00:00,1253.148,1248.222,1245.222,1225.642,88,ENTRY_B_B_SUPPORT_REACCEL,2017-07-12 00:00:00,21044,20877,1218.022,2017-07-11 18:00:00,72,2017-07-11 16:00:00,21037,1215.581,7,2017-07-11 18:00:00
XAUUSD,H1,Research_2015_2024,2017-08-09 06:00:00,2017-08-01 14:00:00,2017-08-02 17:00:00,2017-08-03 19:00:00,1274.061,1272.812,1270.799,1266.349,79,ENTRY_A_B_BREAK,2017-08-09 07:00:00,21511,21431,1267.148,2017-08-09 00:00:00,1,2017-08-09 07:00:00,21511,1267.148,0,
XAUUSD,H1,Research_2015_2024,2017-08-09 06:00:00,2017-08-01 14:00:00,2017-08-02 17:00:00,2017-08-03 19:00:00,1274.061,1272.812,1270.799,1266.349,79,ENTRY_B_B_SUPPORT_REACCEL,2017-08-09 12:00:00,21516,21431,1269.952,2017-08-09 08:00:00,1,2017-08-09 07:00:00,21511,1267.148,5,2017-08-09 08:00:00
XAUUSD,H1,Research_2015_2024,2017-08-09 06:00:00,2017-08-01 14:00:00,2017-08-02 17:00:00,2017-08-03 19:00:00,1274.061,1272.812,1270.799,1266.349,79,ENTRY_C_A_AFTER_B,2017-08-09 12:00:00,21516,21431,1270.799,2017-08-03 19:00:00,1,2017-08-09 07:00:00,21511,1267.148,5,
XAUUSD,H1,Research_2015_2024,2017-09-07 08:00:00,2017-09-05 19:00:00,2017-09-06 09:00:00,2017-09-06 15:00:00,1344.328,1341.828,1340.892,1338.701,16,ENTRY_A_B_BREAK,2017-09-12 18:00:00,22070,21975,1329.292,2017-09-12 12:00:00,79,2017-09-12 18:00:00,22070,1329.292,0,
XAUUSD,H1,Research_2015_2024,2017-09-07 08:00:00,2017-09-05 19:00:00,2017-09-06 09:00:00,2017-09-06 15:00:00,1344.328,1341.828,1340.892,1338.701,16,ENTRY_B_B_SUPPORT_REACCEL,2017-09-13 10:00:00,22085,21975,1334.031,2017-09-13 01:00:00,79,2017-09-12 18:00:00,22070,1329.292,15,2017-09-13 01:00:00
XAUUSD,H1,Research_2015_2024,2017-10-25 22:00:00,2017-10-19 23:00:00,2017-10-24 00:00:00,2017-10-24 19:00:00,1291.038,1283.612,1281.292,1278.911,25,ENTRY_A_B_BREAK,2017-10-26 01:00:00,22789,22761,1279.981,2017-10-25 16:00:00,3,2017-10-26 01:00:00,22789,1279.981,0,
XAUUSD,H1,Research_2015_2024,2017-10-25 22:00:00,2017-10-19 23:00:00,2017-10-24 00:00:00,2017-10-24 19:00:00,1291.038,1283.612,1281.292,1278.911,25,ENTRY_B_B_SUPPORT_REACCEL,2017-10-26 05:00:00,22793,22761,1280.189,2017-10-26 04:00:00,3,2017-10-26 01:00:00,22789,1279.981,4,2017-10-26 04:00:00
XAUUSD,H1,Research_2015_2024,2017-10-26 01:00:00,2017-10-24 00:00:00,2017-10-24 19:00:00,2017-10-25 16:00:00,1283.612,1281.292,1279.981,1280.282,8,ENTRY_A_B_BREAK,2017-10-30 15:00:00,22849,22781,1273.972,2017-10-27 20:00:00,60,2017-10-30 15:00:00,22849,1273.972,0,
XAUUSD,H1,Research_2015_2024,2017-10-26 01:00:00,2017-10-24 00:00:00,2017-10-24 19:00:00,2017-10-25 16:00:00,1283.612,1281.292,1279.981,1280.282,8,ENTRY_C_A_AFTER_B,2017-11-02 01:00:00,22904,22781,1279.981,2017-10-25 16:00:00,60,2017-10-30 15:00:00,22849,1273.972,55,
XAUUSD,H1,Research_2015_2024,2018-01-08 20:00:00,2018-01-04 20:00:00,2018-01-05 13:00:00,2018-01-08 01:00:00,1325.969,1322.879,1322.101,1320.021,19,ENTRY_A_B_BREAK,2018-01-12 04:00:00,24026,23931,1327.691,2018-01-10 11:00:00,76,2018-01-12 04:00:00,24026,1327.691,0,
XAUUSD,H1,Research_2015_2024,2018-01-08 20:00:00,2018-01-04 20:00:00,2018-01-05 13:00:00,2018-01-08 01:00:00,1325.969,1322.879,1322.101,1320.021,19,ENTRY_B_B_SUPPORT_REACCEL,2018-01-12 09:00:00,24031,23931,1329.992,2018-01-12 05:00:00,76,2018-01-12 04:00:00,24026,1327.691,5,2018-01-12 05:00:00
XAUUSD,H1,Research_2015_2024,2018-01-08 20:00:00,2018-01-04 20:00:00,2018-01-05 13:00:00,2018-01-08 01:00:00,1325.969,1322.879,1322.101,1320.021,19,ENTRY_C_A_AFTER_B,2018-01-12 04:00:00,24026,23931,1322.101,2018-01-08 01:00:00,76,2018-01-12 04:00:00,24026,1327.691,0,
XAUUSD,H1,Research_2015_2024,2018-02-22 19:00:00,2018-02-19 02:00:00,2018-02-20 14:00:00,2018-02-21 19:00:00,1351.351,1343.201,1336.208,1330.671,23,ENTRY_A_B_BREAK,2018-02-26 01:00:00,24730,24679,1332.111,2018-02-22 23:00:00,28,2018-02-26 01:00:00,24730,1332.111,0,
XAUUSD,H1,Research_2015_2024,2018-02-22 19:00:00,2018-02-19 02:00:00,2018-02-20 14:00:00,2018-02-21 19:00:00,1351.351,1343.201,1336.208,1330.671,23,ENTRY_B_B_SUPPORT_REACCEL,2018-02-27 00:00:00,24752,24679,1334.729,2018-02-26 15:00:00,28,2018-02-26 01:00:00,24730,1332.111,22,2018-02-26 15:00:00
XAUUSD,H1,Research_2015_2024,2018-02-22 19:00:00,2018-02-19 02:00:00,2018-02-20 14:00:00,2018-02-21 19:00:00,1351.351,1343.201,1336.208,1330.671,23,ENTRY_C_A_AFTER_B,2018-02-26 02:00:00,24731,24679,1336.208,2018-02-21 19:00:00,28,2018-02-26 01:00:00,24730,1332.111,1,
XAUUSD,H1,Research_2015_2024,2018-03-02 05:00:00,2018-02-26 07:00:00,2018-02-27 01:00:00,2018-02-27 08:00:00,1341.042,1336.699,1334.688,1318.371,66,ENTRY_A_B_BREAK,2018-03-02 11:00:00,24832,24760,1321.118,2018-03-01 20:00:00,6,2018-03-02 11:00:00,24832,1321.118,0,
XAUUSD,H1,Research_2015_2024,2018-03-02 05:00:00,2018-02-26 07:00:00,2018-02-27 01:00:00,2018-02-27 08:00:00,1341.042,1336.699,1334.688,1318.371,66,ENTRY_B_B_SUPPORT_REACCEL,2018-03-02 13:00:00,24834,24760,1323.801,2018-03-02 12:00:00,6,2018-03-02 11:00:00,24832,1321.118,2,2018-03-02 12:00:00
XAUUSD,H1,Research_2015_2024,2018-03-02 05:00:00,2018-02-26 07:00:00,2018-02-27 01:00:00,2018-02-27 08:00:00,1341.042,1336.699,1334.688,1318.371,66,ENTRY_C_A_AFTER_B,2018-03-06 15:00:00,24882,24760,1334.688,2018-02-27 08:00:00,6,2018-03-02 11:00:00,24832,1321.118,50,
XAUUSD,H1,Research_2015_2024,2018-04-04 07:00:00,2018-04-02 18:00:00,2018-04-03 06:00:00,2018-04-03 12:00:00,1344.792,1342.012,1341.129,1339.539,18,ENTRY_A_B_BREAK,2018-04-09 17:00:00,25414,25317,1335.361,2018-04-06 13:00:00,79,2018-04-09 17:00:00,25414,1335.361,0,
XAUUSD,H1,Research_2015_2024,2018-04-04 07:00:00,2018-04-02 18:00:00,2018-04-03 06:00:00,2018-04-03 12:00:00,1344.792,1342.012,1341.129,1339.539,18,ENTRY_C_A_AFTER_B,2018-04-10 18:00:00,25438,25317,1341.129,2018-04-03 12:00:00,79,2018-04-09 17:00:00,25414,1335.361,24,
XAUUSD,H1,Research_2015_2024,2018-04-18 10:00:00,2018-04-16 14:00:00,2018-04-17 01:00:00,2018-04-17 19:00:00,1350.439,1349.341,1347.722,1349.098,14,ENTRY_A_B_BREAK,2018-04-24 13:00:00,25663,25554,1328.492,2018-04-24 06:00:00,95,2018-04-24 13:00:00,25663,1328.492,0,
XAUUSD,H1,Research_2015_2024,2018-04-18 10:00:00,2018-04-16 14:00:00,2018-04-17 01:00:00,2018-04-17 19:00:00,1350.439,1349.341,1347.722,1349.098,14,ENTRY_B_B_SUPPORT_REACCEL,2018-04-24 16:00:00,25666,25554,1330.058,2018-04-24 15:00:00,95,2018-04-24 13:00:00,25663,1328.492,3,2018-04-24 15:00:00
XAUUSD,H1,Research_2015_2024,2018-05-02 09:00:00,2018-04-29 22:00:00,2018-04-30 17:00:00,2018-05-02 03:00:00,1325.348,1320.438,1311.872,1310.472,6,ENTRY_A_B_BREAK,2018-05-03 09:00:00,25820,25791,1310.459,2018-05-03 01:00:00,23,2018-05-03 09:00:00,25820,1310.459,0,
XAUUSD,H1,Research_2015_2024,2018-05-02 09:00:00,2018-04-29 22:00:00,2018-04-30 17:00:00,2018-05-02 03:00:00,1325.348,1320.438,1311.872,1310.472,6,ENTRY_C_A_AFTER_B,2018-05-03 09:00:00,25820,25791,1311.872,2018-05-02 03:00:00,23,2018-05-03 09:00:00,25820,1310.459,0,
XAUUSD,H1,Research_2015_2024,2018-06-27 07:00:00,2018-06-25 00:00:00,2018-06-25 08:00:00,2018-06-26 15:00:00,1272.551,1270.502,1262.092,1258.112,15,ENTRY_A_B_BREAK,2018-06-29 16:00:00,26766,26696,1252.759,2018-06-29 06:00:00,55,2018-06-29 16:00:00,26766,1252.759,0,
XAUUSD,H1,Research_2015_2024,2018-07-10 22:00:00,2018-07-09 11:00:00,2018-07-10 02:00:00,2018-07-10 15:00:00,1265.868,1260.309,1256.379,1255.048,6,ENTRY_A_B_BREAK,2018-07-12 14:00:00,26967,26922,1246.338,2018-07-12 07:00:00,39,2018-07-12 14:00:00,26967,1246.338,0,
XAUUSD,H1,Research_2015_2024,2018-09-05 12:00:00,2018-08-31 08:00:00,2018-09-03 08:00:00,2018-09-04 01:00:00,1208.819,1203.808,1201.969,1195.979,34,ENTRY_A_B_BREAK,2018-09-06 00:00:00,27869,27824,1198.331,2018-09-05 15:00:00,11,2018-09-06 00:00:00,27869,1198.331,0,
XAUUSD,H1,Research_2015_2024,2018-09-05 12:00:00,2018-08-31 08:00:00,2018-09-03 08:00:00,2018-09-04 01:00:00,1208.819,1203.808,1201.969,1195.979,34,ENTRY_C_A_AFTER_B,2018-09-06 08:00:00,27877,27824,1201.969,2018-09-04 01:00:00,11,2018-09-06 00:00:00,27869,1198.331,8,
XAUUSD,H1,Research_2015_2024,2018-10-02 13:00:00,2018-09-24 14:00:00,2018-09-25 15:00:00,2018-09-26 05:00:00,1204.138,1203.269,1202.428,1203.608,100,ENTRY_A_B_BREAK,2018-10-02 13:00:00,28296,28196,1193.841,2018-09-28 17:00:00,0,2018-10-02 13:00:00,28296,1193.841,0,
XAUUSD,H1,Research_2015_2024,2018-10-02 13:00:00,2018-09-24 14:00:00,2018-09-25 15:00:00,2018-09-26 05:00:00,1204.138,1203.269,1202.428,1203.608,100,ENTRY_C_A_AFTER_B,2018-10-02 13:00:00,28296,28196,1202.428,2018-09-26 05:00:00,0,2018-10-02 13:00:00,28296,1193.841,0,
XAUUSD,H1,Research_2015_2024,2018-11-06 08:00:00,2018-11-01 17:00:00,2018-11-02 12:00:00,2018-11-05 00:00:00,1237.328,1236.348,1235.048,1233.895,31,ENTRY_A_B_BREAK,2018-11-06 08:00:00,28865,28834,1233.185,2018-11-05 15:00:00,0,2018-11-06 08:00:00,28865,1233.185,0,
XAUUSD,H1,Research_2015_2024,2018-11-06 08:00:00,2018-11-01 17:00:00,2018-11-02 12:00:00,2018-11-05 00:00:00,1237.328,1236.348,1235.048,1233.895,31,ENTRY_B_B_SUPPORT_REACCEL,2018-11-06 10:00:00,28867,28834,1235.235,2018-11-06 09:00:00,0,2018-11-06 08:00:00,28865,1233.185,2,2018-11-06 09:00:00
XAUUSD,H1,Research_2015_2024,2018-11-06 08:00:00,2018-11-01 17:00:00,2018-11-02 12:00:00,2018-11-05 00:00:00,1237.328,1236.348,1235.048,1233.895,31,ENTRY_C_A_AFTER_B,2018-11-06 10:00:00,28867,28834,1235.048,2018-11-05 00:00:00,0,2018-11-06 08:00:00,28865,1233.185,2,
XAUUSD,H1,Research_2015_2024,2018-11-29 04:00:00,2018-11-21 15:00:00,2018-11-22 10:00:00,2018-11-23 04:00:00,1230.078,1229.015,1228.488,1225.038,89,ENTRY_A_B_BREAK,2018-11-29 14:00:00,29255,29156,1226.648,2018-11-28 17:00:00,10,2018-11-29 14:00:00,29255,1226.648,0,
XAUUSD,H1,Research_2015_2024,2018-11-29 04:00:00,2018-11-21 15:00:00,2018-11-22 10:00:00,2018-11-23 04:00:00,1230.078,1229.015,1228.488,1225.038,89,ENTRY_C_A_AFTER_B,2018-12-03 07:00:00,29294,29156,1228.488,2018-11-23 04:00:00,10,2018-11-29 14:00:00,29255,1226.648,39,
XAUUSD,H1,Research_2015_2024,2019-01-24 14:00:00,2019-01-23 09:00:00,2019-01-23 17:00:00,2019-01-24 01:00:00,1286.438,1285.778,1284.725,1283.385,13,ENTRY_A_B_BREAK,2019-01-25 07:00:00,30118,30089,1283.835,2019-01-24 15:00:00,16,2019-01-25 07:00:00,30118,1283.835,0,
XAUUSD,H1,Research_2015_2024,2019-01-24 14:00:00,2019-01-23 09:00:00,2019-01-23 17:00:00,2019-01-24 01:00:00,1286.438,1285.778,1284.725,1283.385,13,ENTRY_B_B_SUPPORT_REACCEL,2019-01-25 13:00:00,30124,30089,1285.145,2019-01-25 08:00:00,16,2019-01-25 07:00:00,30118,1283.835,6,2019-01-25 08:00:00
XAUUSD,H1,Research_2015_2024,2019-01-24 14:00:00,2019-01-23 09:00:00,2019-01-23 17:00:00,2019-01-24 01:00:00,1286.438,1285.778,1284.725,1283.385,13,ENTRY_C_A_AFTER_B,2019-01-25 13:00:00,30124,30089,1284.725,2019-01-24 01:00:00,16,2019-01-25 07:00:00,30118,1283.835,6,
XAUUSD,H1,Research_2015_2024,2019-04-21 22:00:00,2019-04-12 09:00:00,2019-04-15 16:00:00,2019-04-16 07:00:00,1295.708,1290.058,1287.348,1276.318,60,ENTRY_A_B_BREAK,2019-04-22 01:00:00,31489,31426,1277.628,2019-04-18 09:00:00,3,2019-04-22 01:00:00,31489,1277.628,0,
XAUUSD,H1,Research_2015_2024,2019-05-29 06:00:00,2019-05-28 00:00:00,2019-05-28 08:00:00,2019-05-29 00:00:00,1286.548,1285.065,1281.948,1283.825,6,ENTRY_A_B_BREAK,2019-05-30 23:00:00,32138,32093,1289.158,2019-05-30 15:00:00,39,2019-05-30 23:00:00,32138,1289.158,0,
XAUUSD,H1,Research_2015_2024,2019-05-29 06:00:00,2019-05-28 00:00:00,2019-05-28 08:00:00,2019-05-29 00:00:00,1286.548,1285.065,1281.948,1283.825,6,ENTRY_C_A_AFTER_B,2019-05-30 23:00:00,32138,32093,1281.948,2019-05-29 00:00:00,39,2019-05-30 23:00:00,32138,1289.158,0,
XAUUSD,H1,Research_2015_2024,2019-07-22 12:00:00,2019-07-18 22:00:00,2019-07-19 13:00:00,2019-07-22 05:00:00,1452.888,1441.758,1429.955,1426.335,7,ENTRY_A_B_BREAK,2019-07-25 11:00:00,33046,32971,1430.085,2019-07-23 14:00:00,68,2019-07-25 11:00:00,33046,1430.085,0,
XAUUSD,H1,Research_2015_2024,2019-07-22 12:00:00,2019-07-18 22:00:00,2019-07-19 13:00:00,2019-07-22 05:00:00,1452.888,1441.758,1429.955,1426.335,7,ENTRY_C_A_AFTER_B,2019-07-25 11:00:00,33046,32971,1429.955,2019-07-22 05:00:00,68,2019-07-25 11:00:00,33046,1430.085,0,
XAUUSD,H1,Research_2015_2024,2019-08-12 09:00:00,2019-08-08 18:00:00,2019-08-09 06:00:00,2019-08-09 15:00:00,1509.475,1508.008,1505.875,1504.485,17,ENTRY_A_B_BREAK,2019-08-12 09:00:00,33314,33297,1501.445,2019-08-11 23:00:00,0,2019-08-12 09:00:00,33314,1501.445,0,
XAUUSD,H1,Research_2015_2024,2019-08-12 09:00:00,2019-08-08 18:00:00,2019-08-09 06:00:00,2019-08-09 15:00:00,1509.475,1508.008,1505.875,1504.485,17,ENTRY_B_B_SUPPORT_REACCEL,2019-08-12 18:00:00,33323,33297,1506.698,2019-08-12 12:00:00,0,2019-08-12 09:00:00,33314,1501.445,9,2019-08-12 12:00:00
XAUUSD,H1,Research_2015_2024,2019-08-12 09:00:00,2019-08-08 18:00:00,2019-08-09 06:00:00,2019-08-09 15:00:00,1509.475,1508.008,1505.875,1504.485,17,ENTRY_C_A_AFTER_B,2019-08-12 11:00:00,33316,33297,1505.875,2019-08-09 15:00:00,0,2019-08-12 09:00:00,33314,1501.445,2,
XAUUSD,H1,Research_2015_2024,2019-08-30 14:00:00,2019-08-29 06:00:00,2019-08-29 13:00:00,2019-08-30 06:00:00,1550.315,1545.168,1533.055,1528.358,8,ENTRY_A_B_BREAK,2019-09-03 13:00:00,33684,33633,1533.948,2019-09-01 22:00:00,43,2019-09-03 13:00:00,33684,1533.948,0,
XAUUSD,H1,Research_2015_2024,2019-08-30 14:00:00,2019-08-29 06:00:00,2019-08-29 13:00:00,2019-08-30 06:00:00,1550.315,1545.168,1533.055,1528.358,8,ENTRY_B_B_SUPPORT_REACCEL,2019-09-04 12:00:00,33706,33633,1539.468,2019-09-04 07:00:00,43,2019-09-03 13:00:00,33684,1533.948,22,2019-09-04 07:00:00
XAUUSD,H1,Research_2015_2024,2019-08-30 14:00:00,2019-08-29 06:00:00,2019-08-29 13:00:00,2019-08-30 06:00:00,1550.315,1545.168,1533.055,1528.358,8,ENTRY_C_A_AFTER_B,2019-09-03 13:00:00,33684,33633,1533.055,2019-08-30 06:00:00,43,2019-09-03 13:00:00,33684,1533.948,0,
XAUUSD,H1,Research_2015_2024,2019-09-17 09:00:00,2019-09-16 00:00:00,2019-09-16 15:00:00,2019-09-17 02:00:00,1512.065,1506.198,1500.835,1498.028,7,ENTRY_A_B_BREAK,2019-09-18 15:00:00,33939,33903,1507.008,2019-09-17 16:00:00,29,2019-09-18 15:00:00,33939,1507.008,0,
XAUUSD,H1,Research_2015_2024,2019-09-17 09:00:00,2019-09-16 00:00:00,2019-09-16 15:00:00,2019-09-17 02:00:00,1512.065,1506.198,1500.835,1498.028,7,ENTRY_C_A_AFTER_B,2019-09-18 15:00:00,33939,33903,1500.835,2019-09-17 02:00:00,29,2019-09-18 15:00:00,33939,1507.008,0,
XAUUSD,H1,Research_2015_2024,2019-10-08 08:00:00,2019-10-04 12:00:00,2019-10-06 22:00:00,2019-10-07 14:00:00,1515.658,1512.215,1504.068,1498.508,17,ENTRY_A_B_BREAK,2019-10-09 22:00:00,34290,34237,1509.618,2019-10-08 18:00:00,36,2019-10-09 22:00:00,34290,1509.618,0,
XAUUSD,H1,Research_2015_2024,2019-10-08 08:00:00,2019-10-04 12:00:00,2019-10-06 22:00:00,2019-10-07 14:00:00,1515.658,1512.215,1504.068,1498.508,17,ENTRY_C_A_AFTER_B,2019-10-09 22:00:00,34290,34237,1504.068,2019-10-07 14:00:00,36,2019-10-09 22:00:00,34290,1509.618,0,
XAUUSD,H1,Research_2015_2024,2019-10-14 09:00:00,2019-10-09 22:00:00,2019-10-10 12:00:00,2019-10-11 08:00:00,1516.948,1510.745,1503.115,1494.268,24,ENTRY_A_B_BREAK,2019-10-14 09:00:00,34347,34323,1488.885,2019-10-11 20:00:00,0,2019-10-14 09:00:00,34347,1488.885,0,
XAUUSD,H1,Research_2015_2024,2019-10-14 09:00:00,2019-10-09 22:00:00,2019-10-10 12:00:00,2019-10-11 08:00:00,1516.948,1510.745,1503.115,1494.268,24,ENTRY_B_B_SUPPORT_REACCEL,2019-10-15 01:00:00,34362,34323,1494.128,2019-10-14 13:00:00,0,2019-10-14 09:00:00,34347,1488.885,15,2019-10-14 13:00:00
XAUUSD,H1,Research_2015_2024,2019-12-19 16:00:00,2019-12-17 10:00:00,2019-12-18 09:00:00,2019-12-19 04:00:00,1480.488,1479.248,1477.908,1478.698,12,ENTRY_A_B_BREAK,2019-12-23 06:00:00,35488,35440,1481.668,2019-12-19 18:00:00,36,2019-12-23 06:00:00,35488,1481.668,0,
XAUUSD,H1,Research_2015_2024,2019-12-19 16:00:00,2019-12-17 10:00:00,2019-12-18 09:00:00,2019-12-19 04:00:00,1480.488,1479.248,1477.908,1478.698,12,ENTRY_B_B_SUPPORT_REACCEL,2019-12-24 01:00:00,35506,35440,1486.058,2019-12-23 12:00:00,36,2019-12-23 06:00:00,35488,1481.668,18,2019-12-23 12:00:00
XAUUSD,H1,Research_2015_2024,2019-12-19 16:00:00,2019-12-17 10:00:00,2019-12-18 09:00:00,2019-12-19 04:00:00,1480.488,1479.248,1477.908,1478.698,12,ENTRY_C_A_AFTER_B,2019-12-23 06:00:00,35488,35440,1477.908,2019-12-19 04:00:00,36,2019-12-23 06:00:00,35488,1481.668,0,
XAUUSD,H1,Research_2015_2024,2020-01-07 14:00:00,2020-01-05 23:00:00,2020-01-06 11:00:00,2020-01-07 07:00:00,1585.625,1579.278,1570.845,1568.905,7,ENTRY_A_B_BREAK,2020-01-10 15:00:00,35750,35673,1556.488,2020-01-09 12:00:00,70,2020-01-10 15:00:00,35750,1556.488,0,
XAUUSD,H1,Research_2015_2024,2020-01-07 14:00:00,2020-01-05 23:00:00,2020-01-06 11:00:00,2020-01-07 07:00:00,1585.625,1579.278,1570.845,1568.905,7,ENTRY_B_B_SUPPORT_REACCEL,2020-01-10 21:00:00,35756,35673,1560.995,2020-01-10 16:00:00,70,2020-01-10 15:00:00,35750,1556.488,6,2020-01-10 16:00:00
XAUUSD,H1,Research_2015_2024,2020-01-29 19:00:00,2020-01-26 23:00:00,2020-01-27 11:00:00,2020-01-28 09:00:00,1588.345,1586.198,1582.218,1576.598,33,ENTRY_A_B_BREAK,2020-01-30 15:00:00,36068,36016,1582.985,2020-01-30 08:00:00,19,2020-01-30 15:00:00,36068,1582.985,0,
XAUUSD,H1,Research_2015_2024,2020-01-29 19:00:00,2020-01-26 23:00:00,2020-01-27 11:00:00,2020-01-28 09:00:00,1588.345,1586.198,1582.218,1576.598,33,ENTRY_C_A_AFTER_B,2020-01-30 15:00:00,36068,36016,1582.218,2020-01-28 09:00:00,19,2020-01-30 15:00:00,36068,1582.985,0,
XAUUSD,H1,Research_2015_2024,2020-02-27 12:00:00,2020-02-25 15:00:00,2020-02-26 09:00:00,2020-02-27 06:00:00,1658.375,1654.895,1652.558,1653.468,6,ENTRY_A_B_BREAK,2020-03-02 09:00:00,36564,36515,1606.518,2020-03-02 01:00:00,43,2020-03-02 09:00:00,36564,1606.518,0,
XAUUSD,H1,Research_2015_2024,2020-02-27 12:00:00,2020-02-25 15:00:00,2020-02-26 09:00:00,2020-02-27 06:00:00,1658.375,1654.895,1652.558,1653.468,6,ENTRY_C_A_AFTER_B,2020-03-05 13:00:00,36637,36515,1652.558,2020-02-27 06:00:00,43,2020-03-02 09:00:00,36564,1606.518,73,
XAUUSD,H1,Research_2015_2024,2020-03-17 14:00:00,2020-03-12 08:00:00,2020-03-13 12:00:00,2020-03-15 22:00:00,1645.448,1597.825,1575.305,1533.888,39,ENTRY_A_B_BREAK,2020-03-17 14:00:00,36823,36784,1519.238,2020-03-17 00:00:00,0,2020-03-17 14:00:00,36823,1519.238,0,
XAUUSD,H1,Research_2015_2024,2020-03-17 13:00:00,2020-03-13 12:00:00,2020-03-15 22:00:00,2020-03-17 00:00:00,1597.825,1575.305,1519.238,1493.258,13,ENTRY_A_B_BREAK,2020-03-23 12:00:00,36913,36809,1516.045,2020-03-20 08:00:00,91,2020-03-23 12:00:00,36913,1516.045,0,
XAUUSD,H1,Research_2015_2024,2020-03-17 13:00:00,2020-03-13 12:00:00,2020-03-15 22:00:00,2020-03-17 00:00:00,1597.825,1575.305,1519.238,1493.258,13,ENTRY_B_B_SUPPORT_REACCEL,2020-03-23 15:00:00,36916,36809,1530.218,2020-03-23 13:00:00,91,2020-03-23 12:00:00,36913,1516.045,3,2020-03-23 13:00:00
XAUUSD,H1,Research_2015_2024,2020-03-17 13:00:00,2020-03-13 12:00:00,2020-03-15 22:00:00,2020-03-17 00:00:00,1597.825,1575.305,1519.238,1493.258,13,ENTRY_C_A_AFTER_B,2020-03-23 13:00:00,36914,36809,1519.238,2020-03-17 00:00:00,91,2020-03-23 12:00:00,36913,1516.045,1,
XAUUSD,H1,Research_2015_2024,2020-04-02 12:00:00,2020-03-30 10:00:00,2020-03-30 22:00:00,2020-03-31 06:00:00,1627.188,1623.408,1619.448,1601.028,52,ENTRY_A_B_BREAK,2020-04-02 12:00:00,37097,37045,1599.988,2020-04-01 07:00:00,0,2020-04-02 12:00:00,37097,1599.988,0,
XAUUSD,H1,Research_2015_2024,2020-04-02 12:00:00,2020-03-30 10:00:00,2020-03-30 22:00:00,2020-03-31 06:00:00,1627.188,1623.408,1619.448,1601.028,52,ENTRY_B_B_SUPPORT_REACCEL,2020-04-02 17:00:00,37102,37045,1613.348,2020-04-02 13:00:00,0,2020-04-02 12:00:00,37097,1599.988,5,2020-04-02 13:00:00
XAUUSD,H1,Research_2015_2024,2020-04-02 12:00:00,2020-03-30 10:00:00,2020-03-30 22:00:00,2020-03-31 06:00:00,1627.188,1623.408,1619.448,1601.028,52,ENTRY_C_A_AFTER_B,2020-04-03 18:00:00,37126,37045,1619.448,2020-03-31 06:00:00,0,2020-04-02 12:00:00,37097,1599.988,29,
XAUUSD,H1,Research_2015_2024,2020-04-08 07:00:00,2020-04-06 23:00:00,2020-04-07 07:00:00,2020-04-07 19:00:00,1674.828,1668.598,1658.028,1650.388,11,ENTRY_A_B_BREAK,2020-04-09 07:00:00,37207,37173,1654.848,2020-04-08 07:00:00,23,2020-04-09 07:00:00,37207,1654.848,0,
XAUUSD,H1,Research_2015_2024,2020-04-08 07:00:00,2020-04-06 23:00:00,2020-04-07 07:00:00,2020-04-07 19:00:00,1674.828,1668.598,1658.028,1650.388,11,ENTRY_B_B_SUPPORT_REACCEL,2020-04-09 12:00:00,37212,37173,1665.328,2020-04-09 08:00:00,23,2020-04-09 07:00:00,37207,1654.848,5,2020-04-09 08:00:00
XAUUSD,H1,Research_2015_2024,2020-04-08 07:00:00,2020-04-06 23:00:00,2020-04-07 07:00:00,2020-04-07 19:00:00,1674.828,1668.598,1658.028,1650.388,11,ENTRY_C_A_AFTER_B,2020-04-09 07:00:00,37207,37173,1658.028,2020-04-07 19:00:00,23,2020-04-09 07:00:00,37207,1654.848,0,
XAUUSD,H1,Research_2015_2024,2020-04-22 07:00:00,2020-04-20 16:00:00,2020-04-21 07:00:00,2020-04-22 01:00:00,1702.138,1697.796,1691.701,1692.528,6,ENTRY_A_B_BREAK,2020-04-23 08:00:00,37415,37385,1719.648,2020-04-23 01:00:00,24,2020-04-23 08:00:00,37415,1719.648,0,
XAUUSD,H1,Research_2015_2024,2020-04-22 07:00:00,2020-04-20 16:00:00,2020-04-21 07:00:00,2020-04-22 01:00:00,1702.138,1697.796,1691.701,1692.528,6,ENTRY_B_B_SUPPORT_REACCEL,2020-04-23 14:00:00,37421,37385,1733.756,2020-04-23 12:00:00,24,2020-04-23 08:00:00,37415,1719.648,6,2020-04-23 12:00:00
XAUUSD,H1,Research_2015_2024,2020-04-22 07:00:00,2020-04-20 16:00:00,2020-04-21 07:00:00,2020-04-22 01:00:00,1702.138,1697.796,1691.701,1692.528,6,ENTRY_C_A_AFTER_B,2020-04-23 08:00:00,37415,37385,1691.701,2020-04-22 01:00:00,24,2020-04-23 08:00:00,37415,1719.648,0,
XAUUSD,H1,Research_2015_2024,2020-04-28 19:00:00,2020-04-24 20:00:00,2020-04-27 08:00:00,2020-04-27 19:00:00,1728.898,1723.668,1718.126,1708.688,23,ENTRY_A_B_BREAK,2020-04-29 19:00:00,37518,37472,1713.138,2020-04-29 05:00:00,23,2020-04-29 19:00:00,37518,1713.138,0,
XAUUSD,H1,Research_2015_2024,2020-04-28 19:00:00,2020-04-24 20:00:00,2020-04-27 08:00:00,2020-04-27 19:00:00,1728.898,1723.668,1718.126,1708.688,23,ENTRY_B_B_SUPPORT_REACCEL,2020-04-30 06:00:00,37528,37472,1716.188,2020-04-29 23:00:00,23,2020-04-29 19:00:00,37518,1713.138,10,2020-04-29 23:00:00
XAUUSD,H1,Research_2015_2024,2020-06-08 16:00:00,2020-06-04 17:00:00,2020-06-05 08:00:00,2020-06-08 08:00:00,1721.863,1713.248,1697.275,1697.398,8,ENTRY_A_B_BREAK,2020-06-09 08:00:00,38170,38147,1704.626,2020-06-09 01:00:00,15,2020-06-09 08:00:00,38170,1704.626,0,
XAUUSD,H1,Research_2015_2024,2020-06-08 16:00:00,2020-06-04 17:00:00,2020-06-05 08:00:00,2020-06-08 08:00:00,1721.863,1713.248,1697.275,1697.398,8,ENTRY_B_B_SUPPORT_REACCEL,2020-06-09 10:00:00,38172,38147,1709.638,2020-06-09 09:00:00,15,2020-06-09 08:00:00,38170,1704.626,2,2020-06-09 09:00:00
XAUUSD,H1,Research_2015_2024,2020-06-08 16:00:00,2020-06-04 17:00:00,2020-06-05 08:00:00,2020-06-08 08:00:00,1721.863,1713.248,1697.275,1697.398,8,ENTRY_C_A_AFTER_B,2020-06-09 08:00:00,38170,38147,1697.275,2020-06-08 08:00:00,15,2020-06-09 08:00:00,38170,1704.626,0,
XAUUSD,H1,Research_2015_2024,2020-06-17 19:00:00,2020-06-16 08:00:00,2020-06-16 17:00:00,2020-06-17 06:00:00,1732.748,1730.448,1729.365,1729.098,13,ENTRY_A_B_BREAK,2020-06-18 08:00:00,38331,38306,1730.258,2020-06-18 00:00:00,12,2020-06-18 08:00:00,38331,1730.258,0,
XAUUSD,H1,Research_2015_2024,2020-06-17 19:00:00,2020-06-16 08:00:00,2020-06-16 17:00:00,2020-06-17 06:00:00,1732.748,1730.448,1729.365,1729.098,13,ENTRY_C_A_AFTER_B,2020-06-18 08:00:00,38331,38306,1729.365,2020-06-17 06:00:00,12,2020-06-18 08:00:00,38331,1730.258,0,
XAUUSD,H1,Research_2015_2024,2020-07-29 15:00:00,2020-07-28 01:00:00,2020-07-29 00:00:00,2020-07-29 07:00:00,1980.98,1963.928,1960.978,1958.218,8,ENTRY_A_B_BREAK,2020-08-04 14:00:00,39092,38993,1984.218,2020-07-31 07:00:00,91,2020-08-04 14:00:00,39092,1984.218,0,
XAUUSD,H1,Research_2015_2024,2020-07-29 15:00:00,2020-07-28 01:00:00,2020-07-29 00:00:00,2020-07-29 07:00:00,1980.98,1963.928,1960.978,1958.218,8,ENTRY_C_A_AFTER_B,2020-08-04 14:00:00,39092,38993,1960.978,2020-07-29 07:00:00,91,2020-08-04 14:00:00,39092,1984.218,0,
XAUUSD,H1,Research_2015_2024,2020-08-17 06:00:00,2020-08-13 17:00:00,2020-08-14 13:00:00,2020-08-16 22:00:00,1966.165,1956.278,1951.245,1951.155,8,ENTRY_A_B_BREAK,2020-08-18 01:00:00,39308,39282,1990.478,2020-08-17 17:00:00,18,2020-08-18 01:00:00,39308,1990.478,0,
XAUUSD,H1,Research_2015_2024,2020-08-17 06:00:00,2020-08-13 17:00:00,2020-08-14 13:00:00,2020-08-16 22:00:00,1966.165,1956.278,1951.245,1951.155,8,ENTRY_B_B_SUPPORT_REACCEL,2020-08-18 05:00:00,39312,39282,1995.828,2020-08-18 02:00:00,18,2020-08-18 01:00:00,39308,1990.478,4,2020-08-18 02:00:00
XAUUSD,H1,Research_2015_2024,2020-08-17 06:00:00,2020-08-13 17:00:00,2020-08-14 13:00:00,2020-08-16 22:00:00,1966.165,1956.278,1951.245,1951.155,8,ENTRY_C_A_AFTER_B,2020-08-18 01:00:00,39308,39282,1951.245,2020-08-16 22:00:00,18,2020-08-18 01:00:00,39308,1990.478,0,
XAUUSD,H1,Research_2015_2024,2020-09-04 11:00:00,2020-09-03 02:00:00,2020-09-03 13:00:00,2020-09-04 02:00:00,1950.905,1945.748,1942.165,1939.648,9,ENTRY_A_B_BREAK,2020-09-07 01:00:00,39630,39608,1938.588,2020-09-04 18:00:00,13,2020-09-07 01:00:00,39630,1938.588,0,
XAUUSD,H1,Research_2015_2024,2020-09-04 11:00:00,2020-09-03 02:00:00,2020-09-03 13:00:00,2020-09-04 02:00:00,1950.905,1945.748,1942.165,1939.648,9,ENTRY_C_A_AFTER_B,2020-09-09 13:00:00,39684,39608,1942.165,2020-09-04 02:00:00,13,2020-09-07 01:00:00,39630,1938.588,54,
XAUUSD,H1,Research_2015_2024,2020-10-13 08:00:00,2020-10-12 05:00:00,2020-10-12 12:00:00,2020-10-12 23:00:00,1931.788,1928.268,1925.355,1922.628,9,ENTRY_A_B_BREAK,2020-10-19 10:00:00,40325,40222,1912.828,2020-10-14 13:00:00,94,2020-10-19 10:00:00,40325,1912.828,0,
XAUUSD,H1,Research_2015_2024,2020-10-13 08:00:00,2020-10-12 05:00:00,2020-10-12 12:00:00,2020-10-12 23:00:00,1931.788,1928.268,1925.355,1922.628,9,ENTRY_C_A_AFTER_B,2020-10-21 13:00:00,40374,40222,1925.355,2020-10-12 23:00:00,94,2020-10-19 10:00:00,40325,1912.828,49,
XAUUSD,H1,Research_2015_2024,2020-10-27 01:00:00,2020-10-22 07:00:00,2020-10-23 12:00:00,2020-10-26 14:00:00,1920.278,1914.108,1908.458,1906.688,10,ENTRY_A_B_BREAK,2020-10-30 11:00:00,40533,40444,1877.995,2020-10-30 03:00:00,79,2020-10-30 11:00:00,40533,1877.995,0,
XAUUSD,H1,Research_2015_2024,2020-10-27 01:00:00,2020-10-22 07:00:00,2020-10-23 12:00:00,2020-10-26 14:00:00,1920.278,1914.108,1908.458,1906.688,10,ENTRY_C_A_AFTER_B,2020-11-03 17:00:00,40584,40444,1908.458,2020-10-26 14:00:00,79,2020-10-30 11:00:00,40533,1877.995,51,
XAUUSD,H1,Research_2015_2024,2020-11-17 13:00:00,2020-11-16 02:00:00,2020-11-16 16:00:00,2020-11-17 03:00:00,1898.928,1895.948,1892.368,1891.058,10,ENTRY_A_B_BREAK,2020-11-20 14:00:00,40880,40800,1869.688,2020-11-20 06:00:00,70,2020-11-20 14:00:00,40880,1869.688,0,
XAUUSD,H1,Research_2015_2024,2020-12-01 10:00:00,2020-11-26 07:00:00,2020-11-27 01:00:00,2020-11-27 08:00:00,1818.088,1813.778,1811.368,1799.038,45,ENTRY_A_B_BREAK,2020-12-01 10:00:00,41030,40985,1783.638,2020-11-30 07:00:00,0,2020-12-01 10:00:00,41030,1783.638,0,
XAUUSD,H1,Research_2015_2024,2020-12-01 10:00:00,2020-11-26 07:00:00,2020-11-27 01:00:00,2020-11-27 08:00:00,1818.088,1813.778,1811.368,1799.038,45,ENTRY_C_A_AFTER_B,2020-12-01 13:00:00,41033,40985,1811.368,2020-11-27 08:00:00,0,2020-12-01 10:00:00,41030,1783.638,3,
XAUUSD,H1,Research_2015_2024,2020-12-24 02:00:00,2020-12-22 02:00:00,2020-12-22 14:00:00,2020-12-23 14:00:00,1884.238,1881.385,1878.348,1876.828,11,ENTRY_A_B_BREAK,2020-12-31 21:00:00,41501,41402,1896.378,2020-12-28 15:00:00,88,2020-12-31 21:00:00,41501,1896.378,0,
XAUUSD,H1,Research_2015_2024,2020-12-24 02:00:00,2020-12-22 02:00:00,2020-12-22 14:00:00,2020-12-23 14:00:00,1884.238,1881.385,1878.348,1876.828,11,ENTRY_C_A_AFTER_B,2020-12-31 21:00:00,41501,41402,1878.348,2020-12-23 14:00:00,88,2020-12-31 21:00:00,41501,1896.378,0,
XAUUSD,H1,Research_2015_2024,2021-01-20 02:00:00,2021-01-13 07:00:00,2021-01-13 14:00:00,2021-01-14 18:00:00,1862.595,1861.095,1857.392,1849.725,72,ENTRY_A_B_BREAK,2021-01-20 02:00:00,41777,41705,1840.675,2021-01-18 06:00:00,0,2021-01-20 02:00:00,41777,1840.675,0,
XAUUSD,H1,Research_2015_2024,2021-01-20 02:00:00,2021-01-13 07:00:00,2021-01-13 14:00:00,2021-01-14 18:00:00,1862.595,1861.095,1857.392,1849.725,72,ENTRY_B_B_SUPPORT_REACCEL,2021-01-20 14:00:00,41789,41705,1851.365,2021-01-20 12:00:00,0,2021-01-20 02:00:00,41777,1840.675,12,2021-01-20 12:00:00
XAUUSD,H1,Research_2015_2024,2021-01-20 02:00:00,2021-01-13 07:00:00,2021-01-13 14:00:00,2021-01-14 18:00:00,1862.595,1861.095,1857.392,1849.725,72,ENTRY_C_A_AFTER_B,2021-01-20 15:00:00,41790,41705,1857.392,2021-01-14 18:00:00,0,2021-01-20 02:00:00,41777,1840.675,13,
XAUUSD,H1,Research_2015_2024,2021-01-28 13:00:00,2021-01-25 13:00:00,2021-01-26 04:00:00,2021-01-26 13:00:00,1867.735,1861.635,1859.885,1856.875,46,ENTRY_A_B_BREAK,2021-01-28 13:00:00,41926,41880,1850.493,2021-01-27 16:00:00,0,2021-01-28 13:00:00,41926,1850.493,0,
XAUUSD,H1,Research_2015_2024,2021-01-28 13:00:00,2021-01-25 13:00:00,2021-01-26 04:00:00,2021-01-26 13:00:00,1867.735,1861.635,1859.885,1856.875,46,ENTRY_C_A_AFTER_B,2021-01-29 11:00:00,41947,41880,1859.885,2021-01-26 13:00:00,0,2021-01-28 13:00:00,41926,1850.493,21,
XAUUSD,H1,Research_2015_2024,2021-02-16 01:00:00,2021-02-12 15:00:00,2021-02-15 01:00:00,2021-02-15 12:00:00,1830.615,1826.915,1824.155,1824.628,8,ENTRY_A_B_BREAK,2021-02-19 13:00:00,42290,42201,1777.425,2021-02-19 06:00:00,81,2021-02-19 13:00:00,42290,1777.425,0,
XAUUSD,H1,Research_2015_2024,2021-02-16 01:00:00,2021-02-12 15:00:00,2021-02-15 01:00:00,2021-02-15 12:00:00,1830.615,1826.915,1824.155,1824.628,8,ENTRY_B_B_SUPPORT_REACCEL,2021-02-22 09:00:00,42309,42201,1795.28,2021-02-19 14:00:00,81,2021-02-19 13:00:00,42290,1777.425,19,2021-02-19 14:00:00
XAUUSD,H1,Research_2015_2024,2021-03-09 19:00:00,2021-02-24 02:00:00,2021-02-24 12:00:00,2021-02-24 21:00:00,1813.745,1810.135,1805.445,1716.988,205,ENTRY_A_B_BREAK,2021-03-10 18:00:00,42594,42367,1720.469,2021-03-09 14:00:00,22,2021-03-10 18:00:00,42594,1720.469,0,
XAUUSD,H1,Research_2015_2024,2021-03-10 13:00:00,2021-03-09 14:00:00,2021-03-10 01:00:00,2021-03-10 07:00:00,1720.469,1719.475,1716.564,1719.945,6,ENTRY_A_B_BREAK,2021-03-16 04:00:00,42673,42583,1733.938,2021-03-15 01:00:00,84,2021-03-16 04:00:00,42673,1733.938,0,
XAUUSD,H1,Research_2015_2024,2021-03-10 13:00:00,2021-03-09 14:00:00,2021-03-10 01:00:00,2021-03-10 07:00:00,1720.469,1719.475,1716.564,1719.945,6,ENTRY_C_A_AFTER_B,2021-03-16 04:00:00,42673,42583,1716.564,2021-03-10 07:00:00,84,2021-03-16 04:00:00,42673,1733.938,0,
XAUUSD,H1,Research_2015_2024,2021-05-12 12:00:00,2021-05-10 13:00:00,2021-05-11 11:00:00,2021-05-11 20:00:00,1845.296,1841.718,1838.208,1839.758,15,ENTRY_A_B_BREAK,2021-05-13 14:00:00,43626,43586,1822.915,2021-05-13 01:00:00,25,2021-05-13 14:00:00,43626,1822.915,0,
XAUUSD,H1,Research_2015_2024,2021-05-12 12:00:00,2021-05-10 13:00:00,2021-05-11 11:00:00,2021-05-11 20:00:00,1845.296,1841.718,1838.208,1839.758,15,ENTRY_B_B_SUPPORT_REACCEL,2021-05-14 06:00:00,43641,43586,1828.678,2021-05-13 15:00:00,25,2021-05-13 14:00:00,43626,1822.915,15,2021-05-13 15:00:00
XAUUSD,H1,Research_2015_2024,2021-05-12 12:00:00,2021-05-10 13:00:00,2021-05-11 11:00:00,2021-05-11 20:00:00,1845.296,1841.718,1838.208,1839.758,15,ENTRY_C_A_AFTER_B,2021-05-14 13:00:00,43648,43586,1838.208,2021-05-11 20:00:00,25,2021-05-13 14:00:00,43626,1822.915,22,
XAUUSD,H1,Research_2015_2024,2021-05-28 08:00:00,2021-05-26 12:00:00,2021-05-27 06:00:00,2021-05-27 19:00:00,1912.648,1903.478,1898.724,1893.425,12,ENTRY_A_B_BREAK,2021-06-01 01:00:00,43908,43861,1910.545,2021-05-31 03:00:00,35,2021-06-01 01:00:00,43908,1910.545,0,
XAUUSD,H1,Research_2015_2024,2021-05-28 08:00:00,2021-05-26 12:00:00,2021-05-27 06:00:00,2021-05-27 19:00:00,1912.648,1903.478,1898.724,1893.425,12,ENTRY_B_B_SUPPORT_REACCEL,2021-06-01 06:00:00,43913,43861,1914.385,2021-06-01 02:00:00,35,2021-06-01 01:00:00,43908,1910.545,5,2021-06-01 02:00:00
XAUUSD,H1,Research_2015_2024,2021-05-28 08:00:00,2021-05-26 12:00:00,2021-05-27 06:00:00,2021-05-27 19:00:00,1912.648,1903.478,1898.724,1893.425,12,ENTRY_C_A_AFTER_B,2021-06-01 01:00:00,43908,43861,1898.724,2021-05-27 19:00:00,35,2021-06-01 01:00:00,43908,1910.545,0,
XAUUSD,H1,Research_2015_2024,2021-06-23 02:00:00,2021-06-22 03:00:00,2021-06-22 11:00:00,2021-06-22 18:00:00,1789.995,1787.478,1783.018,1782.528,7,ENTRY_A_B_BREAK,2021-06-25 13:00:00,44334,44270,1787.848,2021-06-24 12:00:00,57,2021-06-25 13:00:00,44334,1787.848,0,
XAUUSD,H1,Research_2015_2024,2021-06-23 02:00:00,2021-06-22 03:00:00,2021-06-22 11:00:00,2021-06-22 18:00:00,1789.995,1787.478,1783.018,1782.528,7,ENTRY_C_A_AFTER_B,2021-06-25 13:00:00,44334,44270,1783.018,2021-06-22 18:00:00,57,2021-06-25 13:00:00,44334,1787.848,0,
XAUUSD,H1,Research_2015_2024,2021-07-08 07:00:00,2021-07-06 12:00:00,2021-07-07 12:00:00,2021-07-07 18:00:00,1814.918,1809.648,1808.088,1807.198,12,ENTRY_A_B_BREAK,2021-07-09 14:00:00,44561,44519,1807.648,2021-07-09 02:00:00,30,2021-07-09 14:00:00,44561,1807.648,0,
XAUUSD,H1,Research_2015_2024,2021-07-08 07:00:00,2021-07-06 12:00:00,2021-07-07 12:00:00,2021-07-07 18:00:00,1814.918,1809.648,1808.088,1807.198,12,ENTRY_B_B_SUPPORT_REACCEL,2021-07-09 18:00:00,44565,44519,1811.528,2021-07-09 15:00:00,30,2021-07-09 14:00:00,44561,1807.648,4,2021-07-09 15:00:00
XAUUSD,H1,Research_2015_2024,2021-07-08 07:00:00,2021-07-06 12:00:00,2021-07-07 12:00:00,2021-07-07 18:00:00,1814.918,1809.648,1808.088,1807.198,12,ENTRY_C_A_AFTER_B,2021-07-09 14:00:00,44561,44519,1808.088,2021-07-07 18:00:00,30,2021-07-09 14:00:00,44561,1807.648,0,
XAUUSD,H1,Research_2015_2024,2021-08-23 10:00:00,2021-08-17 11:00:00,2021-08-18 07:00:00,2021-08-19 13:00:00,1795.437,1793.638,1792.368,1790.295,43,ENTRY_A_B_BREAK,2021-08-23 10:00:00,45270,45227,1788.281,2021-08-20 07:00:00,0,2021-08-23 10:00:00,45270,1788.281,0,
XAUUSD,H1,Research_2015_2024,2021-08-23 10:00:00,2021-08-17 11:00:00,2021-08-18 07:00:00,2021-08-19 13:00:00,1795.437,1793.638,1792.368,1790.295,43,ENTRY_C_A_AFTER_B,2021-08-23 12:00:00,45272,45227,1792.368,2021-08-19 13:00:00,0,2021-08-23 10:00:00,45270,1788.281,2,
XAUUSD,H1,Research_2015_2024,2021-09-20 05:00:00,2021-09-16 02:00:00,2021-09-17 09:00:00,2021-09-19 22:00:00,1796.074,1767.417,1755.054,1750.524,7,ENTRY_A_B_BREAK,2021-09-21 11:00:00,45750,45714,1767.048,2021-09-20 14:00:00,29,2021-09-21 11:00:00,45750,1767.048,0,
XAUUSD,H1,Research_2015_2024,2021-09-20 05:00:00,2021-09-16 02:00:00,2021-09-17 09:00:00,2021-09-19 22:00:00,1796.074,1767.417,1755.054,1750.524,7,ENTRY_B_B_SUPPORT_REACCEL,2021-09-21 14:00:00,45753,45714,1775.128,2021-09-21 12:00:00,29,2021-09-21 11:00:00,45750,1767.048,3,2021-09-21 12:00:00
XAUUSD,H1,Research_2015_2024,2021-09-20 05:00:00,2021-09-16 02:00:00,2021-09-17 09:00:00,2021-09-19 22:00:00,1796.074,1767.417,1755.054,1750.524,7,ENTRY_C_A_AFTER_B,2021-09-21 11:00:00,45750,45714,1755.054,2021-09-19 22:00:00,29,2021-09-21 11:00:00,45750,1767.048,0,
XAUUSD,H1,Research_2015_2024,2021-09-26 23:00:00,2021-09-22 18:00:00,2021-09-23 10:00:00,2021-09-24 11:00:00,1787.188,1776.459,1757.557,1749.448,11,ENTRY_A_B_BREAK,2021-09-30 12:00:00,45912,45819,1734.746,2021-09-30 03:00:00,82,2021-09-30 12:00:00,45912,1734.746,0,
XAUUSD,H1,Research_2015_2024,2021-09-26 23:00:00,2021-09-22 18:00:00,2021-09-23 10:00:00,2021-09-24 11:00:00,1787.188,1776.459,1757.557,1749.448,11,ENTRY_B_B_SUPPORT_REACCEL,2021-09-30 14:00:00,45914,45819,1742.728,2021-09-30 13:00:00,82,2021-09-30 12:00:00,45912,1734.746,2,2021-09-30 13:00:00
XAUUSD,H1,Research_2015_2024,2021-09-26 23:00:00,2021-09-22 18:00:00,2021-09-23 10:00:00,2021-09-24 11:00:00,1787.188,1776.459,1757.557,1749.448,11,ENTRY_C_A_AFTER_B,2021-09-30 15:00:00,45915,45819,1757.557,2021-09-24 11:00:00,82,2021-09-30 12:00:00,45912,1734.746,3,
XAUUSD,H1,Research_2015_2024,2021-11-04 08:00:00,2021-11-02 07:00:00,2021-11-03 12:00:00,2021-11-04 02:00:00,1796.288,1785.548,1778.178,1776.308,6,ENTRY_A_B_BREAK,2021-11-05 13:00:00,46511,46477,1798.804,2021-11-04 14:00:00,28,2021-11-05 13:00:00,46511,1798.804,0,
XAUUSD,H1,Research_2015_2024,2021-11-04 08:00:00,2021-11-02 07:00:00,2021-11-03 12:00:00,2021-11-04 02:00:00,1796.288,1785.548,1778.178,1776.308,6,ENTRY_C_A_AFTER_B,2021-11-05 13:00:00,46511,46477,1778.178,2021-11-04 02:00:00,28,2021-11-05 13:00:00,46511,1798.804,0,
XAUUSD,H1,Research_2015_2024,2022-01-05 01:00:00,2022-01-02 23:00:00,2022-01-03 10:00:00,2022-01-04 15:00:00,1831.624,1827.414,1816.688,1815.124,9,ENTRY_A_B_BREAK,2022-01-07 16:00:00,47498,47428,1793.168,2022-01-07 03:00:00,61,2022-01-07 16:00:00,47498,1793.168,0,
XAUUSD,H1,Research_2015_2024,2022-01-05 01:00:00,2022-01-02 23:00:00,2022-01-03 10:00:00,2022-01-04 15:00:00,1831.624,1827.414,1816.688,1815.124,9,ENTRY_B_B_SUPPORT_REACCEL,2022-01-10 10:00:00,47515,47428,1798.515,2022-01-07 17:00:00,61,2022-01-07 16:00:00,47498,1793.168,17,2022-01-07 17:00:00
XAUUSD,H1,Research_2015_2024,2022-01-05 01:00:00,2022-01-02 23:00:00,2022-01-03 10:00:00,2022-01-04 15:00:00,1831.624,1827.414,1816.688,1815.124,9,ENTRY_C_A_AFTER_B,2022-01-11 17:00:00,47545,47428,1816.688,2022-01-04 15:00:00,61,2022-01-07 16:00:00,47498,1793.168,47,
XAUUSD,H1,Research_2015_2024,2022-02-04 01:00:00,2022-02-02 17:00:00,2022-02-03 02:00:00,2022-02-03 16:00:00,1810.718,1808.875,1807.565,1807.065,8,ENTRY_A_B_BREAK,2022-02-07 15:00:00,47976,47931,1815.208,2022-02-07 01:00:00,37,2022-02-07 15:00:00,47976,1815.208,0,
XAUUSD,H1,Research_2015_2024,2022-02-04 01:00:00,2022-02-02 17:00:00,2022-02-03 02:00:00,2022-02-03 16:00:00,1810.718,1808.875,1807.565,1807.065,8,ENTRY_B_B_SUPPORT_REACCEL,2022-02-07 17:00:00,47978,47931,1818.358,2022-02-07 16:00:00,37,2022-02-07 15:00:00,47976,1815.208,2,2022-02-07 16:00:00
XAUUSD,H1,Research_2015_2024,2022-02-04 01:00:00,2022-02-02 17:00:00,2022-02-03 02:00:00,2022-02-03 16:00:00,1810.718,1808.875,1807.565,1807.065,8,ENTRY_C_A_AFTER_B,2022-02-07 15:00:00,47976,47931,1807.565,2022-02-03 16:00:00,37,2022-02-07 15:00:00,47976,1815.208,0,
XAUUSD,H1,Research_2015_2024,2022-03-01 05:00:00,2022-02-27 23:00:00,2022-02-28 13:00:00,2022-02-28 21:00:00,1930.948,1918.158,1910.838,1906.988,7,ENTRY_A_B_BREAK,2022-03-04 14:00:00,48410,48325,1950.078,2022-03-01 21:00:00,78,2022-03-04 14:00:00,48410,1950.078,0,
XAUUSD,H1,Research_2015_2024,2022-03-01 05:00:00,2022-02-27 23:00:00,2022-02-28 13:00:00,2022-02-28 21:00:00,1930.948,1918.158,1910.838,1906.988,7,ENTRY_C_A_AFTER_B,2022-03-04 14:00:00,48410,48325,1910.838,2022-02-28 21:00:00,78,2022-03-04 14:00:00,48410,1950.078,0,
XAUUSD,H1,Research_2015_2024,2022-03-16 01:00:00,2022-03-13 22:00:00,2022-03-14 06:00:00,2022-03-15 16:00:00,1990.308,1978.468,1930.903,1920.088,8,ENTRY_A_B_BREAK,2022-03-16 19:00:00,48600,48574,1926.933,2022-03-16 11:00:00,18,2022-03-16 19:00:00,48600,1926.933,0,
XAUUSD,H1,Research_2015_2024,2022-03-16 01:00:00,2022-03-13 22:00:00,2022-03-14 06:00:00,2022-03-15 16:00:00,1990.308,1978.468,1930.903,1920.088,8,ENTRY_B_B_SUPPORT_REACCEL,2022-03-17 01:00:00,48605,48574,1927.548,2022-03-16 23:00:00,18,2022-03-16 19:00:00,48600,1926.933,5,2022-03-16 23:00:00
XAUUSD,H1,Research_2015_2024,2022-03-16 01:00:00,2022-03-13 22:00:00,2022-03-14 06:00:00,2022-03-15 16:00:00,1990.308,1978.468,1930.903,1920.088,8,ENTRY_C_A_AFTER_B,2022-03-17 01:00:00,48605,48574,1930.903,2022-03-15 16:00:00,18,2022-03-16 19:00:00,48600,1926.933,5,
XAUUSD,H1,Research_2015_2024,2022-03-21 14:00:00,2022-03-17 15:00:00,2022-03-18 00:00:00,2022-03-18 12:00:00,1949.748,1945.203,1940.713,1933.168,25,ENTRY_A_B_BREAK,2022-03-21 14:00:00,48664,48639,1928.848,2022-03-21 04:00:00,0,2022-03-21 14:00:00,48664,1928.848,0,
XAUUSD,H1,Research_2015_2024,2022-03-21 14:00:00,2022-03-17 15:00:00,2022-03-18 00:00:00,2022-03-18 12:00:00,1949.748,1945.203,1940.713,1933.168,25,ENTRY_C_A_AFTER_B,2022-03-23 19:00:00,48715,48639,1940.713,2022-03-18 12:00:00,0,2022-03-21 14:00:00,48664,1928.848,51,
XAUUSD,H1,Research_2015_2024,2022-03-31 15:00:00,2022-03-24 16:00:00,2022-03-25 02:00:00,2022-03-25 15:00:00,1966.083,1964.153,1961.728,1944.259,92,ENTRY_A_B_BREAK,2022-03-31 15:00:00,48849,48757,1928.298,2022-03-30 06:00:00,0,2022-03-31 15:00:00,48849,1928.298,0,
XAUUSD,H1,Research_2015_2024,2022-03-31 15:00:00,2022-03-24 16:00:00,2022-03-25 02:00:00,2022-03-25 15:00:00,1966.083,1964.153,1961.728,1944.259,92,ENTRY_B_B_SUPPORT_REACCEL,2022-04-01 09:00:00,48866,48757,1933.028,2022-04-01 07:00:00,0,2022-03-31 15:00:00,48849,1928.298,17,2022-04-01 07:00:00
XAUUSD,H1,Research_2015_2024,2022-06-02 05:00:00,2022-05-30 13:00:00,2022-05-31 08:00:00,2022-06-01 18:00:00,1861.053,1857.018,1849.894,1848.078,10,ENTRY_A_B_BREAK,2022-06-03 00:00:00,49867,49839,1870.338,2022-06-02 16:00:00,18,2022-06-03 00:00:00,49867,1870.338,0,
XAUUSD,H1,Research_2015_2024,2022-06-02 05:00:00,2022-05-30 13:00:00,2022-05-31 08:00:00,2022-06-01 18:00:00,1861.053,1857.018,1849.894,1848.078,10,ENTRY_C_A_AFTER_B,2022-06-03 00:00:00,49867,49839,1849.894,2022-06-01 18:00:00,18,2022-06-03 00:00:00,49867,1870.338,0,
XAUUSD,H1,Research_2015_2024,2022-06-10 14:00:00,2022-06-08 15:00:00,2022-06-09 03:00:00,2022-06-09 12:00:00,1859.573,1855.268,1852.531,1855.763,25,ENTRY_A_B_BREAK,2022-06-10 14:00:00,49996,49971,1847.483,2022-06-10 07:00:00,0,2022-06-10 14:00:00,49996,1847.483,0,
XAUUSD,H1,Research_2015_2024,2022-06-10 14:00:00,2022-06-08 15:00:00,2022-06-09 03:00:00,2022-06-09 12:00:00,1859.573,1855.268,1852.531,1855.763,25,ENTRY_C_A_AFTER_B,2022-06-10 14:00:00,49996,49971,1852.531,2022-06-09 12:00:00,0,2022-06-10 14:00:00,49996,1847.483,0,
XAUUSD,H1,Research_2015_2024,2022-06-10 14:00:00,2022-06-09 03:00:00,2022-06-09 12:00:00,2022-06-10 07:00:00,1855.268,1852.531,1847.483,1855.763,7,ENTRY_A_B_BREAK,2022-06-16 15:00:00,50089,49989,1836.416,2022-06-15 12:00:00,93,2022-06-16 15:00:00,50089,1836.416,0,
XAUUSD,H1,Research_2015_2024,2022-06-10 14:00:00,2022-06-09 03:00:00,2022-06-09 12:00:00,2022-06-10 07:00:00,1855.268,1852.531,1847.483,1855.763,7,ENTRY_C_A_AFTER_B,2022-06-16 16:00:00,50090,49989,1847.483,2022-06-10 07:00:00,93,2022-06-16 15:00:00,50089,1836.416,1,
XAUUSD,H1,Research_2015_2024,2022-06-21 00:00:00,2022-06-16 20:00:00,2022-06-17 12:00:00,2022-06-20 03:00:00,1857.418,1852.953,1845.998,1840.915,18,ENTRY_A_B_BREAK,2022-06-22 12:00:00,50176,50123,1843.518,2022-06-21 14:00:00,35,2022-06-22 12:00:00,50176,1843.518,0,
XAUUSD,H1,Research_2015_2024,2022-07-05 01:00:00,2022-06-30 13:00:00,2022-07-04 02:00:00,2022-07-04 14:00:00,1825.008,1814.198,1810.878,1811.648,8,ENTRY_A_B_BREAK,2022-07-08 14:00:00,50452,50362,1747.558,2022-07-07 05:00:00,82,2022-07-08 14:00:00,50452,1747.558,0,
XAUUSD,H1,Research_2015_2024,2022-08-23 00:00:00,2022-08-18 11:00:00,2022-08-19 13:00:00,2022-08-22 03:00:00,1772.294,1757.998,1748.958,1738.024,20,ENTRY_A_B_BREAK,2022-08-23 08:00:00,51182,51154,1739.93,2022-08-22 14:00:00,8,2022-08-23 08:00:00,51182,1739.93,0,
XAUUSD,H1,Research_2015_2024,2022-08-23 00:00:00,2022-08-18 11:00:00,2022-08-19 13:00:00,2022-08-22 03:00:00,1772.294,1757.998,1748.958,1738.024,20,ENTRY_C_A_AFTER_B,2022-08-23 14:00:00,51188,51154,1748.958,2022-08-22 03:00:00,8,2022-08-23 08:00:00,51182,1739.93,6,
XAUUSD,H1,Research_2015_2024,2022-09-02 14:00:00,2022-08-25 11:00:00,2022-08-26 06:00:00,2022-08-26 14:00:00,1765.368,1758.684,1756.148,1717.124,115,ENTRY_A_B_BREAK,2022-09-06 00:00:00,51402,51257,1717.878,2022-09-02 14:00:00,30,2022-09-06 00:00:00,51402,1717.878,0,
XAUUSD,H1,Research_2015_2024,2022-09-28 13:00:00,2022-09-26 07:00:00,2022-09-26 14:00:00,2022-09-27 11:00:00,1649.648,1648.225,1642.335,1649.118,25,ENTRY_A_B_BREAK,2022-09-29 22:00:00,51814,51758,1662.645,2022-09-28 17:00:00,31,2022-09-29 22:00:00,51814,1662.645,0,
XAUUSD,H1,Research_2015_2024,2022-09-28 13:00:00,2022-09-26 07:00:00,2022-09-26 14:00:00,2022-09-27 11:00:00,1649.648,1648.225,1642.335,1649.118,25,ENTRY_B_B_SUPPORT_REACCEL,2022-09-30 05:00:00,51821,51758,1665.165,2022-09-29 23:00:00,31,2022-09-29 22:00:00,51814,1662.645,7,2022-09-29 23:00:00
XAUUSD,H1,Research_2015_2024,2022-09-28 13:00:00,2022-09-26 07:00:00,2022-09-26 14:00:00,2022-09-27 11:00:00,1649.648,1648.225,1642.335,1649.118,25,ENTRY_C_A_AFTER_B,2022-09-29 22:00:00,51814,51758,1642.335,2022-09-27 11:00:00,31,2022-09-29 22:00:00,51814,1662.645,0,
XAUUSD,H1,Research_2015_2024,2022-10-20 14:00:00,2022-10-17 13:00:00,2022-10-18 05:00:00,2022-10-18 23:00:00,1668.268,1660.707,1654.318,1644.618,38,ENTRY_A_B_BREAK,2022-10-26 08:00:00,52238,52114,1670.748,2022-10-23 23:00:00,86,2022-10-26 08:00:00,52238,1670.748,0,
XAUUSD,H1,Research_2015_2024,2022-10-20 14:00:00,2022-10-17 13:00:00,2022-10-18 05:00:00,2022-10-18 23:00:00,1668.268,1660.707,1654.318,1644.618,38,ENTRY_C_A_AFTER_B,2022-10-26 08:00:00,52238,52114,1654.318,2022-10-18 23:00:00,86,2022-10-26 08:00:00,52238,1670.748,0,
XAUUSD,H1,Research_2015_2024,2022-11-30 08:00:00,2022-11-28 10:00:00,2022-11-29 08:00:00,2022-11-29 15:00:00,1763.618,1758.898,1757.908,1759.398,16,ENTRY_A_B_BREAK,2022-11-30 19:00:00,52818,52791,1764.548,2022-11-30 13:00:00,11,2022-11-30 19:00:00,52818,1764.548,0,
XAUUSD,H1,Research_2015_2024,2022-11-30 08:00:00,2022-11-28 10:00:00,2022-11-29 08:00:00,2022-11-29 15:00:00,1763.618,1758.898,1757.908,1759.398,16,ENTRY_B_B_SUPPORT_REACCEL,2022-11-30 23:00:00,52821,52791,1769.898,2022-11-30 20:00:00,11,2022-11-30 19:00:00,52818,1764.548,3,2022-11-30 20:00:00
XAUUSD,H1,Research_2015_2024,2022-11-30 08:00:00,2022-11-28 10:00:00,2022-11-29 08:00:00,2022-11-29 15:00:00,1763.618,1758.898,1757.908,1759.398,16,ENTRY_C_A_AFTER_B,2022-11-30 19:00:00,52818,52791,1757.908,2022-11-29 15:00:00,11,2022-11-30 19:00:00,52818,1764.548,0,
XAUUSD,H1,Research_2015_2024,2023-02-24 00:00:00,2023-02-22 12:00:00,2023-02-23 06:00:00,2023-02-23 14:00:00,1845.905,1833.685,1830.025,1826.325,9,ENTRY_A_B_BREAK,2023-03-01 06:00:00,54248,54164,1831.045,2023-02-28 17:00:00,75,2023-03-01 06:00:00,54248,1831.045,0,
XAUUSD,H1,Research_2015_2024,2023-02-24 00:00:00,2023-02-22 12:00:00,2023-02-23 06:00:00,2023-02-23 14:00:00,1845.905,1833.685,1830.025,1826.325,9,ENTRY_B_B_SUPPORT_REACCEL,2023-03-01 12:00:00,54254,54164,1838.368,2023-03-01 07:00:00,75,2023-03-01 06:00:00,54248,1831.045,6,2023-03-01 07:00:00
XAUUSD,H1,Research_2015_2024,2023-02-24 00:00:00,2023-02-22 12:00:00,2023-02-23 06:00:00,2023-02-23 14:00:00,1845.905,1833.685,1830.025,1826.325,9,ENTRY_C_A_AFTER_B,2023-03-01 06:00:00,54248,54164,1830.025,2023-02-23 14:00:00,75,2023-03-01 06:00:00,54248,1831.045,0,
XAUUSD,H1,Research_2015_2024,2023-03-09 06:00:00,2023-03-07 07:00:00,2023-03-08 15:00:00,2023-03-09 00:00:00,1851.555,1824.185,1816.345,1813.295,6,ENTRY_A_B_BREAK,2023-03-10 12:00:00,54415,54380,1835.565,2023-03-09 15:00:00,29,2023-03-10 12:00:00,54415,1835.565,0,
XAUUSD,H1,Research_2015_2024,2023-03-09 06:00:00,2023-03-07 07:00:00,2023-03-08 15:00:00,2023-03-09 00:00:00,1851.555,1824.185,1816.345,1813.295,6,ENTRY_C_A_AFTER_B,2023-03-10 12:00:00,54415,54380,1816.345,2023-03-09 00:00:00,29,2023-03-10 12:00:00,54415,1835.565,0,
XAUUSD,H1,Research_2015_2024,2023-05-09 03:00:00,2023-05-04 14:00:00,2023-05-05 01:00:00,2023-05-08 16:00:00,2059.525,2052.925,2029.334,2024.865,10,ENTRY_A_B_BREAK,2023-05-09 17:00:00,55364,55340,2032.754,2023-05-09 11:00:00,14,2023-05-09 17:00:00,55364,2032.754,0,
XAUUSD,H1,Research_2015_2024,2023-05-09 03:00:00,2023-05-04 14:00:00,2023-05-05 01:00:00,2023-05-08 16:00:00,2059.525,2052.925,2029.334,2024.865,10,ENTRY_B_B_SUPPORT_REACCEL,2023-05-09 22:00:00,55368,55340,2035.545,2023-05-09 19:00:00,14,2023-05-09 17:00:00,55364,2032.754,4,2023-05-09 19:00:00
XAUUSD,H1,Research_2015_2024,2023-05-09 03:00:00,2023-05-04 14:00:00,2023-05-05 01:00:00,2023-05-08 16:00:00,2059.525,2052.925,2029.334,2024.865,10,ENTRY_C_A_AFTER_B,2023-05-09 17:00:00,55364,55340,2029.334,2023-05-08 16:00:00,14,2023-05-09 17:00:00,55364,2032.754,0,
XAUUSD,H1,Research_2015_2024,2023-05-23 18:00:00,2023-05-15 13:00:00,2023-05-16 01:00:00,2023-05-16 12:00:00,2022.114,2018.235,2014.824,1976.065,121,ENTRY_A_B_BREAK,2023-05-23 18:00:00,55595,55474,1968.614,2023-05-19 06:00:00,0,2023-05-23 18:00:00,55595,1968.614,0,
XAUUSD,H1,Research_2015_2024,2023-05-29 12:00:00,2023-05-25 08:00:00,2023-05-26 07:00:00,2023-05-29 06:00:00,1964.625,1957.215,1948.835,1948.685,6,ENTRY_A_B_BREAK,2023-05-30 09:00:00,55699,55675,1949.575,2023-05-29 12:00:00,18,2023-05-30 09:00:00,55699,1949.575,0,
XAUUSD,H1,Research_2015_2024,2023-05-29 12:00:00,2023-05-25 08:00:00,2023-05-26 07:00:00,2023-05-29 06:00:00,1964.625,1957.215,1948.835,1948.685,6,ENTRY_B_B_SUPPORT_REACCEL,2023-05-30 15:00:00,55705,55675,1959.795,2023-05-30 14:00:00,18,2023-05-30 09:00:00,55699,1949.575,6,2023-05-30 14:00:00
XAUUSD,H1,Research_2015_2024,2023-05-29 12:00:00,2023-05-25 08:00:00,2023-05-26 07:00:00,2023-05-29 06:00:00,1964.625,1957.215,1948.835,1948.685,6,ENTRY_C_A_AFTER_B,2023-05-30 09:00:00,55699,55675,1948.835,2023-05-29 06:00:00,18,2023-05-30 09:00:00,55699,1949.575,0,
XAUUSD,H1,Research_2015_2024,2023-07-18 02:00:00,2023-07-14 02:00:00,2023-07-14 12:00:00,2023-07-17 10:00:00,1963.585,1962.584,1959.745,1958.925,15,ENTRY_A_B_BREAK,2023-07-20 01:00:00,56538,56478,1984.195,2023-07-18 15:00:00,45,2023-07-20 01:00:00,56538,1984.195,0,
XAUUSD,H1,Research_2015_2024,2023-07-18 02:00:00,2023-07-14 02:00:00,2023-07-14 12:00:00,2023-07-17 10:00:00,1963.585,1962.584,1959.745,1958.925,15,ENTRY_C_A_AFTER_B,2023-07-20 01:00:00,56538,56478,1959.745,2023-07-17 10:00:00,45,2023-07-20 01:00:00,56538,1984.195,0,
XAUUSD,H1,Research_2015_2024,2023-07-20 00:00:00,2023-07-18 15:00:00,2023-07-19 07:00:00,2023-07-19 13:00:00,1984.195,1980.775,1979.738,1978.985,10,ENTRY_A_B_BREAK,2023-07-25 15:00:00,56621,56527,1964.045,2023-07-25 06:00:00,84,2023-07-25 15:00:00,56621,1964.045,0,
XAUUSD,H1,Research_2015_2024,2023-08-21 12:00:00,2023-08-07 23:00:00,2023-08-08 09:00:00,2023-08-09 06:00:00,1937.945,1935.575,1932.255,1897.095,190,ENTRY_A_B_BREAK,2023-08-21 12:00:00,57055,56865,1894.015,2023-08-21 05:00:00,0,2023-08-21 12:00:00,57055,1894.015,0,
XAUUSD,H1,Research_2015_2024,2023-09-06 13:00:00,2023-09-01 12:00:00,2023-09-04 06:00:00,2023-09-05 05:00:00,1952.905,1946.185,1938.905,1927.944,31,ENTRY_A_B_BREAK,2023-09-07 11:00:00,57351,57299,1920.615,2023-09-07 03:00:00,21,2023-09-07 11:00:00,57351,1920.615,0,
XAUUSD,H1,Research_2015_2024,2023-10-06 15:00:00,2023-10-03 14:00:00,2023-10-04 12:00:00,2023-10-05 04:00:00,1833.205,1830.455,1829.105,1832.485,34,ENTRY_A_B_BREAK,2023-10-06 15:00:00,57838,57804,1824.475,2023-10-06 04:00:00,0,2023-10-06 15:00:00,57838,1824.475,0,
XAUUSD,H1,Research_2015_2024,2023-10-06 15:00:00,2023-10-03 14:00:00,2023-10-04 12:00:00,2023-10-05 04:00:00,1833.205,1830.455,1829.105,1832.485,34,ENTRY_C_A_AFTER_B,2023-10-06 15:00:00,57838,57804,1829.105,2023-10-05 04:00:00,0,2023-10-06 15:00:00,57838,1824.475,0,
XAUUSD,H1,Research_2015_2024,2023-10-11 06:00:00,2023-10-10 00:00:00,2023-10-10 17:00:00,2023-10-11 00:00:00,1865.315,1862.665,1862.025,1862.485,6,ENTRY_A_B_BREAK,2023-10-12 01:00:00,57916,57892,1877.105,2023-10-11 16:00:00,18,2023-10-12 01:00:00,57916,1877.105,0,
XAUUSD,H1,Research_2015_2024,2023-10-11 06:00:00,2023-10-10 00:00:00,2023-10-10 17:00:00,2023-10-11 00:00:00,1865.315,1862.665,1862.025,1862.485,6,ENTRY_B_B_SUPPORT_REACCEL,2023-10-12 04:00:00,57919,57892,1878.055,2023-10-12 03:00:00,18,2023-10-12 01:00:00,57916,1877.105,3,2023-10-12 03:00:00
XAUUSD,H1,Research_2015_2024,2023-10-11 06:00:00,2023-10-10 00:00:00,2023-10-10 17:00:00,2023-10-11 00:00:00,1865.315,1862.665,1862.025,1862.485,6,ENTRY_C_A_AFTER_B,2023-10-12 01:00:00,57916,57892,1862.025,2023-10-11 00:00:00,18,2023-10-12 01:00:00,57916,1877.105,0,
XAUUSD,H1,Research_2015_2024,2023-10-25 12:00:00,2023-10-23 09:00:00,2023-10-24 02:00:00,2023-10-24 17:00:00,1982.725,1980.735,1977.485,1974.995,18,ENTRY_A_B_BREAK,2023-10-27 17:00:00,58185,58116,1993.385,2023-10-26 08:00:00,51,2023-10-27 17:00:00,58185,1993.385,0,
XAUUSD,H1,Research_2015_2024,2023-10-25 12:00:00,2023-10-23 09:00:00,2023-10-24 02:00:00,2023-10-24 17:00:00,1982.725,1980.735,1977.485,1974.995,18,ENTRY_C_A_AFTER_B,2023-10-27 17:00:00,58185,58116,1977.485,2023-10-24 17:00:00,51,2023-10-27 17:00:00,58185,1993.385,0,
XAUUSD,H1,Research_2015_2024,2023-11-24 07:00:00,2023-11-22 08:00:00,2023-11-23 07:00:00,2023-11-24 01:00:00,2006.318,1998.408,1994.855,1993.405,6,ENTRY_A_B_BREAK,2023-11-28 13:00:00,58679,58625,2017.975,2023-11-28 00:00:00,48,2023-11-28 13:00:00,58679,2017.975,0,
XAUUSD,H1,Research_2015_2024,2023-11-24 07:00:00,2023-11-22 08:00:00,2023-11-23 07:00:00,2023-11-24 01:00:00,2006.318,1998.408,1994.855,1993.405,6,ENTRY_C_A_AFTER_B,2023-11-28 13:00:00,58679,58625,1994.855,2023-11-24 01:00:00,48,2023-11-28 13:00:00,58679,2017.975,0,
XAUUSD,H1,Research_2015_2024,2023-12-01 08:00:00,2023-11-29 01:00:00,2023-11-29 19:00:00,2023-11-30 03:00:00,2051.865,2049.438,2047.118,2045.225,28,ENTRY_A_B_BREAK,2023-12-01 08:00:00,58743,58715,2043.325,2023-12-01 01:00:00,0,2023-12-01 08:00:00,58743,2043.325,0,
XAUUSD,H1,Research_2015_2024,2023-12-01 08:00:00,2023-11-29 01:00:00,2023-11-29 19:00:00,2023-11-30 03:00:00,2051.865,2049.438,2047.118,2045.225,28,ENTRY_C_A_AFTER_B,2023-12-01 15:00:00,58750,58715,2047.118,2023-11-30 03:00:00,0,2023-12-01 08:00:00,58743,2043.325,7,
XAUUSD,H1,Research_2015_2024,2023-12-07 08:00:00,2023-12-05 00:00:00,2023-12-05 08:00:00,2023-12-06 07:00:00,2041.155,2039.495,2035.785,2032.825,24,ENTRY_A_B_BREAK,2023-12-07 09:00:00,58836,58811,2032.935,2023-12-06 14:00:00,1,2023-12-07 09:00:00,58836,2032.935,0,
XAUUSD,H1,Research_2015_2024,2023-12-07 08:00:00,2023-12-05 00:00:00,2023-12-05 08:00:00,2023-12-06 07:00:00,2041.155,2039.495,2035.785,2032.825,24,ENTRY_B_B_SUPPORT_REACCEL,2023-12-07 13:00:00,58840,58811,2035.025,2023-12-07 10:00:00,1,2023-12-07 09:00:00,58836,2032.935,4,2023-12-07 10:00:00
XAUUSD,H1,Research_2015_2024,2023-12-07 08:00:00,2023-12-05 00:00:00,2023-12-05 08:00:00,2023-12-06 07:00:00,2041.155,2039.495,2035.785,2032.825,24,ENTRY_C_A_AFTER_B,2023-12-07 13:00:00,58840,58811,2035.785,2023-12-06 07:00:00,1,2023-12-07 09:00:00,58836,2032.935,4,
XAUUSD,H1,Research_2015_2024,2023-12-13 19:00:00,2023-12-07 13:00:00,2023-12-08 03:00:00,2023-12-08 10:00:00,2039.778,2033.874,2032.295,2013.555,78,ENTRY_A_B_BREAK,2023-12-13 19:00:00,58938,58860,1986.648,2023-12-13 13:00:00,0,2023-12-13 19:00:00,58938,1986.648,0,
XAUUSD,H1,Research_2015_2024,2023-12-13 19:00:00,2023-12-07 13:00:00,2023-12-08 03:00:00,2023-12-08 10:00:00,2039.778,2033.874,2032.295,2013.555,78,ENTRY_C_A_AFTER_B,2023-12-13 23:00:00,58941,58860,2032.295,2023-12-08 10:00:00,0,2023-12-13 19:00:00,58938,1986.648,3,
XAUUSD,H1,Research_2015_2024,2023-12-21 12:00:00,2023-12-19 16:00:00,2023-12-20 07:00:00,2023-12-21 05:00:00,2046.905,2043.375,2038.098,2037.885,7,ENTRY_A_B_BREAK,2023-12-22 10:00:00,59090,59062,2054.875,2023-12-21 23:00:00,21,2023-12-22 10:00:00,59090,2054.875,0,
XAUUSD,H1,Research_2015_2024,2023-12-21 12:00:00,2023-12-19 16:00:00,2023-12-20 07:00:00,2023-12-21 05:00:00,2046.905,2043.375,2038.098,2037.885,7,ENTRY_B_B_SUPPORT_REACCEL,2023-12-22 13:00:00,59093,59062,2065.965,2023-12-22 11:00:00,21,2023-12-22 10:00:00,59090,2054.875,3,2023-12-22 11:00:00
XAUUSD,H1,Research_2015_2024,2023-12-21 12:00:00,2023-12-19 16:00:00,2023-12-20 07:00:00,2023-12-21 05:00:00,2046.905,2043.375,2038.098,2037.885,7,ENTRY_C_A_AFTER_B,2023-12-22 10:00:00,59090,59062,2038.098,2023-12-21 05:00:00,21,2023-12-22 10:00:00,59090,2054.875,0,
XAUUSD,H1,Research_2015_2024,2024-01-23 05:00:00,2024-01-12 14:00:00,2024-01-15 08:00:00,2024-01-15 17:00:00,2062.145,2058.505,2056.218,2030.725,124,ENTRY_A_B_BREAK,2024-01-23 05:00:00,59543,59419,2025.475,2024-01-19 01:00:00,0,2024-01-23 05:00:00,59543,2025.475,0,
XAUUSD,H1,Research_2015_2024,2024-05-28 01:00:00,2024-05-21 15:00:00,2024-05-22 02:00:00,2024-05-22 10:00:00,2433.838,2426.344,2419.195,2354.598,81,ENTRY_A_B_BREAK,2024-05-28 01:00:00,61583,61502,2347.325,2024-05-24 13:00:00,0,2024-05-28 01:00:00,61583,2347.325,0,
XAUUSD,H1,Research_2015_2024,2024-06-05 13:00:00,2024-05-31 13:00:00,2024-06-03 17:00:00,2024-06-04 00:00:00,2359.598,2354.565,2352.645,2345.208,36,ENTRY_A_B_BREAK,2024-06-05 13:00:00,61731,61695,2341.535,2024-06-05 05:00:00,0,2024-06-05 13:00:00,61731,2341.535,0,
XAUUSD,H1,Research_2015_2024,2024-06-05 13:00:00,2024-05-31 13:00:00,2024-06-03 17:00:00,2024-06-04 00:00:00,2359.598,2354.565,2352.645,2345.208,36,ENTRY_C_A_AFTER_B,2024-06-05 15:00:00,61733,61695,2352.645,2024-06-04 00:00:00,0,2024-06-05 13:00:00,61731,2341.535,2,
XAUUSD,H1,Research_2015_2024,2024-06-18 13:00:00,2024-06-14 17:00:00,2024-06-17 14:00:00,2024-06-18 02:00:00,2335.455,2327.495,2325.535,2326.635,11,ENTRY_A_B_BREAK,2024-06-20 01:00:00,61970,61927,2333.008,2024-06-18 17:00:00,32,2024-06-20 01:00:00,61970,2333.008,0,
XAUUSD,H1,Research_2015_2024,2024-06-18 13:00:00,2024-06-14 17:00:00,2024-06-17 14:00:00,2024-06-18 02:00:00,2335.455,2327.495,2325.535,2326.635,11,ENTRY_B_B_SUPPORT_REACCEL,2024-06-20 04:00:00,61973,61927,2337.258,2024-06-20 02:00:00,32,2024-06-20 01:00:00,61970,2333.008,3,2024-06-20 02:00:00
XAUUSD,H1,Research_2015_2024,2024-06-18 13:00:00,2024-06-14 17:00:00,2024-06-17 14:00:00,2024-06-18 02:00:00,2335.455,2327.495,2325.535,2326.635,11,ENTRY_C_A_AFTER_B,2024-06-20 01:00:00,61970,61927,2325.535,2024-06-18 02:00:00,32,2024-06-20 01:00:00,61970,2333.008,0,
XAUUSD,H1,Research_2015_2024,2024-07-09 13:00:00,2024-07-05 19:00:00,2024-07-08 14:00:00,2024-07-09 04:00:00,2392.815,2379.405,2368.658,2367.615,9,ENTRY_A_B_BREAK,2024-07-11 12:00:00,62324,62270,2386.548,2024-07-10 13:00:00,45,2024-07-11 12:00:00,62324,2386.548,0,
XAUUSD,H1,Research_2015_2024,2024-07-09 13:00:00,2024-07-05 19:00:00,2024-07-08 14:00:00,2024-07-09 04:00:00,2392.815,2379.405,2368.658,2367.615,9,ENTRY_C_A_AFTER_B,2024-07-11 12:00:00,62324,62270,2368.658,2024-07-09 04:00:00,45,2024-07-11 12:00:00,62324,2386.548,0,
XAUUSD,H1,Research_2015_2024,2024-07-24 11:00:00,2024-07-17 14:00:00,2024-07-18 07:00:00,2024-07-18 14:00:00,2483.548,2474.805,2469.775,2417.345,89,ENTRY_A_B_BREAK,2024-07-24 11:00:00,62530,62441,2403.875,2024-07-23 01:00:00,0,2024-07-24 11:00:00,62530,2403.875,0,
XAUUSD,H1,Research_2015_2024,2024-08-14 08:00:00,2024-08-13 00:00:00,2024-08-13 13:00:00,2024-08-14 01:00:00,2476.845,2475.505,2472.415,2474.308,7,ENTRY_A_B_BREAK,2024-08-16 07:00:00,62917,62865,2461.558,2024-08-15 19:00:00,45,2024-08-16 07:00:00,62917,2461.558,0,
XAUUSD,H1,Research_2015_2024,2024-08-14 08:00:00,2024-08-13 00:00:00,2024-08-13 13:00:00,2024-08-14 01:00:00,2476.845,2475.505,2472.415,2474.308,7,ENTRY_B_B_SUPPORT_REACCEL,2024-08-16 10:00:00,62920,62865,2464.215,2024-08-16 09:00:00,45,2024-08-16 07:00:00,62917,2461.558,3,2024-08-16 09:00:00
XAUUSD,H1,Research_2015_2024,2024-08-14 08:00:00,2024-08-13 00:00:00,2024-08-13 13:00:00,2024-08-14 01:00:00,2476.845,2475.505,2472.415,2474.308,7,ENTRY_C_A_AFTER_B,2024-08-16 12:00:00,62922,62865,2472.415,2024-08-14 01:00:00,45,2024-08-16 07:00:00,62917,2461.558,5,
XAUUSD,H1,Research_2015_2024,2024-09-18 10:00:00,2024-09-17 06:00:00,2024-09-17 14:00:00,2024-09-18 01:00:00,2586.835,2582.115,2576.314,2576.055,9,ENTRY_A_B_BREAK,2024-09-20 06:00:00,63489,63438,2594.775,2024-09-19 09:00:00,42,2024-09-20 06:00:00,63489,2594.775,0,
XAUUSD,H1,Research_2015_2024,2024-09-18 10:00:00,2024-09-17 06:00:00,2024-09-17 14:00:00,2024-09-18 01:00:00,2586.835,2582.115,2576.314,2576.055,9,ENTRY_C_A_AFTER_B,2024-09-20 06:00:00,63489,63438,2576.314,2024-09-18 01:00:00,42,2024-09-20 06:00:00,63489,2594.775,0,
XAUUSD,H1,Research_2015_2024,2024-12-23 06:00:00,2024-12-17 01:00:00,2024-12-18 01:00:00,2024-12-18 08:00:00,2658.465,2651.525,2649.535,2631.348,67,ENTRY_A_B_BREAK,2024-12-23 06:00:00,65002,64935,2626.325,2024-12-19 10:00:00,0,2024-12-23 06:00:00,65002,2626.325,0,
XAUUSD,H1,Research_2015_2024,2024-12-31 21:00:00,2024-12-27 07:00:00,2024-12-30 03:00:00,2024-12-30 13:00:00,2638.105,2627.985,2622.425,2624.255,11,ENTRY_A_B_BREAK,2025-01-02 10:00:00,65121,65098,2636.298,2025-01-02 02:00:00,12,2025-01-02 10:00:00,65121,2636.298,0,
XAUUSD,H1,Research_2015_2024,2024-12-31 21:00:00,2024-12-27 07:00:00,2024-12-30 03:00:00,2024-12-30 13:00:00,2638.105,2627.985,2622.425,2624.255,11,ENTRY_B_B_SUPPORT_REACCEL,2025-01-02 14:00:00,65125,65098,2647.135,2025-01-02 13:00:00,12,2025-01-02 10:00:00,65121,2636.298,4,2025-01-02 13:00:00
XAUUSD,H1,Research_2015_2024,2024-12-31 21:00:00,2024-12-27 07:00:00,2024-12-30 03:00:00,2024-12-30 13:00:00,2638.105,2627.985,2622.425,2624.255,11,ENTRY_C_A_AFTER_B,2025-01-02 10:00:00,65121,65098,2622.425,2024-12-30 13:00:00,12,2025-01-02 10:00:00,65121,2636.298,0,
XAUUSD,H1,OOS_2025_2026,2025-03-04 07:00:00,2025-02-24 14:00:00,2025-02-24 23:00:00,2025-02-25 14:00:00,2956.035,2953.348,2944.648,2899.845,108,ENTRY_A_B_BREAK,2025-03-04 07:00:00,66103,65995,2876.905,2025-03-02 23:00:00,0,2025-03-04 07:00:00,66103,2876.905,0,
XAUUSD,H1,OOS_2025_2026,2025-03-07 08:00:00,2025-03-05 16:00:00,2025-03-06 02:00:00,2025-03-06 15:00:00,2929.748,2926.425,2922.628,2922.205,16,ENTRY_A_B_BREAK,2025-03-12 15:00:00,66250,66157,2922.048,2025-03-11 13:00:00,77,2025-03-12 15:00:00,66250,2922.048,0,
XAUUSD,H1,OOS_2025_2026,2025-03-07 08:00:00,2025-03-05 16:00:00,2025-03-06 02:00:00,2025-03-06 15:00:00,2929.748,2926.425,2922.628,2922.205,16,ENTRY_C_A_AFTER_B,2025-03-12 15:00:00,66250,66157,2922.628,2025-03-06 15:00:00,77,2025-03-12 15:00:00,66250,2922.048,0,
XAUUSD,H1,OOS_2025_2026,2025-03-24 08:00:00,2025-03-20 04:00:00,2025-03-21 00:00:00,2025-03-21 12:00:00,3057.245,3047.265,3037.975,3028.618,19,ENTRY_A_B_BREAK,2025-03-24 08:00:00,66427,66408,3026.045,2025-03-23 23:00:00,0,2025-03-24 08:00:00,66427,3026.045,0,
XAUUSD,H1,OOS_2025_2026,2025-03-24 08:00:00,2025-03-20 04:00:00,2025-03-21 00:00:00,2025-03-21 12:00:00,3057.245,3047.265,3037.975,3028.618,19,ENTRY_C_A_AFTER_B,2025-03-27 09:00:00,66497,66408,3037.975,2025-03-21 12:00:00,0,2025-03-24 08:00:00,66427,3026.045,70,
XAUUSD,H1,OOS_2025_2026,2025-04-09 04:00:00,2025-04-07 01:00:00,2025-04-07 11:00:00,2025-04-08 13:00:00,3055.18,3045.965,3022.485,3011.985,14,ENTRY_A_B_BREAK,2025-04-10 14:00:00,66732,66685,3132.245,2025-04-10 05:00:00,33,2025-04-10 14:00:00,66732,3132.245,0,
XAUUSD,H1,OOS_2025_2026,2025-04-09 04:00:00,2025-04-07 01:00:00,2025-04-07 11:00:00,2025-04-08 13:00:00,3055.18,3045.965,3022.485,3011.985,14,ENTRY_C_A_AFTER_B,2025-04-10 14:00:00,66732,66685,3022.485,2025-04-08 13:00:00,33,2025-04-10 14:00:00,66732,3132.245,0,
XAUUSD,H1,OOS_2025_2026,2025-06-01 22:00:00,2025-05-29 16:00:00,2025-05-30 01:00:00,2025-05-30 13:00:00,3330.775,3322.448,3307.998,3312.798,8,ENTRY_A_B_BREAK,2025-06-05 10:00:00,67623,67534,3391.935,2025-06-02 23:00:00,81,2025-06-05 10:00:00,67623,3391.935,0,
XAUUSD,H1,OOS_2025_2026,2025-06-01 22:00:00,2025-05-29 16:00:00,2025-05-30 01:00:00,2025-05-30 13:00:00,3330.775,3322.448,3307.998,3312.798,8,ENTRY_C_A_AFTER_B,2025-06-05 10:00:00,67623,67534,3307.998,2025-05-30 13:00:00,81,2025-06-05 10:00:00,67623,3391.935,0,
XAUUSD,H1,OOS_2025_2026,2025-06-18 04:00:00,2025-06-17 00:00:00,2025-06-17 11:00:00,2025-06-17 22:00:00,3403.098,3399.948,3395.998,3394.975,6,ENTRY_A_B_BREAK,2025-06-22 22:00:00,67885,67818,3374.265,2025-06-20 14:00:00,61,2025-06-22 22:00:00,67885,3374.265,0,
XAUUSD,H1,OOS_2025_2026,2026-01-16 11:00:00,2026-01-14 19:00:00,2026-01-15 16:00:00,2026-01-16 05:00:00,4642.695,4624.325,4615.735,4612.335,6,ENTRY_A_B_BREAK,2026-01-20 04:00:00,68393,68350,4690.265,2026-01-18 23:00:00,37,2026-01-20 04:00:00,68393,4690.265,0,
XAUUSD,H1,OOS_2025_2026,2026-01-16 11:00:00,2026-01-14 19:00:00,2026-01-15 16:00:00,2026-01-16 05:00:00,4642.695,4624.325,4615.735,4612.335,6,ENTRY_B_B_SUPPORT_REACCEL,2026-01-20 08:00:00,68397,68350,4722.505,2026-01-20 05:00:00,37,2026-01-20 04:00:00,68393,4690.265,4,2026-01-20 05:00:00
XAUUSD,H1,OOS_2025_2026,2026-01-16 11:00:00,2026-01-14 19:00:00,2026-01-15 16:00:00,2026-01-16 05:00:00,4642.695,4624.325,4615.735,4612.335,6,ENTRY_C_A_AFTER_B,2026-01-20 04:00:00,68393,68350,4615.735,2026-01-16 05:00:00,37,2026-01-20 04:00:00,68393,4690.265,0,
XAUUSD,H1,OOS_2025_2026,2026-02-13 21:00:00,2026-02-11 12:00:00,2026-02-11 23:00:00,2026-02-12 13:00:00,5118.815,5099.798,5083.475,5040.285,31,ENTRY_A_B_BREAK,2026-02-13 21:00:00,68824,68793,4996.955,2026-02-13 04:00:00,0,2026-02-13 21:00:00,68824,4996.955,0,
XAUUSD,H1,OOS_2025_2026,2026-03-24 20:00:00,2026-03-18 18:00:00,2026-03-19 01:00:00,2026-03-20 03:00:00,4899.085,4866.995,4735.835,4471.835,63,ENTRY_A_B_BREAK,2026-03-24 23:00:00,69445,69380,4512.665,2026-03-23 14:00:00,2,2026-03-24 23:00:00,69445,4512.665,0,
XAUUSD,H1,OOS_2025_2026,2026-03-27 14:00:00,2026-03-25 02:00:00,2026-03-25 11:00:00,2026-03-26 01:00:00,4602.125,4585.475,4544.275,4509.495,36,ENTRY_A_B_BREAK,2026-03-27 14:00:00,69506,69470,4474.915,2026-03-27 05:00:00,0,2026-03-27 14:00:00,69506,4474.915,0,
XAUUSD,H1,OOS_2025_2026,2026-03-27 14:00:00,2026-03-25 02:00:00,2026-03-25 11:00:00,2026-03-26 01:00:00,4602.125,4585.475,4544.275,4509.495,36,ENTRY_C_A_AFTER_B,2026-03-30 11:00:00,69526,69470,4544.275,2026-03-26 01:00:00,0,2026-03-27 14:00:00,69506,4474.915,20,
XAUUSD,H1,OOS_2025_2026,2026-04-23 12:00:00,2026-04-21 11:00:00,2026-04-22 07:00:00,2026-04-23 00:00:00,4797.935,4772.165,4753.585,4739.905,12,ENTRY_A_B_BREAK,2026-04-29 04:00:00,70002,69906,4601.245,2026-04-28 17:00:00,84,2026-04-29 04:00:00,70002,4601.245,0,
XAUUSD,H4,Research_2015_2024,2014-03-26 00:00:00,2014-03-16 20:00:00,2014-03-21 08:00:00,2014-03-25 08:00:00,1389.122,1342.342,1317.312,1313.362,4,ENTRY_A_B_BREAK,2014-04-04 12:00:00,414,364,1294.518,2014-04-02 12:00:00,46,2014-04-04 12:00:00,414,1294.518,0,
XAUUSD,H4,Research_2015_2024,2014-03-26 00:00:00,2014-03-16 20:00:00,2014-03-21 08:00:00,2014-03-25 08:00:00,1389.122,1342.342,1317.312,1313.362,4,ENTRY_B_B_SUPPORT_REACCEL,2014-04-08 04:00:00,425,364,1302.242,2014-04-07 12:00:00,46,2014-04-04 12:00:00,414,1294.518,11,2014-04-07 12:00:00
XAUUSD,H4,Research_2015_2024,2014-03-26 00:00:00,2014-03-16 20:00:00,2014-03-21 08:00:00,2014-03-25 08:00:00,1389.122,1342.342,1317.312,1313.362,4,ENTRY_C_A_AFTER_B,2014-04-10 04:00:00,437,364,1317.312,2014-03-25 08:00:00,46,2014-04-04 12:00:00,414,1294.518,23,
XAUUSD,H4,Research_2015_2024,2014-04-24 00:00:00,2014-04-21 00:00:00,2014-04-22 12:00:00,2014-04-23 08:00:00,1301.873,1292.744,1288.954,1286.51,4,ENTRY_A_B_BREAK,2014-05-05 04:00:00,537,488,1306.448,2014-04-28 00:00:00,45,2014-05-05 04:00:00,537,1306.448,0,
XAUUSD,H4,Research_2015_2024,2014-04-24 00:00:00,2014-04-21 00:00:00,2014-04-22 12:00:00,2014-04-23 08:00:00,1301.873,1292.744,1288.954,1286.51,4,ENTRY_C_A_AFTER_B,2014-05-05 04:00:00,537,488,1288.954,2014-04-23 08:00:00,45,2014-05-05 04:00:00,537,1306.448,0,
XAUUSD,H4,Research_2015_2024,2014-06-04 00:00:00,2014-05-29 12:00:00,2014-06-02 12:00:00,2014-06-03 08:00:00,1260.463,1250.742,1247.617,1245.421,4,ENTRY_A_B_BREAK,2014-06-05 12:00:00,681,668,1249.005,2014-06-04 12:00:00,9,2014-06-05 12:00:00,681,1249.005,0,
XAUUSD,H4,Research_2015_2024,2014-06-04 00:00:00,2014-05-29 12:00:00,2014-06-02 12:00:00,2014-06-03 08:00:00,1260.463,1250.742,1247.617,1245.421,4,ENTRY_B_B_SUPPORT_REACCEL,2014-06-10 00:00:00,697,668,1253.476,2014-06-09 20:00:00,9,2014-06-05 12:00:00,681,1249.005,16,2014-06-09 20:00:00
XAUUSD,H4,Research_2015_2024,2014-06-04 00:00:00,2014-05-29 12:00:00,2014-06-02 12:00:00,2014-06-03 08:00:00,1260.463,1250.742,1247.617,1245.421,4,ENTRY_C_A_AFTER_B,2014-06-05 12:00:00,681,668,1247.617,2014-06-03 08:00:00,9,2014-06-05 12:00:00,681,1249.005,0,
XAUUSD,H4,Research_2015_2024,2014-06-30 16:00:00,2014-06-24 08:00:00,2014-06-25 12:00:00,2014-06-27 04:00:00,1325.955,1324.791,1322.25,1329.209,10,ENTRY_A_B_BREAK,2014-07-09 00:00:00,826,778,1323.123,2014-07-04 04:00:00,38,2014-07-09 00:00:00,826,1323.123,0,
XAUUSD,H4,Research_2015_2024,2014-06-30 16:00:00,2014-06-24 08:00:00,2014-06-25 12:00:00,2014-06-27 04:00:00,1325.955,1324.791,1322.25,1329.209,10,ENTRY_B_B_SUPPORT_REACCEL,2014-07-09 08:00:00,828,778,1326.073,2014-07-09 04:00:00,38,2014-07-09 00:00:00,826,1323.123,2,2014-07-09 04:00:00
XAUUSD,H4,Research_2015_2024,2014-06-30 16:00:00,2014-06-24 08:00:00,2014-06-25 12:00:00,2014-06-27 04:00:00,1325.955,1324.791,1322.25,1329.209,10,ENTRY_C_A_AFTER_B,2014-07-09 00:00:00,826,778,1322.25,2014-06-27 04:00:00,38,2014-07-09 00:00:00,826,1323.123,0,
XAUUSD,H4,Research_2015_2024,2014-07-25 16:00:00,2014-07-17 20:00:00,2014-07-21 12:00:00,2014-07-22 12:00:00,1324.637,1318.303,1315.786,1307.161,19,ENTRY_A_B_BREAK,2014-07-29 04:00:00,914,885,1308.571,2014-07-25 16:00:00,10,2014-07-29 04:00:00,914,1308.571,0,
XAUUSD,H4,Research_2015_2024,2014-07-25 16:00:00,2014-07-17 20:00:00,2014-07-21 12:00:00,2014-07-22 12:00:00,1324.637,1318.303,1315.786,1307.161,19,ENTRY_C_A_AFTER_B,2014-08-08 00:00:00,962,885,1315.786,2014-07-22 12:00:00,10,2014-07-29 04:00:00,914,1308.571,48,
XAUUSD,H4,Research_2015_2024,2014-08-01 12:00:00,2014-07-29 08:00:00,2014-07-30 12:00:00,2014-07-31 08:00:00,1312.194,1303.595,1297.299,1294.491,7,ENTRY_A_B_BREAK,2014-08-06 12:00:00,953,927,1295.358,2014-08-04 04:00:00,19,2014-08-06 12:00:00,953,1295.358,0,
XAUUSD,H4,Research_2015_2024,2014-08-01 12:00:00,2014-07-29 08:00:00,2014-07-30 12:00:00,2014-07-31 08:00:00,1312.194,1303.595,1297.299,1294.491,7,ENTRY_C_A_AFTER_B,2014-08-06 12:00:00,953,927,1297.299,2014-07-31 08:00:00,19,2014-08-06 12:00:00,953,1295.358,0,
XAUUSD,H4,Research_2015_2024,2014-11-14 12:00:00,2014-11-07 20:00:00,2014-11-11 16:00:00,2014-11-12 12:00:00,1178.641,1173.239,1170.011,1175.33,12,ENTRY_A_B_BREAK,2014-11-18 08:00:00,1410,1386,1194.132,2014-11-17 00:00:00,12,2014-11-18 08:00:00,1410,1194.132,0,
XAUUSD,H4,Research_2015_2024,2014-11-14 12:00:00,2014-11-07 20:00:00,2014-11-11 16:00:00,2014-11-12 12:00:00,1178.641,1173.239,1170.011,1175.33,12,ENTRY_C_A_AFTER_B,2014-11-18 08:00:00,1410,1386,1170.011,2014-11-12 12:00:00,12,2014-11-18 08:00:00,1410,1194.132,0,
XAUUSD,H4,Research_2015_2024,2014-12-30 12:00:00,2014-12-10 04:00:00,2014-12-11 16:00:00,2014-12-16 12:00:00,1238.174,1231.895,1223.447,1205.681,56,ENTRY_A_B_BREAK,2014-12-30 12:00:00,1590,1534,1181.161,2014-12-24 08:00:00,0,2014-12-30 12:00:00,1590,1181.161,0,
XAUUSD,H4,Research_2015_2024,2014-12-30 12:00:00,2014-12-10 04:00:00,2014-12-11 16:00:00,2014-12-16 12:00:00,1238.174,1231.895,1223.447,1205.681,56,ENTRY_B_B_SUPPORT_REACCEL,2015-01-01 20:00:00,1595,1534,1184.109,2014-12-31 20:00:00,0,2014-12-30 12:00:00,1590,1181.161,5,2014-12-31 20:00:00
XAUUSD,H4,Research_2015_2024,2014-12-30 12:00:00,2014-12-10 04:00:00,2014-12-11 16:00:00,2014-12-16 12:00:00,1238.174,1231.895,1223.447,1205.681,56,ENTRY_C_A_AFTER_B,2015-01-11 20:00:00,1633,1534,1223.447,2014-12-16 12:00:00,0,2014-12-30 12:00:00,1590,1181.161,43,
XAUUSD,H4,Research_2015_2024,2015-02-24 20:00:00,2015-02-16 04:00:00,2015-02-19 12:00:00,2015-02-20 12:00:00,1236.538,1222.912,1215.388,1204.861,15,ENTRY_A_B_BREAK,2015-02-26 08:00:00,1840,1816,1211.782,2015-02-25 04:00:00,9,2015-02-26 08:00:00,1840,1211.782,0,
XAUUSD,H4,Research_2015_2024,2015-02-24 20:00:00,2015-02-16 04:00:00,2015-02-19 12:00:00,2015-02-20 12:00:00,1236.538,1222.912,1215.388,1204.861,15,ENTRY_C_A_AFTER_B,2015-02-26 08:00:00,1840,1816,1215.388,2015-02-20 12:00:00,9,2015-02-26 08:00:00,1840,1211.782,0,
XAUUSD,H4,Research_2015_2024,2015-03-16 04:00:00,2015-03-09 08:00:00,2015-03-10 12:00:00,2015-03-12 04:00:00,1175.289,1170.529,1166.479,1162.299,13,ENTRY_A_B_BREAK,2015-03-16 04:00:00,1914,1901,1161.718,2015-03-13 00:00:00,0,2015-03-16 04:00:00,1914,1161.718,0,
XAUUSD,H4,Research_2015_2024,2015-03-16 04:00:00,2015-03-09 08:00:00,2015-03-10 12:00:00,2015-03-12 04:00:00,1175.289,1170.529,1166.479,1162.299,13,ENTRY_C_A_AFTER_B,2015-03-18 16:00:00,1929,1901,1166.479,2015-03-12 04:00:00,0,2015-03-16 04:00:00,1914,1161.718,15,
XAUUSD,H4,Research_2015_2024,2015-03-16 00:00:00,2015-03-10 12:00:00,2015-03-12 04:00:00,2015-03-13 00:00:00,1170.529,1166.479,1161.718,1158.708,7,ENTRY_A_B_BREAK,2015-03-20 12:00:00,1940,1906,1177.741,2015-03-19 00:00:00,27,2015-03-20 12:00:00,1940,1177.741,0,
XAUUSD,H4,Research_2015_2024,2015-03-16 00:00:00,2015-03-10 12:00:00,2015-03-12 04:00:00,2015-03-13 00:00:00,1170.529,1166.479,1161.718,1158.708,7,ENTRY_B_B_SUPPORT_REACCEL,2015-03-23 12:00:00,1947,1906,1184.919,2015-03-23 08:00:00,27,2015-03-20 12:00:00,1940,1177.741,7,2015-03-23 08:00:00
XAUUSD,H4,Research_2015_2024,2015-03-16 00:00:00,2015-03-10 12:00:00,2015-03-12 04:00:00,2015-03-13 00:00:00,1170.529,1166.479,1161.718,1158.708,7,ENTRY_C_A_AFTER_B,2015-03-20 12:00:00,1940,1906,1161.718,2015-03-13 00:00:00,27,2015-03-20 12:00:00,1940,1177.741,0,
XAUUSD,H4,Research_2015_2024,2015-05-05 04:00:00,2015-04-29 12:00:00,2015-04-30 12:00:00,2015-05-04 12:00:00,1214.044,1207.179,1192.812,1188.723,4,ENTRY_A_B_BREAK,2015-05-12 08:00:00,2163,2127,1193.445,2015-05-08 12:00:00,32,2015-05-12 08:00:00,2163,1193.445,0,
XAUUSD,H4,Research_2015_2024,2015-05-05 04:00:00,2015-04-29 12:00:00,2015-04-30 12:00:00,2015-05-04 12:00:00,1214.044,1207.179,1192.812,1188.723,4,ENTRY_B_B_SUPPORT_REACCEL,2015-05-13 08:00:00,2169,2127,1195.797,2015-05-12 16:00:00,32,2015-05-12 08:00:00,2163,1193.445,6,2015-05-12 16:00:00
XAUUSD,H4,Research_2015_2024,2015-05-05 04:00:00,2015-04-29 12:00:00,2015-04-30 12:00:00,2015-05-04 12:00:00,1214.044,1207.179,1192.812,1188.723,4,ENTRY_C_A_AFTER_B,2015-05-12 08:00:00,2163,2127,1192.812,2015-05-04 12:00:00,32,2015-05-12 08:00:00,2163,1193.445,0,
XAUUSD,H4,Research_2015_2024,2015-08-11 04:00:00,2015-07-09 12:00:00,2015-07-10 16:00:00,2015-07-14 12:00:00,1167.66,1165.379,1159.738,1115.258,122,ENTRY_A_B_BREAK,2015-08-11 04:00:00,2564,2442,1109.879,2015-07-21 08:00:00,0,2015-08-11 04:00:00,2564,1109.879,0,
XAUUSD,H4,Research_2015_2024,2015-08-11 04:00:00,2015-07-09 12:00:00,2015-07-10 16:00:00,2015-07-14 12:00:00,1167.66,1165.379,1159.738,1115.258,122,ENTRY_B_B_SUPPORT_REACCEL,2015-08-12 04:00:00,2570,2442,1115.718,2015-08-11 08:00:00,0,2015-08-11 04:00:00,2564,1109.879,6,2015-08-11 08:00:00
XAUUSD,H4,Research_2015_2024,2015-08-11 04:00:00,2015-07-09 12:00:00,2015-07-10 16:00:00,2015-07-14 12:00:00,1167.66,1165.379,1159.738,1115.258,122,ENTRY_C_A_AFTER_B,2015-08-21 00:00:00,2612,2442,1159.738,2015-07-14 12:00:00,0,2015-08-11 04:00:00,2564,1109.879,48,
XAUUSD,H4,Research_2015_2024,2015-10-02 12:00:00,2015-09-24 12:00:00,2015-09-25 16:00:00,2015-09-29 12:00:00,1156.711,1148.599,1134.638,1138.702,18,ENTRY_A_B_BREAK,2015-10-02 12:00:00,2801,2783,1119.111,2015-10-01 12:00:00,0,2015-10-02 12:00:00,2801,1119.111,0,
XAUUSD,H4,Research_2015_2024,2015-10-02 12:00:00,2015-09-24 12:00:00,2015-09-25 16:00:00,2015-09-29 12:00:00,1156.711,1148.599,1134.638,1138.702,18,ENTRY_C_A_AFTER_B,2015-10-02 12:00:00,2801,2783,1134.638,2015-09-29 12:00:00,0,2015-10-02 12:00:00,2801,1119.111,0,
XAUUSD,H4,Research_2015_2024,2015-10-20 08:00:00,2015-10-15 12:00:00,2015-10-16 12:00:00,2015-10-19 12:00:00,1191.45,1184.442,1178.149,1175.304,5,ENTRY_A_B_BREAK,2015-10-28 04:00:00,2911,2870,1169.64,2015-10-26 12:00:00,36,2015-10-28 04:00:00,2911,1169.64,0,
XAUUSD,H4,Research_2015_2024,2015-10-20 08:00:00,2015-10-15 12:00:00,2015-10-16 12:00:00,2015-10-19 12:00:00,1191.45,1184.442,1178.149,1175.304,5,ENTRY_B_B_SUPPORT_REACCEL,2015-10-28 12:00:00,2913,2870,1173.469,2015-10-28 08:00:00,36,2015-10-28 04:00:00,2911,1169.64,2,2015-10-28 08:00:00
XAUUSD,H4,Research_2015_2024,2015-10-20 08:00:00,2015-10-15 12:00:00,2015-10-16 12:00:00,2015-10-19 12:00:00,1191.45,1184.442,1178.149,1175.304,5,ENTRY_C_A_AFTER_B,2015-10-28 12:00:00,2913,2870,1178.149,2015-10-19 12:00:00,36,2015-10-28 04:00:00,2911,1169.64,2,
XAUUSD,H4,Research_2015_2024,2015-12-01 00:00:00,2015-11-20 08:00:00,2015-11-24 12:00:00,2015-11-26 00:00:00,1088.048,1081.102,1074.822,1071.728,18,ENTRY_A_B_BREAK,2015-12-04 12:00:00,3079,3040,1065.399,2015-12-03 20:00:00,21,2015-12-04 12:00:00,3079,1065.399,0,
XAUUSD,H4,Research_2015_2024,2015-12-01 00:00:00,2015-11-20 08:00:00,2015-11-24 12:00:00,2015-11-26 00:00:00,1088.048,1081.102,1074.822,1071.728,18,ENTRY_C_A_AFTER_B,2015-12-04 12:00:00,3079,3040,1074.822,2015-11-26 00:00:00,21,2015-12-04 12:00:00,3079,1065.399,0,
XAUUSD,H4,Research_2015_2024,2016-01-04 04:00:00,2015-12-21 16:00:00,2015-12-22 12:00:00,2015-12-24 16:00:00,1081.639,1080.691,1076.942,1071.321,24,ENTRY_A_B_BREAK,2016-01-06 08:00:00,3204,3167,1083.488,2016-01-04 12:00:00,13,2016-01-06 08:00:00,3204,1083.488,0,
XAUUSD,H4,Research_2015_2024,2016-01-04 04:00:00,2015-12-21 16:00:00,2015-12-22 12:00:00,2015-12-24 16:00:00,1081.639,1080.691,1076.942,1071.321,24,ENTRY_C_A_AFTER_B,2016-01-06 08:00:00,3204,3167,1076.942,2015-12-24 16:00:00,13,2016-01-06 08:00:00,3204,1083.488,0,
XAUUSD,H4,Research_2015_2024,2016-06-02 08:00:00,2016-05-20 12:00:00,2016-05-23 00:00:00,2016-05-24 00:00:00,1260.199,1255.99,1252.14,1216.362,45,ENTRY_A_B_BREAK,2016-06-03 12:00:00,3862,3810,1220.36,2016-06-01 12:00:00,7,2016-06-03 12:00:00,3862,1220.36,0,
XAUUSD,H4,Research_2015_2024,2016-06-02 08:00:00,2016-05-20 12:00:00,2016-05-23 00:00:00,2016-05-24 00:00:00,1260.199,1255.99,1252.14,1216.362,45,ENTRY_C_A_AFTER_B,2016-06-08 04:00:00,3879,3810,1252.14,2016-05-24 00:00:00,7,2016-06-03 12:00:00,3862,1220.36,17,
XAUUSD,H4,Research_2015_2024,2016-07-27 12:00:00,2016-07-20 00:00:00,2016-07-21 16:00:00,2016-07-26 08:00:00,1338.349,1333.83,1324.488,1326.642,7,ENTRY_A_B_BREAK,2016-07-29 12:00:00,4110,4091,1345.528,2016-07-28 12:00:00,12,2016-07-29 12:00:00,4110,1345.528,0,
XAUUSD,H4,Research_2015_2024,2016-07-27 12:00:00,2016-07-20 00:00:00,2016-07-21 16:00:00,2016-07-26 08:00:00,1338.349,1333.83,1324.488,1326.642,7,ENTRY_B_B_SUPPORT_REACCEL,2016-08-02 04:00:00,4121,4091,1354.998,2016-07-29 16:00:00,12,2016-07-29 12:00:00,4110,1345.528,11,2016-07-29 16:00:00
XAUUSD,H4,Research_2015_2024,2016-07-27 12:00:00,2016-07-20 00:00:00,2016-07-21 16:00:00,2016-07-26 08:00:00,1338.349,1333.83,1324.488,1326.642,7,ENTRY_C_A_AFTER_B,2016-07-29 12:00:00,4110,4091,1324.488,2016-07-26 08:00:00,12,2016-07-29 12:00:00,4110,1345.528,0,
XAUUSD,H4,Research_2015_2024,2016-09-02 12:00:00,2016-08-18 00:00:00,2016-08-23 12:00:00,2016-08-24 08:00:00,1356.049,1344.63,1340.062,1318.689,44,ENTRY_A_B_BREAK,2016-09-06 08:00:00,4277,4221,1330.089,2016-09-02 12:00:00,12,2016-09-06 08:00:00,4277,1330.089,0,
XAUUSD,H4,Research_2015_2024,2016-09-02 12:00:00,2016-08-18 00:00:00,2016-08-23 12:00:00,2016-08-24 08:00:00,1356.049,1344.63,1340.062,1318.689,44,ENTRY_B_B_SUPPORT_REACCEL,2016-09-06 16:00:00,4279,4221,1342.069,2016-09-06 12:00:00,12,2016-09-06 08:00:00,4277,1330.089,2,2016-09-06 12:00:00
XAUUSD,H4,Research_2015_2024,2016-09-02 12:00:00,2016-08-18 00:00:00,2016-08-23 12:00:00,2016-08-24 08:00:00,1356.049,1344.63,1340.062,1318.689,44,ENTRY_C_A_AFTER_B,2016-09-06 16:00:00,4279,4221,1340.062,2016-08-24 08:00:00,12,2016-09-06 08:00:00,4277,1330.089,2,
XAUUSD,H4,Research_2015_2024,2016-12-29 16:00:00,2016-11-28 00:00:00,2016-11-30 00:00:00,2016-12-04 20:00:00,1197.559,1194.889,1188.062,1155.519,110,ENTRY_A_B_BREAK,2016-12-29 16:00:00,4780,4670,1141.169,2016-12-16 16:00:00,0,2016-12-29 16:00:00,4780,1141.169,0,
XAUUSD,H4,Research_2015_2024,2016-12-29 16:00:00,2016-11-28 00:00:00,2016-11-30 00:00:00,2016-12-04 20:00:00,1197.559,1194.889,1188.062,1155.519,110,ENTRY_C_A_AFTER_B,2017-01-10 12:00:00,4823,4670,1188.062,2016-12-04 20:00:00,0,2016-12-29 16:00:00,4780,1141.169,43,
XAUUSD,H4,Research_2015_2024,2017-03-05 20:00:00,2017-02-27 16:00:00,2017-02-28 16:00:00,2017-03-01 16:00:00,1263.831,1258.358,1250.599,1236.758,14,ENTRY_A_B_BREAK,2017-03-15 16:00:00,5109,5047,1211.129,2017-03-13 04:00:00,48,2017-03-15 16:00:00,5109,1211.129,0,
XAUUSD,H4,Research_2015_2024,2017-03-05 20:00:00,2017-02-27 16:00:00,2017-02-28 16:00:00,2017-03-01 16:00:00,1263.831,1258.358,1250.599,1236.758,14,ENTRY_C_A_AFTER_B,2017-03-26 20:00:00,5154,5047,1250.599,2017-03-01 16:00:00,48,2017-03-15 16:00:00,5109,1211.129,45,
XAUUSD,H4,Research_2015_2024,2017-04-02 20:00:00,2017-03-27 12:00:00,2017-03-28 12:00:00,2017-03-29 16:00:00,1261.012,1258.319,1254.609,1248.228,14,ENTRY_A_B_BREAK,2017-04-03 12:00:00,5189,5171,1250.542,2017-03-31 16:00:00,4,2017-04-03 12:00:00,5189,1250.542,0,
XAUUSD,H4,Research_2015_2024,2017-04-02 20:00:00,2017-03-27 12:00:00,2017-03-28 12:00:00,2017-03-29 16:00:00,1261.012,1258.319,1254.609,1248.228,14,ENTRY_B_B_SUPPORT_REACCEL,2017-04-03 20:00:00,5191,5171,1253.679,2017-04-03 16:00:00,4,2017-04-03 12:00:00,5189,1250.542,2,2017-04-03 16:00:00
XAUUSD,H4,Research_2015_2024,2017-04-02 20:00:00,2017-03-27 12:00:00,2017-03-28 12:00:00,2017-03-29 16:00:00,1261.012,1258.319,1254.609,1248.228,14,ENTRY_C_A_AFTER_B,2017-04-03 20:00:00,5191,5171,1254.609,2017-03-29 16:00:00,4,2017-04-03 12:00:00,5189,1250.542,2,
XAUUSD,H4,Research_2015_2024,2017-08-09 04:00:00,2017-08-01 12:00:00,2017-08-02 16:00:00,2017-08-03 16:00:00,1274.061,1272.812,1270.799,1268.001,22,ENTRY_A_B_BREAK,2017-08-18 04:00:00,5794,5729,1292.011,2017-08-11 12:00:00,43,2017-08-18 04:00:00,5794,1292.011,0,
XAUUSD,H4,Research_2015_2024,2017-08-09 04:00:00,2017-08-01 12:00:00,2017-08-02 16:00:00,2017-08-03 16:00:00,1274.061,1272.812,1270.799,1268.001,22,ENTRY_C_A_AFTER_B,2017-08-18 04:00:00,5794,5729,1270.799,2017-08-03 16:00:00,43,2017-08-18 04:00:00,5794,1292.011,0,
XAUUSD,H4,Research_2015_2024,2017-10-06 20:00:00,2017-09-29 12:00:00,2017-10-04 12:00:00,2017-10-05 08:00:00,1290.332,1282.172,1278.962,1276.262,9,ENTRY_A_B_BREAK,2017-10-10 00:00:00,6023,6006,1285.431,2017-10-09 04:00:00,8,2017-10-10 00:00:00,6023,1285.431,0,
XAUUSD,H4,Research_2015_2024,2017-10-06 20:00:00,2017-09-29 12:00:00,2017-10-04 12:00:00,2017-10-05 08:00:00,1290.332,1282.172,1278.962,1276.262,9,ENTRY_B_B_SUPPORT_REACCEL,2017-10-10 08:00:00,6025,6006,1288.729,2017-10-10 04:00:00,8,2017-10-10 00:00:00,6023,1285.431,2,2017-10-10 04:00:00
XAUUSD,H4,Research_2015_2024,2017-10-06 20:00:00,2017-09-29 12:00:00,2017-10-04 12:00:00,2017-10-05 08:00:00,1290.332,1282.172,1278.962,1276.262,9,ENTRY_C_A_AFTER_B,2017-10-10 00:00:00,6023,6006,1278.962,2017-10-05 08:00:00,8,2017-10-10 00:00:00,6023,1285.431,0,
XAUUSD,H4,Research_2015_2024,2017-12-18 12:00:00,2017-11-27 12:00:00,2017-11-28 12:00:00,2017-12-01 16:00:00,1299.168,1297.377,1289.209,1263.592,68,ENTRY_A_B_BREAK,2017-12-18 12:00:00,6329,6261,1259.022,2017-12-14 00:00:00,0,2017-12-18 12:00:00,6329,1259.022,0,
XAUUSD,H4,Research_2015_2024,2017-12-18 12:00:00,2017-11-27 12:00:00,2017-11-28 12:00:00,2017-12-01 16:00:00,1299.168,1297.377,1289.209,1263.592,68,ENTRY_B_B_SUPPORT_REACCEL,2017-12-19 04:00:00,6333,6261,1262.242,2017-12-19 00:00:00,0,2017-12-18 12:00:00,6329,1259.022,4,2017-12-19 00:00:00
XAUUSD,H4,Research_2015_2024,2017-12-18 12:00:00,2017-11-27 12:00:00,2017-11-28 12:00:00,2017-12-01 16:00:00,1299.168,1297.377,1289.209,1263.592,68,ENTRY_C_A_AFTER_B,2017-12-28 00:00:00,6369,6261,1289.209,2017-12-01 16:00:00,0,2017-12-18 12:00:00,6329,1259.022,40,
XAUUSD,H4,Research_2015_2024,2018-06-29 08:00:00,2018-06-25 00:00:00,2018-06-27 08:00:00,2018-06-28 12:00:00,1272.551,1260.048,1254.238,1251.258,5,ENTRY_A_B_BREAK,2018-07-09 08:00:00,7209,7166,1261.051,2018-07-04 04:00:00,38,2018-07-09 08:00:00,7209,1261.051,0,
XAUUSD,H4,Research_2015_2024,2018-06-29 08:00:00,2018-06-25 00:00:00,2018-06-27 08:00:00,2018-06-28 12:00:00,1272.551,1260.048,1254.238,1251.258,5,ENTRY_C_A_AFTER_B,2018-07-09 08:00:00,7209,7166,1254.238,2018-06-28 12:00:00,38,2018-07-09 08:00:00,7209,1261.051,0,
XAUUSD,H4,Research_2015_2024,2018-07-13 20:00:00,2018-07-09 08:00:00,2018-07-10 20:00:00,2018-07-12 12:00:00,1265.868,1256.849,1248.528,1241.439,8,ENTRY_A_B_BREAK,2018-07-20 16:00:00,7266,7228,1228.998,2018-07-19 16:00:00,30,2018-07-20 16:00:00,7266,1228.998,0,
XAUUSD,H4,Research_2015_2024,2018-07-13 20:00:00,2018-07-09 08:00:00,2018-07-10 20:00:00,2018-07-12 12:00:00,1265.868,1256.849,1248.528,1241.439,8,ENTRY_B_B_SUPPORT_REACCEL,2018-07-22 20:00:00,7268,7228,1231.758,2018-07-20 20:00:00,30,2018-07-20 16:00:00,7266,1228.998,2,2018-07-20 20:00:00
XAUUSD,H4,Research_2015_2024,2018-08-08 04:00:00,2018-07-31 16:00:00,2018-08-03 12:00:00,2018-08-07 08:00:00,1228.519,1219.978,1216.109,1214.588,5,ENTRY_A_B_BREAK,2018-08-17 16:00:00,7390,7339,1181.992,2018-08-16 08:00:00,46,2018-08-17 16:00:00,7390,1181.992,0,
XAUUSD,H4,Research_2015_2024,2018-08-08 04:00:00,2018-07-31 16:00:00,2018-08-03 12:00:00,2018-08-07 08:00:00,1228.519,1219.978,1216.109,1214.588,5,ENTRY_B_B_SUPPORT_REACCEL,2018-08-20 00:00:00,7393,7339,1185.002,2018-08-17 20:00:00,46,2018-08-17 16:00:00,7390,1181.992,3,2018-08-17 20:00:00
XAUUSD,H4,Research_2015_2024,2018-10-02 12:00:00,2018-09-24 12:00:00,2018-09-25 12:00:00,2018-09-26 04:00:00,1204.138,1203.269,1202.428,1204.729,27,ENTRY_A_B_BREAK,2018-10-02 12:00:00,7588,7561,1193.841,2018-09-28 16:00:00,0,2018-10-02 12:00:00,7588,1193.841,0,
XAUUSD,H4,Research_2015_2024,2018-10-02 12:00:00,2018-09-24 12:00:00,2018-09-25 12:00:00,2018-09-26 04:00:00,1204.138,1203.269,1202.428,1204.729,27,ENTRY_C_A_AFTER_B,2018-10-02 12:00:00,7588,7561,1202.428,2018-09-26 04:00:00,0,2018-10-02 12:00:00,7588,1193.841,0,
XAUUSD,H4,Research_2015_2024,2018-10-02 04:00:00,2018-09-26 04:00:00,2018-09-28 16:00:00,2018-10-01 12:00:00,1202.428,1193.841,1192.038,1193.068,4,ENTRY_A_B_BREAK,2018-10-10 16:00:00,7626,7582,1191.838,2018-10-09 04:00:00,40,2018-10-10 16:00:00,7626,1191.838,0,
XAUUSD,H4,Research_2015_2024,2018-10-02 04:00:00,2018-09-26 04:00:00,2018-09-28 16:00:00,2018-10-01 12:00:00,1202.428,1193.841,1192.038,1193.068,4,ENTRY_B_B_SUPPORT_REACCEL,2018-10-11 04:00:00,7629,7582,1195.081,2018-10-10 20:00:00,40,2018-10-10 16:00:00,7626,1191.838,3,2018-10-10 20:00:00
XAUUSD,H4,Research_2015_2024,2018-10-02 04:00:00,2018-09-26 04:00:00,2018-09-28 16:00:00,2018-10-01 12:00:00,1202.428,1193.841,1192.038,1193.068,4,ENTRY_C_A_AFTER_B,2018-10-10 16:00:00,7626,7582,1192.038,2018-10-01 12:00:00,40,2018-10-10 16:00:00,7626,1191.838,0,
XAUUSD,H4,Research_2015_2024,2018-11-06 08:00:00,2018-10-26 12:00:00,2018-11-01 16:00:00,2018-11-02 12:00:00,1243.378,1237.328,1236.348,1235.728,12,ENTRY_A_B_BREAK,2018-11-14 16:00:00,7781,7730,1204.505,2018-11-14 00:00:00,39,2018-11-14 16:00:00,7781,1204.505,0,
XAUUSD,H4,Research_2015_2024,2018-12-17 16:00:00,2018-12-09 20:00:00,2018-12-11 08:00:00,2018-12-12 16:00:00,1250.828,1249.425,1247.178,1245.575,19,ENTRY_A_B_BREAK,2018-12-19 00:00:00,7931,7904,1250.348,2018-12-18 08:00:00,8,2018-12-19 00:00:00,7931,1250.348,0,
XAUUSD,H4,Research_2015_2024,2018-12-17 16:00:00,2018-12-09 20:00:00,2018-12-11 08:00:00,2018-12-12 16:00:00,1250.828,1249.425,1247.178,1245.575,19,ENTRY_C_A_AFTER_B,2018-12-19 00:00:00,7931,7904,1247.178,2018-12-12 16:00:00,8,2018-12-19 00:00:00,7931,1250.348,0,
XAUUSD,H4,Research_2015_2024,2019-02-07 20:00:00,2019-01-31 12:00:00,2019-02-01 12:00:00,2019-02-05 12:00:00,1326.248,1323.465,1316.825,1310.365,14,ENTRY_A_B_BREAK,2019-02-08 08:00:00,8147,8130,1311.878,2019-02-07 12:00:00,3,2019-02-08 08:00:00,8147,1311.878,0,
XAUUSD,H4,Research_2015_2024,2019-02-07 20:00:00,2019-01-31 12:00:00,2019-02-01 12:00:00,2019-02-05 12:00:00,1326.248,1323.465,1316.825,1310.365,14,ENTRY_C_A_AFTER_B,2019-02-15 08:00:00,8178,8130,1316.825,2019-02-05 12:00:00,3,2019-02-08 08:00:00,8147,1311.878,31,
XAUUSD,H4,Research_2015_2024,2019-02-08 08:00:00,2019-02-01 12:00:00,2019-02-05 12:00:00,2019-02-07 12:00:00,1323.465,1316.825,1311.878,1312.168,5,ENTRY_A_B_BREAK,2019-02-19 08:00:00,8191,8142,1327.545,2019-02-18 12:00:00,44,2019-02-19 08:00:00,8191,1327.545,0,
XAUUSD,H4,Research_2015_2024,2019-02-08 08:00:00,2019-02-01 12:00:00,2019-02-05 12:00:00,2019-02-07 12:00:00,1323.465,1316.825,1311.878,1312.168,5,ENTRY_B_B_SUPPORT_REACCEL,2019-02-19 16:00:00,8193,8142,1339.328,2019-02-19 12:00:00,44,2019-02-19 08:00:00,8191,1327.545,2,2019-02-19 12:00:00
XAUUSD,H4,Research_2015_2024,2019-02-08 08:00:00,2019-02-01 12:00:00,2019-02-05 12:00:00,2019-02-07 12:00:00,1323.465,1316.825,1311.878,1312.168,5,ENTRY_C_A_AFTER_B,2019-02-19 08:00:00,8191,8142,1311.878,2019-02-07 12:00:00,44,2019-02-19 08:00:00,8191,1327.545,0,
XAUUSD,H4,Research_2015_2024,2019-03-13 16:00:00,2019-02-25 12:00:00,2019-02-27 00:00:00,2019-02-28 08:00:00,1332.485,1329.808,1327.228,1310.628,58,ENTRY_A_B_BREAK,2019-03-13 16:00:00,8292,8234,1288.975,2019-03-07 12:00:00,0,2019-03-13 16:00:00,8292,1288.975,0,
XAUUSD,H4,Research_2015_2024,2019-04-04 16:00:00,2019-03-29 12:00:00,2019-04-01 12:00:00,2019-04-03 08:00:00,1299.745,1296.955,1294.488,1293.058,8,ENTRY_A_B_BREAK,2019-04-08 00:00:00,8400,8383,1294.338,2019-04-04 16:00:00,9,2019-04-08 00:00:00,8400,1294.338,0,
XAUUSD,H4,Research_2015_2024,2019-04-04 16:00:00,2019-03-29 12:00:00,2019-04-01 12:00:00,2019-04-03 08:00:00,1299.745,1296.955,1294.488,1293.058,8,ENTRY_C_A_AFTER_B,2019-04-08 00:00:00,8400,8383,1294.488,2019-04-03 08:00:00,9,2019-04-08 00:00:00,8400,1294.338,0,
XAUUSD,H4,Research_2015_2024,2019-05-24 20:00:00,2019-05-14 00:00:00,2019-05-15 12:00:00,2019-05-16 04:00:00,1303.245,1300.848,1298.688,1284.615,41,ENTRY_A_B_BREAK,2019-05-24 20:00:00,8609,8568,1277.268,2019-05-22 12:00:00,0,2019-05-24 20:00:00,8609,1277.268,0,
XAUUSD,H4,Research_2015_2024,2019-05-24 20:00:00,2019-05-14 00:00:00,2019-05-15 12:00:00,2019-05-16 04:00:00,1303.245,1300.848,1298.688,1284.615,41,ENTRY_B_B_SUPPORT_REACCEL,2019-05-29 04:00:00,8621,8568,1282.808,2019-05-28 12:00:00,0,2019-05-24 20:00:00,8609,1277.268,12,2019-05-28 12:00:00
XAUUSD,H4,Research_2015_2024,2019-05-24 20:00:00,2019-05-14 00:00:00,2019-05-15 12:00:00,2019-05-16 04:00:00,1303.245,1300.848,1298.688,1284.615,41,ENTRY_C_A_AFTER_B,2019-05-31 12:00:00,8635,8568,1298.688,2019-05-16 04:00:00,0,2019-05-24 20:00:00,8609,1277.268,26,
XAUUSD,H4,Research_2015_2024,2019-07-17 12:00:00,2019-07-11 00:00:00,2019-07-14 20:00:00,2019-07-15 20:00:00,1427.078,1419.698,1418.158,1423.598,10,ENTRY_A_B_BREAK,2019-07-18 16:00:00,8847,8830,1430.085,2019-07-17 20:00:00,7,2019-07-18 16:00:00,8847,1430.085,0,
XAUUSD,H4,Research_2015_2024,2019-07-17 12:00:00,2019-07-11 00:00:00,2019-07-14 20:00:00,2019-07-15 20:00:00,1427.078,1419.698,1418.158,1423.598,10,ENTRY_C_A_AFTER_B,2019-07-18 16:00:00,8847,8830,1418.158,2019-07-15 20:00:00,7,2019-07-18 16:00:00,8847,1430.085,0,
XAUUSD,H4,Research_2015_2024,2019-09-11 08:00:00,2019-09-06 12:00:00,2019-09-09 12:00:00,2019-09-10 12:00:00,1527.798,1515.415,1500.948,1491.065,5,ENTRY_A_B_BREAK,2019-09-20 16:00:00,9131,9081,1504.468,2019-09-19 12:00:00,45,2019-09-20 16:00:00,9131,1504.468,0,
XAUUSD,H4,Research_2015_2024,2019-09-11 08:00:00,2019-09-06 12:00:00,2019-09-09 12:00:00,2019-09-10 12:00:00,1527.798,1515.415,1500.948,1491.065,5,ENTRY_B_B_SUPPORT_REACCEL,2019-09-26 00:00:00,9152,9081,1507.098,2019-09-25 20:00:00,45,2019-09-20 16:00:00,9131,1504.468,21,2019-09-25 20:00:00
XAUUSD,H4,Research_2015_2024,2019-09-11 08:00:00,2019-09-06 12:00:00,2019-09-09 12:00:00,2019-09-10 12:00:00,1527.798,1515.415,1500.948,1491.065,5,ENTRY_C_A_AFTER_B,2019-09-20 16:00:00,9131,9081,1500.948,2019-09-10 12:00:00,45,2019-09-20 16:00:00,9131,1504.468,0,
XAUUSD,H4,Research_2015_2024,2020-04-03 08:00:00,2020-03-26 16:00:00,2020-03-29 20:00:00,2020-04-02 16:00:00,1645.052,1639.458,1619.94,1619.178,4,ENTRY_A_B_BREAK,2020-04-06 04:00:00,9987,9977,1625.498,2020-04-03 16:00:00,6,2020-04-06 04:00:00,9987,1625.498,0,
XAUUSD,H4,Research_2015_2024,2020-04-03 08:00:00,2020-03-26 16:00:00,2020-03-29 20:00:00,2020-04-02 16:00:00,1645.052,1639.458,1619.94,1619.178,4,ENTRY_B_B_SUPPORT_REACCEL,2020-04-06 12:00:00,9989,9977,1643.075,2020-04-06 08:00:00,6,2020-04-06 04:00:00,9987,1625.498,2,2020-04-06 08:00:00
XAUUSD,H4,Research_2015_2024,2020-04-03 08:00:00,2020-03-26 16:00:00,2020-03-29 20:00:00,2020-04-02 16:00:00,1645.052,1639.458,1619.94,1619.178,4,ENTRY_C_A_AFTER_B,2020-04-06 04:00:00,9987,9977,1619.94,2020-04-02 16:00:00,6,2020-04-06 04:00:00,9987,1625.498,0,
XAUUSD,H4,Research_2015_2024,2020-05-05 16:00:00,2020-04-23 12:00:00,2020-04-24 08:00:00,2020-04-30 04:00:00,1738.558,1736.208,1721.598,1710.201,22,ENTRY_A_B_BREAK,2020-05-05 16:00:00,10114,10092,1705.068,2020-05-01 16:00:00,0,2020-05-05 16:00:00,10114,1705.068,0,
XAUUSD,H4,Research_2015_2024,2020-05-05 16:00:00,2020-04-23 12:00:00,2020-04-24 08:00:00,2020-04-30 04:00:00,1738.558,1736.208,1721.598,1710.201,22,ENTRY_C_A_AFTER_B,2020-05-14 12:00:00,10156,10092,1721.598,2020-04-30 04:00:00,0,2020-05-05 16:00:00,10114,1705.068,42,
XAUUSD,H4,Research_2015_2024,2020-07-13 08:00:00,2020-07-08 12:00:00,2020-07-09 08:00:00,2020-07-10 12:00:00,1817.848,1815.855,1810.496,1808.978,6,ENTRY_A_B_BREAK,2020-07-20 08:00:00,10446,10409,1814.916,2020-07-15 08:00:00,31,2020-07-20 08:00:00,10446,1814.916,0,
XAUUSD,H4,Research_2015_2024,2020-07-13 08:00:00,2020-07-08 12:00:00,2020-07-09 08:00:00,2020-07-10 12:00:00,1817.848,1815.855,1810.496,1808.978,6,ENTRY_B_B_SUPPORT_REACCEL,2020-07-21 00:00:00,10450,10409,1818.758,2020-07-20 16:00:00,31,2020-07-20 08:00:00,10446,1814.916,4,2020-07-20 16:00:00
XAUUSD,H4,Research_2015_2024,2020-07-13 08:00:00,2020-07-08 12:00:00,2020-07-09 08:00:00,2020-07-10 12:00:00,1817.848,1815.855,1810.496,1808.978,6,ENTRY_C_A_AFTER_B,2020-07-20 08:00:00,10446,10409,1810.496,2020-07-10 12:00:00,31,2020-07-20 08:00:00,10446,1814.916,0,
XAUUSD,H4,Research_2015_2024,2020-09-08 04:00:00,2020-09-01 04:00:00,2020-09-04 12:00:00,2020-09-07 00:00:00,1992.298,1947.655,1941.268,1931.308,7,ENTRY_A_B_BREAK,2020-09-09 12:00:00,10676,10661,1940.748,2020-09-08 16:00:00,8,2020-09-09 12:00:00,10676,1940.748,0,
XAUUSD,H4,Research_2015_2024,2020-09-08 04:00:00,2020-09-01 04:00:00,2020-09-04 12:00:00,2020-09-07 00:00:00,1992.298,1947.655,1941.268,1931.308,7,ENTRY_B_B_SUPPORT_REACCEL,2020-09-10 12:00:00,10682,10661,1952.526,2020-09-09 16:00:00,8,2020-09-09 12:00:00,10676,1940.748,6,2020-09-09 16:00:00
XAUUSD,H4,Research_2015_2024,2020-09-08 04:00:00,2020-09-01 04:00:00,2020-09-04 12:00:00,2020-09-07 00:00:00,1992.298,1947.655,1941.268,1931.308,7,ENTRY_C_A_AFTER_B,2020-09-09 12:00:00,10676,10661,1941.268,2020-09-07 00:00:00,8,2020-09-09 12:00:00,10676,1940.748,0,
XAUUSD,H4,Research_2015_2024,2020-11-20 12:00:00,2020-11-16 00:00:00,2020-11-17 12:00:00,2020-11-18 12:00:00,1898.928,1893.325,1884.718,1874.325,12,ENTRY_A_B_BREAK,2020-12-02 08:00:00,11046,10986,1817.178,2020-12-01 16:00:00,48,2020-12-02 08:00:00,11046,1817.178,0,
XAUUSD,H4,Research_2015_2024,2020-11-20 12:00:00,2020-11-16 00:00:00,2020-11-17 12:00:00,2020-11-18 12:00:00,1898.928,1893.325,1884.718,1874.325,12,ENTRY_B_B_SUPPORT_REACCEL,2020-12-02 16:00:00,11048,10986,1826.868,2020-12-02 12:00:00,48,2020-12-02 08:00:00,11046,1817.178,2,2020-12-02 12:00:00
XAUUSD,H4,Research_2015_2024,2021-02-11 04:00:00,2021-01-29 12:00:00,2021-02-01 08:00:00,2021-02-09 08:00:00,1875.522,1871.636,1848.47,1843.005,11,ENTRY_A_B_BREAK,2021-02-22 04:00:00,11388,11333,1791.405,2021-02-19 12:00:00,44,2021-02-22 04:00:00,11388,1791.405,0,
XAUUSD,H4,Research_2015_2024,2021-02-11 04:00:00,2021-01-29 12:00:00,2021-02-01 08:00:00,2021-02-09 08:00:00,1875.522,1871.636,1848.47,1843.005,11,ENTRY_B_B_SUPPORT_REACCEL,2021-02-22 12:00:00,11390,11333,1799.135,2021-02-22 08:00:00,44,2021-02-22 04:00:00,11388,1791.405,2,2021-02-22 08:00:00
XAUUSD,H4,Research_2015_2024,2021-03-07 20:00:00,2021-03-01 04:00:00,2021-03-02 20:00:00,2021-03-04 12:00:00,1759.715,1740.446,1723.104,1707.685,9,ENTRY_A_B_BREAK,2021-03-10 16:00:00,11465,11439,1720.469,2021-03-09 12:00:00,17,2021-03-10 16:00:00,11465,1720.469,0,
XAUUSD,H4,Research_2015_2024,2021-03-07 20:00:00,2021-03-01 04:00:00,2021-03-02 20:00:00,2021-03-04 12:00:00,1759.715,1740.446,1723.104,1707.685,9,ENTRY_B_B_SUPPORT_REACCEL,2021-03-11 00:00:00,11467,11439,1727.065,2021-03-10 20:00:00,17,2021-03-10 16:00:00,11465,1720.469,2,2021-03-10 20:00:00
XAUUSD,H4,Research_2015_2024,2021-03-07 20:00:00,2021-03-01 04:00:00,2021-03-02 20:00:00,2021-03-04 12:00:00,1759.715,1740.446,1723.104,1707.685,9,ENTRY_C_A_AFTER_B,2021-03-10 16:00:00,11465,11439,1723.104,2021-03-04 12:00:00,17,2021-03-10 16:00:00,11465,1720.469,0,
XAUUSD,H4,Research_2015_2024,2021-08-04 04:00:00,2021-07-29 16:00:00,2021-08-02 16:00:00,2021-08-03 12:00:00,1832.59,1819.418,1814.908,1814.408,4,ENTRY_A_B_BREAK,2021-08-11 12:00:00,12140,12103,1738.158,2021-08-10 04:00:00,33,2021-08-11 12:00:00,12140,1738.158,0,
XAUUSD,H4,Research_2015_2024,2021-08-04 04:00:00,2021-07-29 16:00:00,2021-08-02 16:00:00,2021-08-03 12:00:00,1832.59,1819.418,1814.908,1814.408,4,ENTRY_B_B_SUPPORT_REACCEL,2021-08-12 16:00:00,12147,12103,1752.208,2021-08-12 12:00:00,33,2021-08-11 12:00:00,12140,1738.158,7,2021-08-12 12:00:00
XAUUSD,H4,Research_2015_2024,2021-09-26 20:00:00,2021-09-22 16:00:00,2021-09-23 08:00:00,2021-09-24 08:00:00,1787.188,1776.459,1757.557,1749.448,4,ENTRY_A_B_BREAK,2021-10-04 12:00:00,12376,12337,1764.086,2021-09-30 12:00:00,35,2021-10-04 12:00:00,12376,1764.086,0,
XAUUSD,H4,Research_2015_2024,2021-09-26 20:00:00,2021-09-22 16:00:00,2021-09-23 08:00:00,2021-09-24 08:00:00,1787.188,1776.459,1757.557,1749.448,4,ENTRY_C_A_AFTER_B,2021-10-04 12:00:00,12376,12337,1757.557,2021-09-24 08:00:00,35,2021-10-04 12:00:00,12376,1764.086,0,
XAUUSD,H4,Research_2015_2024,2021-12-16 12:00:00,2021-11-16 12:00:00,2021-11-18 00:00:00,2021-11-19 12:00:00,1877.118,1870.814,1865.668,1797.238,117,ENTRY_A_B_BREAK,2021-12-28 08:00:00,12746,12586,1814.148,2021-12-17 12:00:00,43,2021-12-28 08:00:00,12746,1814.148,0,
XAUUSD,H4,Research_2015_2024,2022-07-21 12:00:00,2022-07-18 08:00:00,2022-07-19 08:00:00,2022-07-20 12:00:00,1723.798,1718.321,1714.411,1713.136,6,ENTRY_A_B_BREAK,2022-07-28 04:00:00,13677,13642,1739.253,2022-07-22 12:00:00,29,2022-07-28 04:00:00,13677,1739.253,0,
XAUUSD,H4,Research_2015_2024,2022-07-21 12:00:00,2022-07-18 08:00:00,2022-07-19 08:00:00,2022-07-20 12:00:00,1723.798,1718.321,1714.411,1713.136,6,ENTRY_B_B_SUPPORT_REACCEL,2022-07-28 12:00:00,13679,13642,1748.448,2022-07-28 08:00:00,29,2022-07-28 04:00:00,13677,1739.253,2,2022-07-28 08:00:00
XAUUSD,H4,Research_2015_2024,2022-07-21 12:00:00,2022-07-18 08:00:00,2022-07-19 08:00:00,2022-07-20 12:00:00,1723.798,1718.321,1714.411,1713.136,6,ENTRY_C_A_AFTER_B,2022-07-28 04:00:00,13677,13642,1714.411,2022-07-20 12:00:00,29,2022-07-28 04:00:00,13677,1739.253,0,
XAUUSD,H4,Research_2015_2024,2022-08-23 12:00:00,2022-08-12 20:00:00,2022-08-17 04:00:00,2022-08-18 08:00:00,1802.548,1782.194,1772.294,1749.644,20,ENTRY_A_B_BREAK,2022-08-25 00:00:00,13800,13771,1753.974,2022-08-23 12:00:00,9,2022-08-25 00:00:00,13800,1753.974,0,
XAUUSD,H4,Research_2015_2024,2022-11-02 08:00:00,2022-10-26 08:00:00,2022-10-28 00:00:00,2022-11-01 12:00:00,1674.678,1666.858,1656.878,1655.028,5,ENTRY_A_B_BREAK,2022-11-08 12:00:00,14132,14101,1681.718,2022-11-04 16:00:00,26,2022-11-08 12:00:00,14132,1681.718,0,
XAUUSD,H4,Research_2015_2024,2022-11-02 08:00:00,2022-10-26 08:00:00,2022-10-28 00:00:00,2022-11-01 12:00:00,1674.678,1666.858,1656.878,1655.028,5,ENTRY_C_A_AFTER_B,2022-11-08 12:00:00,14132,14101,1656.878,2022-11-01 12:00:00,26,2022-11-08 12:00:00,14132,1681.718,0,
XAUUSD,H4,Research_2015_2024,2022-11-23 04:00:00,2022-11-16 08:00:00,2022-11-18 08:00:00,2022-11-22 08:00:00,1784.928,1767.578,1749.598,1744.098,5,ENTRY_A_B_BREAK,2022-11-30 08:00:00,14229,14193,1760.958,2022-11-25 04:00:00,31,2022-11-30 08:00:00,14229,1760.958,0,
XAUUSD,H4,Research_2015_2024,2022-11-23 04:00:00,2022-11-16 08:00:00,2022-11-18 08:00:00,2022-11-22 08:00:00,1784.928,1767.578,1749.598,1744.098,5,ENTRY_C_A_AFTER_B,2022-11-30 08:00:00,14229,14193,1749.598,2022-11-22 08:00:00,31,2022-11-30 08:00:00,14229,1760.958,0,
XAUUSD,H4,Research_2015_2024,2023-05-01 08:00:00,2023-04-26 12:00:00,2023-04-27 12:00:00,2023-04-28 12:00:00,2009.204,2003.258,1994.915,1988.885,6,ENTRY_A_B_BREAK,2023-05-02 12:00:00,14888,14875,2005.848,2023-05-01 12:00:00,7,2023-05-02 12:00:00,14888,2005.848,0,
XAUUSD,H4,Research_2015_2024,2023-05-01 08:00:00,2023-04-26 12:00:00,2023-04-27 12:00:00,2023-04-28 12:00:00,2009.204,2003.258,1994.915,1988.885,6,ENTRY_B_B_SUPPORT_REACCEL,2023-05-03 16:00:00,14895,14875,2026.755,2023-05-03 12:00:00,7,2023-05-02 12:00:00,14888,2005.848,7,2023-05-03 12:00:00
XAUUSD,H4,Research_2015_2024,2023-05-01 08:00:00,2023-04-26 12:00:00,2023-04-27 12:00:00,2023-04-28 12:00:00,2009.204,2003.258,1994.915,1988.885,6,ENTRY_C_A_AFTER_B,2023-05-02 12:00:00,14888,14875,1994.915,2023-04-28 12:00:00,7,2023-05-02 12:00:00,14888,2005.848,0,
XAUUSD,H4,Research_2015_2024,2023-07-03 12:00:00,2023-06-23 12:00:00,2023-06-26 08:00:00,2023-06-27 12:00:00,1937.238,1933.245,1930.585,1926.458,25,ENTRY_A_B_BREAK,2023-07-03 12:00:00,15161,15136,1922.628,2023-06-30 16:00:00,0,2023-07-03 12:00:00,15161,1922.628,0,
XAUUSD,H4,Research_2015_2024,2023-07-03 12:00:00,2023-06-23 12:00:00,2023-06-26 08:00:00,2023-06-27 12:00:00,1937.238,1933.245,1930.585,1926.458,25,ENTRY_B_B_SUPPORT_REACCEL,2023-07-04 04:00:00,15165,15136,1923.435,2023-07-04 00:00:00,0,2023-07-03 12:00:00,15161,1922.628,4,2023-07-04 00:00:00
XAUUSD,H4,Research_2015_2024,2023-07-03 12:00:00,2023-06-23 12:00:00,2023-06-26 08:00:00,2023-06-27 12:00:00,1937.238,1933.245,1930.585,1926.458,25,ENTRY_C_A_AFTER_B,2023-07-11 04:00:00,15196,15136,1930.585,2023-06-27 12:00:00,0,2023-07-03 12:00:00,15161,1922.628,35,
XAUUSD,H4,Research_2015_2024,2023-08-21 16:00:00,2023-08-11 12:00:00,2023-08-14 08:00:00,2023-08-15 12:00:00,1920.815,1916.135,1911.525,1894.158,26,ENTRY_A_B_BREAK,2023-08-22 04:00:00,15382,15353,1898.665,2023-08-21 12:00:00,3,2023-08-22 04:00:00,15382,1898.665,0,
XAUUSD,H4,Research_2015_2024,2023-08-21 16:00:00,2023-08-11 12:00:00,2023-08-14 08:00:00,2023-08-15 12:00:00,1920.815,1916.135,1911.525,1894.158,26,ENTRY_B_B_SUPPORT_REACCEL,2023-08-23 12:00:00,15390,15353,1905.358,2023-08-22 08:00:00,3,2023-08-22 04:00:00,15382,1898.665,8,2023-08-22 08:00:00
XAUUSD,H4,Research_2015_2024,2023-08-21 16:00:00,2023-08-11 12:00:00,2023-08-14 08:00:00,2023-08-15 12:00:00,1920.815,1916.135,1911.525,1894.158,26,ENTRY_C_A_AFTER_B,2023-08-23 12:00:00,15390,15353,1911.525,2023-08-15 12:00:00,3,2023-08-22 04:00:00,15382,1898.665,8,
XAUUSD,H4,Research_2015_2024,2023-09-07 20:00:00,2023-09-01 12:00:00,2023-09-04 04:00:00,2023-09-05 04:00:00,1952.905,1946.185,1938.905,1920.128,16,ENTRY_A_B_BREAK,2023-09-18 16:00:00,15503,15444,1930.308,2023-09-15 12:00:00,43,2023-09-18 16:00:00,15503,1930.308,0,
XAUUSD,H4,Research_2015_2024,2023-09-07 20:00:00,2023-09-01 12:00:00,2023-09-04 04:00:00,2023-09-05 04:00:00,1952.905,1946.185,1938.905,1920.128,16,ENTRY_B_B_SUPPORT_REACCEL,2023-09-19 08:00:00,15507,15444,1934.715,2023-09-19 00:00:00,43,2023-09-18 16:00:00,15503,1930.308,4,2023-09-19 00:00:00
XAUUSD,H4,Research_2015_2024,2023-09-07 20:00:00,2023-09-01 12:00:00,2023-09-04 04:00:00,2023-09-05 04:00:00,1952.905,1946.185,1938.905,1920.128,16,ENTRY_C_A_AFTER_B,2023-09-20 12:00:00,15514,15444,1938.905,2023-09-05 04:00:00,43,2023-09-18 16:00:00,15503,1930.308,11,
XAUUSD,H4,Research_2015_2024,2024-01-23 04:00:00,2024-01-12 12:00:00,2024-01-15 08:00:00,2024-01-19 12:00:00,2062.145,2058.505,2039.278,2031.565,11,ENTRY_A_B_BREAK,2024-01-30 04:00:00,16082,16040,2037.465,2024-01-29 12:00:00,31,2024-01-30 04:00:00,16082,2037.465,0,
XAUUSD,H4,Research_2015_2024,2024-01-23 04:00:00,2024-01-12 12:00:00,2024-01-15 08:00:00,2024-01-19 12:00:00,2062.145,2058.505,2039.278,2031.565,11,ENTRY_C_A_AFTER_B,2024-01-31 12:00:00,16090,16040,2039.278,2024-01-19 12:00:00,31,2024-01-30 04:00:00,16082,2037.465,8,
XAUUSD,H4,Research_2015_2024,2024-02-07 08:00:00,2024-02-01 16:00:00,2024-02-02 12:00:00,2024-02-06 16:00:00,2065.348,2057.545,2038.785,2034.035,4,ENTRY_A_B_BREAK,2024-02-15 08:00:00,16157,16116,1996.025,2024-02-14 16:00:00,37,2024-02-15 08:00:00,16157,1996.025,0,
XAUUSD,H4,Research_2015_2024,2024-02-07 08:00:00,2024-02-01 16:00:00,2024-02-02 12:00:00,2024-02-06 16:00:00,2065.348,2057.545,2038.785,2034.035,4,ENTRY_B_B_SUPPORT_REACCEL,2024-02-16 16:00:00,16165,16116,2010.915,2024-02-15 12:00:00,37,2024-02-15 08:00:00,16157,1996.025,8,2024-02-15 12:00:00
XAUUSD,H4,Research_2015_2024,2024-03-20 16:00:00,2024-03-08 16:00:00,2024-03-13 16:00:00,2024-03-15 08:00:00,2195.085,2179.745,2172.615,2182.675,21,ENTRY_A_B_BREAK,2024-03-20 16:00:00,16308,16287,2163.455,2024-03-18 12:00:00,0,2024-03-20 16:00:00,16308,2163.455,0,
XAUUSD,H4,Research_2015_2024,2024-03-20 16:00:00,2024-03-08 16:00:00,2024-03-13 16:00:00,2024-03-15 08:00:00,2195.085,2179.745,2172.615,2182.675,21,ENTRY_C_A_AFTER_B,2024-03-20 16:00:00,16308,16287,2172.615,2024-03-15 08:00:00,0,2024-03-20 16:00:00,16308,2163.455,0,
XAUUSD,H4,Research_2015_2024,2024-03-19 16:00:00,2024-03-13 16:00:00,2024-03-15 08:00:00,2024-03-18 12:00:00,2179.745,2172.615,2163.455,2157.675,7,ENTRY_A_B_BREAK,2024-03-28 20:00:00,16346,16295,2222.875,2024-03-20 20:00:00,44,2024-03-28 20:00:00,16346,2222.875,0,
XAUUSD,H4,Research_2015_2024,2024-03-19 16:00:00,2024-03-13 16:00:00,2024-03-15 08:00:00,2024-03-18 12:00:00,2179.745,2172.615,2163.455,2157.675,7,ENTRY_C_A_AFTER_B,2024-03-28 20:00:00,16346,16295,2163.455,2024-03-18 12:00:00,44,2024-03-28 20:00:00,16346,2222.875,0,
XAUUSD,H4,Research_2015_2024,2024-04-25 04:00:00,2024-04-19 00:00:00,2024-04-19 16:00:00,2024-04-24 12:00:00,2417.745,2401.845,2337.128,2325.555,4,ENTRY_A_B_BREAK,2024-04-26 04:00:00,16466,16456,2344.708,2024-04-25 12:00:00,6,2024-04-26 04:00:00,16466,2344.708,0,
XAUUSD,H4,Research_2015_2024,2024-04-25 04:00:00,2024-04-19 00:00:00,2024-04-19 16:00:00,2024-04-24 12:00:00,2417.745,2401.845,2337.128,2325.555,4,ENTRY_C_A_AFTER_B,2024-04-26 04:00:00,16466,16456,2337.128,2024-04-24 12:00:00,6,2024-04-26 04:00:00,16466,2344.708,0,
XAUUSD,H4,Research_2015_2024,2024-10-01 12:00:00,2024-09-26 08:00:00,2024-09-27 12:00:00,2024-09-30 00:00:00,2685.405,2674.134,2665.858,2663.315,9,ENTRY_A_B_BREAK,2024-10-10 16:00:00,17206,17153,2624.165,2024-10-09 04:00:00,44,2024-10-10 16:00:00,17206,2624.165,0,
XAUUSD,H4,Research_2015_2024,2024-10-01 12:00:00,2024-09-26 08:00:00,2024-09-27 12:00:00,2024-09-30 00:00:00,2685.405,2674.134,2665.858,2663.315,9,ENTRY_B_B_SUPPORT_REACCEL,2024-10-11 00:00:00,17208,17153,2635.855,2024-10-10 20:00:00,44,2024-10-10 16:00:00,17206,2624.165,2,2024-10-10 20:00:00
XAUUSD,H4,Research_2015_2024,2024-10-01 12:00:00,2024-09-26 08:00:00,2024-09-27 12:00:00,2024-09-30 00:00:00,2685.405,2674.134,2665.858,2663.315,9,ENTRY_C_A_AFTER_B,2024-10-16 00:00:00,17227,17153,2665.858,2024-09-30 00:00:00,44,2024-10-10 16:00:00,17206,2624.165,21,
XAUUSD,H4,OOS_2025_2026,2025-01-20 20:00:00,2025-01-16 16:00:00,2025-01-17 16:00:00,2025-01-20 04:00:00,2724.565,2717.185,2713.655,2710.205,4,ENTRY_A_B_BREAK,2025-01-30 04:00:00,17683,17634,2765.985,2025-01-29 00:00:00,45,2025-01-30 04:00:00,17683,2765.985,0,
XAUUSD,H4,OOS_2025_2026,2025-01-20 20:00:00,2025-01-16 16:00:00,2025-01-17 16:00:00,2025-01-20 04:00:00,2724.565,2717.185,2713.655,2710.205,4,ENTRY_B_B_SUPPORT_REACCEL,2025-01-30 12:00:00,17685,17634,2779.415,2025-01-30 08:00:00,45,2025-01-30 04:00:00,17683,2765.985,2,2025-01-30 08:00:00
XAUUSD,H4,OOS_2025_2026,2025-01-20 20:00:00,2025-01-16 16:00:00,2025-01-17 16:00:00,2025-01-20 04:00:00,2724.565,2717.185,2713.655,2710.205,4,ENTRY_C_A_AFTER_B,2025-01-30 04:00:00,17683,17634,2713.655,2025-01-20 04:00:00,45,2025-01-30 04:00:00,17683,2765.985,0,
XAUUSD,H4,OOS_2025_2026,2025-03-25 20:00:00,2025-03-20 04:00:00,2025-03-21 00:00:00,2025-03-24 08:00:00,3057.245,3047.265,3033.135,3020.775,9,ENTRY_A_B_BREAK,2025-03-27 08:00:00,17932,17914,3035.905,2025-03-25 12:00:00,9,2025-03-27 08:00:00,17932,3035.905,0,
XAUUSD,H4,OOS_2025_2026,2025-03-25 20:00:00,2025-03-20 04:00:00,2025-03-21 00:00:00,2025-03-24 08:00:00,3057.245,3047.265,3033.135,3020.775,9,ENTRY_B_B_SUPPORT_REACCEL,2025-03-28 00:00:00,17936,17914,3059.518,2025-03-27 12:00:00,9,2025-03-27 08:00:00,17932,3035.905,4,2025-03-27 12:00:00
XAUUSD,H4,OOS_2025_2026,2025-03-25 20:00:00,2025-03-20 04:00:00,2025-03-21 00:00:00,2025-03-24 08:00:00,3057.245,3047.265,3033.135,3020.775,9,ENTRY_C_A_AFTER_B,2025-03-27 08:00:00,17932,17914,3033.135,2025-03-24 08:00:00,9,2025-03-27 08:00:00,17932,3035.905,0,
XAUUSD,H4,OOS_2025_2026,2025-05-13 20:00:00,2025-05-08 00:00:00,2025-05-09 16:00:00,2025-05-13 04:00:00,3414.705,3347.365,3265.405,3253.925,4,ENTRY_A_B_BREAK,2025-05-20 12:00:00,18163,18130,3251.805,2025-05-15 20:00:00,29,2025-05-20 12:00:00,18163,3251.805,0,
XAUUSD,H4,OOS_2025_2026,2025-05-13 20:00:00,2025-05-08 00:00:00,2025-05-09 16:00:00,2025-05-13 04:00:00,3414.705,3347.365,3265.405,3253.925,4,ENTRY_C_A_AFTER_B,2025-05-20 12:00:00,18163,18130,3265.405,2025-05-13 04:00:00,29,2025-05-20 12:00:00,18163,3251.805,0,
XAUUSD,H4,OOS_2025_2026,2025-05-29 12:00:00,2025-05-23 16:00:00,2025-05-27 00:00:00,2025-05-28 08:00:00,3365.798,3349.748,3325.318,3321.485,7,ENTRY_A_B_BREAK,2025-06-02 04:00:00,18217,18199,3330.775,2025-05-29 16:00:00,11,2025-06-02 04:00:00,18217,3330.775,0,
XAUUSD,H4,OOS_2025_2026,2025-05-29 12:00:00,2025-05-23 16:00:00,2025-05-27 00:00:00,2025-05-28 08:00:00,3365.798,3349.748,3325.318,3321.485,7,ENTRY_B_B_SUPPORT_REACCEL,2025-06-05 08:00:00,18236,18199,3384.495,2025-06-03 12:00:00,11,2025-06-02 04:00:00,18217,3330.775,19,2025-06-03 12:00:00
XAUUSD,H4,OOS_2025_2026,2025-05-29 12:00:00,2025-05-23 16:00:00,2025-05-27 00:00:00,2025-05-28 08:00:00,3365.798,3349.748,3325.318,3321.485,7,ENTRY_C_A_AFTER_B,2025-06-02 04:00:00,18217,18199,3325.318,2025-05-28 08:00:00,11,2025-06-02 04:00:00,18217,3330.775,0,
XAUUSD,H4,OOS_2025_2026,2026-02-18 12:00:00,2026-02-11 12:00:00,2026-02-12 12:00:00,2026-02-15 20:00:00,5118.815,5083.475,5051.678,4997.625,16,ENTRY_A_B_BREAK,2026-02-20 12:00:00,18592,18564,5022.015,2026-02-19 08:00:00,12,2026-02-20 12:00:00,18592,5022.015,0,
XAUUSD,H4,OOS_2025_2026,2026-02-18 12:00:00,2026-02-11 12:00:00,2026-02-12 12:00:00,2026-02-15 20:00:00,5118.815,5083.475,5051.678,4997.625,16,ENTRY_B_B_SUPPORT_REACCEL,2026-02-20 20:00:00,18594,18564,5079.675,2026-02-20 16:00:00,12,2026-02-20 12:00:00,18592,5022.015,2,2026-02-20 16:00:00
XAUUSD,H4,OOS_2025_2026,2026-02-18 12:00:00,2026-02-11 12:00:00,2026-02-12 12:00:00,2026-02-15 20:00:00,5118.815,5083.475,5051.678,4997.625,16,ENTRY_C_A_AFTER_B,2026-02-20 16:00:00,18593,18564,5051.678,2026-02-15 20:00:00,12,2026-02-20 12:00:00,18592,5022.015,1,
XAUUSD,H4,OOS_2025_2026,2026-02-27 12:00:00,2026-02-23 20:00:00,2026-02-25 16:00:00,2026-02-26 20:00:00,5249.575,5217.385,5200.865,5239.215,4,ENTRY_A_B_BREAK,2026-03-10 12:00:00,18667,18619,5205.995,2026-03-04 12:00:00,44,2026-03-10 12:00:00,18667,5205.995,0,
XAUUSD,H4,OOS_2025_2026,2026-02-27 12:00:00,2026-02-23 20:00:00,2026-02-25 16:00:00,2026-02-26 20:00:00,5249.575,5217.385,5200.865,5239.215,4,ENTRY_C_A_AFTER_B,2026-03-10 12:00:00,18667,18619,5200.865,2026-02-26 20:00:00,44,2026-03-10 12:00:00,18667,5205.995,0,
XAUUSD,H4,OOS_2025_2026,2026-03-24 08:00:00,2026-03-18 04:00:00,2026-03-20 00:00:00,2026-03-23 12:00:00,5016.065,4735.835,4512.665,4407.345,5,ENTRY_A_B_BREAK,2026-03-31 12:00:00,18760,18723,4602.125,2026-03-25 00:00:00,32,2026-03-31 12:00:00,18760,4602.125,0,
XAUUSD,H4,OOS_2025_2026,2026-03-24 08:00:00,2026-03-18 04:00:00,2026-03-20 00:00:00,2026-03-23 12:00:00,5016.065,4735.835,4512.665,4407.345,5,ENTRY_B_B_SUPPORT_REACCEL,2026-03-31 20:00:00,18762,18723,4685.325,2026-03-31 16:00:00,32,2026-03-31 12:00:00,18760,4602.125,2,2026-03-31 16:00:00
XAUUSD,H4,OOS_2025_2026,2026-03-24 08:00:00,2026-03-18 04:00:00,2026-03-20 00:00:00,2026-03-23 12:00:00,5016.065,4735.835,4512.665,4407.345,5,ENTRY_C_A_AFTER_B,2026-03-31 12:00:00,18760,18723,4512.665,2026-03-23 12:00:00,32,2026-03-31 12:00:00,18760,4602.125,0,
USDJPY,H1,Research_2015_2024,2014-01-09 09:00:00,2014-01-08 07:00:00,2014-01-08 19:00:00,2014-01-09 02:00:00,105.125,105.05,104.983,104.985,7,ENTRY_A_B_BREAK,2014-01-14 09:00:00,204,125,103.525,2014-01-14 03:00:00,72,2014-01-14 09:00:00,204,103.525,0,
USDJPY,H1,Research_2015_2024,2014-01-09 09:00:00,2014-01-08 07:00:00,2014-01-08 19:00:00,2014-01-09 02:00:00,105.125,105.05,104.983,104.985,7,ENTRY_B_B_SUPPORT_REACCEL,2014-01-14 16:00:00,211,125,103.77,2014-01-14 10:00:00,72,2014-01-14 09:00:00,204,103.525,7,2014-01-14 10:00:00
USDJPY,H1,Research_2015_2024,2014-01-22 20:00:00,2014-01-21 08:00:00,2014-01-22 05:00:00,2014-01-22 14:00:00,104.747,104.569,104.511,104.495,6,ENTRY_A_B_BREAK,2014-01-28 09:00:00,444,353,102.929,2014-01-27 12:00:00,85,2014-01-28 09:00:00,444,102.929,0,
USDJPY,H1,Research_2015_2024,2014-02-27 22:00:00,2014-02-26 17:00:00,2014-02-27 03:00:00,2014-02-27 16:00:00,102.611,102.443,102.214,102.173,6,ENTRY_A_B_BREAK,2014-03-04 01:00:00,1036,979,101.571,2014-03-03 15:00:00,51,2014-03-04 01:00:00,1036,101.571,0,
USDJPY,H1,Research_2015_2024,2014-02-27 22:00:00,2014-02-26 17:00:00,2014-02-27 03:00:00,2014-02-27 16:00:00,102.611,102.443,102.214,102.173,6,ENTRY_B_B_SUPPORT_REACCEL,2014-03-04 06:00:00,1041,979,101.733,2014-03-04 02:00:00,51,2014-03-04 01:00:00,1036,101.571,5,2014-03-04 02:00:00
USDJPY,H1,Research_2015_2024,2014-02-27 22:00:00,2014-02-26 17:00:00,2014-02-27 03:00:00,2014-02-27 16:00:00,102.611,102.443,102.214,102.173,6,ENTRY_C_A_AFTER_B,2014-03-04 19:00:00,1054,979,102.214,2014-02-27 16:00:00,51,2014-03-04 01:00:00,1036,101.571,18,
USDJPY,H1,Research_2015_2024,2014-03-12 23:00:00,2014-03-11 02:00:00,2014-03-12 02:00:00,2014-03-12 15:00:00,103.427,103.1,102.864,102.822,8,ENTRY_A_B_BREAK,2014-03-17 23:00:00,1275,1195,101.87,2014-03-17 13:00:00,72,2014-03-17 23:00:00,1275,101.87,0,
USDJPY,H1,Research_2015_2024,2014-05-09 08:00:00,2014-05-07 14:00:00,2014-05-08 00:00:00,2014-05-08 14:00:00,102.006,101.955,101.859,101.761,18,ENTRY_A_B_BREAK,2014-05-09 08:00:00,2196,2178,101.756,2014-05-09 02:00:00,0,2014-05-09 08:00:00,2196,101.756,0,
USDJPY,H1,Research_2015_2024,2014-05-09 08:00:00,2014-05-07 14:00:00,2014-05-08 00:00:00,2014-05-08 14:00:00,102.006,101.955,101.859,101.761,18,ENTRY_C_A_AFTER_B,2014-05-11 23:00:00,2211,2178,101.859,2014-05-08 14:00:00,0,2014-05-09 08:00:00,2196,101.756,15,
USDJPY,H1,Research_2015_2024,2014-06-17 12:00:00,2014-06-08 23:00:00,2014-06-09 14:00:00,2014-06-09 22:00:00,102.649,102.593,102.572,102.139,134,ENTRY_A_B_BREAK,2014-06-17 12:00:00,2848,2714,102.09,2014-06-13 06:00:00,0,2014-06-17 12:00:00,2848,102.09,0,
USDJPY,H1,Research_2015_2024,2014-06-17 12:00:00,2014-06-08 23:00:00,2014-06-09 14:00:00,2014-06-09 22:00:00,102.649,102.593,102.572,102.139,134,ENTRY_B_B_SUPPORT_REACCEL,2014-06-18 04:00:00,2864,2714,102.241,2014-06-17 13:00:00,0,2014-06-17 12:00:00,2848,102.09,16,2014-06-17 13:00:00
USDJPY,H1,Research_2015_2024,2014-06-26 07:00:00,2014-06-24 15:00:00,2014-06-25 10:00:00,2014-06-25 20:00:00,102.167,101.953,101.873,101.786,11,ENTRY_A_B_BREAK,2014-07-01 00:00:00,3076,3000,101.449,2014-06-30 07:00:00,65,2014-07-01 00:00:00,3076,101.449,0,
USDJPY,H1,Research_2015_2024,2014-06-26 07:00:00,2014-06-24 15:00:00,2014-06-25 10:00:00,2014-06-25 20:00:00,102.167,101.953,101.873,101.786,11,ENTRY_B_B_SUPPORT_REACCEL,2014-07-01 09:00:00,3085,3000,101.542,2014-07-01 02:00:00,65,2014-07-01 00:00:00,3076,101.449,9,2014-07-01 02:00:00
USDJPY,H1,Research_2015_2024,2014-06-26 07:00:00,2014-06-24 15:00:00,2014-06-25 10:00:00,2014-06-25 20:00:00,102.167,101.953,101.873,101.786,11,ENTRY_C_A_AFTER_B,2014-07-03 01:00:00,3125,3000,101.873,2014-06-25 20:00:00,65,2014-07-01 00:00:00,3076,101.449,49,
USDJPY,H1,Research_2015_2024,2014-07-18 16:00:00,2014-07-16 12:00:00,2014-07-17 14:00:00,2014-07-18 07:00:00,101.792,101.578,101.448,101.394,9,ENTRY_A_B_BREAK,2014-07-21 19:00:00,3431,3395,101.38,2014-07-21 11:00:00,27,2014-07-21 19:00:00,3431,101.38,0,
USDJPY,H1,Research_2015_2024,2014-07-18 16:00:00,2014-07-16 12:00:00,2014-07-17 14:00:00,2014-07-18 07:00:00,101.792,101.578,101.448,101.394,9,ENTRY_B_B_SUPPORT_REACCEL,2014-07-21 21:00:00,3433,3395,101.396,2014-07-21 20:00:00,27,2014-07-21 19:00:00,3431,101.38,2,2014-07-21 20:00:00
USDJPY,H1,Research_2015_2024,2014-07-18 16:00:00,2014-07-16 12:00:00,2014-07-17 14:00:00,2014-07-18 07:00:00,101.792,101.578,101.448,101.394,9,ENTRY_C_A_AFTER_B,2014-07-22 00:00:00,3436,3395,101.448,2014-07-18 07:00:00,27,2014-07-21 19:00:00,3431,101.38,5,
USDJPY,H1,Research_2015_2024,2014-08-08 19:00:00,2014-08-05 14:00:00,2014-08-07 05:00:00,2014-08-07 14:00:00,102.925,102.459,102.382,102.076,29,ENTRY_A_B_BREAK,2014-08-08 19:00:00,3767,3738,102.069,2014-08-08 12:00:00,0,2014-08-08 19:00:00,3767,102.069,0,
USDJPY,H1,Research_2015_2024,2014-08-08 19:00:00,2014-08-05 14:00:00,2014-08-07 05:00:00,2014-08-07 14:00:00,102.925,102.459,102.382,102.076,29,ENTRY_C_A_AFTER_B,2014-08-13 07:00:00,3827,3738,102.382,2014-08-07 14:00:00,0,2014-08-08 19:00:00,3767,102.069,60,
USDJPY,H1,Research_2015_2024,2014-10-14 22:00:00,2014-10-13 08:00:00,2014-10-13 16:00:00,2014-10-14 07:00:00,107.573,107.502,107.311,107.249,15,ENTRY_A_B_BREAK,2014-10-14 22:00:00,4898,4883,107.192,2014-10-14 15:00:00,0,2014-10-14 22:00:00,4898,107.192,0,
USDJPY,H1,Research_2015_2024,2014-10-14 22:00:00,2014-10-13 08:00:00,2014-10-13 16:00:00,2014-10-14 07:00:00,107.573,107.502,107.311,107.249,15,ENTRY_C_A_AFTER_B,2014-10-14 23:00:00,4899,4883,107.311,2014-10-14 07:00:00,0,2014-10-14 22:00:00,4898,107.192,1,
USDJPY,H1,Research_2015_2024,2014-11-13 03:00:00,2014-11-11 09:00:00,2014-11-11 22:00:00,2014-11-12 19:00:00,116.102,116.011,115.738,115.71,8,ENTRY_A_B_BREAK,2014-11-16 23:00:00,5450,5398,116.825,2014-11-14 13:00:00,44,2014-11-16 23:00:00,5450,116.825,0,
USDJPY,H1,Research_2015_2024,2014-11-13 03:00:00,2014-11-11 09:00:00,2014-11-11 22:00:00,2014-11-12 19:00:00,116.102,116.011,115.738,115.71,8,ENTRY_C_A_AFTER_B,2014-11-16 23:00:00,5450,5398,115.738,2014-11-12 19:00:00,44,2014-11-16 23:00:00,5450,116.825,0,
USDJPY,H1,Research_2015_2024,2014-11-26 18:00:00,2014-11-24 23:00:00,2014-11-25 13:00:00,2014-11-26 08:00:00,118.572,118.29,117.901,117.787,10,ENTRY_A_B_BREAK,2014-11-28 00:00:00,5667,5627,117.882,2014-11-27 16:00:00,30,2014-11-28 00:00:00,5667,117.882,0,
USDJPY,H1,Research_2015_2024,2014-11-26 18:00:00,2014-11-24 23:00:00,2014-11-25 13:00:00,2014-11-26 08:00:00,118.572,118.29,117.901,117.787,10,ENTRY_B_B_SUPPORT_REACCEL,2014-12-01 15:00:00,5706,5627,118.291,2014-12-01 14:00:00,30,2014-11-28 00:00:00,5667,117.882,39,2014-12-01 14:00:00
USDJPY,H1,Research_2015_2024,2014-11-26 18:00:00,2014-11-24 23:00:00,2014-11-25 13:00:00,2014-11-26 08:00:00,118.572,118.29,117.901,117.787,10,ENTRY_C_A_AFTER_B,2014-11-28 00:00:00,5667,5627,117.901,2014-11-26 08:00:00,30,2014-11-28 00:00:00,5667,117.882,0,
USDJPY,H1,Research_2015_2024,2015-01-20 17:00:00,2015-01-08 07:00:00,2015-01-08 23:00:00,2015-01-09 13:00:00,119.963,119.875,119.769,118.699,172,ENTRY_A_B_BREAK,2015-01-20 17:00:00,6514,6342,116.834,2015-01-16 06:00:00,0,2015-01-20 17:00:00,6514,116.834,0,
USDJPY,H1,Research_2015_2024,2015-02-05 09:00:00,2015-02-04 02:00:00,2015-02-04 16:00:00,2015-02-05 03:00:00,117.998,117.667,117.437,117.33,6,ENTRY_A_B_BREAK,2015-02-10 13:00:00,6870,6788,119.221,2015-02-06 18:00:00,76,2015-02-10 13:00:00,6870,119.221,0,
USDJPY,H1,Research_2015_2024,2015-02-05 09:00:00,2015-02-04 02:00:00,2015-02-04 16:00:00,2015-02-05 03:00:00,117.998,117.667,117.437,117.33,6,ENTRY_B_B_SUPPORT_REACCEL,2015-02-11 10:00:00,6891,6788,119.802,2015-02-10 15:00:00,76,2015-02-10 13:00:00,6870,119.221,21,2015-02-10 15:00:00
USDJPY,H1,Research_2015_2024,2015-02-05 09:00:00,2015-02-04 02:00:00,2015-02-04 16:00:00,2015-02-05 03:00:00,117.998,117.667,117.437,117.33,6,ENTRY_C_A_AFTER_B,2015-02-10 13:00:00,6870,6788,117.437,2015-02-05 03:00:00,76,2015-02-10 13:00:00,6870,119.221,0,
USDJPY,H1,Research_2015_2024,2015-02-20 18:00:00,2015-02-18 12:00:00,2015-02-19 13:00:00,2015-02-20 00:00:00,119.415,119.178,119.091,119.019,18,ENTRY_A_B_BREAK,2015-02-23 07:00:00,7080,7049,119.188,2015-02-20 20:00:00,13,2015-02-23 07:00:00,7080,119.188,0,
USDJPY,H1,Research_2015_2024,2015-02-20 18:00:00,2015-02-18 12:00:00,2015-02-19 13:00:00,2015-02-20 00:00:00,119.415,119.178,119.091,119.019,18,ENTRY_C_A_AFTER_B,2015-02-23 07:00:00,7080,7049,119.091,2015-02-20 00:00:00,13,2015-02-23 07:00:00,7080,119.188,0,
USDJPY,H1,Research_2015_2024,2015-03-18 05:00:00,2015-03-17 00:00:00,2015-03-17 08:00:00,2015-03-17 18:00:00,121.519,121.488,121.402,121.381,11,ENTRY_A_B_BREAK,2015-03-20 09:00:00,7539,7476,121.033,2015-03-19 18:00:00,52,2015-03-20 09:00:00,7539,121.033,0,
USDJPY,H1,Research_2015_2024,2015-03-27 07:00:00,2015-03-25 00:00:00,2015-03-25 18:00:00,2015-03-26 18:00:00,119.825,119.655,119.431,119.435,13,ENTRY_A_B_BREAK,2015-03-30 06:00:00,7680,7644,119.329,2015-03-29 23:00:00,23,2015-03-30 06:00:00,7680,119.329,0,
USDJPY,H1,Research_2015_2024,2015-03-27 07:00:00,2015-03-25 00:00:00,2015-03-25 18:00:00,2015-03-26 18:00:00,119.825,119.655,119.431,119.435,13,ENTRY_B_B_SUPPORT_REACCEL,2015-03-30 11:00:00,7685,7644,119.809,2015-03-30 07:00:00,23,2015-03-30 06:00:00,7680,119.329,5,2015-03-30 07:00:00
USDJPY,H1,Research_2015_2024,2015-03-27 07:00:00,2015-03-25 00:00:00,2015-03-25 18:00:00,2015-03-26 18:00:00,119.825,119.655,119.431,119.435,13,ENTRY_C_A_AFTER_B,2015-03-30 07:00:00,7681,7644,119.431,2015-03-26 18:00:00,23,2015-03-30 06:00:00,7680,119.329,1,
USDJPY,H1,Research_2015_2024,2015-04-20 10:00:00,2015-04-15 04:00:00,2015-04-16 07:00:00,2015-04-16 14:00:00,119.744,119.471,119.433,119.068,44,ENTRY_A_B_BREAK,2015-04-21 01:00:00,8059,8000,119.434,2015-04-20 17:00:00,15,2015-04-21 01:00:00,8059,119.434,0,
USDJPY,H1,Research_2015_2024,2015-04-20 10:00:00,2015-04-15 04:00:00,2015-04-16 07:00:00,2015-04-16 14:00:00,119.744,119.471,119.433,119.068,44,ENTRY_B_B_SUPPORT_REACCEL,2015-04-21 07:00:00,8065,8000,119.537,2015-04-21 05:00:00,15,2015-04-21 01:00:00,8059,119.434,6,2015-04-21 05:00:00
USDJPY,H1,Research_2015_2024,2015-04-20 10:00:00,2015-04-15 04:00:00,2015-04-16 07:00:00,2015-04-16 14:00:00,119.744,119.471,119.433,119.068,44,ENTRY_C_A_AFTER_B,2015-04-21 01:00:00,8059,8000,119.433,2015-04-16 14:00:00,15,2015-04-21 01:00:00,8059,119.434,0,
USDJPY,H1,Research_2015_2024,2015-05-13 05:00:00,2015-05-12 05:00:00,2015-05-12 13:00:00,2015-05-12 21:00:00,120.276,120.154,120.018,119.92,8,ENTRY_A_B_BREAK,2015-05-15 00:00:00,8490,8439,119.291,2015-05-14 09:00:00,43,2015-05-15 00:00:00,8490,119.291,0,
USDJPY,H1,Research_2015_2024,2015-05-13 05:00:00,2015-05-12 05:00:00,2015-05-12 13:00:00,2015-05-12 21:00:00,120.276,120.154,120.018,119.92,8,ENTRY_B_B_SUPPORT_REACCEL,2015-05-15 05:00:00,8495,8439,119.395,2015-05-15 03:00:00,43,2015-05-15 00:00:00,8490,119.291,5,2015-05-15 03:00:00
USDJPY,H1,Research_2015_2024,2015-05-13 05:00:00,2015-05-12 05:00:00,2015-05-12 13:00:00,2015-05-12 21:00:00,120.276,120.154,120.018,119.92,8,ENTRY_C_A_AFTER_B,2015-05-19 09:00:00,8547,8439,120.018,2015-05-12 21:00:00,43,2015-05-15 00:00:00,8490,119.291,57,
USDJPY,H1,Research_2015_2024,2015-05-22 12:00:00,2015-05-20 18:00:00,2015-05-21 14:00:00,2015-05-22 00:00:00,121.478,121.258,121.096,121.481,12,ENTRY_A_B_BREAK,2015-05-26 04:00:00,8662,8610,121.776,2015-05-25 00:00:00,40,2015-05-26 04:00:00,8662,121.776,0,
USDJPY,H1,Research_2015_2024,2015-05-22 12:00:00,2015-05-20 18:00:00,2015-05-21 14:00:00,2015-05-22 00:00:00,121.478,121.258,121.096,121.481,12,ENTRY_C_A_AFTER_B,2015-05-26 04:00:00,8662,8610,121.096,2015-05-22 00:00:00,40,2015-05-26 04:00:00,8662,121.776,0,
USDJPY,H1,Research_2015_2024,2015-06-16 01:00:00,2015-06-05 13:00:00,2015-06-07 22:00:00,2015-06-08 06:00:00,125.853,125.678,125.594,123.541,139,ENTRY_A_B_BREAK,2015-06-16 01:00:00,9019,8880,123.344,2015-06-10 10:00:00,0,2015-06-16 01:00:00,9019,123.344,0,
USDJPY,H1,Research_2015_2024,2015-06-16 01:00:00,2015-06-05 13:00:00,2015-06-07 22:00:00,2015-06-08 06:00:00,125.853,125.678,125.594,123.541,139,ENTRY_B_B_SUPPORT_REACCEL,2015-06-17 05:00:00,9047,8880,123.489,2015-06-16 12:00:00,0,2015-06-16 01:00:00,9019,123.344,28,2015-06-16 12:00:00
USDJPY,H1,Research_2015_2024,2015-07-27 23:00:00,2015-07-24 11:00:00,2015-07-26 22:00:00,2015-07-27 09:00:00,124.095,123.837,123.566,123.276,14,ENTRY_A_B_BREAK,2015-07-29 15:00:00,9777,9723,123.792,2015-07-28 12:00:00,40,2015-07-29 15:00:00,9777,123.792,0,
USDJPY,H1,Research_2015_2024,2015-07-27 23:00:00,2015-07-24 11:00:00,2015-07-26 22:00:00,2015-07-27 09:00:00,124.095,123.837,123.566,123.276,14,ENTRY_C_A_AFTER_B,2015-07-29 15:00:00,9777,9723,123.566,2015-07-27 09:00:00,40,2015-07-29 15:00:00,9777,123.792,0,
USDJPY,H1,Research_2015_2024,2015-09-24 18:00:00,2015-09-23 15:00:00,2015-09-24 00:00:00,2015-09-24 09:00:00,120.543,120.39,120.17,120.044,9,ENTRY_A_B_BREAK,2015-09-25 06:00:00,10776,10755,120.381,2015-09-25 00:00:00,12,2015-09-25 06:00:00,10776,120.381,0,
USDJPY,H1,Research_2015_2024,2015-09-24 18:00:00,2015-09-23 15:00:00,2015-09-24 00:00:00,2015-09-24 09:00:00,120.543,120.39,120.17,120.044,9,ENTRY_B_B_SUPPORT_REACCEL,2015-09-25 08:00:00,10778,10755,120.771,2015-09-25 07:00:00,12,2015-09-25 06:00:00,10776,120.381,2,2015-09-25 07:00:00
USDJPY,H1,Research_2015_2024,2015-09-24 18:00:00,2015-09-23 15:00:00,2015-09-24 00:00:00,2015-09-24 09:00:00,120.543,120.39,120.17,120.044,9,ENTRY_C_A_AFTER_B,2015-09-25 06:00:00,10776,10755,120.17,2015-09-24 09:00:00,12,2015-09-25 06:00:00,10776,120.381,0,
USDJPY,H1,Research_2015_2024,2015-09-29 07:00:00,2015-09-25 12:00:00,2015-09-28 07:00:00,2015-09-28 19:00:00,121.235,120.445,120.028,119.848,12,ENTRY_A_B_BREAK,2015-09-30 08:00:00,10850,10813,120.046,2015-09-29 08:00:00,25,2015-09-30 08:00:00,10850,120.046,0,
USDJPY,H1,Research_2015_2024,2015-09-29 07:00:00,2015-09-25 12:00:00,2015-09-28 07:00:00,2015-09-28 19:00:00,121.235,120.445,120.028,119.848,12,ENTRY_C_A_AFTER_B,2015-09-30 08:00:00,10850,10813,120.028,2015-09-28 19:00:00,25,2015-09-30 08:00:00,10850,120.046,0,
USDJPY,H1,Research_2015_2024,2015-10-08 00:00:00,2015-10-06 13:00:00,2015-10-07 00:00:00,2015-10-07 11:00:00,120.494,120.358,120.176,120.012,13,ENTRY_A_B_BREAK,2015-10-09 05:00:00,11015,10973,120.025,2015-10-08 18:00:00,29,2015-10-09 05:00:00,11015,120.025,0,
USDJPY,H1,Research_2015_2024,2015-10-08 00:00:00,2015-10-06 13:00:00,2015-10-07 00:00:00,2015-10-07 11:00:00,120.494,120.358,120.176,120.012,13,ENTRY_B_B_SUPPORT_REACCEL,2015-10-09 10:00:00,11020,10973,120.221,2015-10-09 06:00:00,29,2015-10-09 05:00:00,11015,120.025,5,2015-10-09 06:00:00
USDJPY,H1,Research_2015_2024,2015-10-08 00:00:00,2015-10-06 13:00:00,2015-10-07 00:00:00,2015-10-07 11:00:00,120.494,120.358,120.176,120.012,13,ENTRY_C_A_AFTER_B,2015-10-09 08:00:00,11018,10973,120.176,2015-10-07 11:00:00,29,2015-10-09 05:00:00,11015,120.025,3,
USDJPY,H1,Research_2015_2024,2015-10-16 15:00:00,2015-10-09 12:00:00,2015-10-12 23:00:00,2015-10-13 14:00:00,120.346,120.078,119.901,119.592,73,ENTRY_A_B_BREAK,2015-10-16 15:00:00,11145,11072,118.776,2015-10-15 12:00:00,0,2015-10-16 15:00:00,11145,118.776,0,
USDJPY,H1,Research_2015_2024,2015-10-16 15:00:00,2015-10-09 12:00:00,2015-10-12 23:00:00,2015-10-13 14:00:00,120.346,120.078,119.901,119.592,73,ENTRY_C_A_AFTER_B,2015-10-20 14:00:00,11192,11072,119.901,2015-10-13 14:00:00,0,2015-10-16 15:00:00,11145,118.776,47,
USDJPY,H1,Research_2015_2024,2015-10-20 01:00:00,2015-10-16 15:00:00,2015-10-19 02:00:00,2015-10-19 15:00:00,119.661,119.61,119.563,119.535,10,ENTRY_A_B_BREAK,2015-10-21 05:00:00,11207,11169,119.961,2015-10-20 15:00:00,28,2015-10-21 05:00:00,11207,119.961,0,
USDJPY,H1,Research_2015_2024,2015-10-20 01:00:00,2015-10-16 15:00:00,2015-10-19 02:00:00,2015-10-19 15:00:00,119.661,119.61,119.563,119.535,10,ENTRY_C_A_AFTER_B,2015-10-21 05:00:00,11207,11169,119.563,2015-10-19 15:00:00,28,2015-10-21 05:00:00,11207,119.961,0,
USDJPY,H1,Research_2015_2024,2015-10-28 06:00:00,2015-10-25 21:00:00,2015-10-26 20:00:00,2015-10-28 00:00:00,121.501,121.097,120.547,120.445,6,ENTRY_A_B_BREAK,2015-10-28 15:00:00,11337,11322,120.465,2015-10-28 07:00:00,9,2015-10-28 15:00:00,11337,120.465,0,
USDJPY,H1,Research_2015_2024,2015-10-28 06:00:00,2015-10-25 21:00:00,2015-10-26 20:00:00,2015-10-28 00:00:00,121.501,121.097,120.547,120.445,6,ENTRY_B_B_SUPPORT_REACCEL,2015-10-28 18:00:00,11340,11322,120.594,2015-10-28 16:00:00,9,2015-10-28 15:00:00,11337,120.465,3,2015-10-28 16:00:00
USDJPY,H1,Research_2015_2024,2015-10-28 06:00:00,2015-10-25 21:00:00,2015-10-26 20:00:00,2015-10-28 00:00:00,121.501,121.097,120.547,120.445,6,ENTRY_C_A_AFTER_B,2015-10-28 15:00:00,11337,11322,120.547,2015-10-28 00:00:00,9,2015-10-28 15:00:00,11337,120.465,0,
USDJPY,H1,Research_2015_2024,2015-11-12 09:00:00,2015-11-10 14:00:00,2015-11-11 09:00:00,2015-11-12 01:00:00,123.437,123.206,123.036,123.027,8,ENTRY_A_B_BREAK,2015-11-13 08:00:00,11617,11586,122.772,2015-11-13 01:00:00,23,2015-11-13 08:00:00,11617,122.772,0,
USDJPY,H1,Research_2015_2024,2015-11-12 09:00:00,2015-11-10 14:00:00,2015-11-11 09:00:00,2015-11-12 01:00:00,123.437,123.206,123.036,123.027,8,ENTRY_C_A_AFTER_B,2015-11-16 11:00:00,11644,11586,123.036,2015-11-12 01:00:00,23,2015-11-13 08:00:00,11617,122.772,27,
USDJPY,H1,Research_2015_2024,2015-12-02 06:00:00,2015-11-30 16:00:00,2015-12-01 00:00:00,2015-12-01 13:00:00,123.34,123.275,123.197,123.117,17,ENTRY_A_B_BREAK,2015-12-04 10:00:00,11979,11910,122.849,2015-12-04 01:00:00,52,2015-12-04 10:00:00,11979,122.849,0,
USDJPY,H1,Research_2015_2024,2015-12-02 06:00:00,2015-11-30 16:00:00,2015-12-01 00:00:00,2015-12-01 13:00:00,123.34,123.275,123.197,123.117,17,ENTRY_B_B_SUPPORT_REACCEL,2015-12-04 12:00:00,11981,11910,122.885,2015-12-04 11:00:00,52,2015-12-04 10:00:00,11979,122.849,2,2015-12-04 11:00:00
USDJPY,H1,Research_2015_2024,2015-12-02 06:00:00,2015-11-30 16:00:00,2015-12-01 00:00:00,2015-12-01 13:00:00,123.34,123.275,123.197,123.117,17,ENTRY_C_A_AFTER_B,2015-12-04 19:00:00,11988,11910,123.197,2015-12-01 13:00:00,52,2015-12-04 10:00:00,11979,122.849,9,
USDJPY,H1,Research_2015_2024,2015-12-15 14:00:00,2015-12-07 23:00:00,2015-12-08 11:00:00,2015-12-08 19:00:00,123.391,123.189,123.087,121.42,115,ENTRY_A_B_BREAK,2015-12-15 14:00:00,12151,12036,121.181,2015-12-15 01:00:00,0,2015-12-15 14:00:00,12151,121.181,0,
USDJPY,H1,Research_2015_2024,2015-12-23 02:00:00,2015-12-18 14:00:00,2015-12-21 09:00:00,2015-12-22 01:00:00,121.752,121.504,121.31,121.009,25,ENTRY_A_B_BREAK,2015-12-28 00:00:00,12339,12258,120.428,2015-12-24 21:00:00,56,2015-12-28 00:00:00,12339,120.428,0,
USDJPY,H1,Research_2015_2024,2015-12-23 02:00:00,2015-12-18 14:00:00,2015-12-21 09:00:00,2015-12-22 01:00:00,121.752,121.504,121.31,121.009,25,ENTRY_B_B_SUPPORT_REACCEL,2015-12-28 07:00:00,12346,12258,120.516,2015-12-28 01:00:00,56,2015-12-28 00:00:00,12339,120.428,7,2015-12-28 01:00:00
USDJPY,H1,Research_2015_2024,2015-12-29 13:00:00,2015-12-22 23:00:00,2015-12-23 09:00:00,2015-12-23 15:00:00,121.132,121.05,121.016,120.453,80,ENTRY_A_B_BREAK,2015-12-30 13:00:00,12400,12296,120.543,2015-12-28 00:00:00,24,2015-12-30 13:00:00,12400,120.543,0,
USDJPY,H1,Research_2015_2024,2016-03-09 13:00:00,2016-03-04 19:00:00,2016-03-07 15:00:00,2016-03-08 12:00:00,114.257,113.694,113.145,112.745,25,ENTRY_A_B_BREAK,2016-03-10 12:00:00,13579,13531,113.805,2016-03-10 04:00:00,23,2016-03-10 12:00:00,13579,113.805,0,
USDJPY,H1,Research_2015_2024,2016-03-09 13:00:00,2016-03-04 19:00:00,2016-03-07 15:00:00,2016-03-08 12:00:00,114.257,113.694,113.145,112.745,25,ENTRY_C_A_AFTER_B,2016-03-10 12:00:00,13579,13531,113.145,2016-03-08 12:00:00,23,2016-03-10 12:00:00,13579,113.805,0,
USDJPY,H1,Research_2015_2024,2016-04-12 04:00:00,2016-04-04 11:00:00,2016-04-06 02:00:00,2016-04-06 09:00:00,111.739,110.638,110.54,108.237,91,ENTRY_A_B_BREAK,2016-04-12 13:00:00,14133,14033,108.438,2016-04-11 13:00:00,9,2016-04-12 13:00:00,14133,108.438,0,
USDJPY,H1,Research_2015_2024,2016-04-12 04:00:00,2016-04-04 11:00:00,2016-04-06 02:00:00,2016-04-06 09:00:00,111.739,110.638,110.54,108.237,91,ENTRY_B_B_SUPPORT_REACCEL,2016-04-12 16:00:00,14136,14033,108.683,2016-04-12 14:00:00,9,2016-04-12 13:00:00,14133,108.438,3,2016-04-12 14:00:00
USDJPY,H1,Research_2015_2024,2016-05-05 07:00:00,2016-05-03 21:00:00,2016-05-04 03:00:00,2016-05-04 17:00:00,107.456,107.361,107.252,107.156,14,ENTRY_A_B_BREAK,2016-05-05 08:00:00,14536,14521,107.209,2016-05-05 00:00:00,1,2016-05-05 08:00:00,14536,107.209,0,
USDJPY,H1,Research_2015_2024,2016-05-05 07:00:00,2016-05-03 21:00:00,2016-05-04 03:00:00,2016-05-04 17:00:00,107.456,107.361,107.252,107.156,14,ENTRY_C_A_AFTER_B,2016-05-05 08:00:00,14536,14521,107.252,2016-05-04 17:00:00,1,2016-05-05 08:00:00,14536,107.209,0,
USDJPY,H1,Research_2015_2024,2016-06-10 15:00:00,2016-06-01 17:00:00,2016-06-03 01:00:00,2016-06-03 10:00:00,109.697,109.135,109.025,107.061,125,ENTRY_A_B_BREAK,2016-06-15 01:00:00,15225,15042,106.144,2016-06-14 13:00:00,58,2016-06-15 01:00:00,15225,106.144,0,
USDJPY,H1,Research_2015_2024,2016-07-10 22:00:00,2016-07-06 17:00:00,2016-07-07 12:00:00,2016-07-08 01:00:00,101.465,101.229,100.968,100.654,21,ENTRY_A_B_BREAK,2016-07-14 05:00:00,15733,15633,104.986,2016-07-12 17:00:00,79,2016-07-14 05:00:00,15733,104.986,0,
USDJPY,H1,Research_2015_2024,2016-07-10 22:00:00,2016-07-06 17:00:00,2016-07-07 12:00:00,2016-07-08 01:00:00,101.465,101.229,100.968,100.654,21,ENTRY_B_B_SUPPORT_REACCEL,2016-07-15 00:00:00,15752,15633,105.321,2016-07-14 23:00:00,79,2016-07-14 05:00:00,15733,104.986,19,2016-07-14 23:00:00
USDJPY,H1,Research_2015_2024,2016-07-10 22:00:00,2016-07-06 17:00:00,2016-07-07 12:00:00,2016-07-08 01:00:00,101.465,101.229,100.968,100.654,21,ENTRY_C_A_AFTER_B,2016-07-14 05:00:00,15733,15633,100.968,2016-07-08 01:00:00,79,2016-07-14 05:00:00,15733,104.986,0,
USDJPY,H1,Research_2015_2024,2016-07-18 14:00:00,2016-07-15 02:00:00,2016-07-17 22:00:00,2016-07-18 07:00:00,106.316,106.015,105.86,105.855,7,ENTRY_A_B_BREAK,2016-07-19 12:00:00,15812,15783,106.33,2016-07-18 22:00:00,22,2016-07-19 12:00:00,15812,106.33,0,
USDJPY,H1,Research_2015_2024,2016-07-18 14:00:00,2016-07-15 02:00:00,2016-07-17 22:00:00,2016-07-18 07:00:00,106.316,106.015,105.86,105.855,7,ENTRY_C_A_AFTER_B,2016-07-19 12:00:00,15812,15783,105.86,2016-07-18 07:00:00,22,2016-07-19 12:00:00,15812,106.33,0,
USDJPY,H1,Research_2015_2024,2016-08-21 21:00:00,2016-08-18 09:00:00,2016-08-19 04:00:00,2016-08-19 12:00:00,100.497,100.459,100.383,100.648,9,ENTRY_A_B_BREAK,2016-08-23 22:00:00,16422,16364,100.246,2016-08-23 10:00:00,49,2016-08-23 22:00:00,16422,100.246,0,
USDJPY,H1,Research_2015_2024,2016-08-21 21:00:00,2016-08-18 09:00:00,2016-08-19 04:00:00,2016-08-19 12:00:00,100.497,100.459,100.383,100.648,9,ENTRY_B_B_SUPPORT_REACCEL,2016-08-24 00:00:00,16424,16364,100.351,2016-08-23 23:00:00,49,2016-08-23 22:00:00,16422,100.246,2,2016-08-23 23:00:00
USDJPY,H1,Research_2015_2024,2016-08-21 21:00:00,2016-08-18 09:00:00,2016-08-19 04:00:00,2016-08-19 12:00:00,100.497,100.459,100.383,100.648,9,ENTRY_C_A_AFTER_B,2016-08-24 00:00:00,16424,16364,100.383,2016-08-19 12:00:00,49,2016-08-23 22:00:00,16422,100.246,2,
USDJPY,H1,Research_2015_2024,2016-09-21 03:00:00,2016-09-19 07:00:00,2016-09-20 02:00:00,2016-09-20 11:00:00,102.155,102.062,101.972,101.921,16,ENTRY_A_B_BREAK,2016-09-21 03:00:00,16906,16890,101.87,2016-09-20 18:00:00,0,2016-09-21 03:00:00,16906,101.87,0,
USDJPY,H1,Research_2015_2024,2016-09-21 03:00:00,2016-09-19 07:00:00,2016-09-20 02:00:00,2016-09-20 11:00:00,102.155,102.062,101.972,101.921,16,ENTRY_C_A_AFTER_B,2016-09-21 04:00:00,16907,16890,101.972,2016-09-20 11:00:00,0,2016-09-21 03:00:00,16906,101.87,1,
USDJPY,H1,Research_2015_2024,2016-09-28 18:00:00,2016-09-23 01:00:00,2016-09-23 19:00:00,2016-09-26 05:00:00,101.244,101.163,101.079,100.747,61,ENTRY_A_B_BREAK,2016-09-29 00:00:00,17047,16980,100.987,2016-09-27 06:00:00,6,2016-09-29 00:00:00,17047,100.987,0,
USDJPY,H1,Research_2015_2024,2016-09-28 18:00:00,2016-09-23 01:00:00,2016-09-23 19:00:00,2016-09-26 05:00:00,101.244,101.163,101.079,100.747,61,ENTRY_B_B_SUPPORT_REACCEL,2016-09-29 22:00:00,17069,16980,101.172,2016-09-29 18:00:00,6,2016-09-29 00:00:00,17047,100.987,22,2016-09-29 18:00:00
USDJPY,H1,Research_2015_2024,2016-09-28 18:00:00,2016-09-23 01:00:00,2016-09-23 19:00:00,2016-09-26 05:00:00,101.244,101.163,101.079,100.747,61,ENTRY_C_A_AFTER_B,2016-09-29 00:00:00,17047,16980,101.079,2016-09-26 05:00:00,6,2016-09-29 00:00:00,17047,100.987,0,
USDJPY,H1,Research_2015_2024,2016-09-28 22:00:00,2016-09-26 05:00:00,2016-09-27 06:00:00,2016-09-28 08:00:00,101.079,100.987,100.818,100.798,14,ENTRY_A_B_BREAK,2016-10-03 23:00:00,17118,17031,101.748,2016-09-29 06:00:00,73,2016-10-03 23:00:00,17118,101.748,0,
USDJPY,H1,Research_2015_2024,2016-09-28 22:00:00,2016-09-26 05:00:00,2016-09-27 06:00:00,2016-09-28 08:00:00,101.079,100.987,100.818,100.798,14,ENTRY_C_A_AFTER_B,2016-10-03 23:00:00,17118,17031,100.818,2016-09-28 08:00:00,73,2016-10-03 23:00:00,17118,101.748,0,
USDJPY,H1,Research_2015_2024,2016-11-03 10:00:00,2016-11-02 00:00:00,2016-11-02 07:00:00,2016-11-02 19:00:00,104.165,103.934,103.487,103.011,15,ENTRY_A_B_BREAK,2016-11-04 06:00:00,17677,17642,103.317,2016-11-03 14:00:00,20,2016-11-04 06:00:00,17677,103.317,0,
USDJPY,H1,Research_2015_2024,2016-11-03 10:00:00,2016-11-02 00:00:00,2016-11-02 07:00:00,2016-11-02 19:00:00,104.165,103.934,103.487,103.011,15,ENTRY_C_A_AFTER_B,2016-11-06 22:00:00,17692,17642,103.487,2016-11-02 19:00:00,20,2016-11-04 06:00:00,17677,103.317,15,
USDJPY,H1,Research_2015_2024,2017-02-17 07:00:00,2017-02-16 07:00:00,2017-02-16 14:00:00,2017-02-17 01:00:00,114.037,113.846,113.502,113.42,6,ENTRY_A_B_BREAK,2017-02-20 23:00:00,19517,19471,113.237,2017-02-20 06:00:00,40,2017-02-20 23:00:00,19517,113.237,0,
USDJPY,H1,Research_2015_2024,2017-02-17 07:00:00,2017-02-16 07:00:00,2017-02-16 14:00:00,2017-02-17 01:00:00,114.037,113.846,113.502,113.42,6,ENTRY_B_B_SUPPORT_REACCEL,2017-02-21 01:00:00,19519,19471,113.426,2017-02-21 00:00:00,40,2017-02-20 23:00:00,19517,113.237,2,2017-02-21 00:00:00
USDJPY,H1,Research_2015_2024,2017-02-17 07:00:00,2017-02-16 07:00:00,2017-02-16 14:00:00,2017-02-17 01:00:00,114.037,113.846,113.502,113.42,6,ENTRY_C_A_AFTER_B,2017-02-21 02:00:00,19520,19471,113.502,2017-02-17 01:00:00,40,2017-02-20 23:00:00,19517,113.237,3,
USDJPY,H1,Research_2015_2024,2017-03-01 03:00:00,2017-02-21 13:00:00,2017-02-21 23:00:00,2017-02-22 19:00:00,113.778,113.731,113.651,113.384,104,ENTRY_A_B_BREAK,2017-03-01 23:00:00,19685,19561,114.048,2017-03-01 15:00:00,20,2017-03-01 23:00:00,19685,114.048,0,
USDJPY,H1,Research_2015_2024,2017-03-01 03:00:00,2017-02-21 13:00:00,2017-02-21 23:00:00,2017-02-22 19:00:00,113.778,113.731,113.651,113.384,104,ENTRY_C_A_AFTER_B,2017-03-01 23:00:00,19685,19561,113.651,2017-02-22 19:00:00,20,2017-03-01 23:00:00,19685,114.048,0,
USDJPY,H1,Research_2015_2024,2017-04-07 16:00:00,2017-04-05 18:00:00,2017-04-06 15:00:00,2017-04-07 00:00:00,111.454,111.141,110.995,111.15,16,ENTRY_A_B_BREAK,2017-04-10 00:00:00,20335,20311,111.366,2017-04-07 18:00:00,8,2017-04-10 00:00:00,20335,111.366,0,
USDJPY,H1,Research_2015_2024,2017-04-07 16:00:00,2017-04-05 18:00:00,2017-04-06 15:00:00,2017-04-07 00:00:00,111.454,111.141,110.995,111.15,16,ENTRY_C_A_AFTER_B,2017-04-10 00:00:00,20335,20311,110.995,2017-04-07 00:00:00,8,2017-04-10 00:00:00,20335,111.366,0,
USDJPY,H1,Research_2015_2024,2017-06-01 07:00:00,2017-05-29 08:00:00,2017-05-29 20:00:00,2017-05-30 12:00:00,111.399,111.355,111.238,111.013,43,ENTRY_A_B_BREAK,2017-06-02 00:00:00,21271,21211,111.482,2017-06-01 13:00:00,17,2017-06-02 00:00:00,21271,111.482,0,
USDJPY,H1,Research_2015_2024,2017-06-01 07:00:00,2017-05-29 08:00:00,2017-05-29 20:00:00,2017-05-30 12:00:00,111.399,111.355,111.238,111.013,43,ENTRY_C_A_AFTER_B,2017-06-02 00:00:00,21271,21211,111.238,2017-05-30 12:00:00,17,2017-06-02 00:00:00,21271,111.482,0,
USDJPY,H1,Research_2015_2024,2017-08-01 08:00:00,2017-07-26 18:00:00,2017-07-27 16:00:00,2017-07-28 11:00:00,112.199,111.711,111.288,110.369,45,ENTRY_A_B_BREAK,2017-08-04 12:00:00,22363,22242,110.186,2017-08-04 03:00:00,76,2017-08-04 12:00:00,22363,110.186,0,
USDJPY,H1,Research_2015_2024,2017-11-10 04:00:00,2017-11-09 01:00:00,2017-11-09 15:00:00,2017-11-09 22:00:00,114.068,113.691,113.526,113.456,6,ENTRY_A_B_BREAK,2017-11-14 07:00:00,24085,24028,113.714,2017-11-13 00:00:00,51,2017-11-14 07:00:00,24085,113.714,0,
USDJPY,H1,Research_2015_2024,2017-11-10 04:00:00,2017-11-09 01:00:00,2017-11-09 15:00:00,2017-11-09 22:00:00,114.068,113.691,113.526,113.456,6,ENTRY_C_A_AFTER_B,2017-11-14 07:00:00,24085,24028,113.526,2017-11-09 22:00:00,51,2017-11-14 07:00:00,24085,113.714,0,
USDJPY,H1,Research_2015_2024,2017-12-26 00:00:00,2017-12-21 08:00:00,2017-12-22 08:00:00,2017-12-22 15:00:00,113.635,113.448,113.432,113.345,18,ENTRY_A_B_BREAK,2018-01-01 23:00:00,24878,24765,112.72,2017-12-29 16:00:00,95,2018-01-01 23:00:00,24878,112.72,0,
USDJPY,H1,Research_2015_2024,2018-01-15 14:00:00,2018-01-12 14:00:00,2018-01-15 00:00:00,2018-01-15 07:00:00,111.694,111.183,110.898,110.662,7,ENTRY_A_B_BREAK,2018-01-17 19:00:00,25162,25102,110.929,2018-01-17 05:00:00,53,2018-01-17 19:00:00,25162,110.929,0,
USDJPY,H1,Research_2015_2024,2018-01-15 14:00:00,2018-01-12 14:00:00,2018-01-15 00:00:00,2018-01-15 07:00:00,111.694,111.183,110.898,110.662,7,ENTRY_C_A_AFTER_B,2018-01-17 19:00:00,25162,25102,110.898,2018-01-15 07:00:00,53,2018-01-17 19:00:00,25162,110.929,0,
USDJPY,H1,Research_2015_2024,2018-02-16 12:00:00,2018-02-12 17:00:00,2018-02-14 00:00:00,2018-02-14 13:00:00,108.809,107.901,107.546,106.266,47,ENTRY_A_B_BREAK,2018-02-19 05:00:00,25700,25636,106.398,2018-02-16 19:00:00,17,2018-02-19 05:00:00,25700,106.398,0,
USDJPY,H1,Research_2015_2024,2018-02-16 12:00:00,2018-02-12 17:00:00,2018-02-14 00:00:00,2018-02-14 13:00:00,108.809,107.901,107.546,106.266,47,ENTRY_B_B_SUPPORT_REACCEL,2018-02-19 13:00:00,25708,25636,106.655,2018-02-19 06:00:00,17,2018-02-19 05:00:00,25700,106.398,8,2018-02-19 06:00:00
USDJPY,H1,Research_2015_2024,2018-02-16 12:00:00,2018-02-12 17:00:00,2018-02-14 00:00:00,2018-02-14 13:00:00,108.809,107.901,107.546,106.266,47,ENTRY_C_A_AFTER_B,2018-02-21 01:00:00,25744,25636,107.546,2018-02-14 13:00:00,17,2018-02-19 05:00:00,25700,106.398,44,
USDJPY,H1,Research_2015_2024,2018-03-19 10:00:00,2018-03-15 20:00:00,2018-03-16 15:00:00,2018-03-19 00:00:00,106.412,106.235,106.148,106.15,10,ENTRY_A_B_BREAK,2018-03-20 04:00:00,26204,26176,106.307,2018-03-19 12:00:00,18,2018-03-20 04:00:00,26204,106.307,0,
USDJPY,H1,Research_2015_2024,2018-03-19 10:00:00,2018-03-15 20:00:00,2018-03-16 15:00:00,2018-03-19 00:00:00,106.412,106.235,106.148,106.15,10,ENTRY_B_B_SUPPORT_REACCEL,2018-03-20 11:00:00,26211,26176,106.501,2018-03-20 08:00:00,18,2018-03-20 04:00:00,26204,106.307,7,2018-03-20 08:00:00
USDJPY,H1,Research_2015_2024,2018-03-19 10:00:00,2018-03-15 20:00:00,2018-03-16 15:00:00,2018-03-19 00:00:00,106.412,106.235,106.148,106.15,10,ENTRY_C_A_AFTER_B,2018-03-20 04:00:00,26204,26176,106.148,2018-03-19 00:00:00,18,2018-03-20 04:00:00,26204,106.307,0,
USDJPY,H1,Research_2015_2024,2018-03-30 19:00:00,2018-03-28 19:00:00,2018-03-29 19:00:00,2018-03-30 13:00:00,107.009,106.573,106.24,106.26,6,ENTRY_A_B_BREAK,2018-04-02 12:00:00,26428,26405,106.405,2018-04-01 22:00:00,17,2018-04-02 12:00:00,26428,106.405,0,
USDJPY,H1,Research_2015_2024,2018-03-30 19:00:00,2018-03-28 19:00:00,2018-03-29 19:00:00,2018-03-30 13:00:00,107.009,106.573,106.24,106.26,6,ENTRY_C_A_AFTER_B,2018-04-02 12:00:00,26428,26405,106.24,2018-03-30 13:00:00,17,2018-04-02 12:00:00,26428,106.405,0,
USDJPY,H1,Research_2015_2024,2018-04-17 09:00:00,2018-04-13 13:00:00,2018-04-15 22:00:00,2018-04-16 12:00:00,107.778,107.608,107.39,107.058,21,ENTRY_A_B_BREAK,2018-04-18 01:00:00,26705,26668,107.211,2018-04-17 14:00:00,16,2018-04-18 01:00:00,26705,107.211,0,
USDJPY,H1,Research_2015_2024,2018-04-17 09:00:00,2018-04-13 13:00:00,2018-04-15 22:00:00,2018-04-16 12:00:00,107.778,107.608,107.39,107.058,21,ENTRY_B_B_SUPPORT_REACCEL,2018-04-18 03:00:00,26707,26668,107.295,2018-04-18 02:00:00,16,2018-04-18 01:00:00,26705,107.211,2,2018-04-18 02:00:00
USDJPY,H1,Research_2015_2024,2018-04-17 09:00:00,2018-04-13 13:00:00,2018-04-15 22:00:00,2018-04-16 12:00:00,107.778,107.608,107.39,107.058,21,ENTRY_C_A_AFTER_B,2018-04-19 00:00:00,26728,26668,107.39,2018-04-16 12:00:00,16,2018-04-18 01:00:00,26705,107.211,23,
USDJPY,H1,Research_2015_2024,2018-05-14 04:00:00,2018-05-11 00:00:00,2018-05-11 15:00:00,2018-05-13 22:00:00,109.567,109.434,109.404,109.384,6,ENTRY_A_B_BREAK,2018-05-17 07:00:00,27215,27134,110.454,2018-05-15 18:00:00,75,2018-05-17 07:00:00,27215,110.454,0,
USDJPY,H1,Research_2015_2024,2018-05-14 04:00:00,2018-05-11 00:00:00,2018-05-11 15:00:00,2018-05-13 22:00:00,109.567,109.434,109.404,109.384,6,ENTRY_C_A_AFTER_B,2018-05-17 07:00:00,27215,27134,109.404,2018-05-13 22:00:00,75,2018-05-17 07:00:00,27215,110.454,0,
USDJPY,H1,Research_2015_2024,2018-06-01 09:00:00,2018-05-21 07:00:00,2018-05-22 07:00:00,2018-05-22 15:00:00,111.395,111.185,111.078,109.267,186,ENTRY_A_B_BREAK,2018-06-01 09:00:00,27481,27295,109.073,2018-05-30 15:00:00,0,2018-06-01 09:00:00,27481,109.073,0,
USDJPY,H1,Research_2015_2024,2018-06-08 20:00:00,2018-06-07 11:00:00,2018-06-08 01:00:00,2018-06-08 13:00:00,110.09,109.851,109.602,109.529,7,ENTRY_A_B_BREAK,2018-06-11 17:00:00,27633,27605,110.069,2018-06-11 07:00:00,21,2018-06-11 17:00:00,27633,110.069,0,
USDJPY,H1,Research_2015_2024,2018-06-08 20:00:00,2018-06-07 11:00:00,2018-06-08 01:00:00,2018-06-08 13:00:00,110.09,109.851,109.602,109.529,7,ENTRY_B_B_SUPPORT_REACCEL,2018-06-11 23:00:00,27639,27605,110.172,2018-06-11 22:00:00,21,2018-06-11 17:00:00,27633,110.069,6,2018-06-11 22:00:00
USDJPY,H1,Research_2015_2024,2018-06-08 20:00:00,2018-06-07 11:00:00,2018-06-08 01:00:00,2018-06-08 13:00:00,110.09,109.851,109.602,109.529,7,ENTRY_C_A_AFTER_B,2018-06-11 17:00:00,27633,27605,109.602,2018-06-08 13:00:00,21,2018-06-11 17:00:00,27633,110.069,0,
USDJPY,H1,Research_2015_2024,2018-06-18 18:00:00,2018-06-15 06:00:00,2018-06-17 21:00:00,2018-06-18 07:00:00,110.904,110.737,110.615,110.511,11,ENTRY_A_B_BREAK,2018-06-20 18:00:00,27802,27743,110.25,2018-06-20 05:00:00,48,2018-06-20 18:00:00,27802,110.25,0,
USDJPY,H1,Research_2015_2024,2018-06-18 18:00:00,2018-06-15 06:00:00,2018-06-17 21:00:00,2018-06-18 07:00:00,110.904,110.737,110.615,110.511,11,ENTRY_C_A_AFTER_B,2018-06-21 04:00:00,27812,27743,110.615,2018-06-18 07:00:00,48,2018-06-20 18:00:00,27802,110.25,10,
USDJPY,H1,Research_2015_2024,2018-07-09 06:00:00,2018-07-06 05:00:00,2018-07-06 12:00:00,2018-07-09 00:00:00,110.785,110.689,110.528,110.498,6,ENTRY_A_B_BREAK,2018-07-09 13:00:00,28109,28096,110.544,2018-07-09 07:00:00,7,2018-07-09 13:00:00,28109,110.544,0,
USDJPY,H1,Research_2015_2024,2018-07-09 06:00:00,2018-07-06 05:00:00,2018-07-06 12:00:00,2018-07-09 00:00:00,110.785,110.689,110.528,110.498,6,ENTRY_C_A_AFTER_B,2018-07-09 13:00:00,28109,28096,110.528,2018-07-09 00:00:00,7,2018-07-09 13:00:00,28109,110.544,0,
USDJPY,H1,Research_2015_2024,2018-07-16 23:00:00,2018-07-13 07:00:00,2018-07-16 01:00:00,2018-07-16 07:00:00,112.8,112.562,112.53,112.384,16,ENTRY_A_B_BREAK,2018-07-17 11:00:00,28251,28223,112.572,2018-07-17 01:00:00,12,2018-07-17 11:00:00,28251,112.572,0,
USDJPY,H1,Research_2015_2024,2018-07-16 23:00:00,2018-07-13 07:00:00,2018-07-16 01:00:00,2018-07-16 07:00:00,112.8,112.562,112.53,112.384,16,ENTRY_B_B_SUPPORT_REACCEL,2018-07-17 13:00:00,28253,28223,112.667,2018-07-17 12:00:00,12,2018-07-17 11:00:00,28251,112.572,2,2018-07-17 12:00:00
USDJPY,H1,Research_2015_2024,2018-07-16 23:00:00,2018-07-13 07:00:00,2018-07-16 01:00:00,2018-07-16 07:00:00,112.8,112.562,112.53,112.384,16,ENTRY_C_A_AFTER_B,2018-07-17 11:00:00,28251,28223,112.53,2018-07-16 07:00:00,12,2018-07-17 11:00:00,28251,112.572,0,
USDJPY,H1,Research_2015_2024,2018-08-09 04:00:00,2018-08-08 00:00:00,2018-08-08 12:00:00,2018-08-08 21:00:00,111.438,111.192,111.021,110.921,7,ENTRY_A_B_BREAK,2018-08-14 06:00:00,28726,28645,110.933,2018-08-13 13:00:00,74,2018-08-14 06:00:00,28726,110.933,0,
USDJPY,H1,Research_2015_2024,2018-08-09 04:00:00,2018-08-08 00:00:00,2018-08-08 12:00:00,2018-08-08 21:00:00,111.438,111.192,111.021,110.921,7,ENTRY_C_A_AFTER_B,2018-08-14 06:00:00,28726,28645,111.021,2018-08-08 21:00:00,74,2018-08-14 06:00:00,28726,110.933,0,
USDJPY,H1,Research_2015_2024,2018-08-22 15:00:00,2018-08-20 07:00:00,2018-08-21 16:00:00,2018-08-22 03:00:00,110.684,110.547,110.498,110.546,12,ENTRY_A_B_BREAK,2018-08-23 00:00:00,28888,28867,110.615,2018-08-22 15:00:00,9,2018-08-23 00:00:00,28888,110.615,0,
USDJPY,H1,Research_2015_2024,2018-08-22 15:00:00,2018-08-20 07:00:00,2018-08-21 16:00:00,2018-08-22 03:00:00,110.684,110.547,110.498,110.546,12,ENTRY_C_A_AFTER_B,2018-08-23 00:00:00,28888,28867,110.498,2018-08-22 03:00:00,9,2018-08-23 00:00:00,28888,110.615,0,
USDJPY,H1,Research_2015_2024,2018-09-20 14:00:00,2018-09-19 08:00:00,2018-09-20 00:00:00,2018-09-20 08:00:00,112.447,112.341,112.289,112.43,6,ENTRY_A_B_BREAK,2018-09-21 02:00:00,29394,29376,112.584,2018-09-20 15:00:00,12,2018-09-21 02:00:00,29394,112.584,0,
USDJPY,H1,Research_2015_2024,2018-09-20 14:00:00,2018-09-19 08:00:00,2018-09-20 00:00:00,2018-09-20 08:00:00,112.447,112.341,112.289,112.43,6,ENTRY_C_A_AFTER_B,2018-09-21 02:00:00,29394,29376,112.289,2018-09-20 08:00:00,12,2018-09-21 02:00:00,29394,112.584,0,
USDJPY,H1,Research_2015_2024,2018-10-03 07:00:00,2018-10-01 14:00:00,2018-10-01 22:00:00,2018-10-02 06:00:00,114.061,114.016,113.983,113.875,25,ENTRY_A_B_BREAK,2018-10-03 14:00:00,29598,29566,113.9,2018-10-03 08:00:00,7,2018-10-03 14:00:00,29598,113.9,0,
USDJPY,H1,Research_2015_2024,2018-10-03 07:00:00,2018-10-01 14:00:00,2018-10-01 22:00:00,2018-10-02 06:00:00,114.061,114.016,113.983,113.875,25,ENTRY_C_A_AFTER_B,2018-10-03 14:00:00,29598,29566,113.983,2018-10-02 06:00:00,7,2018-10-03 14:00:00,29598,113.9,0,
USDJPY,H1,Research_2015_2024,2018-10-15 18:00:00,2018-10-12 06:00:00,2018-10-12 13:00:00,2018-10-12 20:00:00,112.496,112.372,112.243,111.889,22,ENTRY_A_B_BREAK,2018-10-16 01:00:00,29801,29772,111.929,2018-10-15 12:00:00,7,2018-10-16 01:00:00,29801,111.929,0,
USDJPY,H1,Research_2015_2024,2018-10-15 18:00:00,2018-10-12 06:00:00,2018-10-12 13:00:00,2018-10-12 20:00:00,112.496,112.372,112.243,111.889,22,ENTRY_B_B_SUPPORT_REACCEL,2018-10-16 05:00:00,29805,29772,112.05,2018-10-16 02:00:00,7,2018-10-16 01:00:00,29801,111.929,4,2018-10-16 02:00:00
USDJPY,H1,Research_2015_2024,2018-10-15 18:00:00,2018-10-12 06:00:00,2018-10-12 13:00:00,2018-10-12 20:00:00,112.496,112.372,112.243,111.889,22,ENTRY_C_A_AFTER_B,2018-10-16 20:00:00,29820,29772,112.243,2018-10-12 20:00:00,7,2018-10-16 01:00:00,29801,111.929,19,
USDJPY,H1,Research_2015_2024,2018-10-30 01:00:00,2018-10-22 14:00:00,2018-10-24 12:00:00,2018-10-25 17:00:00,112.885,112.744,112.674,112.629,56,ENTRY_A_B_BREAK,2018-10-30 01:00:00,30041,29985,112.045,2018-10-29 00:00:00,0,2018-10-30 01:00:00,30041,112.045,0,
USDJPY,H1,Research_2015_2024,2018-10-30 01:00:00,2018-10-22 14:00:00,2018-10-24 12:00:00,2018-10-25 17:00:00,112.885,112.744,112.674,112.629,56,ENTRY_C_A_AFTER_B,2018-10-30 04:00:00,30044,29985,112.674,2018-10-25 17:00:00,0,2018-10-30 01:00:00,30041,112.045,3,
USDJPY,H1,Research_2015_2024,2019-01-29 04:00:00,2019-01-25 13:00:00,2019-01-28 12:00:00,2019-01-28 20:00:00,109.949,109.525,109.398,109.272,8,ENTRY_A_B_BREAK,2019-01-30 13:00:00,31578,31537,109.541,2019-01-29 13:00:00,33,2019-01-30 13:00:00,31578,109.541,0,
USDJPY,H1,Research_2015_2024,2019-01-29 04:00:00,2019-01-25 13:00:00,2019-01-28 12:00:00,2019-01-28 20:00:00,109.949,109.525,109.398,109.272,8,ENTRY_C_A_AFTER_B,2019-01-30 13:00:00,31578,31537,109.398,2019-01-28 20:00:00,33,2019-01-30 13:00:00,31578,109.541,0,
USDJPY,H1,Research_2015_2024,2019-02-27 12:00:00,2019-02-25 17:00:00,2019-02-26 12:00:00,2019-02-27 04:00:00,111.234,110.892,110.626,110.559,8,ENTRY_A_B_BREAK,2019-02-28 13:00:00,32082,32049,111.074,2019-02-27 19:00:00,25,2019-02-28 13:00:00,32082,111.074,0,
USDJPY,H1,Research_2015_2024,2019-02-27 12:00:00,2019-02-25 17:00:00,2019-02-26 12:00:00,2019-02-27 04:00:00,111.234,110.892,110.626,110.559,8,ENTRY_B_B_SUPPORT_REACCEL,2019-02-28 15:00:00,32084,32049,111.259,2019-02-28 14:00:00,25,2019-02-28 13:00:00,32082,111.074,2,2019-02-28 14:00:00
USDJPY,H1,Research_2015_2024,2019-02-27 12:00:00,2019-02-25 17:00:00,2019-02-26 12:00:00,2019-02-27 04:00:00,111.234,110.892,110.626,110.559,8,ENTRY_C_A_AFTER_B,2019-02-28 13:00:00,32082,32049,110.626,2019-02-27 04:00:00,25,2019-02-28 13:00:00,32082,111.074,0,
USDJPY,H1,Research_2015_2024,2019-03-07 06:00:00,2019-03-05 15:00:00,2019-03-06 09:00:00,2019-03-06 20:00:00,112.137,111.922,111.81,111.747,10,ENTRY_A_B_BREAK,2019-03-11 22:00:00,32260,32185,111.307,2019-03-11 07:00:00,65,2019-03-11 22:00:00,32260,111.307,0,
USDJPY,H1,Research_2015_2024,2019-03-07 06:00:00,2019-03-05 15:00:00,2019-03-06 09:00:00,2019-03-06 20:00:00,112.137,111.922,111.81,111.747,10,ENTRY_C_A_AFTER_B,2019-03-15 00:00:00,32334,32185,111.81,2019-03-06 20:00:00,65,2019-03-11 22:00:00,32260,111.307,74,
USDJPY,H1,Research_2015_2024,2019-04-16 19:00:00,2019-04-15 00:00:00,2019-04-15 12:00:00,2019-04-15 20:00:00,112.095,112.074,112.05,112.013,23,ENTRY_A_B_BREAK,2019-04-17 00:00:00,32886,32858,112.042,2019-04-16 12:00:00,5,2019-04-17 00:00:00,32886,112.042,0,
USDJPY,H1,Research_2015_2024,2019-04-16 19:00:00,2019-04-15 00:00:00,2019-04-15 12:00:00,2019-04-15 20:00:00,112.095,112.074,112.05,112.013,23,ENTRY_C_A_AFTER_B,2019-04-17 00:00:00,32886,32858,112.05,2019-04-15 20:00:00,5,2019-04-17 00:00:00,32886,112.042,0,
USDJPY,H1,Research_2015_2024,2019-04-24 16:00:00,2019-04-23 13:00:00,2019-04-24 01:00:00,2019-04-24 09:00:00,112.032,111.981,111.925,111.916,7,ENTRY_A_B_BREAK,2019-04-29 12:00:00,33090,33015,111.787,2019-04-26 01:00:00,68,2019-04-29 12:00:00,33090,111.787,0,
USDJPY,H1,Research_2015_2024,2019-05-03 06:00:00,2019-05-02 03:00:00,2019-05-02 15:00:00,2019-05-02 23:00:00,111.664,111.571,111.534,111.525,7,ENTRY_A_B_BREAK,2019-05-06 12:00:00,33210,33173,110.852,2019-05-06 05:00:00,30,2019-05-06 12:00:00,33210,110.852,0,
USDJPY,H1,Research_2015_2024,2019-06-05 07:00:00,2019-06-03 15:00:00,2019-06-04 15:00:00,2019-06-04 23:00:00,108.445,108.358,108.27,108.245,8,ENTRY_A_B_BREAK,2019-06-06 19:00:00,33767,33723,108.485,2019-06-05 18:00:00,36,2019-06-06 19:00:00,33767,108.485,0,
USDJPY,H1,Research_2015_2024,2019-06-05 07:00:00,2019-06-03 15:00:00,2019-06-04 15:00:00,2019-06-04 23:00:00,108.445,108.358,108.27,108.245,8,ENTRY_C_A_AFTER_B,2019-06-06 19:00:00,33767,33723,108.27,2019-06-04 23:00:00,36,2019-06-06 19:00:00,33767,108.485,0,
USDJPY,H1,Research_2015_2024,2019-06-30 21:00:00,2019-06-17 11:00:00,2019-06-18 14:00:00,2019-06-19 00:00:00,108.724,108.676,108.617,108.21,189,ENTRY_A_B_BREAK,2019-06-30 21:00:00,34153,33964,107.149,2019-06-25 08:00:00,0,2019-06-30 21:00:00,34153,107.149,0,
USDJPY,H1,Research_2015_2024,2019-08-13 13:00:00,2019-08-06 13:00:00,2019-08-08 02:00:00,2019-08-08 17:00:00,106.636,106.301,106.24,106.546,68,ENTRY_A_B_BREAK,2019-08-13 13:00:00,34913,34845,105.441,2019-08-12 14:00:00,0,2019-08-13 13:00:00,34913,105.441,0,
USDJPY,H1,Research_2015_2024,2019-08-13 13:00:00,2019-08-06 13:00:00,2019-08-08 02:00:00,2019-08-08 17:00:00,106.636,106.301,106.24,106.546,68,ENTRY_C_A_AFTER_B,2019-08-13 13:00:00,34913,34845,106.24,2019-08-08 17:00:00,0,2019-08-13 13:00:00,34913,105.441,0,
USDJPY,H1,Research_2015_2024,2019-08-28 13:00:00,2019-08-23 11:00:00,2019-08-26 12:00:00,2019-08-27 14:00:00,106.734,106.413,106.069,105.842,23,ENTRY_A_B_BREAK,2019-08-28 16:00:00,35180,35154,105.892,2019-08-28 03:00:00,3,2019-08-28 16:00:00,35180,105.892,0,
USDJPY,H1,Research_2015_2024,2019-08-28 13:00:00,2019-08-23 11:00:00,2019-08-26 12:00:00,2019-08-27 14:00:00,106.734,106.413,106.069,105.842,23,ENTRY_B_B_SUPPORT_REACCEL,2019-08-28 18:00:00,35182,35154,106.006,2019-08-28 17:00:00,3,2019-08-28 16:00:00,35180,105.892,2,2019-08-28 17:00:00
USDJPY,H1,Research_2015_2024,2019-08-28 13:00:00,2019-08-23 11:00:00,2019-08-26 12:00:00,2019-08-27 14:00:00,106.734,106.413,106.069,105.842,23,ENTRY_C_A_AFTER_B,2019-08-28 19:00:00,35183,35154,106.069,2019-08-27 14:00:00,3,2019-08-28 16:00:00,35180,105.892,3,
USDJPY,H1,Research_2015_2024,2019-09-02 09:00:00,2019-08-29 18:00:00,2019-08-30 07:00:00,2019-08-30 17:00:00,106.681,106.538,106.43,106.306,16,ENTRY_A_B_BREAK,2019-09-05 01:00:00,35309,35229,106.445,2019-09-04 18:00:00,64,2019-09-05 01:00:00,35309,106.445,0,
USDJPY,H1,Research_2015_2024,2019-09-02 09:00:00,2019-08-29 18:00:00,2019-08-30 07:00:00,2019-08-30 17:00:00,106.681,106.538,106.43,106.306,16,ENTRY_B_B_SUPPORT_REACCEL,2019-09-05 10:00:00,35318,35229,106.586,2019-09-05 06:00:00,64,2019-09-05 01:00:00,35309,106.445,9,2019-09-05 06:00:00
USDJPY,H1,Research_2015_2024,2019-09-02 09:00:00,2019-08-29 18:00:00,2019-08-30 07:00:00,2019-08-30 17:00:00,106.681,106.538,106.43,106.306,16,ENTRY_C_A_AFTER_B,2019-09-05 01:00:00,35309,35229,106.43,2019-08-30 17:00:00,64,2019-09-05 01:00:00,35309,106.445,0,
USDJPY,H1,Research_2015_2024,2019-10-25 15:00:00,2019-10-24 07:00:00,2019-10-25 00:00:00,2019-10-25 07:00:00,108.753,108.706,108.689,108.746,8,ENTRY_A_B_BREAK,2019-10-28 12:00:00,36208,36179,108.773,2019-10-25 16:00:00,21,2019-10-28 12:00:00,36208,108.773,0,
USDJPY,H1,Research_2015_2024,2019-10-25 15:00:00,2019-10-24 07:00:00,2019-10-25 00:00:00,2019-10-25 07:00:00,108.753,108.706,108.689,108.746,8,ENTRY_C_A_AFTER_B,2019-10-28 12:00:00,36208,36179,108.689,2019-10-25 07:00:00,21,2019-10-28 12:00:00,36208,108.773,0,
USDJPY,H1,Research_2015_2024,2019-11-15 19:00:00,2019-11-12 07:00:00,2019-11-12 15:00:00,2019-11-13 08:00:00,109.292,109.242,109.149,108.827,59,ENTRY_A_B_BREAK,2019-11-15 19:00:00,36549,36490,108.629,2019-11-15 02:00:00,0,2019-11-15 19:00:00,36549,108.629,0,
USDJPY,H1,Research_2015_2024,2019-12-18 12:00:00,2019-12-16 16:00:00,2019-12-17 09:00:00,2019-12-18 00:00:00,109.676,109.633,109.566,109.575,12,ENTRY_A_B_BREAK,2019-12-19 00:00:00,37106,37082,109.628,2019-12-18 13:00:00,12,2019-12-19 00:00:00,37106,109.628,0,
USDJPY,H1,Research_2015_2024,2019-12-18 12:00:00,2019-12-16 16:00:00,2019-12-17 09:00:00,2019-12-18 00:00:00,109.676,109.633,109.566,109.575,12,ENTRY_C_A_AFTER_B,2019-12-19 00:00:00,37106,37082,109.566,2019-12-18 00:00:00,12,2019-12-19 00:00:00,37106,109.628,0,
USDJPY,H1,Research_2015_2024,2020-01-06 12:00:00,2019-12-30 13:00:00,2020-01-02 10:00:00,2020-01-02 23:00:00,109.228,108.864,108.63,108.159,37,ENTRY_A_B_BREAK,2020-01-06 15:00:00,37350,37310,108.176,2020-01-06 07:00:00,3,2020-01-06 15:00:00,37350,108.176,0,
USDJPY,H1,Research_2015_2024,2020-01-06 12:00:00,2019-12-30 13:00:00,2020-01-02 10:00:00,2020-01-02 23:00:00,109.228,108.864,108.63,108.159,37,ENTRY_C_A_AFTER_B,2020-01-08 10:00:00,37393,37310,108.63,2020-01-02 23:00:00,3,2020-01-06 15:00:00,37350,108.176,43,
USDJPY,H1,Research_2015_2024,2020-01-16 05:00:00,2020-01-14 00:00:00,2020-01-14 18:00:00,2020-01-15 16:00:00,110.212,110.113,110.001,109.946,13,ENTRY_A_B_BREAK,2020-01-16 08:00:00,37535,37519,109.99,2020-01-16 00:00:00,3,2020-01-16 08:00:00,37535,109.99,0,
USDJPY,H1,Research_2015_2024,2020-01-16 05:00:00,2020-01-14 00:00:00,2020-01-14 18:00:00,2020-01-15 16:00:00,110.212,110.113,110.001,109.946,13,ENTRY_B_B_SUPPORT_REACCEL,2020-01-16 16:00:00,37543,37519,110.146,2020-01-16 14:00:00,3,2020-01-16 08:00:00,37535,109.99,8,2020-01-16 14:00:00
USDJPY,H1,Research_2015_2024,2020-01-16 05:00:00,2020-01-14 00:00:00,2020-01-14 18:00:00,2020-01-15 16:00:00,110.212,110.113,110.001,109.946,13,ENTRY_C_A_AFTER_B,2020-01-16 08:00:00,37535,37519,110.001,2020-01-15 16:00:00,3,2020-01-16 08:00:00,37535,109.99,0,
USDJPY,H1,Research_2015_2024,2020-02-26 02:00:00,2020-02-21 12:00:00,2020-02-24 00:00:00,2020-02-25 01:00:00,112.031,111.681,111.041,110.462,25,ENTRY_A_B_BREAK,2020-02-26 14:00:00,38237,38200,110.578,2020-02-26 03:00:00,12,2020-02-26 14:00:00,38237,110.578,0,
USDJPY,H1,Research_2015_2024,2020-03-10 04:00:00,2020-03-04 23:00:00,2020-03-06 07:00:00,2020-03-06 15:00:00,107.742,106.063,105.736,104.223,38,ENTRY_A_B_BREAK,2020-03-10 19:00:00,38459,38406,105.216,2020-03-10 10:00:00,15,2020-03-10 19:00:00,38459,105.216,0,
USDJPY,H1,Research_2015_2024,2020-03-10 04:00:00,2020-03-04 23:00:00,2020-03-06 07:00:00,2020-03-06 15:00:00,107.742,106.063,105.736,104.223,38,ENTRY_C_A_AFTER_B,2020-03-13 07:00:00,38519,38406,105.736,2020-03-06 15:00:00,15,2020-03-10 19:00:00,38459,105.216,60,
USDJPY,H1,Research_2015_2024,2020-03-12 13:00:00,2020-03-10 19:00:00,2020-03-11 08:00:00,2020-03-11 16:00:00,105.919,105.331,105.132,104.716,21,ENTRY_A_B_BREAK,2020-03-13 09:00:00,38521,38480,106.099,2020-03-12 17:00:00,20,2020-03-13 09:00:00,38521,106.099,0,
USDJPY,H1,Research_2015_2024,2020-03-12 13:00:00,2020-03-10 19:00:00,2020-03-11 08:00:00,2020-03-11 16:00:00,105.919,105.331,105.132,104.716,21,ENTRY_B_B_SUPPORT_REACCEL,2020-03-13 11:00:00,38523,38480,106.566,2020-03-13 10:00:00,20,2020-03-13 09:00:00,38521,106.099,2,2020-03-13 10:00:00
USDJPY,H1,Research_2015_2024,2020-03-12 13:00:00,2020-03-10 19:00:00,2020-03-11 08:00:00,2020-03-11 16:00:00,105.919,105.331,105.132,104.716,21,ENTRY_C_A_AFTER_B,2020-03-13 09:00:00,38521,38480,105.132,2020-03-11 16:00:00,20,2020-03-13 09:00:00,38521,106.099,0,
USDJPY,H1,Research_2015_2024,2020-04-08 12:00:00,2020-04-06 07:00:00,2020-04-06 22:00:00,2020-04-07 10:00:00,109.381,109.274,109.145,108.931,26,ENTRY_A_B_BREAK,2020-04-09 00:00:00,38968,38930,109.005,2020-04-08 05:00:00,12,2020-04-09 00:00:00,38968,109.005,0,
USDJPY,H1,Research_2015_2024,2020-05-14 10:00:00,2020-05-12 07:00:00,2020-05-13 14:00:00,2020-05-13 21:00:00,107.632,107.149,107.078,107.047,13,ENTRY_A_B_BREAK,2020-05-18 12:00:00,39628,39565,107.433,2020-05-15 00:00:00,50,2020-05-18 12:00:00,39628,107.433,0,
USDJPY,H1,Research_2015_2024,2020-05-14 10:00:00,2020-05-12 07:00:00,2020-05-13 14:00:00,2020-05-13 21:00:00,107.632,107.149,107.078,107.047,13,ENTRY_C_A_AFTER_B,2020-05-18 12:00:00,39628,39565,107.078,2020-05-13 21:00:00,50,2020-05-18 12:00:00,39628,107.433,0,
USDJPY,H1,Research_2015_2024,2020-05-24 22:00:00,2020-05-21 15:00:00,2020-05-22 00:00:00,2020-05-22 13:00:00,107.832,107.762,107.651,107.694,9,ENTRY_A_B_BREAK,2020-05-27 09:00:00,39793,39725,107.616,2020-05-27 01:00:00,59,2020-05-27 09:00:00,39793,107.616,0,
USDJPY,H1,Research_2015_2024,2020-05-24 22:00:00,2020-05-21 15:00:00,2020-05-22 00:00:00,2020-05-22 13:00:00,107.832,107.762,107.651,107.694,9,ENTRY_B_B_SUPPORT_REACCEL,2020-05-27 11:00:00,39795,39725,107.731,2020-05-27 10:00:00,59,2020-05-27 09:00:00,39793,107.616,2,2020-05-27 10:00:00
USDJPY,H1,Research_2015_2024,2020-05-24 22:00:00,2020-05-21 15:00:00,2020-05-22 00:00:00,2020-05-22 13:00:00,107.832,107.762,107.651,107.694,9,ENTRY_C_A_AFTER_B,2020-05-27 09:00:00,39793,39725,107.651,2020-05-22 13:00:00,59,2020-05-27 09:00:00,39793,107.616,0,
USDJPY,H1,Research_2015_2024,2020-06-11 05:00:00,2020-06-08 22:00:00,2020-06-09 11:00:00,2020-06-10 00:00:00,108.542,108.247,107.874,107.15,29,ENTRY_A_B_BREAK,2020-06-12 03:00:00,40075,40024,106.917,2020-06-11 20:00:00,22,2020-06-12 03:00:00,40075,106.917,0,
USDJPY,H1,Research_2015_2024,2020-06-23 00:00:00,2020-06-19 14:00:00,2020-06-22 07:00:00,2020-06-22 17:00:00,107.046,107.011,106.96,106.952,7,ENTRY_A_B_BREAK,2020-06-24 12:00:00,40276,40233,106.638,2020-06-24 00:00:00,36,2020-06-24 12:00:00,40276,106.638,0,
USDJPY,H1,Research_2015_2024,2020-06-23 00:00:00,2020-06-19 14:00:00,2020-06-22 07:00:00,2020-06-22 17:00:00,107.046,107.011,106.96,106.952,7,ENTRY_C_A_AFTER_B,2020-06-24 19:00:00,40283,40233,106.96,2020-06-22 17:00:00,36,2020-06-24 12:00:00,40276,106.638,7,
USDJPY,H1,Research_2015_2024,2020-07-16 08:00:00,2020-07-14 12:00:00,2020-07-15 01:00:00,2020-07-16 01:00:00,107.434,107.309,107.032,107.045,7,ENTRY_A_B_BREAK,2020-07-20 00:00:00,40696,40649,107.279,2020-07-17 12:00:00,40,2020-07-20 00:00:00,40696,107.279,0,
USDJPY,H1,Research_2015_2024,2020-07-16 08:00:00,2020-07-14 12:00:00,2020-07-15 01:00:00,2020-07-16 01:00:00,107.434,107.309,107.032,107.045,7,ENTRY_C_A_AFTER_B,2020-07-20 00:00:00,40696,40649,107.032,2020-07-16 01:00:00,40,2020-07-20 00:00:00,40696,107.279,0,
USDJPY,H1,Research_2015_2024,2020-07-30 05:00:00,2020-07-29 01:00:00,2020-07-29 12:00:00,2020-07-29 19:00:00,105.242,105.194,105.155,105.275,10,ENTRY_A_B_BREAK,2020-08-03 00:00:00,40936,40883,106.055,2020-07-31 16:00:00,43,2020-08-03 00:00:00,40936,106.055,0,
USDJPY,H1,Research_2015_2024,2020-07-30 05:00:00,2020-07-29 01:00:00,2020-07-29 12:00:00,2020-07-29 19:00:00,105.242,105.194,105.155,105.275,10,ENTRY_C_A_AFTER_B,2020-08-03 00:00:00,40936,40883,105.155,2020-07-29 19:00:00,43,2020-08-03 00:00:00,40936,106.055,0,
USDJPY,H1,Research_2015_2024,2020-09-11 07:00:00,2020-09-10 00:00:00,2020-09-10 18:00:00,2020-09-11 01:00:00,106.302,106.235,106.206,106.231,6,ENTRY_A_B_BREAK,2020-09-15 08:00:00,41688,41633,105.749,2020-09-15 00:00:00,49,2020-09-15 08:00:00,41688,105.749,0,
USDJPY,H1,Research_2015_2024,2020-10-19 03:00:00,2020-10-14 07:00:00,2020-10-15 19:00:00,2020-10-16 15:00:00,105.514,105.493,105.441,105.431,12,ENTRY_A_B_BREAK,2020-10-20 00:00:00,42280,42247,105.491,2020-10-19 14:00:00,21,2020-10-20 00:00:00,42280,105.491,0,
USDJPY,H1,Research_2015_2024,2020-10-19 03:00:00,2020-10-14 07:00:00,2020-10-15 19:00:00,2020-10-16 15:00:00,105.514,105.493,105.441,105.431,12,ENTRY_B_B_SUPPORT_REACCEL,2020-10-20 11:00:00,42291,42247,105.604,2020-10-20 01:00:00,21,2020-10-20 00:00:00,42280,105.491,11,2020-10-20 01:00:00
USDJPY,H1,Research_2015_2024,2020-10-19 03:00:00,2020-10-14 07:00:00,2020-10-15 19:00:00,2020-10-16 15:00:00,105.514,105.493,105.441,105.431,12,ENTRY_C_A_AFTER_B,2020-10-20 00:00:00,42280,42247,105.441,2020-10-16 15:00:00,21,2020-10-20 00:00:00,42280,105.491,0,
USDJPY,H1,Research_2015_2024,2020-11-23 14:00:00,2020-11-20 02:00:00,2020-11-20 08:00:00,2020-11-22 23:00:00,103.911,103.887,103.862,104.042,15,ENTRY_A_B_BREAK,2020-11-23 14:00:00,42869,42854,103.846,2020-11-23 07:00:00,0,2020-11-23 14:00:00,42869,103.846,0,
USDJPY,H1,Research_2015_2024,2020-11-23 14:00:00,2020-11-20 02:00:00,2020-11-20 08:00:00,2020-11-22 23:00:00,103.911,103.887,103.862,104.042,15,ENTRY_C_A_AFTER_B,2020-11-23 14:00:00,42869,42854,103.862,2020-11-22 23:00:00,0,2020-11-23 14:00:00,42869,103.846,0,
USDJPY,H1,Research_2015_2024,2020-11-29 23:00:00,2020-11-25 22:00:00,2020-11-26 15:00:00,2020-11-26 22:00:00,104.472,104.319,104.281,104.088,25,ENTRY_A_B_BREAK,2020-11-30 16:00:00,42991,42949,104.348,2020-11-30 09:00:00,17,2020-11-30 16:00:00,42991,104.348,0,
USDJPY,H1,Research_2015_2024,2020-11-29 23:00:00,2020-11-25 22:00:00,2020-11-26 15:00:00,2020-11-26 22:00:00,104.472,104.319,104.281,104.088,25,ENTRY_C_A_AFTER_B,2020-11-30 16:00:00,42991,42949,104.281,2020-11-26 22:00:00,17,2020-11-30 16:00:00,42991,104.348,0,
USDJPY,H1,Research_2015_2024,2021-01-06 13:00:00,2020-12-30 16:00:00,2021-01-03 23:00:00,2021-01-04 15:00:00,103.357,103.316,103.253,103.174,46,ENTRY_A_B_BREAK,2021-01-06 13:00:00,43578,43532,102.869,2021-01-06 02:00:00,0,2021-01-06 13:00:00,43578,102.869,0,
USDJPY,H1,Research_2015_2024,2021-01-06 13:00:00,2020-12-30 16:00:00,2021-01-03 23:00:00,2021-01-04 15:00:00,103.357,103.316,103.253,103.174,46,ENTRY_C_A_AFTER_B,2021-01-06 15:00:00,43580,43532,103.253,2021-01-04 15:00:00,0,2021-01-06 13:00:00,43578,102.869,2,
USDJPY,H1,Research_2015_2024,2021-03-12 02:00:00,2021-03-09 13:00:00,2021-03-10 06:00:00,2021-03-10 12:00:00,108.971,108.919,108.863,108.77,38,ENTRY_A_B_BREAK,2021-03-12 06:00:00,44699,44657,108.811,2021-03-11 06:00:00,4,2021-03-12 06:00:00,44699,108.811,0,
USDJPY,H1,Research_2015_2024,2021-03-12 02:00:00,2021-03-09 13:00:00,2021-03-10 06:00:00,2021-03-10 12:00:00,108.971,108.919,108.863,108.77,38,ENTRY_B_B_SUPPORT_REACCEL,2021-03-12 08:00:00,44701,44657,109.06,2021-03-12 07:00:00,4,2021-03-12 06:00:00,44699,108.811,2,2021-03-12 07:00:00
USDJPY,H1,Research_2015_2024,2021-03-12 02:00:00,2021-03-09 13:00:00,2021-03-10 06:00:00,2021-03-10 12:00:00,108.971,108.919,108.863,108.77,38,ENTRY_C_A_AFTER_B,2021-03-12 07:00:00,44700,44657,108.863,2021-03-10 12:00:00,4,2021-03-12 06:00:00,44699,108.811,1,
USDJPY,H1,Research_2015_2024,2021-03-22 20:00:00,2021-03-18 07:00:00,2021-03-19 03:00:00,2021-03-19 13:00:00,109.303,109.128,109.049,108.84,31,ENTRY_A_B_BREAK,2021-03-24 13:00:00,44899,44827,108.757,2021-03-23 17:00:00,41,2021-03-24 13:00:00,44899,108.757,0,
USDJPY,H1,Research_2015_2024,2021-03-22 20:00:00,2021-03-18 07:00:00,2021-03-19 03:00:00,2021-03-19 13:00:00,109.303,109.128,109.049,108.84,31,ENTRY_C_A_AFTER_B,2021-03-25 07:00:00,44917,44827,109.049,2021-03-19 13:00:00,41,2021-03-24 13:00:00,44899,108.757,18,
USDJPY,H1,Research_2015_2024,2021-05-12 13:00:00,2021-05-05 06:00:00,2021-05-06 02:00:00,2021-05-06 13:00:00,109.48,109.428,109.404,109.234,96,ENTRY_A_B_BREAK,2021-05-12 13:00:00,45739,45643,109.056,2021-05-10 07:00:00,0,2021-05-12 13:00:00,45739,109.056,0,
USDJPY,H1,Research_2015_2024,2021-05-12 13:00:00,2021-05-05 06:00:00,2021-05-06 02:00:00,2021-05-06 13:00:00,109.48,109.428,109.404,109.234,96,ENTRY_C_A_AFTER_B,2021-05-12 15:00:00,45741,45643,109.404,2021-05-06 13:00:00,0,2021-05-12 13:00:00,45739,109.056,2,
USDJPY,H1,Research_2015_2024,2021-06-09 08:00:00,2021-06-07 00:00:00,2021-06-08 10:00:00,2021-06-08 17:00:00,109.637,109.558,109.514,109.48,15,ENTRY_A_B_BREAK,2021-06-11 13:00:00,46267,46199,109.678,2021-06-10 00:00:00,53,2021-06-11 13:00:00,46267,109.678,0,
USDJPY,H1,Research_2015_2024,2021-06-09 08:00:00,2021-06-07 00:00:00,2021-06-08 10:00:00,2021-06-08 17:00:00,109.637,109.558,109.514,109.48,15,ENTRY_C_A_AFTER_B,2021-06-11 13:00:00,46267,46199,109.514,2021-06-08 17:00:00,53,2021-06-11 13:00:00,46267,109.678,0,
USDJPY,H1,Research_2015_2024,2021-08-04 14:00:00,2021-07-29 13:00:00,2021-07-30 17:00:00,2021-08-02 07:00:00,109.911,109.826,109.745,109.563,55,ENTRY_A_B_BREAK,2021-08-04 14:00:00,47180,47125,109.156,2021-08-03 18:00:00,0,2021-08-04 14:00:00,47180,109.156,0,
USDJPY,H1,Research_2015_2024,2021-08-04 14:00:00,2021-07-29 13:00:00,2021-07-30 17:00:00,2021-08-02 07:00:00,109.911,109.826,109.745,109.563,55,ENTRY_C_A_AFTER_B,2021-08-05 15:00:00,47205,47125,109.745,2021-08-02 07:00:00,0,2021-08-04 14:00:00,47180,109.156,25,
USDJPY,H1,Research_2015_2024,2021-09-07 05:00:00,2021-09-03 03:00:00,2021-09-06 07:00:00,2021-09-06 21:00:00,110.072,109.946,109.863,109.828,8,ENTRY_A_B_BREAK,2021-09-13 05:00:00,47843,47739,109.991,2021-09-10 07:00:00,96,2021-09-13 05:00:00,47843,109.991,0,
USDJPY,H1,Research_2015_2024,2021-09-07 05:00:00,2021-09-03 03:00:00,2021-09-06 07:00:00,2021-09-06 21:00:00,110.072,109.946,109.863,109.828,8,ENTRY_C_A_AFTER_B,2021-09-13 05:00:00,47843,47739,109.863,2021-09-06 21:00:00,96,2021-09-13 05:00:00,47843,109.991,0,
USDJPY,H1,Research_2015_2024,2021-10-22 00:00:00,2021-10-20 00:00:00,2021-10-20 22:00:00,2021-10-21 12:00:00,114.7,114.414,114.206,114.105,12,ENTRY_A_B_BREAK,2021-10-25 12:00:00,48570,48522,113.827,2021-10-25 01:00:00,36,2021-10-25 12:00:00,48570,113.827,0,
USDJPY,H1,Research_2015_2024,2021-10-22 00:00:00,2021-10-20 00:00:00,2021-10-20 22:00:00,2021-10-21 12:00:00,114.7,114.414,114.206,114.105,12,ENTRY_C_A_AFTER_B,2021-10-26 14:00:00,48596,48522,114.206,2021-10-21 12:00:00,36,2021-10-25 12:00:00,48570,113.827,26,
USDJPY,H1,Research_2015_2024,2021-11-03 13:00:00,2021-11-02 01:00:00,2021-11-02 23:00:00,2021-11-03 07:00:00,114.132,114.008,113.943,113.951,6,ENTRY_A_B_BREAK,2021-11-04 06:00:00,48756,48733,114.217,2021-11-03 18:00:00,17,2021-11-04 06:00:00,48756,114.217,0,
USDJPY,H1,Research_2015_2024,2021-11-03 13:00:00,2021-11-02 01:00:00,2021-11-02 23:00:00,2021-11-03 07:00:00,114.132,114.008,113.943,113.951,6,ENTRY_C_A_AFTER_B,2021-11-04 06:00:00,48756,48733,113.943,2021-11-03 07:00:00,17,2021-11-04 06:00:00,48756,114.217,0,
USDJPY,H1,Research_2015_2024,2021-11-10 06:00:00,2021-11-08 20:00:00,2021-11-09 13:00:00,2021-11-09 23:00:00,113.292,113.112,112.956,112.923,7,ENTRY_A_B_BREAK,2021-11-11 01:00:00,48870,48844,114.015,2021-11-10 18:00:00,19,2021-11-11 01:00:00,48870,114.015,0,
USDJPY,H1,Research_2015_2024,2021-11-10 06:00:00,2021-11-08 20:00:00,2021-11-09 13:00:00,2021-11-09 23:00:00,113.292,113.112,112.956,112.923,7,ENTRY_C_A_AFTER_B,2021-11-11 01:00:00,48870,48844,112.956,2021-11-09 23:00:00,19,2021-11-11 01:00:00,48870,114.015,0,
USDJPY,H1,Research_2015_2024,2021-12-02 21:00:00,2021-11-29 15:00:00,2021-11-30 00:00:00,2021-11-30 16:00:00,113.955,113.89,113.704,113.182,53,ENTRY_A_B_BREAK,2021-12-03 06:00:00,49259,49197,113.33,2021-12-02 07:00:00,9,2021-12-03 06:00:00,49259,113.33,0,
USDJPY,H1,Research_2015_2024,2021-12-02 21:00:00,2021-11-29 15:00:00,2021-11-30 00:00:00,2021-11-30 16:00:00,113.955,113.89,113.704,113.182,53,ENTRY_C_A_AFTER_B,2021-12-07 05:00:00,49306,49197,113.704,2021-11-30 16:00:00,9,2021-12-03 06:00:00,49259,113.33,47,
USDJPY,H1,Research_2015_2024,2021-12-10 06:00:00,2021-12-08 14:00:00,2021-12-09 01:00:00,2021-12-09 18:00:00,113.954,113.81,113.652,113.55,12,ENTRY_A_B_BREAK,2021-12-14 19:00:00,49440,49367,113.724,2021-12-13 09:00:00,61,2021-12-14 19:00:00,49440,113.724,0,
USDJPY,H1,Research_2015_2024,2021-12-10 06:00:00,2021-12-08 14:00:00,2021-12-09 01:00:00,2021-12-09 18:00:00,113.954,113.81,113.652,113.55,12,ENTRY_C_A_AFTER_B,2021-12-14 19:00:00,49440,49367,113.652,2021-12-09 18:00:00,61,2021-12-14 19:00:00,49440,113.724,0,
USDJPY,H1,Research_2015_2024,2021-12-17 15:00:00,2021-12-16 12:00:00,2021-12-17 00:00:00,2021-12-17 08:00:00,114.196,113.857,113.698,113.633,7,ENTRY_A_B_BREAK,2021-12-21 14:00:00,49555,49501,113.764,2021-12-17 21:00:00,47,2021-12-21 14:00:00,49555,113.764,0,
USDJPY,H1,Research_2015_2024,2021-12-17 15:00:00,2021-12-16 12:00:00,2021-12-17 00:00:00,2021-12-17 08:00:00,114.196,113.857,113.698,113.633,7,ENTRY_C_A_AFTER_B,2021-12-21 14:00:00,49555,49501,113.698,2021-12-17 08:00:00,47,2021-12-21 14:00:00,49555,113.764,0,
USDJPY,H1,Research_2015_2024,2022-01-18 03:00:00,2022-01-06 00:00:00,2022-01-07 00:00:00,2022-01-10 03:00:00,116.183,116.046,115.849,114.975,144,ENTRY_A_B_BREAK,2022-01-18 03:00:00,50004,49860,114.545,2022-01-17 06:00:00,0,2022-01-18 03:00:00,50004,114.545,0,
USDJPY,H1,Research_2015_2024,2022-01-18 03:00:00,2022-01-06 00:00:00,2022-01-07 00:00:00,2022-01-10 03:00:00,116.183,116.046,115.849,114.975,144,ENTRY_B_B_SUPPORT_REACCEL,2022-01-18 10:00:00,50011,49860,114.721,2022-01-18 09:00:00,0,2022-01-18 03:00:00,50004,114.545,7,2022-01-18 09:00:00
USDJPY,H1,Research_2015_2024,2022-01-23 23:00:00,2022-01-20 05:00:00,2022-01-20 21:00:00,2022-01-21 08:00:00,114.546,114.231,114.032,113.787,15,ENTRY_A_B_BREAK,2022-01-24 23:00:00,50120,50081,113.999,2022-01-24 15:00:00,24,2022-01-24 23:00:00,50120,113.999,0,
USDJPY,H1,Research_2015_2024,2022-01-23 23:00:00,2022-01-20 05:00:00,2022-01-20 21:00:00,2022-01-21 08:00:00,114.546,114.231,114.032,113.787,15,ENTRY_C_A_AFTER_B,2022-01-25 09:00:00,50130,50081,114.032,2022-01-21 08:00:00,24,2022-01-24 23:00:00,50120,113.999,10,
USDJPY,H1,Research_2015_2024,2022-02-02 02:00:00,2022-01-31 02:00:00,2022-02-01 01:00:00,2022-02-01 15:00:00,115.59,115.191,114.892,114.712,11,ENTRY_A_B_BREAK,2022-02-04 06:00:00,50319,50256,114.974,2022-02-03 12:00:00,52,2022-02-04 06:00:00,50319,114.974,0,
USDJPY,H1,Research_2015_2024,2022-02-02 02:00:00,2022-01-31 02:00:00,2022-02-01 01:00:00,2022-02-01 15:00:00,115.59,115.191,114.892,114.712,11,ENTRY_C_A_AFTER_B,2022-02-04 06:00:00,50319,50256,114.892,2022-02-01 15:00:00,52,2022-02-04 06:00:00,50319,114.974,0,
USDJPY,H1,Research_2015_2024,2022-03-18 00:00:00,2022-03-16 18:00:00,2022-03-17 00:00:00,2022-03-17 13:00:00,119.122,119.024,118.841,118.696,11,ENTRY_A_B_BREAK,2022-03-21 18:00:00,51076,51023,119.399,2022-03-18 13:00:00,42,2022-03-21 18:00:00,51076,119.399,0,
USDJPY,H1,Research_2015_2024,2022-03-18 00:00:00,2022-03-16 18:00:00,2022-03-17 00:00:00,2022-03-17 13:00:00,119.122,119.024,118.841,118.696,11,ENTRY_C_A_AFTER_B,2022-03-21 18:00:00,51076,51023,118.841,2022-03-17 13:00:00,42,2022-03-21 18:00:00,51076,119.399,0,
USDJPY,H1,Research_2015_2024,2022-03-29 23:00:00,2022-03-28 08:00:00,2022-03-29 00:00:00,2022-03-29 09:00:00,125.097,124.301,123.807,123.126,14,ENTRY_A_B_BREAK,2022-03-31 00:00:00,51250,51211,122.241,2022-03-30 13:00:00,25,2022-03-31 00:00:00,51250,122.241,0,
USDJPY,H1,Research_2015_2024,2022-03-29 23:00:00,2022-03-28 08:00:00,2022-03-29 00:00:00,2022-03-29 09:00:00,125.097,124.301,123.807,123.126,14,ENTRY_C_A_AFTER_B,2022-04-06 00:00:00,51346,51211,123.807,2022-03-29 09:00:00,25,2022-03-31 00:00:00,51250,122.241,96,
USDJPY,H1,Research_2015_2024,2022-04-05 07:00:00,2022-04-01 14:00:00,2022-04-04 14:00:00,2022-04-05 00:00:00,123.033,122.958,122.86,122.905,7,ENTRY_A_B_BREAK,2022-04-07 11:00:00,51381,51322,123.934,2022-04-06 22:00:00,52,2022-04-07 11:00:00,51381,123.934,0,
USDJPY,H1,Research_2015_2024,2022-04-05 07:00:00,2022-04-01 14:00:00,2022-04-04 14:00:00,2022-04-05 00:00:00,123.033,122.958,122.86,122.905,7,ENTRY_C_A_AFTER_B,2022-04-07 11:00:00,51381,51322,122.86,2022-04-05 00:00:00,52,2022-04-07 11:00:00,51381,123.934,0,
USDJPY,H1,Research_2015_2024,2022-04-26 04:00:00,2022-04-22 15:00:00,2022-04-25 01:00:00,2022-04-25 22:00:00,129.107,128.867,128.222,128.104,6,ENTRY_A_B_BREAK,2022-04-27 02:00:00,51708,51680,127.683,2022-04-26 19:00:00,22,2022-04-27 02:00:00,51708,127.683,0,
USDJPY,H1,Research_2015_2024,2022-04-26 04:00:00,2022-04-22 15:00:00,2022-04-25 01:00:00,2022-04-25 22:00:00,129.107,128.867,128.222,128.104,6,ENTRY_B_B_SUPPORT_REACCEL,2022-04-27 06:00:00,51712,51680,127.826,2022-04-27 03:00:00,22,2022-04-27 02:00:00,51708,127.683,4,2022-04-27 03:00:00
USDJPY,H1,Research_2015_2024,2022-04-26 04:00:00,2022-04-22 15:00:00,2022-04-25 01:00:00,2022-04-25 22:00:00,129.107,128.867,128.222,128.104,6,ENTRY_C_A_AFTER_B,2022-04-27 14:00:00,51720,51680,128.222,2022-04-25 22:00:00,22,2022-04-27 02:00:00,51708,127.683,12,
USDJPY,H1,Research_2015_2024,2022-05-03 04:00:00,2022-04-28 14:00:00,2022-05-02 06:00:00,2022-05-02 15:00:00,131.251,130.476,130.348,130.13,13,ENTRY_A_B_BREAK,2022-05-06 01:00:00,51875,51793,130.557,2022-05-05 16:00:00,69,2022-05-06 01:00:00,51875,130.557,0,
USDJPY,H1,Research_2015_2024,2022-05-03 04:00:00,2022-04-28 14:00:00,2022-05-02 06:00:00,2022-05-02 15:00:00,131.251,130.476,130.348,130.13,13,ENTRY_C_A_AFTER_B,2022-05-06 01:00:00,51875,51793,130.348,2022-05-02 15:00:00,69,2022-05-06 01:00:00,51875,130.557,0,
USDJPY,H1,Research_2015_2024,2022-05-22 22:00:00,2022-05-17 13:00:00,2022-05-17 23:00:00,2022-05-18 08:00:00,129.78,129.536,129.346,127.959,62,ENTRY_A_B_BREAK,2022-05-25 14:00:00,52200,52074,127.293,2022-05-25 07:00:00,64,2022-05-25 14:00:00,52200,127.293,0,
USDJPY,H1,Research_2015_2024,2022-05-22 22:00:00,2022-05-17 13:00:00,2022-05-17 23:00:00,2022-05-18 08:00:00,129.78,129.536,129.346,127.959,62,ENTRY_B_B_SUPPORT_REACCEL,2022-05-25 16:00:00,52202,52074,127.373,2022-05-25 15:00:00,64,2022-05-25 14:00:00,52200,127.293,2,2022-05-25 15:00:00
USDJPY,H1,Research_2015_2024,2022-06-10 19:00:00,2022-06-09 00:00:00,2022-06-09 23:00:00,2022-06-10 12:00:00,134.555,134.474,134.386,134.38,7,ENTRY_A_B_BREAK,2022-06-14 15:00:00,52537,52486,134.666,2022-06-13 19:00:00,44,2022-06-14 15:00:00,52537,134.666,0,
USDJPY,H1,Research_2015_2024,2022-06-10 19:00:00,2022-06-09 00:00:00,2022-06-09 23:00:00,2022-06-10 12:00:00,134.555,134.474,134.386,134.38,7,ENTRY_B_B_SUPPORT_REACCEL,2022-06-14 18:00:00,52540,52486,135.008,2022-06-14 17:00:00,44,2022-06-14 15:00:00,52537,134.666,3,2022-06-14 17:00:00
USDJPY,H1,Research_2015_2024,2022-06-10 19:00:00,2022-06-09 00:00:00,2022-06-09 23:00:00,2022-06-10 12:00:00,134.555,134.474,134.386,134.38,7,ENTRY_C_A_AFTER_B,2022-06-14 15:00:00,52537,52486,134.386,2022-06-10 12:00:00,44,2022-06-14 15:00:00,52537,134.666,0,
USDJPY,H1,Research_2015_2024,2022-06-17 03:00:00,2022-06-14 21:00:00,2022-06-15 18:00:00,2022-06-16 02:00:00,135.586,134.953,134.675,134.214,25,ENTRY_A_B_BREAK,2022-06-17 09:00:00,52603,52572,134.639,2022-06-17 02:00:00,6,2022-06-17 09:00:00,52603,134.639,0,
USDJPY,H1,Research_2015_2024,2022-06-17 03:00:00,2022-06-14 21:00:00,2022-06-15 18:00:00,2022-06-16 02:00:00,135.586,134.953,134.675,134.214,25,ENTRY_B_B_SUPPORT_REACCEL,2022-06-17 14:00:00,52608,52572,134.944,2022-06-17 10:00:00,6,2022-06-17 09:00:00,52603,134.639,5,2022-06-17 10:00:00
USDJPY,H1,Research_2015_2024,2022-06-17 03:00:00,2022-06-14 21:00:00,2022-06-15 18:00:00,2022-06-16 02:00:00,135.586,134.953,134.675,134.214,25,ENTRY_C_A_AFTER_B,2022-06-17 09:00:00,52603,52572,134.675,2022-06-16 02:00:00,6,2022-06-17 09:00:00,52603,134.639,0,
USDJPY,H1,Research_2015_2024,2022-07-04 03:00:00,2022-06-30 00:00:00,2022-06-30 11:00:00,2022-07-01 00:00:00,136.806,136.441,135.985,135.169,27,ENTRY_A_B_BREAK,2022-07-04 14:00:00,52872,52834,135.684,2022-07-01 08:00:00,11,2022-07-04 14:00:00,52872,135.684,0,
USDJPY,H1,Research_2015_2024,2022-07-04 03:00:00,2022-06-30 00:00:00,2022-06-30 11:00:00,2022-07-01 00:00:00,136.806,136.441,135.985,135.169,27,ENTRY_B_B_SUPPORT_REACCEL,2022-07-04 23:00:00,52881,52834,135.832,2022-07-04 15:00:00,11,2022-07-04 14:00:00,52872,135.684,9,2022-07-04 15:00:00
USDJPY,H1,Research_2015_2024,2022-07-04 03:00:00,2022-06-30 00:00:00,2022-06-30 11:00:00,2022-07-01 00:00:00,136.806,136.441,135.985,135.169,27,ENTRY_C_A_AFTER_B,2022-07-05 00:00:00,52882,52834,135.985,2022-07-01 00:00:00,11,2022-07-04 14:00:00,52872,135.684,10,
USDJPY,H1,Research_2015_2024,2022-08-09 03:00:00,2022-08-08 00:00:00,2022-08-08 06:00:00,2022-08-08 19:00:00,135.58,135.46,135.109,134.924,8,ENTRY_A_B_BREAK,2022-08-09 18:00:00,53500,53477,135.155,2022-08-09 06:00:00,15,2022-08-09 18:00:00,53500,135.155,0,
USDJPY,H1,Research_2015_2024,2022-08-09 03:00:00,2022-08-08 00:00:00,2022-08-08 06:00:00,2022-08-08 19:00:00,135.58,135.46,135.109,134.924,8,ENTRY_B_B_SUPPORT_REACCEL,2022-08-10 00:00:00,53506,53477,135.199,2022-08-09 23:00:00,15,2022-08-09 18:00:00,53500,135.155,6,2022-08-09 23:00:00
USDJPY,H1,Research_2015_2024,2022-08-09 03:00:00,2022-08-08 00:00:00,2022-08-08 06:00:00,2022-08-08 19:00:00,135.58,135.46,135.109,134.924,8,ENTRY_C_A_AFTER_B,2022-08-09 18:00:00,53500,53477,135.109,2022-08-08 19:00:00,15,2022-08-09 18:00:00,53500,135.155,0,
USDJPY,H1,Research_2015_2024,2022-09-20 08:00:00,2022-09-15 07:00:00,2022-09-16 06:00:00,2022-09-19 12:00:00,143.799,143.689,143.643,143.656,20,ENTRY_A_B_BREAK,2022-09-21 04:00:00,54230,54190,143.92,2022-09-20 13:00:00,20,2022-09-21 04:00:00,54230,143.92,0,
USDJPY,H1,Research_2015_2024,2022-09-20 08:00:00,2022-09-15 07:00:00,2022-09-16 06:00:00,2022-09-19 12:00:00,143.799,143.689,143.643,143.656,20,ENTRY_C_A_AFTER_B,2022-09-21 04:00:00,54230,54190,143.643,2022-09-19 12:00:00,20,2022-09-21 04:00:00,54230,143.92,0,
USDJPY,H1,Research_2015_2024,2022-10-25 06:00:00,2022-10-23 23:00:00,2022-10-24 09:00:00,2022-10-24 22:00:00,149.705,149.456,149.098,148.957,8,ENTRY_A_B_BREAK,2022-10-28 07:00:00,54879,54798,146.936,2022-10-27 12:00:00,73,2022-10-28 07:00:00,54879,146.936,0,
USDJPY,H1,Research_2015_2024,2022-10-25 06:00:00,2022-10-23 23:00:00,2022-10-24 09:00:00,2022-10-24 22:00:00,149.705,149.456,149.098,148.957,8,ENTRY_B_B_SUPPORT_REACCEL,2022-10-28 09:00:00,54881,54798,147.586,2022-10-28 08:00:00,73,2022-10-28 07:00:00,54879,146.936,2,2022-10-28 08:00:00
USDJPY,H1,Research_2015_2024,2022-11-09 13:00:00,2022-11-04 12:00:00,2022-11-07 08:00:00,2022-11-08 07:00:00,148.198,147.568,146.932,146.415,30,ENTRY_A_B_BREAK,2022-11-09 13:00:00,55076,55046,145.902,2022-11-09 07:00:00,0,2022-11-09 13:00:00,55076,145.902,0,
USDJPY,H1,Research_2015_2024,2022-11-09 13:00:00,2022-11-04 12:00:00,2022-11-07 08:00:00,2022-11-08 07:00:00,148.198,147.568,146.932,146.415,30,ENTRY_B_B_SUPPORT_REACCEL,2022-11-09 19:00:00,55082,55046,146.476,2022-11-09 15:00:00,0,2022-11-09 13:00:00,55076,145.902,6,2022-11-09 15:00:00
USDJPY,H1,Research_2015_2024,2022-11-23 10:00:00,2022-11-22 00:00:00,2022-11-22 07:00:00,2022-11-23 04:00:00,142.24,142.032,141.508,141.42,6,ENTRY_A_B_BREAK,2022-11-25 09:00:00,55360,55307,139.048,2022-11-25 01:00:00,47,2022-11-25 09:00:00,55360,139.048,0,
USDJPY,H1,Research_2015_2024,2022-11-23 10:00:00,2022-11-22 00:00:00,2022-11-22 07:00:00,2022-11-23 04:00:00,142.24,142.032,141.508,141.42,6,ENTRY_B_B_SUPPORT_REACCEL,2022-11-27 23:00:00,55374,55307,139.346,2022-11-25 16:00:00,47,2022-11-25 09:00:00,55360,139.048,14,2022-11-25 16:00:00
USDJPY,H1,Research_2015_2024,2022-11-29 19:00:00,2022-11-25 11:00:00,2022-11-27 23:00:00,2022-11-28 19:00:00,139.594,139.418,139.009,138.643,24,ENTRY_A_B_BREAK,2022-11-30 13:00:00,55436,55394,138.851,2022-11-29 14:00:00,18,2022-11-30 13:00:00,55436,138.851,0,
USDJPY,H1,Research_2015_2024,2022-11-29 19:00:00,2022-11-25 11:00:00,2022-11-27 23:00:00,2022-11-28 19:00:00,139.594,139.418,139.009,138.643,24,ENTRY_C_A_AFTER_B,2022-11-30 13:00:00,55436,55394,139.009,2022-11-28 19:00:00,18,2022-11-30 13:00:00,55436,138.851,0,
USDJPY,H1,Research_2015_2024,2023-01-02 23:00:00,2022-12-29 07:00:00,2022-12-29 23:00:00,2022-12-30 15:00:00,133.898,133.09,132.332,130.79,32,ENTRY_A_B_BREAK,2023-01-03 23:00:00,56022,55966,131.198,2023-01-03 12:00:00,24,2023-01-03 23:00:00,56022,131.198,0,
USDJPY,H1,Research_2015_2024,2023-01-02 23:00:00,2022-12-29 07:00:00,2022-12-29 23:00:00,2022-12-30 15:00:00,133.898,133.09,132.332,130.79,32,ENTRY_C_A_AFTER_B,2023-01-04 17:00:00,56040,55966,132.332,2022-12-30 15:00:00,24,2023-01-03 23:00:00,56022,131.198,18,
USDJPY,H1,Research_2015_2024,2023-02-03 14:00:00,2023-01-30 19:00:00,2023-01-31 12:00:00,2023-02-01 07:00:00,130.567,130.494,130.408,130.327,55,ENTRY_A_B_BREAK,2023-02-03 14:00:00,56565,56510,128.823,2023-02-03 00:00:00,0,2023-02-03 14:00:00,56565,128.823,0,
USDJPY,H1,Research_2015_2024,2023-02-03 14:00:00,2023-01-30 19:00:00,2023-01-31 12:00:00,2023-02-01 07:00:00,130.567,130.494,130.408,130.327,55,ENTRY_C_A_AFTER_B,2023-02-03 15:00:00,56566,56510,130.408,2023-02-01 07:00:00,0,2023-02-03 14:00:00,56565,128.823,1,
USDJPY,H1,Research_2015_2024,2023-02-22 19:00:00,2023-02-21 14:00:00,2023-02-22 00:00:00,2023-02-22 09:00:00,135.227,135.061,134.995,134.936,10,ENTRY_A_B_BREAK,2023-02-23 13:00:00,56900,56872,134.985,2023-02-22 20:00:00,18,2023-02-23 13:00:00,56900,134.985,0,
USDJPY,H1,Research_2015_2024,2023-02-22 19:00:00,2023-02-21 14:00:00,2023-02-22 00:00:00,2023-02-22 09:00:00,135.227,135.061,134.995,134.936,10,ENTRY_C_A_AFTER_B,2023-02-23 13:00:00,56900,56872,134.995,2023-02-22 09:00:00,18,2023-02-23 13:00:00,56900,134.985,0,
USDJPY,H1,Research_2015_2024,2023-03-16 15:00:00,2023-03-15 18:00:00,2023-03-16 01:00:00,2023-03-16 08:00:00,133.775,133.492,133.224,133.023,7,ENTRY_A_B_BREAK,2023-03-21 07:00:00,57327,57256,131.847,2023-03-20 15:00:00,64,2023-03-21 07:00:00,57327,131.847,0,
USDJPY,H1,Research_2015_2024,2023-04-24 02:00:00,2023-04-19 09:00:00,2023-04-20 01:00:00,2023-04-20 09:00:00,135.133,134.972,134.861,134.441,41,ENTRY_A_B_BREAK,2023-04-24 10:00:00,57906,57857,134.491,2023-04-21 14:00:00,8,2023-04-24 10:00:00,57906,134.491,0,
USDJPY,H1,Research_2015_2024,2023-04-24 02:00:00,2023-04-19 09:00:00,2023-04-20 01:00:00,2023-04-20 09:00:00,135.133,134.972,134.861,134.441,41,ENTRY_C_A_AFTER_B,2023-04-28 05:00:00,57997,57857,134.861,2023-04-20 09:00:00,8,2023-04-24 10:00:00,57906,134.491,91,
USDJPY,H1,Research_2015_2024,2023-04-27 04:00:00,2023-04-24 12:00:00,2023-04-25 06:00:00,2023-04-26 12:00:00,134.729,134.479,133.94,133.725,16,ENTRY_A_B_BREAK,2023-04-28 04:00:00,57996,57956,134.197,2023-04-27 13:00:00,24,2023-04-28 04:00:00,57996,134.197,0,
USDJPY,H1,Research_2015_2024,2023-04-27 04:00:00,2023-04-24 12:00:00,2023-04-25 06:00:00,2023-04-26 12:00:00,134.729,134.479,133.94,133.725,16,ENTRY_C_A_AFTER_B,2023-04-28 04:00:00,57996,57956,133.94,2023-04-26 12:00:00,24,2023-04-28 04:00:00,57996,134.197,0,
USDJPY,H1,Research_2015_2024,2023-05-09 00:00:00,2023-05-07 23:00:00,2023-05-08 12:00:00,2023-05-08 18:00:00,135.296,135.225,135.175,135.209,6,ENTRY_A_B_BREAK,2023-05-10 06:00:00,58190,58154,135.357,2023-05-09 13:00:00,30,2023-05-10 06:00:00,58190,135.357,0,
USDJPY,H1,Research_2015_2024,2023-05-09 00:00:00,2023-05-07 23:00:00,2023-05-08 12:00:00,2023-05-08 18:00:00,135.296,135.225,135.175,135.209,6,ENTRY_C_A_AFTER_B,2023-05-10 06:00:00,58190,58154,135.175,2023-05-08 18:00:00,30,2023-05-10 06:00:00,58190,135.357,0,
USDJPY,H1,Research_2015_2024,2023-05-12 00:00:00,2023-05-10 06:00:00,2023-05-11 08:00:00,2023-05-11 18:00:00,135.469,134.842,134.587,134.522,6,ENTRY_A_B_BREAK,2023-05-14 22:00:00,58254,58226,135.752,2023-05-12 16:00:00,22,2023-05-14 22:00:00,58254,135.752,0,
USDJPY,H1,Research_2015_2024,2023-05-12 00:00:00,2023-05-10 06:00:00,2023-05-11 08:00:00,2023-05-11 18:00:00,135.469,134.842,134.587,134.522,6,ENTRY_B_B_SUPPORT_REACCEL,2023-05-15 03:00:00,58259,58226,136.023,2023-05-14 23:00:00,22,2023-05-14 22:00:00,58254,135.752,5,2023-05-14 23:00:00
USDJPY,H1,Research_2015_2024,2023-05-12 00:00:00,2023-05-10 06:00:00,2023-05-11 08:00:00,2023-05-11 18:00:00,135.469,134.842,134.587,134.522,6,ENTRY_C_A_AFTER_B,2023-05-14 22:00:00,58254,58226,134.587,2023-05-11 18:00:00,22,2023-05-14 22:00:00,58254,135.752,0,
USDJPY,H1,Research_2015_2024,2023-07-04 17:00:00,2023-07-03 11:00:00,2023-07-03 20:00:00,2023-07-04 04:00:00,144.912,144.752,144.675,144.534,13,ENTRY_A_B_BREAK,2023-07-05 01:00:00,59145,59124,144.544,2023-07-04 16:00:00,8,2023-07-05 01:00:00,59145,144.544,0,
USDJPY,H1,Research_2015_2024,2023-07-27 14:00:00,2023-07-21 08:00:00,2023-07-21 20:00:00,2023-07-25 00:00:00,141.952,141.85,141.621,141.251,62,ENTRY_A_B_BREAK,2023-08-01 01:00:00,59601,59480,142.689,2023-07-31 13:00:00,59,2023-08-01 01:00:00,59601,142.689,0,
USDJPY,H1,Research_2015_2024,2023-07-27 14:00:00,2023-07-21 08:00:00,2023-07-21 20:00:00,2023-07-25 00:00:00,141.952,141.85,141.621,141.251,62,ENTRY_B_B_SUPPORT_REACCEL,2023-08-01 11:00:00,59611,59480,142.843,2023-08-01 04:00:00,59,2023-08-01 01:00:00,59601,142.689,10,2023-08-01 04:00:00
USDJPY,H1,Research_2015_2024,2023-07-27 14:00:00,2023-07-21 08:00:00,2023-07-21 20:00:00,2023-07-25 00:00:00,141.952,141.85,141.621,141.251,62,ENTRY_C_A_AFTER_B,2023-08-01 01:00:00,59601,59480,141.621,2023-07-25 00:00:00,59,2023-08-01 01:00:00,59601,142.689,0,
USDJPY,H1,Research_2015_2024,2023-08-24 05:00:00,2023-08-22 00:00:00,2023-08-22 13:00:00,2023-08-22 20:00:00,146.397,146.131,145.929,145.18,33,ENTRY_A_B_BREAK,2023-08-24 23:00:00,60031,59980,145.957,2023-08-24 13:00:00,18,2023-08-24 23:00:00,60031,145.957,0,
USDJPY,H1,Research_2015_2024,2023-08-24 05:00:00,2023-08-22 00:00:00,2023-08-22 13:00:00,2023-08-22 20:00:00,146.397,146.131,145.929,145.18,33,ENTRY_B_B_SUPPORT_REACCEL,2023-08-25 01:00:00,60033,59980,146.107,2023-08-25 00:00:00,18,2023-08-24 23:00:00,60031,145.957,2,2023-08-25 00:00:00
USDJPY,H1,Research_2015_2024,2023-08-24 05:00:00,2023-08-22 00:00:00,2023-08-22 13:00:00,2023-08-22 20:00:00,146.397,146.131,145.929,145.18,33,ENTRY_C_A_AFTER_B,2023-08-24 23:00:00,60031,59980,145.929,2023-08-22 20:00:00,18,2023-08-24 23:00:00,60031,145.957,0,
USDJPY,H1,Research_2015_2024,2023-09-08 07:00:00,2023-09-07 00:00:00,2023-09-07 12:00:00,2023-09-07 23:00:00,147.872,147.611,147.381,147.395,8,ENTRY_A_B_BREAK,2023-09-12 12:00:00,60332,60271,146.983,2023-09-11 11:00:00,53,2023-09-12 12:00:00,60332,146.983,0,
USDJPY,H1,Research_2015_2024,2023-09-08 07:00:00,2023-09-07 00:00:00,2023-09-07 12:00:00,2023-09-07 23:00:00,147.872,147.611,147.381,147.395,8,ENTRY_B_B_SUPPORT_REACCEL,2023-09-13 00:00:00,60344,60271,147.165,2023-09-12 20:00:00,53,2023-09-12 12:00:00,60332,146.983,12,2023-09-12 20:00:00
USDJPY,H1,Research_2015_2024,2023-09-08 07:00:00,2023-09-07 00:00:00,2023-09-07 12:00:00,2023-09-07 23:00:00,147.872,147.611,147.381,147.395,8,ENTRY_C_A_AFTER_B,2023-09-13 04:00:00,60348,60271,147.381,2023-09-07 23:00:00,53,2023-09-12 12:00:00,60332,146.983,16,
USDJPY,H1,Research_2015_2024,2023-10-11 13:00:00,2023-10-09 05:00:00,2023-10-10 11:00:00,2023-10-11 06:00:00,149.223,149.097,148.967,148.957,7,ENTRY_A_B_BREAK,2023-10-12 12:00:00,60860,60830,149.323,2023-10-11 18:00:00,23,2023-10-12 12:00:00,60860,149.323,0,
USDJPY,H1,Research_2015_2024,2023-10-11 13:00:00,2023-10-09 05:00:00,2023-10-10 11:00:00,2023-10-11 06:00:00,149.223,149.097,148.967,148.957,7,ENTRY_B_B_SUPPORT_REACCEL,2023-10-15 22:00:00,60894,60830,149.561,2023-10-15 21:00:00,23,2023-10-12 12:00:00,60860,149.323,34,2023-10-15 21:00:00
USDJPY,H1,Research_2015_2024,2023-10-11 13:00:00,2023-10-09 05:00:00,2023-10-10 11:00:00,2023-10-11 06:00:00,149.223,149.097,148.967,148.957,7,ENTRY_C_A_AFTER_B,2023-10-12 12:00:00,60860,60830,148.967,2023-10-11 06:00:00,23,2023-10-12 12:00:00,60860,149.323,0,
USDJPY,H1,Research_2015_2024,2023-11-07 03:00:00,2023-11-02 07:00:00,2023-11-02 16:00:00,2023-11-03 09:00:00,150.58,150.543,150.425,150.195,41,ENTRY_A_B_BREAK,2023-11-08 08:00:00,61311,61241,150.691,2023-11-07 14:00:00,29,2023-11-08 08:00:00,61311,150.691,0,
USDJPY,H1,Research_2015_2024,2023-11-07 03:00:00,2023-11-02 07:00:00,2023-11-02 16:00:00,2023-11-03 09:00:00,150.58,150.543,150.425,150.195,41,ENTRY_B_B_SUPPORT_REACCEL,2023-11-08 12:00:00,61315,61241,150.794,2023-11-08 09:00:00,29,2023-11-08 08:00:00,61311,150.691,4,2023-11-08 09:00:00
USDJPY,H1,Research_2015_2024,2023-11-07 03:00:00,2023-11-02 07:00:00,2023-11-02 16:00:00,2023-11-03 09:00:00,150.58,150.543,150.425,150.195,41,ENTRY_C_A_AFTER_B,2023-11-08 08:00:00,61311,61241,150.425,2023-11-03 09:00:00,29,2023-11-08 08:00:00,61311,150.691,0,
USDJPY,H1,Research_2015_2024,2023-11-28 08:00:00,2023-11-27 00:00:00,2023-11-27 10:00:00,2023-11-27 16:00:00,149.674,149.325,149.078,148.689,16,ENTRY_A_B_BREAK,2023-11-30 14:00:00,61701,61631,147.902,2023-11-29 14:00:00,54,2023-11-30 14:00:00,61701,147.902,0,
USDJPY,H1,Research_2015_2024,2024-02-16 00:00:00,2024-02-14 15:00:00,2024-02-14 21:00:00,2024-02-15 16:00:00,150.75,150.624,150.245,150.155,8,ENTRY_A_B_BREAK,2024-02-16 13:00:00,63005,62984,150.365,2024-02-16 03:00:00,13,2024-02-16 13:00:00,63005,150.365,0,
USDJPY,H1,Research_2015_2024,2024-02-16 00:00:00,2024-02-14 15:00:00,2024-02-14 21:00:00,2024-02-15 16:00:00,150.75,150.624,150.245,150.155,8,ENTRY_C_A_AFTER_B,2024-02-16 13:00:00,63005,62984,150.245,2024-02-15 16:00:00,13,2024-02-16 13:00:00,63005,150.365,0,
USDJPY,H1,Research_2015_2024,2024-03-14 13:00:00,2024-03-12 12:00:00,2024-03-13 09:00:00,2024-03-14 04:00:00,148.161,148.045,147.971,147.996,9,ENTRY_A_B_BREAK,2024-03-15 00:00:00,63473,63453,148.355,2024-03-14 18:00:00,11,2024-03-15 00:00:00,63473,148.355,0,
USDJPY,H1,Research_2015_2024,2024-03-14 13:00:00,2024-03-12 12:00:00,2024-03-13 09:00:00,2024-03-14 04:00:00,148.161,148.045,147.971,147.996,9,ENTRY_C_A_AFTER_B,2024-03-15 00:00:00,63473,63453,147.971,2024-03-14 04:00:00,11,2024-03-15 00:00:00,63473,148.355,0,
USDJPY,H1,Research_2015_2024,2024-07-09 02:00:00,2024-07-03 20:00:00,2024-07-04 23:00:00,2024-07-05 14:00:00,161.75,161.395,161.329,161.003,36,ENTRY_A_B_BREAK,2024-07-09 12:00:00,65450,65404,161.117,2024-07-08 08:00:00,10,2024-07-09 12:00:00,65450,161.117,0,
USDJPY,H1,Research_2015_2024,2024-07-09 02:00:00,2024-07-03 20:00:00,2024-07-04 23:00:00,2024-07-05 14:00:00,161.75,161.395,161.329,161.003,36,ENTRY_C_A_AFTER_B,2024-07-09 14:00:00,65452,65404,161.329,2024-07-05 14:00:00,10,2024-07-09 12:00:00,65450,161.117,2,
USDJPY,H1,Research_2015_2024,2024-09-17 20:00:00,2024-09-05 14:00:00,2024-09-06 12:00:00,2024-09-09 11:00:00,144.228,144.041,143.795,142.392,153,ENTRY_A_B_BREAK,2024-09-17 20:00:00,66658,66505,140.912,2024-09-16 15:00:00,0,2024-09-17 20:00:00,66658,140.912,0,
USDJPY,H1,Research_2015_2024,2024-09-17 20:00:00,2024-09-05 14:00:00,2024-09-06 12:00:00,2024-09-09 11:00:00,144.228,144.041,143.795,142.392,153,ENTRY_C_A_AFTER_B,2024-09-20 09:00:00,66719,66505,143.795,2024-09-09 11:00:00,0,2024-09-17 20:00:00,66658,140.912,61,
USDJPY,H1,OOS_2025_2026,2025-01-22 03:00:00,2025-01-19 23:00:00,2025-01-20 13:00:00,2025-01-21 00:00:00,156.58,156.46,156.232,155.921,27,ENTRY_A_B_BREAK,2025-01-22 14:00:00,67684,67646,156.05,2025-01-21 11:00:00,11,2025-01-22 14:00:00,67684,156.05,0,
USDJPY,H1,OOS_2025_2026,2025-01-22 03:00:00,2025-01-19 23:00:00,2025-01-20 13:00:00,2025-01-21 00:00:00,156.58,156.46,156.232,155.921,27,ENTRY_B_B_SUPPORT_REACCEL,2025-01-22 16:00:00,67686,67646,156.423,2025-01-22 15:00:00,11,2025-01-22 14:00:00,67684,156.05,2,2025-01-22 15:00:00
USDJPY,H1,OOS_2025_2026,2025-01-22 03:00:00,2025-01-19 23:00:00,2025-01-20 13:00:00,2025-01-21 00:00:00,156.58,156.46,156.232,155.921,27,ENTRY_C_A_AFTER_B,2025-01-22 15:00:00,67685,67646,156.232,2025-01-21 00:00:00,11,2025-01-22 14:00:00,67684,156.05,1,
USDJPY,H1,OOS_2025_2026,2025-01-29 01:00:00,2025-01-27 06:00:00,2025-01-28 07:00:00,2025-01-28 16:00:00,156.244,155.976,155.757,155.71,9,ENTRY_A_B_BREAK,2025-01-31 05:00:00,67843,67782,154.499,2025-01-30 23:00:00,52,2025-01-31 05:00:00,67843,154.499,0,
USDJPY,H1,OOS_2025_2026,2025-01-29 01:00:00,2025-01-27 06:00:00,2025-01-28 07:00:00,2025-01-28 16:00:00,156.244,155.976,155.757,155.71,9,ENTRY_B_B_SUPPORT_REACCEL,2025-01-31 11:00:00,67849,67782,154.809,2025-01-31 07:00:00,52,2025-01-31 05:00:00,67843,154.499,6,2025-01-31 07:00:00
USDJPY,H1,OOS_2025_2026,2025-02-10 07:00:00,2025-02-05 14:00:00,2025-02-06 09:00:00,2025-02-07 13:00:00,153.204,152.897,152.421,152.167,18,ENTRY_A_B_BREAK,2025-02-10 08:00:00,67990,67971,152.209,2025-02-10 02:00:00,1,2025-02-10 08:00:00,67990,152.209,0,
USDJPY,H1,OOS_2025_2026,2025-02-10 07:00:00,2025-02-05 14:00:00,2025-02-06 09:00:00,2025-02-07 13:00:00,153.204,152.897,152.421,152.167,18,ENTRY_C_A_AFTER_B,2025-02-11 15:00:00,68021,67971,152.421,2025-02-07 13:00:00,1,2025-02-10 08:00:00,67990,152.209,31,
USDJPY,H1,OOS_2025_2026,2025-03-07 18:00:00,2025-03-05 01:00:00,2025-03-05 13:00:00,2025-03-06 01:00:00,150.182,149.737,149.331,147.974,41,ENTRY_A_B_BREAK,2025-03-12 00:00:00,68511,68415,148.118,2025-03-11 14:00:00,55,2025-03-12 00:00:00,68511,148.118,0,
USDJPY,H1,OOS_2025_2026,2025-03-07 18:00:00,2025-03-05 01:00:00,2025-03-05 13:00:00,2025-03-06 01:00:00,150.182,149.737,149.331,147.974,41,ENTRY_B_B_SUPPORT_REACCEL,2025-03-12 06:00:00,68517,68415,148.286,2025-03-12 04:00:00,55,2025-03-12 00:00:00,68511,148.118,6,2025-03-12 04:00:00
USDJPY,H1,OOS_2025_2026,2025-03-07 18:00:00,2025-03-05 01:00:00,2025-03-05 13:00:00,2025-03-06 01:00:00,150.182,149.737,149.331,147.974,41,ENTRY_C_A_AFTER_B,2025-03-17 23:00:00,68606,68415,149.331,2025-03-06 01:00:00,55,2025-03-12 00:00:00,68511,148.118,95,
USDJPY,H1,OOS_2025_2026,2025-04-01 22:00:00,2025-03-28 00:00:00,2025-03-28 12:00:00,2025-03-31 18:00:00,151.208,150.932,150.264,149.818,28,ENTRY_A_B_BREAK,2025-04-01 22:00:00,68869,68841,149.741,2025-04-01 16:00:00,0,2025-04-01 22:00:00,68869,149.741,0,
USDJPY,H1,OOS_2025_2026,2025-04-01 22:00:00,2025-03-31 18:00:00,2025-04-01 06:00:00,2025-04-01 16:00:00,150.264,149.99,149.741,149.818,6,ENTRY_A_B_BREAK,2025-04-07 14:00:00,68957,68863,147.429,2025-04-04 18:00:00,88,2025-04-07 14:00:00,68957,147.429,0,
USDJPY,H1,OOS_2025_2026,2025-04-21 19:00:00,2025-04-17 08:00:00,2025-04-17 18:00:00,2025-04-21 11:00:00,143.087,142.715,141.073,140.859,8,ENTRY_A_B_BREAK,2025-04-23 17:00:00,69248,69194,143.218,2025-04-22 22:00:00,46,2025-04-23 17:00:00,69248,143.218,0,
USDJPY,H1,OOS_2025_2026,2025-04-21 19:00:00,2025-04-17 08:00:00,2025-04-17 18:00:00,2025-04-21 11:00:00,143.087,142.715,141.073,140.859,8,ENTRY_C_A_AFTER_B,2025-04-23 17:00:00,69248,69194,141.073,2025-04-21 11:00:00,46,2025-04-23 17:00:00,69248,143.218,0,
USDJPY,H1,OOS_2025_2026,2025-05-05 16:00:00,2025-05-02 00:00:00,2025-05-02 18:00:00,2025-05-05 07:00:00,145.924,145.084,144.422,144.168,9,ENTRY_A_B_BREAK,2025-05-07 15:00:00,69486,69430,143.453,2025-05-07 09:00:00,47,2025-05-07 15:00:00,69486,143.453,0,
USDJPY,H1,OOS_2025_2026,2025-05-05 16:00:00,2025-05-02 00:00:00,2025-05-02 18:00:00,2025-05-05 07:00:00,145.924,145.084,144.422,144.168,9,ENTRY_B_B_SUPPORT_REACCEL,2025-05-08 06:00:00,69501,69430,144.067,2025-05-07 19:00:00,47,2025-05-07 15:00:00,69486,143.453,15,2025-05-07 19:00:00
USDJPY,H1,OOS_2025_2026,2025-05-05 16:00:00,2025-05-02 00:00:00,2025-05-02 18:00:00,2025-05-05 07:00:00,145.924,145.084,144.422,144.168,9,ENTRY_C_A_AFTER_B,2025-05-08 08:00:00,69503,69430,144.422,2025-05-05 07:00:00,47,2025-05-07 15:00:00,69486,143.453,17,
USDJPY,H1,OOS_2025_2026,2025-05-16 09:00:00,2025-05-14 00:00:00,2025-05-14 16:00:00,2025-05-15 12:00:00,147.67,147.117,146.252,145.56,21,ENTRY_A_B_BREAK,2025-05-20 00:00:00,69687,69627,145.215,2025-05-19 14:00:00,39,2025-05-20 00:00:00,69687,145.215,0,
USDJPY,H1,OOS_2025_2026,2025-05-21 22:00:00,2025-05-20 00:00:00,2025-05-20 13:00:00,2025-05-21 08:00:00,145.512,144.972,144.191,144.095,14,ENTRY_A_B_BREAK,2025-05-27 05:00:00,69812,69719,143.032,2025-05-26 12:00:00,79,2025-05-27 05:00:00,69812,143.032,0,
USDJPY,H1,OOS_2025_2026,2025-05-21 22:00:00,2025-05-20 00:00:00,2025-05-20 13:00:00,2025-05-21 08:00:00,145.512,144.972,144.191,144.095,14,ENTRY_B_B_SUPPORT_REACCEL,2025-05-27 07:00:00,69814,69719,143.489,2025-05-27 06:00:00,79,2025-05-27 05:00:00,69812,143.032,2,2025-05-27 06:00:00
USDJPY,H1,OOS_2025_2026,2025-05-21 22:00:00,2025-05-20 00:00:00,2025-05-20 13:00:00,2025-05-21 08:00:00,145.512,144.972,144.191,144.095,14,ENTRY_C_A_AFTER_B,2025-05-27 14:00:00,69821,69719,144.191,2025-05-21 08:00:00,79,2025-05-27 05:00:00,69812,143.032,9,
USDJPY,H1,OOS_2025_2026,2025-06-06 05:00:00,2025-06-04 05:00:00,2025-06-04 11:00:00,2025-06-05 16:00:00,144.392,144.314,143.975,143.868,13,ENTRY_A_B_BREAK,2025-06-11 06:00:00,70077,69991,145.086,2025-06-06 15:00:00,73,2025-06-11 06:00:00,70077,145.086,0,
USDJPY,H1,OOS_2025_2026,2025-06-06 05:00:00,2025-06-04 05:00:00,2025-06-04 11:00:00,2025-06-05 16:00:00,144.392,144.314,143.975,143.868,13,ENTRY_B_B_SUPPORT_REACCEL,2025-06-11 11:00:00,70082,69991,145.241,2025-06-11 07:00:00,73,2025-06-11 06:00:00,70077,145.086,5,2025-06-11 07:00:00
USDJPY,H1,OOS_2025_2026,2025-06-06 05:00:00,2025-06-04 05:00:00,2025-06-04 11:00:00,2025-06-05 16:00:00,144.392,144.314,143.975,143.868,13,ENTRY_C_A_AFTER_B,2025-06-11 06:00:00,70077,69991,143.975,2025-06-05 16:00:00,73,2025-06-11 06:00:00,70077,145.086,0,
USDJPY,H1,OOS_2025_2026,2025-06-10 01:00:00,2025-06-06 15:00:00,2025-06-09 00:00:00,2025-06-09 13:00:00,145.086,144.947,144.771,145.01,12,ENTRY_A_B_BREAK,2025-06-15 23:00:00,70142,70036,144.481,2025-06-13 13:00:00,94,2025-06-15 23:00:00,70142,144.481,0,
USDJPY,H1,OOS_2025_2026,2025-06-10 01:00:00,2025-06-06 15:00:00,2025-06-09 00:00:00,2025-06-09 13:00:00,145.086,144.947,144.771,145.01,12,ENTRY_C_A_AFTER_B,2025-06-16 19:00:00,70162,70036,144.771,2025-06-09 13:00:00,94,2025-06-15 23:00:00,70142,144.481,20,
USDJPY,H1,OOS_2025_2026,2025-07-24 08:00:00,2025-07-18 20:00:00,2025-07-22 07:00:00,2025-07-23 06:00:00,148.846,147.947,147.215,146.546,26,ENTRY_A_B_BREAK,2025-07-25 08:00:00,70847,70797,147.493,2025-07-25 02:00:00,24,2025-07-25 08:00:00,70847,147.493,0,
USDJPY,H1,OOS_2025_2026,2025-07-24 08:00:00,2025-07-18 20:00:00,2025-07-22 07:00:00,2025-07-23 06:00:00,148.846,147.947,147.215,146.546,26,ENTRY_B_B_SUPPORT_REACCEL,2025-07-25 15:00:00,70854,70797,147.762,2025-07-25 14:00:00,24,2025-07-25 08:00:00,70847,147.493,7,2025-07-25 14:00:00
USDJPY,H1,OOS_2025_2026,2025-07-24 08:00:00,2025-07-18 20:00:00,2025-07-22 07:00:00,2025-07-23 06:00:00,148.846,147.947,147.215,146.546,26,ENTRY_C_A_AFTER_B,2025-07-25 08:00:00,70847,70797,147.215,2025-07-23 06:00:00,24,2025-07-25 08:00:00,70847,147.493,0,
USDJPY,H1,OOS_2025_2026,2025-08-06 08:00:00,2025-08-04 08:00:00,2025-08-05 13:00:00,2025-08-06 02:00:00,148.087,147.834,147.748,147.807,6,ENTRY_A_B_BREAK,2025-08-08 08:00:00,71087,71033,147.584,2025-08-07 15:00:00,48,2025-08-08 08:00:00,71087,147.584,0,
USDJPY,H1,OOS_2025_2026,2025-08-06 08:00:00,2025-08-04 08:00:00,2025-08-05 13:00:00,2025-08-06 02:00:00,148.087,147.834,147.748,147.807,6,ENTRY_B_B_SUPPORT_REACCEL,2025-08-08 10:00:00,71089,71033,147.724,2025-08-08 09:00:00,48,2025-08-08 08:00:00,71087,147.584,2,2025-08-08 09:00:00
USDJPY,H1,OOS_2025_2026,2025-08-06 08:00:00,2025-08-04 08:00:00,2025-08-05 13:00:00,2025-08-06 02:00:00,148.087,147.834,147.748,147.807,6,ENTRY_C_A_AFTER_B,2025-08-08 10:00:00,71089,71033,147.748,2025-08-06 02:00:00,48,2025-08-08 08:00:00,71087,147.584,2,
USDJPY,H1,OOS_2025_2026,2025-08-21 06:00:00,2025-08-19 13:00:00,2025-08-20 00:00:00,2025-08-20 07:00:00,147.901,147.813,147.694,147.562,23,ENTRY_A_B_BREAK,2025-08-25 15:00:00,71358,71278,147.526,2025-08-25 00:00:00,57,2025-08-25 15:00:00,71358,147.526,0,
USDJPY,H1,OOS_2025_2026,2025-08-21 06:00:00,2025-08-19 13:00:00,2025-08-20 00:00:00,2025-08-20 07:00:00,147.901,147.813,147.694,147.562,23,ENTRY_B_B_SUPPORT_REACCEL,2025-08-25 18:00:00,71361,71278,147.629,2025-08-25 16:00:00,57,2025-08-25 15:00:00,71358,147.526,3,2025-08-25 16:00:00
USDJPY,H1,OOS_2025_2026,2025-08-21 06:00:00,2025-08-19 13:00:00,2025-08-20 00:00:00,2025-08-20 07:00:00,147.901,147.813,147.694,147.562,23,ENTRY_C_A_AFTER_B,2025-08-25 18:00:00,71361,71278,147.694,2025-08-20 07:00:00,57,2025-08-25 15:00:00,71358,147.526,3,
USDJPY,H1,OOS_2025_2026,2025-10-02 13:00:00,2025-09-26 10:00:00,2025-09-30 00:00:00,2025-10-01 00:00:00,149.951,148.845,148.226,147.225,37,ENTRY_A_B_BREAK,2025-10-02 14:00:00,72029,71991,147.254,2025-10-01 16:00:00,1,2025-10-02 14:00:00,72029,147.254,0,
USDJPY,H1,OOS_2025_2026,2025-10-02 13:00:00,2025-09-26 10:00:00,2025-09-30 00:00:00,2025-10-01 00:00:00,149.951,148.845,148.226,147.225,37,ENTRY_C_A_AFTER_B,2025-10-05 21:00:00,72060,71991,148.226,2025-10-01 00:00:00,1,2025-10-02 14:00:00,72029,147.254,31,
USDJPY,H1,OOS_2025_2026,2025-10-15 11:00:00,2025-10-14 00:00:00,2025-10-14 13:00:00,2025-10-14 22:00:00,152.612,152.164,151.87,151.497,13,ENTRY_A_B_BREAK,2025-10-19 22:00:00,72301,72229,150.591,2025-10-17 14:00:00,59,2025-10-19 22:00:00,72301,150.591,0,
USDJPY,H1,OOS_2025_2026,2025-10-15 11:00:00,2025-10-14 00:00:00,2025-10-14 13:00:00,2025-10-14 22:00:00,152.612,152.164,151.87,151.497,13,ENTRY_B_B_SUPPORT_REACCEL,2025-10-21 01:00:00,72328,72229,150.887,2025-10-20 03:00:00,59,2025-10-19 22:00:00,72301,150.591,27,2025-10-20 03:00:00
USDJPY,H1,OOS_2025_2026,2025-10-15 11:00:00,2025-10-14 00:00:00,2025-10-14 13:00:00,2025-10-14 22:00:00,152.612,152.164,151.87,151.497,13,ENTRY_C_A_AFTER_B,2025-10-21 10:00:00,72337,72229,151.87,2025-10-14 22:00:00,59,2025-10-19 22:00:00,72301,150.591,36,
USDJPY,H1,OOS_2025_2026,2025-12-05 10:00:00,2025-12-03 08:00:00,2025-12-04 03:00:00,2025-12-05 00:00:00,155.754,155.541,155.232,155.134,10,ENTRY_A_B_BREAK,2025-12-08 10:00:00,73152,73118,155.492,2025-12-05 16:00:00,24,2025-12-08 10:00:00,73152,155.492,0,
USDJPY,H1,OOS_2025_2026,2025-12-05 10:00:00,2025-12-03 08:00:00,2025-12-04 03:00:00,2025-12-05 00:00:00,155.754,155.541,155.232,155.134,10,ENTRY_B_B_SUPPORT_REACCEL,2025-12-08 14:00:00,73156,73118,155.66,2025-12-08 11:00:00,24,2025-12-08 10:00:00,73152,155.492,4,2025-12-08 11:00:00
USDJPY,H1,OOS_2025_2026,2025-12-05 10:00:00,2025-12-03 08:00:00,2025-12-04 03:00:00,2025-12-05 00:00:00,155.754,155.541,155.232,155.134,10,ENTRY_C_A_AFTER_B,2025-12-08 10:00:00,73152,73118,155.232,2025-12-05 00:00:00,24,2025-12-08 10:00:00,73152,155.492,0,
USDJPY,H1,OOS_2025_2026,2025-12-16 15:00:00,2025-12-15 00:00:00,2025-12-15 19:00:00,2025-12-16 07:00:00,155.986,155.398,154.977,154.776,8,ENTRY_A_B_BREAK,2025-12-17 02:00:00,73312,73293,154.997,2025-12-16 14:00:00,11,2025-12-17 02:00:00,73312,154.997,0,
USDJPY,H1,OOS_2025_2026,2025-12-16 15:00:00,2025-12-15 00:00:00,2025-12-15 19:00:00,2025-12-16 07:00:00,155.986,155.398,154.977,154.776,8,ENTRY_C_A_AFTER_B,2025-12-17 02:00:00,73312,73293,154.977,2025-12-16 07:00:00,11,2025-12-17 02:00:00,73312,154.997,0,
USDJPY,H1,OOS_2025_2026,2025-12-24 10:00:00,2025-12-22 09:00:00,2025-12-22 22:00:00,2025-12-23 14:00:00,157.569,157.062,156.543,155.934,20,ENTRY_A_B_BREAK,2025-12-25 23:00:00,73463,73420,156.068,2025-12-24 13:00:00,23,2025-12-25 23:00:00,73463,156.068,0,
USDJPY,H1,OOS_2025_2026,2025-12-24 10:00:00,2025-12-22 09:00:00,2025-12-22 22:00:00,2025-12-23 14:00:00,157.569,157.062,156.543,155.934,20,ENTRY_B_B_SUPPORT_REACCEL,2025-12-26 16:00:00,73480,73420,156.531,2025-12-26 00:00:00,23,2025-12-25 23:00:00,73463,156.068,17,2025-12-26 00:00:00
USDJPY,H1,OOS_2025_2026,2025-12-24 10:00:00,2025-12-22 09:00:00,2025-12-22 22:00:00,2025-12-23 14:00:00,157.569,157.062,156.543,155.934,20,ENTRY_C_A_AFTER_B,2025-12-26 16:00:00,73480,73420,156.543,2025-12-23 14:00:00,23,2025-12-25 23:00:00,73463,156.068,17,
USDJPY,H1,OOS_2025_2026,2026-04-02 01:00:00,2026-03-29 22:00:00,2026-03-31 01:00:00,2026-03-31 07:00:00,160.46,159.97,159.786,159.283,42,ENTRY_A_B_BREAK,2026-04-02 01:00:00,75076,75034,158.943,2026-04-01 19:00:00,0,2026-04-02 01:00:00,75076,158.943,0,
USDJPY,H1,OOS_2025_2026,2026-04-02 01:00:00,2026-03-29 22:00:00,2026-03-31 01:00:00,2026-03-31 07:00:00,160.46,159.97,159.786,159.283,42,ENTRY_C_A_AFTER_B,2026-04-07 00:00:00,75147,75034,159.786,2026-03-31 07:00:00,0,2026-04-02 01:00:00,75076,158.943,71,
USDJPY,H1,OOS_2025_2026,2026-04-14 22:00:00,2026-04-13 12:00:00,2026-04-14 06:00:00,2026-04-14 16:00:00,159.86,159.282,158.934,158.834,6,ENTRY_A_B_BREAK,2026-04-17 00:00:00,75339,75283,159.305,2026-04-16 13:00:00,50,2026-04-17 00:00:00,75339,159.305,0,
USDJPY,H1,OOS_2025_2026,2026-04-14 22:00:00,2026-04-13 12:00:00,2026-04-14 06:00:00,2026-04-14 16:00:00,159.86,159.282,158.934,158.834,6,ENTRY_C_A_AFTER_B,2026-04-17 00:00:00,75339,75283,158.934,2026-04-14 16:00:00,50,2026-04-17 00:00:00,75339,159.305,0,
USDJPY,H1,OOS_2025_2026,2026-04-20 23:00:00,2026-04-17 05:00:00,2026-04-20 00:00:00,2026-04-20 08:00:00,159.528,159.201,159.073,158.849,15,ENTRY_A_B_BREAK,2026-04-21 07:00:00,75394,75371,158.994,2026-04-21 00:00:00,8,2026-04-21 07:00:00,75394,158.994,0,
USDJPY,H1,OOS_2025_2026,2026-04-20 23:00:00,2026-04-17 05:00:00,2026-04-20 00:00:00,2026-04-20 08:00:00,159.528,159.201,159.073,158.849,15,ENTRY_B_B_SUPPORT_REACCEL,2026-04-21 14:00:00,75401,75371,159.254,2026-04-21 08:00:00,8,2026-04-21 07:00:00,75394,158.994,7,2026-04-21 08:00:00
USDJPY,H1,OOS_2025_2026,2026-04-20 23:00:00,2026-04-17 05:00:00,2026-04-20 00:00:00,2026-04-20 08:00:00,159.528,159.201,159.073,158.849,15,ENTRY_C_A_AFTER_B,2026-04-21 08:00:00,75395,75371,159.073,2026-04-20 08:00:00,8,2026-04-21 07:00:00,75394,158.994,1,
USDJPY,H1,OOS_2025_2026,2026-04-27 16:00:00,2026-04-24 03:00:00,2026-04-26 23:00:00,2026-04-27 06:00:00,159.84,159.594,159.481,159.385,10,ENTRY_A_B_BREAK,2026-04-28 01:00:00,75508,75489,159.462,2026-04-27 17:00:00,9,2026-04-28 01:00:00,75508,159.462,0,
USDJPY,H1,OOS_2025_2026,2026-04-27 16:00:00,2026-04-24 03:00:00,2026-04-26 23:00:00,2026-04-27 06:00:00,159.84,159.594,159.481,159.385,10,ENTRY_C_A_AFTER_B,2026-04-28 01:00:00,75508,75489,159.481,2026-04-27 06:00:00,9,2026-04-28 01:00:00,75508,159.462,0,
USDJPY,H4,Research_2015_2024,2014-10-14 20:00:00,2014-10-03 12:00:00,2014-10-08 16:00:00,2014-10-10 08:00:00,109.902,108.741,108.154,107.319,16,ENTRY_A_B_BREAK,2014-10-23 08:00:00,1306,1250,107.392,2014-10-20 00:00:00,40,2014-10-23 08:00:00,1306,107.392,0,
USDJPY,H4,Research_2015_2024,2014-10-14 20:00:00,2014-10-03 12:00:00,2014-10-08 16:00:00,2014-10-10 08:00:00,109.902,108.741,108.154,107.319,16,ENTRY_C_A_AFTER_B,2014-10-23 20:00:00,1309,1250,108.154,2014-10-10 08:00:00,40,2014-10-23 08:00:00,1306,107.392,3,
USDJPY,H4,Research_2015_2024,2015-01-20 00:00:00,2015-01-05 04:00:00,2015-01-08 04:00:00,2015-01-12 08:00:00,120.645,119.963,119.318,118.205,35,ENTRY_A_B_BREAK,2015-01-20 00:00:00,1683,1648,117.762,2015-01-16 16:00:00,0,2015-01-20 00:00:00,1683,117.762,0,
USDJPY,H4,Research_2015_2024,2015-04-13 04:00:00,2015-03-12 00:00:00,2015-03-13 04:00:00,2015-03-17 00:00:00,121.668,121.572,121.519,120.634,119,ENTRY_A_B_BREAK,2015-04-13 04:00:00,2050,1931,119.491,2015-03-27 08:00:00,0,2015-04-13 04:00:00,2050,119.491,0,
USDJPY,H4,Research_2015_2024,2015-04-20 12:00:00,2015-04-15 04:00:00,2015-04-16 04:00:00,2015-04-17 12:00:00,119.744,119.471,119.263,119.276,7,ENTRY_A_B_BREAK,2015-04-22 12:00:00,2095,2076,119.833,2015-04-21 12:00:00,12,2015-04-22 12:00:00,2095,119.833,0,
USDJPY,H4,Research_2015_2024,2015-04-20 12:00:00,2015-04-15 04:00:00,2015-04-16 04:00:00,2015-04-17 12:00:00,119.744,119.471,119.263,119.276,7,ENTRY_B_B_SUPPORT_REACCEL,2015-04-22 20:00:00,2097,2076,119.93,2015-04-22 16:00:00,12,2015-04-22 12:00:00,2095,119.833,2,2015-04-22 16:00:00
USDJPY,H4,Research_2015_2024,2015-04-20 12:00:00,2015-04-15 04:00:00,2015-04-16 04:00:00,2015-04-17 12:00:00,119.744,119.471,119.263,119.276,7,ENTRY_C_A_AFTER_B,2015-04-22 12:00:00,2095,2076,119.263,2015-04-17 12:00:00,12,2015-04-22 12:00:00,2095,119.833,0,
USDJPY,H4,Research_2015_2024,2015-06-15 04:00:00,2015-06-05 12:00:00,2015-06-10 00:00:00,2015-06-11 12:00:00,125.853,124.62,124.133,123.523,11,ENTRY_A_B_BREAK,2015-06-17 08:00:00,2342,2318,123.66,2015-06-15 08:00:00,13,2015-06-17 08:00:00,2342,123.66,0,
USDJPY,H4,Research_2015_2024,2015-06-15 04:00:00,2015-06-05 12:00:00,2015-06-10 00:00:00,2015-06-11 12:00:00,125.853,124.62,124.133,123.523,11,ENTRY_C_A_AFTER_B,2015-06-17 12:00:00,2343,2318,124.133,2015-06-11 12:00:00,13,2015-06-17 08:00:00,2342,123.66,1,
USDJPY,H4,Research_2015_2024,2015-07-29 08:00:00,2015-07-23 12:00:00,2015-07-24 08:00:00,2015-07-28 12:00:00,124.186,124.095,123.792,123.706,5,ENTRY_A_B_BREAK,2015-08-05 12:00:00,2560,2523,124.582,2015-07-30 12:00:00,32,2015-08-05 12:00:00,2560,124.582,0,
USDJPY,H4,Research_2015_2024,2015-07-29 08:00:00,2015-07-23 12:00:00,2015-07-24 08:00:00,2015-07-28 12:00:00,124.186,124.095,123.792,123.706,5,ENTRY_C_A_AFTER_B,2015-08-05 12:00:00,2560,2523,123.792,2015-07-28 12:00:00,32,2015-08-05 12:00:00,2560,124.582,0,
USDJPY,H4,Research_2015_2024,2015-08-04 16:00:00,2015-07-30 12:00:00,2015-07-31 12:00:00,2015-08-03 08:00:00,124.582,124.375,124.271,124.294,8,ENTRY_A_B_BREAK,2015-08-11 16:00:00,2586,2547,125.01,2015-08-05 12:00:00,31,2015-08-11 16:00:00,2586,125.01,0,
USDJPY,H4,Research_2015_2024,2015-08-04 16:00:00,2015-07-30 12:00:00,2015-07-31 12:00:00,2015-08-03 08:00:00,124.582,124.375,124.271,124.294,8,ENTRY_B_B_SUPPORT_REACCEL,2015-08-12 00:00:00,2588,2547,125.196,2015-08-11 20:00:00,31,2015-08-11 16:00:00,2586,125.01,2,2015-08-11 20:00:00
USDJPY,H4,Research_2015_2024,2015-08-04 16:00:00,2015-07-30 12:00:00,2015-07-31 12:00:00,2015-08-03 08:00:00,124.582,124.375,124.271,124.294,8,ENTRY_C_A_AFTER_B,2015-08-11 16:00:00,2586,2547,124.271,2015-08-03 08:00:00,31,2015-08-11 16:00:00,2586,125.01,0,
USDJPY,H4,Research_2015_2024,2015-09-16 08:00:00,2015-09-10 08:00:00,2015-09-13 20:00:00,2015-09-15 00:00:00,121.325,120.84,120.651,120.593,8,ENTRY_A_B_BREAK,2015-09-16 08:00:00,2745,2737,120.492,2015-09-15 16:00:00,0,2015-09-16 08:00:00,2745,120.492,0,
USDJPY,H4,Research_2015_2024,2015-09-16 08:00:00,2015-09-10 08:00:00,2015-09-13 20:00:00,2015-09-15 00:00:00,121.325,120.84,120.651,120.593,8,ENTRY_B_B_SUPPORT_REACCEL,2015-09-17 04:00:00,2750,2737,120.726,2015-09-16 12:00:00,0,2015-09-16 08:00:00,2745,120.492,5,2015-09-16 12:00:00
USDJPY,H4,Research_2015_2024,2015-09-16 08:00:00,2015-09-10 08:00:00,2015-09-13 20:00:00,2015-09-15 00:00:00,121.325,120.84,120.651,120.593,8,ENTRY_C_A_AFTER_B,2015-09-17 04:00:00,2750,2737,120.651,2015-09-15 00:00:00,0,2015-09-16 08:00:00,2745,120.492,5,
USDJPY,H4,Research_2015_2024,2015-09-16 08:00:00,2015-09-13 20:00:00,2015-09-15 00:00:00,2015-09-15 16:00:00,120.84,120.651,120.492,120.593,4,ENTRY_A_B_BREAK,2015-09-25 04:00:00,2787,2741,120.659,2015-09-21 12:00:00,42,2015-09-25 04:00:00,2787,120.659,0,
USDJPY,H4,Research_2015_2024,2015-09-16 08:00:00,2015-09-13 20:00:00,2015-09-15 00:00:00,2015-09-15 16:00:00,120.84,120.651,120.492,120.593,4,ENTRY_C_A_AFTER_B,2015-09-25 04:00:00,2787,2741,120.492,2015-09-15 16:00:00,42,2015-09-25 04:00:00,2787,120.659,0,
USDJPY,H4,Research_2015_2024,2015-11-16 08:00:00,2015-11-09 08:00:00,2015-11-10 12:00:00,2015-11-12 08:00:00,123.602,123.437,123.072,123.045,13,ENTRY_A_B_BREAK,2015-11-18 12:00:00,3025,2999,123.489,2015-11-17 16:00:00,13,2015-11-18 12:00:00,3025,123.489,0,
USDJPY,H4,Research_2015_2024,2015-11-16 08:00:00,2015-11-09 08:00:00,2015-11-10 12:00:00,2015-11-12 08:00:00,123.602,123.437,123.072,123.045,13,ENTRY_C_A_AFTER_B,2015-11-18 12:00:00,3025,2999,123.072,2015-11-12 08:00:00,13,2015-11-18 12:00:00,3025,123.489,0,
USDJPY,H4,Research_2015_2024,2015-12-07 00:00:00,2015-12-02 16:00:00,2015-12-03 08:00:00,2015-12-04 12:00:00,123.67,123.561,123.375,123.288,4,ENTRY_A_B_BREAK,2015-12-11 00:00:00,3127,3099,121.868,2015-12-10 08:00:00,24,2015-12-11 00:00:00,3127,121.868,0,
USDJPY,H4,Research_2015_2024,2016-01-22 04:00:00,2016-01-13 08:00:00,2016-01-14 16:00:00,2016-01-19 08:00:00,118.379,118.279,118.114,118.073,17,ENTRY_A_B_BREAK,2016-01-22 04:00:00,3300,3283,117.474,2016-01-21 00:00:00,0,2016-01-22 04:00:00,3300,117.474,0,
USDJPY,H4,Research_2015_2024,2016-01-22 04:00:00,2016-01-13 08:00:00,2016-01-14 16:00:00,2016-01-19 08:00:00,118.379,118.279,118.114,118.073,17,ENTRY_C_A_AFTER_B,2016-01-22 08:00:00,3301,3283,118.114,2016-01-19 08:00:00,0,2016-01-22 04:00:00,3300,117.474,1,
USDJPY,H4,Research_2015_2024,2016-02-22 08:00:00,2016-02-08 04:00:00,2016-02-16 04:00:00,2016-02-17 12:00:00,117.525,114.876,114.504,113.349,18,ENTRY_A_B_BREAK,2016-03-01 16:00:00,3471,3414,113.992,2016-02-26 20:00:00,39,2016-03-01 16:00:00,3471,113.992,0,
USDJPY,H4,Research_2015_2024,2016-07-08 12:00:00,2016-06-30 20:00:00,2016-07-04 00:00:00,2016-07-06 16:00:00,103.39,102.802,101.465,100.665,11,ENTRY_A_B_BREAK,2016-07-14 04:00:00,4069,4035,104.986,2016-07-12 16:00:00,23,2016-07-14 04:00:00,4069,104.986,0,
USDJPY,H4,Research_2015_2024,2016-07-08 12:00:00,2016-06-30 20:00:00,2016-07-04 00:00:00,2016-07-06 16:00:00,103.39,102.802,101.465,100.665,11,ENTRY_B_B_SUPPORT_REACCEL,2016-07-15 00:00:00,4074,4035,105.448,2016-07-14 20:00:00,23,2016-07-14 04:00:00,4069,104.986,5,2016-07-14 20:00:00
USDJPY,H4,Research_2015_2024,2016-07-08 12:00:00,2016-06-30 20:00:00,2016-07-04 00:00:00,2016-07-06 16:00:00,103.39,102.802,101.465,100.665,11,ENTRY_C_A_AFTER_B,2016-07-14 04:00:00,4069,4035,101.465,2016-07-06 16:00:00,23,2016-07-14 04:00:00,4069,104.986,0,
USDJPY,H4,Research_2015_2024,2016-08-22 00:00:00,2016-08-15 00:00:00,2016-08-15 20:00:00,2016-08-17 04:00:00,101.453,101.291,101.164,100.842,18,ENTRY_A_B_BREAK,2016-08-22 00:00:00,4236,4218,100.497,2016-08-18 08:00:00,0,2016-08-22 00:00:00,4236,100.497,0,
USDJPY,H4,Research_2015_2024,2016-08-22 00:00:00,2016-08-15 00:00:00,2016-08-15 20:00:00,2016-08-17 04:00:00,101.453,101.291,101.164,100.842,18,ENTRY_C_A_AFTER_B,2016-08-26 12:00:00,4263,4218,101.164,2016-08-17 04:00:00,0,2016-08-22 00:00:00,4236,100.497,27,
USDJPY,H4,Research_2015_2024,2016-09-21 00:00:00,2016-09-15 12:00:00,2016-09-16 16:00:00,2016-09-20 00:00:00,102.755,102.461,102.062,101.921,6,ENTRY_A_B_BREAK,2016-09-29 00:00:00,4409,4366,100.987,2016-09-27 04:00:00,37,2016-09-29 00:00:00,4409,100.987,0,
USDJPY,H4,Research_2015_2024,2016-09-21 00:00:00,2016-09-15 12:00:00,2016-09-16 16:00:00,2016-09-20 00:00:00,102.755,102.461,102.062,101.921,6,ENTRY_C_A_AFTER_B,2016-10-04 00:00:00,4428,4366,102.062,2016-09-20 00:00:00,37,2016-09-29 00:00:00,4409,100.987,19,
USDJPY,H4,Research_2015_2024,2016-10-20 16:00:00,2016-10-13 00:00:00,2016-10-14 12:00:00,2016-10-17 00:00:00,104.635,104.475,104.371,103.945,22,ENTRY_A_B_BREAK,2016-10-24 12:00:00,4518,4484,104.202,2016-10-21 00:00:00,12,2016-10-24 12:00:00,4518,104.202,0,
USDJPY,H4,Research_2015_2024,2016-10-20 16:00:00,2016-10-13 00:00:00,2016-10-14 12:00:00,2016-10-17 00:00:00,104.635,104.475,104.371,103.945,22,ENTRY_B_B_SUPPORT_REACCEL,2016-10-24 20:00:00,4520,4484,104.294,2016-10-24 16:00:00,12,2016-10-24 12:00:00,4518,104.202,2,2016-10-24 16:00:00
USDJPY,H4,Research_2015_2024,2016-10-20 16:00:00,2016-10-13 00:00:00,2016-10-14 12:00:00,2016-10-17 00:00:00,104.635,104.475,104.371,103.945,22,ENTRY_C_A_AFTER_B,2016-10-25 00:00:00,4521,4484,104.371,2016-10-17 00:00:00,12,2016-10-24 12:00:00,4518,104.202,3,
USDJPY,H4,Research_2015_2024,2016-11-07 04:00:00,2016-10-28 12:00:00,2016-10-31 12:00:00,2016-11-01 08:00:00,105.531,105.231,105.116,104.445,24,ENTRY_A_B_BREAK,2016-11-07 04:00:00,4578,4554,103.353,2016-11-04 04:00:00,0,2016-11-07 04:00:00,4578,103.353,0,
USDJPY,H4,Research_2015_2024,2016-11-07 04:00:00,2016-10-28 12:00:00,2016-10-31 12:00:00,2016-11-01 08:00:00,105.531,105.231,105.116,104.445,24,ENTRY_C_A_AFTER_B,2016-11-09 16:00:00,4593,4554,105.116,2016-11-01 08:00:00,0,2016-11-07 04:00:00,4578,103.353,15,
USDJPY,H4,Research_2015_2024,2017-01-18 08:00:00,2017-01-11 16:00:00,2017-01-13 12:00:00,2017-01-17 00:00:00,116.87,115.445,114.282,113.361,8,ENTRY_A_B_BREAK,2017-01-26 08:00:00,4938,4893,113.988,2017-01-24 20:00:00,37,2017-01-26 08:00:00,4938,113.988,0,
USDJPY,H4,Research_2015_2024,2017-01-18 08:00:00,2017-01-11 16:00:00,2017-01-13 12:00:00,2017-01-17 00:00:00,116.87,115.445,114.282,113.361,8,ENTRY_B_B_SUPPORT_REACCEL,2017-01-27 00:00:00,4942,4893,114.859,2017-01-26 12:00:00,37,2017-01-26 08:00:00,4938,113.988,4,2017-01-26 12:00:00
USDJPY,H4,Research_2015_2024,2017-01-18 08:00:00,2017-01-11 16:00:00,2017-01-13 12:00:00,2017-01-17 00:00:00,116.87,115.445,114.282,113.361,8,ENTRY_C_A_AFTER_B,2017-01-26 12:00:00,4939,4893,114.282,2017-01-17 00:00:00,37,2017-01-26 08:00:00,4938,113.988,1,
USDJPY,H4,Research_2015_2024,2017-04-17 04:00:00,2017-04-10 00:00:00,2017-04-12 16:00:00,2017-04-13 12:00:00,111.58,109.867,109.394,108.319,11,ENTRY_A_B_BREAK,2017-04-20 12:00:00,5311,5280,109.219,2017-04-18 00:00:00,20,2017-04-20 12:00:00,5311,109.219,0,
USDJPY,H4,Research_2015_2024,2017-04-17 04:00:00,2017-04-10 00:00:00,2017-04-12 16:00:00,2017-04-13 12:00:00,111.58,109.867,109.394,108.319,11,ENTRY_C_A_AFTER_B,2017-04-23 20:00:00,5320,5280,109.394,2017-04-13 12:00:00,20,2017-04-20 12:00:00,5311,109.219,9,
USDJPY,H4,Research_2015_2024,2017-08-15 08:00:00,2017-08-04 12:00:00,2017-08-07 12:00:00,2017-08-08 12:00:00,111.048,110.919,110.829,110.428,30,ENTRY_A_B_BREAK,2017-08-16 04:00:00,5830,5795,110.848,2017-08-15 12:00:00,5,2017-08-16 04:00:00,5830,110.848,0,
USDJPY,H4,Research_2015_2024,2017-08-15 08:00:00,2017-08-04 12:00:00,2017-08-07 12:00:00,2017-08-08 12:00:00,111.048,110.919,110.829,110.428,30,ENTRY_C_A_AFTER_B,2017-08-16 04:00:00,5830,5795,110.829,2017-08-08 12:00:00,5,2017-08-16 04:00:00,5830,110.848,0,
USDJPY,H4,Research_2015_2024,2017-10-11 20:00:00,2017-10-06 12:00:00,2017-10-10 00:00:00,2017-10-11 00:00:00,113.438,112.828,112.584,112.443,5,ENTRY_A_B_BREAK,2017-10-18 04:00:00,6109,6077,112.478,2017-10-17 12:00:00,27,2017-10-18 04:00:00,6109,112.478,0,
USDJPY,H4,Research_2015_2024,2017-10-11 20:00:00,2017-10-06 12:00:00,2017-10-10 00:00:00,2017-10-11 00:00:00,113.438,112.828,112.584,112.443,5,ENTRY_B_B_SUPPORT_REACCEL,2017-10-18 12:00:00,6111,6077,112.837,2017-10-18 08:00:00,27,2017-10-18 04:00:00,6109,112.478,2,2017-10-18 08:00:00
USDJPY,H4,Research_2015_2024,2017-10-11 20:00:00,2017-10-06 12:00:00,2017-10-10 00:00:00,2017-10-11 00:00:00,113.438,112.828,112.584,112.443,5,ENTRY_C_A_AFTER_B,2017-10-18 08:00:00,6110,6077,112.584,2017-10-11 00:00:00,27,2017-10-18 04:00:00,6109,112.478,1,
USDJPY,H4,Research_2015_2024,2017-11-21 08:00:00,2017-11-14 08:00:00,2017-11-16 08:00:00,2017-11-20 16:00:00,113.91,113.33,112.719,112.588,4,ENTRY_A_B_BREAK,2017-11-30 04:00:00,6301,6255,112.148,2017-11-29 12:00:00,42,2017-11-30 04:00:00,6301,112.148,0,
USDJPY,H4,Research_2015_2024,2017-11-21 08:00:00,2017-11-14 08:00:00,2017-11-16 08:00:00,2017-11-20 16:00:00,113.91,113.33,112.719,112.588,4,ENTRY_C_A_AFTER_B,2017-12-01 12:00:00,6309,6255,112.719,2017-11-20 16:00:00,42,2017-11-30 04:00:00,6301,112.148,8,
USDJPY,H4,Research_2015_2024,2018-01-31 00:00:00,2018-01-22 16:00:00,2018-01-26 00:00:00,2018-01-29 16:00:00,111.223,109.771,109.202,108.881,8,ENTRY_A_B_BREAK,2018-02-02 04:00:00,6577,6556,109.749,2018-02-01 08:00:00,13,2018-02-02 04:00:00,6577,109.749,0,
USDJPY,H4,Research_2015_2024,2018-01-31 00:00:00,2018-01-22 16:00:00,2018-01-26 00:00:00,2018-01-29 16:00:00,111.223,109.771,109.202,108.881,8,ENTRY_B_B_SUPPORT_REACCEL,2018-02-02 12:00:00,6579,6556,109.921,2018-02-02 08:00:00,13,2018-02-02 04:00:00,6577,109.749,2,2018-02-02 08:00:00
USDJPY,H4,Research_2015_2024,2018-01-31 00:00:00,2018-01-22 16:00:00,2018-01-26 00:00:00,2018-01-29 16:00:00,111.223,109.771,109.202,108.881,8,ENTRY_C_A_AFTER_B,2018-02-02 04:00:00,6577,6556,109.202,2018-01-29 16:00:00,13,2018-02-02 04:00:00,6577,109.749,0,
USDJPY,H4,Research_2015_2024,2018-02-20 04:00:00,2018-02-08 04:00:00,2018-02-09 08:00:00,2018-02-12 16:00:00,109.782,109.309,108.809,106.969,34,ENTRY_A_B_BREAK,2018-02-20 04:00:00,6652,6618,106.398,2018-02-16 16:00:00,0,2018-02-20 04:00:00,6652,106.398,0,
USDJPY,H4,Research_2015_2024,2018-02-20 04:00:00,2018-02-08 04:00:00,2018-02-09 08:00:00,2018-02-12 16:00:00,109.782,109.309,108.809,106.969,34,ENTRY_B_B_SUPPORT_REACCEL,2018-02-25 20:00:00,6675,6618,106.938,2018-02-23 12:00:00,0,2018-02-20 04:00:00,6652,106.398,23,2018-02-23 12:00:00
USDJPY,H4,Research_2015_2024,2018-03-07 16:00:00,2018-02-27 12:00:00,2018-03-01 12:00:00,2018-03-06 00:00:00,107.674,107.202,106.461,106.061,10,ENTRY_A_B_BREAK,2018-03-08 20:00:00,6730,6713,106.225,2018-03-07 16:00:00,7,2018-03-08 20:00:00,6730,106.225,0,
USDJPY,H4,Research_2015_2024,2018-03-07 16:00:00,2018-02-27 12:00:00,2018-03-01 12:00:00,2018-03-06 00:00:00,107.674,107.202,106.461,106.061,10,ENTRY_B_B_SUPPORT_REACCEL,2018-03-13 04:00:00,6745,6713,106.588,2018-03-12 16:00:00,7,2018-03-08 20:00:00,6730,106.225,15,2018-03-12 16:00:00
USDJPY,H4,Research_2015_2024,2018-03-07 16:00:00,2018-02-27 12:00:00,2018-03-01 12:00:00,2018-03-06 00:00:00,107.674,107.202,106.461,106.061,10,ENTRY_C_A_AFTER_B,2018-03-09 00:00:00,6731,6713,106.461,2018-03-06 00:00:00,7,2018-03-08 20:00:00,6730,106.225,1,
USDJPY,H4,Research_2015_2024,2018-06-01 00:00:00,2018-05-27 20:00:00,2018-05-30 12:00:00,2018-05-31 08:00:00,109.832,109.073,109.001,109.154,4,ENTRY_A_B_BREAK,2018-06-04 16:00:00,7114,7099,109.733,2018-06-01 12:00:00,11,2018-06-04 16:00:00,7114,109.733,0,
USDJPY,H4,Research_2015_2024,2018-06-01 00:00:00,2018-05-27 20:00:00,2018-05-30 12:00:00,2018-05-31 08:00:00,109.832,109.073,109.001,109.154,4,ENTRY_B_B_SUPPORT_REACCEL,2018-06-06 04:00:00,7123,7099,110.004,2018-06-04 20:00:00,11,2018-06-04 16:00:00,7114,109.733,9,2018-06-04 20:00:00
USDJPY,H4,Research_2015_2024,2018-06-01 00:00:00,2018-05-27 20:00:00,2018-05-30 12:00:00,2018-05-31 08:00:00,109.832,109.073,109.001,109.154,4,ENTRY_C_A_AFTER_B,2018-06-04 16:00:00,7114,7099,109.001,2018-05-31 08:00:00,11,2018-06-04 16:00:00,7114,109.733,0,
USDJPY,H4,Research_2015_2024,2018-07-30 00:00:00,2018-07-23 16:00:00,2018-07-25 00:00:00,2018-07-26 16:00:00,111.543,111.383,111.248,111.116,9,ENTRY_A_B_BREAK,2018-07-31 04:00:00,7365,7349,111.164,2018-07-30 04:00:00,7,2018-07-31 04:00:00,7365,111.164,0,
USDJPY,H4,Research_2015_2024,2018-07-30 00:00:00,2018-07-23 16:00:00,2018-07-25 00:00:00,2018-07-26 16:00:00,111.543,111.383,111.248,111.116,9,ENTRY_B_B_SUPPORT_REACCEL,2018-08-06 00:00:00,7389,7349,111.288,2018-08-03 16:00:00,7,2018-07-31 04:00:00,7365,111.164,24,2018-08-03 16:00:00
USDJPY,H4,Research_2015_2024,2018-07-30 00:00:00,2018-07-23 16:00:00,2018-07-25 00:00:00,2018-07-26 16:00:00,111.543,111.383,111.248,111.116,9,ENTRY_C_A_AFTER_B,2018-07-31 04:00:00,7365,7349,111.248,2018-07-26 16:00:00,7,2018-07-31 04:00:00,7365,111.164,0,
USDJPY,H4,Research_2015_2024,2018-08-14 04:00:00,2018-08-07 16:00:00,2018-08-09 08:00:00,2018-08-13 12:00:00,111.478,111.183,110.933,111.107,4,ENTRY_A_B_BREAK,2018-08-22 20:00:00,7468,7423,110.547,2018-08-21 16:00:00,41,2018-08-22 20:00:00,7468,110.547,0,
USDJPY,H4,Research_2015_2024,2018-08-14 04:00:00,2018-08-07 16:00:00,2018-08-09 08:00:00,2018-08-13 12:00:00,111.478,111.183,110.933,111.107,4,ENTRY_B_B_SUPPORT_REACCEL,2018-08-23 12:00:00,7472,7423,110.929,2018-08-23 00:00:00,41,2018-08-22 20:00:00,7468,110.547,4,2018-08-23 00:00:00
USDJPY,H4,Research_2015_2024,2018-08-14 04:00:00,2018-08-07 16:00:00,2018-08-09 08:00:00,2018-08-13 12:00:00,111.478,111.183,110.933,111.107,4,ENTRY_C_A_AFTER_B,2018-08-23 12:00:00,7472,7423,110.933,2018-08-13 12:00:00,41,2018-08-22 20:00:00,7468,110.547,4,
USDJPY,H4,Research_2015_2024,2018-10-30 00:00:00,2018-10-22 12:00:00,2018-10-24 12:00:00,2018-10-25 16:00:00,112.885,112.744,112.674,112.658,15,ENTRY_A_B_BREAK,2018-11-06 16:00:00,7802,7752,113.383,2018-10-31 12:00:00,35,2018-11-06 16:00:00,7802,113.383,0,
USDJPY,H4,Research_2015_2024,2018-10-30 00:00:00,2018-10-22 12:00:00,2018-10-24 12:00:00,2018-10-25 16:00:00,112.885,112.744,112.674,112.658,15,ENTRY_C_A_AFTER_B,2018-11-06 16:00:00,7802,7752,112.674,2018-10-25 16:00:00,35,2018-11-06 16:00:00,7802,113.383,0,
USDJPY,H4,Research_2015_2024,2018-11-26 12:00:00,2018-11-12 04:00:00,2018-11-13 08:00:00,2018-11-14 12:00:00,114.205,114.146,114.007,113.591,50,ENTRY_A_B_BREAK,2018-11-26 12:00:00,7888,7838,113.2,2018-11-21 20:00:00,0,2018-11-26 12:00:00,7888,113.2,0,
USDJPY,H4,Research_2015_2024,2018-11-26 12:00:00,2018-11-12 04:00:00,2018-11-13 08:00:00,2018-11-14 12:00:00,114.205,114.146,114.007,113.591,50,ENTRY_B_B_SUPPORT_REACCEL,2018-11-29 16:00:00,7907,7838,113.418,2018-11-29 04:00:00,0,2018-11-26 12:00:00,7888,113.2,19,2018-11-29 04:00:00
USDJPY,H4,Research_2015_2024,2018-11-26 12:00:00,2018-11-12 04:00:00,2018-11-13 08:00:00,2018-11-14 12:00:00,114.205,114.146,114.007,113.591,50,ENTRY_C_A_AFTER_B,2018-11-28 12:00:00,7900,7838,114.007,2018-11-14 12:00:00,0,2018-11-26 12:00:00,7888,113.2,12,
USDJPY,H4,Research_2015_2024,2018-12-10 08:00:00,2018-12-03 16:00:00,2018-12-05 20:00:00,2018-12-07 04:00:00,113.709,113.241,112.927,112.658,8,ENTRY_A_B_BREAK,2018-12-11 16:00:00,7957,7941,113.374,2018-12-10 20:00:00,8,2018-12-11 16:00:00,7957,113.374,0,
USDJPY,H4,Research_2015_2024,2018-12-10 08:00:00,2018-12-03 16:00:00,2018-12-05 20:00:00,2018-12-07 04:00:00,113.709,113.241,112.927,112.658,8,ENTRY_B_B_SUPPORT_REACCEL,2018-12-12 00:00:00,7959,7941,113.445,2018-12-11 20:00:00,8,2018-12-11 16:00:00,7957,113.374,2,2018-12-11 20:00:00
USDJPY,H4,Research_2015_2024,2018-12-10 08:00:00,2018-12-03 16:00:00,2018-12-05 20:00:00,2018-12-07 04:00:00,113.709,113.241,112.927,112.658,8,ENTRY_C_A_AFTER_B,2018-12-11 16:00:00,7957,7941,112.927,2018-12-07 04:00:00,8,2018-12-11 16:00:00,7957,113.374,0,
USDJPY,H4,Research_2015_2024,2019-01-11 16:00:00,2018-12-19 20:00:00,2018-12-26 20:00:00,2018-12-27 20:00:00,112.665,111.408,111.105,108.493,58,ENTRY_A_B_BREAK,2019-01-15 04:00:00,8097,8029,108.622,2019-01-06 20:00:00,10,2019-01-15 04:00:00,8097,108.622,0,
USDJPY,H4,Research_2015_2024,2019-04-24 16:00:00,2019-04-17 00:00:00,2019-04-17 16:00:00,2019-04-22 00:00:00,112.165,112.122,111.991,112.2,16,ENTRY_A_B_BREAK,2019-04-24 16:00:00,8540,8524,112.032,2019-04-23 12:00:00,0,2019-04-24 16:00:00,8540,112.032,0,
USDJPY,H4,Research_2015_2024,2019-04-24 16:00:00,2019-04-17 00:00:00,2019-04-17 16:00:00,2019-04-22 00:00:00,112.165,112.122,111.991,112.2,16,ENTRY_C_A_AFTER_B,2019-04-24 16:00:00,8540,8524,111.991,2019-04-22 00:00:00,0,2019-04-24 16:00:00,8540,112.032,0,
USDJPY,H4,Research_2015_2024,2019-05-21 08:00:00,2019-04-26 12:00:00,2019-04-29 12:00:00,2019-05-02 00:00:00,112.031,111.898,111.664,110.428,83,ENTRY_A_B_BREAK,2019-05-21 08:00:00,8656,8573,109.772,2019-05-14 04:00:00,0,2019-05-21 08:00:00,8656,109.772,0,
USDJPY,H4,Research_2015_2024,2019-07-05 12:00:00,2019-06-11 12:00:00,2019-06-17 08:00:00,2019-06-18 12:00:00,108.8,108.724,108.676,108.551,80,ENTRY_A_B_BREAK,2019-07-05 12:00:00,8861,8781,108.161,2019-06-27 04:00:00,0,2019-07-05 12:00:00,8861,108.161,0,
USDJPY,H4,Research_2015_2024,2019-07-05 12:00:00,2019-06-11 12:00:00,2019-06-17 08:00:00,2019-06-18 12:00:00,108.8,108.724,108.676,108.551,80,ENTRY_C_A_AFTER_B,2019-07-08 12:00:00,8868,8781,108.676,2019-06-18 12:00:00,0,2019-07-05 12:00:00,8861,108.161,7,
USDJPY,H4,Research_2015_2024,2019-08-18 20:00:00,2019-08-13 12:00:00,2019-08-15 04:00:00,2019-08-16 08:00:00,106.973,106.777,106.494,106.433,4,ENTRY_A_B_BREAK,2019-08-23 08:00:00,9077,9046,106.653,2019-08-22 00:00:00,27,2019-08-23 08:00:00,9077,106.653,0,
USDJPY,H4,Research_2015_2024,2019-08-18 20:00:00,2019-08-13 12:00:00,2019-08-15 04:00:00,2019-08-16 08:00:00,106.973,106.777,106.494,106.433,4,ENTRY_C_A_AFTER_B,2019-08-23 08:00:00,9077,9046,106.494,2019-08-16 08:00:00,27,2019-08-23 08:00:00,9077,106.653,0,
USDJPY,H4,Research_2015_2024,2019-08-28 12:00:00,2019-08-23 08:00:00,2019-08-26 12:00:00,2019-08-27 12:00:00,106.734,106.413,106.069,105.869,6,ENTRY_A_B_BREAK,2019-08-29 08:00:00,9102,9091,106.229,2019-08-28 16:00:00,5,2019-08-29 08:00:00,9102,106.229,0,
USDJPY,H4,Research_2015_2024,2019-08-28 12:00:00,2019-08-23 08:00:00,2019-08-26 12:00:00,2019-08-27 12:00:00,106.734,106.413,106.069,105.869,6,ENTRY_C_A_AFTER_B,2019-08-29 08:00:00,9102,9091,106.069,2019-08-27 12:00:00,5,2019-08-29 08:00:00,9102,106.229,0,
USDJPY,H4,Research_2015_2024,2019-11-18 04:00:00,2019-11-08 12:00:00,2019-11-12 04:00:00,2019-11-13 08:00:00,109.476,109.292,109.149,108.918,18,ENTRY_A_B_BREAK,2019-11-18 04:00:00,9455,9437,108.855,2019-11-15 16:00:00,0,2019-11-18 04:00:00,9455,108.855,0,
USDJPY,H4,Research_2015_2024,2019-11-18 04:00:00,2019-11-08 12:00:00,2019-11-12 04:00:00,2019-11-13 08:00:00,109.476,109.292,109.149,108.918,18,ENTRY_C_A_AFTER_B,2019-11-27 04:00:00,9498,9437,109.149,2019-11-13 08:00:00,0,2019-11-18 04:00:00,9455,108.855,43,
USDJPY,H4,Research_2015_2024,2019-11-18 04:00:00,2019-11-12 04:00:00,2019-11-13 08:00:00,2019-11-15 16:00:00,109.292,109.149,108.855,108.918,4,ENTRY_A_B_BREAK,2019-11-27 12:00:00,9500,9451,109.208,2019-11-26 00:00:00,45,2019-11-27 12:00:00,9500,109.208,0,
USDJPY,H4,Research_2015_2024,2019-11-18 04:00:00,2019-11-12 04:00:00,2019-11-13 08:00:00,2019-11-15 16:00:00,109.292,109.149,108.855,108.918,4,ENTRY_C_A_AFTER_B,2019-11-27 12:00:00,9500,9451,108.855,2019-11-15 16:00:00,45,2019-11-27 12:00:00,9500,109.208,0,
USDJPY,H4,Research_2015_2024,2019-12-26 00:00:00,2019-12-19 00:00:00,2019-12-22 20:00:00,2019-12-24 20:00:00,109.685,109.538,109.424,109.545,4,ENTRY_A_B_BREAK,2020-01-07 12:00:00,9668,9620,108.505,2020-01-06 16:00:00,44,2020-01-07 12:00:00,9668,108.505,0,
USDJPY,H4,Research_2015_2024,2019-12-26 00:00:00,2019-12-19 00:00:00,2019-12-22 20:00:00,2019-12-24 20:00:00,109.685,109.538,109.424,109.545,4,ENTRY_C_A_AFTER_B,2020-01-09 08:00:00,9679,9620,109.424,2019-12-24 20:00:00,44,2020-01-07 12:00:00,9668,108.505,11,
USDJPY,H4,Research_2015_2024,2020-03-13 08:00:00,2020-02-20 12:00:00,2020-02-26 12:00:00,2020-02-27 16:00:00,112.224,110.701,110.347,106.89,66,ENTRY_A_B_BREAK,2020-03-13 08:00:00,9964,9898,105.919,2020-03-10 16:00:00,0,2020-03-13 08:00:00,9964,105.919,0,
USDJPY,H4,Research_2015_2024,2020-03-13 08:00:00,2020-02-20 12:00:00,2020-02-26 12:00:00,2020-02-27 16:00:00,112.224,110.701,110.347,106.89,66,ENTRY_B_B_SUPPORT_REACCEL,2020-03-17 16:00:00,9979,9898,107.592,2020-03-15 20:00:00,0,2020-03-13 08:00:00,9964,105.919,15,2020-03-15 20:00:00
USDJPY,H4,Research_2015_2024,2020-03-13 08:00:00,2020-02-20 12:00:00,2020-02-26 12:00:00,2020-02-27 16:00:00,112.224,110.701,110.347,106.89,66,ENTRY_C_A_AFTER_B,2020-03-19 16:00:00,9991,9898,110.347,2020-02-27 16:00:00,0,2020-03-13 08:00:00,9964,105.919,27,
USDJPY,H4,Research_2015_2024,2020-05-11 04:00:00,2020-04-16 20:00:00,2020-04-20 04:00:00,2020-04-21 16:00:00,108.083,107.949,107.892,107.18,84,ENTRY_A_B_BREAK,2020-05-11 04:00:00,10218,10134,106.655,2020-05-07 12:00:00,0,2020-05-11 04:00:00,10218,106.655,0,
USDJPY,H4,Research_2015_2024,2020-05-11 04:00:00,2020-04-16 20:00:00,2020-04-20 04:00:00,2020-04-21 16:00:00,108.083,107.949,107.892,107.18,84,ENTRY_B_B_SUPPORT_REACCEL,2020-05-14 16:00:00,10239,10134,107.178,2020-05-13 12:00:00,0,2020-05-11 04:00:00,10218,106.655,21,2020-05-13 12:00:00
USDJPY,H4,Research_2015_2024,2020-05-18 16:00:00,2020-05-11 16:00:00,2020-05-15 00:00:00,2020-05-15 16:00:00,107.768,107.433,107.372,107.333,7,ENTRY_A_B_BREAK,2020-05-26 00:00:00,10285,10245,107.78,2020-05-24 20:00:00,33,2020-05-26 00:00:00,10285,107.78,0,
USDJPY,H4,Research_2015_2024,2020-05-18 16:00:00,2020-05-11 16:00:00,2020-05-15 00:00:00,2020-05-15 16:00:00,107.768,107.433,107.372,107.333,7,ENTRY_C_A_AFTER_B,2020-05-26 00:00:00,10285,10245,107.372,2020-05-15 16:00:00,33,2020-05-26 00:00:00,10285,107.78,0,
USDJPY,H4,Research_2015_2024,2020-08-11 12:00:00,2020-07-21 04:00:00,2020-07-22 16:00:00,2020-07-23 12:00:00,107.365,107.289,107.229,106.562,81,ENTRY_A_B_BREAK,2020-08-11 12:00:00,10629,10548,106.471,2020-08-03 12:00:00,0,2020-08-11 12:00:00,10629,106.471,0,
USDJPY,H4,Research_2015_2024,2020-08-11 12:00:00,2020-07-21 04:00:00,2020-07-22 16:00:00,2020-07-23 12:00:00,107.365,107.289,107.229,106.562,81,ENTRY_B_B_SUPPORT_REACCEL,2020-08-12 00:00:00,10632,10548,106.683,2020-08-11 16:00:00,0,2020-08-11 12:00:00,10629,106.471,3,2020-08-11 16:00:00
USDJPY,H4,Research_2015_2024,2020-08-24 16:00:00,2020-08-17 00:00:00,2020-08-20 00:00:00,2020-08-21 12:00:00,106.654,106.215,106.072,105.975,8,ENTRY_A_B_BREAK,2020-08-27 16:00:00,10704,10678,106.577,2020-08-25 12:00:00,18,2020-08-27 16:00:00,10704,106.577,0,
USDJPY,H4,Research_2015_2024,2020-08-24 16:00:00,2020-08-17 00:00:00,2020-08-20 00:00:00,2020-08-21 12:00:00,106.654,106.215,106.072,105.975,8,ENTRY_B_B_SUPPORT_REACCEL,2020-08-28 00:00:00,10706,10678,106.682,2020-08-27 20:00:00,18,2020-08-27 16:00:00,10704,106.577,2,2020-08-27 20:00:00
USDJPY,H4,Research_2015_2024,2020-08-24 16:00:00,2020-08-17 00:00:00,2020-08-20 00:00:00,2020-08-21 12:00:00,106.654,106.215,106.072,105.975,8,ENTRY_C_A_AFTER_B,2020-08-27 16:00:00,10704,10678,106.072,2020-08-21 12:00:00,18,2020-08-27 16:00:00,10704,106.577,0,
USDJPY,H4,Research_2015_2024,2020-09-30 08:00:00,2020-09-08 08:00:00,2020-09-10 00:00:00,2020-09-11 04:00:00,106.382,106.302,106.264,105.717,82,ENTRY_A_B_BREAK,2020-09-30 08:00:00,10851,10769,104.891,2020-09-21 12:00:00,0,2020-09-30 08:00:00,10851,104.891,0,
USDJPY,H4,Research_2015_2024,2020-09-30 08:00:00,2020-09-08 08:00:00,2020-09-10 00:00:00,2020-09-11 04:00:00,106.382,106.302,106.264,105.717,82,ENTRY_B_B_SUPPORT_REACCEL,2020-10-05 12:00:00,10871,10769,105.677,2020-10-02 04:00:00,0,2020-09-30 08:00:00,10851,104.891,20,2020-10-02 04:00:00
USDJPY,H4,Research_2015_2024,2020-12-21 04:00:00,2020-12-10 08:00:00,2020-12-15 00:00:00,2020-12-16 16:00:00,104.579,104.152,103.918,103.598,16,ENTRY_A_B_BREAK,2020-12-21 08:00:00,11211,11194,103.595,2020-12-18 08:00:00,1,2020-12-21 08:00:00,11211,103.595,0,
USDJPY,H4,Research_2015_2024,2020-12-24 08:00:00,2020-12-21 08:00:00,2020-12-22 16:00:00,2020-12-23 16:00:00,103.89,103.735,103.652,103.66,4,ENTRY_A_B_BREAK,2021-01-07 08:00:00,11277,11225,103.444,2021-01-06 12:00:00,48,2021-01-07 08:00:00,11277,103.444,0,
USDJPY,H4,Research_2015_2024,2020-12-24 08:00:00,2020-12-21 08:00:00,2020-12-22 16:00:00,2020-12-23 16:00:00,103.89,103.735,103.652,103.66,4,ENTRY_B_B_SUPPORT_REACCEL,2021-01-11 00:00:00,11288,11225,104.097,2021-01-07 12:00:00,48,2021-01-07 08:00:00,11277,103.444,11,2021-01-07 12:00:00
USDJPY,H4,Research_2015_2024,2020-12-24 08:00:00,2020-12-21 08:00:00,2020-12-22 16:00:00,2020-12-23 16:00:00,103.89,103.735,103.652,103.66,4,ENTRY_C_A_AFTER_B,2021-01-07 08:00:00,11277,11225,103.652,2020-12-23 16:00:00,48,2021-01-07 08:00:00,11277,103.444,0,
USDJPY,H4,Research_2015_2024,2021-03-24 12:00:00,2021-03-17 16:00:00,2021-03-22 00:00:00,2021-03-23 00:00:00,109.325,108.955,108.873,108.817,9,ENTRY_A_B_BREAK,2021-03-30 00:00:00,11635,11604,109.847,2021-03-26 12:00:00,22,2021-03-30 00:00:00,11635,109.847,0,
USDJPY,H4,Research_2015_2024,2021-03-24 12:00:00,2021-03-17 16:00:00,2021-03-22 00:00:00,2021-03-23 00:00:00,109.325,108.955,108.873,108.817,9,ENTRY_C_A_AFTER_B,2021-03-30 00:00:00,11635,11604,108.873,2021-03-23 00:00:00,22,2021-03-30 00:00:00,11635,109.847,0,
USDJPY,H4,Research_2015_2024,2021-04-30 12:00:00,2021-03-31 00:00:00,2021-04-01 08:00:00,2021-04-04 20:00:00,110.965,110.847,110.75,109.332,121,ENTRY_A_B_BREAK,2021-04-30 12:00:00,11780,11659,109.077,2021-04-28 04:00:00,0,2021-04-30 12:00:00,11780,109.077,0,
USDJPY,H4,Research_2015_2024,2021-04-30 12:00:00,2021-03-31 00:00:00,2021-04-01 08:00:00,2021-04-04 20:00:00,110.965,110.847,110.75,109.332,121,ENTRY_B_B_SUPPORT_REACCEL,2021-05-04 00:00:00,11790,11659,109.154,2021-05-03 16:00:00,0,2021-04-30 12:00:00,11780,109.077,10,2021-05-03 16:00:00
USDJPY,H4,Research_2015_2024,2021-09-23 04:00:00,2021-09-14 08:00:00,2021-09-17 12:00:00,2021-09-20 00:00:00,110.161,110.08,110.036,109.949,19,ENTRY_A_B_BREAK,2021-09-28 00:00:00,12441,12404,111.064,2021-09-27 08:00:00,18,2021-09-28 00:00:00,12441,111.064,0,
USDJPY,H4,Research_2015_2024,2021-09-23 04:00:00,2021-09-14 08:00:00,2021-09-17 12:00:00,2021-09-20 00:00:00,110.161,110.08,110.036,109.949,19,ENTRY_B_B_SUPPORT_REACCEL,2021-09-28 08:00:00,12443,12404,111.423,2021-09-28 04:00:00,18,2021-09-28 00:00:00,12441,111.064,2,2021-09-28 04:00:00
USDJPY,H4,Research_2015_2024,2021-09-23 04:00:00,2021-09-14 08:00:00,2021-09-17 12:00:00,2021-09-20 00:00:00,110.161,110.08,110.036,109.949,19,ENTRY_C_A_AFTER_B,2021-09-28 00:00:00,12441,12404,110.036,2021-09-20 00:00:00,18,2021-09-28 00:00:00,12441,111.064,0,
USDJPY,H4,Research_2015_2024,2021-12-03 00:00:00,2021-11-29 12:00:00,2021-11-30 16:00:00,2021-12-02 04:00:00,113.955,113.704,113.33,113.185,5,ENTRY_A_B_BREAK,2021-12-08 12:00:00,12760,12733,113.778,2021-12-07 12:00:00,22,2021-12-08 12:00:00,12760,113.778,0,
USDJPY,H4,Research_2015_2024,2021-12-03 00:00:00,2021-11-29 12:00:00,2021-11-30 16:00:00,2021-12-02 04:00:00,113.955,113.704,113.33,113.185,5,ENTRY_C_A_AFTER_B,2021-12-08 12:00:00,12760,12733,113.33,2021-12-02 04:00:00,22,2021-12-08 12:00:00,12760,113.778,0,
USDJPY,H4,Research_2015_2024,2021-12-14 04:00:00,2021-12-08 12:00:00,2021-12-10 08:00:00,2021-12-13 08:00:00,113.954,113.791,113.724,113.709,5,ENTRY_A_B_BREAK,2021-12-21 12:00:00,12816,12778,113.764,2021-12-17 20:00:00,33,2021-12-21 12:00:00,12816,113.764,0,
USDJPY,H4,Research_2015_2024,2021-12-14 04:00:00,2021-12-08 12:00:00,2021-12-10 08:00:00,2021-12-13 08:00:00,113.954,113.791,113.724,113.709,5,ENTRY_C_A_AFTER_B,2021-12-21 12:00:00,12816,12778,113.724,2021-12-13 08:00:00,33,2021-12-21 12:00:00,12816,113.764,0,
USDJPY,H4,Research_2015_2024,2022-01-26 16:00:00,2022-01-04 12:00:00,2022-01-06 00:00:00,2022-01-07 00:00:00,116.352,116.183,116.046,114.53,85,ENTRY_A_B_BREAK,2022-01-26 16:00:00,12974,12889,114.155,2022-01-25 08:00:00,0,2022-01-26 16:00:00,12974,114.155,0,
USDJPY,H4,Research_2015_2024,2022-02-08 04:00:00,2022-01-31 00:00:00,2022-02-04 12:00:00,2022-02-07 04:00:00,115.59,115.428,115.376,115.481,6,ENTRY_A_B_BREAK,2022-02-10 08:00:00,13040,13021,115.679,2022-02-08 20:00:00,13,2022-02-10 08:00:00,13040,115.679,0,
USDJPY,H4,Research_2015_2024,2022-02-08 04:00:00,2022-01-31 00:00:00,2022-02-04 12:00:00,2022-02-07 04:00:00,115.59,115.428,115.376,115.481,6,ENTRY_C_A_AFTER_B,2022-02-10 08:00:00,13040,13021,115.376,2022-02-07 04:00:00,13,2022-02-10 08:00:00,13040,115.679,0,
USDJPY,H4,Research_2015_2024,2022-02-24 12:00:00,2022-02-18 08:00:00,2022-02-22 12:00:00,2022-02-23 12:00:00,115.296,115.242,115.199,115.603,6,ENTRY_A_B_BREAK,2022-03-03 04:00:00,13132,13097,115.694,2022-02-24 16:00:00,29,2022-03-03 04:00:00,13132,115.694,0,
USDJPY,H4,Research_2015_2024,2022-02-24 12:00:00,2022-02-18 08:00:00,2022-02-22 12:00:00,2022-02-23 12:00:00,115.296,115.242,115.199,115.603,6,ENTRY_C_A_AFTER_B,2022-03-03 04:00:00,13132,13097,115.199,2022-02-23 12:00:00,29,2022-03-03 04:00:00,13132,115.694,0,
USDJPY,H4,Research_2015_2024,2022-05-03 20:00:00,2022-04-28 12:00:00,2022-05-02 04:00:00,2022-05-03 04:00:00,131.251,130.476,130.288,130.123,4,ENTRY_A_B_BREAK,2022-05-09 00:00:00,13423,13399,130.807,2022-05-06 00:00:00,20,2022-05-09 00:00:00,13423,130.807,0,
USDJPY,H4,Research_2015_2024,2022-05-03 20:00:00,2022-04-28 12:00:00,2022-05-02 04:00:00,2022-05-03 04:00:00,131.251,130.476,130.288,130.123,4,ENTRY_C_A_AFTER_B,2022-05-09 00:00:00,13423,13399,130.288,2022-05-03 04:00:00,20,2022-05-09 00:00:00,13423,130.807,0,
USDJPY,H4,Research_2015_2024,2022-05-23 12:00:00,2022-05-17 12:00:00,2022-05-19 04:00:00,2022-05-20 08:00:00,129.78,128.942,128.297,127.807,8,ENTRY_A_B_BREAK,2022-05-30 20:00:00,13521,13480,127.58,2022-05-26 00:00:00,33,2022-05-30 20:00:00,13521,127.58,0,
USDJPY,H4,Research_2015_2024,2022-05-23 12:00:00,2022-05-17 12:00:00,2022-05-19 04:00:00,2022-05-20 08:00:00,129.78,128.942,128.297,127.807,8,ENTRY_B_B_SUPPORT_REACCEL,2022-05-31 12:00:00,13525,13480,128.238,2022-05-31 04:00:00,33,2022-05-30 20:00:00,13521,127.58,4,2022-05-31 04:00:00
USDJPY,H4,Research_2015_2024,2022-05-23 12:00:00,2022-05-17 12:00:00,2022-05-19 04:00:00,2022-05-20 08:00:00,129.78,128.942,128.297,127.807,8,ENTRY_C_A_AFTER_B,2022-05-31 12:00:00,13525,13480,128.297,2022-05-20 08:00:00,33,2022-05-30 20:00:00,13521,127.58,4,
USDJPY,H4,Research_2015_2024,2022-07-08 12:00:00,2022-06-29 12:00:00,2022-07-05 00:00:00,2022-07-07 08:00:00,137.002,136.359,136.219,136.171,7,ENTRY_A_B_BREAK,2022-07-11 00:00:00,13702,13691,136.565,2022-07-08 12:00:00,4,2022-07-11 00:00:00,13702,136.565,0,
USDJPY,H4,Research_2015_2024,2022-07-08 12:00:00,2022-06-29 12:00:00,2022-07-05 00:00:00,2022-07-07 08:00:00,137.002,136.359,136.219,136.171,7,ENTRY_B_B_SUPPORT_REACCEL,2022-07-11 08:00:00,13704,13691,137.153,2022-07-11 04:00:00,4,2022-07-11 00:00:00,13702,136.565,2,2022-07-11 04:00:00
USDJPY,H4,Research_2015_2024,2022-07-08 12:00:00,2022-06-29 12:00:00,2022-07-05 00:00:00,2022-07-07 08:00:00,137.002,136.359,136.219,136.171,7,ENTRY_C_A_AFTER_B,2022-07-11 00:00:00,13702,13691,136.219,2022-07-07 08:00:00,4,2022-07-11 00:00:00,13702,136.565,0,
USDJPY,H4,Research_2015_2024,2022-11-09 12:00:00,2022-11-03 12:00:00,2022-11-07 08:00:00,2022-11-08 04:00:00,148.449,147.568,146.932,146.3,8,ENTRY_A_B_BREAK,2022-11-17 12:00:00,14281,14236,140.288,2022-11-16 04:00:00,37,2022-11-17 12:00:00,14281,140.288,0,
USDJPY,H4,Research_2015_2024,2023-03-21 04:00:00,2023-03-15 08:00:00,2023-03-16 16:00:00,2023-03-20 00:00:00,135.112,133.824,132.647,131.867,7,ENTRY_A_B_BREAK,2023-03-29 04:00:00,14862,14818,131.76,2023-03-27 16:00:00,37,2023-03-29 04:00:00,14862,131.76,0,
USDJPY,H4,Research_2015_2024,2023-03-21 04:00:00,2023-03-15 08:00:00,2023-03-16 16:00:00,2023-03-20 00:00:00,135.112,133.824,132.647,131.867,7,ENTRY_B_B_SUPPORT_REACCEL,2023-03-29 12:00:00,14864,14818,132.205,2023-03-29 08:00:00,37,2023-03-29 04:00:00,14862,131.76,2,2023-03-29 08:00:00
USDJPY,H4,Research_2015_2024,2023-03-21 04:00:00,2023-03-15 08:00:00,2023-03-16 16:00:00,2023-03-20 00:00:00,135.112,133.824,132.647,131.867,7,ENTRY_C_A_AFTER_B,2023-03-29 12:00:00,14864,14818,132.647,2023-03-20 00:00:00,37,2023-03-29 04:00:00,14862,131.76,2,
USDJPY,H4,Research_2015_2024,2023-04-24 00:00:00,2023-04-19 08:00:00,2023-04-20 00:00:00,2023-04-21 12:00:00,135.133,134.972,134.491,134.362,4,ENTRY_A_B_BREAK,2023-05-01 00:00:00,15004,14969,136.56,2023-04-28 12:00:00,31,2023-05-01 00:00:00,15004,136.56,0,
USDJPY,H4,Research_2015_2024,2023-04-24 00:00:00,2023-04-19 08:00:00,2023-04-20 00:00:00,2023-04-21 12:00:00,135.133,134.972,134.491,134.362,4,ENTRY_B_B_SUPPORT_REACCEL,2023-05-01 12:00:00,15007,14969,136.982,2023-05-01 04:00:00,31,2023-05-01 00:00:00,15004,136.56,3,2023-05-01 04:00:00
USDJPY,H4,Research_2015_2024,2023-04-24 00:00:00,2023-04-19 08:00:00,2023-04-20 00:00:00,2023-04-21 12:00:00,135.133,134.972,134.491,134.362,4,ENTRY_C_A_AFTER_B,2023-05-01 00:00:00,15004,14969,134.491,2023-04-21 12:00:00,31,2023-05-01 00:00:00,15004,136.56,0,
USDJPY,H4,Research_2015_2024,2023-08-01 08:00:00,2023-06-30 00:00:00,2023-07-03 08:00:00,2023-07-05 04:00:00,145.067,144.912,144.734,142.973,119,ENTRY_A_B_BREAK,2023-08-01 08:00:00,15415,15296,139.156,2023-07-14 12:00:00,0,2023-08-01 08:00:00,15415,139.156,0,
USDJPY,H4,Research_2015_2024,2023-08-01 08:00:00,2023-06-30 00:00:00,2023-07-03 08:00:00,2023-07-05 04:00:00,145.067,144.912,144.734,142.973,119,ENTRY_C_A_AFTER_B,2023-08-10 16:00:00,15460,15296,144.734,2023-07-05 04:00:00,0,2023-08-01 08:00:00,15415,139.156,45,
USDJPY,H4,Research_2015_2024,2023-07-31 00:00:00,2023-07-21 08:00:00,2023-07-25 08:00:00,2023-07-27 12:00:00,141.952,141.735,141.32,141.743,10,ENTRY_A_B_BREAK,2023-08-09 12:00:00,15453,15397,143.543,2023-08-01 16:00:00,46,2023-08-09 12:00:00,15453,143.543,0,
USDJPY,H4,Research_2015_2024,2023-07-31 00:00:00,2023-07-21 08:00:00,2023-07-25 08:00:00,2023-07-27 12:00:00,141.952,141.735,141.32,141.743,10,ENTRY_B_B_SUPPORT_REACCEL,2023-08-10 00:00:00,15456,15397,143.758,2023-08-09 16:00:00,46,2023-08-09 12:00:00,15453,143.543,3,2023-08-09 16:00:00
USDJPY,H4,Research_2015_2024,2023-07-31 00:00:00,2023-07-21 08:00:00,2023-07-25 08:00:00,2023-07-27 12:00:00,141.952,141.735,141.32,141.743,10,ENTRY_C_A_AFTER_B,2023-08-09 12:00:00,15453,15397,141.32,2023-07-27 12:00:00,46,2023-08-09 12:00:00,15453,143.543,0,
USDJPY,H4,Research_2015_2024,2023-09-15 04:00:00,2023-09-08 16:00:00,2023-09-13 12:00:00,2023-09-14 12:00:00,147.87,147.745,147.564,147.752,4,ENTRY_A_B_BREAK,2023-09-24 20:00:00,15654,15614,148.418,2023-09-22 04:00:00,36,2023-09-24 20:00:00,15654,148.418,0,
USDJPY,H4,Research_2015_2024,2023-09-15 04:00:00,2023-09-08 16:00:00,2023-09-13 12:00:00,2023-09-14 12:00:00,147.87,147.745,147.564,147.752,4,ENTRY_B_B_SUPPORT_REACCEL,2023-09-25 08:00:00,15657,15614,148.455,2023-09-25 04:00:00,36,2023-09-24 20:00:00,15654,148.418,3,2023-09-25 04:00:00
USDJPY,H4,Research_2015_2024,2023-09-15 04:00:00,2023-09-08 16:00:00,2023-09-13 12:00:00,2023-09-14 12:00:00,147.87,147.745,147.564,147.752,4,ENTRY_C_A_AFTER_B,2023-09-24 20:00:00,15654,15614,147.564,2023-09-14 12:00:00,36,2023-09-24 20:00:00,15654,148.418,0,
USDJPY,H4,Research_2015_2024,2023-11-30 08:00:00,2023-11-27 00:00:00,2023-11-28 08:00:00,2023-11-29 12:00:00,149.674,148.829,147.902,147.707,5,ENTRY_A_B_BREAK,2023-12-11 00:00:00,15996,15949,145.214,2023-12-08 12:00:00,42,2023-12-11 00:00:00,15996,145.214,0,
USDJPY,H4,Research_2015_2024,2023-12-25 04:00:00,2023-12-19 08:00:00,2023-12-20 16:00:00,2023-12-22 16:00:00,144.954,143.938,142.662,142.346,4,ENTRY_A_B_BREAK,2024-01-02 16:00:00,16090,16055,141.912,2023-12-29 08:00:00,31,2024-01-02 16:00:00,16090,141.912,0,
USDJPY,H4,Research_2015_2024,2023-12-25 04:00:00,2023-12-19 08:00:00,2023-12-20 16:00:00,2023-12-22 16:00:00,144.954,143.938,142.662,142.346,4,ENTRY_B_B_SUPPORT_REACCEL,2024-01-03 04:00:00,16093,16055,142.181,2024-01-02 20:00:00,31,2024-01-02 16:00:00,16090,141.912,3,2024-01-02 20:00:00
USDJPY,H4,Research_2015_2024,2023-12-25 04:00:00,2023-12-19 08:00:00,2023-12-20 16:00:00,2023-12-22 16:00:00,144.954,143.938,142.662,142.346,4,ENTRY_C_A_AFTER_B,2024-01-03 08:00:00,16094,16055,142.662,2023-12-22 16:00:00,31,2024-01-02 16:00:00,16090,141.912,4,
USDJPY,H4,Research_2015_2024,2024-02-21 20:00:00,2024-02-13 16:00:00,2024-02-16 12:00:00,2024-02-20 04:00:00,150.883,150.645,150.437,150.339,10,ENTRY_A_B_BREAK,2024-02-26 12:00:00,16331,16304,150.688,2024-02-22 16:00:00,17,2024-02-26 12:00:00,16331,150.688,0,
USDJPY,H4,Research_2015_2024,2024-02-21 20:00:00,2024-02-13 16:00:00,2024-02-16 12:00:00,2024-02-20 04:00:00,150.883,150.645,150.437,150.339,10,ENTRY_C_A_AFTER_B,2024-02-26 12:00:00,16331,16304,150.437,2024-02-20 04:00:00,17,2024-02-26 12:00:00,16331,150.688,0,
USDJPY,H4,Research_2015_2024,2024-03-19 00:00:00,2024-02-28 12:00:00,2024-03-01 12:00:00,2024-03-04 12:00:00,150.842,150.72,150.568,149.702,65,ENTRY_A_B_BREAK,2024-03-19 00:00:00,16427,16362,148.161,2024-03-12 12:00:00,0,2024-03-19 00:00:00,16427,148.161,0,
USDJPY,H4,Research_2015_2024,2024-03-19 00:00:00,2024-02-28 12:00:00,2024-03-01 12:00:00,2024-03-04 12:00:00,150.842,150.72,150.568,149.702,65,ENTRY_C_A_AFTER_B,2024-03-19 12:00:00,16430,16362,150.568,2024-03-04 12:00:00,0,2024-03-19 00:00:00,16427,148.161,3,
USDJPY,H4,Research_2015_2024,2024-08-29 12:00:00,2024-08-20 04:00:00,2024-08-21 12:00:00,2024-08-22 12:00:00,147.345,146.889,146.525,144.983,31,ENTRY_A_B_BREAK,2024-08-30 08:00:00,17159,17123,145.175,2024-08-27 04:00:00,5,2024-08-30 08:00:00,17159,145.175,0,
USDJPY,H4,Research_2015_2024,2024-08-29 12:00:00,2024-08-20 04:00:00,2024-08-21 12:00:00,2024-08-22 12:00:00,147.345,146.889,146.525,144.983,31,ENTRY_B_B_SUPPORT_REACCEL,2024-08-30 16:00:00,17161,17123,145.969,2024-08-30 12:00:00,5,2024-08-30 08:00:00,17159,145.175,2,2024-08-30 12:00:00
USDJPY,H4,Research_2015_2024,2024-08-29 12:00:00,2024-08-20 04:00:00,2024-08-21 12:00:00,2024-08-22 12:00:00,147.345,146.889,146.525,144.983,31,ENTRY_C_A_AFTER_B,2024-09-02 08:00:00,17166,17123,146.525,2024-08-22 12:00:00,5,2024-08-30 08:00:00,17159,145.175,7,
USDJPY,H4,Research_2015_2024,2024-09-18 16:00:00,2024-09-05 12:00:00,2024-09-06 12:00:00,2024-09-09 08:00:00,144.228,144.041,143.795,142.439,45,ENTRY_A_B_BREAK,2024-09-18 16:00:00,17242,17197,141.24,2024-09-16 20:00:00,0,2024-09-18 16:00:00,17242,141.24,0,
USDJPY,H4,Research_2015_2024,2024-09-18 16:00:00,2024-09-05 12:00:00,2024-09-06 12:00:00,2024-09-09 08:00:00,144.228,144.041,143.795,142.439,45,ENTRY_C_A_AFTER_B,2024-09-20 08:00:00,17252,17197,143.795,2024-09-09 08:00:00,0,2024-09-18 16:00:00,17242,141.24,10,
USDJPY,H4,OOS_2025_2026,2025-01-31 20:00:00,2025-01-23 04:00:00,2025-01-24 12:00:00,2025-01-27 04:00:00,156.751,156.575,156.244,155.182,28,ENTRY_A_B_BREAK,2025-02-11 20:00:00,17592,17520,152.536,2025-02-10 08:00:00,44,2025-02-11 20:00:00,17592,152.536,0,
USDJPY,H4,OOS_2025_2026,2025-01-31 20:00:00,2025-01-23 04:00:00,2025-01-24 12:00:00,2025-01-27 04:00:00,156.751,156.575,156.244,155.182,28,ENTRY_B_B_SUPPORT_REACCEL,2025-02-12 12:00:00,17596,17520,153.886,2025-02-12 00:00:00,44,2025-02-11 20:00:00,17592,152.536,4,2025-02-12 00:00:00
USDJPY,H4,OOS_2025_2026,2025-03-11 00:00:00,2025-03-03 12:00:00,2025-03-05 00:00:00,2025-03-07 16:00:00,151.301,150.182,148.198,147.115,9,ENTRY_A_B_BREAK,2025-03-17 20:00:00,17741,17702,149.194,2025-03-12 12:00:00,30,2025-03-17 20:00:00,17741,149.194,0,
USDJPY,H4,OOS_2025_2026,2025-03-11 00:00:00,2025-03-03 12:00:00,2025-03-05 00:00:00,2025-03-07 16:00:00,151.301,150.182,148.198,147.115,9,ENTRY_B_B_SUPPORT_REACCEL,2025-03-18 04:00:00,17743,17702,149.723,2025-03-18 00:00:00,30,2025-03-17 20:00:00,17741,149.194,2,2025-03-18 00:00:00
USDJPY,H4,OOS_2025_2026,2025-03-11 00:00:00,2025-03-03 12:00:00,2025-03-05 00:00:00,2025-03-07 16:00:00,151.301,150.182,148.198,147.115,9,ENTRY_C_A_AFTER_B,2025-03-17 20:00:00,17741,17702,148.198,2025-03-07 16:00:00,30,2025-03-17 20:00:00,17741,149.194,0,
USDJPY,H4,OOS_2025_2026,2025-07-28 04:00:00,2025-07-16 04:00:00,2025-07-17 12:00:00,2025-07-18 04:00:00,149.184,149.087,148.882,148.289,38,ENTRY_A_B_BREAK,2025-07-28 04:00:00,18326,18288,147.939,2025-07-25 08:00:00,0,2025-07-28 04:00:00,18326,147.939,0,
USDJPY,H4,OOS_2025_2026,2025-07-28 04:00:00,2025-07-16 04:00:00,2025-07-17 12:00:00,2025-07-18 04:00:00,149.184,149.087,148.882,148.289,38,ENTRY_B_B_SUPPORT_REACCEL,2025-07-28 16:00:00,18329,18288,148.491,2025-07-28 08:00:00,0,2025-07-28 04:00:00,18326,147.939,3,2025-07-28 08:00:00
USDJPY,H4,OOS_2025_2026,2025-07-28 04:00:00,2025-07-16 04:00:00,2025-07-17 12:00:00,2025-07-18 04:00:00,149.184,149.087,148.882,148.289,38,ENTRY_C_A_AFTER_B,2025-07-30 12:00:00,18340,18288,148.882,2025-07-18 04:00:00,0,2025-07-28 04:00:00,18326,147.939,14,
USDJPY,H4,OOS_2025_2026,2025-09-12 08:00:00,2025-09-03 04:00:00,2025-09-04 12:00:00,2025-09-08 00:00:00,149.136,148.777,148.576,147.838,26,ENTRY_A_B_BREAK,2025-09-12 08:00:00,18537,18511,147.647,2025-09-10 12:00:00,0,2025-09-12 08:00:00,18537,147.647,0,
USDJPY,H4,OOS_2025_2026,2025-10-03 00:00:00,2025-09-25 20:00:00,2025-09-30 00:00:00,2025-10-01 00:00:00,149.955,148.845,148.226,147.629,12,ENTRY_A_B_BREAK,2025-10-05 20:00:00,18634,18616,147.814,2025-10-03 04:00:00,6,2025-10-05 20:00:00,18634,147.814,0,
USDJPY,H4,OOS_2025_2026,2025-10-03 00:00:00,2025-09-25 20:00:00,2025-09-30 00:00:00,2025-10-01 00:00:00,149.955,148.845,148.226,147.629,12,ENTRY_C_A_AFTER_B,2025-10-05 20:00:00,18634,18616,148.226,2025-10-01 00:00:00,6,2025-10-05 20:00:00,18634,147.814,0,
USDJPY,H4,OOS_2025_2026,2025-11-11 00:00:00,2025-11-04 00:00:00,2025-11-05 16:00:00,2025-11-10 08:00:00,154.482,154.356,154.249,154.265,4,ENTRY_A_B_BREAK,2025-11-19 08:00:00,18835,18792,155.732,2025-11-18 16:00:00,39,2025-11-19 08:00:00,18835,155.732,0,
USDJPY,H4,OOS_2025_2026,2025-11-11 00:00:00,2025-11-04 00:00:00,2025-11-05 16:00:00,2025-11-10 08:00:00,154.482,154.356,154.249,154.265,4,ENTRY_C_A_AFTER_B,2025-11-19 08:00:00,18835,18792,154.249,2025-11-10 08:00:00,39,2025-11-19 08:00:00,18835,155.732,0,
USDJPY,H4,OOS_2025_2026,2025-11-28 04:00:00,2025-11-20 12:00:00,2025-11-24 12:00:00,2025-11-26 12:00:00,157.892,157.186,156.734,156.297,10,ENTRY_A_B_BREAK,2025-12-08 08:00:00,18916,18867,155.492,2025-12-05 16:00:00,39,2025-12-08 08:00:00,18916,155.492,0,
USDJPY,H4,OOS_2025_2026,2025-11-28 04:00:00,2025-11-20 12:00:00,2025-11-24 12:00:00,2025-11-26 12:00:00,157.892,157.186,156.734,156.297,10,ENTRY_B_B_SUPPORT_REACCEL,2025-12-09 04:00:00,18921,18867,156.037,2025-12-08 12:00:00,39,2025-12-08 08:00:00,18916,155.492,5,2025-12-08 12:00:00
USDJPY,H4,OOS_2025_2026,2025-11-28 04:00:00,2025-11-20 12:00:00,2025-11-24 12:00:00,2025-11-26 12:00:00,157.892,157.186,156.734,156.297,10,ENTRY_C_A_AFTER_B,2025-12-09 12:00:00,18923,18867,156.734,2025-11-26 12:00:00,39,2025-12-08 08:00:00,18916,155.492,7,
USDJPY,H4,OOS_2025_2026,2025-12-17 04:00:00,2025-12-09 16:00:00,2025-12-12 12:00:00,2025-12-15 00:00:00,156.953,156.127,155.986,155.501,13,ENTRY_A_B_BREAK,2025-12-19 04:00:00,18970,18945,155.974,2025-12-18 08:00:00,12,2025-12-19 04:00:00,18970,155.974,0,
USDJPY,H4,OOS_2025_2026,2025-12-17 04:00:00,2025-12-09 16:00:00,2025-12-12 12:00:00,2025-12-15 00:00:00,156.953,156.127,155.986,155.501,13,ENTRY_B_B_SUPPORT_REACCEL,2025-12-23 12:00:00,18985,18945,156.188,2025-12-23 04:00:00,12,2025-12-19 04:00:00,18970,155.974,15,2025-12-23 04:00:00
USDJPY,H4,OOS_2025_2026,2025-12-17 04:00:00,2025-12-09 16:00:00,2025-12-12 12:00:00,2025-12-15 00:00:00,156.953,156.127,155.986,155.501,13,ENTRY_C_A_AFTER_B,2025-12-19 04:00:00,18970,18945,155.986,2025-12-15 00:00:00,12,2025-12-19 04:00:00,18970,155.974,0,
USDJPY,H4,OOS_2025_2026,2026-02-13 04:00:00,2026-02-08 20:00:00,2026-02-11 12:00:00,2026-02-12 12:00:00,157.66,154.651,153.758,153.398,4,ENTRY_A_B_BREAK,2026-02-17 12:00:00,19221,19202,153.662,2026-02-13 08:00:00,15,2026-02-17 12:00:00,19221,153.662,0,
USDJPY,H4,OOS_2025_2026,2026-02-13 04:00:00,2026-02-08 20:00:00,2026-02-11 12:00:00,2026-02-12 12:00:00,157.66,154.651,153.758,153.398,4,ENTRY_C_A_AFTER_B,2026-02-17 12:00:00,19221,19202,153.758,2026-02-12 12:00:00,15,2026-02-17 12:00:00,19221,153.662,0,
USDJPY,H4,OOS_2025_2026,2026-03-01 20:00:00,2026-02-25 08:00:00,2026-02-26 16:00:00,2026-02-27 08:00:00,156.824,156.43,156.231,156.631,4,ENTRY_A_B_BREAK,2026-03-11 16:00:00,19321,19269,158.898,2026-03-09 00:00:00,48,2026-03-11 16:00:00,19321,158.898,0,
USDJPY,H4,OOS_2025_2026,2026-03-01 20:00:00,2026-02-25 08:00:00,2026-02-26 16:00:00,2026-02-27 08:00:00,156.824,156.43,156.231,156.631,4,ENTRY_C_A_AFTER_B,2026-03-11 16:00:00,19321,19269,156.231,2026-02-27 08:00:00,48,2026-03-11 16:00:00,19321,158.898,0,
EURJPY,H1,Research_2015_2024,2014-02-05 18:00:00,2014-01-30 04:00:00,2014-01-31 01:00:00,2014-01-31 09:00:00,139.93,139.49,139.2,137.29,79,ENTRY_A_B_BREAK,2014-02-06 13:00:00,605,507,137.52,2014-02-04 23:00:00,19,2014-02-06 13:00:00,605,137.52,0,
EURJPY,H1,Research_2015_2024,2014-02-05 18:00:00,2014-01-30 04:00:00,2014-01-31 01:00:00,2014-01-31 09:00:00,139.93,139.49,139.2,137.29,79,ENTRY_B_B_SUPPORT_REACCEL,2014-02-06 15:00:00,607,507,138.48,2014-02-06 14:00:00,19,2014-02-06 13:00:00,605,137.52,2,2014-02-06 14:00:00
EURJPY,H1,Research_2015_2024,2014-02-05 18:00:00,2014-01-30 04:00:00,2014-01-31 01:00:00,2014-01-31 09:00:00,139.93,139.49,139.2,137.29,79,ENTRY_C_A_AFTER_B,2014-02-07 15:00:00,631,507,139.2,2014-01-31 09:00:00,19,2014-02-06 13:00:00,605,137.52,26,
EURJPY,H1,Research_2015_2024,2014-02-25 00:00:00,2014-02-21 14:00:00,2014-02-24 09:00:00,2014-02-24 17:00:00,141.25,140.96,140.88,140.79,7,ENTRY_A_B_BREAK,2014-02-28 10:00:00,980,891,140.17,2014-02-27 17:00:00,82,2014-02-28 10:00:00,980,140.17,0,
EURJPY,H1,Research_2015_2024,2014-02-25 00:00:00,2014-02-21 14:00:00,2014-02-24 09:00:00,2014-02-24 17:00:00,141.25,140.96,140.88,140.79,7,ENTRY_C_A_AFTER_B,2014-02-28 14:00:00,984,891,140.88,2014-02-24 17:00:00,82,2014-02-28 10:00:00,980,140.17,4,
EURJPY,H1,Research_2015_2024,2014-03-13 04:00:00,2014-03-07 14:00:00,2014-03-10 09:00:00,2014-03-11 02:00:00,143.77,143.59,143.42,143.27,50,ENTRY_A_B_BREAK,2014-03-13 04:00:00,1187,1137,142.94,2014-03-12 15:00:00,0,2014-03-13 04:00:00,1187,142.94,0,
EURJPY,H1,Research_2015_2024,2014-03-25 18:00:00,2014-03-24 08:00:00,2014-03-24 18:00:00,2014-03-25 04:00:00,141.86,141.72,141.57,141.38,14,ENTRY_A_B_BREAK,2014-03-28 10:00:00,1455,1377,140.5,2014-03-27 22:00:00,64,2014-03-28 10:00:00,1455,140.5,0,
EURJPY,H1,Research_2015_2024,2014-03-25 18:00:00,2014-03-24 08:00:00,2014-03-24 18:00:00,2014-03-25 04:00:00,141.86,141.72,141.57,141.38,14,ENTRY_B_B_SUPPORT_REACCEL,2014-03-28 12:00:00,1457,1377,140.62,2014-03-28 11:00:00,64,2014-03-28 10:00:00,1455,140.5,2,2014-03-28 11:00:00
EURJPY,H1,Research_2015_2024,2014-03-25 18:00:00,2014-03-24 08:00:00,2014-03-24 18:00:00,2014-03-25 04:00:00,141.86,141.72,141.57,141.38,14,ENTRY_C_A_AFTER_B,2014-03-31 00:00:00,1469,1377,141.57,2014-03-25 04:00:00,64,2014-03-28 10:00:00,1455,140.5,14,
EURJPY,H1,Research_2015_2024,2014-06-11 05:00:00,2014-06-09 00:00:00,2014-06-09 22:00:00,2014-06-10 07:00:00,140.07,139.4,139.16,138.55,22,ENTRY_A_B_BREAK,2014-06-16 23:00:00,2790,2680,138.25,2014-06-16 15:00:00,88,2014-06-16 23:00:00,2790,138.25,0,
EURJPY,H1,Research_2015_2024,2014-06-11 05:00:00,2014-06-09 00:00:00,2014-06-09 22:00:00,2014-06-10 07:00:00,140.07,139.4,139.16,138.55,22,ENTRY_B_B_SUPPORT_REACCEL,2014-06-17 08:00:00,2799,2680,138.44,2014-06-17 00:00:00,88,2014-06-16 23:00:00,2790,138.25,9,2014-06-17 00:00:00
EURJPY,H1,Research_2015_2024,2014-07-18 02:00:00,2014-07-15 08:00:00,2014-07-16 00:00:00,2014-07-17 09:00:00,138.4,138.07,137.4,137.09,17,ENTRY_A_B_BREAK,2014-07-22 05:00:00,3386,3320,137.27,2014-07-18 09:00:00,49,2014-07-22 05:00:00,3386,137.27,0,
EURJPY,H1,Research_2015_2024,2014-08-11 19:00:00,2014-08-04 06:00:00,2014-08-05 01:00:00,2014-08-05 07:00:00,137.89,137.7,137.67,136.76,106,ENTRY_A_B_BREAK,2014-08-13 12:00:00,3771,3624,136.95,2014-08-10 22:00:00,41,2014-08-13 12:00:00,3771,136.95,0,
EURJPY,H1,Research_2015_2024,2014-08-26 05:00:00,2014-08-22 14:00:00,2014-08-25 03:00:00,2014-08-25 21:00:00,137.88,137.65,137.28,137.12,8,ENTRY_A_B_BREAK,2014-08-26 14:00:00,3985,3968,137.25,2014-08-26 07:00:00,9,2014-08-26 14:00:00,3985,137.25,0,
EURJPY,H1,Research_2015_2024,2014-08-26 05:00:00,2014-08-22 14:00:00,2014-08-25 03:00:00,2014-08-25 21:00:00,137.88,137.65,137.28,137.12,8,ENTRY_C_A_AFTER_B,2014-08-26 14:00:00,3985,3968,137.28,2014-08-25 21:00:00,9,2014-08-26 14:00:00,3985,137.25,0,
EURJPY,H1,Research_2015_2024,2014-12-17 20:00:00,2014-12-15 01:00:00,2014-12-15 12:00:00,2014-12-16 16:00:00,148.21,147.88,147.01,146.47,28,ENTRY_A_B_BREAK,2014-12-22 08:00:00,5958,5872,146.74,2014-12-17 20:00:00,58,2014-12-22 08:00:00,5958,146.74,0,
EURJPY,H1,Research_2015_2024,2014-12-17 20:00:00,2014-12-15 01:00:00,2014-12-15 12:00:00,2014-12-16 16:00:00,148.21,147.88,147.01,146.47,28,ENTRY_B_B_SUPPORT_REACCEL,2014-12-22 13:00:00,5963,5872,147.01,2014-12-22 11:00:00,58,2014-12-22 08:00:00,5958,146.74,5,2014-12-22 11:00:00
EURJPY,H1,Research_2015_2024,2014-12-17 20:00:00,2014-12-15 01:00:00,2014-12-15 12:00:00,2014-12-16 16:00:00,148.21,147.88,147.01,146.47,28,ENTRY_C_A_AFTER_B,2014-12-22 13:00:00,5963,5872,147.01,2014-12-16 16:00:00,58,2014-12-22 08:00:00,5958,146.74,5,
EURJPY,H1,Research_2015_2024,2015-01-07 22:00:00,2015-01-05 20:00:00,2015-01-07 07:00:00,2015-01-07 15:00:00,142.95,141.65,141.42,141.2,7,ENTRY_A_B_BREAK,2015-01-13 05:00:00,6260,6175,140.14,2015-01-12 23:00:00,78,2015-01-13 05:00:00,6260,140.14,0,
EURJPY,H1,Research_2015_2024,2015-01-21 21:00:00,2015-01-20 12:00:00,2015-01-20 22:00:00,2015-01-21 15:00:00,137.62,137.28,136.88,136.93,6,ENTRY_A_B_BREAK,2015-01-27 08:00:00,6500,6413,133.68,2015-01-26 17:00:00,81,2015-01-27 08:00:00,6500,133.68,0,
EURJPY,H1,Research_2015_2024,2015-02-13 06:00:00,2015-02-11 22:00:00,2015-02-12 08:00:00,2015-02-12 23:00:00,136.67,136.33,135.89,135.69,7,ENTRY_A_B_BREAK,2015-02-17 09:00:00,6831,6775,134.77,2015-02-17 03:00:00,49,2015-02-17 09:00:00,6831,134.77,0,
EURJPY,H1,Research_2015_2024,2015-02-13 06:00:00,2015-02-11 22:00:00,2015-02-12 08:00:00,2015-02-12 23:00:00,136.67,136.33,135.89,135.69,7,ENTRY_C_A_AFTER_B,2015-02-17 17:00:00,6839,6775,135.89,2015-02-12 23:00:00,49,2015-02-17 09:00:00,6831,134.77,8,
EURJPY,H1,Research_2015_2024,2015-03-04 06:00:00,2015-03-02 13:00:00,2015-03-03 08:00:00,2015-03-03 17:00:00,134.58,134.2,133.97,133.76,13,ENTRY_A_B_BREAK,2015-03-05 10:00:00,7116,7075,132.71,2015-03-05 00:00:00,28,2015-03-05 10:00:00,7116,132.71,0,
EURJPY,H1,Research_2015_2024,2015-03-04 06:00:00,2015-03-02 13:00:00,2015-03-03 08:00:00,2015-03-03 17:00:00,134.58,134.2,133.97,133.76,13,ENTRY_B_B_SUPPORT_REACCEL,2015-03-05 12:00:00,7118,7075,132.86,2015-03-05 11:00:00,28,2015-03-05 10:00:00,7116,132.71,2,2015-03-05 11:00:00
EURJPY,H1,Research_2015_2024,2015-04-16 00:00:00,2015-04-06 15:00:00,2015-04-07 07:00:00,2015-04-07 14:00:00,131.28,131.02,130.78,127.61,152,ENTRY_A_B_BREAK,2015-04-16 00:00:00,7815,7663,127.6,2015-04-14 13:00:00,0,2015-04-16 00:00:00,7815,127.6,0,
EURJPY,H1,Research_2015_2024,2015-04-21 14:00:00,2015-04-20 01:00:00,2015-04-20 16:00:00,2015-04-21 01:00:00,128.66,128.45,128.28,128.36,13,ENTRY_A_B_BREAK,2015-04-22 09:00:00,7918,7886,128.75,2015-04-21 16:00:00,19,2015-04-22 09:00:00,7918,128.75,0,
EURJPY,H1,Research_2015_2024,2015-04-21 14:00:00,2015-04-20 01:00:00,2015-04-20 16:00:00,2015-04-21 01:00:00,128.66,128.45,128.28,128.36,13,ENTRY_C_A_AFTER_B,2015-04-22 09:00:00,7918,7886,128.28,2015-04-21 01:00:00,19,2015-04-22 09:00:00,7918,128.75,0,
EURJPY,H1,Research_2015_2024,2015-05-05 09:00:00,2015-05-01 14:00:00,2015-05-04 06:00:00,2015-05-04 13:00:00,135.24,134.7,134.39,133.74,20,ENTRY_A_B_BREAK,2015-05-06 03:00:00,8148,8110,134.47,2015-05-05 14:00:00,18,2015-05-06 03:00:00,8148,134.47,0,
EURJPY,H1,Research_2015_2024,2015-05-05 09:00:00,2015-05-01 14:00:00,2015-05-04 06:00:00,2015-05-04 13:00:00,135.24,134.7,134.39,133.74,20,ENTRY_B_B_SUPPORT_REACCEL,2015-05-06 13:00:00,8158,8110,134.92,2015-05-06 06:00:00,18,2015-05-06 03:00:00,8148,134.47,10,2015-05-06 06:00:00
EURJPY,H1,Research_2015_2024,2015-05-05 09:00:00,2015-05-01 14:00:00,2015-05-04 06:00:00,2015-05-04 13:00:00,135.24,134.7,134.39,133.74,20,ENTRY_C_A_AFTER_B,2015-05-06 03:00:00,8148,8110,134.39,2015-05-04 13:00:00,18,2015-05-06 03:00:00,8148,134.47,0,
EURJPY,H1,Research_2015_2024,2015-06-26 11:00:00,2015-06-24 15:00:00,2015-06-25 07:00:00,2015-06-25 21:00:00,139.13,138.83,138.54,138.41,14,ENTRY_A_B_BREAK,2015-06-29 15:00:00,9056,9016,136.8,2015-06-29 08:00:00,26,2015-06-29 15:00:00,9056,136.8,0,
EURJPY,H1,Research_2015_2024,2015-06-26 11:00:00,2015-06-24 15:00:00,2015-06-25 07:00:00,2015-06-25 21:00:00,139.13,138.83,138.54,138.41,14,ENTRY_B_B_SUPPORT_REACCEL,2015-06-29 17:00:00,9058,9016,137.21,2015-06-29 16:00:00,26,2015-06-29 15:00:00,9056,136.8,2,2015-06-29 16:00:00
EURJPY,H1,Research_2015_2024,2015-07-06 22:00:00,2015-07-03 08:00:00,2015-07-03 19:00:00,2015-07-06 08:00:00,136.83,136.39,135.99,135.51,14,ENTRY_A_B_BREAK,2015-07-10 01:00:00,9256,9167,135.02,2015-07-09 06:00:00,75,2015-07-10 01:00:00,9256,135.02,0,
EURJPY,H1,Research_2015_2024,2015-07-06 22:00:00,2015-07-03 08:00:00,2015-07-03 19:00:00,2015-07-06 08:00:00,136.83,136.39,135.99,135.51,14,ENTRY_B_B_SUPPORT_REACCEL,2015-07-10 05:00:00,9260,9167,135.42,2015-07-10 02:00:00,75,2015-07-10 01:00:00,9256,135.02,4,2015-07-10 02:00:00
EURJPY,H1,Research_2015_2024,2015-07-06 22:00:00,2015-07-03 08:00:00,2015-07-03 19:00:00,2015-07-06 08:00:00,136.83,136.39,135.99,135.51,14,ENTRY_C_A_AFTER_B,2015-07-10 09:00:00,9264,9167,135.99,2015-07-06 08:00:00,75,2015-07-10 01:00:00,9256,135.02,8,
EURJPY,H1,Research_2015_2024,2015-07-16 14:00:00,2015-07-15 08:00:00,2015-07-15 23:00:00,2015-07-16 06:00:00,136.35,135.86,135.52,135.24,8,ENTRY_A_B_BREAK,2015-07-20 14:00:00,9409,9355,134.91,2015-07-20 08:00:00,46,2015-07-20 14:00:00,9409,134.91,0,
EURJPY,H1,Research_2015_2024,2015-07-16 14:00:00,2015-07-15 08:00:00,2015-07-15 23:00:00,2015-07-16 06:00:00,136.35,135.86,135.52,135.24,8,ENTRY_C_A_AFTER_B,2015-07-21 16:00:00,9435,9355,135.52,2015-07-16 06:00:00,46,2015-07-20 14:00:00,9409,134.91,26,
EURJPY,H1,Research_2015_2024,2015-07-31 12:00:00,2015-07-27 15:00:00,2015-07-28 05:00:00,2015-07-29 01:00:00,137.08,136.96,136.85,136.87,59,ENTRY_A_B_BREAK,2015-07-31 12:00:00,9621,9562,135.84,2015-07-30 22:00:00,0,2015-07-31 12:00:00,9621,135.84,0,
EURJPY,H1,Research_2015_2024,2015-07-31 12:00:00,2015-07-27 15:00:00,2015-07-28 05:00:00,2015-07-29 01:00:00,137.08,136.96,136.85,136.87,59,ENTRY_C_A_AFTER_B,2015-07-31 12:00:00,9621,9562,136.85,2015-07-29 01:00:00,0,2015-07-31 12:00:00,9621,135.84,0,
EURJPY,H1,Research_2015_2024,2015-09-01 03:00:00,2015-08-28 08:00:00,2015-08-31 06:00:00,2015-08-31 13:00:00,136.59,136.34,136.24,136.12,14,ENTRY_A_B_BREAK,2015-09-02 00:00:00,10151,10116,135.43,2015-09-01 17:00:00,21,2015-09-02 00:00:00,10151,135.43,0,
EURJPY,H1,Research_2015_2024,2015-09-16 00:00:00,2015-09-14 00:00:00,2015-09-15 01:00:00,2015-09-15 18:00:00,137.01,136.39,135.87,135.72,6,ENTRY_A_B_BREAK,2015-09-17 07:00:00,10418,10381,136.59,2015-09-16 16:00:00,31,2015-09-17 07:00:00,10418,136.59,0,
EURJPY,H1,Research_2015_2024,2015-09-16 00:00:00,2015-09-14 00:00:00,2015-09-15 01:00:00,2015-09-15 18:00:00,137.01,136.39,135.87,135.72,6,ENTRY_B_B_SUPPORT_REACCEL,2015-09-17 17:00:00,10428,10381,136.97,2015-09-17 10:00:00,31,2015-09-17 07:00:00,10418,136.59,10,2015-09-17 10:00:00
EURJPY,H1,Research_2015_2024,2015-09-16 00:00:00,2015-09-14 00:00:00,2015-09-15 01:00:00,2015-09-15 18:00:00,137.01,136.39,135.87,135.72,6,ENTRY_C_A_AFTER_B,2015-09-17 07:00:00,10418,10381,135.87,2015-09-15 18:00:00,31,2015-09-17 07:00:00,10418,136.59,0,
EURJPY,H1,Research_2015_2024,2015-10-08 07:00:00,2015-10-07 00:00:00,2015-10-07 12:00:00,2015-10-08 01:00:00,135.61,135.34,134.98,135.23,6,ENTRY_A_B_BREAK,2015-10-09 06:00:00,10795,10766,135.46,2015-10-08 09:00:00,23,2015-10-09 06:00:00,10795,135.46,0,
EURJPY,H1,Research_2015_2024,2015-10-08 07:00:00,2015-10-07 00:00:00,2015-10-07 12:00:00,2015-10-08 01:00:00,135.61,135.34,134.98,135.23,6,ENTRY_B_B_SUPPORT_REACCEL,2015-10-09 10:00:00,10799,10766,136.36,2015-10-09 07:00:00,23,2015-10-09 06:00:00,10795,135.46,4,2015-10-09 07:00:00
EURJPY,H1,Research_2015_2024,2015-10-08 07:00:00,2015-10-07 00:00:00,2015-10-07 12:00:00,2015-10-08 01:00:00,135.61,135.34,134.98,135.23,6,ENTRY_C_A_AFTER_B,2015-10-09 06:00:00,10795,10766,134.98,2015-10-08 01:00:00,23,2015-10-09 06:00:00,10795,135.46,0,
EURJPY,H1,Research_2015_2024,2015-10-14 05:00:00,2015-10-12 09:00:00,2015-10-13 07:00:00,2015-10-13 16:00:00,136.92,136.56,136.44,136.35,13,ENTRY_A_B_BREAK,2015-10-15 02:00:00,10885,10851,136.6,2015-10-14 07:00:00,21,2015-10-15 02:00:00,10885,136.6,0,
EURJPY,H1,Research_2015_2024,2015-10-14 05:00:00,2015-10-12 09:00:00,2015-10-13 07:00:00,2015-10-13 16:00:00,136.92,136.56,136.44,136.35,13,ENTRY_C_A_AFTER_B,2015-10-15 02:00:00,10885,10851,136.44,2015-10-13 16:00:00,21,2015-10-15 02:00:00,10885,136.6,0,
EURJPY,H1,Research_2015_2024,2015-11-27 16:00:00,2015-11-19 02:00:00,2015-11-19 17:00:00,2015-11-19 23:00:00,132.23,132.02,131.94,130.14,135,ENTRY_A_B_BREAK,2015-12-01 09:00:00,11669,11495,130.23,2015-11-27 18:00:00,39,2015-12-01 09:00:00,11669,130.23,0,
EURJPY,H1,Research_2015_2024,2015-11-27 16:00:00,2015-11-19 02:00:00,2015-11-19 17:00:00,2015-11-19 23:00:00,132.23,132.02,131.94,130.14,135,ENTRY_B_B_SUPPORT_REACCEL,2015-12-01 18:00:00,11678,11495,130.47,2015-12-01 17:00:00,39,2015-12-01 09:00:00,11669,130.23,9,2015-12-01 17:00:00
EURJPY,H1,Research_2015_2024,2015-11-27 16:00:00,2015-11-19 02:00:00,2015-11-19 17:00:00,2015-11-19 23:00:00,132.23,132.02,131.94,130.14,135,ENTRY_C_A_AFTER_B,2015-12-03 14:00:00,11722,11495,131.94,2015-11-19 23:00:00,39,2015-12-01 09:00:00,11669,130.23,53,
EURJPY,H1,Research_2015_2024,2015-12-08 06:00:00,2015-12-07 00:00:00,2015-12-07 08:00:00,2015-12-07 18:00:00,134.1,133.98,133.82,133.65,12,ENTRY_A_B_BREAK,2015-12-09 07:00:00,11809,11772,133.99,2015-12-08 19:00:00,25,2015-12-09 07:00:00,11809,133.99,0,
EURJPY,H1,Research_2015_2024,2015-12-08 06:00:00,2015-12-07 00:00:00,2015-12-07 08:00:00,2015-12-07 18:00:00,134.1,133.98,133.82,133.65,12,ENTRY_C_A_AFTER_B,2015-12-09 07:00:00,11809,11772,133.82,2015-12-07 18:00:00,25,2015-12-09 07:00:00,11809,133.99,0,
EURJPY,H1,Research_2015_2024,2016-02-19 20:00:00,2016-02-17 16:00:00,2016-02-18 18:00:00,2016-02-19 06:00:00,127.36,126.29,125.88,125.36,14,ENTRY_A_B_BREAK,2016-02-25 15:00:00,13072,12969,124.19,2016-02-25 04:00:00,89,2016-02-25 15:00:00,13072,124.19,0,
EURJPY,H1,Research_2015_2024,2016-02-19 20:00:00,2016-02-17 16:00:00,2016-02-18 18:00:00,2016-02-19 06:00:00,127.36,126.29,125.88,125.36,14,ENTRY_B_B_SUPPORT_REACCEL,2016-02-25 17:00:00,13074,12969,124.32,2016-02-25 16:00:00,89,2016-02-25 15:00:00,13072,124.19,2,2016-02-25 16:00:00
EURJPY,H1,Research_2015_2024,2016-03-08 12:00:00,2016-03-07 18:00:00,2016-03-08 00:00:00,2016-03-08 06:00:00,125.21,124.97,124.72,124.5,6,ENTRY_A_B_BREAK,2016-03-10 14:00:00,13308,13252,124.87,2016-03-09 19:00:00,50,2016-03-10 14:00:00,13308,124.87,0,
EURJPY,H1,Research_2015_2024,2016-03-08 12:00:00,2016-03-07 18:00:00,2016-03-08 00:00:00,2016-03-08 06:00:00,125.21,124.97,124.72,124.5,6,ENTRY_C_A_AFTER_B,2016-03-10 14:00:00,13308,13252,124.72,2016-03-08 06:00:00,50,2016-03-10 14:00:00,13308,124.87,0,
EURJPY,H1,Research_2015_2024,2016-03-16 07:00:00,2016-03-14 04:00:00,2016-03-15 03:00:00,2016-03-16 01:00:00,127.13,126.53,125.99,125.97,6,ENTRY_A_B_BREAK,2016-03-16 18:00:00,13407,13390,126.11,2016-03-16 07:00:00,11,2016-03-16 18:00:00,13407,126.11,0,
EURJPY,H1,Research_2015_2024,2016-03-16 07:00:00,2016-03-14 04:00:00,2016-03-15 03:00:00,2016-03-16 01:00:00,127.13,126.53,125.99,125.97,6,ENTRY_C_A_AFTER_B,2016-03-16 18:00:00,13407,13390,125.99,2016-03-16 01:00:00,11,2016-03-16 18:00:00,13407,126.11,0,
EURJPY,H1,Research_2015_2024,2016-03-21 13:00:00,2016-03-17 00:00:00,2016-03-17 13:00:00,2016-03-18 05:00:00,126.58,126.45,126.18,125.9,31,ENTRY_A_B_BREAK,2016-03-22 05:00:00,13489,13442,126.04,2016-03-21 13:00:00,16,2016-03-22 05:00:00,13489,126.04,0,
EURJPY,H1,Research_2015_2024,2016-03-21 13:00:00,2016-03-17 00:00:00,2016-03-17 13:00:00,2016-03-18 05:00:00,126.58,126.45,126.18,125.9,31,ENTRY_C_A_AFTER_B,2016-03-25 00:00:00,13556,13442,126.18,2016-03-18 05:00:00,16,2016-03-22 05:00:00,13489,126.04,67,
EURJPY,H1,Research_2015_2024,2016-04-21 11:00:00,2016-04-19 14:00:00,2016-04-20 12:00:00,2016-04-21 00:00:00,124.42,124.32,124.16,124.28,11,ENTRY_A_B_BREAK,2016-04-22 12:00:00,14045,14009,124.92,2016-04-22 06:00:00,25,2016-04-22 12:00:00,14045,124.92,0,
EURJPY,H1,Research_2015_2024,2016-04-21 11:00:00,2016-04-19 14:00:00,2016-04-20 12:00:00,2016-04-21 00:00:00,124.42,124.32,124.16,124.28,11,ENTRY_C_A_AFTER_B,2016-04-22 12:00:00,14045,14009,124.16,2016-04-21 00:00:00,25,2016-04-22 12:00:00,14045,124.92,0,
EURJPY,H1,Research_2015_2024,2016-06-15 08:00:00,2016-06-10 08:00:00,2016-06-13 14:00:00,2016-06-14 00:00:00,121.13,120.3,120.1,119.28,32,ENTRY_A_B_BREAK,2016-06-15 18:00:00,14955,14913,119.42,2016-06-15 09:00:00,10,2016-06-15 18:00:00,14955,119.42,0,
EURJPY,H1,Research_2015_2024,2016-06-15 18:00:00,2016-06-13 14:00:00,2016-06-14 00:00:00,2016-06-15 09:00:00,120.3,120.1,119.42,119.46,9,ENTRY_A_B_BREAK,2016-06-19 22:00:00,15006,14946,118.08,2016-06-17 00:00:00,51,2016-06-19 22:00:00,15006,118.08,0,
EURJPY,H1,Research_2015_2024,2016-06-15 18:00:00,2016-06-13 14:00:00,2016-06-14 00:00:00,2016-06-15 09:00:00,120.3,120.1,119.42,119.46,9,ENTRY_C_A_AFTER_B,2016-06-23 10:00:00,15090,14946,119.42,2016-06-15 09:00:00,51,2016-06-19 22:00:00,15006,118.08,84,
EURJPY,H1,Research_2015_2024,2016-07-12 01:00:00,2016-07-01 13:00:00,2016-07-04 03:00:00,2016-07-04 19:00:00,114.56,114.49,114.43,114.01,125,ENTRY_A_B_BREAK,2016-07-12 01:00:00,15390,15265,112.59,2016-07-06 19:00:00,0,2016-07-12 01:00:00,15390,112.59,0,
EURJPY,H1,Research_2015_2024,2016-07-12 01:00:00,2016-07-01 13:00:00,2016-07-04 03:00:00,2016-07-04 19:00:00,114.56,114.49,114.43,114.01,125,ENTRY_C_A_AFTER_B,2016-07-12 06:00:00,15395,15265,114.43,2016-07-04 19:00:00,0,2016-07-12 01:00:00,15390,112.59,5,
EURJPY,H1,Research_2015_2024,2016-07-27 03:00:00,2016-07-22 09:00:00,2016-07-25 01:00:00,2016-07-25 08:00:00,117.25,116.93,116.85,116.52,43,ENTRY_A_B_BREAK,2016-07-27 03:00:00,15650,15607,115.32,2016-07-26 17:00:00,0,2016-07-27 03:00:00,15650,115.32,0,
EURJPY,H1,Research_2015_2024,2016-08-05 16:00:00,2016-08-03 01:00:00,2016-08-03 10:00:00,2016-08-04 06:00:00,113.59,113.49,113.23,112.84,34,ENTRY_A_B_BREAK,2016-08-05 16:00:00,15830,15796,112.83,2016-08-05 00:00:00,0,2016-08-05 16:00:00,15830,112.83,0,
EURJPY,H1,Research_2015_2024,2016-08-05 16:00:00,2016-08-03 01:00:00,2016-08-03 10:00:00,2016-08-04 06:00:00,113.59,113.49,113.23,112.84,34,ENTRY_B_B_SUPPORT_REACCEL,2016-08-07 22:00:00,15835,15796,112.96,2016-08-05 17:00:00,0,2016-08-05 16:00:00,15830,112.83,5,2016-08-05 17:00:00
EURJPY,H1,Research_2015_2024,2016-08-05 16:00:00,2016-08-03 01:00:00,2016-08-03 10:00:00,2016-08-04 06:00:00,113.59,113.49,113.23,112.84,34,ENTRY_C_A_AFTER_B,2016-08-07 22:00:00,15835,15796,113.23,2016-08-04 06:00:00,0,2016-08-05 16:00:00,15830,112.83,5,
EURJPY,H1,Research_2015_2024,2016-08-25 09:00:00,2016-08-22 08:00:00,2016-08-23 04:00:00,2016-08-24 00:00:00,113.81,113.7,113.53,113.39,33,ENTRY_A_B_BREAK,2016-08-25 09:00:00,16156,16123,113.19,2016-08-24 17:00:00,0,2016-08-25 09:00:00,16156,113.19,0,
EURJPY,H1,Research_2015_2024,2016-08-25 09:00:00,2016-08-22 08:00:00,2016-08-23 04:00:00,2016-08-24 00:00:00,113.81,113.7,113.53,113.39,33,ENTRY_B_B_SUPPORT_REACCEL,2016-08-26 17:00:00,16188,16123,113.88,2016-08-26 13:00:00,0,2016-08-25 09:00:00,16156,113.19,32,2016-08-26 13:00:00
EURJPY,H1,Research_2015_2024,2016-08-25 09:00:00,2016-08-22 08:00:00,2016-08-23 04:00:00,2016-08-24 00:00:00,113.81,113.7,113.53,113.39,33,ENTRY_C_A_AFTER_B,2016-08-25 12:00:00,16159,16123,113.53,2016-08-24 00:00:00,0,2016-08-25 09:00:00,16156,113.19,3,
EURJPY,H1,Research_2015_2024,2016-10-02 22:00:00,2016-09-29 15:00:00,2016-09-30 03:00:00,2016-09-30 15:00:00,114.15,114.08,113.97,113.97,6,ENTRY_A_B_BREAK,2016-10-03 23:00:00,16812,16781,114.02,2016-10-03 08:00:00,25,2016-10-03 23:00:00,16812,114.02,0,
EURJPY,H1,Research_2015_2024,2016-10-02 22:00:00,2016-09-29 15:00:00,2016-09-30 03:00:00,2016-09-30 15:00:00,114.15,114.08,113.97,113.97,6,ENTRY_B_B_SUPPORT_REACCEL,2016-10-04 10:00:00,16823,16781,114.37,2016-10-04 09:00:00,25,2016-10-03 23:00:00,16812,114.02,11,2016-10-04 09:00:00
EURJPY,H1,Research_2015_2024,2016-10-02 22:00:00,2016-09-29 15:00:00,2016-09-30 03:00:00,2016-09-30 15:00:00,114.15,114.08,113.97,113.97,6,ENTRY_C_A_AFTER_B,2016-10-03 23:00:00,16812,16781,113.97,2016-09-30 15:00:00,25,2016-10-03 23:00:00,16812,114.02,0,
EURJPY,H1,Research_2015_2024,2016-10-31 16:00:00,2016-10-28 16:00:00,2016-10-31 01:00:00,2016-10-31 10:00:00,115.31,115.16,115.05,115.19,6,ENTRY_A_B_BREAK,2016-11-04 07:00:00,17367,17274,114.5,2016-11-03 18:00:00,87,2016-11-04 07:00:00,17367,114.5,0,
EURJPY,H1,Research_2015_2024,2016-10-31 16:00:00,2016-10-28 16:00:00,2016-10-31 01:00:00,2016-10-31 10:00:00,115.31,115.16,115.05,115.19,6,ENTRY_C_A_AFTER_B,2016-11-06 23:00:00,17381,17274,115.05,2016-10-31 10:00:00,87,2016-11-04 07:00:00,17367,114.5,14,
EURJPY,H1,Research_2015_2024,2016-11-08 08:00:00,2016-11-07 06:00:00,2016-11-07 12:00:00,2016-11-08 00:00:00,115.74,115.64,115.48,115.44,8,ENTRY_A_B_BREAK,2016-11-10 11:00:00,17465,17406,115.8,2016-11-09 20:00:00,51,2016-11-10 11:00:00,17465,115.8,0,
EURJPY,H1,Research_2015_2024,2016-11-08 08:00:00,2016-11-07 06:00:00,2016-11-07 12:00:00,2016-11-08 00:00:00,115.74,115.64,115.48,115.44,8,ENTRY_B_B_SUPPORT_REACCEL,2016-11-10 18:00:00,17472,17406,116.21,2016-11-10 16:00:00,51,2016-11-10 11:00:00,17465,115.8,7,2016-11-10 16:00:00
EURJPY,H1,Research_2015_2024,2016-11-08 08:00:00,2016-11-07 06:00:00,2016-11-07 12:00:00,2016-11-08 00:00:00,115.74,115.64,115.48,115.44,8,ENTRY_C_A_AFTER_B,2016-11-10 11:00:00,17465,17406,115.48,2016-11-08 00:00:00,51,2016-11-10 11:00:00,17465,115.8,0,
EURJPY,H1,Research_2015_2024,2016-11-14 18:00:00,2016-11-10 13:00:00,2016-11-11 08:00:00,2016-11-14 12:00:00,116.56,116.47,116.32,116.32,6,ENTRY_A_B_BREAK,2016-11-15 19:00:00,17543,17512,116.88,2016-11-15 10:00:00,25,2016-11-15 19:00:00,17543,116.88,0,
EURJPY,H1,Research_2015_2024,2016-11-14 18:00:00,2016-11-10 13:00:00,2016-11-11 08:00:00,2016-11-14 12:00:00,116.56,116.47,116.32,116.32,6,ENTRY_B_B_SUPPORT_REACCEL,2016-11-16 03:00:00,17551,17512,117.09,2016-11-15 23:00:00,25,2016-11-15 19:00:00,17543,116.88,8,2016-11-15 23:00:00
EURJPY,H1,Research_2015_2024,2016-11-14 18:00:00,2016-11-10 13:00:00,2016-11-11 08:00:00,2016-11-14 12:00:00,116.56,116.47,116.32,116.32,6,ENTRY_C_A_AFTER_B,2016-11-15 19:00:00,17543,17512,116.32,2016-11-14 12:00:00,25,2016-11-15 19:00:00,17543,116.88,0,
EURJPY,H1,Research_2015_2024,2016-12-07 19:00:00,2016-12-05 16:00:00,2016-12-06 11:00:00,2016-12-07 08:00:00,123.16,122.91,122.57,122.51,11,ENTRY_A_B_BREAK,2016-12-11 23:00:00,17971,17910,121.65,2016-12-09 13:00:00,50,2016-12-11 23:00:00,17971,121.65,0,
EURJPY,H1,Research_2015_2024,2016-12-07 19:00:00,2016-12-05 16:00:00,2016-12-06 11:00:00,2016-12-07 08:00:00,123.16,122.91,122.57,122.51,11,ENTRY_B_B_SUPPORT_REACCEL,2016-12-12 05:00:00,17977,17910,121.84,2016-12-12 00:00:00,50,2016-12-11 23:00:00,17971,121.65,6,2016-12-12 00:00:00
EURJPY,H1,Research_2015_2024,2016-12-07 19:00:00,2016-12-05 16:00:00,2016-12-06 11:00:00,2016-12-07 08:00:00,123.16,122.91,122.57,122.51,11,ENTRY_C_A_AFTER_B,2016-12-12 10:00:00,17982,17910,122.57,2016-12-07 08:00:00,50,2016-12-11 23:00:00,17971,121.65,11,
EURJPY,H1,Research_2015_2024,2016-12-21 16:00:00,2016-12-19 10:00:00,2016-12-20 09:00:00,2016-12-21 02:00:00,122.97,122.77,122.57,122.72,14,ENTRY_A_B_BREAK,2016-12-22 07:00:00,18169,18140,122.83,2016-12-21 17:00:00,15,2016-12-22 07:00:00,18169,122.83,0,
EURJPY,H1,Research_2015_2024,2016-12-21 16:00:00,2016-12-19 10:00:00,2016-12-20 09:00:00,2016-12-21 02:00:00,122.97,122.77,122.57,122.72,14,ENTRY_B_B_SUPPORT_REACCEL,2016-12-22 11:00:00,18173,18140,122.94,2016-12-22 10:00:00,15,2016-12-22 07:00:00,18169,122.83,4,2016-12-22 10:00:00
EURJPY,H1,Research_2015_2024,2016-12-21 16:00:00,2016-12-19 10:00:00,2016-12-20 09:00:00,2016-12-21 02:00:00,122.97,122.77,122.57,122.72,14,ENTRY_C_A_AFTER_B,2016-12-22 07:00:00,18169,18140,122.57,2016-12-21 02:00:00,15,2016-12-22 07:00:00,18169,122.83,0,
EURJPY,H1,Research_2015_2024,2017-01-12 22:00:00,2017-01-11 09:00:00,2017-01-11 23:00:00,2017-01-12 14:00:00,122.58,122.2,121.88,121.74,8,ENTRY_A_B_BREAK,2017-01-13 14:00:00,18534,18510,122.12,2017-01-13 04:00:00,16,2017-01-13 14:00:00,18534,122.12,0,
EURJPY,H1,Research_2015_2024,2017-01-12 22:00:00,2017-01-11 09:00:00,2017-01-11 23:00:00,2017-01-12 14:00:00,122.58,122.2,121.88,121.74,8,ENTRY_C_A_AFTER_B,2017-01-13 14:00:00,18534,18510,121.88,2017-01-12 14:00:00,16,2017-01-13 14:00:00,18534,122.12,0,
EURJPY,H1,Research_2015_2024,2017-01-24 08:00:00,2017-01-20 17:00:00,2017-01-23 15:00:00,2017-01-24 02:00:00,122.91,122.09,121.59,121.7,6,ENTRY_A_B_BREAK,2017-01-26 10:00:00,18742,18686,122.22,2017-01-25 10:00:00,50,2017-01-26 10:00:00,18742,122.22,0,
EURJPY,H1,Research_2015_2024,2017-01-24 08:00:00,2017-01-20 17:00:00,2017-01-23 15:00:00,2017-01-24 02:00:00,122.91,122.09,121.59,121.7,6,ENTRY_C_A_AFTER_B,2017-01-26 10:00:00,18742,18686,121.59,2017-01-24 02:00:00,50,2017-01-26 10:00:00,18742,122.22,0,
EURJPY,H1,Research_2015_2024,2017-02-03 01:00:00,2017-02-02 00:00:00,2017-02-02 09:00:00,2017-02-02 17:00:00,122.02,121.86,121.65,121.52,8,ENTRY_A_B_BREAK,2017-02-09 02:00:00,18970,18867,119.86,2017-02-08 18:00:00,95,2017-02-09 02:00:00,18970,119.86,0,
EURJPY,H1,Research_2015_2024,2017-02-14 17:00:00,2017-02-10 02:00:00,2017-02-13 01:00:00,2017-02-13 10:00:00,121.31,121.14,121.09,120.91,31,ENTRY_A_B_BREAK,2017-02-15 04:00:00,19066,19024,120.95,2017-02-14 17:00:00,11,2017-02-15 04:00:00,19066,120.95,0,
EURJPY,H1,Research_2015_2024,2017-02-14 17:00:00,2017-02-10 02:00:00,2017-02-13 01:00:00,2017-02-13 10:00:00,121.31,121.14,121.09,120.91,31,ENTRY_B_B_SUPPORT_REACCEL,2017-02-15 06:00:00,19068,19024,120.99,2017-02-15 05:00:00,11,2017-02-15 04:00:00,19066,120.95,2,2017-02-15 05:00:00
EURJPY,H1,Research_2015_2024,2017-02-14 17:00:00,2017-02-10 02:00:00,2017-02-13 01:00:00,2017-02-13 10:00:00,121.31,121.14,121.09,120.91,31,ENTRY_C_A_AFTER_B,2017-02-15 16:00:00,19078,19024,121.09,2017-02-13 10:00:00,11,2017-02-15 04:00:00,19066,120.95,12,
EURJPY,H1,Research_2015_2024,2017-02-27 18:00:00,2017-02-22 00:00:00,2017-02-22 19:00:00,2017-02-23 09:00:00,119.86,119.77,119.67,119.38,55,ENTRY_A_B_BREAK,2017-03-01 00:00:00,19298,19213,119.44,2017-02-27 18:00:00,30,2017-03-01 00:00:00,19298,119.44,0,
EURJPY,H1,Research_2015_2024,2017-02-27 18:00:00,2017-02-22 00:00:00,2017-02-22 19:00:00,2017-02-23 09:00:00,119.86,119.77,119.67,119.38,55,ENTRY_B_B_SUPPORT_REACCEL,2017-03-01 04:00:00,19302,19213,119.66,2017-03-01 01:00:00,30,2017-03-01 00:00:00,19298,119.44,4,2017-03-01 01:00:00
EURJPY,H1,Research_2015_2024,2017-02-27 18:00:00,2017-02-22 00:00:00,2017-02-22 19:00:00,2017-02-23 09:00:00,119.86,119.77,119.67,119.38,55,ENTRY_C_A_AFTER_B,2017-03-01 04:00:00,19302,19213,119.67,2017-02-23 09:00:00,30,2017-03-01 00:00:00,19298,119.44,4,
EURJPY,H1,Research_2015_2024,2017-03-06 23:00:00,2017-03-06 00:00:00,2017-03-06 10:00:00,2017-03-06 16:00:00,121.11,120.84,120.69,120.56,7,ENTRY_A_B_BREAK,2017-03-09 09:00:00,19449,19384,121.08,2017-03-08 15:00:00,58,2017-03-09 09:00:00,19449,121.08,0,
EURJPY,H1,Research_2015_2024,2017-03-06 23:00:00,2017-03-06 00:00:00,2017-03-06 10:00:00,2017-03-06 16:00:00,121.11,120.84,120.69,120.56,7,ENTRY_C_A_AFTER_B,2017-03-09 09:00:00,19449,19384,120.69,2017-03-06 16:00:00,58,2017-03-09 09:00:00,19449,121.08,0,
EURJPY,H1,Research_2015_2024,2017-03-30 20:00:00,2017-03-29 02:00:00,2017-03-30 01:00:00,2017-03-30 13:00:00,120.42,119.82,119.55,119.46,7,ENTRY_A_B_BREAK,2017-04-05 11:00:00,19901,19808,118.44,2017-04-04 23:00:00,86,2017-04-05 11:00:00,19901,118.44,0,
EURJPY,H1,Research_2015_2024,2017-03-30 20:00:00,2017-03-29 02:00:00,2017-03-30 01:00:00,2017-03-30 13:00:00,120.42,119.82,119.55,119.46,7,ENTRY_B_B_SUPPORT_REACCEL,2017-04-05 13:00:00,19903,19808,118.66,2017-04-05 12:00:00,86,2017-04-05 11:00:00,19901,118.44,2,2017-04-05 12:00:00
EURJPY,H1,Research_2015_2024,2017-05-31 10:00:00,2017-05-29 08:00:00,2017-05-30 14:00:00,2017-05-31 03:00:00,124.61,124.37,124.26,124.22,7,ENTRY_A_B_BREAK,2017-05-31 20:00:00,20862,20845,124.49,2017-05-31 11:00:00,10,2017-05-31 20:00:00,20862,124.49,0,
EURJPY,H1,Research_2015_2024,2017-05-31 10:00:00,2017-05-29 08:00:00,2017-05-30 14:00:00,2017-05-31 03:00:00,124.61,124.37,124.26,124.22,7,ENTRY_B_B_SUPPORT_REACCEL,2017-06-01 00:00:00,20866,20845,124.62,2017-05-31 21:00:00,10,2017-05-31 20:00:00,20862,124.49,4,2017-05-31 21:00:00
EURJPY,H1,Research_2015_2024,2017-05-31 10:00:00,2017-05-29 08:00:00,2017-05-30 14:00:00,2017-05-31 03:00:00,124.61,124.37,124.26,124.22,7,ENTRY_C_A_AFTER_B,2017-05-31 20:00:00,20862,20845,124.26,2017-05-31 03:00:00,10,2017-05-31 20:00:00,20862,124.49,0,
EURJPY,H1,Research_2015_2024,2017-07-14 00:00:00,2017-07-13 00:00:00,2017-07-13 07:00:00,2017-07-13 14:00:00,129.61,129.54,129.44,129.37,10,ENTRY_A_B_BREAK,2017-07-17 14:00:00,21641,21594,129.13,2017-07-16 22:00:00,37,2017-07-17 14:00:00,21641,129.13,0,
EURJPY,H1,Research_2015_2024,2017-07-14 00:00:00,2017-07-13 00:00:00,2017-07-13 07:00:00,2017-07-13 14:00:00,129.61,129.54,129.44,129.37,10,ENTRY_B_B_SUPPORT_REACCEL,2017-07-18 01:00:00,21652,21594,129.32,2017-07-17 21:00:00,37,2017-07-17 14:00:00,21641,129.13,11,2017-07-17 21:00:00
EURJPY,H1,Research_2015_2024,2017-07-14 00:00:00,2017-07-13 00:00:00,2017-07-13 07:00:00,2017-07-13 14:00:00,129.61,129.54,129.44,129.37,10,ENTRY_C_A_AFTER_B,2017-07-18 09:00:00,21660,21594,129.44,2017-07-13 14:00:00,37,2017-07-17 14:00:00,21641,129.13,19,
EURJPY,H1,Research_2015_2024,2017-08-24 11:00:00,2017-08-22 01:00:00,2017-08-22 23:00:00,2017-08-23 09:00:00,129.14,129.09,129.03,129.09,26,ENTRY_A_B_BREAK,2017-08-24 11:00:00,22305,22279,128.94,2017-08-24 01:00:00,0,2017-08-24 11:00:00,22305,128.94,0,
EURJPY,H1,Research_2015_2024,2017-08-24 11:00:00,2017-08-22 01:00:00,2017-08-22 23:00:00,2017-08-23 09:00:00,129.14,129.09,129.03,129.09,26,ENTRY_B_B_SUPPORT_REACCEL,2017-08-24 17:00:00,22311,22279,129.11,2017-08-24 15:00:00,0,2017-08-24 11:00:00,22305,128.94,6,2017-08-24 15:00:00
EURJPY,H1,Research_2015_2024,2017-08-24 11:00:00,2017-08-22 01:00:00,2017-08-22 23:00:00,2017-08-23 09:00:00,129.14,129.09,129.03,129.09,26,ENTRY_C_A_AFTER_B,2017-08-24 11:00:00,22305,22279,129.03,2017-08-23 09:00:00,0,2017-08-24 11:00:00,22305,128.94,0,
EURJPY,H1,Research_2015_2024,2017-09-07 09:00:00,2017-09-04 10:00:00,2017-09-04 16:00:00,2017-09-04 23:00:00,130.69,130.65,130.61,130.42,58,ENTRY_A_B_BREAK,2017-09-07 09:00:00,22541,22483,130.38,2017-09-06 17:00:00,0,2017-09-07 09:00:00,22541,130.38,0,
EURJPY,H1,Research_2015_2024,2017-09-07 09:00:00,2017-09-04 10:00:00,2017-09-04 16:00:00,2017-09-04 23:00:00,130.69,130.65,130.61,130.42,58,ENTRY_B_B_SUPPORT_REACCEL,2017-09-07 12:00:00,22544,22483,130.52,2017-09-07 10:00:00,0,2017-09-07 09:00:00,22541,130.38,3,2017-09-07 10:00:00
EURJPY,H1,Research_2015_2024,2017-09-07 09:00:00,2017-09-04 10:00:00,2017-09-04 16:00:00,2017-09-04 23:00:00,130.69,130.65,130.61,130.42,58,ENTRY_C_A_AFTER_B,2017-09-07 12:00:00,22544,22483,130.61,2017-09-04 23:00:00,0,2017-09-07 09:00:00,22541,130.38,3,
EURJPY,H1,Research_2015_2024,2017-10-16 17:00:00,2017-10-12 03:00:00,2017-10-13 01:00:00,2017-10-16 01:00:00,133.46,132.92,132.36,132.1,16,ENTRY_A_B_BREAK,2017-10-18 09:00:00,23231,23175,132.36,2017-10-16 19:00:00,40,2017-10-18 09:00:00,23231,132.36,0,
EURJPY,H1,Research_2015_2024,2017-10-16 17:00:00,2017-10-12 03:00:00,2017-10-13 01:00:00,2017-10-16 01:00:00,133.46,132.92,132.36,132.1,16,ENTRY_B_B_SUPPORT_REACCEL,2017-10-18 12:00:00,23234,23175,132.57,2017-10-18 10:00:00,40,2017-10-18 09:00:00,23231,132.36,3,2017-10-18 10:00:00
EURJPY,H1,Research_2015_2024,2017-10-16 17:00:00,2017-10-12 03:00:00,2017-10-13 01:00:00,2017-10-16 01:00:00,133.46,132.92,132.36,132.1,16,ENTRY_C_A_AFTER_B,2017-10-18 09:00:00,23231,23175,132.36,2017-10-16 01:00:00,40,2017-10-18 09:00:00,23231,132.36,0,
EURJPY,H1,Research_2015_2024,2017-11-21 01:00:00,2017-11-17 01:00:00,2017-11-20 09:00:00,2017-11-20 18:00:00,133.13,132.42,132.25,132.22,7,ENTRY_A_B_BREAK,2017-11-24 00:00:00,23861,23783,131.86,2017-11-23 14:00:00,71,2017-11-24 00:00:00,23861,131.86,0,
EURJPY,H1,Research_2015_2024,2017-11-21 01:00:00,2017-11-17 01:00:00,2017-11-20 09:00:00,2017-11-20 18:00:00,133.13,132.42,132.25,132.22,7,ENTRY_B_B_SUPPORT_REACCEL,2017-11-24 02:00:00,23863,23783,131.92,2017-11-24 01:00:00,71,2017-11-24 00:00:00,23861,131.86,2,2017-11-24 01:00:00
EURJPY,H1,Research_2015_2024,2017-11-21 01:00:00,2017-11-17 01:00:00,2017-11-20 09:00:00,2017-11-20 18:00:00,133.13,132.42,132.25,132.22,7,ENTRY_C_A_AFTER_B,2017-11-24 14:00:00,23875,23783,132.25,2017-11-20 18:00:00,71,2017-11-24 00:00:00,23861,131.86,14,
EURJPY,H1,Research_2015_2024,2017-11-29 06:00:00,2017-11-28 09:00:00,2017-11-28 16:00:00,2017-11-29 00:00:00,132.54,132.39,132.27,132.18,6,ENTRY_A_B_BREAK,2017-11-30 02:00:00,23957,23931,132.77,2017-11-29 18:00:00,20,2017-11-30 02:00:00,23957,132.77,0,
EURJPY,H1,Research_2015_2024,2017-11-29 06:00:00,2017-11-28 09:00:00,2017-11-28 16:00:00,2017-11-29 00:00:00,132.54,132.39,132.27,132.18,6,ENTRY_B_B_SUPPORT_REACCEL,2017-11-30 06:00:00,23961,23931,132.88,2017-11-30 04:00:00,20,2017-11-30 02:00:00,23957,132.77,4,2017-11-30 04:00:00
EURJPY,H1,Research_2015_2024,2017-11-29 06:00:00,2017-11-28 09:00:00,2017-11-28 16:00:00,2017-11-29 00:00:00,132.54,132.39,132.27,132.18,6,ENTRY_C_A_AFTER_B,2017-11-30 02:00:00,23957,23931,132.27,2017-11-29 00:00:00,20,2017-11-30 02:00:00,23957,132.77,0,
EURJPY,H1,Research_2015_2024,2018-01-22 07:00:00,2018-01-18 12:00:00,2018-01-19 04:00:00,2018-01-21 23:00:00,136.27,136.02,135.68,135.56,8,ENTRY_A_B_BREAK,2018-01-25 01:00:00,24843,24769,135.52,2018-01-24 15:00:00,66,2018-01-25 01:00:00,24843,135.52,0,
EURJPY,H1,Research_2015_2024,2018-01-22 07:00:00,2018-01-18 12:00:00,2018-01-19 04:00:00,2018-01-21 23:00:00,136.27,136.02,135.68,135.56,8,ENTRY_C_A_AFTER_B,2018-01-25 14:00:00,24856,24769,135.68,2018-01-21 23:00:00,66,2018-01-25 01:00:00,24843,135.52,13,
EURJPY,H1,Research_2015_2024,2018-01-30 00:00:00,2018-01-26 08:00:00,2018-01-29 08:00:00,2018-01-29 18:00:00,136.11,135.3,135.0,134.84,6,ENTRY_A_B_BREAK,2018-01-31 03:00:00,24939,24906,135.17,2018-01-30 14:00:00,27,2018-01-31 03:00:00,24939,135.17,0,
EURJPY,H1,Research_2015_2024,2018-01-30 00:00:00,2018-01-26 08:00:00,2018-01-29 08:00:00,2018-01-29 18:00:00,136.11,135.3,135.0,134.84,6,ENTRY_B_B_SUPPORT_REACCEL,2018-01-31 11:00:00,24947,24906,135.33,2018-01-31 04:00:00,27,2018-01-31 03:00:00,24939,135.17,8,2018-01-31 04:00:00
EURJPY,H1,Research_2015_2024,2018-01-30 00:00:00,2018-01-26 08:00:00,2018-01-29 08:00:00,2018-01-29 18:00:00,136.11,135.3,135.0,134.84,6,ENTRY_C_A_AFTER_B,2018-01-31 03:00:00,24939,24906,135.0,2018-01-29 18:00:00,27,2018-01-31 03:00:00,24939,135.17,0,
EURJPY,H1,Research_2015_2024,2018-02-09 08:00:00,2018-02-07 00:00:00,2018-02-08 08:00:00,2018-02-08 14:00:00,135.82,134.77,134.6,134.09,18,ENTRY_A_B_BREAK,2018-02-12 23:00:00,25147,25092,133.61,2018-02-12 05:00:00,37,2018-02-12 23:00:00,25147,133.61,0,
EURJPY,H1,Research_2015_2024,2018-02-16 03:00:00,2018-02-14 20:00:00,2018-02-15 12:00:00,2018-02-15 18:00:00,133.37,133.23,133.12,133.04,9,ENTRY_A_B_BREAK,2018-02-20 00:00:00,25267,25214,132.34,2018-02-19 10:00:00,44,2018-02-20 00:00:00,25267,132.34,0,
EURJPY,H1,Research_2015_2024,2018-02-26 09:00:00,2018-02-22 10:00:00,2018-02-23 00:00:00,2018-02-25 23:00:00,132.02,131.81,131.56,131.57,10,ENTRY_A_B_BREAK,2018-02-26 22:00:00,25384,25361,131.72,2018-02-26 12:00:00,13,2018-02-26 22:00:00,25384,131.72,0,
EURJPY,H1,Research_2015_2024,2018-02-26 09:00:00,2018-02-22 10:00:00,2018-02-23 00:00:00,2018-02-25 23:00:00,132.02,131.81,131.56,131.57,10,ENTRY_B_B_SUPPORT_REACCEL,2018-02-27 01:00:00,25387,25361,131.88,2018-02-26 23:00:00,13,2018-02-26 22:00:00,25384,131.72,3,2018-02-26 23:00:00
EURJPY,H1,Research_2015_2024,2018-02-26 09:00:00,2018-02-22 10:00:00,2018-02-23 00:00:00,2018-02-25 23:00:00,132.02,131.81,131.56,131.57,10,ENTRY_C_A_AFTER_B,2018-02-26 22:00:00,25384,25361,131.56,2018-02-25 23:00:00,13,2018-02-26 22:00:00,25384,131.72,0,
EURJPY,H1,Research_2015_2024,2018-03-12 17:00:00,2018-03-09 15:00:00,2018-03-11 23:00:00,2018-03-12 07:00:00,131.86,131.67,131.51,131.32,10,ENTRY_A_B_BREAK,2018-03-13 03:00:00,25627,25607,131.35,2018-03-12 18:00:00,10,2018-03-13 03:00:00,25627,131.35,0,
EURJPY,H1,Research_2015_2024,2018-03-12 17:00:00,2018-03-09 15:00:00,2018-03-11 23:00:00,2018-03-12 07:00:00,131.86,131.67,131.51,131.32,10,ENTRY_B_B_SUPPORT_REACCEL,2018-03-13 06:00:00,25630,25607,131.63,2018-03-13 04:00:00,10,2018-03-13 03:00:00,25627,131.35,3,2018-03-13 04:00:00
EURJPY,H1,Research_2015_2024,2018-03-12 17:00:00,2018-03-09 15:00:00,2018-03-11 23:00:00,2018-03-12 07:00:00,131.86,131.67,131.51,131.32,10,ENTRY_C_A_AFTER_B,2018-03-13 04:00:00,25628,25607,131.51,2018-03-12 07:00:00,10,2018-03-13 03:00:00,25627,131.35,1,
EURJPY,H1,Research_2015_2024,2018-03-15 21:00:00,2018-03-14 01:00:00,2018-03-15 07:00:00,2018-03-15 15:00:00,132.25,131.28,130.99,130.85,6,ENTRY_A_B_BREAK,2018-03-19 10:00:00,25729,25687,130.43,2018-03-16 17:00:00,36,2018-03-19 10:00:00,25729,130.43,0,
EURJPY,H1,Research_2015_2024,2018-03-15 21:00:00,2018-03-14 01:00:00,2018-03-15 07:00:00,2018-03-15 15:00:00,132.25,131.28,130.99,130.85,6,ENTRY_B_B_SUPPORT_REACCEL,2018-03-20 01:00:00,25744,25687,131.04,2018-03-19 12:00:00,36,2018-03-19 10:00:00,25729,130.43,15,2018-03-19 12:00:00
EURJPY,H1,Research_2015_2024,2018-03-15 21:00:00,2018-03-14 01:00:00,2018-03-15 07:00:00,2018-03-15 15:00:00,132.25,131.28,130.99,130.85,6,ENTRY_C_A_AFTER_B,2018-03-20 01:00:00,25744,25687,130.99,2018-03-15 15:00:00,36,2018-03-19 10:00:00,25729,130.43,15,
EURJPY,H1,Research_2015_2024,2018-04-26 06:00:00,2018-04-24 14:00:00,2018-04-25 07:00:00,2018-04-25 15:00:00,133.47,133.32,133.24,133.14,15,ENTRY_A_B_BREAK,2018-05-02 06:00:00,26468,26378,131.77,2018-05-01 20:00:00,75,2018-05-02 06:00:00,26468,131.77,0,
EURJPY,H1,Research_2015_2024,2018-05-09 01:00:00,2018-05-03 18:00:00,2018-05-06 22:00:00,2018-05-07 04:00:00,131.1,130.57,130.51,129.83,45,ENTRY_A_B_BREAK,2018-05-09 01:00:00,26581,26536,129.71,2018-05-08 16:00:00,0,2018-05-09 01:00:00,26581,129.71,0,
EURJPY,H1,Research_2015_2024,2018-05-09 01:00:00,2018-05-03 18:00:00,2018-05-06 22:00:00,2018-05-07 04:00:00,131.1,130.57,130.51,129.83,45,ENTRY_B_B_SUPPORT_REACCEL,2018-05-09 07:00:00,26587,26536,129.83,2018-05-09 02:00:00,0,2018-05-09 01:00:00,26581,129.71,6,2018-05-09 02:00:00
EURJPY,H1,Research_2015_2024,2018-05-09 01:00:00,2018-05-03 18:00:00,2018-05-06 22:00:00,2018-05-07 04:00:00,131.1,130.57,130.51,129.83,45,ENTRY_C_A_AFTER_B,2018-05-11 12:00:00,26640,26536,130.51,2018-05-07 04:00:00,0,2018-05-09 01:00:00,26581,129.71,59,
EURJPY,H1,Research_2015_2024,2018-05-22 07:00:00,2018-05-18 08:00:00,2018-05-21 12:00:00,2018-05-21 21:00:00,131.1,130.99,130.95,131.25,10,ENTRY_A_B_BREAK,2018-05-28 05:00:00,26892,26791,128.35,2018-05-27 22:00:00,91,2018-05-28 05:00:00,26892,128.35,0,
EURJPY,H1,Research_2015_2024,2018-06-29 02:00:00,2018-06-26 05:00:00,2018-06-26 16:00:00,2018-06-26 23:00:00,128.43,128.36,128.32,128.78,51,ENTRY_A_B_BREAK,2018-06-29 02:00:00,27461,27410,127.9,2018-06-28 17:00:00,0,2018-06-29 02:00:00,27461,127.9,0,
EURJPY,H1,Research_2015_2024,2018-06-29 02:00:00,2018-06-26 05:00:00,2018-06-26 16:00:00,2018-06-26 23:00:00,128.43,128.36,128.32,128.78,51,ENTRY_C_A_AFTER_B,2018-06-29 02:00:00,27461,27410,128.32,2018-06-26 23:00:00,0,2018-06-29 02:00:00,27461,127.9,0,
EURJPY,H1,Research_2015_2024,2018-07-18 22:00:00,2018-07-17 14:00:00,2018-07-18 00:00:00,2018-07-18 16:00:00,131.96,131.75,131.47,131.39,6,ENTRY_A_B_BREAK,2018-07-25 00:00:00,27884,27782,130.07,2018-07-24 14:00:00,96,2018-07-25 00:00:00,27884,130.07,0,
EURJPY,H1,Research_2015_2024,2018-09-11 00:00:00,2018-09-05 13:00:00,2018-09-06 00:00:00,2018-09-06 12:00:00,129.91,129.78,129.62,129.1,58,ENTRY_A_B_BREAK,2018-09-11 00:00:00,28686,28628,129.02,2018-09-10 13:00:00,0,2018-09-11 00:00:00,28686,129.02,0,
EURJPY,H1,Research_2015_2024,2018-09-11 00:00:00,2018-09-05 13:00:00,2018-09-06 00:00:00,2018-09-06 12:00:00,129.91,129.78,129.62,129.1,58,ENTRY_B_B_SUPPORT_REACCEL,2018-09-11 03:00:00,28689,28628,129.14,2018-09-11 02:00:00,0,2018-09-11 00:00:00,28686,129.02,3,2018-09-11 02:00:00
EURJPY,H1,Research_2015_2024,2018-09-11 00:00:00,2018-09-05 13:00:00,2018-09-06 00:00:00,2018-09-06 12:00:00,129.91,129.78,129.62,129.1,58,ENTRY_C_A_AFTER_B,2018-09-11 07:00:00,28693,28628,129.62,2018-09-06 12:00:00,0,2018-09-11 00:00:00,28686,129.02,7,
EURJPY,H1,Research_2015_2024,2018-09-30 23:00:00,2018-09-27 01:00:00,2018-09-27 16:00:00,2018-09-28 02:00:00,132.66,132.48,132.28,132.04,19,ENTRY_A_B_BREAK,2018-10-03 02:00:00,29066,28996,131.48,2018-10-02 16:00:00,51,2018-10-03 02:00:00,29066,131.48,0,
EURJPY,H1,Research_2015_2024,2018-09-30 23:00:00,2018-09-27 01:00:00,2018-09-27 16:00:00,2018-09-28 02:00:00,132.66,132.48,132.28,132.04,19,ENTRY_B_B_SUPPORT_REACCEL,2018-10-03 05:00:00,29069,28996,131.64,2018-10-03 04:00:00,51,2018-10-03 02:00:00,29066,131.48,3,2018-10-03 04:00:00
EURJPY,H1,Research_2015_2024,2018-10-08 00:00:00,2018-10-03 06:00:00,2018-10-03 18:00:00,2018-10-04 13:00:00,131.93,131.81,131.54,131.15,33,ENTRY_A_B_BREAK,2018-10-10 01:00:00,29183,29101,130.12,2018-10-09 14:00:00,49,2018-10-10 01:00:00,29183,130.12,0,
EURJPY,H1,Research_2015_2024,2018-10-29 05:00:00,2018-10-24 04:00:00,2018-10-25 12:00:00,2018-10-26 18:00:00,129.19,128.38,127.72,127.56,8,ENTRY_A_B_BREAK,2018-10-30 04:00:00,29515,29484,128.21,2018-10-29 12:00:00,23,2018-10-30 04:00:00,29515,128.21,0,
EURJPY,H1,Research_2015_2024,2018-10-29 05:00:00,2018-10-24 04:00:00,2018-10-25 12:00:00,2018-10-26 18:00:00,129.19,128.38,127.72,127.56,8,ENTRY_B_B_SUPPORT_REACCEL,2018-10-30 09:00:00,29520,29484,128.31,2018-10-30 05:00:00,23,2018-10-30 04:00:00,29515,128.21,5,2018-10-30 05:00:00
EURJPY,H1,Research_2015_2024,2018-10-29 05:00:00,2018-10-24 04:00:00,2018-10-25 12:00:00,2018-10-26 18:00:00,129.19,128.38,127.72,127.56,8,ENTRY_C_A_AFTER_B,2018-10-30 04:00:00,29515,29484,127.72,2018-10-26 18:00:00,23,2018-10-30 04:00:00,29515,128.21,0,
EURJPY,H1,Research_2015_2024,2018-11-28 18:00:00,2018-11-26 08:00:00,2018-11-26 16:00:00,2018-11-27 07:00:00,128.9,128.85,128.82,129.18,35,ENTRY_A_B_BREAK,2018-11-29 22:00:00,30053,29990,129.24,2018-11-28 18:00:00,28,2018-11-29 22:00:00,30053,129.24,0,
EURJPY,H1,Research_2015_2024,2018-11-28 18:00:00,2018-11-26 08:00:00,2018-11-26 16:00:00,2018-11-27 07:00:00,128.9,128.85,128.82,129.18,35,ENTRY_C_A_AFTER_B,2018-11-29 22:00:00,30053,29990,128.82,2018-11-27 07:00:00,28,2018-11-29 22:00:00,30053,129.24,0,
EURJPY,H1,Research_2015_2024,2019-02-01 08:00:00,2019-01-31 04:00:00,2019-01-31 16:00:00,2019-02-01 01:00:00,125.27,124.93,124.72,124.67,7,ENTRY_A_B_BREAK,2019-02-04 09:00:00,31125,31095,125.7,2019-02-01 17:00:00,23,2019-02-04 09:00:00,31125,125.7,0,
EURJPY,H1,Research_2015_2024,2019-02-01 08:00:00,2019-01-31 04:00:00,2019-01-31 16:00:00,2019-02-01 01:00:00,125.27,124.93,124.72,124.67,7,ENTRY_B_B_SUPPORT_REACCEL,2019-02-04 14:00:00,31130,31095,125.84,2019-02-04 10:00:00,23,2019-02-04 09:00:00,31125,125.7,5,2019-02-04 10:00:00
EURJPY,H1,Research_2015_2024,2019-02-01 08:00:00,2019-01-31 04:00:00,2019-01-31 16:00:00,2019-02-01 01:00:00,125.27,124.93,124.72,124.67,7,ENTRY_C_A_AFTER_B,2019-02-04 09:00:00,31125,31095,124.72,2019-02-01 01:00:00,23,2019-02-04 09:00:00,31125,125.7,0,
EURJPY,H1,Research_2015_2024,2019-02-11 13:00:00,2019-02-06 14:00:00,2019-02-07 01:00:00,2019-02-07 08:00:00,125.09,125.03,124.97,124.64,51,ENTRY_A_B_BREAK,2019-02-12 17:00:00,31275,31196,124.85,2019-02-11 15:00:00,28,2019-02-12 17:00:00,31275,124.85,0,
EURJPY,H1,Research_2015_2024,2019-02-11 13:00:00,2019-02-06 14:00:00,2019-02-07 01:00:00,2019-02-07 08:00:00,125.09,125.03,124.97,124.64,51,ENTRY_B_B_SUPPORT_REACCEL,2019-02-14 02:00:00,31308,31196,125.01,2019-02-13 23:00:00,28,2019-02-12 17:00:00,31275,124.85,33,2019-02-13 23:00:00
EURJPY,H1,Research_2015_2024,2019-02-11 13:00:00,2019-02-06 14:00:00,2019-02-07 01:00:00,2019-02-07 08:00:00,125.09,125.03,124.97,124.64,51,ENTRY_C_A_AFTER_B,2019-02-12 17:00:00,31275,31196,124.97,2019-02-07 08:00:00,28,2019-02-12 17:00:00,31275,124.85,0,
EURJPY,H1,Research_2015_2024,2019-02-22 10:00:00,2019-02-20 01:00:00,2019-02-20 08:00:00,2019-02-20 16:00:00,125.91,125.88,125.85,125.71,42,ENTRY_A_B_BREAK,2019-02-25 10:00:00,31481,31416,125.76,2019-02-22 11:00:00,23,2019-02-25 10:00:00,31481,125.76,0,
EURJPY,H1,Research_2015_2024,2019-02-22 10:00:00,2019-02-20 01:00:00,2019-02-20 08:00:00,2019-02-20 16:00:00,125.91,125.88,125.85,125.71,42,ENTRY_B_B_SUPPORT_REACCEL,2019-02-25 16:00:00,31487,31416,125.87,2019-02-25 11:00:00,23,2019-02-25 10:00:00,31481,125.76,6,2019-02-25 11:00:00
EURJPY,H1,Research_2015_2024,2019-02-22 10:00:00,2019-02-20 01:00:00,2019-02-20 08:00:00,2019-02-20 16:00:00,125.91,125.88,125.85,125.71,42,ENTRY_C_A_AFTER_B,2019-02-25 16:00:00,31487,31416,125.85,2019-02-20 16:00:00,23,2019-02-25 10:00:00,31481,125.76,6,
EURJPY,H1,Research_2015_2024,2019-03-29 00:00:00,2019-03-26 10:00:00,2019-03-27 09:00:00,2019-03-28 14:00:00,124.98,124.71,124.41,124.46,10,ENTRY_A_B_BREAK,2019-03-31 23:00:00,32066,32033,124.61,2019-03-29 14:00:00,23,2019-03-31 23:00:00,32066,124.61,0,
EURJPY,H1,Research_2015_2024,2019-03-29 00:00:00,2019-03-26 10:00:00,2019-03-27 09:00:00,2019-03-28 14:00:00,124.98,124.71,124.41,124.46,10,ENTRY_C_A_AFTER_B,2019-03-31 23:00:00,32066,32033,124.41,2019-03-28 14:00:00,23,2019-03-31 23:00:00,32066,124.61,0,
EURJPY,H1,Research_2015_2024,2019-05-10 19:00:00,2019-05-03 16:00:00,2019-05-06 18:00:00,2019-05-07 06:00:00,124.57,124.28,124.23,123.46,85,ENTRY_A_B_BREAK,2019-05-10 19:00:00,32777,32692,123.25,2019-05-09 14:00:00,0,2019-05-10 19:00:00,32777,123.25,0,
EURJPY,H1,Research_2015_2024,2019-07-04 01:00:00,2019-06-30 22:00:00,2019-07-01 12:00:00,2019-07-02 09:00:00,123.29,122.98,122.51,121.65,40,ENTRY_A_B_BREAK,2019-07-05 12:00:00,33722,33647,121.78,2019-07-03 13:00:00,35,2019-07-05 12:00:00,33722,121.78,0,
EURJPY,H1,Research_2015_2024,2019-07-25 13:00:00,2019-07-19 08:00:00,2019-07-22 06:00:00,2019-07-22 14:00:00,121.26,121.15,121.11,121.29,71,ENTRY_A_B_BREAK,2019-07-25 13:00:00,34056,33985,120.52,2019-07-24 16:00:00,0,2019-07-25 13:00:00,34056,120.52,0,
EURJPY,H1,Research_2015_2024,2019-07-25 13:00:00,2019-07-19 08:00:00,2019-07-22 06:00:00,2019-07-22 14:00:00,121.26,121.15,121.11,121.29,71,ENTRY_C_A_AFTER_B,2019-07-25 13:00:00,34056,33985,121.11,2019-07-22 14:00:00,0,2019-07-25 13:00:00,34056,120.52,0,
EURJPY,H1,Research_2015_2024,2019-08-15 06:00:00,2019-08-13 14:00:00,2019-08-13 21:00:00,2019-08-15 00:00:00,119.56,119.28,118.11,118.54,6,ENTRY_A_B_BREAK,2019-08-16 09:00:00,34433,34400,117.93,2019-08-15 21:00:00,27,2019-08-16 09:00:00,34433,117.93,0,
EURJPY,H1,Research_2015_2024,2019-08-15 06:00:00,2019-08-13 14:00:00,2019-08-13 21:00:00,2019-08-15 00:00:00,119.56,119.28,118.11,118.54,6,ENTRY_C_A_AFTER_B,2019-08-16 14:00:00,34438,34400,118.11,2019-08-15 00:00:00,27,2019-08-16 09:00:00,34433,117.93,5,
EURJPY,H1,Research_2015_2024,2019-08-28 07:00:00,2019-08-26 12:00:00,2019-08-27 09:00:00,2019-08-28 01:00:00,118.16,117.73,117.38,117.28,6,ENTRY_A_B_BREAK,2019-08-29 08:00:00,34646,34615,117.66,2019-08-28 19:00:00,25,2019-08-29 08:00:00,34646,117.66,0,
EURJPY,H1,Research_2015_2024,2019-08-28 07:00:00,2019-08-26 12:00:00,2019-08-27 09:00:00,2019-08-28 01:00:00,118.16,117.73,117.38,117.28,6,ENTRY_C_A_AFTER_B,2019-08-29 08:00:00,34646,34615,117.38,2019-08-28 01:00:00,25,2019-08-29 08:00:00,34646,117.66,0,
EURJPY,H1,Research_2015_2024,2019-09-03 19:00:00,2019-09-02 08:00:00,2019-09-02 21:00:00,2019-09-03 13:00:00,116.76,116.55,116.33,116.31,6,ENTRY_A_B_BREAK,2019-09-05 10:00:00,34767,34722,117.72,2019-09-05 01:00:00,39,2019-09-05 10:00:00,34767,117.72,0,
EURJPY,H1,Research_2015_2024,2019-09-03 19:00:00,2019-09-02 08:00:00,2019-09-02 21:00:00,2019-09-03 13:00:00,116.76,116.55,116.33,116.31,6,ENTRY_B_B_SUPPORT_REACCEL,2019-09-09 06:00:00,34810,34722,117.89,2019-09-09 01:00:00,39,2019-09-05 10:00:00,34767,117.72,43,2019-09-09 01:00:00
EURJPY,H1,Research_2015_2024,2019-09-03 19:00:00,2019-09-02 08:00:00,2019-09-02 21:00:00,2019-09-03 13:00:00,116.76,116.55,116.33,116.31,6,ENTRY_C_A_AFTER_B,2019-09-05 10:00:00,34767,34722,116.33,2019-09-03 13:00:00,39,2019-09-05 10:00:00,34767,117.72,0,
EURJPY,H1,Research_2015_2024,2019-09-20 06:00:00,2019-09-18 14:00:00,2019-09-19 11:00:00,2019-09-20 00:00:00,119.74,119.54,119.35,119.3,6,ENTRY_A_B_BREAK,2019-09-24 09:00:00,35071,35015,118.33,2019-09-23 23:00:00,50,2019-09-24 09:00:00,35071,118.33,0,
EURJPY,H1,Research_2015_2024,2019-09-20 06:00:00,2019-09-18 14:00:00,2019-09-19 11:00:00,2019-09-20 00:00:00,119.74,119.54,119.35,119.3,6,ENTRY_B_B_SUPPORT_REACCEL,2019-09-24 12:00:00,35074,35015,118.44,2019-09-24 11:00:00,50,2019-09-24 09:00:00,35071,118.33,3,2019-09-24 11:00:00
EURJPY,H1,Research_2015_2024,2019-10-23 16:00:00,2019-10-21 08:00:00,2019-10-22 01:00:00,2019-10-22 18:00:00,121.44,121.27,121.04,120.87,22,ENTRY_A_B_BREAK,2019-10-23 16:00:00,35578,35556,120.64,2019-10-23 06:00:00,0,2019-10-23 16:00:00,35578,120.64,0,
EURJPY,H1,Research_2015_2024,2019-10-23 16:00:00,2019-10-21 08:00:00,2019-10-22 01:00:00,2019-10-22 18:00:00,121.44,121.27,121.04,120.87,22,ENTRY_C_A_AFTER_B,2019-10-24 07:00:00,35593,35556,121.04,2019-10-22 18:00:00,0,2019-10-23 16:00:00,35578,120.64,15,
EURJPY,H1,Research_2015_2024,2019-11-14 07:00:00,2019-11-12 06:00:00,2019-11-13 06:00:00,2019-11-14 01:00:00,120.62,120.16,119.79,119.71,6,ENTRY_A_B_BREAK,2019-11-15 10:00:00,35976,35943,119.79,2019-11-15 02:00:00,27,2019-11-15 10:00:00,35976,119.79,0,
EURJPY,H1,Research_2015_2024,2019-11-14 07:00:00,2019-11-12 06:00:00,2019-11-13 06:00:00,2019-11-14 01:00:00,120.62,120.16,119.79,119.71,6,ENTRY_B_B_SUPPORT_REACCEL,2019-11-15 12:00:00,35978,35943,119.87,2019-11-15 11:00:00,27,2019-11-15 10:00:00,35976,119.79,2,2019-11-15 11:00:00
EURJPY,H1,Research_2015_2024,2019-11-14 07:00:00,2019-11-12 06:00:00,2019-11-13 06:00:00,2019-11-14 01:00:00,120.62,120.16,119.79,119.71,6,ENTRY_C_A_AFTER_B,2019-11-15 10:00:00,35976,35943,119.79,2019-11-14 01:00:00,27,2019-11-15 10:00:00,35976,119.79,0,
EURJPY,H1,Research_2015_2024,2020-01-03 21:00:00,2020-01-02 09:00:00,2020-01-02 23:00:00,2020-01-03 15:00:00,121.99,121.36,120.72,120.62,6,ENTRY_A_B_BREAK,2020-01-06 09:00:00,36760,36743,120.72,2020-01-06 00:00:00,11,2020-01-06 09:00:00,36760,120.72,0,
EURJPY,H1,Research_2015_2024,2020-01-03 21:00:00,2020-01-02 09:00:00,2020-01-02 23:00:00,2020-01-03 15:00:00,121.99,121.36,120.72,120.62,6,ENTRY_C_A_AFTER_B,2020-01-06 09:00:00,36760,36743,120.72,2020-01-03 15:00:00,11,2020-01-06 09:00:00,36760,120.72,0,
EURJPY,H1,Research_2015_2024,2020-01-30 20:00:00,2020-01-28 22:00:00,2020-01-29 19:00:00,2020-01-30 13:00:00,120.41,120.22,120.1,120.13,7,ENTRY_A_B_BREAK,2020-02-04 06:00:00,37257,37193,120.39,2020-01-31 01:00:00,57,2020-02-04 06:00:00,37257,120.39,0,
EURJPY,H1,Research_2015_2024,2020-01-30 20:00:00,2020-01-28 22:00:00,2020-01-29 19:00:00,2020-01-30 13:00:00,120.41,120.22,120.1,120.13,7,ENTRY_B_B_SUPPORT_REACCEL,2020-02-04 09:00:00,37260,37193,120.57,2020-02-04 08:00:00,57,2020-02-04 06:00:00,37257,120.39,3,2020-02-04 08:00:00
EURJPY,H1,Research_2015_2024,2020-01-30 20:00:00,2020-01-28 22:00:00,2020-01-29 19:00:00,2020-01-30 13:00:00,120.41,120.22,120.1,120.13,7,ENTRY_C_A_AFTER_B,2020-02-04 06:00:00,37257,37193,120.1,2020-01-30 13:00:00,57,2020-02-04 06:00:00,37257,120.39,0,
EURJPY,H1,Research_2015_2024,2020-02-19 09:00:00,2020-02-14 14:00:00,2020-02-17 11:00:00,2020-02-17 17:00:00,119.21,119.17,119.14,119.08,40,ENTRY_A_B_BREAK,2020-02-20 07:00:00,37544,37482,120.47,2020-02-19 19:00:00,22,2020-02-20 07:00:00,37544,120.47,0,
EURJPY,H1,Research_2015_2024,2020-02-19 09:00:00,2020-02-14 14:00:00,2020-02-17 11:00:00,2020-02-17 17:00:00,119.21,119.17,119.14,119.08,40,ENTRY_B_B_SUPPORT_REACCEL,2020-02-20 09:00:00,37546,37482,120.61,2020-02-20 08:00:00,22,2020-02-20 07:00:00,37544,120.47,2,2020-02-20 08:00:00
EURJPY,H1,Research_2015_2024,2020-02-19 09:00:00,2020-02-14 14:00:00,2020-02-17 11:00:00,2020-02-17 17:00:00,119.21,119.17,119.14,119.08,40,ENTRY_C_A_AFTER_B,2020-02-20 07:00:00,37544,37482,119.14,2020-02-17 17:00:00,22,2020-02-20 07:00:00,37544,120.47,0,
EURJPY,H1,Research_2015_2024,2020-03-20 08:00:00,2020-03-19 04:00:00,2020-03-19 14:00:00,2020-03-20 00:00:00,119.3,119.01,118.71,118.51,8,ENTRY_A_B_BREAK,2020-03-24 10:00:00,38094,38037,119.92,2020-03-23 16:00:00,49,2020-03-24 10:00:00,38094,119.92,0,
EURJPY,H1,Research_2015_2024,2020-03-20 08:00:00,2020-03-19 04:00:00,2020-03-19 14:00:00,2020-03-20 00:00:00,119.3,119.01,118.71,118.51,8,ENTRY_B_B_SUPPORT_REACCEL,2020-03-24 15:00:00,38099,38037,120.27,2020-03-24 13:00:00,49,2020-03-24 10:00:00,38094,119.92,5,2020-03-24 13:00:00
EURJPY,H1,Research_2015_2024,2020-03-20 08:00:00,2020-03-19 04:00:00,2020-03-19 14:00:00,2020-03-20 00:00:00,119.3,119.01,118.71,118.51,8,ENTRY_C_A_AFTER_B,2020-03-24 10:00:00,38094,38037,118.71,2020-03-20 00:00:00,49,2020-03-24 10:00:00,38094,119.92,0,
EURJPY,H1,Research_2015_2024,2020-03-31 00:00:00,2020-03-26 21:00:00,2020-03-27 20:00:00,2020-03-30 07:00:00,120.99,120.33,119.83,119.45,17,ENTRY_A_B_BREAK,2020-04-06 00:00:00,38299,38187,117.46,2020-04-02 14:00:00,95,2020-04-06 00:00:00,38299,117.46,0,
EURJPY,H1,Research_2015_2024,2020-03-31 00:00:00,2020-03-26 21:00:00,2020-03-27 20:00:00,2020-03-30 07:00:00,120.99,120.33,119.83,119.45,17,ENTRY_B_B_SUPPORT_REACCEL,2020-04-07 06:00:00,38329,38187,117.95,2020-04-06 11:00:00,95,2020-04-06 00:00:00,38299,117.46,30,2020-04-06 11:00:00
EURJPY,H1,Research_2015_2024,2020-04-20 00:00:00,2020-04-14 21:00:00,2020-04-16 06:00:00,2020-04-16 21:00:00,117.77,117.48,117.33,117.17,24,ENTRY_A_B_BREAK,2020-04-20 00:00:00,38533,38509,117.1,2020-04-17 14:00:00,0,2020-04-20 00:00:00,38533,117.1,0,
EURJPY,H1,Research_2015_2024,2020-04-20 00:00:00,2020-04-14 21:00:00,2020-04-16 06:00:00,2020-04-16 21:00:00,117.77,117.48,117.33,117.17,24,ENTRY_B_B_SUPPORT_REACCEL,2020-04-20 04:00:00,38537,38509,117.15,2020-04-20 02:00:00,0,2020-04-20 00:00:00,38533,117.1,4,2020-04-20 02:00:00
EURJPY,H1,Research_2015_2024,2020-04-29 17:00:00,2020-04-27 01:00:00,2020-04-27 14:00:00,2020-04-28 01:00:00,116.49,116.33,116.25,115.94,39,ENTRY_A_B_BREAK,2020-04-30 08:00:00,38724,38671,116.06,2020-04-29 18:00:00,14,2020-04-30 08:00:00,38724,116.06,0,
EURJPY,H1,Research_2015_2024,2020-04-29 17:00:00,2020-04-27 01:00:00,2020-04-27 14:00:00,2020-04-28 01:00:00,116.49,116.33,116.25,115.94,39,ENTRY_C_A_AFTER_B,2020-04-30 14:00:00,38730,38671,116.25,2020-04-28 01:00:00,14,2020-04-30 08:00:00,38724,116.06,6,
EURJPY,H1,Research_2015_2024,2020-06-15 18:00:00,2020-06-05 06:00:00,2020-06-05 14:00:00,2020-06-07 23:00:00,124.41,124.24,124.1,121.44,138,ENTRY_A_B_BREAK,2020-06-15 23:00:00,39486,39343,121.79,2020-06-12 10:00:00,5,2020-06-15 23:00:00,39486,121.79,0,
EURJPY,H1,Research_2015_2024,2020-06-24 21:00:00,2020-06-23 08:00:00,2020-06-24 07:00:00,2020-06-24 14:00:00,121.08,120.72,120.56,120.45,7,ENTRY_A_B_BREAK,2020-06-29 00:00:00,39701,39644,120.36,2020-06-26 17:00:00,50,2020-06-29 00:00:00,39701,120.36,0,
EURJPY,H1,Research_2015_2024,2020-06-24 21:00:00,2020-06-23 08:00:00,2020-06-24 07:00:00,2020-06-24 14:00:00,121.08,120.72,120.56,120.45,7,ENTRY_B_B_SUPPORT_REACCEL,2020-06-29 05:00:00,39706,39644,120.5,2020-06-29 03:00:00,50,2020-06-29 00:00:00,39701,120.36,5,2020-06-29 03:00:00
EURJPY,H1,Research_2015_2024,2020-06-24 21:00:00,2020-06-23 08:00:00,2020-06-24 07:00:00,2020-06-24 14:00:00,121.08,120.72,120.56,120.45,7,ENTRY_C_A_AFTER_B,2020-06-29 06:00:00,39707,39644,120.56,2020-06-24 14:00:00,50,2020-06-29 00:00:00,39701,120.36,6,
EURJPY,H1,Research_2015_2024,2020-08-03 22:00:00,2020-07-31 14:00:00,2020-08-03 00:00:00,2020-08-03 14:00:00,125.17,125.01,124.77,124.69,8,ENTRY_A_B_BREAK,2020-08-05 06:00:00,40353,40313,124.83,2020-08-04 21:00:00,32,2020-08-05 06:00:00,40353,124.83,0,
EURJPY,H1,Research_2015_2024,2020-08-03 22:00:00,2020-07-31 14:00:00,2020-08-03 00:00:00,2020-08-03 14:00:00,125.17,125.01,124.77,124.69,8,ENTRY_B_B_SUPPORT_REACCEL,2020-08-05 08:00:00,40355,40313,124.98,2020-08-05 07:00:00,32,2020-08-05 06:00:00,40353,124.83,2,2020-08-05 07:00:00
EURJPY,H1,Research_2015_2024,2020-08-03 22:00:00,2020-07-31 14:00:00,2020-08-03 00:00:00,2020-08-03 14:00:00,125.17,125.01,124.77,124.69,8,ENTRY_C_A_AFTER_B,2020-08-05 06:00:00,40353,40313,124.77,2020-08-03 14:00:00,32,2020-08-05 06:00:00,40353,124.83,0,
EURJPY,H1,Research_2015_2024,2020-09-23 08:00:00,2020-09-21 19:00:00,2020-09-22 13:00:00,2020-09-23 00:00:00,123.32,123.12,123.0,122.96,8,ENTRY_A_B_BREAK,2020-09-23 16:00:00,41202,41186,123.02,2020-09-23 09:00:00,8,2020-09-23 16:00:00,41202,123.02,0,
EURJPY,H1,Research_2015_2024,2020-09-23 08:00:00,2020-09-21 19:00:00,2020-09-22 13:00:00,2020-09-23 00:00:00,123.32,123.12,123.0,122.96,8,ENTRY_C_A_AFTER_B,2020-09-23 16:00:00,41202,41186,123.0,2020-09-23 00:00:00,8,2020-09-23 16:00:00,41202,123.02,0,
EURJPY,H1,Research_2015_2024,2020-10-13 03:00:00,2020-10-09 12:00:00,2020-10-12 07:00:00,2020-10-12 20:00:00,125.07,124.74,124.45,124.36,7,ENTRY_A_B_BREAK,2020-10-16 11:00:00,41602,41515,123.46,2020-10-15 20:00:00,80,2020-10-16 11:00:00,41602,123.46,0,
EURJPY,H1,Research_2015_2024,2020-10-13 03:00:00,2020-10-09 12:00:00,2020-10-12 07:00:00,2020-10-12 20:00:00,125.07,124.74,124.45,124.36,7,ENTRY_C_A_AFTER_B,2020-10-20 08:00:00,41646,41515,124.45,2020-10-12 20:00:00,80,2020-10-16 11:00:00,41602,123.46,44,
EURJPY,H1,Research_2015_2024,2020-11-03 22:00:00,2020-10-26 06:00:00,2020-10-26 12:00:00,2020-10-27 05:00:00,124.18,124.13,123.97,122.94,136,ENTRY_A_B_BREAK,2020-11-03 22:00:00,41897,41761,122.44,2020-10-30 12:00:00,0,2020-11-03 22:00:00,41897,122.44,0,
EURJPY,H1,Research_2015_2024,2020-11-03 22:00:00,2020-10-26 06:00:00,2020-10-26 12:00:00,2020-10-27 05:00:00,124.18,124.13,123.97,122.94,136,ENTRY_C_A_AFTER_B,2020-11-09 11:00:00,41981,41761,123.97,2020-10-27 05:00:00,0,2020-11-03 22:00:00,41897,122.44,84,
EURJPY,H1,Research_2015_2024,2020-11-19 18:00:00,2020-11-17 00:00:00,2020-11-18 07:00:00,2020-11-19 09:00:00,124.0,123.57,123.18,123.2,9,ENTRY_A_B_BREAK,2020-11-23 13:00:00,42221,42170,123.46,2020-11-20 04:00:00,42,2020-11-23 13:00:00,42221,123.46,0,
EURJPY,H1,Research_2015_2024,2020-11-19 18:00:00,2020-11-17 00:00:00,2020-11-18 07:00:00,2020-11-19 09:00:00,124.0,123.57,123.18,123.2,9,ENTRY_B_B_SUPPORT_REACCEL,2020-11-23 17:00:00,42225,42170,123.56,2020-11-23 15:00:00,42,2020-11-23 13:00:00,42221,123.46,4,2020-11-23 15:00:00
EURJPY,H1,Research_2015_2024,2020-11-19 18:00:00,2020-11-17 00:00:00,2020-11-18 07:00:00,2020-11-19 09:00:00,124.0,123.57,123.18,123.2,9,ENTRY_C_A_AFTER_B,2020-11-23 13:00:00,42221,42170,123.18,2020-11-19 09:00:00,42,2020-11-23 13:00:00,42221,123.46,0,
EURJPY,H1,Research_2015_2024,2020-12-14 04:00:00,2020-12-10 14:00:00,2020-12-10 22:00:00,2020-12-11 05:00:00,126.72,126.59,126.51,126.27,22,ENTRY_A_B_BREAK,2020-12-14 04:00:00,42569,42547,126.23,2020-12-13 22:00:00,0,2020-12-14 04:00:00,42569,126.23,0,
EURJPY,H1,Research_2015_2024,2020-12-14 04:00:00,2020-12-10 14:00:00,2020-12-10 22:00:00,2020-12-11 05:00:00,126.72,126.59,126.51,126.27,22,ENTRY_C_A_AFTER_B,2020-12-14 23:00:00,42588,42547,126.51,2020-12-11 05:00:00,0,2020-12-14 04:00:00,42569,126.23,19,
EURJPY,H1,Research_2015_2024,2020-12-25 22:00:00,2020-12-24 07:00:00,2020-12-24 14:00:00,2020-12-25 05:00:00,126.48,126.44,126.38,126.29,17,ENTRY_A_B_BREAK,2020-12-27 23:00:00,42800,42781,126.29,2020-12-25 13:00:00,2,2020-12-27 23:00:00,42800,126.29,0,
EURJPY,H1,Research_2015_2024,2020-12-25 22:00:00,2020-12-24 07:00:00,2020-12-24 14:00:00,2020-12-25 05:00:00,126.48,126.44,126.38,126.29,17,ENTRY_C_A_AFTER_B,2020-12-28 01:00:00,42802,42781,126.38,2020-12-25 05:00:00,2,2020-12-27 23:00:00,42800,126.29,2,
EURJPY,H1,Research_2015_2024,2021-01-06 06:00:00,2020-12-29 13:00:00,2020-12-30 01:00:00,2020-12-30 21:00:00,127.16,127.11,127.0,126.77,82,ENTRY_A_B_BREAK,2021-01-07 06:00:00,42976,42870,127.22,2021-01-06 14:00:00,24,2021-01-07 06:00:00,42976,127.22,0,
EURJPY,H1,Research_2015_2024,2021-01-06 06:00:00,2020-12-29 13:00:00,2020-12-30 01:00:00,2020-12-30 21:00:00,127.16,127.11,127.0,126.77,82,ENTRY_C_A_AFTER_B,2021-01-07 06:00:00,42976,42870,127.0,2020-12-30 21:00:00,24,2021-01-07 06:00:00,42976,127.22,0,
EURJPY,H1,Research_2015_2024,2021-01-11 23:00:00,2021-01-08 13:00:00,2021-01-11 07:00:00,2021-01-11 15:00:00,127.34,126.98,126.77,126.71,8,ENTRY_A_B_BREAK,2021-01-14 08:00:00,43097,43032,126.47,2021-01-14 01:00:00,57,2021-01-14 08:00:00,43097,126.47,0,
EURJPY,H1,Research_2015_2024,2021-02-02 04:00:00,2021-01-31 22:00:00,2021-02-01 07:00:00,2021-02-01 13:00:00,127.1,127.03,126.93,126.78,15,ENTRY_A_B_BREAK,2021-02-04 22:00:00,43470,43389,126.29,2021-02-04 13:00:00,66,2021-02-04 22:00:00,43470,126.29,0,
EURJPY,H1,Research_2015_2024,2021-02-02 04:00:00,2021-01-31 22:00:00,2021-02-01 07:00:00,2021-02-01 13:00:00,127.1,127.03,126.93,126.78,15,ENTRY_C_A_AFTER_B,2021-02-05 19:00:00,43491,43389,126.93,2021-02-01 13:00:00,66,2021-02-04 22:00:00,43470,126.29,21,
EURJPY,H1,Research_2015_2024,2021-02-09 15:00:00,2021-02-08 10:00:00,2021-02-09 01:00:00,2021-02-09 08:00:00,127.1,126.82,126.73,126.63,7,ENTRY_A_B_BREAK,2021-02-10 08:00:00,43552,43528,126.86,2021-02-10 01:00:00,17,2021-02-10 08:00:00,43552,126.86,0,
EURJPY,H1,Research_2015_2024,2021-02-09 15:00:00,2021-02-08 10:00:00,2021-02-09 01:00:00,2021-02-09 08:00:00,127.1,126.82,126.73,126.63,7,ENTRY_C_A_AFTER_B,2021-02-10 08:00:00,43552,43528,126.73,2021-02-09 08:00:00,17,2021-02-10 08:00:00,43552,126.86,0,
EURJPY,H1,Research_2015_2024,2021-03-29 23:00:00,2021-03-26 12:00:00,2021-03-28 21:00:00,2021-03-29 11:00:00,129.43,129.4,129.31,129.3,12,ENTRY_A_B_BREAK,2021-03-30 22:00:00,44383,44348,129.52,2021-03-30 08:00:00,23,2021-03-30 22:00:00,44383,129.52,0,
EURJPY,H1,Research_2015_2024,2021-03-29 23:00:00,2021-03-26 12:00:00,2021-03-28 21:00:00,2021-03-29 11:00:00,129.43,129.4,129.31,129.3,12,ENTRY_B_B_SUPPORT_REACCEL,2021-03-31 00:00:00,44385,44348,129.72,2021-03-30 23:00:00,23,2021-03-30 22:00:00,44383,129.52,2,2021-03-30 23:00:00
EURJPY,H1,Research_2015_2024,2021-03-29 23:00:00,2021-03-26 12:00:00,2021-03-28 21:00:00,2021-03-29 11:00:00,129.43,129.4,129.31,129.3,12,ENTRY_C_A_AFTER_B,2021-03-30 22:00:00,44383,44348,129.31,2021-03-29 11:00:00,23,2021-03-30 22:00:00,44383,129.52,0,
EURJPY,H1,Research_2015_2024,2021-04-05 20:00:00,2021-04-02 01:00:00,2021-04-02 10:00:00,2021-04-04 22:00:00,130.29,130.27,130.24,130.2,22,ENTRY_A_B_BREAK,2021-04-05 20:00:00,44476,44454,130.13,2021-04-05 11:00:00,0,2021-04-05 20:00:00,44476,130.13,0,
EURJPY,H1,Research_2015_2024,2021-04-05 20:00:00,2021-04-02 01:00:00,2021-04-02 10:00:00,2021-04-04 22:00:00,130.29,130.27,130.24,130.2,22,ENTRY_B_B_SUPPORT_REACCEL,2021-04-05 22:00:00,44478,44454,130.21,2021-04-05 21:00:00,0,2021-04-05 20:00:00,44476,130.13,2,2021-04-05 21:00:00
EURJPY,H1,Research_2015_2024,2021-04-05 20:00:00,2021-04-02 01:00:00,2021-04-02 10:00:00,2021-04-04 22:00:00,130.29,130.27,130.24,130.2,22,ENTRY_C_A_AFTER_B,2021-04-05 22:00:00,44478,44454,130.24,2021-04-04 22:00:00,0,2021-04-05 20:00:00,44476,130.13,2,
EURJPY,H1,Research_2015_2024,2021-04-08 14:00:00,2021-04-07 12:00:00,2021-04-07 22:00:00,2021-04-08 04:00:00,130.65,130.46,130.32,130.22,10,ENTRY_A_B_BREAK,2021-04-08 20:00:00,44548,44532,130.23,2021-04-08 14:00:00,6,2021-04-08 20:00:00,44548,130.23,0,
EURJPY,H1,Research_2015_2024,2021-04-08 14:00:00,2021-04-07 12:00:00,2021-04-07 22:00:00,2021-04-08 04:00:00,130.65,130.46,130.32,130.22,10,ENTRY_C_A_AFTER_B,2021-04-09 07:00:00,44559,44532,130.32,2021-04-08 04:00:00,6,2021-04-08 20:00:00,44548,130.23,11,
EURJPY,H1,Research_2015_2024,2021-06-07 12:00:00,2021-06-03 20:00:00,2021-06-04 10:00:00,2021-06-06 21:00:00,133.79,133.56,133.36,133.17,15,ENTRY_A_B_BREAK,2021-06-07 23:00:00,45550,45524,133.29,2021-06-07 14:00:00,11,2021-06-07 23:00:00,45550,133.29,0,
EURJPY,H1,Research_2015_2024,2021-06-07 12:00:00,2021-06-03 20:00:00,2021-06-04 10:00:00,2021-06-06 21:00:00,133.79,133.56,133.36,133.17,15,ENTRY_C_A_AFTER_B,2021-06-09 06:00:00,45581,45524,133.36,2021-06-06 21:00:00,11,2021-06-07 23:00:00,45550,133.29,31,
EURJPY,H1,Research_2015_2024,2021-07-01 06:00:00,2021-06-25 00:00:00,2021-06-25 12:00:00,2021-06-27 21:00:00,132.43,132.38,132.32,131.93,81,ENTRY_A_B_BREAK,2021-07-01 06:00:00,45962,45881,131.76,2021-06-30 18:00:00,0,2021-07-01 06:00:00,45962,131.76,0,
EURJPY,H1,Research_2015_2024,2021-07-01 06:00:00,2021-06-25 00:00:00,2021-06-25 12:00:00,2021-06-27 21:00:00,132.43,132.38,132.32,131.93,81,ENTRY_C_A_AFTER_B,2021-07-01 09:00:00,45965,45881,132.32,2021-06-27 21:00:00,0,2021-07-01 06:00:00,45962,131.76,3,
EURJPY,H1,Research_2015_2024,2021-07-08 17:00:00,2021-07-06 05:00:00,2021-07-07 08:00:00,2021-07-08 11:00:00,131.83,131.01,130.14,130.03,6,ENTRY_A_B_BREAK,2021-07-12 11:00:00,46133,46086,130.87,2021-07-11 22:00:00,41,2021-07-12 11:00:00,46133,130.87,0,
EURJPY,H1,Research_2015_2024,2021-07-08 17:00:00,2021-07-06 05:00:00,2021-07-07 08:00:00,2021-07-08 11:00:00,131.83,131.01,130.14,130.03,6,ENTRY_C_A_AFTER_B,2021-07-12 11:00:00,46133,46086,130.14,2021-07-08 11:00:00,41,2021-07-12 11:00:00,46133,130.87,0,
EURJPY,H1,Research_2015_2024,2021-07-20 06:00:00,2021-07-16 11:00:00,2021-07-19 04:00:00,2021-07-20 00:00:00,130.25,129.8,129.27,129.2,6,ENTRY_A_B_BREAK,2021-07-20 13:00:00,46278,46265,129.39,2021-07-20 06:00:00,7,2021-07-20 13:00:00,46278,129.39,0,
EURJPY,H1,Research_2015_2024,2021-07-20 06:00:00,2021-07-16 11:00:00,2021-07-19 04:00:00,2021-07-20 00:00:00,130.25,129.8,129.27,129.2,6,ENTRY_B_B_SUPPORT_REACCEL,2021-07-20 21:00:00,46286,46265,129.45,2021-07-20 14:00:00,7,2021-07-20 13:00:00,46278,129.39,8,2021-07-20 14:00:00
EURJPY,H1,Research_2015_2024,2021-07-20 06:00:00,2021-07-16 11:00:00,2021-07-19 04:00:00,2021-07-20 00:00:00,130.25,129.8,129.27,129.2,6,ENTRY_C_A_AFTER_B,2021-07-20 13:00:00,46278,46265,129.27,2021-07-20 00:00:00,7,2021-07-20 13:00:00,46278,129.39,0,
EURJPY,H1,Research_2015_2024,2021-08-10 22:00:00,2021-08-05 12:00:00,2021-08-05 22:00:00,2021-08-06 11:00:00,129.98,129.94,129.87,129.61,58,ENTRY_A_B_BREAK,2021-08-10 22:00:00,46644,46586,129.55,2021-08-09 13:00:00,0,2021-08-10 22:00:00,46644,129.55,0,
EURJPY,H1,Research_2015_2024,2021-09-06 21:00:00,2021-09-05 22:00:00,2021-09-06 05:00:00,2021-09-06 15:00:00,130.48,130.46,130.4,130.38,6,ENTRY_A_B_BREAK,2021-09-07 16:00:00,47114,47089,130.58,2021-09-07 07:00:00,19,2021-09-07 16:00:00,47114,130.58,0,
EURJPY,H1,Research_2015_2024,2021-09-06 21:00:00,2021-09-05 22:00:00,2021-09-06 05:00:00,2021-09-06 15:00:00,130.48,130.46,130.4,130.38,6,ENTRY_B_B_SUPPORT_REACCEL,2021-09-07 23:00:00,47121,47089,130.64,2021-09-07 18:00:00,19,2021-09-07 16:00:00,47114,130.58,7,2021-09-07 18:00:00
EURJPY,H1,Research_2015_2024,2021-09-06 21:00:00,2021-09-05 22:00:00,2021-09-06 05:00:00,2021-09-06 15:00:00,130.48,130.46,130.4,130.38,6,ENTRY_C_A_AFTER_B,2021-09-07 16:00:00,47114,47089,130.4,2021-09-06 15:00:00,19,2021-09-07 16:00:00,47114,130.58,0,
EURJPY,H1,Research_2015_2024,2021-09-16 17:00:00,2021-09-14 10:00:00,2021-09-15 22:00:00,2021-09-16 11:00:00,130.17,129.32,129.07,129.07,6,ENTRY_A_B_BREAK,2021-09-21 00:00:00,47336,47276,128.48,2021-09-20 13:00:00,54,2021-09-21 00:00:00,47336,128.48,0,
EURJPY,H1,Research_2015_2024,2021-09-16 17:00:00,2021-09-14 10:00:00,2021-09-15 22:00:00,2021-09-16 11:00:00,130.17,129.32,129.07,129.07,6,ENTRY_C_A_AFTER_B,2021-09-23 11:00:00,47395,47276,129.07,2021-09-16 11:00:00,54,2021-09-21 00:00:00,47336,128.48,59,
EURJPY,H1,Research_2015_2024,2021-10-28 10:00:00,2021-10-26 10:00:00,2021-10-26 23:00:00,2021-10-27 05:00:00,132.65,132.5,132.37,132.18,29,ENTRY_A_B_BREAK,2021-10-28 10:00:00,47989,47960,132.16,2021-10-27 16:00:00,0,2021-10-28 10:00:00,47989,132.16,0,
EURJPY,H1,Research_2015_2024,2021-10-28 10:00:00,2021-10-26 10:00:00,2021-10-26 23:00:00,2021-10-27 05:00:00,132.65,132.5,132.37,132.18,29,ENTRY_B_B_SUPPORT_REACCEL,2021-10-28 15:00:00,47994,47960,132.49,2021-10-28 12:00:00,0,2021-10-28 10:00:00,47989,132.16,5,2021-10-28 12:00:00
EURJPY,H1,Research_2015_2024,2021-10-28 10:00:00,2021-10-26 10:00:00,2021-10-26 23:00:00,2021-10-27 05:00:00,132.65,132.5,132.37,132.18,29,ENTRY_C_A_AFTER_B,2021-10-28 13:00:00,47992,47960,132.37,2021-10-27 05:00:00,0,2021-10-28 10:00:00,47989,132.16,3,
EURJPY,H1,Research_2015_2024,2021-11-10 09:00:00,2021-11-05 08:00:00,2021-11-08 06:00:00,2021-11-08 23:00:00,131.56,131.41,131.24,131.09,34,ENTRY_A_B_BREAK,2021-11-15 06:00:00,48273,48169,130.48,2021-11-14 23:00:00,70,2021-11-15 06:00:00,48273,130.48,0,
EURJPY,H1,Research_2015_2024,2021-11-29 14:00:00,2021-11-25 10:00:00,2021-11-26 13:00:00,2021-11-29 00:00:00,129.5,128.9,128.54,128.24,14,ENTRY_A_B_BREAK,2021-11-29 23:00:00,48532,48509,128.33,2021-11-29 14:00:00,9,2021-11-29 23:00:00,48532,128.33,0,
EURJPY,H1,Research_2015_2024,2021-11-29 14:00:00,2021-11-25 10:00:00,2021-11-26 13:00:00,2021-11-29 00:00:00,129.5,128.9,128.54,128.24,14,ENTRY_B_B_SUPPORT_REACCEL,2021-11-30 02:00:00,48535,48509,128.48,2021-11-30 01:00:00,9,2021-11-29 23:00:00,48532,128.33,3,2021-11-30 01:00:00
EURJPY,H1,Research_2015_2024,2021-11-29 14:00:00,2021-11-25 10:00:00,2021-11-26 13:00:00,2021-11-29 00:00:00,129.5,128.9,128.54,128.24,14,ENTRY_C_A_AFTER_B,2021-12-01 04:00:00,48561,48509,128.54,2021-11-29 00:00:00,9,2021-11-29 23:00:00,48532,128.33,29,
EURJPY,H1,Research_2015_2024,2022-01-07 05:00:00,2022-01-05 17:00:00,2022-01-06 09:00:00,2022-01-06 23:00:00,131.58,131.23,131.01,130.99,6,ENTRY_A_B_BREAK,2022-01-12 02:00:00,49260,49186,131.18,2022-01-11 18:00:00,68,2022-01-12 02:00:00,49260,131.18,0,
EURJPY,H1,Research_2015_2024,2022-01-07 05:00:00,2022-01-05 17:00:00,2022-01-06 09:00:00,2022-01-06 23:00:00,131.58,131.23,131.01,130.99,6,ENTRY_C_A_AFTER_B,2022-01-12 02:00:00,49260,49186,131.01,2022-01-06 23:00:00,68,2022-01-12 02:00:00,49260,131.18,0,
EURJPY,H1,Research_2015_2024,2022-01-24 20:00:00,2022-01-21 08:00:00,2022-01-24 00:00:00,2022-01-24 14:00:00,129.29,129.13,129.05,129.06,6,ENTRY_A_B_BREAK,2022-01-26 07:00:00,49503,49462,128.76,2022-01-25 19:00:00,35,2022-01-26 07:00:00,49503,128.76,0,
EURJPY,H1,Research_2015_2024,2022-01-24 20:00:00,2022-01-21 08:00:00,2022-01-24 00:00:00,2022-01-24 14:00:00,129.29,129.13,129.05,129.06,6,ENTRY_B_B_SUPPORT_REACCEL,2022-01-26 12:00:00,49508,49462,128.88,2022-01-26 08:00:00,35,2022-01-26 07:00:00,49503,128.76,5,2022-01-26 08:00:00
EURJPY,H1,Research_2015_2024,2022-01-24 20:00:00,2022-01-21 08:00:00,2022-01-24 00:00:00,2022-01-24 14:00:00,129.29,129.13,129.05,129.06,6,ENTRY_C_A_AFTER_B,2022-01-31 13:00:00,49580,49462,129.05,2022-01-24 14:00:00,35,2022-01-26 07:00:00,49503,128.76,77,
EURJPY,H1,Research_2015_2024,2022-02-16 05:00:00,2022-02-11 11:00:00,2022-02-15 15:00:00,2022-02-15 23:00:00,132.28,131.52,131.4,131.36,6,ENTRY_A_B_BREAK,2022-02-18 07:00:00,49908,49852,130.98,2022-02-18 00:00:00,50,2022-02-18 07:00:00,49908,130.98,0,
EURJPY,H1,Research_2015_2024,2022-03-01 06:00:00,2022-02-25 17:00:00,2022-02-28 10:00:00,2022-02-28 23:00:00,130.27,129.75,129.22,129.14,7,ENTRY_A_B_BREAK,2022-03-02 11:00:00,50102,50066,128.07,2022-03-02 00:00:00,29,2022-03-02 11:00:00,50102,128.07,0,
EURJPY,H1,Research_2015_2024,2022-06-21 05:00:00,2022-06-08 11:00:00,2022-06-08 21:00:00,2022-06-09 10:00:00,144.24,144.16,144.06,142.72,185,ENTRY_A_B_BREAK,2022-06-21 05:00:00,51978,51793,139.93,2022-06-16 15:00:00,0,2022-06-21 05:00:00,51978,139.93,0,
EURJPY,H1,Research_2015_2024,2022-07-04 02:00:00,2022-06-30 22:00:00,2022-07-01 07:00:00,2022-07-03 20:00:00,142.39,141.9,141.14,140.86,6,ENTRY_A_B_BREAK,2022-07-04 21:00:00,52208,52183,141.64,2022-07-04 07:00:00,19,2022-07-04 21:00:00,52208,141.64,0,
EURJPY,H1,Research_2015_2024,2022-07-04 02:00:00,2022-06-30 22:00:00,2022-07-01 07:00:00,2022-07-03 20:00:00,142.39,141.9,141.14,140.86,6,ENTRY_B_B_SUPPORT_REACCEL,2022-07-04 23:00:00,52210,52183,141.99,2022-07-04 22:00:00,19,2022-07-04 21:00:00,52208,141.64,2,2022-07-04 22:00:00
EURJPY,H1,Research_2015_2024,2022-07-04 02:00:00,2022-06-30 22:00:00,2022-07-01 07:00:00,2022-07-03 20:00:00,142.39,141.9,141.14,140.86,6,ENTRY_C_A_AFTER_B,2022-07-04 21:00:00,52208,52183,141.14,2022-07-03 20:00:00,19,2022-07-04 21:00:00,52208,141.64,0,
EURJPY,H1,Research_2015_2024,2022-07-08 18:00:00,2022-07-05 18:00:00,2022-07-06 05:00:00,2022-07-07 06:00:00,139.55,139.34,139.05,138.58,36,ENTRY_A_B_BREAK,2022-07-10 23:00:00,52305,52265,138.69,2022-07-08 11:00:00,4,2022-07-10 23:00:00,52305,138.69,0,
EURJPY,H1,Research_2015_2024,2022-07-08 18:00:00,2022-07-05 18:00:00,2022-07-06 05:00:00,2022-07-07 06:00:00,139.55,139.34,139.05,138.58,36,ENTRY_C_A_AFTER_B,2022-07-14 05:00:00,52383,52265,139.05,2022-07-07 06:00:00,4,2022-07-10 23:00:00,52305,138.69,78,
EURJPY,H1,Research_2015_2024,2022-07-12 22:00:00,2022-07-11 10:00:00,2022-07-12 04:00:00,2022-07-12 14:00:00,138.82,137.98,137.67,137.36,8,ENTRY_A_B_BREAK,2022-07-14 04:00:00,52382,52344,138.78,2022-07-13 12:00:00,30,2022-07-14 04:00:00,52382,138.78,0,
EURJPY,H1,Research_2015_2024,2022-07-12 22:00:00,2022-07-11 10:00:00,2022-07-12 04:00:00,2022-07-12 14:00:00,138.82,137.98,137.67,137.36,8,ENTRY_C_A_AFTER_B,2022-07-14 04:00:00,52382,52344,137.67,2022-07-12 14:00:00,30,2022-07-14 04:00:00,52382,138.78,0,
EURJPY,H1,Research_2015_2024,2022-08-02 13:00:00,2022-07-28 22:00:00,2022-07-29 10:00:00,2022-08-01 06:00:00,137.3,136.71,135.85,134.92,31,ENTRY_A_B_BREAK,2022-08-03 10:00:00,52721,52669,135.96,2022-08-03 00:00:00,21,2022-08-03 10:00:00,52721,135.96,0,
EURJPY,H1,Research_2015_2024,2022-08-02 13:00:00,2022-07-28 22:00:00,2022-07-29 10:00:00,2022-08-01 06:00:00,137.3,136.71,135.85,134.92,31,ENTRY_C_A_AFTER_B,2022-08-03 10:00:00,52721,52669,135.85,2022-08-01 06:00:00,21,2022-08-03 10:00:00,52721,135.96,0,
EURJPY,H1,Research_2015_2024,2022-09-19 05:00:00,2022-09-13 20:00:00,2022-09-15 15:00:00,2022-09-16 05:00:00,144.44,143.65,143.5,143.18,23,ENTRY_A_B_BREAK,2022-09-19 12:00:00,53508,53478,143.4,2022-09-16 12:00:00,7,2022-09-19 12:00:00,53508,143.4,0,
EURJPY,H1,Research_2015_2024,2022-09-19 05:00:00,2022-09-13 20:00:00,2022-09-15 15:00:00,2022-09-16 05:00:00,144.44,143.65,143.5,143.18,23,ENTRY_B_B_SUPPORT_REACCEL,2022-09-19 18:00:00,53514,53478,143.55,2022-09-19 14:00:00,7,2022-09-19 12:00:00,53508,143.4,6,2022-09-19 14:00:00
EURJPY,H1,Research_2015_2024,2022-09-19 05:00:00,2022-09-13 20:00:00,2022-09-15 15:00:00,2022-09-16 05:00:00,144.44,143.65,143.5,143.18,23,ENTRY_C_A_AFTER_B,2022-09-19 18:00:00,53514,53478,143.5,2022-09-16 05:00:00,7,2022-09-19 12:00:00,53508,143.4,6,
EURJPY,H1,Research_2015_2024,2022-11-03 12:00:00,2022-11-01 19:00:00,2022-11-02 11:00:00,2022-11-03 04:00:00,146.53,145.77,144.91,144.68,8,ENTRY_A_B_BREAK,2022-11-04 10:00:00,54282,54252,144.74,2022-11-03 14:00:00,22,2022-11-04 10:00:00,54282,144.74,0,
EURJPY,H1,Research_2015_2024,2022-11-03 12:00:00,2022-11-01 19:00:00,2022-11-02 11:00:00,2022-11-03 04:00:00,146.53,145.77,144.91,144.68,8,ENTRY_C_A_AFTER_B,2022-11-04 11:00:00,54283,54252,144.91,2022-11-03 04:00:00,22,2022-11-04 10:00:00,54282,144.74,1,
EURJPY,H1,Research_2015_2024,2022-11-09 11:00:00,2022-11-07 23:00:00,2022-11-08 15:00:00,2022-11-09 03:00:00,146.98,146.85,146.79,146.79,8,ENTRY_A_B_BREAK,2022-11-14 06:00:00,54420,54346,144.27,2022-11-13 22:00:00,66,2022-11-14 06:00:00,54420,144.27,0,
EURJPY,H1,Research_2015_2024,2022-11-09 11:00:00,2022-11-07 23:00:00,2022-11-08 15:00:00,2022-11-09 03:00:00,146.98,146.85,146.79,146.79,8,ENTRY_B_B_SUPPORT_REACCEL,2022-11-14 11:00:00,54425,54346,144.78,2022-11-14 10:00:00,66,2022-11-14 06:00:00,54420,144.27,5,2022-11-14 10:00:00
EURJPY,H1,Research_2015_2024,2022-12-02 04:00:00,2022-11-30 13:00:00,2022-12-01 12:00:00,2022-12-01 22:00:00,144.83,143.11,142.46,142.24,6,ENTRY_A_B_BREAK,2022-12-05 03:00:00,54774,54746,142.17,2022-12-02 14:00:00,22,2022-12-05 03:00:00,54774,142.17,0,
EURJPY,H1,Research_2015_2024,2022-12-02 04:00:00,2022-11-30 13:00:00,2022-12-01 12:00:00,2022-12-01 22:00:00,144.83,143.11,142.46,142.24,6,ENTRY_B_B_SUPPORT_REACCEL,2022-12-05 06:00:00,54777,54746,142.66,2022-12-05 04:00:00,22,2022-12-05 03:00:00,54774,142.17,3,2022-12-05 04:00:00
EURJPY,H1,Research_2015_2024,2022-12-02 04:00:00,2022-11-30 13:00:00,2022-12-01 12:00:00,2022-12-01 22:00:00,144.83,143.11,142.46,142.24,6,ENTRY_C_A_AFTER_B,2022-12-05 06:00:00,54777,54746,142.46,2022-12-01 22:00:00,22,2022-12-05 03:00:00,54774,142.17,3,
EURJPY,H1,Research_2015_2024,2022-12-12 00:00:00,2022-12-08 23:00:00,2022-12-09 07:00:00,2022-12-09 14:00:00,144.44,144.21,144.07,143.86,11,ENTRY_A_B_BREAK,2022-12-14 17:00:00,54957,54881,144.23,2022-12-14 00:00:00,65,2022-12-14 17:00:00,54957,144.23,0,
EURJPY,H1,Research_2015_2024,2022-12-12 00:00:00,2022-12-08 23:00:00,2022-12-09 07:00:00,2022-12-09 14:00:00,144.44,144.21,144.07,143.86,11,ENTRY_B_B_SUPPORT_REACCEL,2022-12-14 19:00:00,54959,54881,144.47,2022-12-14 18:00:00,65,2022-12-14 17:00:00,54957,144.23,2,2022-12-14 18:00:00
EURJPY,H1,Research_2015_2024,2022-12-12 00:00:00,2022-12-08 23:00:00,2022-12-09 07:00:00,2022-12-09 14:00:00,144.44,144.21,144.07,143.86,11,ENTRY_C_A_AFTER_B,2022-12-14 17:00:00,54957,54881,144.07,2022-12-09 14:00:00,65,2022-12-14 17:00:00,54957,144.23,0,
EURJPY,H1,Research_2015_2024,2022-12-20 00:00:00,2022-12-15 15:00:00,2022-12-15 23:00:00,2022-12-16 06:00:00,146.67,146.54,146.37,145.53,43,ENTRY_A_B_BREAK,2022-12-20 00:00:00,55037,54994,145.47,2022-12-19 15:00:00,0,2022-12-20 00:00:00,55037,145.47,0,
EURJPY,H1,Research_2015_2024,2023-02-21 06:00:00,2023-02-20 01:00:00,2023-02-20 07:00:00,2023-02-20 23:00:00,143.63,143.59,143.55,143.54,7,ENTRY_A_B_BREAK,2023-02-23 11:00:00,56185,56125,143.21,2023-02-23 05:00:00,53,2023-02-23 11:00:00,56185,143.21,0,
EURJPY,H1,Research_2015_2024,2023-02-21 06:00:00,2023-02-20 01:00:00,2023-02-20 07:00:00,2023-02-20 23:00:00,143.63,143.59,143.55,143.54,7,ENTRY_C_A_AFTER_B,2023-02-24 13:00:00,56211,56125,143.55,2023-02-20 23:00:00,53,2023-02-23 11:00:00,56185,143.21,26,
EURJPY,H1,Research_2015_2024,2023-03-21 06:00:00,2023-03-17 07:00:00,2023-03-20 00:00:00,2023-03-20 14:00:00,142.17,141.71,141.38,141.33,16,ENTRY_A_B_BREAK,2023-03-22 00:00:00,56628,56594,142.76,2023-03-21 11:00:00,18,2023-03-22 00:00:00,56628,142.76,0,
EURJPY,H1,Research_2015_2024,2023-03-21 06:00:00,2023-03-17 07:00:00,2023-03-20 00:00:00,2023-03-20 14:00:00,142.17,141.71,141.38,141.33,16,ENTRY_C_A_AFTER_B,2023-03-22 00:00:00,56628,56594,141.38,2023-03-20 14:00:00,18,2023-03-22 00:00:00,56628,142.76,0,
EURJPY,H1,Research_2015_2024,2023-05-07 21:00:00,2023-05-02 17:00:00,2023-05-03 05:00:00,2023-05-03 16:00:00,150.35,150.07,149.9,148.95,52,ENTRY_A_B_BREAK,2023-05-07 21:00:00,57412,57360,148.1,2023-05-05 04:00:00,0,2023-05-07 21:00:00,57412,148.1,0,
EURJPY,H1,Research_2015_2024,2023-06-07 08:00:00,2023-06-05 05:00:00,2023-06-06 02:00:00,2023-06-06 13:00:00,150.18,149.67,149.46,149.32,19,ENTRY_A_B_BREAK,2023-06-08 23:00:00,57986,57928,150.0,2023-06-07 17:00:00,39,2023-06-08 23:00:00,57986,150.0,0,
EURJPY,H1,Research_2015_2024,2023-06-07 08:00:00,2023-06-05 05:00:00,2023-06-06 02:00:00,2023-06-06 13:00:00,150.18,149.67,149.46,149.32,19,ENTRY_B_B_SUPPORT_REACCEL,2023-06-09 03:00:00,57990,57928,150.12,2023-06-09 00:00:00,39,2023-06-08 23:00:00,57986,150.0,4,2023-06-09 00:00:00
EURJPY,H1,Research_2015_2024,2023-06-07 08:00:00,2023-06-05 05:00:00,2023-06-06 02:00:00,2023-06-06 13:00:00,150.18,149.67,149.46,149.32,19,ENTRY_C_A_AFTER_B,2023-06-08 23:00:00,57986,57928,149.46,2023-06-06 13:00:00,39,2023-06-08 23:00:00,57986,150.0,0,
EURJPY,H1,Research_2015_2024,2023-06-26 14:00:00,2023-06-22 17:00:00,2023-06-23 04:00:00,2023-06-25 23:00:00,156.9,156.79,156.69,156.6,15,ENTRY_A_B_BREAK,2023-06-27 01:00:00,58273,58247,156.68,2023-06-26 12:00:00,11,2023-06-27 01:00:00,58273,156.68,0,
EURJPY,H1,Research_2015_2024,2023-06-26 14:00:00,2023-06-22 17:00:00,2023-06-23 04:00:00,2023-06-25 23:00:00,156.9,156.79,156.69,156.6,15,ENTRY_B_B_SUPPORT_REACCEL,2023-06-27 05:00:00,58277,58247,156.88,2023-06-27 02:00:00,11,2023-06-27 01:00:00,58273,156.68,4,2023-06-27 02:00:00
EURJPY,H1,Research_2015_2024,2023-06-26 14:00:00,2023-06-22 17:00:00,2023-06-23 04:00:00,2023-06-25 23:00:00,156.9,156.79,156.69,156.6,15,ENTRY_C_A_AFTER_B,2023-06-27 01:00:00,58273,58247,156.69,2023-06-25 23:00:00,11,2023-06-27 01:00:00,58273,156.68,0,
EURJPY,H1,Research_2015_2024,2023-07-10 00:00:00,2023-07-05 05:00:00,2023-07-06 12:00:00,2023-07-06 18:00:00,157.69,157.05,156.91,156.5,29,ENTRY_A_B_BREAK,2023-07-12 22:00:00,58556,58457,154.26,2023-07-12 11:00:00,70,2023-07-12 22:00:00,58556,154.26,0,
EURJPY,H1,Research_2015_2024,2023-07-10 00:00:00,2023-07-05 05:00:00,2023-07-06 12:00:00,2023-07-06 18:00:00,157.69,157.05,156.91,156.5,29,ENTRY_B_B_SUPPORT_REACCEL,2023-07-13 03:00:00,58561,58457,154.46,2023-07-12 23:00:00,70,2023-07-12 22:00:00,58556,154.26,5,2023-07-12 23:00:00
EURJPY,H1,Research_2015_2024,2023-07-30 23:00:00,2023-07-21 06:00:00,2023-07-21 18:00:00,2023-07-24 05:00:00,158.02,157.78,157.66,155.98,113,ENTRY_A_B_BREAK,2023-08-01 12:00:00,58879,58729,157.26,2023-07-31 11:00:00,37,2023-08-01 12:00:00,58879,157.26,0,
EURJPY,H1,Research_2015_2024,2023-07-30 23:00:00,2023-07-21 06:00:00,2023-07-21 18:00:00,2023-07-24 05:00:00,158.02,157.78,157.66,155.98,113,ENTRY_B_B_SUPPORT_REACCEL,2023-08-01 17:00:00,58884,58729,157.37,2023-08-01 14:00:00,37,2023-08-01 12:00:00,58879,157.26,5,2023-08-01 14:00:00
EURJPY,H1,Research_2015_2024,2023-08-21 06:00:00,2023-08-17 04:00:00,2023-08-17 12:00:00,2023-08-21 00:00:00,159.28,159.11,158.35,158.56,6,ENTRY_A_B_BREAK,2023-08-23 23:00:00,59271,59200,157.41,2023-08-23 17:00:00,65,2023-08-23 23:00:00,59271,157.41,0,
EURJPY,H1,Research_2015_2024,2023-08-21 06:00:00,2023-08-17 04:00:00,2023-08-17 12:00:00,2023-08-21 00:00:00,159.28,159.11,158.35,158.56,6,ENTRY_B_B_SUPPORT_REACCEL,2023-08-24 02:00:00,59274,59200,157.63,2023-08-24 00:00:00,65,2023-08-23 23:00:00,59271,157.41,3,2023-08-24 00:00:00
EURJPY,H1,Research_2015_2024,2023-08-21 06:00:00,2023-08-17 04:00:00,2023-08-17 12:00:00,2023-08-21 00:00:00,159.28,159.11,158.35,158.56,6,ENTRY_C_A_AFTER_B,2023-08-28 05:00:00,59324,59200,158.35,2023-08-21 00:00:00,65,2023-08-23 23:00:00,59271,157.41,53,
EURJPY,H1,Research_2015_2024,2023-09-18 12:00:00,2023-09-14 06:00:00,2023-09-15 14:00:00,2023-09-17 22:00:00,158.23,157.87,157.74,157.62,14,ENTRY_A_B_BREAK,2023-09-19 08:00:00,59708,59674,157.91,2023-09-18 13:00:00,20,2023-09-19 08:00:00,59708,157.91,0,
EURJPY,H1,Research_2015_2024,2023-09-18 12:00:00,2023-09-14 06:00:00,2023-09-15 14:00:00,2023-09-17 22:00:00,158.23,157.87,157.74,157.62,14,ENTRY_C_A_AFTER_B,2023-09-19 08:00:00,59708,59674,157.74,2023-09-17 22:00:00,20,2023-09-19 08:00:00,59708,157.91,0,
EURJPY,H1,Research_2015_2024,2023-12-22 09:00:00,2023-12-19 09:00:00,2023-12-19 23:00:00,2023-12-20 15:00:00,158.53,158.09,157.7,156.6,42,ENTRY_A_B_BREAK,2023-12-22 15:00:00,61332,61284,156.77,2023-12-22 03:00:00,6,2023-12-22 15:00:00,61332,156.77,0,
EURJPY,H1,Research_2015_2024,2023-12-22 09:00:00,2023-12-19 09:00:00,2023-12-19 23:00:00,2023-12-20 15:00:00,158.53,158.09,157.7,156.6,42,ENTRY_B_B_SUPPORT_REACCEL,2023-12-24 23:00:00,61339,61284,156.95,2023-12-22 18:00:00,6,2023-12-22 15:00:00,61332,156.77,7,2023-12-22 18:00:00
EURJPY,H1,Research_2015_2024,2023-12-22 09:00:00,2023-12-19 09:00:00,2023-12-19 23:00:00,2023-12-20 15:00:00,158.53,158.09,157.7,156.6,42,ENTRY_C_A_AFTER_B,2023-12-27 11:00:00,61395,61284,157.7,2023-12-20 15:00:00,6,2023-12-22 15:00:00,61332,156.77,63,
EURJPY,H1,Research_2015_2024,2024-01-09 06:00:00,2024-01-05 12:00:00,2024-01-08 11:00:00,2024-01-08 21:00:00,158.96,158.34,158.04,157.83,9,ENTRY_A_B_BREAK,2024-01-09 23:00:00,61598,61572,157.98,2024-01-09 17:00:00,17,2024-01-09 23:00:00,61598,157.98,0,
EURJPY,H1,Research_2015_2024,2024-01-09 06:00:00,2024-01-05 12:00:00,2024-01-08 11:00:00,2024-01-08 21:00:00,158.96,158.34,158.04,157.83,9,ENTRY_B_B_SUPPORT_REACCEL,2024-01-10 01:00:00,61600,61572,158.26,2024-01-10 00:00:00,17,2024-01-09 23:00:00,61598,157.98,2,2024-01-10 00:00:00
EURJPY,H1,Research_2015_2024,2024-01-09 06:00:00,2024-01-05 12:00:00,2024-01-08 11:00:00,2024-01-08 21:00:00,158.96,158.34,158.04,157.83,9,ENTRY_C_A_AFTER_B,2024-01-10 00:00:00,61599,61572,158.04,2024-01-08 21:00:00,17,2024-01-09 23:00:00,61598,157.98,1,
EURJPY,H1,Research_2015_2024,2024-01-25 01:00:00,2024-01-23 22:00:00,2024-01-24 08:00:00,2024-01-24 18:00:00,161.05,160.87,160.7,160.64,7,ENTRY_A_B_BREAK,2024-01-26 08:00:00,61893,61855,160.28,2024-01-25 23:00:00,31,2024-01-26 08:00:00,61893,160.28,0,
EURJPY,H1,Research_2015_2024,2024-01-25 01:00:00,2024-01-23 22:00:00,2024-01-24 08:00:00,2024-01-24 18:00:00,161.05,160.87,160.7,160.64,7,ENTRY_B_B_SUPPORT_REACCEL,2024-01-26 10:00:00,61895,61855,160.47,2024-01-26 09:00:00,31,2024-01-26 08:00:00,61893,160.28,2,2024-01-26 09:00:00
EURJPY,H1,Research_2015_2024,2024-01-25 01:00:00,2024-01-23 22:00:00,2024-01-24 08:00:00,2024-01-24 18:00:00,161.05,160.87,160.7,160.64,7,ENTRY_C_A_AFTER_B,2024-01-26 13:00:00,61898,61855,160.7,2024-01-24 18:00:00,31,2024-01-26 08:00:00,61893,160.28,5,
EURJPY,H1,Research_2015_2024,2024-02-08 00:00:00,2024-02-06 07:00:00,2024-02-07 12:00:00,2024-02-07 18:00:00,159.84,159.7,159.63,159.86,6,ENTRY_A_B_BREAK,2024-02-09 06:00:00,62129,62093,160.97,2024-02-08 19:00:00,30,2024-02-09 06:00:00,62129,160.97,0,
EURJPY,H1,Research_2015_2024,2024-02-08 00:00:00,2024-02-06 07:00:00,2024-02-07 12:00:00,2024-02-07 18:00:00,159.84,159.7,159.63,159.86,6,ENTRY_C_A_AFTER_B,2024-02-09 06:00:00,62129,62093,159.63,2024-02-07 18:00:00,30,2024-02-09 06:00:00,62129,160.97,0,
EURJPY,H1,Research_2015_2024,2024-03-13 08:00:00,2024-03-04 15:00:00,2024-03-05 04:00:00,2024-03-06 14:00:00,163.5,163.34,162.94,161.64,113,ENTRY_A_B_BREAK,2024-03-13 08:00:00,62678,62565,160.64,2024-03-11 13:00:00,0,2024-03-13 08:00:00,62678,160.64,0,
EURJPY,H1,Research_2015_2024,2024-03-13 08:00:00,2024-03-04 15:00:00,2024-03-05 04:00:00,2024-03-06 14:00:00,163.5,163.34,162.94,161.64,113,ENTRY_C_A_AFTER_B,2024-03-19 03:00:00,62768,62565,162.94,2024-03-06 14:00:00,0,2024-03-13 08:00:00,62678,160.64,90,
EURJPY,H1,Research_2015_2024,2024-03-28 22:00:00,2024-03-27 01:00:00,2024-03-28 00:00:00,2024-03-28 12:00:00,164.48,163.9,163.57,163.42,10,ENTRY_A_B_BREAK,2024-03-31 21:00:00,62978,62944,163.37,2024-03-29 12:00:00,24,2024-03-31 21:00:00,62978,163.37,0,
EURJPY,H1,Research_2015_2024,2024-03-28 22:00:00,2024-03-27 01:00:00,2024-03-28 00:00:00,2024-03-28 12:00:00,164.48,163.9,163.57,163.42,10,ENTRY_C_A_AFTER_B,2024-04-03 09:00:00,63038,62944,163.57,2024-03-28 12:00:00,24,2024-03-31 21:00:00,62978,163.37,60,
EURJPY,H1,Research_2015_2024,2024-04-23 05:00:00,2024-04-22 04:00:00,2024-04-22 16:00:00,2024-04-22 23:00:00,165.07,165.01,164.98,165.33,6,ENTRY_A_B_BREAK,2024-04-23 14:00:00,63376,63361,165.55,2024-04-23 05:00:00,9,2024-04-23 14:00:00,63376,165.55,0,
EURJPY,H1,Research_2015_2024,2024-04-23 05:00:00,2024-04-22 04:00:00,2024-04-22 16:00:00,2024-04-22 23:00:00,165.07,165.01,164.98,165.33,6,ENTRY_B_B_SUPPORT_REACCEL,2024-04-23 22:00:00,63384,63361,165.72,2024-04-23 16:00:00,9,2024-04-23 14:00:00,63376,165.55,8,2024-04-23 16:00:00
EURJPY,H1,Research_2015_2024,2024-04-23 05:00:00,2024-04-22 04:00:00,2024-04-22 16:00:00,2024-04-22 23:00:00,165.07,165.01,164.98,165.33,6,ENTRY_C_A_AFTER_B,2024-04-23 14:00:00,63376,63361,164.98,2024-04-22 23:00:00,9,2024-04-23 14:00:00,63376,165.55,0,
EURJPY,H1,OOS_2025_2026,2025-01-09 20:00:00,2025-01-08 05:00:00,2025-01-08 19:00:00,2025-01-09 09:00:00,163.803,163.507,163.113,162.885,11,ENTRY_A_B_BREAK,2025-01-14 09:00:00,66751,66679,161.861,2025-01-14 01:00:00,61,2025-01-14 09:00:00,66751,161.861,0,
EURJPY,H1,OOS_2025_2026,2025-01-09 20:00:00,2025-01-08 05:00:00,2025-01-08 19:00:00,2025-01-09 09:00:00,163.803,163.507,163.113,162.885,11,ENTRY_B_B_SUPPORT_REACCEL,2025-01-14 15:00:00,66757,66679,162.125,2025-01-14 10:00:00,61,2025-01-14 09:00:00,66751,161.861,6,2025-01-14 10:00:00
EURJPY,H1,OOS_2025_2026,2025-01-17 02:00:00,2025-01-15 13:00:00,2025-01-16 08:00:00,2025-01-16 14:00:00,161.914,160.881,160.555,160.143,12,ENTRY_A_B_BREAK,2025-01-20 06:00:00,66844,66804,161.006,2025-01-17 15:00:00,28,2025-01-20 06:00:00,66844,161.006,0,
EURJPY,H1,OOS_2025_2026,2025-01-17 02:00:00,2025-01-15 13:00:00,2025-01-16 08:00:00,2025-01-16 14:00:00,161.914,160.881,160.555,160.143,12,ENTRY_B_B_SUPPORT_REACCEL,2025-01-20 10:00:00,66848,66804,161.175,2025-01-20 09:00:00,28,2025-01-20 06:00:00,66844,161.006,4,2025-01-20 09:00:00
EURJPY,H1,OOS_2025_2026,2025-01-17 02:00:00,2025-01-15 13:00:00,2025-01-16 08:00:00,2025-01-16 14:00:00,161.914,160.881,160.555,160.143,12,ENTRY_C_A_AFTER_B,2025-01-20 06:00:00,66844,66804,160.555,2025-01-16 14:00:00,28,2025-01-20 06:00:00,66844,161.006,0,
EURJPY,H1,OOS_2025_2026,2025-01-29 00:00:00,2025-01-27 06:00:00,2025-01-28 08:00:00,2025-01-28 15:00:00,163.454,162.699,162.441,162.324,9,ENTRY_A_B_BREAK,2025-01-31 16:00:00,67070,66997,161.041,2025-01-31 07:00:00,64,2025-01-31 16:00:00,67070,161.041,0,
EURJPY,H1,OOS_2025_2026,2025-02-11 10:00:00,2025-02-06 07:00:00,2025-02-07 10:00:00,2025-02-10 09:00:00,158.606,158.011,157.415,156.938,25,ENTRY_A_B_BREAK,2025-02-12 14:00:00,67260,67207,159.662,2025-02-12 08:00:00,28,2025-02-12 14:00:00,67260,159.662,0,
EURJPY,H1,OOS_2025_2026,2025-02-11 10:00:00,2025-02-06 07:00:00,2025-02-07 10:00:00,2025-02-10 09:00:00,158.606,158.011,157.415,156.938,25,ENTRY_B_B_SUPPORT_REACCEL,2025-02-12 16:00:00,67262,67207,160.379,2025-02-12 15:00:00,28,2025-02-12 14:00:00,67260,159.662,2,2025-02-12 15:00:00
EURJPY,H1,OOS_2025_2026,2025-02-11 10:00:00,2025-02-06 07:00:00,2025-02-07 10:00:00,2025-02-10 09:00:00,158.606,158.011,157.415,156.938,25,ENTRY_C_A_AFTER_B,2025-02-12 14:00:00,67260,67207,157.415,2025-02-10 09:00:00,28,2025-02-12 14:00:00,67260,159.662,0,
EURJPY,H1,OOS_2025_2026,2025-03-14 00:00:00,2025-03-12 10:00:00,2025-03-13 02:00:00,2025-03-13 10:00:00,162.353,161.512,161.264,160.885,14,ENTRY_A_B_BREAK,2025-03-17 16:00:00,67815,67761,162.329,2025-03-14 12:00:00,40,2025-03-17 16:00:00,67815,162.329,0,
EURJPY,H1,OOS_2025_2026,2025-03-14 00:00:00,2025-03-12 10:00:00,2025-03-13 02:00:00,2025-03-13 10:00:00,162.353,161.512,161.264,160.885,14,ENTRY_B_B_SUPPORT_REACCEL,2025-03-17 18:00:00,67817,67761,162.628,2025-03-17 17:00:00,40,2025-03-17 16:00:00,67815,162.329,2,2025-03-17 17:00:00
EURJPY,H1,OOS_2025_2026,2025-03-14 00:00:00,2025-03-12 10:00:00,2025-03-13 02:00:00,2025-03-13 10:00:00,162.353,161.512,161.264,160.885,14,ENTRY_C_A_AFTER_B,2025-03-17 16:00:00,67815,67761,161.264,2025-03-13 10:00:00,40,2025-03-17 16:00:00,67815,162.329,0,
EURJPY,H1,OOS_2025_2026,2025-03-24 14:00:00,2025-03-18 08:00:00,2025-03-19 06:00:00,2025-03-19 14:00:00,164.184,163.883,163.657,162.497,72,ENTRY_A_B_BREAK,2025-03-24 15:00:00,67934,67861,162.574,2025-03-24 08:00:00,1,2025-03-24 15:00:00,67934,162.574,0,
EURJPY,H1,OOS_2025_2026,2025-03-24 14:00:00,2025-03-18 08:00:00,2025-03-19 06:00:00,2025-03-19 14:00:00,164.184,163.883,163.657,162.497,72,ENTRY_B_B_SUPPORT_REACCEL,2025-03-24 20:00:00,67939,67861,162.727,2025-03-24 19:00:00,1,2025-03-24 15:00:00,67934,162.574,5,2025-03-24 19:00:00
EURJPY,H1,OOS_2025_2026,2025-04-02 13:00:00,2025-03-27 17:00:00,2025-03-28 15:00:00,2025-03-31 18:00:00,163.358,162.93,162.479,161.861,43,ENTRY_A_B_BREAK,2025-04-02 13:00:00,68100,68057,161.653,2025-04-01 16:00:00,0,2025-04-02 13:00:00,68100,161.653,0,
EURJPY,H1,OOS_2025_2026,2025-04-02 13:00:00,2025-03-27 17:00:00,2025-03-28 15:00:00,2025-03-31 18:00:00,163.358,162.93,162.479,161.861,43,ENTRY_C_A_AFTER_B,2025-04-02 14:00:00,68101,68057,162.479,2025-03-31 18:00:00,0,2025-04-02 13:00:00,68100,161.653,1,
EURJPY,H1,OOS_2025_2026,2025-04-07 08:00:00,2025-04-03 10:00:00,2025-04-04 02:00:00,2025-04-04 17:00:00,163.055,161.999,161.4,160.717,15,ENTRY_A_B_BREAK,2025-04-11 06:00:00,68261,68152,162.373,2025-04-07 14:00:00,94,2025-04-11 06:00:00,68261,162.373,0,
EURJPY,H1,OOS_2025_2026,2025-04-07 08:00:00,2025-04-03 10:00:00,2025-04-04 02:00:00,2025-04-04 17:00:00,163.055,161.999,161.4,160.717,15,ENTRY_C_A_AFTER_B,2025-04-11 06:00:00,68261,68152,161.4,2025-04-04 17:00:00,94,2025-04-11 06:00:00,68261,162.373,0,
EURJPY,H1,OOS_2025_2026,2025-05-06 22:00:00,2025-05-02 00:00:00,2025-05-02 19:00:00,2025-05-06 06:00:00,164.634,164.016,162.95,162.466,16,ENTRY_A_B_BREAK,2025-05-07 04:00:00,68691,68669,162.49,2025-05-06 22:00:00,6,2025-05-07 04:00:00,68691,162.49,0,
EURJPY,H1,OOS_2025_2026,2025-05-06 22:00:00,2025-05-02 00:00:00,2025-05-02 19:00:00,2025-05-06 06:00:00,164.634,164.016,162.95,162.466,16,ENTRY_B_B_SUPPORT_REACCEL,2025-05-07 07:00:00,68694,68669,162.628,2025-05-07 05:00:00,6,2025-05-07 04:00:00,68691,162.49,3,2025-05-07 05:00:00
EURJPY,H1,OOS_2025_2026,2025-05-06 22:00:00,2025-05-02 00:00:00,2025-05-02 19:00:00,2025-05-06 06:00:00,164.634,164.016,162.95,162.466,16,ENTRY_C_A_AFTER_B,2025-05-08 07:00:00,68718,68669,162.95,2025-05-06 06:00:00,6,2025-05-07 04:00:00,68691,162.49,27,
EURJPY,H1,OOS_2025_2026,2025-05-07 04:00:00,2025-05-02 19:00:00,2025-05-06 06:00:00,2025-05-06 22:00:00,164.016,162.95,162.49,162.535,6,ENTRY_A_B_BREAK,2025-05-12 00:00:00,68759,68685,163.935,2025-05-08 23:00:00,68,2025-05-12 00:00:00,68759,163.935,0,
EURJPY,H1,OOS_2025_2026,2025-05-07 04:00:00,2025-05-02 19:00:00,2025-05-06 06:00:00,2025-05-06 22:00:00,164.016,162.95,162.49,162.535,6,ENTRY_C_A_AFTER_B,2025-05-12 00:00:00,68759,68685,162.49,2025-05-06 22:00:00,68,2025-05-12 00:00:00,68759,163.935,0,
EURJPY,H1,OOS_2025_2026,2025-05-21 08:00:00,2025-05-19 11:00:00,2025-05-20 00:00:00,2025-05-20 17:00:00,163.383,163.28,163.149,163.175,15,ENTRY_A_B_BREAK,2025-05-21 08:00:00,68935,68920,163.087,2025-05-21 02:00:00,0,2025-05-21 08:00:00,68935,163.087,0,
EURJPY,H1,OOS_2025_2026,2025-05-21 08:00:00,2025-05-19 11:00:00,2025-05-20 00:00:00,2025-05-20 17:00:00,163.383,163.28,163.149,163.175,15,ENTRY_C_A_AFTER_B,2025-05-21 08:00:00,68935,68920,163.149,2025-05-20 17:00:00,0,2025-05-21 08:00:00,68935,163.087,0,
EURJPY,H1,OOS_2025_2026,2025-05-21 08:00:00,2025-05-20 00:00:00,2025-05-20 17:00:00,2025-05-21 02:00:00,163.28,163.149,163.087,163.175,6,ENTRY_A_B_BREAK,2025-05-23 09:00:00,68984,68929,162.606,2025-05-22 18:00:00,49,2025-05-23 09:00:00,68984,162.606,0,
EURJPY,H1,OOS_2025_2026,2025-05-21 08:00:00,2025-05-20 00:00:00,2025-05-20 17:00:00,2025-05-21 02:00:00,163.28,163.149,163.087,163.175,6,ENTRY_C_A_AFTER_B,2025-05-27 08:00:00,69031,68929,163.087,2025-05-21 02:00:00,49,2025-05-23 09:00:00,68984,162.606,47,
EURJPY,H1,OOS_2025_2026,2025-07-24 13:00:00,2025-07-22 07:00:00,2025-07-23 02:00:00,2025-07-23 19:00:00,172.93,172.738,172.544,172.495,18,ENTRY_A_B_BREAK,2025-07-25 00:00:00,70053,70024,172.92,2025-07-24 16:00:00,11,2025-07-25 00:00:00,70053,172.92,0,
EURJPY,H1,OOS_2025_2026,2025-07-24 13:00:00,2025-07-22 07:00:00,2025-07-23 02:00:00,2025-07-23 19:00:00,172.93,172.738,172.544,172.495,18,ENTRY_C_A_AFTER_B,2025-07-25 00:00:00,70053,70024,172.544,2025-07-23 19:00:00,11,2025-07-25 00:00:00,70053,172.92,0,
EURJPY,H1,OOS_2025_2026,2025-08-28 10:00:00,2025-08-26 14:00:00,2025-08-27 03:00:00,2025-08-27 13:00:00,172.117,171.906,171.78,171.487,21,ENTRY_A_B_BREAK,2025-08-29 14:00:00,70667,70618,171.79,2025-08-28 14:00:00,28,2025-08-29 14:00:00,70667,171.79,0,
EURJPY,H1,OOS_2025_2026,2025-08-28 10:00:00,2025-08-26 14:00:00,2025-08-27 03:00:00,2025-08-27 13:00:00,172.117,171.906,171.78,171.487,21,ENTRY_B_B_SUPPORT_REACCEL,2025-09-01 00:00:00,70677,70618,172.042,2025-08-29 15:00:00,28,2025-08-29 14:00:00,70667,171.79,10,2025-08-29 15:00:00
EURJPY,H1,OOS_2025_2026,2025-08-28 10:00:00,2025-08-26 14:00:00,2025-08-27 03:00:00,2025-08-27 13:00:00,172.117,171.906,171.78,171.487,21,ENTRY_C_A_AFTER_B,2025-08-29 14:00:00,70667,70618,171.78,2025-08-27 13:00:00,28,2025-08-29 14:00:00,70667,171.79,0,
EURJPY,H1,OOS_2025_2026,2025-10-03 01:00:00,2025-09-28 22:00:00,2025-09-29 13:00:00,2025-09-30 00:00:00,175.007,174.648,174.416,172.984,73,ENTRY_A_B_BREAK,2025-10-05 21:00:00,71274,71181,173.213,2025-10-03 03:00:00,20,2025-10-05 21:00:00,71274,173.213,0,
EURJPY,H1,OOS_2025_2026,2025-10-03 01:00:00,2025-09-28 22:00:00,2025-09-29 13:00:00,2025-09-30 00:00:00,175.007,174.648,174.416,172.984,73,ENTRY_C_A_AFTER_B,2025-10-05 21:00:00,71274,71181,174.416,2025-09-30 00:00:00,20,2025-10-05 21:00:00,71274,173.213,0,
EURJPY,H1,OOS_2025_2026,2025-10-16 09:00:00,2025-10-09 23:00:00,2025-10-10 08:00:00,2025-10-13 07:00:00,177.154,177.083,176.91,176.376,74,ENTRY_A_B_BREAK,2025-10-16 09:00:00,71478,71404,176.282,2025-10-14 16:00:00,0,2025-10-16 09:00:00,71478,176.282,0,
EURJPY,H1,OOS_2025_2026,2025-10-17 19:00:00,2025-10-16 09:00:00,2025-10-17 01:00:00,2025-10-17 12:00:00,176.456,175.968,175.751,175.617,7,ENTRY_A_B_BREAK,2025-10-23 01:00:00,71590,71505,176.615,2025-10-21 12:00:00,78,2025-10-23 01:00:00,71590,176.615,0,
EURJPY,H1,OOS_2025_2026,2025-10-17 19:00:00,2025-10-16 09:00:00,2025-10-17 01:00:00,2025-10-17 12:00:00,176.456,175.968,175.751,175.617,7,ENTRY_B_B_SUPPORT_REACCEL,2025-10-23 06:00:00,71595,71505,176.79,2025-10-23 05:00:00,78,2025-10-23 01:00:00,71590,176.615,5,2025-10-23 05:00:00
EURJPY,H1,OOS_2025_2026,2025-10-17 19:00:00,2025-10-16 09:00:00,2025-10-17 01:00:00,2025-10-17 12:00:00,176.456,175.968,175.751,175.617,7,ENTRY_C_A_AFTER_B,2025-10-23 01:00:00,71590,71505,175.751,2025-10-17 12:00:00,78,2025-10-23 01:00:00,71590,176.615,0,
EURJPY,H1,OOS_2025_2026,2025-11-04 00:00:00,2025-10-31 08:00:00,2025-11-03 07:00:00,2025-11-03 17:00:00,178.561,177.976,177.777,177.615,7,ENTRY_A_B_BREAK,2025-11-06 04:00:00,71830,71771,177.139,2025-11-05 16:00:00,52,2025-11-06 04:00:00,71830,177.139,0,
EURJPY,H1,OOS_2025_2026,2025-11-04 00:00:00,2025-10-31 08:00:00,2025-11-03 07:00:00,2025-11-03 17:00:00,178.561,177.976,177.777,177.615,7,ENTRY_C_A_AFTER_B,2025-11-10 01:00:00,71875,71771,177.777,2025-11-03 17:00:00,52,2025-11-06 04:00:00,71830,177.139,45,
EURJPY,H1,OOS_2025_2026,2026-01-07 01:00:00,2026-01-02 05:00:00,2026-01-05 00:00:00,2026-01-06 00:00:00,184.427,184.061,183.646,183.289,25,ENTRY_A_B_BREAK,2026-01-12 02:00:00,72898,72800,183.952,2026-01-09 16:00:00,73,2026-01-12 02:00:00,72898,183.952,0,
EURJPY,H1,OOS_2025_2026,2026-01-07 01:00:00,2026-01-02 05:00:00,2026-01-05 00:00:00,2026-01-06 00:00:00,184.427,184.061,183.646,183.289,25,ENTRY_C_A_AFTER_B,2026-01-12 02:00:00,72898,72800,183.646,2026-01-06 00:00:00,73,2026-01-12 02:00:00,72898,183.952,0,
EURJPY,H1,OOS_2025_2026,2026-02-12 06:00:00,2026-02-10 00:00:00,2026-02-10 08:00:00,2026-02-11 13:00:00,185.997,185.327,183.004,181.834,17,ENTRY_A_B_BREAK,2026-02-13 08:00:00,73480,73437,181.938,2026-02-13 01:00:00,26,2026-02-13 08:00:00,73480,181.938,0,
EURJPY,H1,OOS_2025_2026,2026-02-12 06:00:00,2026-02-10 00:00:00,2026-02-10 08:00:00,2026-02-11 13:00:00,185.997,185.327,183.004,181.834,17,ENTRY_C_A_AFTER_B,2026-02-19 05:00:00,73573,73437,183.004,2026-02-11 13:00:00,26,2026-02-13 08:00:00,73480,181.938,93,
EURJPY,H1,OOS_2025_2026,2026-02-27 07:00:00,2026-02-25 19:00:00,2026-02-26 07:00:00,2026-02-26 14:00:00,184.772,184.494,184.423,184.411,17,ENTRY_A_B_BREAK,2026-02-27 16:00:00,73728,73702,184.473,2026-02-27 08:00:00,9,2026-02-27 16:00:00,73728,184.473,0,
EURJPY,H1,OOS_2025_2026,2026-02-27 07:00:00,2026-02-25 19:00:00,2026-02-26 07:00:00,2026-02-26 14:00:00,184.772,184.494,184.423,184.411,17,ENTRY_C_A_AFTER_B,2026-02-27 16:00:00,73728,73702,184.423,2026-02-26 14:00:00,9,2026-02-27 16:00:00,73728,184.473,0,
EURJPY,H1,OOS_2025_2026,2026-03-20 01:00:00,2026-03-18 14:00:00,2026-03-19 02:00:00,2026-03-19 19:00:00,183.827,183.434,182.986,182.849,6,ENTRY_A_B_BREAK,2026-03-24 22:00:00,74143,74068,184.24,2026-03-23 14:00:00,69,2026-03-24 22:00:00,74143,184.24,0,
EURJPY,H1,OOS_2025_2026,2026-03-20 01:00:00,2026-03-18 14:00:00,2026-03-19 02:00:00,2026-03-19 19:00:00,183.827,183.434,182.986,182.849,6,ENTRY_B_B_SUPPORT_REACCEL,2026-03-25 00:00:00,74145,74068,184.36,2026-03-24 23:00:00,69,2026-03-24 22:00:00,74143,184.24,2,2026-03-24 23:00:00
EURJPY,H1,OOS_2025_2026,2026-03-20 01:00:00,2026-03-18 14:00:00,2026-03-19 02:00:00,2026-03-19 19:00:00,183.827,183.434,182.986,182.849,6,ENTRY_C_A_AFTER_B,2026-03-24 22:00:00,74143,74068,182.986,2026-03-19 19:00:00,69,2026-03-24 22:00:00,74143,184.24,0,
EURJPY,H4,Research_2015_2024,2014-02-28 08:00:00,2014-02-21 12:00:00,2014-02-25 00:00:00,2014-02-26 08:00:00,141.25,140.95,140.76,140.5,12,ENTRY_A_B_BREAK,2014-02-28 08:00:00,258,246,140.17,2014-02-27 16:00:00,0,2014-02-28 08:00:00,258,140.17,0,
EURJPY,H4,Research_2015_2024,2014-02-28 08:00:00,2014-02-21 12:00:00,2014-02-25 00:00:00,2014-02-26 08:00:00,141.25,140.95,140.76,140.5,12,ENTRY_C_A_AFTER_B,2014-02-28 12:00:00,259,246,140.76,2014-02-26 08:00:00,0,2014-02-28 08:00:00,258,140.17,1,
EURJPY,H4,Research_2015_2024,2014-06-04 00:00:00,2014-05-02 12:00:00,2014-05-06 08:00:00,2014-05-07 12:00:00,142.34,142.07,141.99,139.86,117,ENTRY_A_B_BREAK,2014-06-04 00:00:00,669,552,138.5,2014-05-29 12:00:00,0,2014-06-04 00:00:00,669,138.5,0,
EURJPY,H4,Research_2015_2024,2014-08-13 08:00:00,2014-08-07 04:00:00,2014-08-10 20:00:00,2014-08-12 00:00:00,137.1,136.95,136.87,136.89,8,ENTRY_A_B_BREAK,2014-08-15 08:00:00,983,963,137.16,2014-08-13 12:00:00,12,2014-08-15 08:00:00,983,137.16,0,
EURJPY,H4,Research_2015_2024,2014-08-13 08:00:00,2014-08-07 04:00:00,2014-08-10 20:00:00,2014-08-12 00:00:00,137.1,136.95,136.87,136.89,8,ENTRY_C_A_AFTER_B,2014-08-15 08:00:00,983,963,136.87,2014-08-12 00:00:00,12,2014-08-15 08:00:00,983,137.16,0,
EURJPY,H4,Research_2015_2024,2014-08-29 08:00:00,2014-08-22 00:00:00,2014-08-26 16:00:00,2014-08-27 12:00:00,137.99,137.39,137.27,137.15,11,ENTRY_A_B_BREAK,2014-09-02 00:00:00,1052,1032,137.17,2014-08-29 08:00:00,9,2014-09-02 00:00:00,1052,137.17,0,
EURJPY,H4,Research_2015_2024,2014-08-29 08:00:00,2014-08-22 00:00:00,2014-08-26 16:00:00,2014-08-27 12:00:00,137.99,137.39,137.27,137.15,11,ENTRY_C_A_AFTER_B,2014-09-02 00:00:00,1052,1032,137.27,2014-08-27 12:00:00,9,2014-09-02 00:00:00,1052,137.17,0,
EURJPY,H4,Research_2015_2024,2014-10-15 20:00:00,2014-10-08 16:00:00,2014-10-14 00:00:00,2014-10-15 04:00:00,137.92,136.53,136.04,135.88,4,ENTRY_A_B_BREAK,2014-10-20 00:00:00,1256,1239,136.7,2014-10-17 08:00:00,13,2014-10-20 00:00:00,1256,136.7,0,
EURJPY,H4,Research_2015_2024,2014-10-15 20:00:00,2014-10-08 16:00:00,2014-10-14 00:00:00,2014-10-15 04:00:00,137.92,136.53,136.04,135.88,4,ENTRY_C_A_AFTER_B,2014-10-20 00:00:00,1256,1239,136.04,2014-10-15 04:00:00,13,2014-10-20 00:00:00,1256,136.7,0,
EURJPY,H4,Research_2015_2024,2015-01-08 20:00:00,2014-12-29 12:00:00,2015-01-02 08:00:00,2015-01-05 08:00:00,147.19,145.3,144.14,141.26,21,ENTRY_A_B_BREAK,2015-01-19 12:00:00,1645,1582,136.17,2015-01-16 20:00:00,42,2015-01-19 12:00:00,1645,136.17,0,
EURJPY,H4,Research_2015_2024,2015-01-08 20:00:00,2014-12-29 12:00:00,2015-01-02 08:00:00,2015-01-05 08:00:00,147.19,145.3,144.14,141.26,21,ENTRY_B_B_SUPPORT_REACCEL,2015-01-20 00:00:00,1648,1582,136.73,2015-01-19 16:00:00,42,2015-01-19 12:00:00,1645,136.17,3,2015-01-19 16:00:00
EURJPY,H4,Research_2015_2024,2015-02-04 00:00:00,2015-01-08 04:00:00,2015-01-09 00:00:00,2015-01-12 08:00:00,141.7,141.35,140.86,135.13,97,ENTRY_A_B_BREAK,2015-02-04 00:00:00,1710,1613,133.68,2015-01-26 16:00:00,0,2015-02-04 00:00:00,1710,133.68,0,
EURJPY,H4,Research_2015_2024,2015-04-16 00:00:00,2015-04-13 04:00:00,2015-04-14 12:00:00,2015-04-15 04:00:00,127.81,127.6,127.47,127.42,5,ENTRY_A_B_BREAK,2015-04-22 08:00:00,2050,2019,128.55,2015-04-16 16:00:00,26,2015-04-22 08:00:00,2050,128.55,0,
EURJPY,H4,Research_2015_2024,2015-04-16 00:00:00,2015-04-13 04:00:00,2015-04-14 12:00:00,2015-04-15 04:00:00,127.81,127.6,127.47,127.42,5,ENTRY_C_A_AFTER_B,2015-04-22 08:00:00,2050,2019,127.47,2015-04-15 04:00:00,26,2015-04-22 08:00:00,2050,128.55,0,
EURJPY,H4,Research_2015_2024,2015-07-10 04:00:00,2015-06-24 12:00:00,2015-06-26 12:00:00,2015-06-29 16:00:00,139.13,138.65,138.09,135.78,51,ENTRY_A_B_BREAK,2015-07-10 04:00:00,2391,2340,135.02,2015-07-09 04:00:00,0,2015-07-10 04:00:00,2391,135.02,0,
EURJPY,H4,Research_2015_2024,2015-09-09 12:00:00,2015-08-28 08:00:00,2015-08-31 04:00:00,2015-09-01 04:00:00,136.59,136.34,136.21,135.02,38,ENTRY_A_B_BREAK,2015-09-10 04:00:00,2655,2613,135.17,2015-09-09 12:00:00,4,2015-09-10 04:00:00,2655,135.17,0,
EURJPY,H4,Research_2015_2024,2015-09-09 12:00:00,2015-08-28 08:00:00,2015-08-31 04:00:00,2015-09-01 04:00:00,136.59,136.34,136.21,135.02,38,ENTRY_B_B_SUPPORT_REACCEL,2015-09-10 12:00:00,2657,2613,135.71,2015-09-10 08:00:00,4,2015-09-10 04:00:00,2655,135.17,2,2015-09-10 08:00:00
EURJPY,H4,Research_2015_2024,2015-09-09 12:00:00,2015-08-28 08:00:00,2015-08-31 04:00:00,2015-09-01 04:00:00,136.59,136.34,136.21,135.02,38,ENTRY_C_A_AFTER_B,2015-09-11 00:00:00,2660,2613,136.21,2015-09-01 04:00:00,4,2015-09-10 04:00:00,2655,135.17,5,
EURJPY,H4,Research_2015_2024,2015-11-30 08:00:00,2015-11-23 12:00:00,2015-11-25 08:00:00,2015-11-27 16:00:00,131.01,130.71,130.23,130.12,5,ENTRY_A_B_BREAK,2015-12-01 08:00:00,3009,2998,130.27,2015-11-30 12:00:00,6,2015-12-01 08:00:00,3009,130.27,0,
EURJPY,H4,Research_2015_2024,2015-11-30 08:00:00,2015-11-23 12:00:00,2015-11-25 08:00:00,2015-11-27 16:00:00,131.01,130.71,130.23,130.12,5,ENTRY_B_B_SUPPORT_REACCEL,2015-12-03 12:00:00,3022,2998,130.96,2015-12-01 16:00:00,6,2015-12-01 08:00:00,3009,130.27,13,2015-12-01 16:00:00
EURJPY,H4,Research_2015_2024,2015-11-30 08:00:00,2015-11-23 12:00:00,2015-11-25 08:00:00,2015-11-27 16:00:00,131.01,130.71,130.23,130.12,5,ENTRY_C_A_AFTER_B,2015-12-01 08:00:00,3009,2998,130.23,2015-11-27 16:00:00,6,2015-12-01 08:00:00,3009,130.27,0,
EURJPY,H4,Research_2015_2024,2015-12-16 04:00:00,2015-12-04 12:00:00,2015-12-09 08:00:00,2015-12-11 08:00:00,134.57,134.2,133.76,133.36,18,ENTRY_A_B_BREAK,2015-12-16 16:00:00,3079,3058,133.5,2015-12-15 08:00:00,3,2015-12-16 16:00:00,3079,133.5,0,
EURJPY,H4,Research_2015_2024,2016-01-13 00:00:00,2016-01-08 00:00:00,2016-01-11 12:00:00,2016-01-12 08:00:00,129.05,128.43,127.98,127.95,4,ENTRY_A_B_BREAK,2016-01-14 08:00:00,3191,3179,128.48,2016-01-13 12:00:00,8,2016-01-14 08:00:00,3191,128.48,0,
EURJPY,H4,Research_2015_2024,2016-01-13 00:00:00,2016-01-08 00:00:00,2016-01-11 12:00:00,2016-01-12 08:00:00,129.05,128.43,127.98,127.95,4,ENTRY_C_A_AFTER_B,2016-01-14 08:00:00,3191,3179,127.98,2016-01-12 08:00:00,8,2016-01-14 08:00:00,3191,128.48,0,
EURJPY,H4,Research_2015_2024,2016-03-01 16:00:00,2016-02-04 12:00:00,2016-02-08 04:00:00,2016-02-09 16:00:00,131.63,130.88,130.24,123.94,93,ENTRY_A_B_BREAK,2016-03-03 16:00:00,3410,3305,124.33,2016-03-02 08:00:00,12,2016-03-03 16:00:00,3410,124.33,0,
EURJPY,H4,Research_2015_2024,2016-03-01 16:00:00,2016-02-04 12:00:00,2016-02-08 04:00:00,2016-02-09 16:00:00,131.63,130.88,130.24,123.94,93,ENTRY_B_B_SUPPORT_REACCEL,2016-03-04 04:00:00,3413,3305,124.58,2016-03-03 20:00:00,12,2016-03-03 16:00:00,3410,124.33,3,2016-03-03 20:00:00
EURJPY,H4,Research_2015_2024,2016-04-11 20:00:00,2016-04-01 08:00:00,2016-04-06 00:00:00,2016-04-08 08:00:00,128.14,125.83,124.21,123.23,10,ENTRY_A_B_BREAK,2016-04-13 00:00:00,3586,3569,123.71,2016-04-11 12:00:00,7,2016-04-13 00:00:00,3586,123.71,0,
EURJPY,H4,Research_2015_2024,2016-04-11 20:00:00,2016-04-01 08:00:00,2016-04-06 00:00:00,2016-04-08 08:00:00,128.14,125.83,124.21,123.23,10,ENTRY_C_A_AFTER_B,2016-04-21 08:00:00,3625,3569,124.21,2016-04-08 08:00:00,7,2016-04-13 00:00:00,3586,123.71,39,
EURJPY,H4,Research_2015_2024,2016-04-18 20:00:00,2016-04-12 08:00:00,2016-04-13 00:00:00,2016-04-15 00:00:00,123.98,123.85,123.55,123.4,12,ENTRY_A_B_BREAK,2016-04-22 04:00:00,3630,3598,124.42,2016-04-19 12:00:00,20,2016-04-22 04:00:00,3630,124.42,0,
EURJPY,H4,Research_2015_2024,2016-04-18 20:00:00,2016-04-12 08:00:00,2016-04-13 00:00:00,2016-04-15 00:00:00,123.98,123.85,123.55,123.4,12,ENTRY_B_B_SUPPORT_REACCEL,2016-04-22 12:00:00,3632,3598,124.83,2016-04-22 08:00:00,20,2016-04-22 04:00:00,3630,124.42,2,2016-04-22 08:00:00
EURJPY,H4,Research_2015_2024,2016-04-18 20:00:00,2016-04-12 08:00:00,2016-04-13 00:00:00,2016-04-15 00:00:00,123.98,123.85,123.55,123.4,12,ENTRY_C_A_AFTER_B,2016-04-22 04:00:00,3630,3598,123.55,2016-04-15 00:00:00,20,2016-04-22 04:00:00,3630,124.42,0,
EURJPY,H4,Research_2015_2024,2016-05-20 04:00:00,2016-05-12 08:00:00,2016-05-17 08:00:00,2016-05-18 12:00:00,124.62,124.16,123.89,123.63,10,ENTRY_A_B_BREAK,2016-05-31 00:00:00,3797,3744,123.88,2016-05-30 04:00:00,43,2016-05-31 00:00:00,3797,123.88,0,
EURJPY,H4,Research_2015_2024,2016-05-20 04:00:00,2016-05-12 08:00:00,2016-05-17 08:00:00,2016-05-18 12:00:00,124.62,124.16,123.89,123.63,10,ENTRY_C_A_AFTER_B,2016-05-31 00:00:00,3797,3744,123.89,2016-05-18 12:00:00,43,2016-05-31 00:00:00,3797,123.88,0,
EURJPY,H4,Research_2015_2024,2016-08-25 08:00:00,2016-08-21 20:00:00,2016-08-23 04:00:00,2016-08-24 00:00:00,113.91,113.7,113.53,113.38,8,ENTRY_A_B_BREAK,2016-08-26 12:00:00,4189,4174,113.55,2016-08-25 12:00:00,7,2016-08-26 12:00:00,4189,113.55,0,
EURJPY,H4,Research_2015_2024,2016-08-25 08:00:00,2016-08-21 20:00:00,2016-08-23 04:00:00,2016-08-24 00:00:00,113.91,113.7,113.53,113.38,8,ENTRY_C_A_AFTER_B,2016-08-26 12:00:00,4189,4174,113.53,2016-08-24 00:00:00,7,2016-08-26 12:00:00,4189,113.55,0,
EURJPY,H4,Research_2015_2024,2016-09-21 00:00:00,2016-09-14 04:00:00,2016-09-15 12:00:00,2016-09-20 00:00:00,116.06,115.4,113.99,113.56,6,ENTRY_A_B_BREAK,2016-09-29 00:00:00,4335,4292,113.44,2016-09-22 12:00:00,37,2016-09-29 00:00:00,4335,113.44,0,
EURJPY,H4,Research_2015_2024,2016-09-21 00:00:00,2016-09-14 04:00:00,2016-09-15 12:00:00,2016-09-20 00:00:00,116.06,115.4,113.99,113.56,6,ENTRY_B_B_SUPPORT_REACCEL,2016-09-30 00:00:00,4341,4292,113.56,2016-09-29 20:00:00,37,2016-09-29 00:00:00,4335,113.44,6,2016-09-29 20:00:00
EURJPY,H4,Research_2015_2024,2016-09-21 00:00:00,2016-09-14 04:00:00,2016-09-15 12:00:00,2016-09-20 00:00:00,116.06,115.4,113.99,113.56,6,ENTRY_C_A_AFTER_B,2016-09-29 12:00:00,4338,4292,113.99,2016-09-20 00:00:00,37,2016-09-29 00:00:00,4335,113.44,3,
EURJPY,H4,Research_2015_2024,2016-12-08 08:00:00,2016-12-05 16:00:00,2016-12-06 08:00:00,2016-12-07 08:00:00,123.16,122.91,122.57,122.33,6,ENTRY_A_B_BREAK,2016-12-14 20:00:00,4675,4641,122.9,2016-12-12 12:00:00,28,2016-12-14 20:00:00,4675,122.9,0,
EURJPY,H4,Research_2015_2024,2016-12-08 08:00:00,2016-12-05 16:00:00,2016-12-06 08:00:00,2016-12-07 08:00:00,123.16,122.91,122.57,122.33,6,ENTRY_C_A_AFTER_B,2016-12-14 20:00:00,4675,4641,122.57,2016-12-07 08:00:00,28,2016-12-14 20:00:00,4675,122.9,0,
EURJPY,H4,Research_2015_2024,2016-12-14 16:00:00,2016-12-08 12:00:00,2016-12-12 12:00:00,2016-12-13 08:00:00,123.16,122.9,122.72,122.87,8,ENTRY_A_B_BREAK,2016-12-22 04:00:00,4708,4666,122.77,2016-12-20 08:00:00,34,2016-12-22 04:00:00,4708,122.77,0,
EURJPY,H4,Research_2015_2024,2016-12-14 16:00:00,2016-12-08 12:00:00,2016-12-12 12:00:00,2016-12-13 08:00:00,123.16,122.9,122.72,122.87,8,ENTRY_C_A_AFTER_B,2016-12-22 04:00:00,4708,4666,122.72,2016-12-13 08:00:00,34,2016-12-22 04:00:00,4708,122.77,0,
EURJPY,H4,Research_2015_2024,2017-02-24 04:00:00,2017-02-21 00:00:00,2017-02-22 00:00:00,2017-02-22 16:00:00,120.29,119.86,119.77,119.41,9,ENTRY_A_B_BREAK,2017-03-01 00:00:00,5006,4979,119.44,2017-02-27 16:00:00,18,2017-03-01 00:00:00,5006,119.44,0,
EURJPY,H4,Research_2015_2024,2017-02-24 04:00:00,2017-02-21 00:00:00,2017-02-22 00:00:00,2017-02-22 16:00:00,120.29,119.86,119.77,119.41,9,ENTRY_B_B_SUPPORT_REACCEL,2017-03-01 12:00:00,5009,4979,119.85,2017-03-01 04:00:00,18,2017-03-01 00:00:00,5006,119.44,3,2017-03-01 04:00:00
EURJPY,H4,Research_2015_2024,2017-02-24 04:00:00,2017-02-21 00:00:00,2017-02-22 00:00:00,2017-02-22 16:00:00,120.29,119.86,119.77,119.41,9,ENTRY_C_A_AFTER_B,2017-03-01 04:00:00,5007,4979,119.77,2017-02-22 16:00:00,18,2017-03-01 00:00:00,5006,119.44,1,
EURJPY,H4,Research_2015_2024,2017-06-15 16:00:00,2017-06-09 12:00:00,2017-06-13 08:00:00,2017-06-14 08:00:00,123.84,123.69,123.62,123.58,8,ENTRY_A_B_BREAK,2017-06-20 00:00:00,5496,5473,124.44,2017-06-16 08:00:00,15,2017-06-20 00:00:00,5496,124.44,0,
EURJPY,H4,Research_2015_2024,2017-06-15 16:00:00,2017-06-09 12:00:00,2017-06-13 08:00:00,2017-06-14 08:00:00,123.84,123.69,123.62,123.58,8,ENTRY_C_A_AFTER_B,2017-06-20 00:00:00,5496,5473,123.62,2017-06-14 08:00:00,15,2017-06-20 00:00:00,5496,124.44,0,
EURJPY,H4,Research_2015_2024,2017-08-15 20:00:00,2017-08-02 08:00:00,2017-08-04 12:00:00,2017-08-07 04:00:00,131.34,131.07,130.84,129.83,41,ENTRY_A_B_BREAK,2017-08-15 20:00:00,5749,5708,129.62,2017-08-14 04:00:00,0,2017-08-15 20:00:00,5749,129.62,0,
EURJPY,H4,Research_2015_2024,2017-09-11 12:00:00,2017-08-30 04:00:00,2017-08-31 08:00:00,2017-09-01 08:00:00,131.68,131.55,131.32,130.43,39,ENTRY_A_B_BREAK,2017-09-11 12:00:00,5865,5826,130.38,2017-09-06 16:00:00,0,2017-09-11 12:00:00,5865,130.38,0,
EURJPY,H4,Research_2015_2024,2017-09-11 12:00:00,2017-08-30 04:00:00,2017-08-31 08:00:00,2017-09-01 08:00:00,131.68,131.55,131.32,130.43,39,ENTRY_B_B_SUPPORT_REACCEL,2017-09-12 04:00:00,5869,5826,130.89,2017-09-11 16:00:00,0,2017-09-11 12:00:00,5865,130.38,4,2017-09-11 16:00:00
EURJPY,H4,Research_2015_2024,2017-09-11 12:00:00,2017-08-30 04:00:00,2017-08-31 08:00:00,2017-09-01 08:00:00,131.68,131.55,131.32,130.43,39,ENTRY_C_A_AFTER_B,2017-09-12 12:00:00,5871,5826,131.32,2017-09-01 08:00:00,0,2017-09-11 12:00:00,5865,130.38,6,
EURJPY,H4,Research_2015_2024,2017-12-07 16:00:00,2017-12-01 08:00:00,2017-12-04 08:00:00,2017-12-05 08:00:00,134.33,134.02,133.72,133.18,14,ENTRY_A_B_BREAK,2017-12-18 08:00:00,6298,6242,132.71,2017-12-15 16:00:00,42,2017-12-18 08:00:00,6298,132.71,0,
EURJPY,H4,Research_2015_2024,2017-12-07 16:00:00,2017-12-01 08:00:00,2017-12-04 08:00:00,2017-12-05 08:00:00,134.33,134.02,133.72,133.18,14,ENTRY_B_B_SUPPORT_REACCEL,2017-12-19 12:00:00,6305,6242,133.02,2017-12-18 12:00:00,42,2017-12-18 08:00:00,6298,132.71,7,2017-12-18 12:00:00
EURJPY,H4,Research_2015_2024,2017-12-07 16:00:00,2017-12-01 08:00:00,2017-12-04 08:00:00,2017-12-05 08:00:00,134.33,134.02,133.72,133.18,14,ENTRY_C_A_AFTER_B,2017-12-19 16:00:00,6306,6242,133.72,2017-12-05 08:00:00,42,2017-12-18 08:00:00,6298,132.71,8,
EURJPY,H4,Research_2015_2024,2018-05-21 08:00:00,2018-04-24 12:00:00,2018-04-25 04:00:00,2018-04-26 04:00:00,133.47,133.32,133.23,130.83,101,ENTRY_A_B_BREAK,2018-05-21 08:00:00,6960,6859,130.46,2018-05-09 12:00:00,0,2018-05-21 08:00:00,6960,130.46,0,
EURJPY,H4,Research_2015_2024,2018-05-21 08:00:00,2018-04-24 12:00:00,2018-04-25 04:00:00,2018-04-26 04:00:00,133.47,133.32,133.23,130.83,101,ENTRY_B_B_SUPPORT_REACCEL,2018-05-22 04:00:00,6965,6859,130.99,2018-05-21 12:00:00,0,2018-05-21 08:00:00,6960,130.46,5,2018-05-21 12:00:00
EURJPY,H4,Research_2015_2024,2018-05-22 04:00:00,2018-05-14 12:00:00,2018-05-18 08:00:00,2018-05-21 12:00:00,131.35,131.1,130.99,131.25,4,ENTRY_A_B_BREAK,2018-05-31 04:00:00,7007,6961,127.29,2018-05-30 12:00:00,42,2018-05-31 04:00:00,7007,127.29,0,
EURJPY,H4,Research_2015_2024,2018-10-29 04:00:00,2018-10-22 04:00:00,2018-10-24 04:00:00,2018-10-25 12:00:00,130.18,129.19,128.38,127.52,10,ENTRY_A_B_BREAK,2018-10-29 08:00:00,7655,7644,127.72,2018-10-26 16:00:00,1,2018-10-29 08:00:00,7655,127.72,0,
EURJPY,H4,Research_2015_2024,2018-10-29 04:00:00,2018-10-22 04:00:00,2018-10-24 04:00:00,2018-10-25 12:00:00,130.18,129.19,128.38,127.52,10,ENTRY_C_A_AFTER_B,2018-11-01 08:00:00,7673,7644,128.38,2018-10-25 12:00:00,1,2018-10-29 08:00:00,7655,127.72,18,
EURJPY,H4,Research_2015_2024,2018-11-19 12:00:00,2018-11-14 12:00:00,2018-11-15 16:00:00,2018-11-16 16:00:00,129.16,129.03,128.86,128.82,6,ENTRY_A_B_BREAK,2018-11-28 16:00:00,7793,7743,128.9,2018-11-26 08:00:00,44,2018-11-28 16:00:00,7793,128.9,0,
EURJPY,H4,Research_2015_2024,2018-11-19 12:00:00,2018-11-14 12:00:00,2018-11-15 16:00:00,2018-11-16 16:00:00,129.16,129.03,128.86,128.82,6,ENTRY_C_A_AFTER_B,2018-11-28 16:00:00,7793,7743,128.86,2018-11-16 16:00:00,44,2018-11-28 16:00:00,7793,128.9,0,
EURJPY,H4,Research_2015_2024,2018-12-25 16:00:00,2018-12-20 12:00:00,2018-12-21 08:00:00,2018-12-24 08:00:00,128.29,127.66,126.74,125.85,8,ENTRY_A_B_BREAK,2018-12-26 16:00:00,7917,7903,126.21,2018-12-26 00:00:00,6,2018-12-26 16:00:00,7917,126.21,0,
EURJPY,H4,Research_2015_2024,2018-12-25 16:00:00,2018-12-20 12:00:00,2018-12-21 08:00:00,2018-12-24 08:00:00,128.29,127.66,126.74,125.85,8,ENTRY_B_B_SUPPORT_REACCEL,2018-12-27 16:00:00,7923,7903,126.58,2018-12-26 20:00:00,6,2018-12-26 16:00:00,7917,126.21,6,2018-12-26 20:00:00
EURJPY,H4,Research_2015_2024,2018-12-25 16:00:00,2018-12-20 12:00:00,2018-12-21 08:00:00,2018-12-24 08:00:00,128.29,127.66,126.74,125.85,8,ENTRY_C_A_AFTER_B,2018-12-27 16:00:00,7923,7903,126.74,2018-12-24 08:00:00,6,2018-12-26 16:00:00,7917,126.21,6,
EURJPY,H4,Research_2015_2024,2019-01-18 08:00:00,2019-01-09 16:00:00,2019-01-11 04:00:00,2019-01-15 04:00:00,125.05,124.97,124.83,124.86,19,ENTRY_A_B_BREAK,2019-01-18 08:00:00,8014,7995,124.4,2019-01-16 20:00:00,0,2019-01-18 08:00:00,8014,124.4,0,
EURJPY,H4,Research_2015_2024,2019-01-18 08:00:00,2019-01-09 16:00:00,2019-01-11 04:00:00,2019-01-15 04:00:00,125.05,124.97,124.83,124.86,19,ENTRY_C_A_AFTER_B,2019-01-18 08:00:00,8014,7995,124.83,2019-01-15 04:00:00,0,2019-01-18 08:00:00,8014,124.4,0,
EURJPY,H4,Research_2015_2024,2019-02-19 12:00:00,2019-02-13 04:00:00,2019-02-14 08:00:00,2019-02-18 12:00:00,125.5,125.39,125.25,125.33,6,ENTRY_A_B_BREAK,2019-02-25 16:00:00,8178,8146,125.91,2019-02-20 00:00:00,26,2019-02-25 16:00:00,8178,125.91,0,
EURJPY,H4,Research_2015_2024,2019-02-19 12:00:00,2019-02-13 04:00:00,2019-02-14 08:00:00,2019-02-18 12:00:00,125.5,125.39,125.25,125.33,6,ENTRY_C_A_AFTER_B,2019-02-25 16:00:00,8178,8146,125.25,2019-02-18 12:00:00,26,2019-02-25 16:00:00,8178,125.91,0,
EURJPY,H4,Research_2015_2024,2019-05-10 16:00:00,2019-05-01 04:00:00,2019-05-03 16:00:00,2019-05-06 16:00:00,125.16,124.57,124.28,123.46,24,ENTRY_A_B_BREAK,2019-05-19 20:00:00,8545,8488,122.94,2019-05-16 08:00:00,33,2019-05-19 20:00:00,8545,122.94,0,
EURJPY,H4,Research_2015_2024,2019-06-20 08:00:00,2019-06-11 12:00:00,2019-06-17 12:00:00,2019-06-19 16:00:00,123.13,122.11,121.64,121.78,4,ENTRY_A_B_BREAK,2019-06-26 12:00:00,8716,8686,122.44,2019-06-24 20:00:00,26,2019-06-26 12:00:00,8716,122.44,0,
EURJPY,H4,Research_2015_2024,2019-06-20 08:00:00,2019-06-11 12:00:00,2019-06-17 12:00:00,2019-06-19 16:00:00,123.13,122.11,121.64,121.78,4,ENTRY_B_B_SUPPORT_REACCEL,2019-06-27 00:00:00,8719,8686,122.61,2019-06-26 16:00:00,26,2019-06-26 12:00:00,8716,122.44,3,2019-06-26 16:00:00
EURJPY,H4,Research_2015_2024,2019-06-20 08:00:00,2019-06-11 12:00:00,2019-06-17 12:00:00,2019-06-19 16:00:00,123.13,122.11,121.64,121.78,4,ENTRY_C_A_AFTER_B,2019-06-26 12:00:00,8716,8686,121.64,2019-06-19 16:00:00,26,2019-06-26 12:00:00,8716,122.44,0,
EURJPY,H4,Research_2015_2024,2019-07-04 04:00:00,2019-06-30 20:00:00,2019-07-02 08:00:00,2019-07-03 12:00:00,123.29,122.51,121.78,121.63,4,ENTRY_A_B_BREAK,2019-07-10 04:00:00,8776,8747,122.11,2019-07-09 00:00:00,25,2019-07-10 04:00:00,8776,122.11,0,
EURJPY,H4,Research_2015_2024,2019-07-04 04:00:00,2019-06-30 20:00:00,2019-07-02 08:00:00,2019-07-03 12:00:00,123.29,122.51,121.78,121.63,4,ENTRY_C_A_AFTER_B,2019-07-10 04:00:00,8776,8747,121.78,2019-07-03 12:00:00,25,2019-07-10 04:00:00,8776,122.11,0,
EURJPY,H4,Research_2015_2024,2019-08-13 12:00:00,2019-07-31 00:00:00,2019-08-06 04:00:00,2019-08-08 12:00:00,121.17,119.85,119.14,119.2,19,ENTRY_A_B_BREAK,2019-08-13 12:00:00,8927,8908,118.22,2019-08-12 20:00:00,0,2019-08-13 12:00:00,8927,118.22,0,
EURJPY,H4,Research_2015_2024,2019-08-13 12:00:00,2019-07-31 00:00:00,2019-08-06 04:00:00,2019-08-08 12:00:00,121.17,119.85,119.14,119.2,19,ENTRY_C_A_AFTER_B,2019-08-13 12:00:00,8927,8908,119.14,2019-08-08 12:00:00,0,2019-08-13 12:00:00,8927,118.22,0,
EURJPY,H4,Research_2015_2024,2019-09-27 08:00:00,2019-09-18 00:00:00,2019-09-23 04:00:00,2019-09-24 08:00:00,119.8,118.77,118.54,118.2,18,ENTRY_A_B_BREAK,2019-09-27 08:00:00,9129,9111,118.18,2019-09-25 12:00:00,0,2019-09-27 08:00:00,9129,118.18,0,
EURJPY,H4,Research_2015_2024,2019-09-27 08:00:00,2019-09-23 04:00:00,2019-09-24 08:00:00,2019-09-25 12:00:00,118.77,118.54,118.18,118.2,11,ENTRY_A_B_BREAK,2019-10-07 12:00:00,9168,9118,117.47,2019-10-04 12:00:00,39,2019-10-07 12:00:00,9168,117.47,0,
EURJPY,H4,Research_2015_2024,2019-09-27 08:00:00,2019-09-23 04:00:00,2019-09-24 08:00:00,2019-09-25 12:00:00,118.77,118.54,118.18,118.2,11,ENTRY_C_A_AFTER_B,2019-10-10 04:00:00,9184,9118,118.18,2019-09-25 12:00:00,39,2019-10-07 12:00:00,9168,117.47,16,
EURJPY,H4,Research_2015_2024,2019-11-21 08:00:00,2019-11-18 08:00:00,2019-11-19 12:00:00,2019-11-20 12:00:00,120.66,120.48,120.38,120.4,5,ENTRY_A_B_BREAK,2019-11-26 12:00:00,9391,9366,120.09,2019-11-25 08:00:00,20,2019-11-26 12:00:00,9391,120.09,0,
EURJPY,H4,Research_2015_2024,2019-11-21 08:00:00,2019-11-18 08:00:00,2019-11-19 12:00:00,2019-11-20 12:00:00,120.66,120.48,120.38,120.4,5,ENTRY_B_B_SUPPORT_REACCEL,2019-11-26 20:00:00,9393,9366,120.22,2019-11-26 16:00:00,20,2019-11-26 12:00:00,9391,120.09,2,2019-11-26 16:00:00
EURJPY,H4,Research_2015_2024,2019-11-21 08:00:00,2019-11-18 08:00:00,2019-11-19 12:00:00,2019-11-20 12:00:00,120.66,120.48,120.38,120.4,5,ENTRY_C_A_AFTER_B,2019-11-27 16:00:00,9398,9366,120.38,2019-11-20 12:00:00,20,2019-11-26 12:00:00,9391,120.09,7,
EURJPY,H4,Research_2015_2024,2019-12-05 08:00:00,2019-12-02 12:00:00,2019-12-03 04:00:00,2019-12-04 12:00:00,121.0,120.94,120.79,120.75,5,ENTRY_A_B_BREAK,2019-12-10 08:00:00,9452,9428,120.25,2019-12-09 16:00:00,19,2019-12-10 08:00:00,9452,120.25,0,
EURJPY,H4,Research_2015_2024,2019-12-05 08:00:00,2019-12-02 12:00:00,2019-12-03 04:00:00,2019-12-04 12:00:00,121.0,120.94,120.79,120.75,5,ENTRY_B_B_SUPPORT_REACCEL,2019-12-10 16:00:00,9454,9428,120.5,2019-12-10 12:00:00,19,2019-12-10 08:00:00,9452,120.25,2,2019-12-10 12:00:00
EURJPY,H4,Research_2015_2024,2019-12-05 08:00:00,2019-12-02 12:00:00,2019-12-03 04:00:00,2019-12-04 12:00:00,121.0,120.94,120.79,120.75,5,ENTRY_C_A_AFTER_B,2019-12-11 16:00:00,9460,9428,120.79,2019-12-04 12:00:00,19,2019-12-10 08:00:00,9452,120.25,8,
EURJPY,H4,Research_2015_2024,2020-01-28 20:00:00,2020-01-21 12:00:00,2020-01-22 08:00:00,2020-01-24 08:00:00,122.35,121.99,121.24,120.27,16,ENTRY_A_B_BREAK,2020-02-04 08:00:00,9685,9641,120.39,2020-01-31 00:00:00,28,2020-02-04 08:00:00,9685,120.39,0,
EURJPY,H4,Research_2015_2024,2020-01-28 20:00:00,2020-01-21 12:00:00,2020-01-22 08:00:00,2020-01-24 08:00:00,122.35,121.99,121.24,120.27,16,ENTRY_B_B_SUPPORT_REACCEL,2020-02-04 16:00:00,9687,9641,120.71,2020-02-04 12:00:00,28,2020-02-04 08:00:00,9685,120.39,2,2020-02-04 12:00:00
EURJPY,H4,Research_2015_2024,2020-03-10 08:00:00,2020-03-03 00:00:00,2020-03-04 08:00:00,2020-03-05 00:00:00,120.92,120.11,119.98,118.89,21,ENTRY_A_B_BREAK,2020-03-13 16:00:00,9860,9819,119.47,2020-03-10 16:00:00,20,2020-03-13 16:00:00,9860,119.47,0,
EURJPY,H4,Research_2015_2024,2020-03-10 08:00:00,2020-03-03 00:00:00,2020-03-04 08:00:00,2020-03-05 00:00:00,120.92,120.11,119.98,118.89,21,ENTRY_C_A_AFTER_B,2020-03-13 16:00:00,9860,9819,119.98,2020-03-05 00:00:00,20,2020-03-13 16:00:00,9860,119.47,0,
EURJPY,H4,Research_2015_2024,2020-04-06 00:00:00,2020-03-26 20:00:00,2020-03-27 20:00:00,2020-03-31 00:00:00,120.99,120.33,119.68,117.71,25,ENTRY_A_B_BREAK,2020-04-07 04:00:00,9963,9931,118.28,2020-04-06 04:00:00,7,2020-04-07 04:00:00,9963,118.28,0,
EURJPY,H4,Research_2015_2024,2020-06-22 00:00:00,2020-06-16 00:00:00,2020-06-17 04:00:00,2020-06-18 08:00:00,122.1,121.21,120.51,119.6,11,ENTRY_A_B_BREAK,2020-06-30 12:00:00,10337,10286,121.08,2020-06-23 08:00:00,40,2020-06-30 12:00:00,10337,121.08,0,
EURJPY,H4,Research_2015_2024,2020-06-22 00:00:00,2020-06-16 00:00:00,2020-06-17 04:00:00,2020-06-18 08:00:00,122.1,121.21,120.51,119.6,11,ENTRY_C_A_AFTER_B,2020-06-30 12:00:00,10337,10286,120.51,2020-06-18 08:00:00,40,2020-06-30 12:00:00,10337,121.08,0,
EURJPY,H4,Research_2015_2024,2020-08-25 04:00:00,2020-08-13 08:00:00,2020-08-17 04:00:00,2020-08-18 12:00:00,126.73,126.42,126.05,125.59,29,ENTRY_A_B_BREAK,2020-08-25 04:00:00,10583,10554,125.31,2020-08-24 12:00:00,0,2020-08-25 04:00:00,10583,125.31,0,
EURJPY,H4,Research_2015_2024,2020-08-25 04:00:00,2020-08-13 08:00:00,2020-08-17 04:00:00,2020-08-18 12:00:00,126.73,126.42,126.05,125.59,29,ENTRY_B_B_SUPPORT_REACCEL,2020-08-27 12:00:00,10597,10554,125.55,2020-08-26 12:00:00,0,2020-08-25 04:00:00,10583,125.31,14,2020-08-26 12:00:00
EURJPY,H4,Research_2015_2024,2020-08-25 04:00:00,2020-08-13 08:00:00,2020-08-17 04:00:00,2020-08-18 12:00:00,126.73,126.42,126.05,125.59,29,ENTRY_C_A_AFTER_B,2020-08-28 00:00:00,10600,10554,126.05,2020-08-18 12:00:00,0,2020-08-25 04:00:00,10583,125.31,17,
EURJPY,H4,Research_2015_2024,2020-09-29 16:00:00,2020-09-11 08:00:00,2020-09-14 08:00:00,2020-09-15 08:00:00,126.1,125.89,125.74,124.02,64,ENTRY_A_B_BREAK,2020-09-29 16:00:00,10741,10677,123.18,2020-09-28 12:00:00,0,2020-09-29 16:00:00,10741,123.18,0,
EURJPY,H4,Research_2015_2024,2020-09-29 16:00:00,2020-09-11 08:00:00,2020-09-14 08:00:00,2020-09-15 08:00:00,126.1,125.89,125.74,124.02,64,ENTRY_B_B_SUPPORT_REACCEL,2020-10-02 12:00:00,10758,10677,123.39,2020-10-02 08:00:00,0,2020-09-29 16:00:00,10741,123.18,17,2020-10-02 08:00:00
EURJPY,H4,Research_2015_2024,2020-11-03 00:00:00,2020-10-29 00:00:00,2020-10-30 12:00:00,2020-11-02 08:00:00,122.85,122.44,122.13,122.0,4,ENTRY_A_B_BREAK,2020-11-09 08:00:00,10915,10884,123.06,2020-11-03 20:00:00,27,2020-11-09 08:00:00,10915,123.06,0,
EURJPY,H4,Research_2015_2024,2020-11-03 00:00:00,2020-10-29 00:00:00,2020-10-30 12:00:00,2020-11-02 08:00:00,122.85,122.44,122.13,122.0,4,ENTRY_C_A_AFTER_B,2020-11-09 08:00:00,10915,10884,122.13,2020-11-02 08:00:00,27,2020-11-09 08:00:00,10915,123.06,0,
EURJPY,H4,Research_2015_2024,2020-11-16 08:00:00,2020-11-11 04:00:00,2020-11-12 08:00:00,2020-11-13 08:00:00,124.65,124.48,124.28,124.12,7,ENTRY_A_B_BREAK,2020-11-23 12:00:00,10978,10939,123.46,2020-11-20 04:00:00,32,2020-11-23 12:00:00,10978,123.46,0,
EURJPY,H4,Research_2015_2024,2020-11-16 08:00:00,2020-11-11 04:00:00,2020-11-12 08:00:00,2020-11-13 08:00:00,124.65,124.48,124.28,124.12,7,ENTRY_B_B_SUPPORT_REACCEL,2020-11-23 20:00:00,10980,10939,123.77,2020-11-23 16:00:00,32,2020-11-23 12:00:00,10978,123.46,2,2020-11-23 16:00:00
EURJPY,H4,Research_2015_2024,2020-11-16 08:00:00,2020-11-11 04:00:00,2020-11-12 08:00:00,2020-11-13 08:00:00,124.65,124.48,124.28,124.12,7,ENTRY_C_A_AFTER_B,2020-11-24 20:00:00,10986,10939,124.28,2020-11-13 08:00:00,32,2020-11-23 12:00:00,10978,123.46,8,
EURJPY,H4,Research_2015_2024,2020-12-27 20:00:00,2020-12-22 08:00:00,2020-12-24 04:00:00,2020-12-25 04:00:00,126.64,126.48,126.38,126.34,5,ENTRY_A_B_BREAK,2021-01-07 12:00:00,11177,11124,127.22,2021-01-06 12:00:00,48,2021-01-07 12:00:00,11177,127.22,0,
EURJPY,H4,Research_2015_2024,2020-12-27 20:00:00,2020-12-22 08:00:00,2020-12-24 04:00:00,2020-12-25 04:00:00,126.64,126.48,126.38,126.34,5,ENTRY_C_A_AFTER_B,2021-01-07 12:00:00,11177,11124,126.38,2020-12-25 04:00:00,48,2021-01-07 12:00:00,11177,127.22,0,
EURJPY,H4,Research_2015_2024,2021-01-19 04:00:00,2021-01-07 16:00:00,2021-01-12 08:00:00,2021-01-14 08:00:00,127.47,126.84,126.5,125.94,18,ENTRY_A_B_BREAK,2021-01-22 04:00:00,11243,11207,126.18,2021-01-19 08:00:00,18,2021-01-22 04:00:00,11243,126.18,0,
EURJPY,H4,Research_2015_2024,2021-01-19 04:00:00,2021-01-07 16:00:00,2021-01-12 08:00:00,2021-01-14 08:00:00,127.47,126.84,126.5,125.94,18,ENTRY_C_A_AFTER_B,2021-01-29 04:00:00,11274,11207,126.5,2021-01-14 08:00:00,18,2021-01-22 04:00:00,11243,126.18,31,
EURJPY,H4,Research_2015_2024,2021-03-09 00:00:00,2021-03-04 12:00:00,2021-03-05 08:00:00,2021-03-07 20:00:00,129.62,129.55,129.36,129.44,7,ENTRY_A_B_BREAK,2021-03-11 04:00:00,11454,11434,129.52,2021-03-09 08:00:00,13,2021-03-11 04:00:00,11454,129.52,0,
EURJPY,H4,Research_2015_2024,2021-03-09 00:00:00,2021-03-04 12:00:00,2021-03-05 08:00:00,2021-03-07 20:00:00,129.62,129.55,129.36,129.44,7,ENTRY_B_B_SUPPORT_REACCEL,2021-03-11 16:00:00,11457,11434,129.87,2021-03-11 12:00:00,13,2021-03-11 04:00:00,11454,129.52,3,2021-03-11 12:00:00
EURJPY,H4,Research_2015_2024,2021-03-09 00:00:00,2021-03-04 12:00:00,2021-03-05 08:00:00,2021-03-07 20:00:00,129.62,129.55,129.36,129.44,7,ENTRY_C_A_AFTER_B,2021-03-11 04:00:00,11454,11434,129.36,2021-03-07 20:00:00,13,2021-03-11 04:00:00,11454,129.52,0,
EURJPY,H4,Research_2015_2024,2021-05-07 04:00:00,2021-04-29 08:00:00,2021-05-03 04:00:00,2021-05-06 08:00:00,132.33,132.13,131.82,131.79,5,ENTRY_A_B_BREAK,2021-05-14 12:00:00,11735,11698,132.7,2021-05-13 04:00:00,32,2021-05-14 12:00:00,11735,132.7,0,
EURJPY,H4,Research_2015_2024,2021-05-07 04:00:00,2021-04-29 08:00:00,2021-05-03 04:00:00,2021-05-06 08:00:00,132.33,132.13,131.82,131.79,5,ENTRY_C_A_AFTER_B,2021-05-14 12:00:00,11735,11698,131.82,2021-05-06 08:00:00,32,2021-05-14 12:00:00,11735,132.7,0,
EURJPY,H4,Research_2015_2024,2021-05-25 04:00:00,2021-05-19 04:00:00,2021-05-20 20:00:00,2021-05-24 08:00:00,133.41,133.18,133.02,133.32,5,ENTRY_A_B_BREAK,2021-06-01 08:00:00,11806,11770,134.04,2021-05-27 16:00:00,31,2021-06-01 08:00:00,11806,134.04,0,
EURJPY,H4,Research_2015_2024,2021-05-25 04:00:00,2021-05-19 04:00:00,2021-05-20 20:00:00,2021-05-24 08:00:00,133.41,133.18,133.02,133.32,5,ENTRY_C_A_AFTER_B,2021-06-01 08:00:00,11806,11770,133.02,2021-05-24 08:00:00,31,2021-06-01 08:00:00,11806,134.04,0,
EURJPY,H4,Research_2015_2024,2022-03-14 04:00:00,2022-02-18 04:00:00,2022-02-21 04:00:00,2022-02-22 12:00:00,131.1,130.87,130.74,128.98,85,ENTRY_A_B_BREAK,2022-03-14 04:00:00,13042,12957,125.92,2022-03-07 12:00:00,0,2022-03-14 04:00:00,13042,125.92,0,
EURJPY,H4,Research_2015_2024,2022-03-14 04:00:00,2022-02-18 04:00:00,2022-02-21 04:00:00,2022-02-22 12:00:00,131.1,130.87,130.74,128.98,85,ENTRY_C_A_AFTER_B,2022-03-16 16:00:00,13057,12957,130.74,2022-02-22 12:00:00,0,2022-03-14 04:00:00,13042,125.92,15,
EURJPY,H4,Research_2015_2024,2022-04-08 12:00:00,2022-03-28 04:00:00,2022-03-29 08:00:00,2022-03-30 20:00:00,137.49,137.28,136.8,135.24,40,ENTRY_A_B_BREAK,2022-04-08 12:00:00,13160,13120,135.1,2022-04-05 04:00:00,0,2022-04-08 12:00:00,13160,135.1,0,
EURJPY,H4,Research_2015_2024,2022-04-08 12:00:00,2022-03-28 04:00:00,2022-03-29 08:00:00,2022-03-30 20:00:00,137.49,137.28,136.8,135.24,40,ENTRY_B_B_SUPPORT_REACCEL,2022-04-10 20:00:00,13162,13120,135.35,2022-04-08 16:00:00,0,2022-04-08 12:00:00,13160,135.1,2,2022-04-08 16:00:00
EURJPY,H4,Research_2015_2024,2022-04-08 12:00:00,2022-03-28 04:00:00,2022-03-29 08:00:00,2022-03-30 20:00:00,137.49,137.28,136.8,135.24,40,ENTRY_C_A_AFTER_B,2022-04-11 04:00:00,13164,13120,136.8,2022-03-30 20:00:00,0,2022-04-08 12:00:00,13160,135.1,4,
EURJPY,H4,Research_2015_2024,2022-04-27 20:00:00,2022-04-24 20:00:00,2022-04-26 00:00:00,2022-04-27 04:00:00,139.17,137.52,136.12,135.7,4,ENTRY_A_B_BREAK,2022-05-09 04:00:00,13284,13236,137.96,2022-04-28 04:00:00,44,2022-05-09 04:00:00,13284,137.96,0,
EURJPY,H4,Research_2015_2024,2022-04-27 20:00:00,2022-04-24 20:00:00,2022-04-26 00:00:00,2022-04-27 04:00:00,139.17,137.52,136.12,135.7,4,ENTRY_C_A_AFTER_B,2022-05-09 04:00:00,13284,13236,136.12,2022-04-27 04:00:00,44,2022-05-09 04:00:00,13284,137.96,0,
EURJPY,H4,Research_2015_2024,2022-05-17 08:00:00,2022-05-09 08:00:00,2022-05-10 00:00:00,2022-05-11 08:00:00,138.29,138.07,137.68,136.55,24,ENTRY_A_B_BREAK,2022-05-23 16:00:00,13347,13297,136.67,2022-05-17 08:00:00,26,2022-05-23 16:00:00,13347,136.67,0,
EURJPY,H4,Research_2015_2024,2022-05-17 08:00:00,2022-05-09 08:00:00,2022-05-10 00:00:00,2022-05-11 08:00:00,138.29,138.07,137.68,136.55,24,ENTRY_C_A_AFTER_B,2022-05-31 08:00:00,13381,13297,137.68,2022-05-11 08:00:00,26,2022-05-23 16:00:00,13347,136.67,34,
EURJPY,H4,Research_2015_2024,2022-07-27 16:00:00,2022-07-22 04:00:00,2022-07-25 08:00:00,2022-07-26 04:00:00,140.67,140.05,139.81,139.28,9,ENTRY_A_B_BREAK,2022-08-04 04:00:00,13662,13620,136.4,2022-08-03 12:00:00,33,2022-08-04 04:00:00,13662,136.4,0,
EURJPY,H4,Research_2015_2024,2022-08-17 04:00:00,2022-08-10 08:00:00,2022-08-12 08:00:00,2022-08-16 12:00:00,138.38,137.7,136.9,137.22,4,ENTRY_A_B_BREAK,2022-08-26 04:00:00,13758,13712,136.76,2022-08-24 12:00:00,42,2022-08-26 04:00:00,13758,136.76,0,
EURJPY,H4,Research_2015_2024,2022-08-17 04:00:00,2022-08-10 08:00:00,2022-08-12 08:00:00,2022-08-16 12:00:00,138.38,137.7,136.9,137.22,4,ENTRY_B_B_SUPPORT_REACCEL,2022-08-29 04:00:00,13764,13712,137.94,2022-08-26 08:00:00,42,2022-08-26 04:00:00,13758,136.76,6,2022-08-26 08:00:00
EURJPY,H4,Research_2015_2024,2022-08-17 04:00:00,2022-08-10 08:00:00,2022-08-12 08:00:00,2022-08-16 12:00:00,138.38,137.7,136.9,137.22,4,ENTRY_C_A_AFTER_B,2022-08-26 08:00:00,13759,13712,136.9,2022-08-16 12:00:00,42,2022-08-26 04:00:00,13758,136.76,1,
EURJPY,H4,Research_2015_2024,2022-10-11 08:00:00,2022-10-05 04:00:00,2022-10-06 00:00:00,2022-10-10 12:00:00,144.06,143.43,141.78,141.37,5,ENTRY_A_B_BREAK,2022-10-12 08:00:00,13957,13946,142.18,2022-10-11 12:00:00,6,2022-10-12 08:00:00,13957,142.18,0,
EURJPY,H4,Research_2015_2024,2022-10-11 08:00:00,2022-10-05 04:00:00,2022-10-06 00:00:00,2022-10-10 12:00:00,144.06,143.43,141.78,141.37,5,ENTRY_B_B_SUPPORT_REACCEL,2022-10-13 04:00:00,13962,13946,142.62,2022-10-12 12:00:00,6,2022-10-12 08:00:00,13957,142.18,5,2022-10-12 12:00:00
EURJPY,H4,Research_2015_2024,2022-10-11 08:00:00,2022-10-05 04:00:00,2022-10-06 00:00:00,2022-10-10 12:00:00,144.06,143.43,141.78,141.37,5,ENTRY_C_A_AFTER_B,2022-10-12 08:00:00,13957,13946,141.78,2022-10-10 12:00:00,6,2022-10-12 08:00:00,13957,142.18,0,
EURJPY,H4,Research_2015_2024,2022-11-07 00:00:00,2022-10-21 12:00:00,2022-10-26 04:00:00,2022-10-28 08:00:00,148.38,147.68,147.35,146.31,30,ENTRY_A_B_BREAK,2022-11-16 04:00:00,14102,14029,145.21,2022-11-14 12:00:00,43,2022-11-16 04:00:00,14102,145.21,0,
EURJPY,H4,Research_2015_2024,2022-11-30 08:00:00,2022-11-23 04:00:00,2022-11-25 08:00:00,2022-11-28 08:00:00,146.11,145.13,144.99,144.38,12,ENTRY_A_B_BREAK,2022-12-07 08:00:00,14193,14151,143.99,2022-12-06 04:00:00,30,2022-12-07 08:00:00,14193,143.99,0,
EURJPY,H4,Research_2015_2024,2022-11-30 08:00:00,2022-11-23 04:00:00,2022-11-25 08:00:00,2022-11-28 08:00:00,146.11,145.13,144.99,144.38,12,ENTRY_C_A_AFTER_B,2022-12-12 16:00:00,14214,14151,144.99,2022-11-28 08:00:00,30,2022-12-07 08:00:00,14193,143.99,21,
EURJPY,H4,Research_2015_2024,2023-03-29 12:00:00,2023-03-07 00:00:00,2023-03-08 04:00:00,2023-03-10 08:00:00,145.42,145.21,145.08,143.78,82,ENTRY_A_B_BREAK,2023-03-29 12:00:00,14690,14608,143.6,2023-03-22 08:00:00,0,2023-03-29 12:00:00,14690,143.6,0,
EURJPY,H4,Research_2015_2024,2023-03-29 12:00:00,2023-03-07 00:00:00,2023-03-08 04:00:00,2023-03-10 08:00:00,145.42,145.21,145.08,143.78,82,ENTRY_B_B_SUPPORT_REACCEL,2023-03-30 04:00:00,14694,14608,144.08,2023-03-29 16:00:00,0,2023-03-29 12:00:00,14690,143.6,4,2023-03-29 16:00:00
EURJPY,H4,Research_2015_2024,2023-03-29 12:00:00,2023-03-07 00:00:00,2023-03-08 04:00:00,2023-03-10 08:00:00,145.42,145.21,145.08,143.78,82,ENTRY_C_A_AFTER_B,2023-03-30 20:00:00,14698,14608,145.08,2023-03-10 08:00:00,0,2023-03-29 12:00:00,14690,143.6,8,
EURJPY,H4,Research_2015_2024,2023-08-07 12:00:00,2023-08-01 20:00:00,2023-08-03 00:00:00,2023-08-04 12:00:00,157.49,157.21,156.6,156.77,6,ENTRY_A_B_BREAK,2023-08-09 20:00:00,15262,15242,157.71,2023-08-08 04:00:00,14,2023-08-09 20:00:00,15262,157.71,0,
EURJPY,H4,Research_2015_2024,2023-08-07 12:00:00,2023-08-01 20:00:00,2023-08-03 00:00:00,2023-08-04 12:00:00,157.49,157.21,156.6,156.77,6,ENTRY_B_B_SUPPORT_REACCEL,2023-08-10 04:00:00,15264,15242,158.2,2023-08-10 00:00:00,14,2023-08-09 20:00:00,15262,157.71,2,2023-08-10 00:00:00
EURJPY,H4,Research_2015_2024,2023-08-07 12:00:00,2023-08-01 20:00:00,2023-08-03 00:00:00,2023-08-04 12:00:00,157.49,157.21,156.6,156.77,6,ENTRY_C_A_AFTER_B,2023-08-09 20:00:00,15262,15242,156.6,2023-08-04 12:00:00,14,2023-08-09 20:00:00,15262,157.71,0,
EURJPY,H4,Research_2015_2024,2023-09-29 04:00:00,2023-09-20 12:00:00,2023-09-22 04:00:00,2023-09-25 08:00:00,158.42,158.24,158.16,158.19,23,ENTRY_A_B_BREAK,2023-10-06 00:00:00,15509,15457,156.74,2023-10-04 08:00:00,29,2023-10-06 00:00:00,15509,156.74,0,
EURJPY,H4,Research_2015_2024,2023-09-29 04:00:00,2023-09-20 12:00:00,2023-09-22 04:00:00,2023-09-25 08:00:00,158.42,158.24,158.16,158.19,23,ENTRY_B_B_SUPPORT_REACCEL,2023-10-06 12:00:00,15512,15457,157.49,2023-10-06 04:00:00,29,2023-10-06 00:00:00,15509,156.74,3,2023-10-06 04:00:00
EURJPY,H4,Research_2015_2024,2023-09-29 04:00:00,2023-09-20 12:00:00,2023-09-22 04:00:00,2023-09-25 08:00:00,158.42,158.24,158.16,158.19,23,ENTRY_C_A_AFTER_B,2023-10-11 08:00:00,15529,15457,158.16,2023-09-25 08:00:00,29,2023-10-06 00:00:00,15509,156.74,20,
EURJPY,H4,Research_2015_2024,2023-12-26 12:00:00,2023-11-29 08:00:00,2023-11-30 12:00:00,2023-12-01 04:00:00,162.22,161.92,161.74,157.21,108,ENTRY_A_B_BREAK,2023-12-27 08:00:00,15867,15754,157.65,2023-12-11 08:00:00,5,2023-12-27 08:00:00,15867,157.65,0,
EURJPY,H4,Research_2015_2024,2024-04-15 08:00:00,2024-04-09 08:00:00,2024-04-10 08:00:00,2024-04-11 04:00:00,165.14,164.97,164.67,164.18,13,ENTRY_A_B_BREAK,2024-04-17 04:00:00,16354,16330,164.4,2024-04-15 08:00:00,11,2024-04-17 04:00:00,16354,164.4,0,
EURJPY,H4,Research_2015_2024,2024-04-15 08:00:00,2024-04-09 08:00:00,2024-04-10 08:00:00,2024-04-11 04:00:00,165.14,164.97,164.67,164.18,13,ENTRY_C_A_AFTER_B,2024-04-17 16:00:00,16357,16330,164.67,2024-04-11 04:00:00,11,2024-04-17 04:00:00,16354,164.4,3,
EURJPY,H4,Research_2015_2024,2024-06-12 16:00:00,2024-06-06 08:00:00,2024-06-07 08:00:00,2024-06-11 04:00:00,170.18,169.92,169.4,169.33,9,ENTRY_A_B_BREAK,2024-06-20 04:00:00,16630,16588,169.88,2024-06-18 12:00:00,33,2024-06-20 04:00:00,16630,169.88,0,
EURJPY,H4,Research_2015_2024,2024-06-12 16:00:00,2024-06-06 08:00:00,2024-06-07 08:00:00,2024-06-11 04:00:00,170.18,169.92,169.4,169.33,9,ENTRY_B_B_SUPPORT_REACCEL,2024-06-20 20:00:00,16634,16588,170.29,2024-06-20 08:00:00,33,2024-06-20 04:00:00,16630,169.88,4,2024-06-20 08:00:00
EURJPY,H4,Research_2015_2024,2024-06-12 16:00:00,2024-06-06 08:00:00,2024-06-07 08:00:00,2024-06-11 04:00:00,170.18,169.92,169.4,169.33,9,ENTRY_C_A_AFTER_B,2024-06-20 04:00:00,16630,16588,169.4,2024-06-11 04:00:00,33,2024-06-20 04:00:00,16630,169.88,0,
EURJPY,H4,Research_2015_2024,2024-10-18 08:00:00,2024-10-14 08:00:00,2024-10-16 12:00:00,2024-10-17 12:00:00,163.58,162.86,162.74,162.54,5,ENTRY_A_B_BREAK,2024-10-22 20:00:00,17162,17142,163.64,2024-10-22 04:00:00,15,2024-10-22 20:00:00,17162,163.64,0,
EURJPY,H4,Research_2015_2024,2024-10-18 08:00:00,2024-10-14 08:00:00,2024-10-16 12:00:00,2024-10-17 12:00:00,163.58,162.86,162.74,162.54,5,ENTRY_B_B_SUPPORT_REACCEL,2024-10-23 04:00:00,17164,17142,164.47,2024-10-23 00:00:00,15,2024-10-22 20:00:00,17162,163.64,2,2024-10-23 00:00:00
EURJPY,H4,Research_2015_2024,2024-10-18 08:00:00,2024-10-14 08:00:00,2024-10-16 12:00:00,2024-10-17 12:00:00,163.58,162.86,162.74,162.54,5,ENTRY_C_A_AFTER_B,2024-10-22 20:00:00,17162,17142,162.74,2024-10-17 12:00:00,15,2024-10-22 20:00:00,17162,163.64,0,
EURJPY,H4,OOS_2025_2026,2025-01-31 16:00:00,2025-01-24 12:00:00,2025-01-28 08:00:00,2025-01-29 00:00:00,164.079,162.699,162.484,160.975,16,ENTRY_A_B_BREAK,2025-02-11 12:00:00,17359,17300,157.415,2025-02-10 08:00:00,43,2025-02-11 12:00:00,17359,157.415,0,
EURJPY,H4,OOS_2025_2026,2025-01-31 16:00:00,2025-01-24 12:00:00,2025-01-28 08:00:00,2025-01-29 00:00:00,164.079,162.699,162.484,160.975,16,ENTRY_B_B_SUPPORT_REACCEL,2025-02-11 20:00:00,17361,17300,158.103,2025-02-11 16:00:00,43,2025-02-11 12:00:00,17359,157.415,2,2025-02-11 16:00:00
EURJPY,H4,OOS_2025_2026,2025-04-17 04:00:00,2025-04-13 20:00:00,2025-04-15 08:00:00,2025-04-16 12:00:00,163.271,162.799,162.279,162.525,4,ENTRY_A_B_BREAK,2025-04-24 20:00:00,17683,17644,162.44,2025-04-22 20:00:00,35,2025-04-24 20:00:00,17683,162.44,0,
EURJPY,H4,OOS_2025_2026,2025-04-17 04:00:00,2025-04-13 20:00:00,2025-04-15 08:00:00,2025-04-16 12:00:00,163.271,162.799,162.279,162.525,4,ENTRY_C_A_AFTER_B,2025-04-24 20:00:00,17683,17644,162.279,2025-04-16 12:00:00,35,2025-04-24 20:00:00,17683,162.44,0,
EURJPY,H4,OOS_2025_2026,2025-07-24 12:00:00,2025-07-18 04:00:00,2025-07-22 04:00:00,2025-07-23 00:00:00,173.109,172.93,172.738,172.852,9,ENTRY_A_B_BREAK,2025-07-27 20:00:00,18093,18075,173.609,2025-07-25 08:00:00,9,2025-07-27 20:00:00,18093,173.609,0,
EURJPY,H4,OOS_2025_2026,2025-07-24 12:00:00,2025-07-18 04:00:00,2025-07-22 04:00:00,2025-07-23 00:00:00,173.109,172.93,172.738,172.852,9,ENTRY_C_A_AFTER_B,2025-07-27 20:00:00,18093,18075,172.738,2025-07-23 00:00:00,9,2025-07-27 20:00:00,18093,173.609,0,
EURJPY,H4,OOS_2025_2026,2025-09-05 08:00:00,2025-09-02 04:00:00,2025-09-03 12:00:00,2025-09-04 12:00:00,173.414,173.298,173.21,173.198,5,ENTRY_A_B_BREAK,2025-09-12 04:00:00,18305,18270,172.908,2025-09-10 12:00:00,30,2025-09-12 04:00:00,18305,172.908,0,
EURJPY,H4,OOS_2025_2026,2025-09-05 08:00:00,2025-09-02 04:00:00,2025-09-03 12:00:00,2025-09-04 12:00:00,173.414,173.298,173.21,173.198,5,ENTRY_B_B_SUPPORT_REACCEL,2025-09-16 08:00:00,18319,18270,173.493,2025-09-12 12:00:00,30,2025-09-12 04:00:00,18305,172.908,14,2025-09-12 12:00:00
EURJPY,H4,OOS_2025_2026,2025-09-05 08:00:00,2025-09-02 04:00:00,2025-09-03 12:00:00,2025-09-04 12:00:00,173.414,173.298,173.21,173.198,5,ENTRY_C_A_AFTER_B,2025-09-12 08:00:00,18306,18270,173.21,2025-09-04 12:00:00,30,2025-09-12 04:00:00,18305,172.908,1,
EURJPY,H4,OOS_2025_2026,2025-10-15 04:00:00,2025-10-09 04:00:00,2025-10-13 04:00:00,2025-10-14 00:00:00,177.934,176.91,176.453,175.986,7,ENTRY_A_B_BREAK,2025-10-21 08:00:00,18474,18441,176.367,2025-10-20 00:00:00,26,2025-10-21 08:00:00,18474,176.367,0,
EURJPY,H4,OOS_2025_2026,2025-10-15 04:00:00,2025-10-09 04:00:00,2025-10-13 04:00:00,2025-10-14 00:00:00,177.934,176.91,176.453,175.986,7,ENTRY_C_A_AFTER_B,2025-10-23 00:00:00,18484,18441,176.453,2025-10-14 00:00:00,26,2025-10-21 08:00:00,18474,176.367,10,
EURJPY,H4,OOS_2025_2026,2025-12-17 12:00:00,2025-12-12 12:00:00,2025-12-15 16:00:00,2025-12-16 12:00:00,183.156,182.614,182.47,182.644,6,ENTRY_A_B_BREAK,2025-12-19 04:00:00,18738,18722,183.169,2025-12-18 04:00:00,10,2025-12-19 04:00:00,18738,183.169,0,
EURJPY,H4,OOS_2025_2026,2025-12-17 12:00:00,2025-12-12 12:00:00,2025-12-15 16:00:00,2025-12-16 12:00:00,183.156,182.614,182.47,182.644,6,ENTRY_C_A_AFTER_B,2025-12-19 04:00:00,18738,18722,182.47,2025-12-16 12:00:00,10,2025-12-19 04:00:00,18738,183.169,0,
GBPJPY,H1,Research_2015_2024,2013-01-03 23:00:00,2013-01-02 03:00:00,2013-01-02 15:00:00,2013-01-02 22:00:00,142.7,142.19,141.94,141.02,25,ENTRY_A_B_BREAK,2013-01-04 07:00:00,79,46,141.1,2013-01-03 23:00:00,8,2013-01-04 07:00:00,79,141.1,0,
GBPJPY,H1,Research_2015_2024,2013-01-04 05:00:00,2013-01-02 22:00:00,2013-01-03 06:00:00,2013-01-03 23:00:00,141.94,141.68,141.1,141.06,6,ENTRY_A_B_BREAK,2013-01-09 17:00:00,160,71,140.84,2013-01-09 08:00:00,83,2013-01-09 17:00:00,160,140.84,0,
GBPJPY,H1,Research_2015_2024,2013-01-04 05:00:00,2013-01-02 22:00:00,2013-01-03 06:00:00,2013-01-03 23:00:00,141.94,141.68,141.1,141.06,6,ENTRY_C_A_AFTER_B,2013-01-09 23:00:00,166,71,141.1,2013-01-03 23:00:00,83,2013-01-09 17:00:00,160,140.84,6,
GBPJPY,H1,Research_2015_2024,2013-02-28 18:00:00,2013-02-18 02:00:00,2013-02-19 10:00:00,2013-02-20 00:00:00,145.85,145.09,144.69,140.68,161,ENTRY_A_B_BREAK,2013-02-28 18:00:00,1018,857,139.52,2013-02-27 00:00:00,0,2013-02-28 18:00:00,1018,139.52,0,
GBPJPY,H1,Research_2015_2024,2013-03-06 18:00:00,2013-02-22 04:00:00,2013-02-22 14:00:00,2013-02-25 06:00:00,142.98,142.88,142.75,141.14,179,ENTRY_A_B_BREAK,2013-03-06 18:00:00,1113,934,139.52,2013-02-27 00:00:00,0,2013-03-06 18:00:00,1113,139.52,0,
GBPJPY,H1,Research_2015_2024,2013-03-06 18:00:00,2013-02-22 04:00:00,2013-02-22 14:00:00,2013-02-25 06:00:00,142.98,142.88,142.75,141.14,179,ENTRY_C_A_AFTER_B,2013-03-08 02:00:00,1145,934,142.75,2013-02-25 06:00:00,0,2013-03-06 18:00:00,1113,139.52,32,
GBPJPY,H1,Research_2015_2024,2013-04-29 07:00:00,2013-04-25 13:00:00,2013-04-26 11:00:00,2013-04-26 19:00:00,153.72,152.7,152.16,151.94,11,ENTRY_A_B_BREAK,2013-05-01 08:00:00,2056,1996,151.75,2013-04-30 15:00:00,49,2013-05-01 08:00:00,2056,151.75,0,
GBPJPY,H1,Research_2015_2024,2013-04-29 07:00:00,2013-04-25 13:00:00,2013-04-26 11:00:00,2013-04-26 19:00:00,153.72,152.7,152.16,151.94,11,ENTRY_C_A_AFTER_B,2013-05-02 12:00:00,2084,1996,152.16,2013-04-26 19:00:00,49,2013-05-01 08:00:00,2056,151.75,28,
GBPJPY,H1,Research_2015_2024,2013-05-08 14:00:00,2013-05-06 07:00:00,2013-05-06 18:00:00,2013-05-07 10:00:00,154.74,154.53,154.2,153.76,28,ENTRY_A_B_BREAK,2013-05-08 14:00:00,2181,2153,153.5,2013-05-08 02:00:00,0,2013-05-08 14:00:00,2181,153.5,0,
GBPJPY,H1,Research_2015_2024,2013-05-08 14:00:00,2013-05-06 07:00:00,2013-05-06 18:00:00,2013-05-07 10:00:00,154.74,154.53,154.2,153.76,28,ENTRY_C_A_AFTER_B,2013-05-09 17:00:00,2208,2153,154.2,2013-05-07 10:00:00,0,2013-05-08 14:00:00,2181,153.5,27,
GBPJPY,H1,Research_2015_2024,2013-07-23 03:00:00,2013-07-21 22:00:00,2013-07-22 11:00:00,2013-07-22 21:00:00,153.56,153.31,153.07,152.97,6,ENTRY_A_B_BREAK,2013-07-23 09:00:00,3444,3432,153.05,2013-07-23 03:00:00,6,2013-07-23 09:00:00,3444,153.05,0,
GBPJPY,H1,Research_2015_2024,2013-07-23 03:00:00,2013-07-21 22:00:00,2013-07-22 11:00:00,2013-07-22 21:00:00,153.56,153.31,153.07,152.97,6,ENTRY_C_A_AFTER_B,2013-07-23 09:00:00,3444,3432,153.07,2013-07-22 21:00:00,6,2013-07-23 09:00:00,3444,153.05,0,
GBPJPY,H1,Research_2015_2024,2013-08-08 16:00:00,2013-08-06 08:00:00,2013-08-07 10:00:00,2013-08-08 01:00:00,151.38,150.64,150.07,149.63,15,ENTRY_A_B_BREAK,2013-08-12 21:00:00,3786,3720,149.86,2013-08-12 12:00:00,51,2013-08-12 21:00:00,3786,149.86,0,
GBPJPY,H1,Research_2015_2024,2013-08-08 16:00:00,2013-08-06 08:00:00,2013-08-07 10:00:00,2013-08-08 01:00:00,151.38,150.64,150.07,149.63,15,ENTRY_C_A_AFTER_B,2013-08-12 21:00:00,3786,3720,150.07,2013-08-08 01:00:00,51,2013-08-12 21:00:00,3786,149.86,0,
GBPJPY,H1,Research_2015_2024,2013-08-20 22:00:00,2013-08-19 15:00:00,2013-08-20 01:00:00,2013-08-20 12:00:00,153.53,153.07,152.74,152.45,10,ENTRY_A_B_BREAK,2013-08-22 10:00:00,3965,3919,153.59,2013-08-21 18:00:00,36,2013-08-22 10:00:00,3965,153.59,0,
GBPJPY,H1,Research_2015_2024,2013-08-20 22:00:00,2013-08-19 15:00:00,2013-08-20 01:00:00,2013-08-20 12:00:00,153.53,153.07,152.74,152.45,10,ENTRY_C_A_AFTER_B,2013-08-22 10:00:00,3965,3919,152.74,2013-08-20 12:00:00,36,2013-08-22 10:00:00,3965,153.59,0,
GBPJPY,H1,Research_2015_2024,2013-10-14 10:00:00,2013-10-11 03:00:00,2013-10-11 19:00:00,2013-10-14 03:00:00,157.48,157.18,157.07,157.03,7,ENTRY_A_B_BREAK,2013-10-16 08:00:00,4883,4830,157.6,2013-10-16 00:00:00,46,2013-10-16 08:00:00,4883,157.6,0,
GBPJPY,H1,Research_2015_2024,2013-10-14 10:00:00,2013-10-11 03:00:00,2013-10-11 19:00:00,2013-10-14 03:00:00,157.48,157.18,157.07,157.03,7,ENTRY_B_B_SUPPORT_REACCEL,2013-10-16 13:00:00,4888,4830,157.76,2013-10-16 09:00:00,46,2013-10-16 08:00:00,4883,157.6,5,2013-10-16 09:00:00
GBPJPY,H1,Research_2015_2024,2013-10-14 10:00:00,2013-10-11 03:00:00,2013-10-11 19:00:00,2013-10-14 03:00:00,157.48,157.18,157.07,157.03,7,ENTRY_C_A_AFTER_B,2013-10-16 08:00:00,4883,4830,157.07,2013-10-14 03:00:00,46,2013-10-16 08:00:00,4883,157.6,0,
GBPJPY,H1,Research_2015_2024,2013-10-22 08:00:00,2013-10-21 06:00:00,2013-10-21 14:00:00,2013-10-22 02:00:00,158.72,158.64,158.56,158.59,6,ENTRY_A_B_BREAK,2013-10-28 11:00:00,5073,4971,158.16,2013-10-24 06:00:00,96,2013-10-28 11:00:00,5073,158.16,0,
GBPJPY,H1,Research_2015_2024,2013-11-04 10:00:00,2013-10-31 18:00:00,2013-11-01 14:00:00,2013-11-04 02:00:00,157.91,157.51,157.36,157.36,8,ENTRY_A_B_BREAK,2013-11-05 11:00:00,5215,5182,157.63,2013-11-04 14:00:00,25,2013-11-05 11:00:00,5215,157.63,0,
GBPJPY,H1,Research_2015_2024,2013-11-04 10:00:00,2013-10-31 18:00:00,2013-11-01 14:00:00,2013-11-04 02:00:00,157.91,157.51,157.36,157.36,8,ENTRY_B_B_SUPPORT_REACCEL,2013-11-05 13:00:00,5217,5182,157.76,2013-11-05 12:00:00,25,2013-11-05 11:00:00,5215,157.63,2,2013-11-05 12:00:00
GBPJPY,H1,Research_2015_2024,2013-11-04 10:00:00,2013-10-31 18:00:00,2013-11-01 14:00:00,2013-11-04 02:00:00,157.91,157.51,157.36,157.36,8,ENTRY_C_A_AFTER_B,2013-11-05 11:00:00,5215,5182,157.36,2013-11-04 02:00:00,25,2013-11-05 11:00:00,5215,157.63,0,
GBPJPY,H1,Research_2015_2024,2014-02-04 20:00:00,2014-01-31 01:00:00,2014-01-31 09:00:00,2014-02-03 04:00:00,169.71,169.26,168.18,165.93,40,ENTRY_A_B_BREAK,2014-02-04 20:00:00,6665,6625,165.78,2014-02-04 09:00:00,0,2014-02-04 20:00:00,6665,165.78,0,
GBPJPY,H1,Research_2015_2024,2014-02-04 20:00:00,2014-01-31 01:00:00,2014-01-31 09:00:00,2014-02-03 04:00:00,169.71,169.26,168.18,165.93,40,ENTRY_B_B_SUPPORT_REACCEL,2014-02-04 23:00:00,6668,6625,166.01,2014-02-04 21:00:00,0,2014-02-04 20:00:00,6665,165.78,3,2014-02-04 21:00:00
GBPJPY,H1,Research_2015_2024,2014-02-04 20:00:00,2014-01-31 01:00:00,2014-01-31 09:00:00,2014-02-03 04:00:00,169.71,169.26,168.18,165.93,40,ENTRY_C_A_AFTER_B,2014-02-09 23:00:00,6738,6625,168.18,2014-02-03 04:00:00,0,2014-02-04 20:00:00,6665,165.78,73,
GBPJPY,H1,Research_2015_2024,2014-02-28 14:00:00,2014-02-25 14:00:00,2014-02-26 10:00:00,2014-02-27 02:00:00,171.05,170.91,170.79,170.71,36,ENTRY_A_B_BREAK,2014-02-28 14:00:00,7085,7049,170.55,2014-02-27 16:00:00,0,2014-02-28 14:00:00,7085,170.55,0,
GBPJPY,H1,Research_2015_2024,2014-02-28 14:00:00,2014-02-25 14:00:00,2014-02-26 10:00:00,2014-02-27 02:00:00,171.05,170.91,170.79,170.71,36,ENTRY_C_A_AFTER_B,2014-02-28 15:00:00,7086,7049,170.79,2014-02-27 02:00:00,0,2014-02-28 14:00:00,7085,170.55,1,
GBPJPY,H1,Research_2015_2024,2014-03-12 21:00:00,2014-03-11 15:00:00,2014-03-12 02:00:00,2014-03-12 15:00:00,171.93,171.41,170.92,170.74,6,ENTRY_A_B_BREAK,2014-03-13 11:00:00,7295,7275,171.33,2014-03-13 04:00:00,14,2014-03-13 11:00:00,7295,171.33,0,
GBPJPY,H1,Research_2015_2024,2014-03-12 21:00:00,2014-03-11 15:00:00,2014-03-12 02:00:00,2014-03-12 15:00:00,171.93,171.41,170.92,170.74,6,ENTRY_C_A_AFTER_B,2014-03-13 11:00:00,7295,7275,170.92,2014-03-12 15:00:00,14,2014-03-13 11:00:00,7295,171.33,0,
GBPJPY,H1,Research_2015_2024,2014-05-01 02:00:00,2014-04-29 21:00:00,2014-04-30 12:00:00,2014-04-30 20:00:00,172.7,172.65,172.57,172.56,6,ENTRY_A_B_BREAK,2014-05-02 06:00:00,8144,8110,172.9,2014-05-01 15:00:00,28,2014-05-02 06:00:00,8144,172.9,0,
GBPJPY,H1,Research_2015_2024,2014-05-01 02:00:00,2014-04-29 21:00:00,2014-04-30 12:00:00,2014-04-30 20:00:00,172.7,172.65,172.57,172.56,6,ENTRY_C_A_AFTER_B,2014-05-02 06:00:00,8144,8110,172.57,2014-04-30 20:00:00,28,2014-05-02 06:00:00,8144,172.9,0,
GBPJPY,H1,Research_2015_2024,2014-05-12 13:00:00,2014-05-07 14:00:00,2014-05-08 00:00:00,2014-05-08 07:00:00,172.94,172.82,172.74,172.31,52,ENTRY_A_B_BREAK,2014-05-12 13:00:00,8291,8239,171.98,2014-05-12 00:00:00,0,2014-05-12 13:00:00,8291,171.98,0,
GBPJPY,H1,Research_2015_2024,2014-05-29 19:00:00,2014-05-28 19:00:00,2014-05-29 04:00:00,2014-05-29 13:00:00,170.22,170.16,170.1,170.07,6,ENTRY_A_B_BREAK,2014-05-30 07:00:00,8617,8599,170.14,2014-05-29 20:00:00,12,2014-05-30 07:00:00,8617,170.14,0,
GBPJPY,H1,Research_2015_2024,2014-05-29 19:00:00,2014-05-28 19:00:00,2014-05-29 04:00:00,2014-05-29 13:00:00,170.22,170.16,170.1,170.07,6,ENTRY_C_A_AFTER_B,2014-05-30 07:00:00,8617,8599,170.1,2014-05-29 13:00:00,12,2014-05-30 07:00:00,8617,170.14,0,
GBPJPY,H1,Research_2015_2024,2014-07-15 12:00:00,2014-07-03 22:00:00,2014-07-06 22:00:00,2014-07-07 07:00:00,175.32,175.22,175.13,174.43,147,ENTRY_A_B_BREAK,2014-07-15 12:00:00,9376,9229,173.61,2014-07-10 20:00:00,0,2014-07-15 12:00:00,9376,173.61,0,
GBPJPY,H1,Research_2015_2024,2014-07-31 23:00:00,2014-07-30 18:00:00,2014-07-31 06:00:00,2014-07-31 14:00:00,174.17,173.95,173.73,173.56,9,ENTRY_A_B_BREAK,2014-08-04 19:00:00,9713,9662,172.84,2014-08-04 06:00:00,42,2014-08-04 19:00:00,9713,172.84,0,
GBPJPY,H1,Research_2015_2024,2014-07-31 23:00:00,2014-07-30 18:00:00,2014-07-31 06:00:00,2014-07-31 14:00:00,174.17,173.95,173.73,173.56,9,ENTRY_B_B_SUPPORT_REACCEL,2014-08-05 00:00:00,9718,9662,172.96,2014-08-04 20:00:00,42,2014-08-04 19:00:00,9713,172.84,5,2014-08-04 20:00:00
GBPJPY,H1,Research_2015_2024,2014-08-08 19:00:00,2014-08-07 05:00:00,2014-08-07 23:00:00,2014-08-08 11:00:00,172.58,171.87,171.43,171.22,8,ENTRY_A_B_BREAK,2014-08-12 14:00:00,9850,9801,171.67,2014-08-12 01:00:00,41,2014-08-12 14:00:00,9850,171.67,0,
GBPJPY,H1,Research_2015_2024,2014-08-08 19:00:00,2014-08-07 05:00:00,2014-08-07 23:00:00,2014-08-08 11:00:00,172.58,171.87,171.43,171.22,8,ENTRY_B_B_SUPPORT_REACCEL,2014-08-12 16:00:00,9852,9801,171.76,2014-08-12 15:00:00,41,2014-08-12 14:00:00,9850,171.67,2,2014-08-12 15:00:00
GBPJPY,H1,Research_2015_2024,2014-08-08 19:00:00,2014-08-07 05:00:00,2014-08-07 23:00:00,2014-08-08 11:00:00,172.58,171.87,171.43,171.22,8,ENTRY_C_A_AFTER_B,2014-08-12 14:00:00,9850,9801,171.43,2014-08-08 11:00:00,41,2014-08-12 14:00:00,9850,171.67,0,
GBPJPY,H1,Research_2015_2024,2014-09-05 19:00:00,2014-09-04 08:00:00,2014-09-04 23:00:00,2014-09-05 06:00:00,172.74,172.22,171.97,171.53,13,ENTRY_A_B_BREAK,2014-09-09 07:00:00,10313,10266,171.06,2014-09-08 17:00:00,34,2014-09-09 07:00:00,10313,171.06,0,
GBPJPY,H1,Research_2015_2024,2014-09-05 19:00:00,2014-09-04 08:00:00,2014-09-04 23:00:00,2014-09-05 06:00:00,172.74,172.22,171.97,171.53,13,ENTRY_B_B_SUPPORT_REACCEL,2014-09-10 04:00:00,10334,10266,171.49,2014-09-09 08:00:00,34,2014-09-09 07:00:00,10313,171.06,21,2014-09-09 08:00:00
GBPJPY,H1,Research_2015_2024,2014-09-05 19:00:00,2014-09-04 08:00:00,2014-09-04 23:00:00,2014-09-05 06:00:00,172.74,172.22,171.97,171.53,13,ENTRY_C_A_AFTER_B,2014-09-10 12:00:00,10342,10266,171.97,2014-09-05 06:00:00,34,2014-09-09 07:00:00,10313,171.06,29,
GBPJPY,H1,Research_2015_2024,2014-10-13 06:00:00,2014-10-09 09:00:00,2014-10-10 02:00:00,2014-10-10 16:00:00,174.86,173.96,173.28,172.71,12,ENTRY_A_B_BREAK,2014-10-16 06:00:00,10950,10866,169.72,2014-10-15 22:00:00,72,2014-10-16 06:00:00,10950,169.72,0,
GBPJPY,H1,Research_2015_2024,2014-11-24 08:00:00,2014-11-20 07:00:00,2014-11-20 15:00:00,2014-11-20 23:00:00,186.09,185.79,185.66,184.88,31,ENTRY_A_B_BREAK,2014-11-24 10:00:00,11589,11556,184.99,2014-11-21 13:00:00,2,2014-11-24 10:00:00,11589,184.99,0,
GBPJPY,H1,Research_2015_2024,2014-11-24 08:00:00,2014-11-20 07:00:00,2014-11-20 15:00:00,2014-11-20 23:00:00,186.09,185.79,185.66,184.88,31,ENTRY_B_B_SUPPORT_REACCEL,2014-11-24 14:00:00,11593,11556,185.58,2014-11-24 11:00:00,2,2014-11-24 10:00:00,11589,184.99,4,2014-11-24 11:00:00
GBPJPY,H1,Research_2015_2024,2014-11-24 08:00:00,2014-11-20 07:00:00,2014-11-20 15:00:00,2014-11-20 23:00:00,186.09,185.79,185.66,184.88,31,ENTRY_C_A_AFTER_B,2014-11-24 15:00:00,11594,11556,185.66,2014-11-20 23:00:00,2,2014-11-24 10:00:00,11589,184.99,5,
GBPJPY,H1,Research_2015_2024,2014-11-27 22:00:00,2014-11-26 18:00:00,2014-11-27 07:00:00,2014-11-27 15:00:00,186.08,185.68,185.46,185.28,7,ENTRY_A_B_BREAK,2014-12-02 06:00:00,11727,11666,186.29,2014-12-01 19:00:00,54,2014-12-02 06:00:00,11727,186.29,0,
GBPJPY,H1,Research_2015_2024,2014-11-27 22:00:00,2014-11-26 18:00:00,2014-11-27 07:00:00,2014-11-27 15:00:00,186.08,185.68,185.46,185.28,7,ENTRY_B_B_SUPPORT_REACCEL,2014-12-02 08:00:00,11729,11666,186.6,2014-12-02 07:00:00,54,2014-12-02 06:00:00,11727,186.29,2,2014-12-02 07:00:00
GBPJPY,H1,Research_2015_2024,2014-11-27 22:00:00,2014-11-26 18:00:00,2014-11-27 07:00:00,2014-11-27 15:00:00,186.08,185.68,185.46,185.28,7,ENTRY_C_A_AFTER_B,2014-12-02 06:00:00,11727,11666,185.46,2014-11-27 15:00:00,54,2014-12-02 06:00:00,11727,186.29,0,
GBPJPY,H1,Research_2015_2024,2014-12-17 07:00:00,2014-12-15 01:00:00,2014-12-15 09:00:00,2014-12-16 16:00:00,187.0,186.59,185.04,184.44,15,ENTRY_A_B_BREAK,2014-12-17 20:00:00,12001,11973,184.66,2014-12-17 08:00:00,13,2014-12-17 20:00:00,12001,184.66,0,
GBPJPY,H1,Research_2015_2024,2014-12-17 07:00:00,2014-12-15 01:00:00,2014-12-15 09:00:00,2014-12-16 16:00:00,187.0,186.59,185.04,184.44,15,ENTRY_B_B_SUPPORT_REACCEL,2014-12-18 13:00:00,12018,11973,185.93,2014-12-17 21:00:00,13,2014-12-17 20:00:00,12001,184.66,17,2014-12-17 21:00:00
GBPJPY,H1,Research_2015_2024,2014-12-17 07:00:00,2014-12-15 01:00:00,2014-12-15 09:00:00,2014-12-16 16:00:00,187.0,186.59,185.04,184.44,15,ENTRY_C_A_AFTER_B,2014-12-18 09:00:00,12014,11973,185.04,2014-12-16 16:00:00,13,2014-12-17 20:00:00,12001,184.66,13,
GBPJPY,H1,Research_2015_2024,2015-01-26 13:00:00,2015-01-20 14:00:00,2015-01-22 03:00:00,2015-01-22 13:00:00,180.24,179.19,178.92,177.88,46,ENTRY_A_B_BREAK,2015-01-27 17:00:00,12610,12536,179.0,2015-01-27 01:00:00,28,2015-01-27 17:00:00,12610,179.0,0,
GBPJPY,H1,Research_2015_2024,2015-01-26 13:00:00,2015-01-20 14:00:00,2015-01-22 03:00:00,2015-01-22 13:00:00,180.24,179.19,178.92,177.88,46,ENTRY_C_A_AFTER_B,2015-01-27 17:00:00,12610,12536,178.92,2015-01-22 13:00:00,28,2015-01-27 17:00:00,12610,179.0,0,
GBPJPY,H1,Research_2015_2024,2015-03-25 07:00:00,2015-03-20 17:00:00,2015-03-23 19:00:00,2015-03-25 01:00:00,180.06,179.23,178.04,178.09,6,ENTRY_A_B_BREAK,2015-03-27 01:00:00,13586,13538,177.16,2015-03-26 19:00:00,42,2015-03-27 01:00:00,13586,177.16,0,
GBPJPY,H1,Research_2015_2024,2015-03-25 07:00:00,2015-03-20 17:00:00,2015-03-23 19:00:00,2015-03-25 01:00:00,180.06,179.23,178.04,178.09,6,ENTRY_C_A_AFTER_B,2015-03-31 15:00:00,13647,13538,178.04,2015-03-25 01:00:00,42,2015-03-27 01:00:00,13586,177.16,61,
GBPJPY,H1,Research_2015_2024,2015-05-20 09:00:00,2015-05-18 06:00:00,2015-05-18 13:00:00,2015-05-19 06:00:00,188.23,188.15,187.93,187.68,27,ENTRY_A_B_BREAK,2015-05-21 08:00:00,14514,14464,188.58,2015-05-20 16:00:00,23,2015-05-21 08:00:00,14514,188.58,0,
GBPJPY,H1,Research_2015_2024,2015-05-20 09:00:00,2015-05-18 06:00:00,2015-05-18 13:00:00,2015-05-19 06:00:00,188.23,188.15,187.93,187.68,27,ENTRY_C_A_AFTER_B,2015-05-21 08:00:00,14514,14464,187.93,2015-05-19 06:00:00,23,2015-05-21 08:00:00,14514,188.58,0,
GBPJPY,H1,Research_2015_2024,2015-06-09 15:00:00,2015-06-05 18:00:00,2015-06-08 06:00:00,2015-06-08 17:00:00,191.9,191.73,191.44,191.0,22,ENTRY_A_B_BREAK,2015-06-11 08:00:00,14868,14805,190.85,2015-06-10 15:00:00,41,2015-06-11 08:00:00,14868,190.85,0,
GBPJPY,H1,Research_2015_2024,2015-06-09 15:00:00,2015-06-05 18:00:00,2015-06-08 06:00:00,2015-06-08 17:00:00,191.9,191.73,191.44,191.0,22,ENTRY_B_B_SUPPORT_REACCEL,2015-06-11 13:00:00,14873,14805,191.41,2015-06-11 09:00:00,41,2015-06-11 08:00:00,14868,190.85,5,2015-06-11 09:00:00
GBPJPY,H1,Research_2015_2024,2015-06-09 15:00:00,2015-06-05 18:00:00,2015-06-08 06:00:00,2015-06-08 17:00:00,191.9,191.73,191.44,191.0,22,ENTRY_C_A_AFTER_B,2015-06-11 14:00:00,14874,14805,191.44,2015-06-08 17:00:00,41,2015-06-11 08:00:00,14868,190.85,6,
GBPJPY,H1,Research_2015_2024,2015-10-02 11:00:00,2015-09-21 12:00:00,2015-09-21 21:00:00,2015-09-22 04:00:00,187.29,187.01,186.9,182.29,197,ENTRY_A_B_BREAK,2015-10-02 11:00:00,16783,16586,181.98,2015-10-01 03:00:00,0,2015-10-02 11:00:00,16783,181.98,0,
GBPJPY,H1,Research_2015_2024,2015-10-26 17:00:00,2015-10-23 12:00:00,2015-10-23 18:00:00,2015-10-26 10:00:00,186.22,186.13,185.86,185.81,7,ENTRY_A_B_BREAK,2015-10-28 16:00:00,17211,17157,184.5,2015-10-28 01:00:00,47,2015-10-28 16:00:00,17211,184.5,0,
GBPJPY,H1,Research_2015_2024,2015-10-26 17:00:00,2015-10-23 12:00:00,2015-10-23 18:00:00,2015-10-26 10:00:00,186.22,186.13,185.86,185.81,7,ENTRY_C_A_AFTER_B,2015-10-30 15:00:00,17258,17157,185.86,2015-10-26 10:00:00,47,2015-10-28 16:00:00,17211,184.5,47,
GBPJPY,H1,Research_2015_2024,2015-11-30 14:00:00,2015-11-25 19:00:00,2015-11-26 17:00:00,2015-11-27 00:00:00,185.74,185.34,185.29,184.75,36,ENTRY_A_B_BREAK,2015-11-30 15:00:00,17752,17715,184.88,2015-11-27 18:00:00,1,2015-11-30 15:00:00,17752,184.88,0,
GBPJPY,H1,Research_2015_2024,2015-11-30 14:00:00,2015-11-25 19:00:00,2015-11-26 17:00:00,2015-11-27 00:00:00,185.74,185.34,185.29,184.75,36,ENTRY_C_A_AFTER_B,2015-11-30 16:00:00,17753,17715,185.29,2015-11-27 00:00:00,1,2015-11-30 15:00:00,17752,184.88,1,
GBPJPY,H1,Research_2015_2024,2016-01-06 22:00:00,2016-01-05 03:00:00,2016-01-05 23:00:00,2016-01-06 14:00:00,176.12,174.88,173.78,173.28,8,ENTRY_A_B_BREAK,2016-01-08 01:00:00,18357,18322,172.41,2016-01-07 14:00:00,27,2016-01-08 01:00:00,18357,172.41,0,
GBPJPY,H1,Research_2015_2024,2016-01-13 02:00:00,2016-01-08 01:00:00,2016-01-11 13:00:00,2016-01-12 01:00:00,173.33,172.21,171.63,171.02,25,ENTRY_A_B_BREAK,2016-01-14 17:00:00,18467,18403,170.2,2016-01-14 07:00:00,39,2016-01-14 17:00:00,18467,170.2,0,
GBPJPY,H1,Research_2015_2024,2016-02-10 08:00:00,2016-02-09 10:00:00,2016-02-09 16:00:00,2016-02-09 23:00:00,167.1,166.87,166.69,166.65,9,ENTRY_A_B_BREAK,2016-02-12 18:00:00,18964,18897,164.02,2016-02-12 10:00:00,58,2016-02-12 18:00:00,18964,164.02,0,
GBPJPY,H1,Research_2015_2024,2016-02-24 21:00:00,2016-02-19 20:00:00,2016-02-22 17:00:00,2016-02-24 07:00:00,161.78,160.28,157.21,156.17,14,ENTRY_A_B_BREAK,2016-02-25 12:00:00,19170,19141,157.06,2016-02-25 04:00:00,15,2016-02-25 12:00:00,19170,157.06,0,
GBPJPY,H1,Research_2015_2024,2016-02-24 21:00:00,2016-02-19 20:00:00,2016-02-22 17:00:00,2016-02-24 07:00:00,161.78,160.28,157.21,156.17,14,ENTRY_B_B_SUPPORT_REACCEL,2016-02-25 18:00:00,19176,19141,157.58,2016-02-25 13:00:00,15,2016-02-25 12:00:00,19170,157.06,6,2016-02-25 13:00:00
GBPJPY,H1,Research_2015_2024,2016-02-24 21:00:00,2016-02-19 20:00:00,2016-02-22 17:00:00,2016-02-24 07:00:00,161.78,160.28,157.21,156.17,14,ENTRY_C_A_AFTER_B,2016-02-25 12:00:00,19170,19141,157.21,2016-02-24 07:00:00,15,2016-02-25 12:00:00,19170,157.06,0,
GBPJPY,H1,Research_2015_2024,2016-05-04 02:00:00,2016-04-29 13:00:00,2016-05-02 14:00:00,2016-05-03 08:00:00,157.24,156.62,156.02,155.55,18,ENTRY_A_B_BREAK,2016-05-04 23:00:00,20347,20308,155.36,2016-05-04 14:00:00,21,2016-05-04 23:00:00,20347,155.36,0,
GBPJPY,H1,Research_2015_2024,2016-05-04 02:00:00,2016-04-29 13:00:00,2016-05-02 14:00:00,2016-05-03 08:00:00,157.24,156.62,156.02,155.55,18,ENTRY_B_B_SUPPORT_REACCEL,2016-05-05 03:00:00,20351,20308,155.51,2016-05-05 01:00:00,21,2016-05-04 23:00:00,20347,155.36,4,2016-05-05 01:00:00
GBPJPY,H1,Research_2015_2024,2016-05-04 02:00:00,2016-04-29 13:00:00,2016-05-02 14:00:00,2016-05-03 08:00:00,157.24,156.62,156.02,155.55,18,ENTRY_C_A_AFTER_B,2016-05-09 09:00:00,20404,20308,156.02,2016-05-03 08:00:00,21,2016-05-04 23:00:00,20347,155.36,57,
GBPJPY,H1,Research_2015_2024,2016-05-16 11:00:00,2016-05-12 13:00:00,2016-05-13 12:00:00,2016-05-16 03:00:00,158.45,157.34,156.53,156.39,8,ENTRY_A_B_BREAK,2016-05-18 11:00:00,20573,20517,158.94,2016-05-17 07:00:00,48,2016-05-18 11:00:00,20573,158.94,0,
GBPJPY,H1,Research_2015_2024,2016-05-16 11:00:00,2016-05-12 13:00:00,2016-05-13 12:00:00,2016-05-16 03:00:00,158.45,157.34,156.53,156.39,8,ENTRY_B_B_SUPPORT_REACCEL,2016-05-18 13:00:00,20575,20517,159.24,2016-05-18 12:00:00,48,2016-05-18 11:00:00,20573,158.94,2,2016-05-18 12:00:00
GBPJPY,H1,Research_2015_2024,2016-05-16 11:00:00,2016-05-12 13:00:00,2016-05-13 12:00:00,2016-05-16 03:00:00,158.45,157.34,156.53,156.39,8,ENTRY_C_A_AFTER_B,2016-05-18 11:00:00,20573,20517,156.53,2016-05-16 03:00:00,48,2016-05-18 11:00:00,20573,158.94,0,
GBPJPY,H1,Research_2015_2024,2016-06-17 17:00:00,2016-06-15 08:00:00,2016-06-15 20:00:00,2016-06-17 00:00:00,151.14,150.64,149.76,149.44,17,ENTRY_A_B_BREAK,2016-06-17 17:00:00,21103,21086,149.21,2016-06-17 08:00:00,0,2016-06-17 17:00:00,21103,149.21,0,
GBPJPY,H1,Research_2015_2024,2016-06-17 17:00:00,2016-06-15 08:00:00,2016-06-15 20:00:00,2016-06-17 00:00:00,151.14,150.64,149.76,149.44,17,ENTRY_B_B_SUPPORT_REACCEL,2016-06-19 22:00:00,21107,21086,149.89,2016-06-17 18:00:00,0,2016-06-17 17:00:00,21103,149.21,4,2016-06-17 18:00:00
GBPJPY,H1,Research_2015_2024,2016-06-17 17:00:00,2016-06-15 08:00:00,2016-06-15 20:00:00,2016-06-17 00:00:00,151.14,150.64,149.76,149.44,17,ENTRY_C_A_AFTER_B,2016-06-19 22:00:00,21107,21086,149.76,2016-06-17 00:00:00,0,2016-06-17 17:00:00,21103,149.21,4,
GBPJPY,H1,Research_2015_2024,2016-06-17 14:00:00,2016-06-15 20:00:00,2016-06-17 00:00:00,2016-06-17 08:00:00,150.64,149.76,149.21,149.07,6,ENTRY_A_B_BREAK,2016-06-22 21:00:00,21178,21094,154.35,2016-06-21 10:00:00,78,2016-06-22 21:00:00,21178,154.35,0,
GBPJPY,H1,Research_2015_2024,2016-06-17 14:00:00,2016-06-15 20:00:00,2016-06-17 00:00:00,2016-06-17 08:00:00,150.64,149.76,149.21,149.07,6,ENTRY_C_A_AFTER_B,2016-06-22 21:00:00,21178,21094,149.21,2016-06-17 08:00:00,78,2016-06-22 21:00:00,21178,154.35,0,
GBPJPY,H1,Research_2015_2024,2016-10-18 08:00:00,2016-10-05 19:00:00,2016-10-06 09:00:00,2016-10-06 15:00:00,132.19,131.93,131.71,127.35,183,ENTRY_A_B_BREAK,2016-10-18 09:00:00,23161,22977,127.52,2016-10-12 03:00:00,1,2016-10-18 09:00:00,23161,127.52,0,
GBPJPY,H1,Research_2015_2024,2016-10-18 08:00:00,2016-10-05 19:00:00,2016-10-06 09:00:00,2016-10-06 15:00:00,132.19,131.93,131.71,127.35,183,ENTRY_B_B_SUPPORT_REACCEL,2016-10-18 12:00:00,23164,22977,127.6,2016-10-18 11:00:00,1,2016-10-18 09:00:00,23161,127.52,3,2016-10-18 11:00:00
GBPJPY,H1,Research_2015_2024,2016-10-31 16:00:00,2016-10-27 11:00:00,2016-10-28 07:00:00,2016-10-28 15:00:00,128.38,128.25,128.17,128.21,23,ENTRY_A_B_BREAK,2016-10-31 16:00:00,23381,23358,127.87,2016-10-31 01:00:00,0,2016-10-31 16:00:00,23381,127.87,0,
GBPJPY,H1,Research_2015_2024,2016-10-31 16:00:00,2016-10-27 11:00:00,2016-10-28 07:00:00,2016-10-28 15:00:00,128.38,128.25,128.17,128.21,23,ENTRY_B_B_SUPPORT_REACCEL,2016-11-01 08:00:00,23397,23358,128.33,2016-11-01 01:00:00,0,2016-10-31 16:00:00,23381,127.87,16,2016-11-01 01:00:00
GBPJPY,H1,Research_2015_2024,2016-10-31 16:00:00,2016-10-27 11:00:00,2016-10-28 07:00:00,2016-10-28 15:00:00,128.38,128.25,128.17,128.21,23,ENTRY_C_A_AFTER_B,2016-10-31 16:00:00,23381,23358,128.17,2016-10-28 15:00:00,0,2016-10-31 16:00:00,23381,127.87,0,
GBPJPY,H1,Research_2015_2024,2016-11-23 05:00:00,2016-11-22 08:00:00,2016-11-22 16:00:00,2016-11-22 23:00:00,138.73,138.31,138.05,137.85,6,ENTRY_A_B_BREAK,2016-11-24 08:00:00,23799,23766,140.28,2016-11-23 17:00:00,27,2016-11-24 08:00:00,23799,140.28,0,
GBPJPY,H1,Research_2015_2024,2016-11-23 05:00:00,2016-11-22 08:00:00,2016-11-22 16:00:00,2016-11-22 23:00:00,138.73,138.31,138.05,137.85,6,ENTRY_C_A_AFTER_B,2016-11-24 08:00:00,23799,23766,138.05,2016-11-22 23:00:00,27,2016-11-24 08:00:00,23799,140.28,0,
GBPJPY,H1,Research_2015_2024,2016-12-08 10:00:00,2016-12-06 10:00:00,2016-12-07 08:00:00,2016-12-08 02:00:00,145.58,144.73,143.96,143.88,8,ENTRY_A_B_BREAK,2016-12-09 11:00:00,24062,24029,144.36,2016-12-08 13:00:00,25,2016-12-09 11:00:00,24062,144.36,0,
GBPJPY,H1,Research_2015_2024,2016-12-08 10:00:00,2016-12-06 10:00:00,2016-12-07 08:00:00,2016-12-08 02:00:00,145.58,144.73,143.96,143.88,8,ENTRY_B_B_SUPPORT_REACCEL,2016-12-09 13:00:00,24064,24029,144.72,2016-12-09 12:00:00,25,2016-12-09 11:00:00,24062,144.36,2,2016-12-09 12:00:00
GBPJPY,H1,Research_2015_2024,2016-12-08 10:00:00,2016-12-06 10:00:00,2016-12-07 08:00:00,2016-12-08 02:00:00,145.58,144.73,143.96,143.88,8,ENTRY_C_A_AFTER_B,2016-12-09 11:00:00,24062,24029,143.96,2016-12-08 02:00:00,25,2016-12-09 11:00:00,24062,144.36,0,
GBPJPY,H1,Research_2015_2024,2016-12-28 03:00:00,2016-12-20 23:00:00,2016-12-21 17:00:00,2016-12-22 01:00:00,145.83,145.64,145.52,144.57,84,ENTRY_A_B_BREAK,2016-12-28 03:00:00,24348,24264,144.19,2016-12-26 00:00:00,0,2016-12-28 03:00:00,24348,144.19,0,
GBPJPY,H1,Research_2015_2024,2017-01-19 15:00:00,2017-01-06 08:00:00,2017-01-06 14:00:00,2017-01-09 02:00:00,143.98,143.91,143.82,142.0,203,ENTRY_A_B_BREAK,2017-01-19 15:00:00,24730,24527,138.05,2017-01-16 10:00:00,0,2017-01-19 15:00:00,24730,138.05,0,
GBPJPY,H1,Research_2015_2024,2017-02-13 02:00:00,2017-01-27 03:00:00,2017-01-27 15:00:00,2017-01-30 00:00:00,144.75,144.69,144.56,142.24,238,ENTRY_A_B_BREAK,2017-02-13 02:00:00,25117,24879,140.57,2017-02-07 23:00:00,0,2017-02-13 02:00:00,25117,140.57,0,
GBPJPY,H1,Research_2015_2024,2017-03-03 16:00:00,2017-03-02 13:00:00,2017-03-03 01:00:00,2017-03-03 10:00:00,140.67,140.39,140.13,140.36,6,ENTRY_A_B_BREAK,2017-03-08 14:00:00,25531,25457,139.21,2017-03-07 17:00:00,68,2017-03-08 14:00:00,25531,139.21,0,
GBPJPY,H1,Research_2015_2024,2017-03-03 16:00:00,2017-03-02 13:00:00,2017-03-03 01:00:00,2017-03-03 10:00:00,140.67,140.39,140.13,140.36,6,ENTRY_C_A_AFTER_B,2017-03-10 05:00:00,25570,25457,140.13,2017-03-03 10:00:00,68,2017-03-08 14:00:00,25531,139.21,39,
GBPJPY,H1,Research_2015_2024,2017-05-19 04:00:00,2017-05-16 08:00:00,2017-05-17 10:00:00,2017-05-18 14:00:00,146.99,145.85,144.75,144.22,14,ENTRY_A_B_BREAK,2017-05-19 07:00:00,26760,26743,144.39,2017-05-18 22:00:00,3,2017-05-19 07:00:00,26760,144.39,0,
GBPJPY,H1,Research_2015_2024,2017-05-19 04:00:00,2017-05-16 08:00:00,2017-05-17 10:00:00,2017-05-18 14:00:00,146.99,145.85,144.75,144.22,14,ENTRY_C_A_AFTER_B,2017-05-19 08:00:00,26761,26743,144.75,2017-05-18 14:00:00,3,2017-05-19 07:00:00,26760,144.39,1,
GBPJPY,H1,Research_2015_2024,2017-05-23 15:00:00,2017-05-19 14:00:00,2017-05-22 04:00:00,2017-05-22 10:00:00,145.35,145.04,144.96,144.92,29,ENTRY_A_B_BREAK,2017-05-24 03:00:00,26827,26786,145.06,2017-05-23 15:00:00,12,2017-05-24 03:00:00,26827,145.06,0,
GBPJPY,H1,Research_2015_2024,2017-05-23 15:00:00,2017-05-19 14:00:00,2017-05-22 04:00:00,2017-05-22 10:00:00,145.35,145.04,144.96,144.92,29,ENTRY_C_A_AFTER_B,2017-05-24 03:00:00,26827,26786,144.96,2017-05-22 10:00:00,12,2017-05-24 03:00:00,26827,145.06,0,
GBPJPY,H1,Research_2015_2024,2017-07-26 10:00:00,2017-07-17 02:00:00,2017-07-17 15:00:00,2017-07-18 07:00:00,147.57,147.46,147.28,145.89,146,ENTRY_A_B_BREAK,2017-07-26 10:00:00,27905,27759,144.6,2017-07-24 05:00:00,0,2017-07-26 10:00:00,27905,144.6,0,
GBPJPY,H1,Research_2015_2024,2017-08-11 13:00:00,2017-08-10 01:00:00,2017-08-10 11:00:00,2017-08-11 06:00:00,143.29,142.78,141.83,141.5,7,ENTRY_A_B_BREAK,2017-08-15 00:00:00,28228,28187,142.7,2017-08-14 07:00:00,34,2017-08-15 00:00:00,28228,142.7,0,
GBPJPY,H1,Research_2015_2024,2017-08-11 13:00:00,2017-08-10 01:00:00,2017-08-10 11:00:00,2017-08-11 06:00:00,143.29,142.78,141.83,141.5,7,ENTRY_B_B_SUPPORT_REACCEL,2017-08-15 04:00:00,28232,28187,142.87,2017-08-15 01:00:00,34,2017-08-15 00:00:00,28228,142.7,4,2017-08-15 01:00:00
GBPJPY,H1,Research_2015_2024,2017-08-11 13:00:00,2017-08-10 01:00:00,2017-08-10 11:00:00,2017-08-11 06:00:00,143.29,142.78,141.83,141.5,7,ENTRY_C_A_AFTER_B,2017-08-15 00:00:00,28228,28187,141.83,2017-08-11 06:00:00,34,2017-08-15 00:00:00,28228,142.7,0,
GBPJPY,H1,Research_2015_2024,2017-08-21 22:00:00,2017-08-18 05:00:00,2017-08-18 16:00:00,2017-08-21 11:00:00,141.06,140.89,140.67,140.59,11,ENTRY_A_B_BREAK,2017-08-25 00:00:00,28419,28334,140.4,2017-08-24 12:00:00,74,2017-08-25 00:00:00,28419,140.4,0,
GBPJPY,H1,Research_2015_2024,2017-08-21 22:00:00,2017-08-18 05:00:00,2017-08-18 16:00:00,2017-08-21 11:00:00,141.06,140.89,140.67,140.59,11,ENTRY_C_A_AFTER_B,2017-08-25 10:00:00,28429,28334,140.67,2017-08-21 11:00:00,74,2017-08-25 00:00:00,28419,140.4,10,
GBPJPY,H1,Research_2015_2024,2017-09-14 11:00:00,2017-09-13 07:00:00,2017-09-13 15:00:00,2017-09-14 01:00:00,146.62,146.41,146.18,147.6,10,ENTRY_A_B_BREAK,2017-09-15 06:00:00,28782,28753,148.3,2017-09-14 16:00:00,19,2017-09-15 06:00:00,28782,148.3,0,
GBPJPY,H1,Research_2015_2024,2017-09-14 11:00:00,2017-09-13 07:00:00,2017-09-13 15:00:00,2017-09-14 01:00:00,146.62,146.41,146.18,147.6,10,ENTRY_C_A_AFTER_B,2017-09-15 06:00:00,28782,28753,146.18,2017-09-14 01:00:00,19,2017-09-15 06:00:00,28782,148.3,0,
GBPJPY,H1,Research_2015_2024,2017-12-18 07:00:00,2017-12-14 10:00:00,2017-12-15 06:00:00,2017-12-18 01:00:00,151.72,150.97,150.28,150.32,6,ENTRY_A_B_BREAK,2017-12-20 01:00:00,30377,30329,151.24,2017-12-19 18:00:00,42,2017-12-20 01:00:00,30377,151.24,0,
GBPJPY,H1,Research_2015_2024,2017-12-18 07:00:00,2017-12-14 10:00:00,2017-12-15 06:00:00,2017-12-18 01:00:00,151.72,150.97,150.28,150.32,6,ENTRY_C_A_AFTER_B,2017-12-20 01:00:00,30377,30329,150.28,2017-12-18 01:00:00,42,2017-12-20 01:00:00,30377,151.24,0,
GBPJPY,H1,Research_2015_2024,2017-12-27 10:00:00,2017-12-20 16:00:00,2017-12-21 10:00:00,2017-12-22 11:00:00,151.97,151.88,151.82,151.68,45,ENTRY_A_B_BREAK,2017-12-27 10:00:00,30480,30435,151.55,2017-12-27 01:00:00,0,2017-12-27 10:00:00,30480,151.55,0,
GBPJPY,H1,Research_2015_2024,2017-12-27 10:00:00,2017-12-20 16:00:00,2017-12-21 10:00:00,2017-12-22 11:00:00,151.97,151.88,151.82,151.68,45,ENTRY_B_B_SUPPORT_REACCEL,2017-12-28 10:00:00,30504,30435,151.72,2017-12-28 09:00:00,0,2017-12-27 10:00:00,30480,151.55,24,2017-12-28 09:00:00
GBPJPY,H1,Research_2015_2024,2017-12-27 10:00:00,2017-12-20 16:00:00,2017-12-21 10:00:00,2017-12-22 11:00:00,151.97,151.88,151.82,151.68,45,ENTRY_C_A_AFTER_B,2017-12-27 12:00:00,30482,30435,151.82,2017-12-22 11:00:00,0,2017-12-27 10:00:00,30480,151.55,2,
GBPJPY,H1,Research_2015_2024,2018-02-19 17:00:00,2018-02-15 12:00:00,2018-02-16 01:00:00,2018-02-19 09:00:00,150.14,149.92,149.43,149.34,8,ENTRY_A_B_BREAK,2018-02-20 08:00:00,31367,31344,149.38,2018-02-19 17:00:00,15,2018-02-20 08:00:00,31367,149.38,0,
GBPJPY,H1,Research_2015_2024,2018-02-19 17:00:00,2018-02-15 12:00:00,2018-02-16 01:00:00,2018-02-19 09:00:00,150.14,149.92,149.43,149.34,8,ENTRY_B_B_SUPPORT_REACCEL,2018-02-20 16:00:00,31375,31344,150.12,2018-02-20 09:00:00,15,2018-02-20 08:00:00,31367,149.38,8,2018-02-20 09:00:00
GBPJPY,H1,Research_2015_2024,2018-02-19 17:00:00,2018-02-15 12:00:00,2018-02-16 01:00:00,2018-02-19 09:00:00,150.14,149.92,149.43,149.34,8,ENTRY_C_A_AFTER_B,2018-02-20 08:00:00,31367,31344,149.43,2018-02-19 09:00:00,15,2018-02-20 08:00:00,31367,149.38,0,
GBPJPY,H1,Research_2015_2024,2018-03-05 05:00:00,2018-02-27 18:00:00,2018-03-01 14:00:00,2018-03-04 23:00:00,149.58,147.42,145.81,145.54,6,ENTRY_A_B_BREAK,2018-03-06 11:00:00,31608,31572,147.4,2018-03-06 01:00:00,30,2018-03-06 11:00:00,31608,147.4,0,
GBPJPY,H1,Research_2015_2024,2018-03-05 05:00:00,2018-02-27 18:00:00,2018-03-01 14:00:00,2018-03-04 23:00:00,149.58,147.42,145.81,145.54,6,ENTRY_C_A_AFTER_B,2018-03-06 11:00:00,31608,31572,145.81,2018-03-04 23:00:00,30,2018-03-06 11:00:00,31608,147.4,0,
GBPJPY,H1,Research_2015_2024,2018-03-09 01:00:00,2018-03-06 12:00:00,2018-03-07 23:00:00,2018-03-08 12:00:00,147.97,147.62,147.48,147.38,13,ENTRY_A_B_BREAK,2018-03-09 11:00:00,31680,31657,147.48,2018-03-09 01:00:00,10,2018-03-09 11:00:00,31680,147.48,0,
GBPJPY,H1,Research_2015_2024,2018-03-09 01:00:00,2018-03-06 12:00:00,2018-03-07 23:00:00,2018-03-08 12:00:00,147.97,147.62,147.48,147.38,13,ENTRY_B_B_SUPPORT_REACCEL,2018-03-12 12:00:00,31704,31657,147.85,2018-03-12 05:00:00,10,2018-03-09 11:00:00,31680,147.48,24,2018-03-12 05:00:00
GBPJPY,H1,Research_2015_2024,2018-03-09 01:00:00,2018-03-06 12:00:00,2018-03-07 23:00:00,2018-03-08 12:00:00,147.97,147.62,147.48,147.38,13,ENTRY_C_A_AFTER_B,2018-03-09 11:00:00,31680,31657,147.48,2018-03-08 12:00:00,10,2018-03-09 11:00:00,31680,147.48,0,
GBPJPY,H1,Research_2015_2024,2018-04-23 14:00:00,2018-04-20 02:00:00,2018-04-20 10:00:00,2018-04-23 07:00:00,151.66,151.57,151.31,151.26,7,ENTRY_A_B_BREAK,2018-04-26 12:00:00,32491,32414,152.57,2018-04-24 13:00:00,70,2018-04-26 12:00:00,32491,152.57,0,
GBPJPY,H1,Research_2015_2024,2018-04-23 14:00:00,2018-04-20 02:00:00,2018-04-20 10:00:00,2018-04-23 07:00:00,151.66,151.57,151.31,151.26,7,ENTRY_C_A_AFTER_B,2018-04-26 12:00:00,32491,32414,151.31,2018-04-23 07:00:00,70,2018-04-26 12:00:00,32491,152.57,0,
GBPJPY,H1,Research_2015_2024,2018-05-08 23:00:00,2018-05-07 15:00:00,2018-05-08 06:00:00,2018-05-08 16:00:00,148.23,148.03,147.95,148.07,7,ENTRY_A_B_BREAK,2018-05-11 10:00:00,32731,32665,148.12,2018-05-11 00:00:00,59,2018-05-11 10:00:00,32731,148.12,0,
GBPJPY,H1,Research_2015_2024,2018-05-08 23:00:00,2018-05-07 15:00:00,2018-05-08 06:00:00,2018-05-08 16:00:00,148.23,148.03,147.95,148.07,7,ENTRY_C_A_AFTER_B,2018-05-11 10:00:00,32731,32665,147.95,2018-05-08 16:00:00,59,2018-05-11 10:00:00,32731,148.12,0,
GBPJPY,H1,Research_2015_2024,2018-05-30 11:00:00,2018-05-24 08:00:00,2018-05-25 01:00:00,2018-05-25 09:00:00,147.23,146.69,146.54,144.78,71,ENTRY_A_B_BREAK,2018-05-30 15:00:00,33043,32968,144.86,2018-05-29 14:00:00,4,2018-05-30 15:00:00,33043,144.86,0,
GBPJPY,H1,Research_2015_2024,2018-05-30 11:00:00,2018-05-24 08:00:00,2018-05-25 01:00:00,2018-05-25 09:00:00,147.23,146.69,146.54,144.78,71,ENTRY_C_A_AFTER_B,2018-06-04 00:00:00,33099,32968,146.54,2018-05-25 09:00:00,4,2018-05-30 15:00:00,33043,144.86,56,
GBPJPY,H1,Research_2015_2024,2018-07-20 08:00:00,2018-07-18 07:00:00,2018-07-18 20:00:00,2018-07-20 01:00:00,148.11,147.63,146.54,146.32,7,ENTRY_A_B_BREAK,2018-07-24 13:00:00,33966,33908,145.89,2018-07-24 07:00:00,51,2018-07-24 13:00:00,33966,145.89,0,
GBPJPY,H1,Research_2015_2024,2018-07-24 13:00:00,2018-07-23 12:00:00,2018-07-23 23:00:00,2018-07-24 07:00:00,146.13,146.04,145.89,145.9,6,ENTRY_A_B_BREAK,2018-07-30 14:00:00,34061,33960,145.82,2018-07-30 07:00:00,95,2018-07-30 14:00:00,34061,145.82,0,
GBPJPY,H1,Research_2015_2024,2018-07-24 13:00:00,2018-07-23 12:00:00,2018-07-23 23:00:00,2018-07-24 07:00:00,146.13,146.04,145.89,145.9,6,ENTRY_C_A_AFTER_B,2018-07-31 05:00:00,34076,33960,145.89,2018-07-24 07:00:00,95,2018-07-30 14:00:00,34061,145.82,15,
GBPJPY,H1,Research_2015_2024,2018-08-20 10:00:00,2018-08-17 06:00:00,2018-08-17 19:00:00,2018-08-20 04:00:00,141.12,141.03,140.98,141.01,6,ENTRY_A_B_BREAK,2018-08-22 15:00:00,34464,34405,142.64,2018-08-21 18:00:00,53,2018-08-22 15:00:00,34464,142.64,0,
GBPJPY,H1,Research_2015_2024,2018-08-20 10:00:00,2018-08-17 06:00:00,2018-08-17 19:00:00,2018-08-20 04:00:00,141.12,141.03,140.98,141.01,6,ENTRY_B_B_SUPPORT_REACCEL,2018-08-22 18:00:00,34467,34405,142.71,2018-08-22 16:00:00,53,2018-08-22 15:00:00,34464,142.64,3,2018-08-22 16:00:00
GBPJPY,H1,Research_2015_2024,2018-08-20 10:00:00,2018-08-17 06:00:00,2018-08-17 19:00:00,2018-08-20 04:00:00,141.12,141.03,140.98,141.01,6,ENTRY_C_A_AFTER_B,2018-08-22 15:00:00,34464,34405,140.98,2018-08-20 04:00:00,53,2018-08-22 15:00:00,34464,142.64,0,
GBPJPY,H1,Research_2015_2024,2018-10-01 07:00:00,2018-09-27 01:00:00,2018-09-27 16:00:00,2018-09-28 05:00:00,148.7,148.65,148.58,148.8,24,ENTRY_A_B_BREAK,2018-10-03 14:00:00,35171,35092,148.17,2018-10-03 08:00:00,55,2018-10-03 14:00:00,35171,148.17,0,
GBPJPY,H1,Research_2015_2024,2018-10-01 07:00:00,2018-09-27 01:00:00,2018-09-27 16:00:00,2018-09-28 05:00:00,148.7,148.65,148.58,148.8,24,ENTRY_C_A_AFTER_B,2018-10-05 12:00:00,35217,35092,148.58,2018-09-28 05:00:00,55,2018-10-03 14:00:00,35171,148.17,46,
GBPJPY,H1,Research_2015_2024,2018-10-24 00:00:00,2018-10-22 06:00:00,2018-10-23 11:00:00,2018-10-23 18:00:00,147.53,146.36,146.07,145.95,6,ENTRY_A_B_BREAK,2018-10-29 11:00:00,35591,35505,143.83,2018-10-26 17:00:00,80,2018-10-29 11:00:00,35591,143.83,0,
GBPJPY,H1,Research_2015_2024,2018-10-24 00:00:00,2018-10-22 06:00:00,2018-10-23 11:00:00,2018-10-23 18:00:00,147.53,146.36,146.07,145.95,6,ENTRY_C_A_AFTER_B,2018-11-01 16:00:00,35668,35505,146.07,2018-10-23 18:00:00,80,2018-10-29 11:00:00,35591,143.83,77,
GBPJPY,H1,Research_2015_2024,2018-10-29 04:00:00,2018-10-24 14:00:00,2018-10-25 08:00:00,2018-10-26 17:00:00,145.62,144.99,143.83,143.6,8,ENTRY_A_B_BREAK,2018-11-01 07:00:00,35659,35576,145.04,2018-10-31 16:00:00,75,2018-11-01 07:00:00,35659,145.04,0,
GBPJPY,H1,Research_2015_2024,2018-10-29 04:00:00,2018-10-24 14:00:00,2018-10-25 08:00:00,2018-10-26 17:00:00,145.62,144.99,143.83,143.6,8,ENTRY_B_B_SUPPORT_REACCEL,2018-11-01 09:00:00,35661,35576,145.4,2018-11-01 08:00:00,75,2018-11-01 07:00:00,35659,145.04,2,2018-11-01 08:00:00
GBPJPY,H1,Research_2015_2024,2018-10-29 04:00:00,2018-10-24 14:00:00,2018-10-25 08:00:00,2018-10-26 17:00:00,145.62,144.99,143.83,143.6,8,ENTRY_C_A_AFTER_B,2018-11-01 07:00:00,35659,35576,143.83,2018-10-26 17:00:00,75,2018-11-01 07:00:00,35659,145.04,0,
GBPJPY,H1,Research_2015_2024,2018-12-26 20:00:00,2018-12-19 16:00:00,2018-12-20 02:00:00,2018-12-20 12:00:00,142.19,142.06,141.94,140.7,100,ENTRY_A_B_BREAK,2018-12-26 20:00:00,36590,36490,139.88,2018-12-25 13:00:00,0,2018-12-26 20:00:00,36590,139.88,0,
GBPJPY,H1,Research_2015_2024,2018-12-26 20:00:00,2018-12-19 16:00:00,2018-12-20 02:00:00,2018-12-20 12:00:00,142.19,142.06,141.94,140.7,100,ENTRY_B_B_SUPPORT_REACCEL,2018-12-27 20:00:00,36614,36490,140.32,2018-12-27 10:00:00,0,2018-12-26 20:00:00,36590,139.88,24,2018-12-27 10:00:00
GBPJPY,H1,Research_2015_2024,2019-01-22 10:00:00,2019-01-17 19:00:00,2019-01-18 05:00:00,2019-01-21 17:00:00,142.18,142.05,141.5,141.34,17,ENTRY_A_B_BREAK,2019-01-23 02:00:00,37023,36990,141.89,2019-01-22 16:00:00,16,2019-01-23 02:00:00,37023,141.89,0,
GBPJPY,H1,Research_2015_2024,2019-01-22 10:00:00,2019-01-17 19:00:00,2019-01-18 05:00:00,2019-01-21 17:00:00,142.18,142.05,141.5,141.34,17,ENTRY_B_B_SUPPORT_REACCEL,2019-01-23 10:00:00,37031,36990,142.26,2019-01-23 03:00:00,16,2019-01-23 02:00:00,37023,141.89,8,2019-01-23 03:00:00
GBPJPY,H1,Research_2015_2024,2019-01-22 10:00:00,2019-01-17 19:00:00,2019-01-18 05:00:00,2019-01-21 17:00:00,142.18,142.05,141.5,141.34,17,ENTRY_C_A_AFTER_B,2019-01-23 02:00:00,37023,36990,141.5,2019-01-21 17:00:00,16,2019-01-23 02:00:00,37023,141.89,0,
GBPJPY,H1,Research_2015_2024,2019-01-31 16:00:00,2019-01-29 14:00:00,2019-01-30 15:00:00,2019-01-31 04:00:00,144.42,143.55,143.03,143.16,12,ENTRY_A_B_BREAK,2019-02-04 07:00:00,37216,37167,143.45,2019-02-01 18:00:00,37,2019-02-04 07:00:00,37216,143.45,0,
GBPJPY,H1,Research_2015_2024,2019-01-31 16:00:00,2019-01-29 14:00:00,2019-01-30 15:00:00,2019-01-31 04:00:00,144.42,143.55,143.03,143.16,12,ENTRY_B_B_SUPPORT_REACCEL,2019-02-04 16:00:00,37225,37167,143.82,2019-02-04 08:00:00,37,2019-02-04 07:00:00,37216,143.45,9,2019-02-04 08:00:00
GBPJPY,H1,Research_2015_2024,2019-01-31 16:00:00,2019-01-29 14:00:00,2019-01-30 15:00:00,2019-01-31 04:00:00,144.42,143.55,143.03,143.16,12,ENTRY_C_A_AFTER_B,2019-02-04 07:00:00,37216,37167,143.03,2019-01-31 04:00:00,37,2019-02-04 07:00:00,37216,143.45,0,
GBPJPY,H1,Research_2015_2024,2019-02-07 14:00:00,2019-02-06 03:00:00,2019-02-06 15:00:00,2019-02-06 23:00:00,142.47,142.41,142.33,142.24,15,ENTRY_A_B_BREAK,2019-02-07 15:00:00,37296,37280,142.24,2019-02-07 07:00:00,1,2019-02-07 15:00:00,37296,142.24,0,
GBPJPY,H1,Research_2015_2024,2019-02-07 14:00:00,2019-02-06 03:00:00,2019-02-06 15:00:00,2019-02-06 23:00:00,142.47,142.41,142.33,142.24,15,ENTRY_C_A_AFTER_B,2019-02-07 15:00:00,37296,37280,142.33,2019-02-06 23:00:00,1,2019-02-07 15:00:00,37296,142.24,0,
GBPJPY,H1,Research_2015_2024,2019-02-07 14:00:00,2019-02-06 15:00:00,2019-02-06 23:00:00,2019-02-07 07:00:00,142.41,142.33,142.24,142.24,7,ENTRY_A_B_BREAK,2019-02-13 02:00:00,37377,37288,142.57,2019-02-07 15:00:00,82,2019-02-13 02:00:00,37377,142.57,0,
GBPJPY,H1,Research_2015_2024,2019-02-07 14:00:00,2019-02-06 15:00:00,2019-02-06 23:00:00,2019-02-07 07:00:00,142.41,142.33,142.24,142.24,7,ENTRY_B_B_SUPPORT_REACCEL,2019-02-13 04:00:00,37379,37288,142.66,2019-02-13 03:00:00,82,2019-02-13 02:00:00,37377,142.57,2,2019-02-13 03:00:00
GBPJPY,H1,Research_2015_2024,2019-02-07 14:00:00,2019-02-06 15:00:00,2019-02-06 23:00:00,2019-02-07 07:00:00,142.41,142.33,142.24,142.24,7,ENTRY_C_A_AFTER_B,2019-02-13 02:00:00,37377,37288,142.24,2019-02-07 07:00:00,82,2019-02-13 02:00:00,37377,142.57,0,
GBPJPY,H1,Research_2015_2024,2019-03-15 08:00:00,2019-03-14 08:00:00,2019-03-14 16:00:00,2019-03-15 00:00:00,148.83,148.41,148.19,147.9,8,ENTRY_A_B_BREAK,2019-03-17 23:00:00,37920,37898,148.25,2019-03-15 10:00:00,14,2019-03-17 23:00:00,37920,148.25,0,
GBPJPY,H1,Research_2015_2024,2019-03-15 08:00:00,2019-03-14 08:00:00,2019-03-14 16:00:00,2019-03-15 00:00:00,148.83,148.41,148.19,147.9,8,ENTRY_C_A_AFTER_B,2019-03-17 23:00:00,37920,37898,148.19,2019-03-15 00:00:00,14,2019-03-17 23:00:00,37920,148.25,0,
GBPJPY,H1,Research_2015_2024,2019-03-22 03:00:00,2019-03-21 01:00:00,2019-03-21 14:00:00,2019-03-21 21:00:00,146.36,145.84,145.53,145.53,6,ENTRY_A_B_BREAK,2019-03-25 12:00:00,38052,38014,145.47,2019-03-24 23:00:00,32,2019-03-25 12:00:00,38052,145.47,0,
GBPJPY,H1,Research_2015_2024,2019-03-22 03:00:00,2019-03-21 01:00:00,2019-03-21 14:00:00,2019-03-21 21:00:00,146.36,145.84,145.53,145.53,6,ENTRY_C_A_AFTER_B,2019-03-25 12:00:00,38052,38014,145.53,2019-03-21 21:00:00,32,2019-03-25 12:00:00,38052,145.47,0,
GBPJPY,H1,Research_2015_2024,2019-04-17 19:00:00,2019-04-15 13:00:00,2019-04-16 12:00:00,2019-04-17 05:00:00,146.96,146.58,146.31,146.13,14,ENTRY_A_B_BREAK,2019-04-19 09:00:00,38503,38451,145.49,2019-04-19 00:00:00,38,2019-04-19 09:00:00,38503,145.49,0,
GBPJPY,H1,Research_2015_2024,2019-04-22 22:00:00,2019-04-17 06:00:00,2019-04-17 19:00:00,2019-04-18 07:00:00,146.31,146.18,146.01,145.27,62,ENTRY_A_B_BREAK,2019-04-24 18:00:00,38583,38477,144.87,2019-04-24 12:00:00,44,2019-04-24 18:00:00,38583,144.87,0,
GBPJPY,H1,Research_2015_2024,2019-05-21 11:00:00,2019-05-16 14:00:00,2019-05-17 01:00:00,2019-05-20 01:00:00,140.76,140.64,140.49,140.24,34,ENTRY_A_B_BREAK,2019-05-21 12:00:00,39029,38994,140.33,2019-05-21 03:00:00,1,2019-05-21 12:00:00,39029,140.33,0,
GBPJPY,H1,Research_2015_2024,2019-05-21 11:00:00,2019-05-16 14:00:00,2019-05-17 01:00:00,2019-05-20 01:00:00,140.76,140.64,140.49,140.24,34,ENTRY_B_B_SUPPORT_REACCEL,2019-05-22 01:00:00,39042,38994,140.52,2019-05-21 19:00:00,1,2019-05-21 12:00:00,39029,140.33,13,2019-05-21 19:00:00
GBPJPY,H1,Research_2015_2024,2019-05-21 11:00:00,2019-05-16 14:00:00,2019-05-17 01:00:00,2019-05-20 01:00:00,140.76,140.64,140.49,140.24,34,ENTRY_C_A_AFTER_B,2019-05-21 12:00:00,39029,38994,140.49,2019-05-20 01:00:00,1,2019-05-21 12:00:00,39029,140.33,0,
GBPJPY,H1,Research_2015_2024,2019-08-13 13:00:00,2019-08-06 20:00:00,2019-08-07 07:00:00,2019-08-08 03:00:00,129.57,129.49,129.3,128.65,81,ENTRY_A_B_BREAK,2019-08-13 13:00:00,40458,40377,127.34,2019-08-12 07:00:00,0,2019-08-13 13:00:00,40458,127.34,0,
GBPJPY,H1,Research_2015_2024,2019-08-13 13:00:00,2019-08-06 20:00:00,2019-08-07 07:00:00,2019-08-08 03:00:00,129.57,129.49,129.3,128.65,81,ENTRY_C_A_AFTER_B,2019-08-16 09:00:00,40526,40377,129.3,2019-08-08 03:00:00,0,2019-08-13 13:00:00,40458,127.34,68,
GBPJPY,H1,Research_2015_2024,2019-08-22 11:00:00,2019-08-21 03:00:00,2019-08-21 16:00:00,2019-08-22 00:00:00,129.64,129.43,129.33,129.4,11,ENTRY_A_B_BREAK,2019-08-27 13:00:00,40696,40612,130.09,2019-08-26 12:00:00,73,2019-08-27 13:00:00,40696,130.09,0,
GBPJPY,H1,Research_2015_2024,2019-08-22 11:00:00,2019-08-21 03:00:00,2019-08-21 16:00:00,2019-08-22 00:00:00,129.64,129.43,129.33,129.4,11,ENTRY_C_A_AFTER_B,2019-08-27 13:00:00,40696,40612,129.33,2019-08-22 00:00:00,73,2019-08-27 13:00:00,40696,130.09,0,
GBPJPY,H1,Research_2015_2024,2019-10-07 10:00:00,2019-10-03 15:00:00,2019-10-04 20:00:00,2019-10-07 04:00:00,132.51,131.86,131.73,131.76,6,ENTRY_A_B_BREAK,2019-10-09 08:00:00,41425,41373,131.05,2019-10-08 17:00:00,46,2019-10-09 08:00:00,41425,131.05,0,
GBPJPY,H1,Research_2015_2024,2019-10-07 10:00:00,2019-10-03 15:00:00,2019-10-04 20:00:00,2019-10-07 04:00:00,132.51,131.86,131.73,131.76,6,ENTRY_C_A_AFTER_B,2019-10-10 13:00:00,41454,41373,131.73,2019-10-07 04:00:00,46,2019-10-09 08:00:00,41425,131.05,29,
GBPJPY,H1,Research_2015_2024,2019-10-28 06:00:00,2019-10-25 07:00:00,2019-10-25 15:00:00,2019-10-28 00:00:00,139.75,139.56,139.46,139.49,6,ENTRY_A_B_BREAK,2019-10-29 13:00:00,41762,41725,140.23,2019-10-28 19:00:00,31,2019-10-29 13:00:00,41762,140.23,0,
GBPJPY,H1,Research_2015_2024,2019-10-28 06:00:00,2019-10-25 07:00:00,2019-10-25 15:00:00,2019-10-28 00:00:00,139.75,139.56,139.46,139.49,6,ENTRY_C_A_AFTER_B,2019-10-29 13:00:00,41762,41725,139.46,2019-10-28 00:00:00,31,2019-10-29 13:00:00,41762,140.23,0,
GBPJPY,H1,Research_2015_2024,2019-11-11 12:00:00,2019-11-06 08:00:00,2019-11-07 10:00:00,2019-11-07 17:00:00,140.56,140.5,140.38,140.28,42,ENTRY_A_B_BREAK,2019-11-12 06:00:00,41993,41933,140.45,2019-11-11 16:00:00,18,2019-11-12 06:00:00,41993,140.45,0,
GBPJPY,H1,Research_2015_2024,2019-11-11 12:00:00,2019-11-06 08:00:00,2019-11-07 10:00:00,2019-11-07 17:00:00,140.56,140.5,140.38,140.28,42,ENTRY_C_A_AFTER_B,2019-11-12 06:00:00,41993,41933,140.38,2019-11-07 17:00:00,18,2019-11-12 06:00:00,41993,140.45,0,
GBPJPY,H1,Research_2015_2024,2019-11-14 23:00:00,2019-11-12 06:00:00,2019-11-12 17:00:00,2019-11-13 06:00:00,140.55,140.38,140.22,139.73,41,ENTRY_A_B_BREAK,2019-11-15 00:00:00,42059,42017,139.73,2019-11-14 10:00:00,1,2019-11-15 00:00:00,42059,139.73,0,
GBPJPY,H1,Research_2015_2024,2019-11-14 23:00:00,2019-11-12 06:00:00,2019-11-12 17:00:00,2019-11-13 06:00:00,140.55,140.38,140.22,139.73,41,ENTRY_B_B_SUPPORT_REACCEL,2019-11-15 14:00:00,42073,42017,140.07,2019-11-15 09:00:00,1,2019-11-15 00:00:00,42059,139.73,14,2019-11-15 09:00:00
GBPJPY,H1,Research_2015_2024,2019-11-14 23:00:00,2019-11-12 06:00:00,2019-11-12 17:00:00,2019-11-13 06:00:00,140.55,140.38,140.22,139.73,41,ENTRY_C_A_AFTER_B,2019-11-15 14:00:00,42073,42017,140.22,2019-11-13 06:00:00,1,2019-11-15 00:00:00,42059,139.73,14,
GBPJPY,H1,Research_2015_2024,2019-12-09 06:00:00,2019-12-05 21:00:00,2019-12-06 14:00:00,2019-12-09 00:00:00,143.18,142.9,142.76,143.05,6,ENTRY_A_B_BREAK,2019-12-10 10:00:00,42473,42439,142.9,2019-12-09 17:00:00,28,2019-12-10 10:00:00,42473,142.9,0,
GBPJPY,H1,Research_2015_2024,2019-12-09 06:00:00,2019-12-05 21:00:00,2019-12-06 14:00:00,2019-12-09 00:00:00,143.18,142.9,142.76,143.05,6,ENTRY_B_B_SUPPORT_REACCEL,2019-12-10 17:00:00,42480,42439,143.26,2019-12-10 11:00:00,28,2019-12-10 10:00:00,42473,142.9,7,2019-12-10 11:00:00
GBPJPY,H1,Research_2015_2024,2019-12-09 06:00:00,2019-12-05 21:00:00,2019-12-06 14:00:00,2019-12-09 00:00:00,143.18,142.9,142.76,143.05,6,ENTRY_C_A_AFTER_B,2019-12-10 10:00:00,42473,42439,142.76,2019-12-09 00:00:00,28,2019-12-10 10:00:00,42473,142.9,0,
GBPJPY,H1,Research_2015_2024,2019-12-23 04:00:00,2019-12-13 02:00:00,2019-12-16 07:00:00,2019-12-16 20:00:00,147.92,146.78,146.32,142.32,103,ENTRY_A_B_BREAK,2019-12-24 12:00:00,42713,42578,141.62,2019-12-24 00:00:00,32,2019-12-24 12:00:00,42713,141.62,0,
GBPJPY,H1,Research_2015_2024,2019-12-23 04:00:00,2019-12-13 02:00:00,2019-12-16 07:00:00,2019-12-16 20:00:00,147.92,146.78,146.32,142.32,103,ENTRY_B_B_SUPPORT_REACCEL,2019-12-25 22:00:00,42720,42578,141.86,2019-12-24 13:00:00,32,2019-12-24 12:00:00,42713,141.62,7,2019-12-24 13:00:00
GBPJPY,H1,Research_2015_2024,2020-01-03 20:00:00,2020-01-02 01:00:00,2020-01-02 23:00:00,2020-01-03 13:00:00,144.15,142.75,141.72,141.3,7,ENTRY_A_B_BREAK,2020-01-06 08:00:00,42852,42834,141.46,2020-01-06 00:00:00,11,2020-01-06 08:00:00,42852,141.46,0,
GBPJPY,H1,Research_2015_2024,2020-01-03 20:00:00,2020-01-02 01:00:00,2020-01-02 23:00:00,2020-01-03 13:00:00,144.15,142.75,141.72,141.3,7,ENTRY_B_B_SUPPORT_REACCEL,2020-01-06 10:00:00,42854,42834,141.93,2020-01-06 09:00:00,11,2020-01-06 08:00:00,42852,141.46,2,2020-01-06 09:00:00
GBPJPY,H1,Research_2015_2024,2020-01-03 20:00:00,2020-01-02 01:00:00,2020-01-02 23:00:00,2020-01-03 13:00:00,144.15,142.75,141.72,141.3,7,ENTRY_C_A_AFTER_B,2020-01-06 09:00:00,42853,42834,141.72,2020-01-03 13:00:00,11,2020-01-06 08:00:00,42852,141.46,1,
GBPJPY,H1,Research_2015_2024,2020-01-30 12:00:00,2020-01-28 01:00:00,2020-01-28 22:00:00,2020-01-29 19:00:00,142.42,142.31,142.2,142.41,17,ENTRY_A_B_BREAK,2020-01-31 00:00:00,43297,43268,142.67,2020-01-30 13:00:00,12,2020-01-31 00:00:00,43297,142.67,0,
GBPJPY,H1,Research_2015_2024,2020-01-30 12:00:00,2020-01-28 01:00:00,2020-01-28 22:00:00,2020-01-29 19:00:00,142.42,142.31,142.2,142.41,17,ENTRY_B_B_SUPPORT_REACCEL,2020-01-31 07:00:00,43304,43268,142.97,2020-01-31 01:00:00,12,2020-01-31 00:00:00,43297,142.67,7,2020-01-31 01:00:00
GBPJPY,H1,Research_2015_2024,2020-01-30 12:00:00,2020-01-28 01:00:00,2020-01-28 22:00:00,2020-01-29 19:00:00,142.42,142.31,142.2,142.41,17,ENTRY_C_A_AFTER_B,2020-01-31 00:00:00,43297,43268,142.2,2020-01-29 19:00:00,12,2020-01-31 00:00:00,43297,142.67,0,
GBPJPY,H1,Research_2015_2024,2020-02-10 12:00:00,2020-02-06 08:00:00,2020-02-07 07:00:00,2020-02-07 13:00:00,142.79,142.33,142.27,141.89,22,ENTRY_A_B_BREAK,2020-02-10 12:00:00,43451,43429,141.71,2020-02-10 02:00:00,0,2020-02-10 12:00:00,43451,141.71,0,
GBPJPY,H1,Research_2015_2024,2020-02-10 12:00:00,2020-02-06 08:00:00,2020-02-07 07:00:00,2020-02-07 13:00:00,142.79,142.33,142.27,141.89,22,ENTRY_C_A_AFTER_B,2020-02-11 14:00:00,43477,43429,142.27,2020-02-07 13:00:00,0,2020-02-10 12:00:00,43451,141.71,26,
GBPJPY,H1,Research_2015_2024,2020-02-19 07:00:00,2020-02-13 16:00:00,2020-02-14 08:00:00,2020-02-17 05:00:00,143.44,143.37,143.31,143.21,50,ENTRY_A_B_BREAK,2020-02-19 07:00:00,43613,43563,143.2,2020-02-18 15:00:00,0,2020-02-19 07:00:00,43613,143.2,0,
GBPJPY,H1,Research_2015_2024,2020-02-19 07:00:00,2020-02-13 16:00:00,2020-02-14 08:00:00,2020-02-17 05:00:00,143.44,143.37,143.31,143.21,50,ENTRY_B_B_SUPPORT_REACCEL,2020-02-19 12:00:00,43618,43563,143.39,2020-02-19 11:00:00,0,2020-02-19 07:00:00,43613,143.2,5,2020-02-19 11:00:00
GBPJPY,H1,Research_2015_2024,2020-02-19 07:00:00,2020-02-13 16:00:00,2020-02-14 08:00:00,2020-02-17 05:00:00,143.44,143.37,143.31,143.21,50,ENTRY_C_A_AFTER_B,2020-02-19 09:00:00,43615,43563,143.31,2020-02-17 05:00:00,0,2020-02-19 07:00:00,43613,143.2,2,
GBPJPY,H1,Research_2015_2024,2020-03-04 11:00:00,2020-03-02 07:00:00,2020-03-03 00:00:00,2020-03-03 08:00:00,139.15,138.52,138.33,137.51,27,ENTRY_A_B_BREAK,2020-03-04 13:00:00,43857,43828,137.87,2020-03-04 01:00:00,2,2020-03-04 13:00:00,43857,137.87,0,
GBPJPY,H1,Research_2015_2024,2020-03-04 11:00:00,2020-03-02 07:00:00,2020-03-03 00:00:00,2020-03-03 08:00:00,139.15,138.52,138.33,137.51,27,ENTRY_C_A_AFTER_B,2020-03-04 21:00:00,43865,43828,138.33,2020-03-03 08:00:00,2,2020-03-04 13:00:00,43857,137.87,8,
GBPJPY,H1,Research_2015_2024,2020-03-04 12:00:00,2020-03-03 00:00:00,2020-03-03 08:00:00,2020-03-04 01:00:00,138.52,138.33,137.87,137.62,11,ENTRY_A_B_BREAK,2020-03-10 00:00:00,43939,43845,134.71,2020-03-09 15:00:00,83,2020-03-10 00:00:00,43939,134.71,0,
GBPJPY,H1,Research_2015_2024,2020-03-04 12:00:00,2020-03-03 00:00:00,2020-03-03 08:00:00,2020-03-04 01:00:00,138.52,138.33,137.87,137.62,11,ENTRY_B_B_SUPPORT_REACCEL,2020-03-10 03:00:00,43942,43845,135.29,2020-03-10 01:00:00,83,2020-03-10 00:00:00,43939,134.71,3,2020-03-10 01:00:00
GBPJPY,H1,Research_2015_2024,2020-03-20 04:00:00,2020-03-17 01:00:00,2020-03-17 08:00:00,2020-03-17 18:00:00,131.19,130.98,130.51,128.24,58,ENTRY_A_B_BREAK,2020-03-20 04:00:00,44134,44076,126.03,2020-03-19 00:00:00,0,2020-03-20 04:00:00,44134,126.03,0,
GBPJPY,H1,Research_2015_2024,2020-03-20 04:00:00,2020-03-17 01:00:00,2020-03-17 08:00:00,2020-03-17 18:00:00,131.19,130.98,130.51,128.24,58,ENTRY_C_A_AFTER_B,2020-03-20 14:00:00,44144,44076,130.51,2020-03-17 18:00:00,0,2020-03-20 04:00:00,44134,126.03,10,
GBPJPY,H1,Research_2015_2024,2020-03-31 09:00:00,2020-03-27 20:00:00,2020-03-30 12:00:00,2020-03-31 01:00:00,134.71,134.38,134.12,133.99,8,ENTRY_A_B_BREAK,2020-04-02 22:00:00,44367,44298,133.85,2020-04-02 10:00:00,61,2020-04-02 22:00:00,44367,133.85,0,
GBPJPY,H1,Research_2015_2024,2020-03-31 09:00:00,2020-03-27 20:00:00,2020-03-30 12:00:00,2020-03-31 01:00:00,134.71,134.38,134.12,133.99,8,ENTRY_C_A_AFTER_B,2020-04-06 07:00:00,44399,44298,134.12,2020-03-31 01:00:00,61,2020-04-02 22:00:00,44367,133.85,32,
GBPJPY,H1,Research_2015_2024,2020-05-19 06:00:00,2020-05-11 06:00:00,2020-05-11 17:00:00,2020-05-12 07:00:00,133.16,132.99,132.83,131.68,113,ENTRY_A_B_BREAK,2020-05-19 06:00:00,45113,45000,131.24,2020-05-18 15:00:00,0,2020-05-19 06:00:00,45113,131.24,0,
GBPJPY,H1,Research_2015_2024,2020-05-19 06:00:00,2020-05-11 06:00:00,2020-05-11 17:00:00,2020-05-12 07:00:00,133.16,132.99,132.83,131.68,113,ENTRY_B_B_SUPPORT_REACCEL,2020-05-19 09:00:00,45116,45000,131.59,2020-05-19 08:00:00,0,2020-05-19 06:00:00,45113,131.24,3,2020-05-19 08:00:00
GBPJPY,H1,Research_2015_2024,2020-08-03 22:00:00,2020-07-31 14:00:00,2020-08-03 00:00:00,2020-08-03 16:00:00,139.15,138.96,138.66,138.63,6,ENTRY_A_B_BREAK,2020-08-05 07:00:00,46447,46408,138.27,2020-08-05 00:00:00,33,2020-08-05 07:00:00,46447,138.27,0,
GBPJPY,H1,Research_2015_2024,2020-08-03 22:00:00,2020-07-31 14:00:00,2020-08-03 00:00:00,2020-08-03 16:00:00,139.15,138.96,138.66,138.63,6,ENTRY_B_B_SUPPORT_REACCEL,2020-08-05 11:00:00,46451,46408,138.79,2020-08-05 09:00:00,33,2020-08-05 07:00:00,46447,138.27,4,2020-08-05 09:00:00
GBPJPY,H1,Research_2015_2024,2020-08-03 22:00:00,2020-07-31 14:00:00,2020-08-03 00:00:00,2020-08-03 16:00:00,139.15,138.96,138.66,138.63,6,ENTRY_C_A_AFTER_B,2020-08-05 09:00:00,46449,46408,138.66,2020-08-03 16:00:00,33,2020-08-05 07:00:00,46447,138.27,2,
GBPJPY,H1,Research_2015_2024,2020-08-20 08:00:00,2020-08-19 06:00:00,2020-08-19 15:00:00,2020-08-20 00:00:00,139.91,139.48,139.09,138.83,8,ENTRY_A_B_BREAK,2020-08-24 09:00:00,46761,46704,138.67,2020-08-23 22:00:00,49,2020-08-24 09:00:00,46761,138.67,0,
GBPJPY,H1,Research_2015_2024,2020-08-20 08:00:00,2020-08-19 06:00:00,2020-08-19 15:00:00,2020-08-20 00:00:00,139.91,139.48,139.09,138.83,8,ENTRY_B_B_SUPPORT_REACCEL,2020-08-24 11:00:00,46763,46704,138.77,2020-08-24 10:00:00,49,2020-08-24 09:00:00,46761,138.67,2,2020-08-24 10:00:00
GBPJPY,H1,Research_2015_2024,2020-08-20 08:00:00,2020-08-19 06:00:00,2020-08-19 15:00:00,2020-08-20 00:00:00,139.91,139.48,139.09,138.83,8,ENTRY_C_A_AFTER_B,2020-08-25 07:00:00,46783,46704,139.09,2020-08-20 00:00:00,49,2020-08-24 09:00:00,46761,138.67,22,
GBPJPY,H1,Research_2015_2024,2020-10-19 04:00:00,2020-10-13 08:00:00,2020-10-14 13:00:00,2020-10-15 00:00:00,137.74,137.29,137.13,136.38,51,ENTRY_A_B_BREAK,2020-10-19 05:00:00,47712,47660,136.38,2020-10-16 15:00:00,1,2020-10-19 05:00:00,47712,136.38,0,
GBPJPY,H1,Research_2015_2024,2020-10-19 04:00:00,2020-10-13 08:00:00,2020-10-14 13:00:00,2020-10-15 00:00:00,137.74,137.29,137.13,136.38,51,ENTRY_B_B_SUPPORT_REACCEL,2020-10-19 21:00:00,47728,47660,136.51,2020-10-19 18:00:00,1,2020-10-19 05:00:00,47712,136.38,16,2020-10-19 18:00:00
GBPJPY,H1,Research_2015_2024,2020-10-19 04:00:00,2020-10-13 08:00:00,2020-10-14 13:00:00,2020-10-15 00:00:00,137.74,137.29,137.13,136.38,51,ENTRY_C_A_AFTER_B,2020-10-21 13:00:00,47768,47660,137.13,2020-10-15 00:00:00,1,2020-10-19 05:00:00,47712,136.38,56,
GBPJPY,H1,Research_2015_2024,2020-11-02 16:00:00,2020-10-30 12:00:00,2020-10-30 19:00:00,2020-11-02 09:00:00,135.77,135.65,135.39,135.27,7,ENTRY_A_B_BREAK,2020-11-03 07:00:00,47975,47953,135.41,2020-11-03 01:00:00,15,2020-11-03 07:00:00,47975,135.41,0,
GBPJPY,H1,Research_2015_2024,2020-11-02 16:00:00,2020-10-30 12:00:00,2020-10-30 19:00:00,2020-11-02 09:00:00,135.77,135.65,135.39,135.27,7,ENTRY_C_A_AFTER_B,2020-11-03 07:00:00,47975,47953,135.39,2020-11-02 09:00:00,15,2020-11-03 07:00:00,47975,135.41,0,
GBPJPY,H1,Research_2015_2024,2020-11-08 22:00:00,2020-11-05 10:00:00,2020-11-05 22:00:00,2020-11-06 07:00:00,136.26,136.21,136.08,136.07,14,ENTRY_A_B_BREAK,2020-11-08 23:00:00,48062,48047,136.09,2020-11-06 15:00:00,1,2020-11-08 23:00:00,48062,136.09,0,
GBPJPY,H1,Research_2015_2024,2020-11-08 22:00:00,2020-11-05 10:00:00,2020-11-05 22:00:00,2020-11-06 07:00:00,136.26,136.21,136.08,136.07,14,ENTRY_B_B_SUPPORT_REACCEL,2020-11-09 03:00:00,48066,48047,136.26,2020-11-09 00:00:00,1,2020-11-08 23:00:00,48062,136.09,4,2020-11-09 00:00:00
GBPJPY,H1,Research_2015_2024,2020-11-08 22:00:00,2020-11-05 10:00:00,2020-11-05 22:00:00,2020-11-06 07:00:00,136.26,136.21,136.08,136.07,14,ENTRY_C_A_AFTER_B,2020-11-08 23:00:00,48062,48047,136.08,2020-11-06 07:00:00,1,2020-11-08 23:00:00,48062,136.09,0,
GBPJPY,H1,Research_2015_2024,2020-11-20 03:00:00,2020-11-17 11:00:00,2020-11-17 22:00:00,2020-11-18 08:00:00,138.32,138.18,138.14,137.79,43,ENTRY_A_B_BREAK,2020-11-20 15:00:00,48293,48238,137.97,2020-11-19 09:00:00,12,2020-11-20 15:00:00,48293,137.97,0,
GBPJPY,H1,Research_2015_2024,2020-11-20 03:00:00,2020-11-17 11:00:00,2020-11-17 22:00:00,2020-11-18 08:00:00,138.32,138.18,138.14,137.79,43,ENTRY_C_A_AFTER_B,2020-11-23 00:00:00,48301,48238,138.14,2020-11-18 08:00:00,12,2020-11-20 15:00:00,48293,137.97,8,
GBPJPY,H1,Research_2015_2024,2020-11-30 07:00:00,2020-11-26 21:00:00,2020-11-27 07:00:00,2020-11-27 13:00:00,139.27,139.16,139.08,138.91,17,ENTRY_A_B_BREAK,2020-11-30 07:00:00,48427,48410,138.84,2020-11-29 22:00:00,0,2020-11-30 07:00:00,48427,138.84,0,
GBPJPY,H1,Research_2015_2024,2020-11-30 07:00:00,2020-11-26 21:00:00,2020-11-27 07:00:00,2020-11-27 13:00:00,139.27,139.16,139.08,138.91,17,ENTRY_C_A_AFTER_B,2020-11-30 12:00:00,48432,48410,139.08,2020-11-27 13:00:00,0,2020-11-30 07:00:00,48427,138.84,5,
GBPJPY,H1,Research_2015_2024,2021-04-16 07:00:00,2021-04-13 04:00:00,2021-04-14 06:00:00,2021-04-14 13:00:00,150.79,150.42,150.35,149.89,42,ENTRY_A_B_BREAK,2021-04-19 10:00:00,50797,50729,150.57,2021-04-16 18:00:00,26,2021-04-19 10:00:00,50797,150.57,0,
GBPJPY,H1,Research_2015_2024,2021-04-16 07:00:00,2021-04-13 04:00:00,2021-04-14 06:00:00,2021-04-14 13:00:00,150.79,150.42,150.35,149.89,42,ENTRY_C_A_AFTER_B,2021-04-19 10:00:00,50797,50729,150.35,2021-04-14 13:00:00,26,2021-04-19 10:00:00,50797,150.57,0,
GBPJPY,H1,Research_2015_2024,2021-07-09 06:00:00,2021-07-06 05:00:00,2021-07-07 09:00:00,2021-07-07 19:00:00,154.03,153.14,152.77,151.66,35,ENTRY_A_B_BREAK,2021-07-12 22:00:00,52237,52163,153.21,2021-07-11 22:00:00,39,2021-07-12 22:00:00,52237,153.21,0,
GBPJPY,H1,Research_2015_2024,2021-07-09 06:00:00,2021-07-06 05:00:00,2021-07-07 09:00:00,2021-07-07 19:00:00,154.03,153.14,152.77,151.66,35,ENTRY_B_B_SUPPORT_REACCEL,2021-07-13 00:00:00,52239,52163,153.32,2021-07-12 23:00:00,39,2021-07-12 22:00:00,52237,153.21,2,2021-07-12 23:00:00
GBPJPY,H1,Research_2015_2024,2021-07-09 06:00:00,2021-07-06 05:00:00,2021-07-07 09:00:00,2021-07-07 19:00:00,154.03,153.14,152.77,151.66,35,ENTRY_C_A_AFTER_B,2021-07-12 22:00:00,52237,52163,152.77,2021-07-07 19:00:00,39,2021-07-12 22:00:00,52237,153.21,0,
GBPJPY,H1,Research_2015_2024,2021-07-20 06:00:00,2021-07-16 06:00:00,2021-07-19 04:00:00,2021-07-20 00:00:00,152.57,151.27,149.92,149.75,6,ENTRY_A_B_BREAK,2021-07-20 21:00:00,52379,52358,149.77,2021-07-20 14:00:00,15,2021-07-20 21:00:00,52379,149.77,0,
GBPJPY,H1,Research_2015_2024,2021-07-20 06:00:00,2021-07-16 06:00:00,2021-07-19 04:00:00,2021-07-20 00:00:00,152.57,151.27,149.92,149.75,6,ENTRY_C_A_AFTER_B,2021-07-21 06:00:00,52388,52358,149.92,2021-07-20 00:00:00,15,2021-07-20 21:00:00,52379,149.77,9,
GBPJPY,H1,Research_2015_2024,2021-08-17 03:00:00,2021-08-13 11:00:00,2021-08-16 09:00:00,2021-08-16 21:00:00,152.43,151.71,151.3,151.12,6,ENTRY_A_B_BREAK,2021-08-22 22:00:00,52927,52831,149.75,2021-08-20 11:00:00,90,2021-08-22 22:00:00,52927,149.75,0,
GBPJPY,H1,Research_2015_2024,2021-08-17 03:00:00,2021-08-13 11:00:00,2021-08-16 09:00:00,2021-08-16 21:00:00,152.43,151.71,151.3,151.12,6,ENTRY_B_B_SUPPORT_REACCEL,2021-08-23 03:00:00,52932,52831,149.95,2021-08-23 01:00:00,90,2021-08-22 22:00:00,52927,149.75,5,2021-08-23 01:00:00
GBPJPY,H1,Research_2015_2024,2021-08-17 03:00:00,2021-08-13 11:00:00,2021-08-16 09:00:00,2021-08-16 21:00:00,152.43,151.71,151.3,151.12,6,ENTRY_C_A_AFTER_B,2021-08-25 15:00:00,52992,52831,151.3,2021-08-16 21:00:00,90,2021-08-22 22:00:00,52927,149.75,65,
GBPJPY,H1,Research_2015_2024,2021-09-22 12:00:00,2021-09-21 06:00:00,2021-09-21 23:00:00,2021-09-22 05:00:00,150.1,149.69,149.6,149.57,7,ENTRY_A_B_BREAK,2021-09-23 04:00:00,53481,53458,149.9,2021-09-22 16:00:00,16,2021-09-23 04:00:00,53481,149.9,0,
GBPJPY,H1,Research_2015_2024,2021-09-22 12:00:00,2021-09-21 06:00:00,2021-09-21 23:00:00,2021-09-22 05:00:00,150.1,149.69,149.6,149.57,7,ENTRY_B_B_SUPPORT_REACCEL,2021-09-23 07:00:00,53484,53458,150.27,2021-09-23 05:00:00,16,2021-09-23 04:00:00,53481,149.9,3,2021-09-23 05:00:00
GBPJPY,H1,Research_2015_2024,2021-09-22 12:00:00,2021-09-21 06:00:00,2021-09-21 23:00:00,2021-09-22 05:00:00,150.1,149.69,149.6,149.57,7,ENTRY_C_A_AFTER_B,2021-09-23 04:00:00,53481,53458,149.6,2021-09-22 05:00:00,16,2021-09-23 04:00:00,53481,149.9,0,
GBPJPY,H1,Research_2015_2024,2021-10-04 05:00:00,2021-09-30 10:00:00,2021-10-01 12:00:00,2021-10-03 21:00:00,150.9,150.68,150.6,150.71,8,ENTRY_A_B_BREAK,2021-10-05 10:00:00,53677,53640,151.49,2021-10-04 12:00:00,29,2021-10-05 10:00:00,53677,151.49,0,
GBPJPY,H1,Research_2015_2024,2021-10-04 05:00:00,2021-09-30 10:00:00,2021-10-01 12:00:00,2021-10-03 21:00:00,150.9,150.68,150.6,150.71,8,ENTRY_C_A_AFTER_B,2021-10-05 10:00:00,53677,53640,150.6,2021-10-03 21:00:00,29,2021-10-05 10:00:00,53677,151.49,0,
GBPJPY,H1,Research_2015_2024,2021-10-19 00:00:00,2021-10-15 11:00:00,2021-10-17 21:00:00,2021-10-18 05:00:00,157.38,157.32,157.24,157.1,19,ENTRY_A_B_BREAK,2021-10-19 22:00:00,53927,53886,158.0,2021-10-19 10:00:00,22,2021-10-19 22:00:00,53927,158.0,0,
GBPJPY,H1,Research_2015_2024,2021-10-19 00:00:00,2021-10-15 11:00:00,2021-10-17 21:00:00,2021-10-18 05:00:00,157.38,157.32,157.24,157.1,19,ENTRY_C_A_AFTER_B,2021-10-19 22:00:00,53927,53886,157.24,2021-10-18 05:00:00,22,2021-10-19 22:00:00,53927,158.0,0,
GBPJPY,H1,Research_2015_2024,2021-12-03 05:00:00,2021-12-01 06:00:00,2021-12-02 09:00:00,2021-12-02 17:00:00,151.4,150.75,150.68,150.52,12,ENTRY_A_B_BREAK,2021-12-06 07:00:00,54730,54691,149.65,2021-12-05 23:00:00,27,2021-12-06 07:00:00,54730,149.65,0,
GBPJPY,H1,Research_2015_2024,2021-12-03 05:00:00,2021-12-01 06:00:00,2021-12-02 09:00:00,2021-12-02 17:00:00,151.4,150.75,150.68,150.52,12,ENTRY_B_B_SUPPORT_REACCEL,2021-12-06 09:00:00,54732,54691,150.06,2021-12-06 08:00:00,27,2021-12-06 07:00:00,54730,149.65,2,2021-12-06 08:00:00
GBPJPY,H1,Research_2015_2024,2021-12-03 05:00:00,2021-12-01 06:00:00,2021-12-02 09:00:00,2021-12-02 17:00:00,151.4,150.75,150.68,150.52,12,ENTRY_C_A_AFTER_B,2021-12-07 03:00:00,54750,54691,150.68,2021-12-02 17:00:00,27,2021-12-06 07:00:00,54730,149.65,20,
GBPJPY,H1,Research_2015_2024,2022-01-05 14:00:00,2022-01-04 15:00:00,2022-01-04 23:00:00,2022-01-05 07:00:00,157.39,157.26,157.12,157.05,7,ENTRY_A_B_BREAK,2022-01-07 00:00:00,55280,55239,156.98,2022-01-06 13:00:00,34,2022-01-07 00:00:00,55280,156.98,0,
GBPJPY,H1,Research_2015_2024,2022-01-05 14:00:00,2022-01-04 15:00:00,2022-01-04 23:00:00,2022-01-05 07:00:00,157.39,157.26,157.12,157.05,7,ENTRY_B_B_SUPPORT_REACCEL,2022-01-07 04:00:00,55284,55239,156.97,2022-01-07 03:00:00,34,2022-01-07 00:00:00,55280,156.98,4,2022-01-07 03:00:00
GBPJPY,H1,Research_2015_2024,2022-01-05 14:00:00,2022-01-04 15:00:00,2022-01-04 23:00:00,2022-01-05 07:00:00,157.39,157.26,157.12,157.05,7,ENTRY_C_A_AFTER_B,2022-01-10 00:00:00,55303,55239,157.12,2022-01-05 07:00:00,34,2022-01-07 00:00:00,55280,156.98,23,
GBPJPY,H1,Research_2015_2024,2022-02-25 02:00:00,2022-02-23 08:00:00,2022-02-24 00:00:00,2022-02-24 18:00:00,156.74,155.85,154.95,154.62,8,ENTRY_A_B_BREAK,2022-02-25 11:00:00,56124,56107,154.76,2022-02-25 05:00:00,9,2022-02-25 11:00:00,56124,154.76,0,
GBPJPY,H1,Research_2015_2024,2022-02-25 02:00:00,2022-02-23 08:00:00,2022-02-24 00:00:00,2022-02-24 18:00:00,156.74,155.85,154.95,154.62,8,ENTRY_C_A_AFTER_B,2022-02-25 14:00:00,56127,56107,154.95,2022-02-24 18:00:00,9,2022-02-25 11:00:00,56124,154.76,3,
GBPJPY,H1,Research_2015_2024,2022-06-15 06:00:00,2022-06-13 02:00:00,2022-06-14 02:00:00,2022-06-15 00:00:00,166.07,164.28,162.8,162.54,6,ENTRY_A_B_BREAK,2022-06-15 20:00:00,57991,57971,163.06,2022-06-15 10:00:00,14,2022-06-15 20:00:00,57991,163.06,0,
GBPJPY,H1,Research_2015_2024,2022-06-15 06:00:00,2022-06-13 02:00:00,2022-06-14 02:00:00,2022-06-15 00:00:00,166.07,164.28,162.8,162.54,6,ENTRY_B_B_SUPPORT_REACCEL,2022-06-15 22:00:00,57993,57971,163.28,2022-06-15 21:00:00,14,2022-06-15 20:00:00,57991,163.06,2,2022-06-15 21:00:00
GBPJPY,H1,Research_2015_2024,2022-06-15 06:00:00,2022-06-13 02:00:00,2022-06-14 02:00:00,2022-06-15 00:00:00,166.07,164.28,162.8,162.54,6,ENTRY_C_A_AFTER_B,2022-06-15 20:00:00,57991,57971,162.8,2022-06-15 00:00:00,14,2022-06-15 20:00:00,57991,163.06,0,
GBPJPY,H1,Research_2015_2024,2022-07-04 03:00:00,2022-06-30 12:00:00,2022-06-30 18:00:00,2022-07-03 20:00:00,165.62,165.3,163.96,163.72,7,ENTRY_A_B_BREAK,2022-07-04 22:00:00,58302,58276,164.71,2022-07-04 11:00:00,19,2022-07-04 22:00:00,58302,164.71,0,
GBPJPY,H1,Research_2015_2024,2022-07-04 03:00:00,2022-06-30 12:00:00,2022-06-30 18:00:00,2022-07-03 20:00:00,165.62,165.3,163.96,163.72,7,ENTRY_C_A_AFTER_B,2022-07-04 22:00:00,58302,58276,163.96,2022-07-03 20:00:00,19,2022-07-04 22:00:00,58302,164.71,0,
GBPJPY,H1,Research_2015_2024,2022-07-12 14:00:00,2022-07-11 10:00:00,2022-07-11 21:00:00,2022-07-12 04:00:00,164.12,163.5,163.17,162.77,10,ENTRY_A_B_BREAK,2022-07-13 00:00:00,58447,58427,162.86,2022-07-12 14:00:00,10,2022-07-13 00:00:00,58447,162.86,0,
GBPJPY,H1,Research_2015_2024,2022-07-12 14:00:00,2022-07-11 10:00:00,2022-07-11 21:00:00,2022-07-12 04:00:00,164.12,163.5,163.17,162.77,10,ENTRY_B_B_SUPPORT_REACCEL,2022-07-13 04:00:00,58451,58427,163.13,2022-07-13 03:00:00,10,2022-07-13 00:00:00,58447,162.86,4,2022-07-13 03:00:00
GBPJPY,H1,Research_2015_2024,2022-07-12 14:00:00,2022-07-11 10:00:00,2022-07-11 21:00:00,2022-07-12 04:00:00,164.12,163.5,163.17,162.77,10,ENTRY_C_A_AFTER_B,2022-07-13 00:00:00,58447,58427,163.17,2022-07-12 04:00:00,10,2022-07-13 00:00:00,58447,162.86,0,
GBPJPY,H1,Research_2015_2024,2022-07-17 21:00:00,2022-07-14 06:00:00,2022-07-15 00:00:00,2022-07-15 11:00:00,165.15,164.67,164.52,164.4,9,ENTRY_A_B_BREAK,2022-07-20 07:00:00,58573,58506,166.05,2022-07-18 12:00:00,58,2022-07-20 07:00:00,58573,166.05,0,
GBPJPY,H1,Research_2015_2024,2022-07-17 21:00:00,2022-07-14 06:00:00,2022-07-15 00:00:00,2022-07-15 11:00:00,165.15,164.67,164.52,164.4,9,ENTRY_C_A_AFTER_B,2022-07-20 07:00:00,58573,58506,164.52,2022-07-15 11:00:00,58,2022-07-20 07:00:00,58573,166.05,0,
GBPJPY,H1,Research_2015_2024,2022-07-29 17:00:00,2022-07-27 17:00:00,2022-07-28 06:00:00,2022-07-28 22:00:00,166.29,165.25,163.85,162.3,19,ENTRY_A_B_BREAK,2022-08-04 05:00:00,58833,58731,163.03,2022-08-03 12:00:00,83,2022-08-04 05:00:00,58833,163.03,0,
GBPJPY,H1,Research_2015_2024,2022-08-23 17:00:00,2022-08-17 12:00:00,2022-08-18 08:00:00,2022-08-19 05:00:00,163.53,163.2,162.8,161.77,59,ENTRY_A_B_BREAK,2022-08-26 11:00:00,59220,59095,162.26,2022-08-23 11:00:00,66,2022-08-26 11:00:00,59220,162.26,0,
GBPJPY,H1,Research_2015_2024,2022-08-26 07:00:00,2022-08-25 04:00:00,2022-08-25 12:00:00,2022-08-26 00:00:00,161.97,161.89,161.69,161.92,7,ENTRY_A_B_BREAK,2022-08-31 23:00:00,59303,59209,161.53,2022-08-31 13:00:00,87,2022-08-31 23:00:00,59303,161.53,0,
GBPJPY,H1,Research_2015_2024,2022-08-26 07:00:00,2022-08-25 04:00:00,2022-08-25 12:00:00,2022-08-26 00:00:00,161.97,161.89,161.69,161.92,7,ENTRY_C_A_AFTER_B,2022-09-01 16:00:00,59320,59209,161.69,2022-08-26 00:00:00,87,2022-08-31 23:00:00,59303,161.53,17,
GBPJPY,H1,Research_2015_2024,2022-09-28 12:00:00,2022-09-26 10:00:00,2022-09-27 04:00:00,2022-09-27 20:00:00,157.17,156.33,155.45,155.39,16,ENTRY_A_B_BREAK,2022-09-29 07:00:00,59787,59752,157.05,2022-09-28 15:00:00,19,2022-09-29 07:00:00,59787,157.05,0,
GBPJPY,H1,Research_2015_2024,2022-09-28 12:00:00,2022-09-26 10:00:00,2022-09-27 04:00:00,2022-09-27 20:00:00,157.17,156.33,155.45,155.39,16,ENTRY_C_A_AFTER_B,2022-09-29 07:00:00,59787,59752,155.45,2022-09-27 20:00:00,19,2022-09-29 07:00:00,59787,157.05,0,
GBPJPY,H1,Research_2015_2024,2022-10-25 06:00:00,2022-10-23 20:00:00,2022-10-24 04:00:00,2022-10-25 00:00:00,169.76,169.47,168.58,168.47,6,ENTRY_A_B_BREAK,2022-10-26 05:00:00,60231,60205,169.9,2022-10-25 11:00:00,20,2022-10-26 05:00:00,60231,169.9,0,
GBPJPY,H1,Research_2015_2024,2022-10-25 06:00:00,2022-10-23 20:00:00,2022-10-24 04:00:00,2022-10-25 00:00:00,169.76,169.47,168.58,168.47,6,ENTRY_C_A_AFTER_B,2022-10-26 05:00:00,60231,60205,168.58,2022-10-25 00:00:00,20,2022-10-26 05:00:00,60231,169.9,0,
GBPJPY,H1,Research_2015_2024,2022-11-01 19:00:00,2022-10-28 18:00:00,2022-11-01 04:00:00,2022-11-01 12:00:00,171.34,170.91,170.45,170.21,7,ENTRY_A_B_BREAK,2022-11-04 15:00:00,60380,60305,166.24,2022-11-04 02:00:00,68,2022-11-04 15:00:00,60380,166.24,0,
GBPJPY,H1,Research_2015_2024,2022-11-01 19:00:00,2022-10-28 18:00:00,2022-11-01 04:00:00,2022-11-01 12:00:00,171.34,170.91,170.45,170.21,7,ENTRY_B_B_SUPPORT_REACCEL,2022-11-07 00:00:00,60388,60305,166.68,2022-11-06 21:00:00,68,2022-11-04 15:00:00,60380,166.24,8,2022-11-06 21:00:00
GBPJPY,H1,Research_2015_2024,2022-11-16 00:00:00,2022-11-07 17:00:00,2022-11-08 15:00:00,2022-11-09 05:00:00,169.06,168.62,168.29,166.11,114,ENTRY_A_B_BREAK,2022-11-16 00:00:00,60555,60441,164.71,2022-11-13 22:00:00,0,2022-11-16 00:00:00,60555,164.71,0,
GBPJPY,H1,Research_2015_2024,2022-11-29 05:00:00,2022-11-25 08:00:00,2022-11-28 11:00:00,2022-11-28 23:00:00,168.76,167.4,166.58,166.37,6,ENTRY_A_B_BREAK,2022-11-30 07:00:00,60800,60768,166.23,2022-11-30 01:00:00,26,2022-11-30 07:00:00,60800,166.23,0,
GBPJPY,H1,Research_2015_2024,2022-11-29 05:00:00,2022-11-25 08:00:00,2022-11-28 11:00:00,2022-11-28 23:00:00,168.76,167.4,166.58,166.37,6,ENTRY_B_B_SUPPORT_REACCEL,2022-11-30 11:00:00,60804,60768,166.62,2022-11-30 10:00:00,26,2022-11-30 07:00:00,60800,166.23,4,2022-11-30 10:00:00
GBPJPY,H1,Research_2015_2024,2022-11-29 05:00:00,2022-11-25 08:00:00,2022-11-28 11:00:00,2022-11-28 23:00:00,168.76,167.4,166.58,166.37,6,ENTRY_C_A_AFTER_B,2022-11-30 07:00:00,60800,60768,166.58,2022-11-28 23:00:00,26,2022-11-30 07:00:00,60800,166.23,0,
GBPJPY,H1,Research_2015_2024,2023-01-10 15:00:00,2023-01-09 08:00:00,2023-01-09 14:00:00,2023-01-09 23:00:00,161.16,161.04,160.9,160.64,16,ENTRY_A_B_BREAK,2023-01-11 01:00:00,61518,61492,160.87,2023-01-10 17:00:00,10,2023-01-11 01:00:00,61518,160.87,0,
GBPJPY,H1,Research_2015_2024,2023-01-10 15:00:00,2023-01-09 08:00:00,2023-01-09 14:00:00,2023-01-09 23:00:00,161.16,161.04,160.9,160.64,16,ENTRY_C_A_AFTER_B,2023-01-11 01:00:00,61518,61492,160.9,2023-01-09 23:00:00,10,2023-01-11 01:00:00,61518,160.87,0,
GBPJPY,H1,Research_2015_2024,2023-02-16 01:00:00,2023-02-14 21:00:00,2023-02-15 06:00:00,2023-02-15 15:00:00,162.06,161.8,161.45,161.15,10,ENTRY_A_B_BREAK,2023-02-20 19:00:00,62214,62137,161.61,2023-02-17 19:00:00,67,2023-02-20 19:00:00,62214,161.61,0,
GBPJPY,H1,Research_2015_2024,2023-02-16 01:00:00,2023-02-14 21:00:00,2023-02-15 06:00:00,2023-02-15 15:00:00,162.06,161.8,161.45,161.15,10,ENTRY_C_A_AFTER_B,2023-02-20 19:00:00,62214,62137,161.45,2023-02-15 15:00:00,67,2023-02-20 19:00:00,62214,161.61,0,
GBPJPY,H1,Research_2015_2024,2023-03-09 22:00:00,2023-03-08 04:00:00,2023-03-08 20:00:00,2023-03-09 16:00:00,162.95,162.74,162.58,162.59,6,ENTRY_A_B_BREAK,2023-03-14 07:00:00,62585,62523,162.77,2023-03-13 18:00:00,56,2023-03-14 07:00:00,62585,162.77,0,
GBPJPY,H1,Research_2015_2024,2023-03-09 22:00:00,2023-03-08 04:00:00,2023-03-08 20:00:00,2023-03-09 16:00:00,162.95,162.74,162.58,162.59,6,ENTRY_B_B_SUPPORT_REACCEL,2023-03-14 10:00:00,62588,62523,163.21,2023-03-14 08:00:00,56,2023-03-14 07:00:00,62585,162.77,3,2023-03-14 08:00:00
GBPJPY,H1,Research_2015_2024,2023-03-09 22:00:00,2023-03-08 04:00:00,2023-03-08 20:00:00,2023-03-09 16:00:00,162.95,162.74,162.58,162.59,6,ENTRY_C_A_AFTER_B,2023-03-14 07:00:00,62585,62523,162.58,2023-03-09 16:00:00,56,2023-03-14 07:00:00,62585,162.77,0,
GBPJPY,H1,Research_2015_2024,2023-04-24 06:00:00,2023-04-19 14:00:00,2023-04-19 23:00:00,2023-04-20 07:00:00,167.73,167.66,167.57,167.19,46,ENTRY_A_B_BREAK,2023-04-24 22:00:00,63292,63230,167.68,2023-04-24 15:00:00,16,2023-04-24 22:00:00,63292,167.68,0,
GBPJPY,H1,Research_2015_2024,2023-04-24 06:00:00,2023-04-19 14:00:00,2023-04-19 23:00:00,2023-04-20 07:00:00,167.73,167.66,167.57,167.19,46,ENTRY_C_A_AFTER_B,2023-04-24 22:00:00,63292,63230,167.57,2023-04-20 07:00:00,16,2023-04-24 22:00:00,63292,167.68,0,
GBPJPY,H1,Research_2015_2024,2023-05-24 04:00:00,2023-05-23 00:00:00,2023-05-23 13:00:00,2023-05-23 22:00:00,172.59,172.35,172.16,172.61,6,ENTRY_A_B_BREAK,2023-05-25 04:00:00,63822,63792,172.43,2023-05-24 18:00:00,24,2023-05-25 04:00:00,63822,172.43,0,
GBPJPY,H1,Research_2015_2024,2023-05-24 04:00:00,2023-05-23 00:00:00,2023-05-23 13:00:00,2023-05-23 22:00:00,172.59,172.35,172.16,172.61,6,ENTRY_C_A_AFTER_B,2023-05-25 04:00:00,63822,63792,172.16,2023-05-23 22:00:00,24,2023-05-25 04:00:00,63822,172.43,0,
GBPJPY,H1,Research_2015_2024,2023-06-07 08:00:00,2023-06-05 15:00:00,2023-06-06 02:00:00,2023-06-06 12:00:00,173.81,173.74,173.63,173.52,20,ENTRY_A_B_BREAK,2023-06-08 16:00:00,64072,64020,174.39,2023-06-07 16:00:00,32,2023-06-08 16:00:00,64072,174.39,0,
GBPJPY,H1,Research_2015_2024,2023-06-07 08:00:00,2023-06-05 15:00:00,2023-06-06 02:00:00,2023-06-06 12:00:00,173.81,173.74,173.63,173.52,20,ENTRY_B_B_SUPPORT_REACCEL,2023-06-08 22:00:00,64078,64020,174.47,2023-06-08 17:00:00,32,2023-06-08 16:00:00,64072,174.39,6,2023-06-08 17:00:00
GBPJPY,H1,Research_2015_2024,2023-06-07 08:00:00,2023-06-05 15:00:00,2023-06-06 02:00:00,2023-06-06 12:00:00,173.81,173.74,173.63,173.52,20,ENTRY_C_A_AFTER_B,2023-06-08 16:00:00,64072,64020,173.63,2023-06-06 12:00:00,32,2023-06-08 16:00:00,64072,174.39,0,
GBPJPY,H1,Research_2015_2024,2023-09-25 04:00:00,2023-09-21 05:00:00,2023-09-22 05:00:00,2023-09-22 12:00:00,182.82,182.26,182.01,181.67,15,ENTRY_A_B_BREAK,2023-09-25 08:00:00,65895,65876,181.76,2023-09-24 22:00:00,4,2023-09-25 08:00:00,65895,181.76,0,
GBPJPY,H1,Research_2015_2024,2023-09-25 04:00:00,2023-09-21 05:00:00,2023-09-22 05:00:00,2023-09-22 12:00:00,182.82,182.26,182.01,181.67,15,ENTRY_C_A_AFTER_B,2023-09-28 07:00:00,65966,65876,182.01,2023-09-22 12:00:00,4,2023-09-25 08:00:00,65895,181.76,71,
GBPJPY,H1,Research_2015_2024,2023-09-25 04:00:00,2023-09-22 05:00:00,2023-09-22 12:00:00,2023-09-24 22:00:00,182.26,182.01,181.76,181.67,6,ENTRY_A_B_BREAK,2023-09-28 06:00:00,65965,65885,181.65,2023-09-27 17:00:00,74,2023-09-28 06:00:00,65965,181.65,0,
GBPJPY,H1,Research_2015_2024,2023-09-25 04:00:00,2023-09-22 05:00:00,2023-09-22 12:00:00,2023-09-24 22:00:00,182.26,182.01,181.76,181.67,6,ENTRY_C_A_AFTER_B,2023-09-28 06:00:00,65965,65885,181.76,2023-09-24 22:00:00,74,2023-09-28 06:00:00,65965,181.65,0,
GBPJPY,H1,Research_2015_2024,2023-10-05 16:00:00,2023-10-03 11:00:00,2023-10-04 11:00:00,2023-10-04 17:00:00,181.33,181.21,181.09,180.94,23,ENTRY_A_B_BREAK,2023-10-05 16:00:00,66094,66071,180.91,2023-10-05 10:00:00,0,2023-10-05 16:00:00,66094,180.91,0,
GBPJPY,H1,Research_2015_2024,2023-10-05 16:00:00,2023-10-03 11:00:00,2023-10-04 11:00:00,2023-10-04 17:00:00,181.33,181.21,181.09,180.94,23,ENTRY_B_B_SUPPORT_REACCEL,2023-10-05 18:00:00,66096,66071,180.99,2023-10-05 17:00:00,0,2023-10-05 16:00:00,66094,180.91,2,2023-10-05 17:00:00
GBPJPY,H1,Research_2015_2024,2023-10-05 16:00:00,2023-10-03 11:00:00,2023-10-04 11:00:00,2023-10-04 17:00:00,181.33,181.21,181.09,180.94,23,ENTRY_C_A_AFTER_B,2023-10-06 02:00:00,66104,66071,181.09,2023-10-04 17:00:00,0,2023-10-05 16:00:00,66094,180.91,10,
GBPJPY,H1,Research_2015_2024,2023-11-02 09:00:00,2023-10-31 20:00:00,2023-11-01 07:00:00,2023-11-01 21:00:00,184.26,183.96,183.53,183.3,12,ENTRY_A_B_BREAK,2023-11-03 11:00:00,66587,66549,183.66,2023-11-02 11:00:00,26,2023-11-03 11:00:00,66587,183.66,0,
GBPJPY,H1,Research_2015_2024,2023-11-02 09:00:00,2023-10-31 20:00:00,2023-11-01 07:00:00,2023-11-01 21:00:00,184.26,183.96,183.53,183.3,12,ENTRY_C_A_AFTER_B,2023-11-03 11:00:00,66587,66549,183.53,2023-11-01 21:00:00,26,2023-11-03 11:00:00,66587,183.66,0,
GBPJPY,H1,Research_2015_2024,2023-12-22 01:00:00,2023-12-19 09:00:00,2023-12-19 23:00:00,2023-12-20 17:00:00,184.11,183.29,182.33,180.63,32,ENTRY_A_B_BREAK,2023-12-22 10:00:00,67419,67378,180.79,2023-12-22 02:00:00,9,2023-12-22 10:00:00,67419,180.79,0,
GBPJPY,H1,Research_2015_2024,2023-12-22 01:00:00,2023-12-19 09:00:00,2023-12-19 23:00:00,2023-12-20 17:00:00,184.11,183.29,182.33,180.63,32,ENTRY_B_B_SUPPORT_REACCEL,2023-12-22 15:00:00,67424,67378,181.17,2023-12-22 14:00:00,9,2023-12-22 10:00:00,67419,180.79,5,2023-12-22 14:00:00
GBPJPY,H1,Research_2015_2024,2024-01-09 23:00:00,2024-01-05 17:00:00,2024-01-08 11:00:00,2024-01-08 21:00:00,184.27,183.97,183.92,183.71,26,ENTRY_A_B_BREAK,2024-01-09 23:00:00,67690,67664,183.62,2024-01-09 16:00:00,0,2024-01-09 23:00:00,67690,183.62,0,
GBPJPY,H1,Research_2015_2024,2024-01-09 23:00:00,2024-01-05 17:00:00,2024-01-08 11:00:00,2024-01-08 21:00:00,184.27,183.97,183.92,183.71,26,ENTRY_B_B_SUPPORT_REACCEL,2024-01-10 07:00:00,67698,67664,184.14,2024-01-10 00:00:00,0,2024-01-09 23:00:00,67690,183.62,8,2024-01-10 00:00:00
GBPJPY,H1,Research_2015_2024,2024-01-09 23:00:00,2024-01-05 17:00:00,2024-01-08 11:00:00,2024-01-08 21:00:00,184.27,183.97,183.92,183.71,26,ENTRY_C_A_AFTER_B,2024-01-10 00:00:00,67691,67664,183.92,2024-01-08 21:00:00,0,2024-01-09 23:00:00,67690,183.62,1,
GBPJPY,H1,Research_2015_2024,2024-01-15 01:00:00,2024-01-11 13:00:00,2024-01-12 01:00:00,2024-01-12 12:00:00,186.09,185.62,185.29,184.98,12,ENTRY_A_B_BREAK,2024-01-16 14:00:00,67800,67751,185.69,2024-01-15 11:00:00,37,2024-01-16 14:00:00,67800,185.69,0,
GBPJPY,H1,Research_2015_2024,2024-01-15 01:00:00,2024-01-11 13:00:00,2024-01-12 01:00:00,2024-01-12 12:00:00,186.09,185.62,185.29,184.98,12,ENTRY_B_B_SUPPORT_REACCEL,2024-01-16 23:00:00,67809,67751,186.13,2024-01-16 15:00:00,37,2024-01-16 14:00:00,67800,185.69,9,2024-01-16 15:00:00
GBPJPY,H1,Research_2015_2024,2024-01-15 01:00:00,2024-01-11 13:00:00,2024-01-12 01:00:00,2024-01-12 12:00:00,186.09,185.62,185.29,184.98,12,ENTRY_C_A_AFTER_B,2024-01-16 14:00:00,67800,67751,185.29,2024-01-12 12:00:00,37,2024-01-16 14:00:00,67800,185.69,0,
GBPJPY,H1,Research_2015_2024,2024-01-30 02:00:00,2024-01-26 14:00:00,2024-01-28 23:00:00,2024-01-29 20:00:00,188.51,188.25,187.47,187.27,6,ENTRY_A_B_BREAK,2024-01-31 10:00:00,68058,68020,187.45,2024-01-30 18:00:00,32,2024-01-31 10:00:00,68058,187.45,0,
GBPJPY,H1,Research_2015_2024,2024-01-30 02:00:00,2024-01-26 14:00:00,2024-01-28 23:00:00,2024-01-29 20:00:00,188.51,188.25,187.47,187.27,6,ENTRY_C_A_AFTER_B,2024-01-31 10:00:00,68058,68020,187.47,2024-01-29 20:00:00,32,2024-01-31 10:00:00,68058,187.45,0,
GBPJPY,H1,Research_2015_2024,2024-02-07 07:00:00,2024-02-02 15:00:00,2024-02-04 23:00:00,2024-02-05 07:00:00,187.68,187.56,187.45,186.89,48,ENTRY_A_B_BREAK,2024-02-07 07:00:00,68174,68126,186.74,2024-02-06 13:00:00,0,2024-02-07 07:00:00,68174,186.74,0,
GBPJPY,H1,Research_2015_2024,2024-02-07 07:00:00,2024-02-02 15:00:00,2024-02-04 23:00:00,2024-02-05 07:00:00,187.68,187.56,187.45,186.89,48,ENTRY_B_B_SUPPORT_REACCEL,2024-02-07 09:00:00,68176,68126,186.9,2024-02-07 08:00:00,0,2024-02-07 07:00:00,68174,186.74,2,2024-02-07 08:00:00
GBPJPY,H1,Research_2015_2024,2024-02-07 07:00:00,2024-02-02 15:00:00,2024-02-04 23:00:00,2024-02-05 07:00:00,187.68,187.56,187.45,186.89,48,ENTRY_C_A_AFTER_B,2024-02-08 03:00:00,68194,68126,187.45,2024-02-05 07:00:00,0,2024-02-07 07:00:00,68174,186.74,20,
GBPJPY,H1,Research_2015_2024,2024-03-12 04:00:00,2024-03-07 19:00:00,2024-03-08 07:00:00,2024-03-08 14:00:00,189.69,189.57,189.44,189.14,37,ENTRY_A_B_BREAK,2024-03-13 09:00:00,68771,68705,189.15,2024-03-12 04:00:00,29,2024-03-13 09:00:00,68771,189.15,0,
GBPJPY,H1,Research_2015_2024,2024-03-12 04:00:00,2024-03-07 19:00:00,2024-03-08 07:00:00,2024-03-08 14:00:00,189.69,189.57,189.44,189.14,37,ENTRY_C_A_AFTER_B,2024-03-13 10:00:00,68772,68705,189.44,2024-03-08 14:00:00,29,2024-03-13 09:00:00,68771,189.15,1,
GBPJPY,H1,Research_2015_2024,2024-03-25 02:00:00,2024-03-21 07:00:00,2024-03-22 00:00:00,2024-03-22 19:00:00,193.44,192.15,190.77,190.62,6,ENTRY_A_B_BREAK,2024-03-27 01:00:00,69001,68948,191.52,2024-03-25 15:00:00,47,2024-03-27 01:00:00,69001,191.52,0,
GBPJPY,H1,Research_2015_2024,2024-03-25 02:00:00,2024-03-21 07:00:00,2024-03-22 00:00:00,2024-03-22 19:00:00,193.44,192.15,190.77,190.62,6,ENTRY_C_A_AFTER_B,2024-03-27 01:00:00,69001,68948,190.77,2024-03-22 19:00:00,47,2024-03-27 01:00:00,69001,191.52,0,
GBPJPY,H1,Research_2015_2024,2024-04-23 05:00:00,2024-04-22 02:00:00,2024-04-22 16:00:00,2024-04-22 23:00:00,191.65,191.33,191.24,191.43,6,ENTRY_A_B_BREAK,2024-04-23 22:00:00,69476,69453,192.81,2024-04-23 16:00:00,17,2024-04-23 22:00:00,69476,192.81,0,
GBPJPY,H1,Research_2015_2024,2024-04-23 05:00:00,2024-04-22 02:00:00,2024-04-22 16:00:00,2024-04-22 23:00:00,191.65,191.33,191.24,191.43,6,ENTRY_C_A_AFTER_B,2024-04-23 22:00:00,69476,69453,191.24,2024-04-22 23:00:00,17,2024-04-23 22:00:00,69476,192.81,0,
GBPJPY,H1,Research_2015_2024,2024-09-13 18:00:00,2024-09-12 14:00:00,2024-09-13 05:00:00,2024-09-13 12:00:00,186.7,185.6,185.13,184.79,6,ENTRY_A_B_BREAK,2024-09-17 11:00:00,71964,71918,186.34,2024-09-16 21:00:00,40,2024-09-17 11:00:00,71964,186.34,0,
GBPJPY,H1,Research_2015_2024,2024-09-13 18:00:00,2024-09-12 14:00:00,2024-09-13 05:00:00,2024-09-13 12:00:00,186.7,185.6,185.13,184.79,6,ENTRY_B_B_SUPPORT_REACCEL,2024-09-17 17:00:00,71970,71918,186.8,2024-09-17 14:00:00,40,2024-09-17 11:00:00,71964,186.34,6,2024-09-17 14:00:00
GBPJPY,H1,Research_2015_2024,2024-09-13 18:00:00,2024-09-12 14:00:00,2024-09-13 05:00:00,2024-09-13 12:00:00,186.7,185.6,185.13,184.79,6,ENTRY_C_A_AFTER_B,2024-09-17 11:00:00,71964,71918,185.13,2024-09-13 12:00:00,40,2024-09-17 11:00:00,71964,186.34,0,
GBPJPY,H1,Research_2015_2024,2024-10-17 10:00:00,2024-10-14 21:00:00,2024-10-15 09:00:00,2024-10-16 03:00:00,195.69,195.54,195.24,194.86,31,ENTRY_A_B_BREAK,2024-10-17 10:00:00,72487,72456,194.74,2024-10-16 12:00:00,0,2024-10-17 10:00:00,72487,194.74,0,
GBPJPY,H1,Research_2015_2024,2024-10-17 10:00:00,2024-10-14 21:00:00,2024-10-15 09:00:00,2024-10-16 03:00:00,195.69,195.54,195.24,194.86,31,ENTRY_B_B_SUPPORT_REACCEL,2024-10-18 15:00:00,72516,72456,195.05,2024-10-18 13:00:00,0,2024-10-17 10:00:00,72487,194.74,29,2024-10-18 13:00:00
GBPJPY,H1,Research_2015_2024,2024-10-17 10:00:00,2024-10-14 21:00:00,2024-10-15 09:00:00,2024-10-16 03:00:00,195.69,195.54,195.24,194.86,31,ENTRY_C_A_AFTER_B,2024-10-17 14:00:00,72491,72456,195.24,2024-10-16 03:00:00,0,2024-10-17 10:00:00,72487,194.74,4,
GBPJPY,H1,Research_2015_2024,2024-10-25 05:00:00,2024-10-23 10:00:00,2024-10-24 12:00:00,2024-10-24 22:00:00,198.4,197.6,197.17,197.04,7,ENTRY_A_B_BREAK,2025-01-03 15:00:00,72681,72618,195.145,2025-01-03 03:00:00,56,2025-01-03 15:00:00,72681,195.145,0,
GBPJPY,H1,Research_2015_2024,2024-10-25 05:00:00,2024-10-23 10:00:00,2024-10-24 12:00:00,2024-10-24 22:00:00,198.4,197.6,197.17,197.04,7,ENTRY_B_B_SUPPORT_REACCEL,2025-01-03 20:00:00,72686,72618,195.373,2025-01-03 16:00:00,56,2025-01-03 15:00:00,72681,195.145,5,2025-01-03 16:00:00
GBPJPY,H1,Research_2015_2024,2024-10-25 05:00:00,2024-10-23 10:00:00,2024-10-24 12:00:00,2024-10-24 22:00:00,198.4,197.6,197.17,197.04,7,ENTRY_C_A_AFTER_B,2025-01-06 16:00:00,72706,72618,197.17,2024-10-24 22:00:00,56,2025-01-03 15:00:00,72681,195.145,25,
GBPJPY,H1,OOS_2025_2026,2025-01-14 15:00:00,2025-01-10 05:00:00,2025-01-14 01:00:00,2025-01-14 08:00:00,194.764,192.906,192.779,192.714,7,ENTRY_A_B_BREAK,2025-01-20 06:00:00,72936,72842,190.6,2025-01-17 15:00:00,87,2025-01-20 06:00:00,72936,190.6,0,
GBPJPY,H1,OOS_2025_2026,2025-01-14 15:00:00,2025-01-10 05:00:00,2025-01-14 01:00:00,2025-01-14 08:00:00,194.764,192.906,192.779,192.714,7,ENTRY_C_A_AFTER_B,2025-01-22 16:00:00,72994,72842,192.779,2025-01-14 08:00:00,87,2025-01-20 06:00:00,72936,190.6,58,
GBPJPY,H1,OOS_2025_2026,2025-01-29 01:00:00,2025-01-27 06:00:00,2025-01-28 09:00:00,2025-01-28 16:00:00,194.64,194.019,193.766,193.637,9,ENTRY_A_B_BREAK,2025-02-03 15:00:00,73185,73090,191.57,2025-02-03 08:00:00,86,2025-02-03 15:00:00,73185,191.57,0,
GBPJPY,H1,OOS_2025_2026,2025-01-29 01:00:00,2025-01-27 06:00:00,2025-01-28 09:00:00,2025-01-28 16:00:00,194.64,194.019,193.766,193.637,9,ENTRY_B_B_SUPPORT_REACCEL,2025-02-03 21:00:00,73191,73090,192.3,2025-02-03 16:00:00,86,2025-02-03 15:00:00,73185,191.57,6,2025-02-03 16:00:00
GBPJPY,H1,OOS_2025_2026,2025-02-07 10:00:00,2025-02-04 16:00:00,2025-02-04 23:00:00,2025-02-05 14:00:00,193.102,192.759,191.833,189.393,44,ENTRY_A_B_BREAK,2025-02-11 15:00:00,73329,73232,189.139,2025-02-10 09:00:00,53,2025-02-11 15:00:00,73329,189.139,0,
GBPJPY,H1,OOS_2025_2026,2025-02-07 10:00:00,2025-02-04 16:00:00,2025-02-04 23:00:00,2025-02-05 14:00:00,193.102,192.759,191.833,189.393,44,ENTRY_B_B_SUPPORT_REACCEL,2025-02-11 18:00:00,73332,73232,189.33,2025-02-11 16:00:00,53,2025-02-11 15:00:00,73329,189.139,3,2025-02-11 16:00:00
GBPJPY,H1,OOS_2025_2026,2025-02-07 10:00:00,2025-02-04 16:00:00,2025-02-04 23:00:00,2025-02-05 14:00:00,193.102,192.759,191.833,189.393,44,ENTRY_C_A_AFTER_B,2025-02-12 15:00:00,73353,73232,191.833,2025-02-05 14:00:00,53,2025-02-11 15:00:00,73329,189.139,24,
GBPJPY,H1,OOS_2025_2026,2025-03-07 07:00:00,2025-03-06 00:00:00,2025-03-06 16:00:00,2025-03-07 00:00:00,192.546,191.504,190.87,190.531,7,ENTRY_A_B_BREAK,2025-03-12 07:00:00,73826,73746,191.746,2025-03-12 00:00:00,73,2025-03-12 07:00:00,73826,191.746,0,
GBPJPY,H1,OOS_2025_2026,2025-03-07 07:00:00,2025-03-06 00:00:00,2025-03-06 16:00:00,2025-03-07 00:00:00,192.546,191.504,190.87,190.531,7,ENTRY_B_B_SUPPORT_REACCEL,2025-03-12 09:00:00,73828,73746,192.168,2025-03-12 08:00:00,73,2025-03-12 07:00:00,73826,191.746,2,2025-03-12 08:00:00
GBPJPY,H1,OOS_2025_2026,2025-03-07 07:00:00,2025-03-06 00:00:00,2025-03-06 16:00:00,2025-03-07 00:00:00,192.546,191.504,190.87,190.531,7,ENTRY_C_A_AFTER_B,2025-03-12 07:00:00,73826,73746,190.87,2025-03-07 00:00:00,73,2025-03-12 07:00:00,73826,191.746,0,
GBPJPY,H1,OOS_2025_2026,2025-04-07 12:00:00,2025-04-03 08:00:00,2025-04-04 01:00:00,2025-04-04 18:00:00,193.661,191.753,190.298,188.675,18,ENTRY_A_B_BREAK,2025-04-07 17:00:00,74268,74245,188.825,2025-04-07 05:00:00,5,2025-04-07 17:00:00,74268,188.825,0,
GBPJPY,H1,OOS_2025_2026,2025-04-18 10:00:00,2025-04-16 08:00:00,2025-04-17 08:00:00,2025-04-17 18:00:00,189.637,189.364,189.153,188.972,16,ENTRY_A_B_BREAK,2025-04-23 17:00:00,74556,74461,189.947,2025-04-22 22:00:00,79,2025-04-23 17:00:00,74556,189.947,0,
GBPJPY,H1,OOS_2025_2026,2025-04-18 10:00:00,2025-04-16 08:00:00,2025-04-17 08:00:00,2025-04-17 18:00:00,189.637,189.364,189.153,188.972,16,ENTRY_C_A_AFTER_B,2025-04-23 17:00:00,74556,74461,189.153,2025-04-17 18:00:00,79,2025-04-23 17:00:00,74556,189.947,0,
GBPJPY,H1,OOS_2025_2026,2025-05-05 16:00:00,2025-05-02 00:00:00,2025-05-02 19:00:00,2025-05-05 07:00:00,193.744,192.633,191.811,191.363,9,ENTRY_A_B_BREAK,2025-05-07 11:00:00,74790,74738,191.258,2025-05-06 23:00:00,43,2025-05-07 11:00:00,74790,191.258,0,
GBPJPY,H1,OOS_2025_2026,2025-05-05 16:00:00,2025-05-02 00:00:00,2025-05-02 19:00:00,2025-05-05 07:00:00,193.744,192.633,191.811,191.363,9,ENTRY_B_B_SUPPORT_REACCEL,2025-05-08 02:00:00,74805,74738,191.661,2025-05-07 12:00:00,43,2025-05-07 11:00:00,74790,191.258,15,2025-05-07 12:00:00
GBPJPY,H1,OOS_2025_2026,2025-05-05 16:00:00,2025-05-02 00:00:00,2025-05-02 19:00:00,2025-05-05 07:00:00,193.744,192.633,191.811,191.363,9,ENTRY_C_A_AFTER_B,2025-05-08 08:00:00,74811,74738,191.811,2025-05-05 07:00:00,43,2025-05-07 11:00:00,74790,191.258,21,
GBPJPY,H1,OOS_2025_2026,2025-06-25 00:00:00,2025-06-23 17:00:00,2025-06-24 09:00:00,2025-06-24 18:00:00,197.843,197.579,197.364,197.29,6,ENTRY_A_B_BREAK,2025-06-27 00:00:00,75667,75613,198.569,2025-06-25 13:00:00,48,2025-06-27 00:00:00,75667,198.569,0,
GBPJPY,H1,OOS_2025_2026,2025-06-25 00:00:00,2025-06-23 17:00:00,2025-06-24 09:00:00,2025-06-24 18:00:00,197.843,197.579,197.364,197.29,6,ENTRY_C_A_AFTER_B,2025-06-27 00:00:00,75667,75613,197.364,2025-06-24 18:00:00,48,2025-06-27 00:00:00,75667,198.569,0,
GBPJPY,H1,OOS_2025_2026,2025-07-02 05:00:00,2025-06-30 14:00:00,2025-07-01 04:00:00,2025-07-01 19:00:00,198.005,197.753,197.55,197.46,10,ENTRY_A_B_BREAK,2025-07-03 07:00:00,75770,75734,196.257,2025-07-02 21:00:00,26,2025-07-03 07:00:00,75770,196.257,0,
GBPJPY,H1,OOS_2025_2026,2025-07-02 05:00:00,2025-06-30 14:00:00,2025-07-01 04:00:00,2025-07-01 19:00:00,198.005,197.753,197.55,197.46,10,ENTRY_B_B_SUPPORT_REACCEL,2025-07-03 12:00:00,75775,75734,196.584,2025-07-03 10:00:00,26,2025-07-03 07:00:00,75770,196.257,5,2025-07-03 10:00:00
GBPJPY,H1,OOS_2025_2026,2025-07-02 05:00:00,2025-06-30 14:00:00,2025-07-01 04:00:00,2025-07-01 19:00:00,198.005,197.753,197.55,197.46,10,ENTRY_C_A_AFTER_B,2025-07-03 13:00:00,75776,75734,197.55,2025-07-01 19:00:00,26,2025-07-03 07:00:00,75770,196.257,6,
GBPJPY,H1,OOS_2025_2026,2025-07-15 07:00:00,2025-07-11 18:00:00,2025-07-14 12:00:00,2025-07-15 01:00:00,199.239,198.789,198.58,198.751,6,ENTRY_A_B_BREAK,2025-07-16 03:00:00,75982,75956,199.521,2025-07-15 15:00:00,20,2025-07-16 03:00:00,75982,199.521,0,
GBPJPY,H1,OOS_2025_2026,2025-07-15 07:00:00,2025-07-11 18:00:00,2025-07-14 12:00:00,2025-07-15 01:00:00,199.239,198.789,198.58,198.751,6,ENTRY_C_A_AFTER_B,2025-07-16 03:00:00,75982,75956,198.58,2025-07-15 01:00:00,20,2025-07-16 03:00:00,75982,199.521,0,
GBPJPY,H1,OOS_2025_2026,2025-07-23 19:00:00,2025-07-18 07:00:00,2025-07-22 08:00:00,2025-07-23 06:00:00,199.97,199.289,199.083,199.007,13,ENTRY_A_B_BREAK,2025-07-25 09:00:00,76156,76105,199.028,2025-07-23 19:00:00,38,2025-07-25 09:00:00,76156,199.028,0,
GBPJPY,H1,OOS_2025_2026,2025-07-23 19:00:00,2025-07-18 07:00:00,2025-07-22 08:00:00,2025-07-23 06:00:00,199.97,199.289,199.083,199.007,13,ENTRY_C_A_AFTER_B,2025-07-28 10:00:00,76181,76105,199.083,2025-07-23 06:00:00,38,2025-07-25 09:00:00,76156,199.028,25,
GBPJPY,H1,OOS_2025_2026,2025-08-29 06:00:00,2025-08-28 02:00:00,2025-08-28 14:00:00,2025-08-28 22:00:00,199.132,198.813,198.658,198.522,8,ENTRY_A_B_BREAK,2025-09-01 12:00:00,76783,76745,199.075,2025-09-01 01:00:00,30,2025-09-01 12:00:00,76783,199.075,0,
GBPJPY,H1,OOS_2025_2026,2025-08-29 06:00:00,2025-08-28 02:00:00,2025-08-28 14:00:00,2025-08-28 22:00:00,199.132,198.813,198.658,198.522,8,ENTRY_B_B_SUPPORT_REACCEL,2025-09-02 01:00:00,76796,76745,199.502,2025-09-01 21:00:00,30,2025-09-01 12:00:00,76783,199.075,13,2025-09-01 21:00:00
GBPJPY,H1,OOS_2025_2026,2025-08-29 06:00:00,2025-08-28 02:00:00,2025-08-28 14:00:00,2025-08-28 22:00:00,199.132,198.813,198.658,198.522,8,ENTRY_C_A_AFTER_B,2025-09-01 12:00:00,76783,76745,198.658,2025-08-28 22:00:00,30,2025-09-01 12:00:00,76783,199.075,0,
GBPJPY,H1,OOS_2025_2026,2025-09-10 03:00:00,2025-09-08 00:00:00,2025-09-08 14:00:00,2025-09-09 03:00:00,200.343,200.143,199.87,199.461,24,ENTRY_A_B_BREAK,2025-09-10 04:00:00,76943,76918,199.458,2025-09-09 17:00:00,1,2025-09-10 04:00:00,76943,199.458,0,
GBPJPY,H1,OOS_2025_2026,2025-09-10 03:00:00,2025-09-08 00:00:00,2025-09-08 14:00:00,2025-09-09 03:00:00,200.343,200.143,199.87,199.461,24,ENTRY_B_B_SUPPORT_REACCEL,2025-09-10 13:00:00,76952,76918,199.707,2025-09-10 05:00:00,1,2025-09-10 04:00:00,76943,199.458,9,2025-09-10 05:00:00
GBPJPY,H1,OOS_2025_2026,2025-09-10 03:00:00,2025-09-08 00:00:00,2025-09-08 14:00:00,2025-09-09 03:00:00,200.343,200.143,199.87,199.461,24,ENTRY_C_A_AFTER_B,2025-09-11 10:00:00,76973,76918,199.87,2025-09-09 03:00:00,1,2025-09-10 04:00:00,76943,199.458,30,
GBPJPY,H1,OOS_2025_2026,2025-10-03 01:00:00,2025-09-26 14:00:00,2025-09-29 13:00:00,2025-09-30 00:00:00,200.513,199.99,199.768,198.328,73,ENTRY_A_B_BREAK,2025-10-03 14:00:00,77361,77275,198.55,2025-10-03 03:00:00,13,2025-10-03 14:00:00,77361,198.55,0,
GBPJPY,H1,OOS_2025_2026,2025-10-03 01:00:00,2025-09-26 14:00:00,2025-09-29 13:00:00,2025-09-30 00:00:00,200.513,199.99,199.768,198.328,73,ENTRY_B_B_SUPPORT_REACCEL,2025-10-03 16:00:00,77363,77275,198.683,2025-10-03 15:00:00,13,2025-10-03 14:00:00,77361,198.55,2,2025-10-03 15:00:00
GBPJPY,H1,OOS_2025_2026,2025-10-03 01:00:00,2025-09-26 14:00:00,2025-09-29 13:00:00,2025-09-30 00:00:00,200.513,199.99,199.768,198.328,73,ENTRY_C_A_AFTER_B,2025-10-05 21:00:00,77368,77275,199.768,2025-09-30 00:00:00,13,2025-10-03 14:00:00,77361,198.55,7,
GBPJPY,H1,OOS_2025_2026,2025-10-13 22:00:00,2025-10-08 10:00:00,2025-10-09 01:00:00,2025-10-09 13:00:00,205.32,204.874,204.564,203.084,57,ENTRY_A_B_BREAK,2025-10-13 23:00:00,77514,77456,203.089,2025-10-12 22:00:00,1,2025-10-13 23:00:00,77514,203.089,0,
GBPJPY,H1,OOS_2025_2026,2025-10-23 00:00:00,2025-10-21 12:00:00,2025-10-22 06:00:00,2025-10-22 15:00:00,203.526,203.262,203.052,203.051,9,ENTRY_A_B_BREAK,2025-10-27 13:00:00,77744,77674,204.059,2025-10-26 23:00:00,61,2025-10-27 13:00:00,77744,204.059,0,
GBPJPY,H1,OOS_2025_2026,2025-10-23 00:00:00,2025-10-21 12:00:00,2025-10-22 06:00:00,2025-10-22 15:00:00,203.526,203.262,203.052,203.051,9,ENTRY_C_A_AFTER_B,2025-10-27 13:00:00,77744,77674,203.052,2025-10-22 15:00:00,61,2025-10-27 13:00:00,77744,204.059,0,
GBPJPY,H1,OOS_2025_2026,2025-11-25 14:00:00,2025-11-24 13:00:00,2025-11-24 23:00:00,2025-11-25 08:00:00,205.906,205.706,205.616,205.65,6,ENTRY_A_B_BREAK,2025-11-26 06:00:00,78262,78240,205.99,2025-11-25 18:00:00,16,2025-11-26 06:00:00,78262,205.99,0,
GBPJPY,H1,OOS_2025_2026,2025-11-25 14:00:00,2025-11-24 13:00:00,2025-11-24 23:00:00,2025-11-25 08:00:00,205.906,205.706,205.616,205.65,6,ENTRY_B_B_SUPPORT_REACCEL,2025-11-26 13:00:00,78269,78240,206.449,2025-11-26 07:00:00,16,2025-11-26 06:00:00,78262,205.99,7,2025-11-26 07:00:00
GBPJPY,H1,OOS_2025_2026,2025-11-25 14:00:00,2025-11-24 13:00:00,2025-11-24 23:00:00,2025-11-25 08:00:00,205.906,205.706,205.616,205.65,6,ENTRY_C_A_AFTER_B,2025-11-26 06:00:00,78262,78240,205.616,2025-11-25 08:00:00,16,2025-11-26 06:00:00,78262,205.99,0,
GBPJPY,H1,OOS_2025_2026,2025-12-12 00:00:00,2025-12-10 21:00:00,2025-12-11 07:00:00,2025-12-11 18:00:00,208.895,208.653,208.484,208.519,6,ENTRY_A_B_BREAK,2025-12-17 15:00:00,78631,78538,207.996,2025-12-16 14:00:00,87,2025-12-17 15:00:00,78631,207.996,0,
GBPJPY,H1,OOS_2025_2026,2025-12-12 00:00:00,2025-12-10 21:00:00,2025-12-11 07:00:00,2025-12-11 18:00:00,208.895,208.653,208.484,208.519,6,ENTRY_B_B_SUPPORT_REACCEL,2025-12-18 02:00:00,78642,78538,208.224,2025-12-17 22:00:00,87,2025-12-17 15:00:00,78631,207.996,11,2025-12-17 22:00:00
GBPJPY,H1,OOS_2025_2026,2025-12-12 00:00:00,2025-12-10 21:00:00,2025-12-11 07:00:00,2025-12-11 18:00:00,208.895,208.653,208.484,208.519,6,ENTRY_C_A_AFTER_B,2025-12-18 12:00:00,78652,78538,208.484,2025-12-11 18:00:00,87,2025-12-17 15:00:00,78631,207.996,21,
GBPJPY,H1,OOS_2025_2026,2025-12-23 21:00:00,2025-12-22 12:00:00,2025-12-22 21:00:00,2025-12-23 14:00:00,211.589,211.421,211.154,211.071,7,ENTRY_A_B_BREAK,2025-12-26 14:00:00,78784,78726,211.413,2025-12-26 00:00:00,51,2025-12-26 14:00:00,78784,211.413,0,
GBPJPY,H1,OOS_2025_2026,2025-12-23 21:00:00,2025-12-22 12:00:00,2025-12-22 21:00:00,2025-12-23 14:00:00,211.589,211.421,211.154,211.071,7,ENTRY_C_A_AFTER_B,2025-12-26 14:00:00,78784,78726,211.154,2025-12-23 14:00:00,51,2025-12-26 14:00:00,78784,211.413,0,
GBPJPY,H1,OOS_2025_2026,2025-12-30 01:00:00,2025-12-26 14:00:00,2025-12-26 21:00:00,2025-12-29 11:00:00,211.506,211.409,211.184,211.026,14,ENTRY_A_B_BREAK,2026-01-05 17:00:00,78887,78805,211.438,2026-01-02 06:00:00,68,2026-01-05 17:00:00,78887,211.438,0,
GBPJPY,H1,OOS_2025_2026,2025-12-30 01:00:00,2025-12-26 14:00:00,2025-12-26 21:00:00,2025-12-29 11:00:00,211.506,211.409,211.184,211.026,14,ENTRY_B_B_SUPPORT_REACCEL,2026-01-05 20:00:00,78890,78805,211.599,2026-01-05 18:00:00,68,2026-01-05 17:00:00,78887,211.438,3,2026-01-05 18:00:00
GBPJPY,H1,OOS_2025_2026,2025-12-30 01:00:00,2025-12-26 14:00:00,2025-12-26 21:00:00,2025-12-29 11:00:00,211.506,211.409,211.184,211.026,14,ENTRY_C_A_AFTER_B,2026-01-05 17:00:00,78887,78805,211.184,2025-12-29 11:00:00,68,2026-01-05 17:00:00,78887,211.438,0,
GBPJPY,H1,OOS_2025_2026,2026-03-02 04:00:00,2026-02-26 13:00:00,2026-02-27 09:00:00,2026-02-27 20:00:00,211.56,210.826,210.484,210.337,8,ENTRY_A_B_BREAK,2026-03-02 12:00:00,79842,79826,210.528,2026-03-02 05:00:00,8,2026-03-02 12:00:00,79842,210.528,0,
GBPJPY,H1,OOS_2025_2026,2026-03-02 04:00:00,2026-02-26 13:00:00,2026-02-27 09:00:00,2026-02-27 20:00:00,211.56,210.826,210.484,210.337,8,ENTRY_C_A_AFTER_B,2026-03-02 12:00:00,79842,79826,210.484,2026-02-27 20:00:00,8,2026-03-02 12:00:00,79842,210.528,0,
GBPJPY,H1,OOS_2025_2026,2026-04-06 14:00:00,2026-03-26 14:00:00,2026-03-27 07:00:00,2026-03-27 16:00:00,213.301,213.095,213.006,211.418,142,ENTRY_A_B_BREAK,2026-04-07 00:00:00,80455,80303,211.437,2026-04-01 17:00:00,10,2026-04-07 00:00:00,80455,211.437,0,
GBPJPY,H1,OOS_2025_2026,2026-04-06 14:00:00,2026-03-26 14:00:00,2026-03-27 07:00:00,2026-03-27 16:00:00,213.301,213.095,213.006,211.418,142,ENTRY_C_A_AFTER_B,2026-04-08 11:00:00,80490,80303,213.006,2026-03-27 16:00:00,10,2026-04-07 00:00:00,80455,211.437,35,
GBPJPY,H1,OOS_2025_2026,2026-04-17 03:00:00,2026-04-15 17:00:00,2026-04-16 06:00:00,2026-04-16 13:00:00,215.901,215.715,215.644,215.573,14,ENTRY_A_B_BREAK,2026-04-20 09:00:00,80680,80636,214.715,2026-04-20 00:00:00,30,2026-04-20 09:00:00,80680,214.715,0,
GBPJPY,H1,OOS_2025_2026,2026-04-17 03:00:00,2026-04-15 17:00:00,2026-04-16 06:00:00,2026-04-16 13:00:00,215.901,215.715,215.644,215.573,14,ENTRY_B_B_SUPPORT_REACCEL,2026-04-20 18:00:00,80689,80636,214.911,2026-04-20 10:00:00,30,2026-04-20 09:00:00,80680,214.715,9,2026-04-20 10:00:00
GBPJPY,H1,OOS_2025_2026,2026-04-17 03:00:00,2026-04-15 17:00:00,2026-04-16 06:00:00,2026-04-16 13:00:00,215.901,215.715,215.644,215.573,14,ENTRY_C_A_AFTER_B,2026-04-23 08:00:00,80751,80636,215.644,2026-04-16 13:00:00,30,2026-04-20 09:00:00,80680,214.715,71,
GBPJPY,H4,Research_2015_2024,2013-03-14 04:00:00,2013-03-08 12:00:00,2013-03-11 20:00:00,2013-03-13 12:00:00,144.66,144.09,143.77,143.69,4,ENTRY_A_B_BREAK,2013-03-20 16:00:00,351,319,144.59,2013-03-19 00:00:00,28,2013-03-20 16:00:00,351,144.59,0,
GBPJPY,H4,Research_2015_2024,2013-03-14 04:00:00,2013-03-08 12:00:00,2013-03-11 20:00:00,2013-03-13 12:00:00,144.66,144.09,143.77,143.69,4,ENTRY_C_A_AFTER_B,2013-03-20 16:00:00,351,319,143.77,2013-03-13 12:00:00,28,2013-03-20 16:00:00,351,144.59,0,
GBPJPY,H4,Research_2015_2024,2013-06-10 12:00:00,2013-05-24 00:00:00,2013-05-28 12:00:00,2013-05-31 00:00:00,154.71,154.55,154.18,153.82,41,ENTRY_A_B_BREAK,2013-06-20 04:00:00,757,669,150.53,2013-06-13 20:00:00,47,2013-06-20 04:00:00,757,150.53,0,
GBPJPY,H4,Research_2015_2024,2013-06-28 00:00:00,2013-06-21 04:00:00,2013-06-24 00:00:00,2013-06-25 00:00:00,151.88,151.69,151.4,150.89,18,ENTRY_A_B_BREAK,2013-06-28 00:00:00,793,775,150.54,2013-06-27 04:00:00,0,2013-06-28 00:00:00,793,150.54,0,
GBPJPY,H4,Research_2015_2024,2013-06-28 00:00:00,2013-06-21 04:00:00,2013-06-24 00:00:00,2013-06-25 00:00:00,151.88,151.69,151.4,150.89,18,ENTRY_B_B_SUPPORT_REACCEL,2013-07-01 04:00:00,800,775,151.25,2013-06-28 04:00:00,0,2013-06-28 00:00:00,793,150.54,7,2013-06-28 04:00:00
GBPJPY,H4,Research_2015_2024,2013-06-28 00:00:00,2013-06-21 04:00:00,2013-06-24 00:00:00,2013-06-25 00:00:00,151.88,151.69,151.4,150.89,18,ENTRY_C_A_AFTER_B,2013-07-01 04:00:00,800,775,151.4,2013-06-25 00:00:00,0,2013-06-28 00:00:00,793,150.54,7,
GBPJPY,H4,Research_2015_2024,2013-09-25 12:00:00,2013-09-19 12:00:00,2013-09-20 04:00:00,2013-09-24 04:00:00,159.93,159.64,158.92,158.5,8,ENTRY_A_B_BREAK,2013-10-01 00:00:00,1192,1163,159.22,2013-09-26 04:00:00,21,2013-10-01 00:00:00,1192,159.22,0,
GBPJPY,H4,Research_2015_2024,2013-09-25 12:00:00,2013-09-19 12:00:00,2013-09-20 04:00:00,2013-09-24 04:00:00,159.93,159.64,158.92,158.5,8,ENTRY_C_A_AFTER_B,2013-10-01 00:00:00,1192,1163,158.92,2013-09-24 04:00:00,21,2013-10-01 00:00:00,1192,159.22,0,
GBPJPY,H4,Research_2015_2024,2013-11-05 08:00:00,2013-10-28 08:00:00,2013-10-30 20:00:00,2013-10-31 16:00:00,158.26,158.13,157.91,157.72,17,ENTRY_A_B_BREAK,2013-11-05 08:00:00,1345,1328,157.63,2013-11-04 12:00:00,0,2013-11-05 08:00:00,1345,157.63,0,
GBPJPY,H4,Research_2015_2024,2013-11-05 08:00:00,2013-10-28 08:00:00,2013-10-30 20:00:00,2013-10-31 16:00:00,158.26,158.13,157.91,157.72,17,ENTRY_B_B_SUPPORT_REACCEL,2013-11-05 16:00:00,1347,1328,157.9,2013-11-05 12:00:00,0,2013-11-05 08:00:00,1345,157.63,2,2013-11-05 12:00:00
GBPJPY,H4,Research_2015_2024,2013-11-05 08:00:00,2013-10-28 08:00:00,2013-10-30 20:00:00,2013-10-31 16:00:00,158.26,158.13,157.91,157.72,17,ENTRY_C_A_AFTER_B,2013-11-05 16:00:00,1347,1328,157.91,2013-10-31 16:00:00,0,2013-11-05 08:00:00,1345,157.63,2,
GBPJPY,H4,Research_2015_2024,2014-07-29 00:00:00,2014-07-18 08:00:00,2014-07-22 04:00:00,2014-07-23 08:00:00,173.55,173.43,173.28,173.05,22,ENTRY_A_B_BREAK,2014-07-29 00:00:00,2483,2461,173.0,2014-07-24 12:00:00,0,2014-07-29 00:00:00,2483,173.0,0,
GBPJPY,H4,Research_2015_2024,2014-07-29 00:00:00,2014-07-18 08:00:00,2014-07-22 04:00:00,2014-07-23 08:00:00,173.55,173.43,173.28,173.05,22,ENTRY_C_A_AFTER_B,2014-07-30 12:00:00,2492,2461,173.28,2014-07-23 08:00:00,0,2014-07-29 00:00:00,2483,173.0,9,
GBPJPY,H4,Research_2015_2024,2014-08-20 04:00:00,2014-07-30 16:00:00,2014-08-01 08:00:00,2014-08-05 12:00:00,174.17,173.81,173.45,171.61,64,ENTRY_A_B_BREAK,2014-08-20 08:00:00,2581,2516,171.64,2014-08-18 16:00:00,1,2014-08-20 08:00:00,2581,171.64,0,
GBPJPY,H4,Research_2015_2024,2015-01-20 04:00:00,2015-01-09 12:00:00,2015-01-12 08:00:00,2015-01-13 12:00:00,180.88,180.51,180.05,178.56,29,ENTRY_A_B_BREAK,2015-01-20 04:00:00,3229,3200,178.3,2015-01-16 20:00:00,0,2015-01-20 04:00:00,3229,178.3,0,
GBPJPY,H4,Research_2015_2024,2015-02-23 12:00:00,2015-02-18 12:00:00,2015-02-19 12:00:00,2015-02-20 20:00:00,184.17,183.99,183.47,183.66,5,ENTRY_A_B_BREAK,2015-02-26 00:00:00,3389,3369,184.75,2015-02-24 12:00:00,15,2015-02-26 00:00:00,3389,184.75,0,
GBPJPY,H4,Research_2015_2024,2015-02-23 12:00:00,2015-02-18 12:00:00,2015-02-19 12:00:00,2015-02-20 20:00:00,184.17,183.99,183.47,183.66,5,ENTRY_C_A_AFTER_B,2015-02-26 00:00:00,3389,3369,183.47,2015-02-20 20:00:00,15,2015-02-26 00:00:00,3389,184.75,0,
GBPJPY,H4,Research_2015_2024,2015-03-27 08:00:00,2015-03-18 20:00:00,2015-03-20 16:00:00,2015-03-25 12:00:00,180.9,180.06,178.34,177.67,11,ENTRY_A_B_BREAK,2015-03-31 12:00:00,3535,3510,177.9,2015-03-27 08:00:00,14,2015-03-31 12:00:00,3535,177.9,0,
GBPJPY,H4,Research_2015_2024,2015-03-27 08:00:00,2015-03-18 20:00:00,2015-03-20 16:00:00,2015-03-25 12:00:00,180.9,180.06,178.34,177.67,11,ENTRY_C_A_AFTER_B,2015-04-07 04:00:00,3563,3510,178.34,2015-03-25 12:00:00,14,2015-03-31 12:00:00,3535,177.9,28,
GBPJPY,H4,Research_2015_2024,2015-07-10 08:00:00,2015-07-02 08:00:00,2015-07-03 08:00:00,2015-07-06 12:00:00,192.9,192.44,191.62,189.86,23,ENTRY_A_B_BREAK,2015-07-10 08:00:00,3972,3949,187.32,2015-07-09 04:00:00,0,2015-07-10 08:00:00,3972,187.32,0,
GBPJPY,H4,Research_2015_2024,2015-07-10 08:00:00,2015-07-02 08:00:00,2015-07-03 08:00:00,2015-07-06 12:00:00,192.9,192.44,191.62,189.86,23,ENTRY_C_A_AFTER_B,2015-07-13 08:00:00,3978,3949,191.62,2015-07-06 12:00:00,0,2015-07-10 08:00:00,3972,187.32,6,
GBPJPY,H4,Research_2015_2024,2015-10-14 12:00:00,2015-10-09 08:00:00,2015-10-12 12:00:00,2015-10-13 04:00:00,184.82,184.65,184.29,184.06,8,ENTRY_A_B_BREAK,2015-10-16 12:00:00,4393,4373,184.31,2015-10-15 00:00:00,12,2015-10-16 12:00:00,4393,184.31,0,
GBPJPY,H4,Research_2015_2024,2015-10-14 12:00:00,2015-10-09 08:00:00,2015-10-12 12:00:00,2015-10-13 04:00:00,184.82,184.65,184.29,184.06,8,ENTRY_B_B_SUPPORT_REACCEL,2015-10-19 08:00:00,4398,4373,184.69,2015-10-16 16:00:00,12,2015-10-16 12:00:00,4393,184.31,5,2015-10-16 16:00:00
GBPJPY,H4,Research_2015_2024,2015-10-14 12:00:00,2015-10-09 08:00:00,2015-10-12 12:00:00,2015-10-13 04:00:00,184.82,184.65,184.29,184.06,8,ENTRY_C_A_AFTER_B,2015-10-16 12:00:00,4393,4373,184.29,2015-10-13 04:00:00,12,2015-10-16 12:00:00,4393,184.31,0,
GBPJPY,H4,Research_2015_2024,2015-12-18 00:00:00,2015-12-11 08:00:00,2015-12-15 12:00:00,2015-12-16 16:00:00,185.02,184.18,183.65,183.44,8,ENTRY_A_B_BREAK,2015-12-28 04:00:00,4700,4659,179.89,2015-12-24 12:00:00,33,2015-12-28 04:00:00,4700,179.89,0,
GBPJPY,H4,Research_2015_2024,2016-01-28 08:00:00,2015-12-28 08:00:00,2015-12-29 08:00:00,2015-12-30 12:00:00,180.01,179.46,179.0,169.97,119,ENTRY_A_B_BREAK,2016-01-28 08:00:00,4833,4714,166.71,2016-01-21 00:00:00,0,2016-01-28 08:00:00,4833,166.71,0,
GBPJPY,H4,Research_2015_2024,2016-05-09 08:00:00,2016-05-02 12:00:00,2016-05-03 20:00:00,2016-05-05 08:00:00,156.62,156.15,155.83,156.06,13,ENTRY_A_B_BREAK,2016-05-17 04:00:00,5316,5267,157.96,2016-05-10 20:00:00,36,2016-05-17 04:00:00,5316,157.96,0,
GBPJPY,H4,Research_2015_2024,2016-05-09 08:00:00,2016-05-02 12:00:00,2016-05-03 20:00:00,2016-05-05 08:00:00,156.62,156.15,155.83,156.06,13,ENTRY_C_A_AFTER_B,2016-05-17 04:00:00,5316,5267,155.83,2016-05-05 08:00:00,36,2016-05-17 04:00:00,5316,157.96,0,
GBPJPY,H4,Research_2015_2024,2016-06-17 16:00:00,2016-06-07 04:00:00,2016-06-08 12:00:00,2016-06-09 16:00:00,157.84,156.22,155.24,149.64,37,ENTRY_A_B_BREAK,2016-06-19 20:00:00,5463,5424,149.76,2016-06-17 00:00:00,2,2016-06-19 20:00:00,5463,149.76,0,
GBPJPY,H4,Research_2015_2024,2016-06-17 16:00:00,2016-06-07 04:00:00,2016-06-08 12:00:00,2016-06-09 16:00:00,157.84,156.22,155.24,149.64,37,ENTRY_C_A_AFTER_B,2016-06-23 08:00:00,5484,5424,155.24,2016-06-09 16:00:00,2,2016-06-19 20:00:00,5463,149.76,21,
GBPJPY,H4,Research_2015_2024,2016-08-24 08:00:00,2016-07-27 00:00:00,2016-07-27 16:00:00,2016-07-29 00:00:00,139.82,139.51,139.12,132.58,114,ENTRY_A_B_BREAK,2016-08-24 08:00:00,5756,5642,131.76,2016-08-17 04:00:00,0,2016-08-24 08:00:00,5756,131.76,0,
GBPJPY,H4,Research_2015_2024,2016-12-09 00:00:00,2016-12-05 16:00:00,2016-12-06 08:00:00,2016-12-07 08:00:00,145.99,145.58,144.73,144.01,10,ENTRY_A_B_BREAK,2016-12-09 08:00:00,6233,6221,144.36,2016-12-08 12:00:00,2,2016-12-09 08:00:00,6233,144.36,0,
GBPJPY,H4,Research_2015_2024,2016-12-09 00:00:00,2016-12-05 16:00:00,2016-12-06 08:00:00,2016-12-07 08:00:00,145.99,145.58,144.73,144.01,10,ENTRY_B_B_SUPPORT_REACCEL,2016-12-11 20:00:00,6237,6221,145.07,2016-12-09 12:00:00,2,2016-12-09 08:00:00,6233,144.36,4,2016-12-09 12:00:00
GBPJPY,H4,Research_2015_2024,2016-12-09 00:00:00,2016-12-05 16:00:00,2016-12-06 08:00:00,2016-12-07 08:00:00,145.99,145.58,144.73,144.01,10,ENTRY_C_A_AFTER_B,2016-12-09 20:00:00,6236,6221,144.73,2016-12-07 08:00:00,2,2016-12-09 08:00:00,6233,144.36,3,
GBPJPY,H4,Research_2015_2024,2016-12-22 00:00:00,2016-12-15 12:00:00,2016-12-18 20:00:00,2016-12-20 08:00:00,148.41,147.29,146.31,145.37,10,ENTRY_A_B_BREAK,2016-12-28 00:00:00,6309,6277,144.19,2016-12-26 00:00:00,22,2016-12-28 00:00:00,6309,144.19,0,
GBPJPY,H4,Research_2015_2024,2017-02-07 16:00:00,2017-02-01 16:00:00,2017-02-03 08:00:00,2017-02-06 08:00:00,144.06,141.93,140.71,140.38,8,ENTRY_A_B_BREAK,2017-02-09 08:00:00,6501,6483,140.61,2017-02-08 08:00:00,10,2017-02-09 08:00:00,6501,140.61,0,
GBPJPY,H4,Research_2015_2024,2017-02-07 16:00:00,2017-02-01 16:00:00,2017-02-03 08:00:00,2017-02-06 08:00:00,144.06,141.93,140.71,140.38,8,ENTRY_C_A_AFTER_B,2017-02-09 08:00:00,6501,6483,140.71,2017-02-06 08:00:00,10,2017-02-09 08:00:00,6501,140.61,0,
GBPJPY,H4,Research_2015_2024,2017-04-17 12:00:00,2017-04-03 04:00:00,2017-04-05 12:00:00,2017-04-06 12:00:00,139.86,138.98,138.66,136.48,44,ENTRY_A_B_BREAK,2017-04-19 08:00:00,6805,6750,139.94,2017-04-18 16:00:00,11,2017-04-19 08:00:00,6805,139.94,0,
GBPJPY,H4,Research_2015_2024,2017-04-17 12:00:00,2017-04-03 04:00:00,2017-04-05 12:00:00,2017-04-06 12:00:00,139.86,138.98,138.66,136.48,44,ENTRY_C_A_AFTER_B,2017-04-19 08:00:00,6805,6750,138.66,2017-04-06 12:00:00,11,2017-04-19 08:00:00,6805,139.94,0,
GBPJPY,H4,Research_2015_2024,2017-08-14 00:00:00,2017-08-04 12:00:00,2017-08-07 08:00:00,2017-08-10 00:00:00,145.24,144.67,143.29,142.47,13,ENTRY_A_B_BREAK,2017-08-15 00:00:00,7324,7305,142.7,2017-08-14 04:00:00,6,2017-08-15 00:00:00,7324,142.7,0,
GBPJPY,H4,Research_2015_2024,2017-08-24 16:00:00,2017-08-17 12:00:00,2017-08-22 00:00:00,2017-08-23 00:00:00,141.98,140.99,140.73,140.2,10,ENTRY_A_B_BREAK,2017-08-29 16:00:00,7390,7361,141.38,2017-08-28 20:00:00,19,2017-08-29 16:00:00,7390,141.38,0,
GBPJPY,H4,Research_2015_2024,2017-08-24 16:00:00,2017-08-17 12:00:00,2017-08-22 00:00:00,2017-08-23 00:00:00,141.98,140.99,140.73,140.2,10,ENTRY_C_A_AFTER_B,2017-08-29 16:00:00,7390,7361,140.73,2017-08-23 00:00:00,19,2017-08-29 16:00:00,7390,141.38,0,
GBPJPY,H4,Research_2015_2024,2017-11-28 16:00:00,2017-11-14 16:00:00,2017-11-16 08:00:00,2017-11-20 16:00:00,149.52,149.4,149.19,149.14,35,ENTRY_A_B_BREAK,2017-11-28 16:00:00,7791,7756,148.93,2017-11-24 16:00:00,0,2017-11-28 16:00:00,7791,148.93,0,
GBPJPY,H4,Research_2015_2024,2017-11-28 16:00:00,2017-11-14 16:00:00,2017-11-16 08:00:00,2017-11-20 16:00:00,149.52,149.4,149.19,149.14,35,ENTRY_B_B_SUPPORT_REACCEL,2017-11-29 08:00:00,7795,7756,149.3,2017-11-29 00:00:00,0,2017-11-28 16:00:00,7791,148.93,4,2017-11-29 00:00:00
GBPJPY,H4,Research_2015_2024,2017-11-28 16:00:00,2017-11-14 16:00:00,2017-11-16 08:00:00,2017-11-20 16:00:00,149.52,149.4,149.19,149.14,35,ENTRY_C_A_AFTER_B,2017-11-29 04:00:00,7794,7756,149.19,2017-11-20 16:00:00,0,2017-11-28 16:00:00,7791,148.93,3,
GBPJPY,H4,Research_2015_2024,2017-12-14 00:00:00,2017-12-11 04:00:00,2017-12-12 12:00:00,2017-12-13 08:00:00,152.28,151.7,151.47,151.32,4,ENTRY_A_B_BREAK,2017-12-19 16:00:00,7884,7857,150.98,2017-12-18 12:00:00,23,2017-12-19 16:00:00,7884,150.98,0,
GBPJPY,H4,Research_2015_2024,2017-12-14 00:00:00,2017-12-11 04:00:00,2017-12-12 12:00:00,2017-12-13 08:00:00,152.28,151.7,151.47,151.32,4,ENTRY_B_B_SUPPORT_REACCEL,2017-12-20 00:00:00,7886,7857,151.14,2017-12-19 20:00:00,23,2017-12-19 16:00:00,7884,150.98,2,2017-12-19 20:00:00
GBPJPY,H4,Research_2015_2024,2017-12-14 00:00:00,2017-12-11 04:00:00,2017-12-12 12:00:00,2017-12-13 08:00:00,152.28,151.7,151.47,151.32,4,ENTRY_C_A_AFTER_B,2017-12-20 08:00:00,7888,7857,151.47,2017-12-13 08:00:00,23,2017-12-19 16:00:00,7884,150.98,4,
GBPJPY,H4,Research_2015_2024,2018-02-13 08:00:00,2018-02-08 12:00:00,2018-02-09 08:00:00,2018-02-12 12:00:00,153.98,152.71,150.76,149.62,5,ENTRY_A_B_BREAK,2018-02-20 16:00:00,8149,8111,149.99,2018-02-14 20:00:00,33,2018-02-20 16:00:00,8149,149.99,0,
GBPJPY,H4,Research_2015_2024,2018-02-13 08:00:00,2018-02-08 12:00:00,2018-02-09 08:00:00,2018-02-12 12:00:00,153.98,152.71,150.76,149.62,5,ENTRY_B_B_SUPPORT_REACCEL,2018-02-21 00:00:00,8151,8111,150.31,2018-02-20 20:00:00,33,2018-02-20 16:00:00,8149,149.99,2,2018-02-20 20:00:00
GBPJPY,H4,Research_2015_2024,2018-02-13 08:00:00,2018-02-08 12:00:00,2018-02-09 08:00:00,2018-02-12 12:00:00,153.98,152.71,150.76,149.62,5,ENTRY_C_A_AFTER_B,2018-02-21 00:00:00,8151,8111,150.76,2018-02-12 12:00:00,33,2018-02-20 16:00:00,8149,149.99,2,
GBPJPY,H4,Research_2015_2024,2018-05-08 16:00:00,2018-05-01 04:00:00,2018-05-02 08:00:00,2018-05-03 08:00:00,150.57,150.07,149.43,147.8,21,ENTRY_A_B_BREAK,2018-05-16 20:00:00,8523,8464,149.16,2018-05-09 12:00:00,38,2018-05-16 20:00:00,8523,149.16,0,
GBPJPY,H4,Research_2015_2024,2018-05-08 16:00:00,2018-05-01 04:00:00,2018-05-02 08:00:00,2018-05-03 08:00:00,150.57,150.07,149.43,147.8,21,ENTRY_B_B_SUPPORT_REACCEL,2018-05-17 20:00:00,8529,8464,149.8,2018-05-17 00:00:00,38,2018-05-16 20:00:00,8523,149.16,6,2018-05-17 00:00:00
GBPJPY,H4,Research_2015_2024,2018-05-08 16:00:00,2018-05-01 04:00:00,2018-05-02 08:00:00,2018-05-03 08:00:00,150.57,150.07,149.43,147.8,21,ENTRY_C_A_AFTER_B,2018-05-17 04:00:00,8525,8464,149.43,2018-05-03 08:00:00,38,2018-05-16 20:00:00,8523,149.16,2,
GBPJPY,H4,Research_2015_2024,2018-06-29 00:00:00,2018-06-22 08:00:00,2018-06-25 16:00:00,2018-06-26 16:00:00,146.61,146.11,145.71,145.11,14,ENTRY_A_B_BREAK,2018-07-05 04:00:00,8741,8701,146.29,2018-06-29 12:00:00,26,2018-07-05 04:00:00,8741,146.29,0,
GBPJPY,H4,Research_2015_2024,2018-06-29 00:00:00,2018-06-22 08:00:00,2018-06-25 16:00:00,2018-06-26 16:00:00,146.61,146.11,145.71,145.11,14,ENTRY_B_B_SUPPORT_REACCEL,2018-07-09 04:00:00,8753,8701,147.03,2018-07-05 08:00:00,26,2018-07-05 04:00:00,8741,146.29,12,2018-07-05 08:00:00
GBPJPY,H4,Research_2015_2024,2018-06-29 00:00:00,2018-06-22 08:00:00,2018-06-25 16:00:00,2018-06-26 16:00:00,146.61,146.11,145.71,145.11,14,ENTRY_C_A_AFTER_B,2018-07-05 04:00:00,8741,8701,145.71,2018-06-26 16:00:00,26,2018-07-05 04:00:00,8741,146.29,0,
GBPJPY,H4,Research_2015_2024,2018-08-14 04:00:00,2018-08-08 04:00:00,2018-08-09 08:00:00,2018-08-13 12:00:00,144.23,143.44,141.78,142.29,4,ENTRY_A_B_BREAK,2018-08-21 00:00:00,8938,8905,141.26,2018-08-16 16:00:00,29,2018-08-21 00:00:00,8938,141.26,0,
GBPJPY,H4,Research_2015_2024,2018-08-14 04:00:00,2018-08-08 04:00:00,2018-08-09 08:00:00,2018-08-13 12:00:00,144.23,143.44,141.78,142.29,4,ENTRY_B_B_SUPPORT_REACCEL,2018-08-21 08:00:00,8940,8905,141.34,2018-08-21 04:00:00,29,2018-08-21 00:00:00,8938,141.26,2,2018-08-21 04:00:00
GBPJPY,H4,Research_2015_2024,2018-08-14 04:00:00,2018-08-08 04:00:00,2018-08-09 08:00:00,2018-08-13 12:00:00,144.23,143.44,141.78,142.29,4,ENTRY_C_A_AFTER_B,2018-08-21 12:00:00,8941,8905,141.78,2018-08-13 12:00:00,29,2018-08-21 00:00:00,8938,141.26,3,
GBPJPY,H4,Research_2015_2024,2018-11-22 04:00:00,2018-11-16 12:00:00,2018-11-19 08:00:00,2018-11-20 12:00:00,145.4,145.26,144.85,144.54,10,ENTRY_A_B_BREAK,2018-11-22 08:00:00,9345,9334,144.83,2018-11-21 12:00:00,1,2018-11-22 08:00:00,9345,144.83,0,
GBPJPY,H4,Research_2015_2024,2018-11-22 04:00:00,2018-11-16 12:00:00,2018-11-19 08:00:00,2018-11-20 12:00:00,145.4,145.26,144.85,144.54,10,ENTRY_C_A_AFTER_B,2018-11-22 08:00:00,9345,9334,144.85,2018-11-20 12:00:00,1,2018-11-22 08:00:00,9345,144.83,0,
GBPJPY,H4,Research_2015_2024,2018-12-13 08:00:00,2018-12-04 08:00:00,2018-12-05 12:00:00,2018-12-07 04:00:00,144.72,144.47,144.16,143.57,26,ENTRY_A_B_BREAK,2018-12-13 08:00:00,9438,9412,142.8,2018-12-11 12:00:00,0,2018-12-13 08:00:00,9438,142.8,0,
GBPJPY,H4,Research_2015_2024,2018-12-26 00:00:00,2018-12-13 20:00:00,2018-12-17 12:00:00,2018-12-18 12:00:00,143.9,143.17,142.61,140.32,34,ENTRY_A_B_BREAK,2018-12-26 16:00:00,9496,9458,140.46,2018-12-26 00:00:00,4,2018-12-26 16:00:00,9496,140.46,0,
GBPJPY,H4,Research_2015_2024,2019-01-11 12:00:00,2018-12-28 16:00:00,2019-01-01 20:00:00,2019-01-08 08:00:00,140.22,139.95,139.35,138.92,19,ENTRY_A_B_BREAK,2019-01-15 00:00:00,9573,9544,139.55,2019-01-13 20:00:00,10,2019-01-15 00:00:00,9573,139.55,0,
GBPJPY,H4,Research_2015_2024,2019-01-11 12:00:00,2018-12-28 16:00:00,2019-01-01 20:00:00,2019-01-08 08:00:00,140.22,139.95,139.35,138.92,19,ENTRY_C_A_AFTER_B,2019-01-15 00:00:00,9573,9544,139.35,2019-01-08 08:00:00,10,2019-01-15 00:00:00,9573,139.55,0,
GBPJPY,H4,Research_2015_2024,2019-03-06 16:00:00,2019-03-01 12:00:00,2019-03-04 00:00:00,2019-03-05 08:00:00,148.52,148.27,147.72,147.21,8,ENTRY_A_B_BREAK,2019-03-14 04:00:00,9834,9792,147.77,2019-03-11 20:00:00,34,2019-03-14 04:00:00,9834,147.77,0,
GBPJPY,H4,Research_2015_2024,2019-03-06 16:00:00,2019-03-01 12:00:00,2019-03-04 00:00:00,2019-03-05 08:00:00,148.52,148.27,147.72,147.21,8,ENTRY_C_A_AFTER_B,2019-03-14 04:00:00,9834,9792,147.72,2019-03-05 08:00:00,34,2019-03-14 04:00:00,9834,147.77,0,
GBPJPY,H4,Research_2015_2024,2019-04-21 20:00:00,2019-04-15 12:00:00,2019-04-17 04:00:00,2019-04-19 08:00:00,146.96,146.31,145.56,145.4,4,ENTRY_A_B_BREAK,2019-04-29 04:00:00,10033,9996,144.35,2019-04-26 12:00:00,33,2019-04-29 04:00:00,10033,144.35,0,
GBPJPY,H4,Research_2015_2024,2019-04-21 20:00:00,2019-04-15 12:00:00,2019-04-17 04:00:00,2019-04-19 08:00:00,146.96,146.31,145.56,145.4,4,ENTRY_C_A_AFTER_B,2019-05-01 20:00:00,10049,9996,145.56,2019-04-19 08:00:00,33,2019-04-29 04:00:00,10033,144.35,16,
GBPJPY,H4,Research_2015_2024,2019-05-19 20:00:00,2019-05-10 16:00:00,2019-05-14 04:00:00,2019-05-16 12:00:00,143.1,142.14,140.76,140.36,9,ENTRY_A_B_BREAK,2019-05-21 12:00:00,10134,10115,140.49,2019-05-20 00:00:00,10,2019-05-21 12:00:00,10134,140.49,0,
GBPJPY,H4,Research_2015_2024,2019-05-19 20:00:00,2019-05-10 16:00:00,2019-05-14 04:00:00,2019-05-16 12:00:00,143.1,142.14,140.76,140.36,9,ENTRY_C_A_AFTER_B,2019-05-21 12:00:00,10134,10115,140.76,2019-05-16 12:00:00,10,2019-05-21 12:00:00,10134,140.49,0,
GBPJPY,H4,Research_2015_2024,2019-06-18 20:00:00,2019-06-12 12:00:00,2019-06-13 12:00:00,2019-06-17 08:00:00,138.21,137.75,136.9,136.33,9,ENTRY_A_B_BREAK,2019-06-27 00:00:00,10298,10251,136.97,2019-06-19 16:00:00,38,2019-06-27 00:00:00,10298,136.97,0,
GBPJPY,H4,Research_2015_2024,2019-06-18 20:00:00,2019-06-12 12:00:00,2019-06-13 12:00:00,2019-06-17 08:00:00,138.21,137.75,136.9,136.33,9,ENTRY_C_A_AFTER_B,2019-06-27 00:00:00,10298,10251,136.9,2019-06-17 08:00:00,38,2019-06-27 00:00:00,10298,136.97,0,
GBPJPY,H4,Research_2015_2024,2019-07-18 08:00:00,2019-07-15 00:00:00,2019-07-16 04:00:00,2019-07-17 16:00:00,135.81,135.23,134.59,134.59,4,ENTRY_A_B_BREAK,2019-07-24 08:00:00,10418,10389,134.97,2019-07-19 08:00:00,25,2019-07-24 08:00:00,10418,134.97,0,
GBPJPY,H4,Research_2015_2024,2019-07-18 08:00:00,2019-07-15 00:00:00,2019-07-16 04:00:00,2019-07-17 16:00:00,135.81,135.23,134.59,134.59,4,ENTRY_C_A_AFTER_B,2019-07-24 08:00:00,10418,10389,134.59,2019-07-17 16:00:00,25,2019-07-24 08:00:00,10418,134.97,0,
GBPJPY,H4,Research_2015_2024,2019-08-08 00:00:00,2019-07-25 12:00:00,2019-07-31 12:00:00,2019-08-06 12:00:00,135.63,132.96,130.04,129.21,9,ENTRY_A_B_BREAK,2019-08-13 12:00:00,10506,10475,127.49,2019-08-12 12:00:00,22,2019-08-13 12:00:00,10506,127.49,0,
GBPJPY,H4,Research_2015_2024,2019-08-08 00:00:00,2019-07-25 12:00:00,2019-07-31 12:00:00,2019-08-06 12:00:00,135.63,132.96,130.04,129.21,9,ENTRY_B_B_SUPPORT_REACCEL,2019-08-16 08:00:00,10523,10475,128.95,2019-08-14 08:00:00,22,2019-08-13 12:00:00,10506,127.49,17,2019-08-14 08:00:00
GBPJPY,H4,Research_2015_2024,2019-08-08 00:00:00,2019-07-25 12:00:00,2019-07-31 12:00:00,2019-08-06 12:00:00,135.63,132.96,130.04,129.21,9,ENTRY_C_A_AFTER_B,2019-08-22 12:00:00,10549,10475,130.04,2019-08-06 12:00:00,22,2019-08-13 12:00:00,10506,127.49,43,
GBPJPY,H4,Research_2015_2024,2019-10-07 12:00:00,2019-10-01 08:00:00,2019-10-03 12:00:00,2019-10-04 20:00:00,133.32,132.51,131.86,131.89,5,ENTRY_A_B_BREAK,2019-10-10 12:00:00,10765,10742,131.76,2019-10-09 08:00:00,18,2019-10-10 12:00:00,10765,131.76,0,
GBPJPY,H4,Research_2015_2024,2019-10-07 12:00:00,2019-10-01 08:00:00,2019-10-03 12:00:00,2019-10-04 20:00:00,133.32,132.51,131.86,131.89,5,ENTRY_C_A_AFTER_B,2019-10-10 12:00:00,10765,10742,131.86,2019-10-04 20:00:00,18,2019-10-10 12:00:00,10765,131.76,0,
GBPJPY,H4,Research_2015_2024,2019-10-29 12:00:00,2019-10-21 08:00:00,2019-10-22 16:00:00,2019-10-24 04:00:00,141.32,141.07,140.71,140.47,21,ENTRY_A_B_BREAK,2019-10-29 12:00:00,10846,10825,139.75,2019-10-25 04:00:00,0,2019-10-29 12:00:00,10846,139.75,0,
GBPJPY,H4,Research_2015_2024,2019-12-22 20:00:00,2019-12-13 00:00:00,2019-12-16 04:00:00,2019-12-19 08:00:00,147.92,146.78,143.83,142.37,10,ENTRY_A_B_BREAK,2019-12-31 16:00:00,11117,11074,143.55,2019-12-27 12:00:00,33,2019-12-31 16:00:00,11117,143.55,0,
GBPJPY,H4,Research_2015_2024,2019-12-22 20:00:00,2019-12-13 00:00:00,2019-12-16 04:00:00,2019-12-19 08:00:00,147.92,146.78,143.83,142.37,10,ENTRY_C_A_AFTER_B,2019-12-31 16:00:00,11117,11074,143.83,2019-12-19 08:00:00,33,2019-12-31 16:00:00,11117,143.55,0,
GBPJPY,H4,Research_2015_2024,2020-01-30 12:00:00,2020-01-27 08:00:00,2020-01-28 20:00:00,2020-01-29 16:00:00,142.71,142.31,142.2,142.35,5,ENTRY_A_B_BREAK,2020-02-05 08:00:00,11270,11241,142.8,2020-02-04 16:00:00,24,2020-02-05 08:00:00,11270,142.8,0,
GBPJPY,H4,Research_2015_2024,2020-01-30 12:00:00,2020-01-27 08:00:00,2020-01-28 20:00:00,2020-01-29 16:00:00,142.71,142.31,142.2,142.35,5,ENTRY_C_A_AFTER_B,2020-02-05 08:00:00,11270,11241,142.2,2020-01-29 16:00:00,24,2020-02-05 08:00:00,11270,142.8,0,
GBPJPY,H4,Research_2015_2024,2020-02-10 08:00:00,2020-02-05 08:00:00,2020-02-06 08:00:00,2020-02-07 04:00:00,143.34,142.79,142.33,141.87,8,ENTRY_A_B_BREAK,2020-02-11 12:00:00,11296,11281,142.05,2020-02-10 12:00:00,7,2020-02-11 12:00:00,11296,142.05,0,
GBPJPY,H4,Research_2015_2024,2020-02-10 08:00:00,2020-02-05 08:00:00,2020-02-06 08:00:00,2020-02-07 04:00:00,143.34,142.79,142.33,141.87,8,ENTRY_B_B_SUPPORT_REACCEL,2020-02-12 08:00:00,11301,11281,142.52,2020-02-11 16:00:00,7,2020-02-11 12:00:00,11296,142.05,5,2020-02-11 16:00:00
GBPJPY,H4,Research_2015_2024,2020-02-10 08:00:00,2020-02-05 08:00:00,2020-02-06 08:00:00,2020-02-07 04:00:00,143.34,142.79,142.33,141.87,8,ENTRY_C_A_AFTER_B,2020-02-12 04:00:00,11300,11281,142.33,2020-02-07 04:00:00,7,2020-02-11 12:00:00,11296,142.05,4,
GBPJPY,H4,Research_2015_2024,2020-02-19 04:00:00,2020-02-13 16:00:00,2020-02-14 08:00:00,2020-02-17 04:00:00,143.44,143.37,143.31,143.21,12,ENTRY_A_B_BREAK,2020-02-19 04:00:00,11331,11319,143.2,2020-02-18 12:00:00,0,2020-02-19 04:00:00,11331,143.2,0,
GBPJPY,H4,Research_2015_2024,2020-02-19 04:00:00,2020-02-13 16:00:00,2020-02-14 08:00:00,2020-02-17 04:00:00,143.44,143.37,143.31,143.21,12,ENTRY_C_A_AFTER_B,2020-02-19 08:00:00,11332,11319,143.31,2020-02-17 04:00:00,0,2020-02-19 04:00:00,11331,143.2,1,
GBPJPY,H4,Research_2015_2024,2020-03-25 04:00:00,2020-03-05 00:00:00,2020-03-10 08:00:00,2020-03-11 08:00:00,138.64,137.17,136.52,131.92,61,ENTRY_A_B_BREAK,2020-03-25 04:00:00,11486,11425,129.54,2020-03-19 12:00:00,0,2020-03-25 04:00:00,11486,129.54,0,
GBPJPY,H4,Research_2015_2024,2020-03-25 04:00:00,2020-03-05 00:00:00,2020-03-10 08:00:00,2020-03-11 08:00:00,138.64,137.17,136.52,131.92,61,ENTRY_B_B_SUPPORT_REACCEL,2020-03-26 12:00:00,11494,11425,132.49,2020-03-25 12:00:00,0,2020-03-25 04:00:00,11486,129.54,8,2020-03-25 12:00:00
GBPJPY,H4,Research_2015_2024,2020-04-28 04:00:00,2020-04-14 20:00:00,2020-04-16 20:00:00,2020-04-20 00:00:00,135.46,134.93,134.69,133.48,38,ENTRY_A_B_BREAK,2020-04-28 04:00:00,11635,11597,133.26,2020-04-22 08:00:00,0,2020-04-28 04:00:00,11635,133.26,0,
GBPJPY,H4,Research_2015_2024,2020-04-28 04:00:00,2020-04-14 20:00:00,2020-04-16 20:00:00,2020-04-20 00:00:00,135.46,134.93,134.69,133.48,38,ENTRY_C_A_AFTER_B,2020-04-30 12:00:00,11649,11597,134.69,2020-04-20 00:00:00,0,2020-04-28 04:00:00,11635,133.26,14,
GBPJPY,H4,Research_2015_2024,2020-08-05 08:00:00,2020-07-31 12:00:00,2020-08-03 00:00:00,2020-08-04 00:00:00,139.15,138.96,138.83,138.9,8,ENTRY_A_B_BREAK,2020-08-11 08:00:00,12101,12068,138.96,2020-08-05 08:00:00,25,2020-08-11 08:00:00,12101,138.96,0,
GBPJPY,H4,Research_2015_2024,2020-08-05 08:00:00,2020-07-31 12:00:00,2020-08-03 00:00:00,2020-08-04 00:00:00,139.15,138.96,138.83,138.9,8,ENTRY_B_B_SUPPORT_REACCEL,2020-08-13 08:00:00,12113,12068,139.57,2020-08-11 12:00:00,25,2020-08-11 08:00:00,12101,138.96,12,2020-08-11 12:00:00
GBPJPY,H4,Research_2015_2024,2020-08-05 08:00:00,2020-07-31 12:00:00,2020-08-03 00:00:00,2020-08-04 00:00:00,139.15,138.96,138.83,138.9,8,ENTRY_C_A_AFTER_B,2020-08-11 08:00:00,12101,12068,138.83,2020-08-04 00:00:00,25,2020-08-11 08:00:00,12101,138.96,0,
GBPJPY,H4,Research_2015_2024,2020-09-23 08:00:00,2020-09-18 00:00:00,2020-09-21 00:00:00,2020-09-22 08:00:00,136.13,135.3,134.34,133.74,6,ENTRY_A_B_BREAK,2020-09-25 04:00:00,12304,12287,134.58,2020-09-23 16:00:00,11,2020-09-25 04:00:00,12304,134.58,0,
GBPJPY,H4,Research_2015_2024,2020-09-23 08:00:00,2020-09-18 00:00:00,2020-09-21 00:00:00,2020-09-22 08:00:00,136.13,135.3,134.34,133.74,6,ENTRY_C_A_AFTER_B,2020-09-25 04:00:00,12304,12287,134.34,2020-09-22 08:00:00,11,2020-09-25 04:00:00,12304,134.58,0,
GBPJPY,H4,Research_2015_2024,2020-11-03 08:00:00,2020-10-21 16:00:00,2020-10-23 08:00:00,2020-10-26 08:00:00,137.62,137.28,137.04,135.89,37,ENTRY_A_B_BREAK,2020-11-03 08:00:00,12469,12432,135.77,2020-10-30 12:00:00,0,2020-11-03 08:00:00,12469,135.77,0,
GBPJPY,H4,Research_2015_2024,2020-11-03 08:00:00,2020-10-21 16:00:00,2020-10-23 08:00:00,2020-10-26 08:00:00,137.62,137.28,137.04,135.89,37,ENTRY_C_A_AFTER_B,2020-11-09 08:00:00,12494,12432,137.04,2020-10-26 08:00:00,0,2020-11-03 08:00:00,12469,135.77,25,
GBPJPY,H4,Research_2015_2024,2020-12-30 08:00:00,2020-12-25 04:00:00,2020-12-28 00:00:00,2020-12-29 08:00:00,140.77,140.53,140.09,140.37,6,ENTRY_A_B_BREAK,2021-01-07 04:00:00,12754,12717,140.54,2021-01-06 08:00:00,31,2021-01-07 04:00:00,12754,140.54,0,
GBPJPY,H4,Research_2015_2024,2020-12-30 08:00:00,2020-12-25 04:00:00,2020-12-28 00:00:00,2020-12-29 08:00:00,140.77,140.53,140.09,140.37,6,ENTRY_B_B_SUPPORT_REACCEL,2021-01-08 04:00:00,12760,12717,140.96,2021-01-07 08:00:00,31,2021-01-07 04:00:00,12754,140.54,6,2021-01-07 08:00:00
GBPJPY,H4,Research_2015_2024,2020-12-30 08:00:00,2020-12-25 04:00:00,2020-12-28 00:00:00,2020-12-29 08:00:00,140.77,140.53,140.09,140.37,6,ENTRY_C_A_AFTER_B,2021-01-07 04:00:00,12754,12717,140.09,2020-12-29 08:00:00,31,2021-01-07 04:00:00,12754,140.54,0,
GBPJPY,H4,Research_2015_2024,2021-04-09 04:00:00,2021-04-05 20:00:00,2021-04-07 04:00:00,2021-04-08 04:00:00,153.38,152.01,151.05,150.2,6,ENTRY_A_B_BREAK,2021-04-19 08:00:00,13199,13156,150.57,2021-04-16 16:00:00,37,2021-04-19 08:00:00,13199,150.57,0,
GBPJPY,H4,Research_2015_2024,2021-04-09 04:00:00,2021-04-05 20:00:00,2021-04-07 04:00:00,2021-04-08 04:00:00,153.38,152.01,151.05,150.2,6,ENTRY_C_A_AFTER_B,2021-04-19 08:00:00,13199,13156,151.05,2021-04-08 04:00:00,37,2021-04-19 08:00:00,13199,150.57,0,
GBPJPY,H4,Research_2015_2024,2021-05-27 08:00:00,2021-05-19 04:00:00,2021-05-21 08:00:00,2021-05-25 08:00:00,154.76,154.62,154.4,155.17,12,ENTRY_A_B_BREAK,2021-05-27 08:00:00,13367,13355,154.3,2021-05-26 04:00:00,0,2021-05-27 08:00:00,13367,154.3,0,
GBPJPY,H4,Research_2015_2024,2021-05-27 08:00:00,2021-05-19 04:00:00,2021-05-21 08:00:00,2021-05-25 08:00:00,154.76,154.62,154.4,155.17,12,ENTRY_C_A_AFTER_B,2021-05-27 08:00:00,13367,13355,154.4,2021-05-25 08:00:00,0,2021-05-27 08:00:00,13367,154.3,0,
GBPJPY,H4,Research_2015_2024,2021-08-04 12:00:00,2021-07-29 12:00:00,2021-07-30 04:00:00,2021-08-02 04:00:00,153.38,153.17,152.81,152.2,14,ENTRY_A_B_BREAK,2021-08-05 08:00:00,13667,13648,152.47,2021-08-04 12:00:00,5,2021-08-05 08:00:00,13667,152.47,0,
GBPJPY,H4,Research_2015_2024,2021-08-04 12:00:00,2021-07-29 12:00:00,2021-07-30 04:00:00,2021-08-02 04:00:00,153.38,153.17,152.81,152.2,14,ENTRY_B_B_SUPPORT_REACCEL,2021-08-06 08:00:00,13673,13648,152.98,2021-08-05 12:00:00,5,2021-08-05 08:00:00,13667,152.47,6,2021-08-05 12:00:00
GBPJPY,H4,Research_2015_2024,2021-08-04 12:00:00,2021-07-29 12:00:00,2021-07-30 04:00:00,2021-08-02 04:00:00,153.38,153.17,152.81,152.2,14,ENTRY_C_A_AFTER_B,2021-08-05 12:00:00,13668,13648,152.81,2021-08-02 04:00:00,5,2021-08-05 08:00:00,13667,152.47,1,
GBPJPY,H4,Research_2015_2024,2021-12-23 04:00:00,2021-11-23 00:00:00,2021-11-24 00:00:00,2021-11-25 04:00:00,154.18,154.11,154.03,152.69,124,ENTRY_A_B_BREAK,2021-12-23 04:00:00,14273,14149,151.09,2021-12-07 04:00:00,0,2021-12-23 04:00:00,14273,151.09,0,
GBPJPY,H4,Research_2015_2024,2021-12-23 04:00:00,2021-11-23 00:00:00,2021-11-24 00:00:00,2021-11-25 04:00:00,154.18,154.11,154.03,152.69,124,ENTRY_C_A_AFTER_B,2021-12-27 12:00:00,14288,14149,154.03,2021-11-25 04:00:00,0,2021-12-23 04:00:00,14273,151.09,15,
GBPJPY,H4,Research_2015_2024,2022-02-15 20:00:00,2022-02-10 16:00:00,2022-02-11 16:00:00,2022-02-15 04:00:00,158.03,157.67,156.78,156.65,4,ENTRY_A_B_BREAK,2022-02-23 04:00:00,14540,14503,156.48,2022-02-22 12:00:00,33,2022-02-23 04:00:00,14540,156.48,0,
GBPJPY,H4,Research_2015_2024,2022-05-29 20:00:00,2022-05-23 16:00:00,2022-05-25 20:00:00,2022-05-27 04:00:00,160.99,160.78,160.61,160.59,4,ENTRY_A_B_BREAK,2022-06-03 04:00:00,14977,14947,163.3,2022-06-01 04:00:00,26,2022-06-03 04:00:00,14977,163.3,0,
GBPJPY,H4,Research_2015_2024,2022-05-29 20:00:00,2022-05-23 16:00:00,2022-05-25 20:00:00,2022-05-27 04:00:00,160.99,160.78,160.61,160.59,4,ENTRY_C_A_AFTER_B,2022-06-03 04:00:00,14977,14947,160.61,2022-05-27 04:00:00,26,2022-06-03 04:00:00,14977,163.3,0,
GBPJPY,H4,Research_2015_2024,2022-06-15 04:00:00,2022-06-09 12:00:00,2022-06-13 00:00:00,2022-06-14 00:00:00,168.57,166.07,164.28,162.52,7,ENTRY_A_B_BREAK,2022-06-21 04:00:00,15049,15018,166.18,2022-06-17 08:00:00,24,2022-06-21 04:00:00,15049,166.18,0,
GBPJPY,H4,Research_2015_2024,2022-06-15 04:00:00,2022-06-09 12:00:00,2022-06-13 00:00:00,2022-06-14 00:00:00,168.57,166.07,164.28,162.52,7,ENTRY_B_B_SUPPORT_REACCEL,2022-06-21 16:00:00,15052,15018,167.44,2022-06-21 08:00:00,24,2022-06-21 04:00:00,15049,166.18,3,2022-06-21 08:00:00
GBPJPY,H4,Research_2015_2024,2022-06-15 04:00:00,2022-06-09 12:00:00,2022-06-13 00:00:00,2022-06-14 00:00:00,168.57,166.07,164.28,162.52,7,ENTRY_C_A_AFTER_B,2022-06-21 04:00:00,15049,15018,164.28,2022-06-14 00:00:00,24,2022-06-21 04:00:00,15049,166.18,0,
GBPJPY,H4,Research_2015_2024,2022-06-27 04:00:00,2022-06-21 20:00:00,2022-06-22 16:00:00,2022-06-24 08:00:00,167.82,167.41,166.27,165.99,5,ENTRY_A_B_BREAK,2022-06-28 04:00:00,15079,15068,166.49,2022-06-27 04:00:00,6,2022-06-28 04:00:00,15079,166.49,0,
GBPJPY,H4,Research_2015_2024,2022-06-27 04:00:00,2022-06-21 20:00:00,2022-06-22 16:00:00,2022-06-24 08:00:00,167.82,167.41,166.27,165.99,5,ENTRY_C_A_AFTER_B,2022-06-28 04:00:00,15079,15068,166.27,2022-06-24 08:00:00,6,2022-06-28 04:00:00,15079,166.49,0,
GBPJPY,H4,Research_2015_2024,2022-08-23 16:00:00,2022-08-17 12:00:00,2022-08-18 08:00:00,2022-08-19 04:00:00,163.53,163.2,162.8,161.79,15,ENTRY_A_B_BREAK,2022-08-26 08:00:00,15338,15307,162.26,2022-08-23 08:00:00,16,2022-08-26 08:00:00,15338,162.26,0,
GBPJPY,H4,Research_2015_2024,2022-08-23 16:00:00,2022-08-17 12:00:00,2022-08-18 08:00:00,2022-08-19 04:00:00,163.53,163.2,162.8,161.79,15,ENTRY_C_A_AFTER_B,2022-09-06 00:00:00,15378,15307,162.8,2022-08-19 04:00:00,16,2022-08-26 08:00:00,15338,162.26,40,
GBPJPY,H4,Research_2015_2024,2022-10-10 12:00:00,2022-10-05 04:00:00,2022-10-06 00:00:00,2022-10-07 08:00:00,165.66,164.41,162.56,161.26,7,ENTRY_A_B_BREAK,2022-10-17 00:00:00,15552,15518,167.24,2022-10-13 12:00:00,27,2022-10-17 00:00:00,15552,167.24,0,
GBPJPY,H4,Research_2015_2024,2022-10-10 12:00:00,2022-10-05 04:00:00,2022-10-06 00:00:00,2022-10-07 08:00:00,165.66,164.41,162.56,161.26,7,ENTRY_B_B_SUPPORT_REACCEL,2022-10-17 08:00:00,15554,15518,168.0,2022-10-17 04:00:00,27,2022-10-17 00:00:00,15552,167.24,2,2022-10-17 04:00:00
GBPJPY,H4,Research_2015_2024,2022-10-10 12:00:00,2022-10-05 04:00:00,2022-10-06 00:00:00,2022-10-07 08:00:00,165.66,164.41,162.56,161.26,7,ENTRY_C_A_AFTER_B,2022-10-17 00:00:00,15552,15518,162.56,2022-10-07 08:00:00,27,2022-10-17 00:00:00,15552,167.24,0,
GBPJPY,H4,Research_2015_2024,2022-11-15 00:00:00,2022-11-07 16:00:00,2022-11-10 08:00:00,2022-11-14 08:00:00,169.06,167.38,165.68,165.3,4,ENTRY_A_B_BREAK,2022-11-17 20:00:00,15691,15670,166.36,2022-11-16 08:00:00,17,2022-11-17 20:00:00,15691,166.36,0,
GBPJPY,H4,Research_2015_2024,2022-11-15 00:00:00,2022-11-07 16:00:00,2022-11-10 08:00:00,2022-11-14 08:00:00,169.06,167.38,165.68,165.3,4,ENTRY_B_B_SUPPORT_REACCEL,2022-11-18 04:00:00,15693,15670,166.65,2022-11-18 00:00:00,17,2022-11-17 20:00:00,15691,166.36,2,2022-11-18 00:00:00
GBPJPY,H4,Research_2015_2024,2022-11-15 00:00:00,2022-11-07 16:00:00,2022-11-10 08:00:00,2022-11-14 08:00:00,169.06,167.38,165.68,165.3,4,ENTRY_C_A_AFTER_B,2022-11-17 20:00:00,15691,15670,165.68,2022-11-14 08:00:00,17,2022-11-17 20:00:00,15691,166.36,0,
GBPJPY,H4,Research_2015_2024,2022-12-05 16:00:00,2022-11-25 08:00:00,2022-11-30 12:00:00,2022-12-01 12:00:00,168.76,167.36,167.18,166.77,13,ENTRY_A_B_BREAK,2022-12-09 12:00:00,15785,15749,167.45,2022-12-06 04:00:00,23,2022-12-09 12:00:00,15785,167.45,0,
GBPJPY,H4,Research_2015_2024,2022-12-05 16:00:00,2022-11-25 08:00:00,2022-11-30 12:00:00,2022-12-01 12:00:00,168.76,167.36,167.18,166.77,13,ENTRY_B_B_SUPPORT_REACCEL,2022-12-12 04:00:00,15790,15749,167.66,2022-12-09 16:00:00,23,2022-12-09 12:00:00,15785,167.45,5,2022-12-09 16:00:00
GBPJPY,H4,Research_2015_2024,2022-12-05 16:00:00,2022-11-25 08:00:00,2022-11-30 12:00:00,2022-12-01 12:00:00,168.76,167.36,167.18,166.77,13,ENTRY_C_A_AFTER_B,2022-12-09 12:00:00,15785,15749,167.18,2022-12-01 12:00:00,23,2022-12-09 12:00:00,15785,167.45,0,
GBPJPY,H4,Research_2015_2024,2023-02-06 12:00:00,2023-01-30 12:00:00,2023-02-01 04:00:00,2023-02-05 20:00:00,161.37,160.62,159.42,159.38,4,ENTRY_A_B_BREAK,2023-02-13 08:00:00,16070,16036,159.56,2023-02-10 00:00:00,30,2023-02-13 08:00:00,16070,159.56,0,
GBPJPY,H4,Research_2015_2024,2023-02-06 12:00:00,2023-01-30 12:00:00,2023-02-01 04:00:00,2023-02-05 20:00:00,161.37,160.62,159.42,159.38,4,ENTRY_C_A_AFTER_B,2023-02-13 08:00:00,16070,16036,159.42,2023-02-05 20:00:00,30,2023-02-13 08:00:00,16070,159.56,0,
GBPJPY,H4,Research_2015_2024,2023-03-20 12:00:00,2023-03-15 04:00:00,2023-03-17 04:00:00,2023-03-19 20:00:00,164.11,162.14,161.67,161.44,4,ENTRY_A_B_BREAK,2023-03-22 04:00:00,16236,16222,162.22,2023-03-21 08:00:00,10,2023-03-22 04:00:00,16236,162.22,0,
GBPJPY,H4,Research_2015_2024,2023-03-20 12:00:00,2023-03-15 04:00:00,2023-03-17 04:00:00,2023-03-19 20:00:00,164.11,162.14,161.67,161.44,4,ENTRY_C_A_AFTER_B,2023-03-22 04:00:00,16236,16222,161.67,2023-03-19 20:00:00,10,2023-03-22 04:00:00,16236,162.22,0,
GBPJPY,H4,Research_2015_2024,2023-05-05 00:00:00,2023-05-02 04:00:00,2023-05-03 16:00:00,2023-05-04 08:00:00,172.26,170.32,169.5,168.83,4,ENTRY_A_B_BREAK,2023-05-14 20:00:00,16463,16424,169.1,2023-05-12 04:00:00,35,2023-05-14 20:00:00,16463,169.1,0,
GBPJPY,H4,Research_2015_2024,2023-05-05 00:00:00,2023-05-02 04:00:00,2023-05-03 16:00:00,2023-05-04 08:00:00,172.26,170.32,169.5,168.83,4,ENTRY_B_B_SUPPORT_REACCEL,2023-05-15 04:00:00,16465,16424,169.8,2023-05-15 00:00:00,35,2023-05-14 20:00:00,16463,169.1,2,2023-05-15 00:00:00
GBPJPY,H4,Research_2015_2024,2023-05-05 00:00:00,2023-05-02 04:00:00,2023-05-03 16:00:00,2023-05-04 08:00:00,172.26,170.32,169.5,168.83,4,ENTRY_C_A_AFTER_B,2023-05-15 00:00:00,16464,16424,169.5,2023-05-04 08:00:00,35,2023-05-14 20:00:00,16463,169.1,1,
GBPJPY,H4,Research_2015_2024,2023-09-29 00:00:00,2023-09-15 04:00:00,2023-09-19 08:00:00,2023-09-20 12:00:00,183.86,183.45,183.31,182.29,39,ENTRY_A_B_BREAK,2023-10-06 04:00:00,17089,17019,181.21,2023-10-04 08:00:00,31,2023-10-06 04:00:00,17089,181.21,0,
GBPJPY,H4,Research_2015_2024,2023-09-29 00:00:00,2023-09-15 04:00:00,2023-09-19 08:00:00,2023-09-20 12:00:00,183.86,183.45,183.31,182.29,39,ENTRY_B_B_SUPPORT_REACCEL,2023-10-09 20:00:00,17099,17019,181.82,2023-10-09 12:00:00,31,2023-10-06 04:00:00,17089,181.21,10,2023-10-09 12:00:00
GBPJPY,H4,Research_2015_2024,2023-09-29 00:00:00,2023-09-15 04:00:00,2023-09-19 08:00:00,2023-09-20 12:00:00,183.86,183.45,183.31,182.29,39,ENTRY_C_A_AFTER_B,2023-10-11 08:00:00,17108,17019,183.31,2023-09-20 12:00:00,31,2023-10-06 04:00:00,17089,181.21,19,
GBPJPY,H4,Research_2015_2024,2023-10-31 00:00:00,2023-10-24 04:00:00,2023-10-26 16:00:00,2023-10-30 08:00:00,183.71,182.55,181.82,182.24,4,ENTRY_A_B_BREAK,2023-11-03 08:00:00,17210,17186,183.69,2023-11-02 16:00:00,20,2023-11-03 08:00:00,17210,183.69,0,
GBPJPY,H4,Research_2015_2024,2023-10-31 00:00:00,2023-10-24 04:00:00,2023-10-26 16:00:00,2023-10-30 08:00:00,183.71,182.55,181.82,182.24,4,ENTRY_B_B_SUPPORT_REACCEL,2023-11-03 16:00:00,17212,17186,184.88,2023-11-03 12:00:00,20,2023-11-03 08:00:00,17210,183.69,2,2023-11-03 12:00:00
GBPJPY,H4,Research_2015_2024,2023-10-31 00:00:00,2023-10-24 04:00:00,2023-10-26 16:00:00,2023-10-30 08:00:00,183.71,182.55,181.82,182.24,4,ENTRY_C_A_AFTER_B,2023-11-03 08:00:00,17210,17186,181.82,2023-10-30 08:00:00,20,2023-11-03 08:00:00,17210,183.69,0,
GBPJPY,H4,Research_2015_2024,2023-11-30 16:00:00,2023-11-24 12:00:00,2023-11-28 08:00:00,2023-11-29 12:00:00,188.61,187.82,187.46,187.12,7,ENTRY_A_B_BREAK,2023-12-10 20:00:00,17369,17323,181.99,2023-12-08 08:00:00,39,2023-12-10 20:00:00,17369,181.99,0,
GBPJPY,H4,Research_2015_2024,2023-11-30 16:00:00,2023-11-24 12:00:00,2023-11-28 08:00:00,2023-11-29 12:00:00,188.61,187.82,187.46,187.12,7,ENTRY_B_B_SUPPORT_REACCEL,2023-12-11 04:00:00,17371,17323,182.64,2023-12-11 00:00:00,39,2023-12-10 20:00:00,17369,181.99,2,2023-12-11 00:00:00
GBPJPY,H4,Research_2015_2024,2023-12-18 08:00:00,2023-12-11 08:00:00,2023-12-13 04:00:00,2023-12-14 20:00:00,184.27,183.09,181.7,180.71,10,ENTRY_A_B_BREAK,2023-12-26 20:00:00,17443,17393,181.35,2023-12-22 12:00:00,40,2023-12-26 20:00:00,17443,181.35,0,
GBPJPY,H4,Research_2015_2024,2023-12-18 08:00:00,2023-12-11 08:00:00,2023-12-13 04:00:00,2023-12-14 20:00:00,184.27,183.09,181.7,180.71,10,ENTRY_C_A_AFTER_B,2023-12-27 12:00:00,17447,17393,181.7,2023-12-14 20:00:00,40,2023-12-26 20:00:00,17443,181.35,4,
GBPJPY,H4,Research_2015_2024,2024-01-26 08:00:00,2024-01-23 00:00:00,2024-01-24 08:00:00,2024-01-25 04:00:00,188.88,188.43,188.15,188.08,7,ENTRY_A_B_BREAK,2024-01-31 08:00:00,17595,17569,187.45,2024-01-30 16:00:00,19,2024-01-31 08:00:00,17595,187.45,0,
GBPJPY,H4,Research_2015_2024,2024-01-26 08:00:00,2024-01-23 00:00:00,2024-01-24 08:00:00,2024-01-25 04:00:00,188.88,188.43,188.15,188.08,7,ENTRY_C_A_AFTER_B,2024-02-08 12:00:00,17633,17569,188.15,2024-01-25 04:00:00,19,2024-01-31 08:00:00,17595,187.45,38,
GBPJPY,H4,Research_2015_2024,2024-02-20 04:00:00,2024-02-13 16:00:00,2024-02-16 16:00:00,2024-02-19 04:00:00,190.04,189.48,189.35,189.19,6,ENTRY_A_B_BREAK,2024-02-21 16:00:00,17690,17675,189.67,2024-02-20 12:00:00,9,2024-02-21 16:00:00,17690,189.67,0,
GBPJPY,H4,Research_2015_2024,2024-02-20 04:00:00,2024-02-13 16:00:00,2024-02-16 16:00:00,2024-02-19 04:00:00,190.04,189.48,189.35,189.19,6,ENTRY_B_B_SUPPORT_REACCEL,2024-02-22 04:00:00,17693,17675,190.18,2024-02-21 20:00:00,9,2024-02-21 16:00:00,17690,189.67,3,2024-02-21 20:00:00
GBPJPY,H4,Research_2015_2024,2024-02-20 04:00:00,2024-02-13 16:00:00,2024-02-16 16:00:00,2024-02-19 04:00:00,190.04,189.48,189.35,189.19,6,ENTRY_C_A_AFTER_B,2024-02-21 16:00:00,17690,17675,189.35,2024-02-19 04:00:00,9,2024-02-21 16:00:00,17690,189.67,0,
GBPJPY,H4,Research_2015_2024,2024-06-06 08:00:00,2024-06-03 00:00:00,2024-06-03 20:00:00,2024-06-05 08:00:00,200.61,200.36,199.7,199.55,6,ENTRY_A_B_BREAK,2024-06-12 00:00:00,18172,18144,200.35,2024-06-11 08:00:00,22,2024-06-12 00:00:00,18172,200.35,0,
GBPJPY,H4,Research_2015_2024,2024-06-06 08:00:00,2024-06-03 00:00:00,2024-06-03 20:00:00,2024-06-05 08:00:00,200.61,200.36,199.7,199.55,6,ENTRY_C_A_AFTER_B,2024-06-12 00:00:00,18172,18144,199.7,2024-06-05 08:00:00,22,2024-06-12 00:00:00,18172,200.35,0,
GBPJPY,H4,Research_2015_2024,2024-08-15 12:00:00,2024-07-16 20:00:00,2024-07-19 00:00:00,2024-07-22 00:00:00,205.65,204.19,203.58,191.64,111,ENTRY_A_B_BREAK,2024-08-15 12:00:00,18451,18340,186.98,2024-08-05 20:00:00,0,2024-08-15 12:00:00,18451,186.98,0,
GBPJPY,H4,OOS_2025_2026,2025-02-03 20:00:00,2025-01-24 16:00:00,2025-01-28 08:00:00,2025-01-31 16:00:00,194.745,194.019,193.026,193.037,8,ENTRY_A_B_BREAK,2025-02-11 12:00:00,18938,18895,189.139,2025-02-10 08:00:00,35,2025-02-11 12:00:00,18938,189.139,0,
GBPJPY,H4,OOS_2025_2026,2025-02-03 20:00:00,2025-01-24 16:00:00,2025-01-28 08:00:00,2025-01-31 16:00:00,194.745,194.019,193.026,193.037,8,ENTRY_B_B_SUPPORT_REACCEL,2025-02-11 20:00:00,18940,18895,189.718,2025-02-11 16:00:00,35,2025-02-11 12:00:00,18938,189.139,2,2025-02-11 16:00:00
GBPJPY,H4,OOS_2025_2026,2025-04-15 04:00:00,2025-04-07 12:00:00,2025-04-09 16:00:00,2025-04-14 12:00:00,190.075,189.822,189.197,189.491,4,ENTRY_A_B_BREAK,2025-04-22 20:00:00,19250,19211,189.364,2025-04-17 08:00:00,35,2025-04-22 20:00:00,19250,189.364,0,
GBPJPY,H4,OOS_2025_2026,2025-04-15 04:00:00,2025-04-07 12:00:00,2025-04-09 16:00:00,2025-04-14 12:00:00,190.075,189.822,189.197,189.491,4,ENTRY_C_A_AFTER_B,2025-04-22 20:00:00,19250,19211,189.197,2025-04-14 12:00:00,35,2025-04-22 20:00:00,19250,189.364,0,
GBPJPY,H4,OOS_2025_2026,2025-05-01 00:00:00,2025-04-25 12:00:00,2025-04-28 08:00:00,2025-04-29 08:00:00,191.717,191.544,191.34,191.113,10,ENTRY_A_B_BREAK,2025-05-12 04:00:00,19333,19278,193.744,2025-05-02 00:00:00,45,2025-05-12 04:00:00,19333,193.744,0,
GBPJPY,H4,OOS_2025_2026,2025-05-01 00:00:00,2025-04-25 12:00:00,2025-04-28 08:00:00,2025-04-29 08:00:00,191.717,191.544,191.34,191.113,10,ENTRY_C_A_AFTER_B,2025-05-12 04:00:00,19333,19278,191.34,2025-04-29 08:00:00,45,2025-05-12 04:00:00,19333,193.744,0,
GBPJPY,H4,OOS_2025_2026,2025-08-21 12:00:00,2025-08-18 12:00:00,2025-08-19 12:00:00,2025-08-20 08:00:00,200.267,199.861,199.446,198.982,7,ENTRY_A_B_BREAK,2025-08-22 08:00:00,19792,19780,199.223,2025-08-21 08:00:00,5,2025-08-22 08:00:00,19792,199.223,0,
GBPJPY,H4,OOS_2025_2026,2025-08-21 12:00:00,2025-08-18 12:00:00,2025-08-19 12:00:00,2025-08-20 08:00:00,200.267,199.861,199.446,198.982,7,ENTRY_C_A_AFTER_B,2025-08-22 08:00:00,19792,19780,199.446,2025-08-20 08:00:00,5,2025-08-22 08:00:00,19792,199.223,0,
GBPJPY,H4,OOS_2025_2026,2025-11-03 12:00:00,2025-10-27 12:00:00,2025-10-30 12:00:00,2025-10-31 08:00:00,204.237,203.259,202.919,202.576,7,ENTRY_A_B_BREAK,2025-11-07 04:00:00,20131,20102,201.239,2025-11-05 16:00:00,22,2025-11-07 04:00:00,20131,201.239,0,
GBPJPY,H4,OOS_2025_2026,2025-11-03 12:00:00,2025-10-27 12:00:00,2025-10-30 12:00:00,2025-10-31 08:00:00,204.237,203.259,202.919,202.576,7,ENTRY_C_A_AFTER_B,2025-11-10 08:00:00,20139,20102,202.919,2025-10-31 08:00:00,22,2025-11-07 04:00:00,20131,201.239,8,
GBPJPY,H4,OOS_2025_2026,2026-02-24 04:00:00,2026-02-04 12:00:00,2026-02-08 20:00:00,2026-02-10 00:00:00,215.003,214.41,213.724,210.39,63,ENTRY_A_B_BREAK,2026-02-24 04:00:00,20597,20534,209.534,2026-02-19 04:00:00,0,2026-02-24 04:00:00,20597,209.534,0,
CHFJPY,H1,Research_2015_2024,2014-02-04 08:00:00,2014-01-31 01:00:00,2014-01-31 09:00:00,2014-02-03 08:00:00,114.003,113.733,112.908,112.117,24,ENTRY_A_B_BREAK,2014-02-06 13:00:00,615,538,112.573,2014-02-04 23:00:00,53,2014-02-06 13:00:00,615,112.573,0,
CHFJPY,H1,Research_2015_2024,2014-02-04 08:00:00,2014-01-31 01:00:00,2014-01-31 09:00:00,2014-02-03 08:00:00,114.003,113.733,112.908,112.117,24,ENTRY_C_A_AFTER_B,2014-02-06 14:00:00,616,538,112.908,2014-02-03 08:00:00,53,2014-02-06 13:00:00,615,112.573,1,
CHFJPY,H1,Research_2015_2024,2014-02-13 09:00:00,2014-02-11 13:00:00,2014-02-12 07:00:00,2014-02-13 02:00:00,114.618,114.258,113.943,114.163,7,ENTRY_A_B_BREAK,2014-02-13 19:00:00,741,724,114.356,2014-02-13 09:00:00,10,2014-02-13 19:00:00,741,114.356,0,
CHFJPY,H1,Research_2015_2024,2014-02-13 09:00:00,2014-02-11 13:00:00,2014-02-12 07:00:00,2014-02-13 02:00:00,114.618,114.258,113.943,114.163,7,ENTRY_B_B_SUPPORT_REACCEL,2014-02-13 22:00:00,744,724,114.426,2014-02-13 20:00:00,10,2014-02-13 19:00:00,741,114.356,3,2014-02-13 20:00:00
CHFJPY,H1,Research_2015_2024,2014-02-13 09:00:00,2014-02-11 13:00:00,2014-02-12 07:00:00,2014-02-13 02:00:00,114.618,114.258,113.943,114.163,7,ENTRY_C_A_AFTER_B,2014-02-13 19:00:00,741,724,113.943,2014-02-13 02:00:00,10,2014-02-13 19:00:00,741,114.356,0,
CHFJPY,H1,Research_2015_2024,2014-02-28 10:00:00,2014-02-21 14:00:00,2014-02-24 00:00:00,2014-02-24 09:00:00,115.782,115.689,115.65,115.549,97,ENTRY_A_B_BREAK,2014-02-28 10:00:00,996,899,115.123,2014-02-27 17:00:00,0,2014-02-28 10:00:00,996,115.123,0,
CHFJPY,H1,Research_2015_2024,2014-02-28 10:00:00,2014-02-21 14:00:00,2014-02-24 00:00:00,2014-02-24 09:00:00,115.782,115.689,115.65,115.549,97,ENTRY_C_A_AFTER_B,2014-02-28 13:00:00,999,899,115.65,2014-02-24 09:00:00,0,2014-02-28 10:00:00,996,115.123,3,
CHFJPY,H1,Research_2015_2024,2014-03-28 13:00:00,2014-03-24 08:00:00,2014-03-24 17:00:00,2014-03-25 04:00:00,116.341,116.244,116.19,115.906,81,ENTRY_A_B_BREAK,2014-03-31 07:00:00,1498,1399,116.135,2014-03-28 15:00:00,18,2014-03-31 07:00:00,1498,116.135,0,
CHFJPY,H1,Research_2015_2024,2014-03-28 13:00:00,2014-03-24 08:00:00,2014-03-24 17:00:00,2014-03-25 04:00:00,116.341,116.244,116.19,115.906,81,ENTRY_B_B_SUPPORT_REACCEL,2014-03-31 09:00:00,1500,1399,116.363,2014-03-31 08:00:00,18,2014-03-31 07:00:00,1498,116.135,2,2014-03-31 08:00:00
CHFJPY,H1,Research_2015_2024,2014-03-28 13:00:00,2014-03-24 08:00:00,2014-03-24 17:00:00,2014-03-25 04:00:00,116.341,116.244,116.19,115.906,81,ENTRY_C_A_AFTER_B,2014-03-31 08:00:00,1499,1399,116.19,2014-03-25 04:00:00,18,2014-03-31 07:00:00,1498,116.135,1,
CHFJPY,H1,Research_2015_2024,2014-05-29 12:00:00,2014-05-27 00:00:00,2014-05-27 22:00:00,2014-05-28 06:00:00,114.078,113.773,113.683,113.297,30,ENTRY_A_B_BREAK,2014-05-30 12:00:00,2559,2505,113.436,2014-05-29 12:00:00,24,2014-05-30 12:00:00,2559,113.436,0,
CHFJPY,H1,Research_2015_2024,2014-05-29 12:00:00,2014-05-27 00:00:00,2014-05-27 22:00:00,2014-05-28 06:00:00,114.078,113.773,113.683,113.297,30,ENTRY_B_B_SUPPORT_REACCEL,2014-05-30 14:00:00,2561,2505,113.655,2014-05-30 13:00:00,24,2014-05-30 12:00:00,2559,113.436,2,2014-05-30 13:00:00
CHFJPY,H1,Research_2015_2024,2014-05-29 12:00:00,2014-05-27 00:00:00,2014-05-27 22:00:00,2014-05-28 06:00:00,114.078,113.773,113.683,113.297,30,ENTRY_C_A_AFTER_B,2014-05-30 14:00:00,2561,2505,113.683,2014-05-28 06:00:00,24,2014-05-30 12:00:00,2559,113.436,2,
CHFJPY,H1,Research_2015_2024,2014-06-23 17:00:00,2014-06-19 14:00:00,2014-06-20 09:00:00,2014-06-20 18:00:00,114.258,114.137,114.068,113.945,23,ENTRY_A_B_BREAK,2014-06-24 06:00:00,2961,2925,114.006,2014-06-23 20:00:00,13,2014-06-24 06:00:00,2961,114.006,0,
CHFJPY,H1,Research_2015_2024,2014-06-23 17:00:00,2014-06-19 14:00:00,2014-06-20 09:00:00,2014-06-20 18:00:00,114.258,114.137,114.068,113.945,23,ENTRY_B_B_SUPPORT_REACCEL,2014-06-24 08:00:00,2963,2925,114.072,2014-06-24 07:00:00,13,2014-06-24 06:00:00,2961,114.006,2,2014-06-24 07:00:00
CHFJPY,H1,Research_2015_2024,2014-06-23 17:00:00,2014-06-19 14:00:00,2014-06-20 09:00:00,2014-06-20 18:00:00,114.258,114.137,114.068,113.945,23,ENTRY_C_A_AFTER_B,2014-06-24 08:00:00,2963,2925,114.068,2014-06-20 18:00:00,13,2014-06-24 06:00:00,2961,114.006,2,
CHFJPY,H1,Research_2015_2024,2014-06-25 14:00:00,2014-06-24 09:00:00,2014-06-24 17:00:00,2014-06-25 06:00:00,114.234,114.188,114.12,114.111,8,ENTRY_A_B_BREAK,2014-06-30 07:00:00,3058,2985,113.86,2014-06-26 20:00:00,65,2014-06-30 07:00:00,3058,113.86,0,
CHFJPY,H1,Research_2015_2024,2014-06-25 14:00:00,2014-06-24 09:00:00,2014-06-24 17:00:00,2014-06-25 06:00:00,114.234,114.188,114.12,114.111,8,ENTRY_B_B_SUPPORT_REACCEL,2014-06-30 13:00:00,3064,2985,113.975,2014-06-30 08:00:00,65,2014-06-30 07:00:00,3058,113.86,6,2014-06-30 08:00:00
CHFJPY,H1,Research_2015_2024,2014-06-25 14:00:00,2014-06-24 09:00:00,2014-06-24 17:00:00,2014-06-25 06:00:00,114.234,114.188,114.12,114.111,8,ENTRY_C_A_AFTER_B,2014-06-30 14:00:00,3065,2985,114.12,2014-06-25 06:00:00,65,2014-06-30 07:00:00,3058,113.86,7,
CHFJPY,H1,Research_2015_2024,2014-07-09 05:00:00,2014-07-06 22:00:00,2014-07-07 07:00:00,2014-07-07 17:00:00,114.169,114.117,114.049,113.827,36,ENTRY_A_B_BREAK,2014-07-09 14:00:00,3233,3188,113.921,2014-07-09 06:00:00,9,2014-07-09 14:00:00,3233,113.921,0,
CHFJPY,H1,Research_2015_2024,2014-07-09 05:00:00,2014-07-06 22:00:00,2014-07-07 07:00:00,2014-07-07 17:00:00,114.169,114.117,114.049,113.827,36,ENTRY_B_B_SUPPORT_REACCEL,2014-07-09 19:00:00,3238,3188,114.031,2014-07-09 18:00:00,9,2014-07-09 14:00:00,3233,113.921,5,2014-07-09 18:00:00
CHFJPY,H1,Research_2015_2024,2014-07-09 05:00:00,2014-07-06 22:00:00,2014-07-07 07:00:00,2014-07-07 17:00:00,114.169,114.117,114.049,113.827,36,ENTRY_C_A_AFTER_B,2014-07-09 14:00:00,3233,3188,114.049,2014-07-07 17:00:00,9,2014-07-09 14:00:00,3233,113.921,0,
CHFJPY,H1,Research_2015_2024,2014-08-07 12:00:00,2014-08-04 06:00:00,2014-08-05 01:00:00,2014-08-05 07:00:00,113.344,113.172,113.142,112.723,53,ENTRY_A_B_BREAK,2014-08-13 11:00:00,3830,3682,112.807,2014-08-10 21:00:00,95,2014-08-13 11:00:00,3830,112.807,0,
CHFJPY,H1,Research_2015_2024,2014-08-07 12:00:00,2014-08-04 06:00:00,2014-08-05 01:00:00,2014-08-05 07:00:00,113.344,113.172,113.142,112.723,53,ENTRY_B_B_SUPPORT_REACCEL,2014-08-14 00:00:00,3843,3682,112.957,2014-08-13 14:00:00,95,2014-08-13 11:00:00,3830,112.807,13,2014-08-13 14:00:00
CHFJPY,H1,Research_2015_2024,2014-08-07 12:00:00,2014-08-04 06:00:00,2014-08-05 01:00:00,2014-08-05 07:00:00,113.344,113.172,113.142,112.723,53,ENTRY_C_A_AFTER_B,2014-08-14 12:00:00,3855,3682,113.142,2014-08-05 07:00:00,95,2014-08-13 11:00:00,3830,112.807,25,
CHFJPY,H1,Research_2015_2024,2014-08-20 03:00:00,2014-08-15 20:00:00,2014-08-18 13:00:00,2014-08-19 12:00:00,113.405,113.363,113.306,113.34,15,ENTRY_A_B_BREAK,2014-08-20 18:00:00,3957,3927,113.501,2014-08-20 08:00:00,15,2014-08-20 18:00:00,3957,113.501,0,
CHFJPY,H1,Research_2015_2024,2014-08-20 03:00:00,2014-08-15 20:00:00,2014-08-18 13:00:00,2014-08-19 12:00:00,113.405,113.363,113.306,113.34,15,ENTRY_B_B_SUPPORT_REACCEL,2014-08-21 01:00:00,3964,3927,113.613,2014-08-20 21:00:00,15,2014-08-20 18:00:00,3957,113.501,7,2014-08-20 21:00:00
CHFJPY,H1,Research_2015_2024,2014-08-20 03:00:00,2014-08-15 20:00:00,2014-08-18 13:00:00,2014-08-19 12:00:00,113.405,113.363,113.306,113.34,15,ENTRY_C_A_AFTER_B,2014-08-20 18:00:00,3957,3927,113.306,2014-08-19 12:00:00,15,2014-08-20 18:00:00,3957,113.501,0,
CHFJPY,H1,Research_2015_2024,2014-12-03 21:00:00,2014-12-02 12:00:00,2014-12-03 01:00:00,2014-12-03 15:00:00,123.087,122.842,122.621,122.531,6,ENTRY_A_B_BREAK,2014-12-05 11:00:00,5797,5753,123.888,2014-12-04 16:00:00,38,2014-12-05 11:00:00,5797,123.888,0,
CHFJPY,H1,Research_2015_2024,2014-12-03 21:00:00,2014-12-02 12:00:00,2014-12-03 01:00:00,2014-12-03 15:00:00,123.087,122.842,122.621,122.531,6,ENTRY_B_B_SUPPORT_REACCEL,2014-12-05 14:00:00,5800,5753,124.034,2014-12-05 12:00:00,38,2014-12-05 11:00:00,5797,123.888,3,2014-12-05 12:00:00
CHFJPY,H1,Research_2015_2024,2014-12-03 21:00:00,2014-12-02 12:00:00,2014-12-03 01:00:00,2014-12-03 15:00:00,123.087,122.842,122.621,122.531,6,ENTRY_C_A_AFTER_B,2014-12-05 11:00:00,5797,5753,122.621,2014-12-03 15:00:00,38,2014-12-05 11:00:00,5797,123.888,0,
CHFJPY,H1,Research_2015_2024,2014-12-17 20:00:00,2014-12-15 01:00:00,2014-12-15 12:00:00,2014-12-16 16:00:00,123.402,123.118,122.412,121.975,28,ENTRY_A_B_BREAK,2014-12-17 20:00:00,5998,5970,121.953,2014-12-17 07:00:00,0,2014-12-17 20:00:00,5998,121.953,0,
CHFJPY,H1,Research_2015_2024,2015-01-08 01:00:00,2014-12-29 14:00:00,2015-01-02 08:00:00,2015-01-02 21:00:00,122.396,120.858,120.345,117.85,76,ENTRY_A_B_BREAK,2015-01-12 09:00:00,6361,6229,116.958,2015-01-12 02:00:00,56,2015-01-12 09:00:00,6361,116.958,0,
CHFJPY,H1,Research_2015_2024,2015-01-08 01:00:00,2014-12-29 14:00:00,2015-01-02 08:00:00,2015-01-02 21:00:00,122.396,120.858,120.345,117.85,76,ENTRY_C_A_AFTER_B,2015-01-15 09:00:00,6433,6229,120.345,2015-01-02 21:00:00,56,2015-01-12 09:00:00,6361,116.958,72,
CHFJPY,H1,Research_2015_2024,2015-01-30 19:00:00,2015-01-22 23:00:00,2015-01-23 08:00:00,2015-01-26 07:00:00,136.737,136.122,134.742,128.107,108,ENTRY_A_B_BREAK,2015-02-03 13:00:00,6749,6599,127.143,2015-02-02 16:00:00,42,2015-02-03 13:00:00,6749,127.143,0,
CHFJPY,H1,Research_2015_2024,2015-02-03 08:00:00,2015-01-30 19:00:00,2015-02-02 16:00:00,2015-02-02 23:00:00,128.111,127.143,126.865,126.531,9,ENTRY_A_B_BREAK,2015-02-06 13:00:00,6821,6735,127.679,2015-02-03 14:00:00,77,2015-02-06 13:00:00,6821,127.679,0,
CHFJPY,H1,Research_2015_2024,2015-02-03 08:00:00,2015-01-30 19:00:00,2015-02-02 16:00:00,2015-02-02 23:00:00,128.111,127.143,126.865,126.531,9,ENTRY_C_A_AFTER_B,2015-02-06 13:00:00,6821,6735,126.865,2015-02-02 23:00:00,77,2015-02-06 13:00:00,6821,127.679,0,
CHFJPY,H1,Research_2015_2024,2015-02-25 17:00:00,2015-02-20 21:00:00,2015-02-24 12:00:00,2015-02-25 08:00:00,126.976,126.017,125.497,125.42,9,ENTRY_A_B_BREAK,2015-02-26 09:00:00,7153,7128,125.536,2015-02-25 14:00:00,16,2015-02-26 09:00:00,7153,125.536,0,
CHFJPY,H1,Research_2015_2024,2015-02-25 17:00:00,2015-02-20 21:00:00,2015-02-24 12:00:00,2015-02-25 08:00:00,126.976,126.017,125.497,125.42,9,ENTRY_C_A_AFTER_B,2015-02-26 09:00:00,7153,7128,125.497,2015-02-25 08:00:00,16,2015-02-26 09:00:00,7153,125.536,0,
CHFJPY,H1,Research_2015_2024,2015-03-30 11:00:00,2015-03-24 14:00:00,2015-03-25 11:00:00,2015-03-26 10:00:00,125.354,125.078,124.876,124.432,49,ENTRY_A_B_BREAK,2015-04-01 09:00:00,7730,7635,123.764,2015-03-31 14:00:00,46,2015-04-01 09:00:00,7730,123.764,0,
CHFJPY,H1,Research_2015_2024,2015-03-30 11:00:00,2015-03-24 14:00:00,2015-03-25 11:00:00,2015-03-26 10:00:00,125.354,125.078,124.876,124.432,49,ENTRY_C_A_AFTER_B,2015-04-02 13:00:00,7758,7635,124.876,2015-03-26 10:00:00,46,2015-04-01 09:00:00,7730,123.764,28,
CHFJPY,H1,Research_2015_2024,2015-04-13 16:00:00,2015-04-07 07:00:00,2015-04-07 14:00:00,2015-04-08 10:00:00,125.324,125.175,124.749,123.157,78,ENTRY_A_B_BREAK,2015-04-13 16:00:00,7929,7851,122.892,2015-04-10 18:00:00,0,2015-04-13 16:00:00,7929,122.892,0,
CHFJPY,H1,Research_2015_2024,2015-04-13 16:00:00,2015-04-07 07:00:00,2015-04-07 14:00:00,2015-04-08 10:00:00,125.324,125.175,124.749,123.157,78,ENTRY_C_A_AFTER_B,2015-04-17 11:00:00,8020,7851,124.749,2015-04-08 10:00:00,0,2015-04-13 16:00:00,7929,122.892,91,
CHFJPY,H1,Research_2015_2024,2015-06-11 18:00:00,2015-06-09 08:00:00,2015-06-10 01:00:00,2015-06-11 06:00:00,134.617,133.83,132.502,132.099,12,ENTRY_A_B_BREAK,2015-06-16 06:00:00,9023,8951,133.002,2015-06-15 19:00:00,60,2015-06-16 06:00:00,9023,133.002,0,
CHFJPY,H1,Research_2015_2024,2015-06-11 18:00:00,2015-06-09 08:00:00,2015-06-10 01:00:00,2015-06-11 06:00:00,134.617,133.83,132.502,132.099,12,ENTRY_C_A_AFTER_B,2015-06-16 06:00:00,9023,8951,132.502,2015-06-11 06:00:00,60,2015-06-16 06:00:00,9023,133.002,0,
CHFJPY,H1,Research_2015_2024,2015-07-01 08:00:00,2015-06-29 23:00:00,2015-06-30 10:00:00,2015-07-01 01:00:00,132.53,131.89,131.207,130.939,7,ENTRY_A_B_BREAK,2015-07-03 05:00:00,9334,9282,130.578,2015-07-02 06:00:00,45,2015-07-03 05:00:00,9334,130.578,0,
CHFJPY,H1,Research_2015_2024,2015-07-16 23:00:00,2015-07-15 08:00:00,2015-07-15 23:00:00,2015-07-16 12:00:00,130.746,130.257,129.955,129.69,11,ENTRY_A_B_BREAK,2015-07-21 08:00:00,9625,9557,129.135,2015-07-21 00:00:00,57,2015-07-21 08:00:00,9625,129.135,0,
CHFJPY,H1,Research_2015_2024,2015-07-16 23:00:00,2015-07-15 08:00:00,2015-07-15 23:00:00,2015-07-16 12:00:00,130.746,130.257,129.955,129.69,11,ENTRY_B_B_SUPPORT_REACCEL,2015-07-21 10:00:00,9627,9557,129.36,2015-07-21 09:00:00,57,2015-07-21 08:00:00,9625,129.135,2,2015-07-21 09:00:00
CHFJPY,H1,Research_2015_2024,2015-09-08 06:00:00,2015-08-31 06:00:00,2015-09-01 04:00:00,2015-09-02 00:00:00,126.295,125.755,125.269,123.201,102,ENTRY_A_B_BREAK,2015-09-08 06:00:00,10463,10361,122.986,2015-09-07 03:00:00,0,2015-09-08 06:00:00,10463,122.986,0,
CHFJPY,H1,Research_2015_2024,2015-09-24 14:00:00,2015-09-18 01:00:00,2015-09-18 10:00:00,2015-09-21 10:00:00,125.286,125.087,124.607,123.214,76,ENTRY_A_B_BREAK,2015-09-25 09:00:00,10778,10683,123.351,2015-09-24 14:00:00,19,2015-09-25 09:00:00,10778,123.351,0,
CHFJPY,H1,Research_2015_2024,2015-11-06 07:00:00,2015-10-23 07:00:00,2015-10-23 15:00:00,2015-10-26 04:00:00,124.232,124.133,124.071,122.447,218,ENTRY_A_B_BREAK,2015-11-06 07:00:00,11495,11277,122.386,2015-10-29 11:00:00,0,2015-11-06 07:00:00,11495,122.386,0,
CHFJPY,H1,Research_2015_2024,2015-12-02 17:00:00,2015-11-17 23:00:00,2015-11-18 09:00:00,2015-11-19 01:00:00,121.724,121.683,121.611,120.648,232,ENTRY_A_B_BREAK,2015-12-02 17:00:00,11937,11705,119.38,2015-11-27 18:00:00,0,2015-12-02 17:00:00,11937,119.38,0,
CHFJPY,H1,Research_2015_2024,2015-12-02 17:00:00,2015-11-17 23:00:00,2015-11-18 09:00:00,2015-11-19 01:00:00,121.724,121.683,121.611,120.648,232,ENTRY_C_A_AFTER_B,2015-12-03 13:00:00,11957,11705,121.611,2015-11-19 01:00:00,0,2015-12-02 17:00:00,11937,119.38,20,
CHFJPY,H1,Research_2015_2024,2015-12-15 08:00:00,2015-12-08 20:00:00,2015-12-09 10:00:00,2015-12-09 23:00:00,124.012,123.895,123.784,123.16,81,ENTRY_A_B_BREAK,2015-12-15 08:00:00,12144,12063,123.128,2015-12-15 01:00:00,0,2015-12-15 08:00:00,12144,123.128,0,
CHFJPY,H1,Research_2015_2024,2015-12-15 08:00:00,2015-12-08 20:00:00,2015-12-09 10:00:00,2015-12-09 23:00:00,124.012,123.895,123.784,123.16,81,ENTRY_C_A_AFTER_B,2015-12-16 19:00:00,12179,12063,123.784,2015-12-09 23:00:00,0,2015-12-15 08:00:00,12144,123.128,35,
CHFJPY,H1,Research_2015_2024,2015-12-28 00:00:00,2015-12-24 00:00:00,2015-12-24 10:00:00,2015-12-24 21:00:00,122.178,122.127,122.028,122.062,13,ENTRY_A_B_BREAK,2015-12-30 09:00:00,12395,12325,121.565,2015-12-29 21:00:00,57,2015-12-30 09:00:00,12395,121.565,0,
CHFJPY,H1,Research_2015_2024,2015-12-28 00:00:00,2015-12-24 00:00:00,2015-12-24 10:00:00,2015-12-24 21:00:00,122.178,122.127,122.028,122.062,13,ENTRY_B_B_SUPPORT_REACCEL,2015-12-30 12:00:00,12398,12325,121.694,2015-12-30 11:00:00,57,2015-12-30 09:00:00,12395,121.565,3,2015-12-30 11:00:00
CHFJPY,H1,Research_2015_2024,2015-12-28 00:00:00,2015-12-24 00:00:00,2015-12-24 10:00:00,2015-12-24 21:00:00,122.178,122.127,122.028,122.062,13,ENTRY_C_A_AFTER_B,2015-12-30 19:00:00,12405,12325,122.028,2015-12-24 21:00:00,57,2015-12-30 09:00:00,12395,121.565,10,
CHFJPY,H1,Research_2015_2024,2016-01-11 08:00:00,2016-01-08 01:00:00,2016-01-08 15:00:00,2016-01-10 23:00:00,118.931,118.549,118.271,118.077,9,ENTRY_A_B_BREAK,2016-01-12 08:00:00,12566,12533,117.734,2016-01-12 01:00:00,24,2016-01-12 08:00:00,12566,117.734,0,
CHFJPY,H1,Research_2015_2024,2016-01-14 23:00:00,2016-01-12 09:00:00,2016-01-13 02:00:00,2016-01-14 10:00:00,117.859,117.774,117.592,117.581,13,ENTRY_A_B_BREAK,2016-01-19 06:00:00,12684,12616,116.915,2016-01-18 11:00:00,55,2016-01-19 06:00:00,12684,116.915,0,
CHFJPY,H1,Research_2015_2024,2016-01-14 23:00:00,2016-01-12 09:00:00,2016-01-13 02:00:00,2016-01-14 10:00:00,117.859,117.774,117.592,117.581,13,ENTRY_B_B_SUPPORT_REACCEL,2016-01-19 11:00:00,12689,12616,117.178,2016-01-19 07:00:00,55,2016-01-19 06:00:00,12684,116.915,5,2016-01-19 07:00:00
CHFJPY,H1,Research_2015_2024,2016-01-27 12:00:00,2016-01-22 09:00:00,2016-01-25 06:00:00,2016-01-25 15:00:00,117.342,117.186,117.024,116.622,45,ENTRY_A_B_BREAK,2016-01-28 10:00:00,12856,12789,117.146,2016-01-27 19:00:00,22,2016-01-28 10:00:00,12856,117.146,0,
CHFJPY,H1,Research_2015_2024,2016-01-27 12:00:00,2016-01-22 09:00:00,2016-01-25 06:00:00,2016-01-25 15:00:00,117.342,117.186,117.024,116.622,45,ENTRY_B_B_SUPPORT_REACCEL,2016-01-28 13:00:00,12859,12789,117.295,2016-01-28 11:00:00,22,2016-01-28 10:00:00,12856,117.146,3,2016-01-28 11:00:00
CHFJPY,H1,Research_2015_2024,2016-01-27 12:00:00,2016-01-22 09:00:00,2016-01-25 06:00:00,2016-01-25 15:00:00,117.342,117.186,117.024,116.622,45,ENTRY_C_A_AFTER_B,2016-01-28 10:00:00,12856,12789,117.024,2016-01-25 15:00:00,22,2016-01-28 10:00:00,12856,117.146,0,
CHFJPY,H1,Research_2015_2024,2016-02-22 01:00:00,2016-02-16 00:00:00,2016-02-17 00:00:00,2016-02-17 13:00:00,116.293,115.604,115.362,113.868,60,ENTRY_A_B_BREAK,2016-02-23 13:00:00,13291,13195,112.92,2016-02-23 06:00:00,36,2016-02-23 13:00:00,13291,112.92,0,
CHFJPY,H1,Research_2015_2024,2016-02-22 01:00:00,2016-02-16 00:00:00,2016-02-17 00:00:00,2016-02-17 13:00:00,116.293,115.604,115.362,113.868,60,ENTRY_B_B_SUPPORT_REACCEL,2016-02-23 17:00:00,13295,13195,113.165,2016-02-23 14:00:00,36,2016-02-23 13:00:00,13291,112.92,4,2016-02-23 14:00:00
CHFJPY,H1,Research_2015_2024,2016-04-05 18:00:00,2016-04-01 12:00:00,2016-04-04 12:00:00,2016-04-04 21:00:00,117.191,116.417,116.134,115.563,21,ENTRY_A_B_BREAK,2016-04-08 07:00:00,14078,13996,113.894,2016-04-08 01:00:00,61,2016-04-08 07:00:00,14078,113.894,0,
CHFJPY,H1,Research_2015_2024,2016-04-08 07:00:00,2016-04-06 14:00:00,2016-04-07 00:00:00,2016-04-08 01:00:00,115.406,114.932,113.894,114.056,6,ENTRY_A_B_BREAK,2016-04-12 08:00:00,14127,14072,113.759,2016-04-11 14:00:00,49,2016-04-12 08:00:00,14127,113.759,0,
CHFJPY,H1,Research_2015_2024,2016-04-26 12:00:00,2016-04-24 21:00:00,2016-04-25 10:00:00,2016-04-25 17:00:00,114.269,114.202,114.145,114.18,19,ENTRY_A_B_BREAK,2016-04-27 15:00:00,14398,14352,114.565,2016-04-26 16:00:00,27,2016-04-27 15:00:00,14398,114.565,0,
CHFJPY,H1,Research_2015_2024,2016-04-26 12:00:00,2016-04-24 21:00:00,2016-04-25 10:00:00,2016-04-25 17:00:00,114.269,114.202,114.145,114.18,19,ENTRY_B_B_SUPPORT_REACCEL,2016-04-27 17:00:00,14400,14352,114.671,2016-04-27 16:00:00,27,2016-04-27 15:00:00,14398,114.565,2,2016-04-27 16:00:00
CHFJPY,H1,Research_2015_2024,2016-04-26 12:00:00,2016-04-24 21:00:00,2016-04-25 10:00:00,2016-04-25 17:00:00,114.269,114.202,114.145,114.18,19,ENTRY_C_A_AFTER_B,2016-04-27 15:00:00,14398,14352,114.145,2016-04-25 17:00:00,27,2016-04-27 15:00:00,14398,114.565,0,
CHFJPY,H1,Research_2015_2024,2016-05-09 08:00:00,2016-05-04 03:00:00,2016-05-04 16:00:00,2016-05-05 00:00:00,112.193,112.023,111.932,111.294,56,ENTRY_A_B_BREAK,2016-05-10 04:00:00,14603,14527,111.903,2016-05-09 14:00:00,20,2016-05-10 04:00:00,14603,111.903,0,
CHFJPY,H1,Research_2015_2024,2016-05-09 08:00:00,2016-05-04 03:00:00,2016-05-04 16:00:00,2016-05-05 00:00:00,112.193,112.023,111.932,111.294,56,ENTRY_B_B_SUPPORT_REACCEL,2016-05-10 07:00:00,14606,14527,112.108,2016-05-10 05:00:00,20,2016-05-10 04:00:00,14603,111.903,3,2016-05-10 05:00:00
CHFJPY,H1,Research_2015_2024,2016-05-09 08:00:00,2016-05-04 03:00:00,2016-05-04 16:00:00,2016-05-05 00:00:00,112.193,112.023,111.932,111.294,56,ENTRY_C_A_AFTER_B,2016-05-10 04:00:00,14603,14527,111.932,2016-05-05 00:00:00,20,2016-05-10 04:00:00,14603,111.903,0,
CHFJPY,H1,Research_2015_2024,2016-07-18 14:00:00,2016-07-15 04:00:00,2016-07-17 22:00:00,2016-07-18 07:00:00,108.475,107.789,107.618,107.552,7,ENTRY_A_B_BREAK,2016-07-20 14:00:00,15837,15782,108.208,2016-07-18 22:00:00,48,2016-07-20 14:00:00,15837,108.208,0,
CHFJPY,H1,Research_2015_2024,2016-07-18 14:00:00,2016-07-15 04:00:00,2016-07-17 22:00:00,2016-07-18 07:00:00,108.475,107.789,107.618,107.552,7,ENTRY_C_A_AFTER_B,2016-07-20 14:00:00,15837,15782,107.618,2016-07-18 07:00:00,48,2016-07-20 14:00:00,15837,108.208,0,
CHFJPY,H1,Research_2015_2024,2016-08-23 14:00:00,2016-08-19 00:00:00,2016-08-21 21:00:00,2016-08-22 06:00:00,105.139,104.819,104.667,104.245,32,ENTRY_A_B_BREAK,2016-08-25 07:00:00,16454,16381,103.983,2016-08-24 17:00:00,41,2016-08-25 07:00:00,16454,103.983,0,
CHFJPY,H1,Research_2015_2024,2016-08-23 14:00:00,2016-08-19 00:00:00,2016-08-21 21:00:00,2016-08-22 06:00:00,105.139,104.819,104.667,104.245,32,ENTRY_C_A_AFTER_B,2016-08-29 05:00:00,16500,16381,104.667,2016-08-22 06:00:00,41,2016-08-25 07:00:00,16454,103.983,46,
CHFJPY,H1,Research_2015_2024,2016-09-28 18:00:00,2016-09-23 01:00:00,2016-09-23 19:00:00,2016-09-26 05:00:00,104.402,104.303,104.186,103.749,61,ENTRY_A_B_BREAK,2016-09-28 23:00:00,17045,16979,103.795,2016-09-28 08:00:00,5,2016-09-28 23:00:00,17045,103.795,0,
CHFJPY,H1,Research_2015_2024,2016-09-28 18:00:00,2016-09-23 01:00:00,2016-09-23 19:00:00,2016-09-26 05:00:00,104.402,104.303,104.186,103.749,61,ENTRY_B_B_SUPPORT_REACCEL,2016-09-30 14:00:00,17084,16979,104.387,2016-09-30 09:00:00,5,2016-09-28 23:00:00,17045,103.795,39,2016-09-30 09:00:00
CHFJPY,H1,Research_2015_2024,2016-09-28 18:00:00,2016-09-23 01:00:00,2016-09-23 19:00:00,2016-09-26 05:00:00,104.402,104.303,104.186,103.749,61,ENTRY_C_A_AFTER_B,2016-09-29 00:00:00,17046,16979,104.186,2016-09-26 05:00:00,5,2016-09-28 23:00:00,17045,103.795,1,
CHFJPY,H1,Research_2015_2024,2016-11-03 23:00:00,2016-11-02 07:00:00,2016-11-03 01:00:00,2016-11-03 11:00:00,106.837,106.366,106.056,105.752,12,ENTRY_A_B_BREAK,2016-11-06 23:00:00,17692,17657,106.54,2016-11-04 15:00:00,23,2016-11-06 23:00:00,17692,106.54,0,
CHFJPY,H1,Research_2015_2024,2016-11-03 23:00:00,2016-11-02 07:00:00,2016-11-03 01:00:00,2016-11-03 11:00:00,106.837,106.366,106.056,105.752,12,ENTRY_C_A_AFTER_B,2016-11-06 23:00:00,17692,17657,106.056,2016-11-03 11:00:00,23,2016-11-06 23:00:00,17692,106.54,0,
CHFJPY,H1,Research_2015_2024,2016-11-29 07:00:00,2016-11-25 17:00:00,2016-11-28 10:00:00,2016-11-29 01:00:00,111.741,111.208,110.727,110.791,6,ENTRY_A_B_BREAK,2016-12-01 11:00:00,18136,18078,112.851,2016-11-30 23:00:00,52,2016-12-01 11:00:00,18136,112.851,0,
CHFJPY,H1,Research_2015_2024,2016-11-29 07:00:00,2016-11-25 17:00:00,2016-11-28 10:00:00,2016-11-29 01:00:00,111.741,111.208,110.727,110.791,6,ENTRY_C_A_AFTER_B,2016-12-01 11:00:00,18136,18078,110.727,2016-11-29 01:00:00,52,2016-12-01 11:00:00,18136,112.851,0,
CHFJPY,H1,Research_2015_2024,2016-12-14 15:00:00,2016-12-12 09:00:00,2016-12-13 15:00:00,2016-12-14 01:00:00,114.197,114.092,113.966,113.932,14,ENTRY_A_B_BREAK,2016-12-14 19:00:00,18360,18342,114.013,2016-12-14 10:00:00,4,2016-12-14 19:00:00,18360,114.013,0,
CHFJPY,H1,Research_2015_2024,2016-12-14 15:00:00,2016-12-12 09:00:00,2016-12-13 15:00:00,2016-12-14 01:00:00,114.197,114.092,113.966,113.932,14,ENTRY_C_A_AFTER_B,2016-12-14 19:00:00,18360,18342,113.966,2016-12-14 01:00:00,4,2016-12-14 19:00:00,18360,114.013,0,
CHFJPY,H1,Research_2015_2024,2016-12-20 07:00:00,2016-12-15 10:00:00,2016-12-16 08:00:00,2016-12-16 16:00:00,115.373,115.145,115.04,114.685,39,ENTRY_A_B_BREAK,2016-12-20 07:00:00,18444,18405,114.416,2016-12-19 18:00:00,0,2016-12-20 07:00:00,18444,114.416,0,
CHFJPY,H1,Research_2015_2024,2016-12-20 07:00:00,2016-12-15 10:00:00,2016-12-16 08:00:00,2016-12-16 16:00:00,115.373,115.145,115.04,114.685,39,ENTRY_B_B_SUPPORT_REACCEL,2016-12-20 15:00:00,18452,18405,114.639,2016-12-20 11:00:00,0,2016-12-20 07:00:00,18444,114.416,8,2016-12-20 11:00:00
CHFJPY,H1,Research_2015_2024,2016-12-26 06:00:00,2016-12-22 14:00:00,2016-12-23 13:00:00,2016-12-25 23:00:00,114.904,114.517,114.348,114.271,7,ENTRY_A_B_BREAK,2016-12-27 15:00:00,18572,18532,114.285,2016-12-27 00:00:00,33,2016-12-27 15:00:00,18572,114.285,0,
CHFJPY,H1,Research_2015_2024,2016-12-26 06:00:00,2016-12-22 14:00:00,2016-12-23 13:00:00,2016-12-25 23:00:00,114.904,114.517,114.348,114.271,7,ENTRY_C_A_AFTER_B,2016-12-28 00:00:00,18581,18532,114.348,2016-12-25 23:00:00,33,2016-12-27 15:00:00,18572,114.285,9,
CHFJPY,H1,Research_2015_2024,2017-01-02 07:00:00,2016-12-29 23:00:00,2016-12-30 09:00:00,2016-12-30 16:00:00,115.526,115.199,115.044,114.858,15,ENTRY_A_B_BREAK,2017-01-06 01:00:00,18750,18645,114.465,2017-01-05 16:00:00,90,2017-01-06 01:00:00,18750,114.465,0,
CHFJPY,H1,Research_2015_2024,2017-01-02 07:00:00,2016-12-29 23:00:00,2016-12-30 09:00:00,2016-12-30 16:00:00,115.526,115.199,115.044,114.858,15,ENTRY_B_B_SUPPORT_REACCEL,2017-01-06 06:00:00,18755,18645,114.647,2017-01-06 02:00:00,90,2017-01-06 01:00:00,18750,114.465,5,2017-01-06 02:00:00
CHFJPY,H1,Research_2015_2024,2017-01-02 07:00:00,2016-12-29 23:00:00,2016-12-30 09:00:00,2016-12-30 16:00:00,115.526,115.199,115.044,114.858,15,ENTRY_C_A_AFTER_B,2017-01-06 16:00:00,18765,18645,115.044,2016-12-30 16:00:00,90,2017-01-06 01:00:00,18750,114.465,15,
CHFJPY,H1,Research_2015_2024,2017-01-13 00:00:00,2017-01-10 10:00:00,2017-01-11 08:00:00,2017-01-11 16:00:00,114.578,114.314,114.117,113.78,32,ENTRY_A_B_BREAK,2017-01-13 13:00:00,18882,18837,113.895,2017-01-13 05:00:00,13,2017-01-13 13:00:00,18882,113.895,0,
CHFJPY,H1,Research_2015_2024,2017-02-07 14:00:00,2017-02-03 19:00:00,2017-02-06 07:00:00,2017-02-06 16:00:00,113.789,113.494,113.208,112.611,22,ENTRY_A_B_BREAK,2017-02-09 07:00:00,19332,19269,112.719,2017-02-07 20:00:00,41,2017-02-09 07:00:00,19332,112.719,0,
CHFJPY,H1,Research_2015_2024,2017-02-07 14:00:00,2017-02-03 19:00:00,2017-02-06 07:00:00,2017-02-06 16:00:00,113.789,113.494,113.208,112.611,22,ENTRY_C_A_AFTER_B,2017-02-09 23:00:00,19348,19269,113.208,2017-02-06 16:00:00,41,2017-02-09 07:00:00,19332,112.719,16,
CHFJPY,H1,Research_2015_2024,2017-02-14 15:00:00,2017-02-10 01:00:00,2017-02-13 00:00:00,2017-02-13 09:00:00,113.642,113.579,113.511,113.498,30,ENTRY_A_B_BREAK,2017-02-17 01:00:00,19470,19382,113.753,2017-02-15 07:00:00,58,2017-02-17 01:00:00,19470,113.753,0,
CHFJPY,H1,Research_2015_2024,2017-02-14 15:00:00,2017-02-10 01:00:00,2017-02-13 00:00:00,2017-02-13 09:00:00,113.642,113.579,113.511,113.498,30,ENTRY_C_A_AFTER_B,2017-02-17 01:00:00,19470,19382,113.511,2017-02-13 09:00:00,58,2017-02-17 01:00:00,19470,113.753,0,
CHFJPY,H1,Research_2015_2024,2017-02-28 21:00:00,2017-02-22 17:00:00,2017-02-23 08:00:00,2017-02-24 01:00:00,112.285,112.251,112.143,112.11,68,ENTRY_A_B_BREAK,2017-02-28 21:00:00,19658,19590,111.806,2017-02-27 19:00:00,0,2017-02-28 21:00:00,19658,111.806,0,
CHFJPY,H1,Research_2015_2024,2017-02-28 21:00:00,2017-02-22 17:00:00,2017-02-23 08:00:00,2017-02-24 01:00:00,112.285,112.251,112.143,112.11,68,ENTRY_C_A_AFTER_B,2017-02-28 23:00:00,19660,19590,112.143,2017-02-24 01:00:00,0,2017-02-28 21:00:00,19658,111.806,2,
CHFJPY,H1,Research_2015_2024,2017-03-08 09:00:00,2017-03-06 15:00:00,2017-03-07 03:00:00,2017-03-07 16:00:00,112.772,112.685,112.564,112.562,17,ENTRY_A_B_BREAK,2017-03-09 08:00:00,19813,19773,113.12,2017-03-08 14:00:00,23,2017-03-09 08:00:00,19813,113.12,0,
CHFJPY,H1,Research_2015_2024,2017-03-08 09:00:00,2017-03-06 15:00:00,2017-03-07 03:00:00,2017-03-07 16:00:00,112.772,112.685,112.564,112.562,17,ENTRY_C_A_AFTER_B,2017-03-09 08:00:00,19813,19773,112.564,2017-03-07 16:00:00,23,2017-03-09 08:00:00,19813,113.12,0,
CHFJPY,H1,Research_2015_2024,2017-03-31 00:00:00,2017-03-27 23:00:00,2017-03-28 09:00:00,2017-03-28 16:00:00,112.431,112.37,112.273,112.017,56,ENTRY_A_B_BREAK,2017-03-31 00:00:00,20190,20134,111.745,2017-03-30 01:00:00,0,2017-03-31 00:00:00,20190,111.745,0,
CHFJPY,H1,Research_2015_2024,2017-04-07 16:00:00,2017-04-05 13:00:00,2017-04-06 11:00:00,2017-04-07 00:00:00,110.91,110.635,110.401,110.277,16,ENTRY_A_B_BREAK,2017-04-10 01:00:00,20335,20310,110.344,2017-04-07 18:00:00,9,2017-04-10 01:00:00,20335,110.344,0,
CHFJPY,H1,Research_2015_2024,2017-04-07 16:00:00,2017-04-05 13:00:00,2017-04-06 11:00:00,2017-04-07 00:00:00,110.91,110.635,110.401,110.277,16,ENTRY_B_B_SUPPORT_REACCEL,2017-04-10 05:00:00,20339,20310,110.437,2017-04-10 02:00:00,9,2017-04-10 01:00:00,20335,110.344,4,2017-04-10 02:00:00
CHFJPY,H1,Research_2015_2024,2017-04-07 16:00:00,2017-04-05 13:00:00,2017-04-06 11:00:00,2017-04-07 00:00:00,110.91,110.635,110.401,110.277,16,ENTRY_C_A_AFTER_B,2017-04-10 04:00:00,20338,20310,110.401,2017-04-07 00:00:00,9,2017-04-10 01:00:00,20335,110.344,3,
CHFJPY,H1,Research_2015_2024,2017-04-17 17:00:00,2017-04-10 05:00:00,2017-04-10 13:00:00,2017-04-11 10:00:00,110.488,110.364,109.982,108.201,103,ENTRY_A_B_BREAK,2017-04-17 18:00:00,20472,20368,108.288,2017-04-17 12:00:00,1,2017-04-17 18:00:00,20472,108.288,0,
CHFJPY,H1,Research_2015_2024,2017-04-17 17:00:00,2017-04-10 05:00:00,2017-04-10 13:00:00,2017-04-11 10:00:00,110.488,110.364,109.982,108.201,103,ENTRY_B_B_SUPPORT_REACCEL,2017-04-17 23:00:00,20477,20368,108.599,2017-04-17 19:00:00,1,2017-04-17 18:00:00,20472,108.288,5,2017-04-17 19:00:00
CHFJPY,H1,Research_2015_2024,2017-05-09 06:00:00,2017-05-07 21:00:00,2017-05-08 05:00:00,2017-05-09 00:00:00,114.351,114.11,113.549,113.443,6,ENTRY_A_B_BREAK,2017-05-15 06:00:00,20940,20838,113.46,2017-05-12 15:00:00,96,2017-05-15 06:00:00,20940,113.46,0,
CHFJPY,H1,Research_2015_2024,2017-05-09 06:00:00,2017-05-07 21:00:00,2017-05-08 05:00:00,2017-05-09 00:00:00,114.351,114.11,113.549,113.443,6,ENTRY_B_B_SUPPORT_REACCEL,2017-05-15 13:00:00,20947,20838,113.82,2017-05-15 07:00:00,96,2017-05-15 06:00:00,20940,113.46,7,2017-05-15 07:00:00
CHFJPY,H1,Research_2015_2024,2017-05-09 06:00:00,2017-05-07 21:00:00,2017-05-08 05:00:00,2017-05-09 00:00:00,114.351,114.11,113.549,113.443,6,ENTRY_C_A_AFTER_B,2017-05-15 07:00:00,20941,20838,113.549,2017-05-09 00:00:00,96,2017-05-15 06:00:00,20940,113.46,1,
CHFJPY,H1,Research_2015_2024,2017-05-24 14:00:00,2017-05-22 10:00:00,2017-05-23 15:00:00,2017-05-24 00:00:00,114.902,114.773,114.72,114.726,14,ENTRY_A_B_BREAK,2017-05-25 06:00:00,21132,21102,114.861,2017-05-24 14:00:00,16,2017-05-25 06:00:00,21132,114.861,0,
CHFJPY,H1,Research_2015_2024,2017-05-24 14:00:00,2017-05-22 10:00:00,2017-05-23 15:00:00,2017-05-24 00:00:00,114.902,114.773,114.72,114.726,14,ENTRY_C_A_AFTER_B,2017-05-25 06:00:00,21132,21102,114.72,2017-05-24 00:00:00,16,2017-05-25 06:00:00,21132,114.861,0,
CHFJPY,H1,Research_2015_2024,2017-06-08 03:00:00,2017-06-02 05:00:00,2017-06-05 05:00:00,2017-06-05 21:00:00,115.035,114.779,114.545,113.913,54,ENTRY_A_B_BREAK,2017-06-09 13:00:00,21403,21315,113.98,2017-06-08 00:00:00,34,2017-06-09 13:00:00,21403,113.98,0,
CHFJPY,H1,Research_2015_2024,2017-07-13 06:00:00,2017-07-11 17:00:00,2017-07-12 11:00:00,2017-07-13 00:00:00,118.332,117.968,117.638,117.591,6,ENTRY_A_B_BREAK,2017-07-17 10:00:00,22024,21966,116.836,2017-07-16 22:00:00,52,2017-07-17 10:00:00,22024,116.836,0,
CHFJPY,H1,Research_2015_2024,2017-07-13 06:00:00,2017-07-11 17:00:00,2017-07-12 11:00:00,2017-07-13 00:00:00,118.332,117.968,117.638,117.591,6,ENTRY_B_B_SUPPORT_REACCEL,2017-07-17 14:00:00,22028,21966,117.112,2017-07-17 11:00:00,52,2017-07-17 10:00:00,22024,116.836,4,2017-07-17 11:00:00
CHFJPY,H1,Research_2015_2024,2017-07-13 06:00:00,2017-07-11 17:00:00,2017-07-12 11:00:00,2017-07-13 00:00:00,118.332,117.968,117.638,117.591,6,ENTRY_C_A_AFTER_B,2017-07-20 18:00:00,22104,21966,117.638,2017-07-13 00:00:00,52,2017-07-17 10:00:00,22024,116.836,80,
CHFJPY,H1,Research_2015_2024,2017-08-07 08:00:00,2017-08-03 08:00:00,2017-08-04 15:00:00,2017-08-06 23:00:00,114.306,114.079,113.981,113.926,9,ENTRY_A_B_BREAK,2017-08-09 20:00:00,22442,22373,114.173,2017-08-09 13:00:00,60,2017-08-09 20:00:00,22442,114.173,0,
CHFJPY,H1,Research_2015_2024,2017-08-07 08:00:00,2017-08-03 08:00:00,2017-08-04 15:00:00,2017-08-06 23:00:00,114.306,114.079,113.981,113.926,9,ENTRY_C_A_AFTER_B,2017-08-09 20:00:00,22442,22373,113.981,2017-08-06 23:00:00,60,2017-08-09 20:00:00,22442,114.173,0,
CHFJPY,H1,Research_2015_2024,2017-08-24 03:00:00,2017-08-22 01:00:00,2017-08-23 00:00:00,2017-08-23 13:00:00,113.541,113.332,113.14,113.026,14,ENTRY_A_B_BREAK,2017-08-25 00:00:00,22710,22675,113.538,2017-08-24 13:00:00,21,2017-08-25 00:00:00,22710,113.538,0,
CHFJPY,H1,Research_2015_2024,2017-08-24 03:00:00,2017-08-22 01:00:00,2017-08-23 00:00:00,2017-08-23 13:00:00,113.541,113.332,113.14,113.026,14,ENTRY_B_B_SUPPORT_REACCEL,2017-08-25 08:00:00,22718,22675,113.676,2017-08-25 01:00:00,21,2017-08-25 00:00:00,22710,113.538,8,2017-08-25 01:00:00
CHFJPY,H1,Research_2015_2024,2017-08-24 03:00:00,2017-08-22 01:00:00,2017-08-23 00:00:00,2017-08-23 13:00:00,113.541,113.332,113.14,113.026,14,ENTRY_C_A_AFTER_B,2017-08-25 00:00:00,22710,22675,113.14,2017-08-23 13:00:00,21,2017-08-25 00:00:00,22710,113.538,0,
CHFJPY,H1,Research_2015_2024,2017-09-06 05:00:00,2017-09-04 14:00:00,2017-09-04 23:00:00,2017-09-05 19:00:00,114.73,114.536,114.035,113.892,10,ENTRY_A_B_BREAK,2017-09-07 10:00:00,22936,22897,114.362,2017-09-06 23:00:00,29,2017-09-07 10:00:00,22936,114.362,0,
CHFJPY,H1,Research_2015_2024,2017-09-06 05:00:00,2017-09-04 14:00:00,2017-09-04 23:00:00,2017-09-05 19:00:00,114.73,114.536,114.035,113.892,10,ENTRY_C_A_AFTER_B,2017-09-07 10:00:00,22936,22897,114.035,2017-09-05 19:00:00,29,2017-09-07 10:00:00,22936,114.362,0,
CHFJPY,H1,Research_2015_2024,2017-10-10 19:00:00,2017-10-03 13:00:00,2017-10-03 19:00:00,2017-10-04 14:00:00,116.041,116.001,115.876,115.305,101,ENTRY_A_B_BREAK,2017-10-11 13:00:00,23515,23396,115.377,2017-10-11 01:00:00,18,2017-10-11 13:00:00,23515,115.377,0,
CHFJPY,H1,Research_2015_2024,2017-10-30 01:00:00,2017-10-26 08:00:00,2017-10-27 07:00:00,2017-10-27 16:00:00,114.976,114.403,114.12,113.936,9,ENTRY_A_B_BREAK,2017-11-02 10:00:00,23896,23806,114.112,2017-10-31 17:00:00,81,2017-11-02 10:00:00,23896,114.112,0,
CHFJPY,H1,Research_2015_2024,2017-10-30 01:00:00,2017-10-26 08:00:00,2017-10-27 07:00:00,2017-10-27 16:00:00,114.976,114.403,114.12,113.936,9,ENTRY_C_A_AFTER_B,2017-11-02 10:00:00,23896,23806,114.12,2017-10-27 16:00:00,81,2017-11-02 10:00:00,23896,114.112,0,
CHFJPY,H1,Research_2015_2024,2017-11-21 16:00:00,2017-11-14 18:00:00,2017-11-15 07:00:00,2017-11-15 15:00:00,114.704,114.542,114.46,113.404,97,ENTRY_A_B_BREAK,2017-11-22 15:00:00,24236,24116,113.495,2017-11-20 08:00:00,23,2017-11-22 15:00:00,24236,113.495,0,
CHFJPY,H1,Research_2015_2024,2017-12-19 01:00:00,2017-12-12 09:00:00,2017-12-12 16:00:00,2017-12-13 19:00:00,114.681,114.648,114.532,114.222,78,ENTRY_A_B_BREAK,2017-12-19 01:00:00,24678,24600,113.83,2017-12-18 00:00:00,0,2017-12-19 01:00:00,24678,113.83,0,
CHFJPY,H1,Research_2015_2024,2017-12-19 01:00:00,2017-12-12 09:00:00,2017-12-12 16:00:00,2017-12-13 19:00:00,114.681,114.648,114.532,114.222,78,ENTRY_C_A_AFTER_B,2017-12-19 16:00:00,24693,24600,114.532,2017-12-13 19:00:00,0,2017-12-19 01:00:00,24678,113.83,15,
CHFJPY,H1,Research_2015_2024,2017-12-27 00:00:00,2017-12-25 23:00:00,2017-12-26 08:00:00,2017-12-26 14:00:00,114.66,114.581,114.547,114.494,10,ENTRY_A_B_BREAK,2017-12-28 07:00:00,24837,24796,114.925,2017-12-27 21:00:00,31,2017-12-28 07:00:00,24837,114.925,0,
CHFJPY,H1,Research_2015_2024,2017-12-27 00:00:00,2017-12-25 23:00:00,2017-12-26 08:00:00,2017-12-26 14:00:00,114.66,114.581,114.547,114.494,10,ENTRY_B_B_SUPPORT_REACCEL,2017-12-28 09:00:00,24839,24796,115.038,2017-12-28 08:00:00,31,2017-12-28 07:00:00,24837,114.925,2,2017-12-28 08:00:00
CHFJPY,H1,Research_2015_2024,2017-12-27 00:00:00,2017-12-25 23:00:00,2017-12-26 08:00:00,2017-12-26 14:00:00,114.66,114.581,114.547,114.494,10,ENTRY_C_A_AFTER_B,2017-12-28 07:00:00,24837,24796,114.547,2017-12-26 14:00:00,31,2017-12-28 07:00:00,24837,114.925,0,
CHFJPY,H1,Research_2015_2024,2018-02-15 11:00:00,2018-02-12 09:00:00,2018-02-12 18:00:00,2018-02-13 01:00:00,116.045,115.913,115.856,115.336,58,ENTRY_A_B_BREAK,2018-02-15 11:00:00,25657,25599,115.172,2018-02-14 21:00:00,0,2018-02-15 11:00:00,25657,115.172,0,
CHFJPY,H1,Research_2015_2024,2018-03-12 13:00:00,2018-03-09 15:00:00,2018-03-12 00:00:00,2018-03-12 07:00:00,112.724,112.51,112.339,112.268,6,ENTRY_A_B_BREAK,2018-03-13 03:00:00,26082,26062,112.454,2018-03-12 18:00:00,14,2018-03-13 03:00:00,26082,112.454,0,
CHFJPY,H1,Research_2015_2024,2018-03-12 13:00:00,2018-03-09 15:00:00,2018-03-12 00:00:00,2018-03-12 07:00:00,112.724,112.51,112.339,112.268,6,ENTRY_B_B_SUPPORT_REACCEL,2018-03-13 06:00:00,26085,26062,112.654,2018-03-13 04:00:00,14,2018-03-13 03:00:00,26082,112.454,3,2018-03-13 04:00:00
CHFJPY,H1,Research_2015_2024,2018-03-12 13:00:00,2018-03-09 15:00:00,2018-03-12 00:00:00,2018-03-12 07:00:00,112.724,112.51,112.339,112.268,6,ENTRY_C_A_AFTER_B,2018-03-13 03:00:00,26082,26062,112.339,2018-03-12 07:00:00,14,2018-03-13 03:00:00,26082,112.454,0,
CHFJPY,H1,Research_2015_2024,2018-03-26 13:00:00,2018-03-21 18:00:00,2018-03-22 00:00:00,2018-03-22 07:00:00,111.867,111.781,111.747,111.33,54,ENTRY_A_B_BREAK,2018-03-26 13:00:00,26308,26254,110.934,2018-03-26 01:00:00,0,2018-03-26 13:00:00,26308,110.934,0,
CHFJPY,H1,Research_2015_2024,2018-03-26 13:00:00,2018-03-21 18:00:00,2018-03-22 00:00:00,2018-03-22 07:00:00,111.867,111.781,111.747,111.33,54,ENTRY_B_B_SUPPORT_REACCEL,2018-03-28 10:00:00,26353,26254,111.157,2018-03-28 09:00:00,0,2018-03-26 13:00:00,26308,110.934,45,2018-03-28 09:00:00
CHFJPY,H1,Research_2015_2024,2018-03-26 13:00:00,2018-03-21 18:00:00,2018-03-22 00:00:00,2018-03-22 07:00:00,111.867,111.781,111.747,111.33,54,ENTRY_C_A_AFTER_B,2018-03-27 03:00:00,26322,26254,111.747,2018-03-22 07:00:00,0,2018-03-26 13:00:00,26308,110.934,14,
CHFJPY,H1,Research_2015_2024,2018-04-04 19:00:00,2018-04-03 08:00:00,2018-04-03 21:00:00,2018-04-04 06:00:00,111.331,111.295,111.25,111.214,13,ENTRY_A_B_BREAK,2018-04-06 13:00:00,26524,26469,111.635,2018-04-05 17:00:00,42,2018-04-06 13:00:00,26524,111.635,0,
CHFJPY,H1,Research_2015_2024,2018-04-04 19:00:00,2018-04-03 08:00:00,2018-04-03 21:00:00,2018-04-04 06:00:00,111.331,111.295,111.25,111.214,13,ENTRY_C_A_AFTER_B,2018-04-06 13:00:00,26524,26469,111.25,2018-04-04 06:00:00,42,2018-04-06 13:00:00,26524,111.635,0,
CHFJPY,H1,Research_2015_2024,2018-04-23 03:00:00,2018-04-19 10:00:00,2018-04-20 02:00:00,2018-04-22 21:00:00,111.119,110.848,110.564,110.516,6,ENTRY_A_B_BREAK,2018-04-23 23:00:00,26798,26772,111.138,2018-04-23 16:00:00,20,2018-04-23 23:00:00,26798,111.138,0,
CHFJPY,H1,Research_2015_2024,2018-04-23 03:00:00,2018-04-19 10:00:00,2018-04-20 02:00:00,2018-04-22 21:00:00,111.119,110.848,110.564,110.516,6,ENTRY_B_B_SUPPORT_REACCEL,2018-04-24 01:00:00,26800,26772,111.212,2018-04-24 00:00:00,20,2018-04-23 23:00:00,26798,111.138,2,2018-04-24 00:00:00
CHFJPY,H1,Research_2015_2024,2018-04-23 03:00:00,2018-04-19 10:00:00,2018-04-20 02:00:00,2018-04-22 21:00:00,111.119,110.848,110.564,110.516,6,ENTRY_C_A_AFTER_B,2018-04-23 23:00:00,26798,26772,110.564,2018-04-22 21:00:00,20,2018-04-23 23:00:00,26798,111.138,0,
CHFJPY,H1,Research_2015_2024,2018-05-22 07:00:00,2018-05-21 08:00:00,2018-05-21 14:00:00,2018-05-21 21:00:00,111.505,111.479,111.39,111.646,10,ENTRY_A_B_BREAK,2018-05-22 14:00:00,27293,27276,111.648,2018-05-22 08:00:00,7,2018-05-22 14:00:00,27293,111.648,0,
CHFJPY,H1,Research_2015_2024,2018-05-22 07:00:00,2018-05-21 08:00:00,2018-05-21 14:00:00,2018-05-21 21:00:00,111.505,111.479,111.39,111.646,10,ENTRY_C_A_AFTER_B,2018-05-22 14:00:00,27293,27276,111.39,2018-05-21 21:00:00,7,2018-05-22 14:00:00,27293,111.648,0,
CHFJPY,H1,Research_2015_2024,2018-05-29 20:00:00,2018-05-28 06:00:00,2018-05-28 22:00:00,2018-05-29 14:00:00,110.533,110.172,109.793,109.707,6,ENTRY_A_B_BREAK,2018-05-31 08:00:00,27455,27413,110.277,2018-05-30 16:00:00,36,2018-05-31 08:00:00,27455,110.277,0,
CHFJPY,H1,Research_2015_2024,2018-05-29 20:00:00,2018-05-28 06:00:00,2018-05-28 22:00:00,2018-05-29 14:00:00,110.533,110.172,109.793,109.707,6,ENTRY_C_A_AFTER_B,2018-05-31 08:00:00,27455,27413,109.793,2018-05-29 14:00:00,36,2018-05-31 08:00:00,27455,110.277,0,
CHFJPY,H1,Research_2015_2024,2018-07-25 06:00:00,2018-07-20 08:00:00,2018-07-23 14:00:00,2018-07-23 23:00:00,112.665,112.364,112.287,111.999,31,ENTRY_A_B_BREAK,2018-07-25 09:00:00,28392,28358,112.09,2018-07-25 01:00:00,3,2018-07-25 09:00:00,28392,112.09,0,
CHFJPY,H1,Research_2015_2024,2018-07-25 06:00:00,2018-07-20 08:00:00,2018-07-23 14:00:00,2018-07-23 23:00:00,112.665,112.364,112.287,111.999,31,ENTRY_C_A_AFTER_B,2018-07-30 18:00:00,28473,28358,112.287,2018-07-23 23:00:00,3,2018-07-25 09:00:00,28392,112.09,81,
CHFJPY,H1,Research_2015_2024,2018-09-03 10:00:00,2018-08-30 08:00:00,2018-08-31 07:00:00,2018-08-31 14:00:00,115.292,114.934,114.796,114.561,20,ENTRY_A_B_BREAK,2018-09-05 13:00:00,29116,29045,114.685,2018-09-05 01:00:00,51,2018-09-05 13:00:00,29116,114.685,0,
CHFJPY,H1,Research_2015_2024,2018-09-03 10:00:00,2018-08-30 08:00:00,2018-08-31 07:00:00,2018-08-31 14:00:00,115.292,114.934,114.796,114.561,20,ENTRY_C_A_AFTER_B,2018-09-05 13:00:00,29116,29045,114.796,2018-08-31 14:00:00,51,2018-09-05 13:00:00,29116,114.685,0,
CHFJPY,H1,Research_2015_2024,2018-09-19 23:00:00,2018-09-18 13:00:00,2018-09-19 03:00:00,2018-09-19 17:00:00,116.91,116.568,116.147,116.109,6,ENTRY_A_B_BREAK,2018-09-20 08:00:00,29375,29360,116.173,2018-09-20 00:00:00,9,2018-09-20 08:00:00,29375,116.173,0,
CHFJPY,H1,Research_2015_2024,2018-09-19 23:00:00,2018-09-18 13:00:00,2018-09-19 03:00:00,2018-09-19 17:00:00,116.91,116.568,116.147,116.109,6,ENTRY_B_B_SUPPORT_REACCEL,2018-09-20 10:00:00,29377,29360,116.236,2018-09-20 09:00:00,9,2018-09-20 08:00:00,29375,116.173,2,2018-09-20 09:00:00
CHFJPY,H1,Research_2015_2024,2018-09-19 23:00:00,2018-09-18 13:00:00,2018-09-19 03:00:00,2018-09-19 17:00:00,116.91,116.568,116.147,116.109,6,ENTRY_C_A_AFTER_B,2018-09-20 08:00:00,29375,29360,116.147,2018-09-19 17:00:00,9,2018-09-20 08:00:00,29375,116.173,0,
CHFJPY,H1,Research_2015_2024,2018-11-15 19:00:00,2018-11-14 00:00:00,2018-11-14 15:00:00,2018-11-15 08:00:00,113.282,113.175,113.021,112.948,11,ENTRY_A_B_BREAK,2018-11-19 08:00:00,30382,30334,112.918,2018-11-16 17:00:00,37,2018-11-19 08:00:00,30382,112.918,0,
CHFJPY,H1,Research_2015_2024,2018-11-15 19:00:00,2018-11-14 00:00:00,2018-11-14 15:00:00,2018-11-15 08:00:00,113.282,113.175,113.021,112.948,11,ENTRY_B_B_SUPPORT_REACCEL,2018-11-19 10:00:00,30384,30334,113.024,2018-11-19 09:00:00,37,2018-11-19 08:00:00,30382,112.918,2,2018-11-19 09:00:00
CHFJPY,H1,Research_2015_2024,2018-11-15 19:00:00,2018-11-14 00:00:00,2018-11-14 15:00:00,2018-11-15 08:00:00,113.282,113.175,113.021,112.948,11,ENTRY_C_A_AFTER_B,2018-11-19 10:00:00,30384,30334,113.021,2018-11-15 08:00:00,37,2018-11-19 08:00:00,30382,112.918,2,
CHFJPY,H1,Research_2015_2024,2018-12-03 16:00:00,2018-11-30 09:00:00,2018-12-02 23:00:00,2018-12-03 07:00:00,114.006,113.936,113.866,113.823,9,ENTRY_A_B_BREAK,2018-12-05 09:00:00,30671,30621,113.154,2018-12-05 00:00:00,41,2018-12-05 09:00:00,30671,113.154,0,
CHFJPY,H1,Research_2015_2024,2018-12-03 16:00:00,2018-11-30 09:00:00,2018-12-02 23:00:00,2018-12-03 07:00:00,114.006,113.936,113.866,113.823,9,ENTRY_B_B_SUPPORT_REACCEL,2018-12-05 13:00:00,30675,30621,113.266,2018-12-05 10:00:00,41,2018-12-05 09:00:00,30671,113.154,4,2018-12-05 10:00:00
CHFJPY,H1,Research_2015_2024,2018-12-03 16:00:00,2018-11-30 09:00:00,2018-12-02 23:00:00,2018-12-03 07:00:00,114.006,113.936,113.866,113.823,9,ENTRY_C_A_AFTER_B,2018-12-10 07:00:00,30741,30621,113.866,2018-12-03 07:00:00,41,2018-12-05 09:00:00,30671,113.154,70,
CHFJPY,H1,Research_2015_2024,2018-12-20 09:00:00,2018-12-18 01:00:00,2018-12-18 14:00:00,2018-12-19 09:00:00,113.668,113.548,113.354,113.128,24,ENTRY_A_B_BREAK,2018-12-20 10:00:00,30936,30911,113.188,2018-12-20 01:00:00,1,2018-12-20 10:00:00,30936,113.188,0,
CHFJPY,H1,Research_2015_2024,2018-12-20 09:00:00,2018-12-19 09:00:00,2018-12-19 15:00:00,2018-12-20 01:00:00,113.354,113.282,113.188,113.128,8,ENTRY_A_B_BREAK,2018-12-24 11:00:00,30985,30927,111.862,2018-12-24 05:00:00,50,2018-12-24 11:00:00,30985,111.862,0,
CHFJPY,H1,Research_2015_2024,2019-01-29 05:00:00,2019-01-25 17:00:00,2019-01-28 11:00:00,2019-01-28 19:00:00,110.617,110.408,110.296,110.208,10,ENTRY_A_B_BREAK,2019-02-01 15:00:00,31627,31535,109.779,2019-01-31 15:00:00,82,2019-02-01 15:00:00,31627,109.779,0,
CHFJPY,H1,Research_2015_2024,2019-01-29 05:00:00,2019-01-25 17:00:00,2019-01-28 11:00:00,2019-01-28 19:00:00,110.617,110.408,110.296,110.208,10,ENTRY_C_A_AFTER_B,2019-02-04 15:00:00,31651,31535,110.296,2019-01-28 19:00:00,82,2019-02-01 15:00:00,31627,109.779,24,
CHFJPY,H1,Research_2015_2024,2019-02-07 08:00:00,2019-02-04 16:00:00,2019-02-05 01:00:00,2019-02-06 02:00:00,110.334,110.247,110.041,109.79,30,ENTRY_A_B_BREAK,2019-02-12 03:00:00,31783,31686,110.129,2019-02-11 09:00:00,67,2019-02-12 03:00:00,31783,110.129,0,
CHFJPY,H1,Research_2015_2024,2019-02-07 08:00:00,2019-02-04 16:00:00,2019-02-05 01:00:00,2019-02-06 02:00:00,110.334,110.247,110.041,109.79,30,ENTRY_C_A_AFTER_B,2019-02-12 03:00:00,31783,31686,110.041,2019-02-06 02:00:00,67,2019-02-12 03:00:00,31783,110.129,0,
CHFJPY,H1,Research_2015_2024,2019-02-22 04:00:00,2019-02-20 16:00:00,2019-02-21 08:00:00,2019-02-21 15:00:00,110.866,110.745,110.713,110.648,13,ENTRY_A_B_BREAK,2019-02-25 10:00:00,32006,31963,110.868,2019-02-25 00:00:00,30,2019-02-25 10:00:00,32006,110.868,0,
CHFJPY,H1,Research_2015_2024,2019-02-22 04:00:00,2019-02-20 16:00:00,2019-02-21 08:00:00,2019-02-21 15:00:00,110.866,110.745,110.713,110.648,13,ENTRY_C_A_AFTER_B,2019-02-25 10:00:00,32006,31963,110.713,2019-02-21 15:00:00,30,2019-02-25 10:00:00,32006,110.868,0,
CHFJPY,H1,Research_2015_2024,2019-04-19 13:00:00,2019-04-17 09:00:00,2019-04-18 06:00:00,2019-04-19 07:00:00,111.19,110.846,110.457,110.383,6,ENTRY_A_B_BREAK,2019-04-24 07:00:00,33012,32940,109.703,2019-04-24 01:00:00,66,2019-04-24 07:00:00,33012,109.703,0,
CHFJPY,H1,Research_2015_2024,2019-04-29 09:00:00,2019-04-19 07:00:00,2019-04-22 00:00:00,2019-04-22 12:00:00,110.457,110.382,110.309,109.727,117,ENTRY_A_B_BREAK,2019-04-29 09:00:00,33086,32969,109.655,2019-04-26 01:00:00,0,2019-04-29 09:00:00,33086,109.655,0,
CHFJPY,H1,Research_2015_2024,2019-05-14 00:00:00,2019-05-12 21:00:00,2019-05-13 11:00:00,2019-05-13 18:00:00,108.869,108.813,108.707,108.744,6,ENTRY_A_B_BREAK,2019-05-15 07:00:00,33372,33335,108.772,2019-05-15 01:00:00,31,2019-05-15 07:00:00,33372,108.772,0,
CHFJPY,H1,Research_2015_2024,2019-05-14 00:00:00,2019-05-12 21:00:00,2019-05-13 11:00:00,2019-05-13 18:00:00,108.869,108.813,108.707,108.744,6,ENTRY_C_A_AFTER_B,2019-05-15 07:00:00,33372,33335,108.707,2019-05-13 18:00:00,31,2019-05-15 07:00:00,33372,108.772,0,
CHFJPY,H1,Research_2015_2024,2019-07-02 15:00:00,2019-06-30 22:00:00,2019-07-01 11:00:00,2019-07-02 03:00:00,110.805,110.364,109.862,109.513,12,ENTRY_A_B_BREAK,2019-07-04 22:00:00,34239,34172,109.454,2019-07-03 14:00:00,55,2019-07-04 22:00:00,34239,109.454,0,
CHFJPY,H1,Research_2015_2024,2019-07-02 15:00:00,2019-06-30 22:00:00,2019-07-01 11:00:00,2019-07-02 03:00:00,110.805,110.364,109.862,109.513,12,ENTRY_C_A_AFTER_B,2019-07-10 08:00:00,34321,34172,109.862,2019-07-02 03:00:00,55,2019-07-04 22:00:00,34239,109.454,82,
CHFJPY,H1,Research_2015_2024,2019-07-19 00:00:00,2019-07-16 19:00:00,2019-07-17 05:00:00,2019-07-17 16:00:00,109.656,109.608,109.533,109.375,32,ENTRY_A_B_BREAK,2019-07-19 02:00:00,34483,34449,109.439,2019-07-18 13:00:00,2,2019-07-19 02:00:00,34483,109.439,0,
CHFJPY,H1,Research_2015_2024,2019-07-19 00:00:00,2019-07-16 19:00:00,2019-07-17 05:00:00,2019-07-17 16:00:00,109.656,109.608,109.533,109.375,32,ENTRY_C_A_AFTER_B,2019-07-19 07:00:00,34488,34449,109.533,2019-07-17 16:00:00,2,2019-07-19 02:00:00,34483,109.439,5,
CHFJPY,H1,Research_2015_2024,2019-07-29 14:00:00,2019-07-24 21:00:00,2019-07-25 13:00:00,2019-07-26 00:00:00,109.876,109.809,109.763,109.641,38,ENTRY_A_B_BREAK,2019-07-29 14:00:00,34639,34601,109.429,2019-07-28 22:00:00,0,2019-07-29 14:00:00,34639,109.429,0,
CHFJPY,H1,Research_2015_2024,2019-07-29 14:00:00,2019-07-24 21:00:00,2019-07-25 13:00:00,2019-07-26 00:00:00,109.876,109.809,109.763,109.641,38,ENTRY_B_B_SUPPORT_REACCEL,2019-07-30 07:00:00,34656,34601,109.597,2019-07-30 04:00:00,0,2019-07-29 14:00:00,34639,109.429,17,2019-07-30 04:00:00
CHFJPY,H1,Research_2015_2024,2019-08-13 10:00:00,2019-08-06 22:00:00,2019-08-07 18:00:00,2019-08-08 01:00:00,109.118,109.068,109.006,108.715,81,ENTRY_A_B_BREAK,2019-08-13 11:00:00,34900,34818,108.712,2019-08-12 15:00:00,1,2019-08-13 11:00:00,34900,108.712,0,
CHFJPY,H1,Research_2015_2024,2019-08-13 10:00:00,2019-08-06 22:00:00,2019-08-07 18:00:00,2019-08-08 01:00:00,109.118,109.068,109.006,108.715,81,ENTRY_B_B_SUPPORT_REACCEL,2019-08-13 13:00:00,34902,34818,108.886,2019-08-13 12:00:00,1,2019-08-13 11:00:00,34900,108.712,2,2019-08-13 12:00:00
CHFJPY,H1,Research_2015_2024,2019-08-13 10:00:00,2019-08-06 22:00:00,2019-08-07 18:00:00,2019-08-08 01:00:00,109.118,109.068,109.006,108.715,81,ENTRY_C_A_AFTER_B,2019-08-13 13:00:00,34902,34818,109.006,2019-08-08 01:00:00,1,2019-08-13 11:00:00,34900,108.712,2,
CHFJPY,H1,Research_2015_2024,2019-11-15 08:00:00,2019-11-14 08:00:00,2019-11-14 16:00:00,2019-11-15 01:00:00,110.078,109.947,109.838,109.764,7,ENTRY_A_B_BREAK,2019-11-18 03:00:00,36546,36520,109.97,2019-11-15 18:00:00,19,2019-11-18 03:00:00,36546,109.97,0,
CHFJPY,H1,Research_2015_2024,2019-11-15 08:00:00,2019-11-14 08:00:00,2019-11-14 16:00:00,2019-11-15 01:00:00,110.078,109.947,109.838,109.764,7,ENTRY_C_A_AFTER_B,2019-11-18 03:00:00,36546,36520,109.838,2019-11-15 01:00:00,19,2019-11-18 03:00:00,36546,109.97,0,
CHFJPY,H1,Research_2015_2024,2019-11-20 04:00:00,2019-11-18 08:00:00,2019-11-19 09:00:00,2019-11-19 22:00:00,110.174,109.817,109.6,109.574,6,ENTRY_A_B_BREAK,2019-11-25 15:00:00,36678,36589,109.219,2019-11-25 08:00:00,83,2019-11-25 15:00:00,36678,109.219,0,
CHFJPY,H1,Research_2015_2024,2019-11-20 04:00:00,2019-11-18 08:00:00,2019-11-19 09:00:00,2019-11-19 22:00:00,110.174,109.817,109.6,109.574,6,ENTRY_B_B_SUPPORT_REACCEL,2019-11-26 01:00:00,36688,36589,109.369,2019-11-25 16:00:00,83,2019-11-25 15:00:00,36678,109.219,10,2019-11-25 16:00:00
CHFJPY,H1,Research_2015_2024,2019-11-20 04:00:00,2019-11-18 08:00:00,2019-11-19 09:00:00,2019-11-19 22:00:00,110.174,109.817,109.6,109.574,6,ENTRY_C_A_AFTER_B,2019-11-27 19:00:00,36730,36589,109.6,2019-11-19 22:00:00,83,2019-11-25 15:00:00,36678,109.219,52,
CHFJPY,H1,Research_2015_2024,2020-01-31 13:00:00,2020-01-16 13:00:00,2020-01-17 00:00:00,2020-01-17 07:00:00,114.382,114.289,114.257,112.606,246,ENTRY_A_B_BREAK,2020-01-31 13:00:00,37795,37549,112.149,2020-01-29 19:00:00,0,2020-01-31 13:00:00,37795,112.149,0,
CHFJPY,H1,Research_2015_2024,2020-02-06 21:00:00,2020-02-05 08:00:00,2020-02-06 07:00:00,2020-02-06 15:00:00,113.093,112.901,112.832,112.836,6,ENTRY_A_B_BREAK,2020-02-11 07:00:00,37957,37893,112.378,2020-02-10 15:00:00,58,2020-02-11 07:00:00,37957,112.378,0,
CHFJPY,H1,Research_2015_2024,2020-02-06 21:00:00,2020-02-05 08:00:00,2020-02-06 07:00:00,2020-02-06 15:00:00,113.093,112.901,112.832,112.836,6,ENTRY_C_A_AFTER_B,2020-02-12 09:00:00,37983,37893,112.832,2020-02-06 15:00:00,58,2020-02-11 07:00:00,37957,112.378,26,
CHFJPY,H1,Research_2015_2024,2020-02-19 02:00:00,2020-02-17 19:00:00,2020-02-18 06:00:00,2020-02-18 16:00:00,112.077,112.006,111.945,111.893,10,ENTRY_A_B_BREAK,2020-02-20 07:00:00,38125,38086,113.358,2020-02-19 19:00:00,29,2020-02-20 07:00:00,38125,113.358,0,
CHFJPY,H1,Research_2015_2024,2020-02-19 02:00:00,2020-02-17 19:00:00,2020-02-18 06:00:00,2020-02-18 16:00:00,112.077,112.006,111.945,111.893,10,ENTRY_C_A_AFTER_B,2020-02-20 07:00:00,38125,38086,111.945,2020-02-18 16:00:00,29,2020-02-20 07:00:00,38125,113.358,0,
CHFJPY,H1,Research_2015_2024,2020-03-05 23:00:00,2020-03-04 10:00:00,2020-03-04 23:00:00,2020-03-05 12:00:00,112.78,112.612,112.417,112.332,11,ENTRY_A_B_BREAK,2020-03-06 08:00:00,38390,38370,112.375,2020-03-06 00:00:00,9,2020-03-06 08:00:00,38390,112.375,0,
CHFJPY,H1,Research_2015_2024,2020-03-05 23:00:00,2020-03-04 10:00:00,2020-03-04 23:00:00,2020-03-05 12:00:00,112.78,112.612,112.417,112.332,11,ENTRY_C_A_AFTER_B,2020-03-06 10:00:00,38392,38370,112.417,2020-03-05 12:00:00,9,2020-03-06 08:00:00,38390,112.375,2,
CHFJPY,H1,Research_2015_2024,2020-04-22 09:00:00,2020-04-20 14:00:00,2020-04-21 14:00:00,2020-04-22 01:00:00,111.495,111.341,111.191,111.14,8,ENTRY_A_B_BREAK,2020-04-24 11:00:00,39234,39176,110.313,2020-04-23 23:00:00,50,2020-04-24 11:00:00,39234,110.313,0,
CHFJPY,H1,Research_2015_2024,2020-04-29 08:00:00,2020-04-26 21:00:00,2020-04-28 01:00:00,2020-04-28 18:00:00,110.58,110.071,109.781,109.572,14,ENTRY_A_B_BREAK,2020-04-30 08:00:00,39327,39289,109.762,2020-04-29 13:00:00,24,2020-04-30 08:00:00,39327,109.762,0,
CHFJPY,H1,Research_2015_2024,2020-04-29 08:00:00,2020-04-26 21:00:00,2020-04-28 01:00:00,2020-04-28 18:00:00,110.58,110.071,109.781,109.572,14,ENTRY_C_A_AFTER_B,2020-04-30 08:00:00,39327,39289,109.781,2020-04-28 18:00:00,24,2020-04-30 08:00:00,39327,109.762,0,
CHFJPY,H1,Research_2015_2024,2020-05-27 21:00:00,2020-05-26 14:00:00,2020-05-27 01:00:00,2020-05-27 12:00:00,111.489,111.441,111.3,111.235,9,ENTRY_A_B_BREAK,2020-05-29 14:00:00,39837,39787,111.769,2020-05-28 17:00:00,41,2020-05-29 14:00:00,39837,111.769,0,
CHFJPY,H1,Research_2015_2024,2020-05-27 21:00:00,2020-05-26 14:00:00,2020-05-27 01:00:00,2020-05-27 12:00:00,111.489,111.441,111.3,111.235,9,ENTRY_B_B_SUPPORT_REACCEL,2020-06-01 20:00:00,39867,39787,111.926,2020-06-01 18:00:00,41,2020-05-29 14:00:00,39837,111.769,30,2020-06-01 18:00:00
CHFJPY,H1,Research_2015_2024,2020-05-27 21:00:00,2020-05-26 14:00:00,2020-05-27 01:00:00,2020-05-27 12:00:00,111.489,111.441,111.3,111.235,9,ENTRY_C_A_AFTER_B,2020-05-29 14:00:00,39837,39787,111.3,2020-05-27 12:00:00,41,2020-05-29 14:00:00,39837,111.769,0,
CHFJPY,H1,Research_2015_2024,2020-06-22 04:00:00,2020-06-16 10:00:00,2020-06-17 07:00:00,2020-06-18 10:00:00,113.438,113.205,112.875,112.435,42,ENTRY_A_B_BREAK,2020-06-22 22:00:00,40229,40169,112.883,2020-06-22 14:00:00,18,2020-06-22 22:00:00,40229,112.883,0,
CHFJPY,H1,Research_2015_2024,2020-06-22 04:00:00,2020-06-16 10:00:00,2020-06-17 07:00:00,2020-06-18 10:00:00,113.438,113.205,112.875,112.435,42,ENTRY_B_B_SUPPORT_REACCEL,2020-06-23 02:00:00,40233,40169,112.932,2020-06-22 23:00:00,18,2020-06-22 22:00:00,40229,112.883,4,2020-06-22 23:00:00
CHFJPY,H1,Research_2015_2024,2020-06-22 04:00:00,2020-06-16 10:00:00,2020-06-17 07:00:00,2020-06-18 10:00:00,113.438,113.205,112.875,112.435,42,ENTRY_C_A_AFTER_B,2020-06-22 22:00:00,40229,40169,112.875,2020-06-18 10:00:00,18,2020-06-22 22:00:00,40229,112.883,0,
CHFJPY,H1,Research_2015_2024,2020-07-08 08:00:00,2020-07-06 13:00:00,2020-07-07 13:00:00,2020-07-08 00:00:00,114.539,114.341,114.236,114.227,8,ENTRY_A_B_BREAK,2020-07-13 05:00:00,40572,40495,113.698,2020-07-10 14:00:00,69,2020-07-13 05:00:00,40572,113.698,0,
CHFJPY,H1,Research_2015_2024,2020-07-08 08:00:00,2020-07-06 13:00:00,2020-07-07 13:00:00,2020-07-08 00:00:00,114.539,114.341,114.236,114.227,8,ENTRY_B_B_SUPPORT_REACCEL,2020-07-13 13:00:00,40580,40495,113.837,2020-07-13 06:00:00,69,2020-07-13 05:00:00,40572,113.698,8,2020-07-13 06:00:00
CHFJPY,H1,Research_2015_2024,2020-07-08 08:00:00,2020-07-06 13:00:00,2020-07-07 13:00:00,2020-07-08 00:00:00,114.539,114.341,114.236,114.227,8,ENTRY_C_A_AFTER_B,2020-07-14 10:00:00,40601,40495,114.236,2020-07-08 00:00:00,69,2020-07-13 05:00:00,40572,113.698,29,
CHFJPY,H1,Research_2015_2024,2020-09-23 08:00:00,2020-09-18 19:00:00,2020-09-22 13:00:00,2020-09-23 01:00:00,114.927,114.45,114.237,114.212,7,ENTRY_A_B_BREAK,2020-09-24 00:00:00,41821,41798,114.257,2020-09-23 16:00:00,16,2020-09-24 00:00:00,41821,114.257,0,
CHFJPY,H1,Research_2015_2024,2020-09-23 08:00:00,2020-09-18 19:00:00,2020-09-22 13:00:00,2020-09-23 01:00:00,114.927,114.45,114.237,114.212,7,ENTRY_C_A_AFTER_B,2020-09-24 00:00:00,41821,41798,114.237,2020-09-23 01:00:00,16,2020-09-24 00:00:00,41821,114.257,0,
CHFJPY,H1,Research_2015_2024,2020-09-27 21:00:00,2020-09-24 00:00:00,2020-09-25 08:00:00,2020-09-25 14:00:00,114.376,113.918,113.805,113.761,7,ENTRY_A_B_BREAK,2020-09-29 04:00:00,41897,41859,114.224,2020-09-28 16:00:00,31,2020-09-29 04:00:00,41897,114.224,0,
CHFJPY,H1,Research_2015_2024,2020-09-27 21:00:00,2020-09-24 00:00:00,2020-09-25 08:00:00,2020-09-25 14:00:00,114.376,113.918,113.805,113.761,7,ENTRY_B_B_SUPPORT_REACCEL,2020-09-29 06:00:00,41899,41859,114.255,2020-09-29 05:00:00,31,2020-09-29 04:00:00,41897,114.224,2,2020-09-29 05:00:00
CHFJPY,H1,Research_2015_2024,2020-09-27 21:00:00,2020-09-24 00:00:00,2020-09-25 08:00:00,2020-09-25 14:00:00,114.376,113.918,113.805,113.761,7,ENTRY_C_A_AFTER_B,2020-09-29 04:00:00,41897,41859,113.805,2020-09-25 14:00:00,31,2020-09-29 04:00:00,41897,114.224,0,
CHFJPY,H1,Research_2015_2024,2020-11-12 08:00:00,2020-11-10 16:00:00,2020-11-11 07:00:00,2020-11-11 16:00:00,115.357,115.214,115.098,115.107,16,ENTRY_A_B_BREAK,2020-11-16 11:00:00,42719,42652,114.78,2020-11-16 00:00:00,51,2020-11-16 11:00:00,42719,114.78,0,
CHFJPY,H1,Research_2015_2024,2021-01-06 00:00:00,2021-01-04 16:00:00,2021-01-05 03:00:00,2021-01-05 18:00:00,117.306,117.134,116.965,116.956,6,ENTRY_A_B_BREAK,2021-01-08 15:00:00,43601,43532,117.489,2021-01-06 15:00:00,63,2021-01-08 15:00:00,43601,117.489,0,
CHFJPY,H1,Research_2015_2024,2021-01-06 00:00:00,2021-01-04 16:00:00,2021-01-05 03:00:00,2021-01-05 18:00:00,117.306,117.134,116.965,116.956,6,ENTRY_C_A_AFTER_B,2021-01-08 15:00:00,43601,43532,116.965,2021-01-05 18:00:00,63,2021-01-08 15:00:00,43601,117.489,0,
CHFJPY,H1,Research_2015_2024,2021-01-12 07:00:00,2021-01-11 08:00:00,2021-01-11 18:00:00,2021-01-12 01:00:00,117.396,117.193,117.118,117.048,6,ENTRY_A_B_BREAK,2021-01-14 08:00:00,43690,43635,117.212,2021-01-13 15:00:00,49,2021-01-14 08:00:00,43690,117.212,0,
CHFJPY,H1,Research_2015_2024,2021-01-12 07:00:00,2021-01-11 08:00:00,2021-01-11 18:00:00,2021-01-12 01:00:00,117.396,117.193,117.118,117.048,6,ENTRY_C_A_AFTER_B,2021-01-14 08:00:00,43690,43635,117.118,2021-01-12 01:00:00,49,2021-01-14 08:00:00,43690,117.212,0,
CHFJPY,H1,Research_2015_2024,2021-03-02 06:00:00,2021-02-26 16:00:00,2021-03-01 03:00:00,2021-03-02 00:00:00,117.782,117.441,116.805,116.634,6,ENTRY_A_B_BREAK,2021-03-03 07:00:00,44505,44474,116.804,2021-03-02 18:00:00,25,2021-03-03 07:00:00,44505,116.804,0,
CHFJPY,H1,Research_2015_2024,2021-03-02 06:00:00,2021-02-26 16:00:00,2021-03-01 03:00:00,2021-03-02 00:00:00,117.782,117.441,116.805,116.634,6,ENTRY_C_A_AFTER_B,2021-03-05 10:00:00,44556,44474,116.805,2021-03-02 00:00:00,25,2021-03-03 07:00:00,44505,116.804,51,
CHFJPY,H1,Research_2015_2024,2021-03-08 14:00:00,2021-03-05 12:00:00,2021-03-07 23:00:00,2021-03-08 08:00:00,116.942,116.617,116.39,116.534,6,ENTRY_A_B_BREAK,2021-03-09 02:00:00,44596,44578,116.569,2021-03-08 15:00:00,12,2021-03-09 02:00:00,44596,116.569,0,
CHFJPY,H1,Research_2015_2024,2021-03-08 14:00:00,2021-03-05 12:00:00,2021-03-07 23:00:00,2021-03-08 08:00:00,116.942,116.617,116.39,116.534,6,ENTRY_C_A_AFTER_B,2021-03-09 02:00:00,44596,44578,116.39,2021-03-08 08:00:00,12,2021-03-09 02:00:00,44596,116.569,0,
CHFJPY,H1,Research_2015_2024,2021-03-22 00:00:00,2021-03-18 08:00:00,2021-03-19 03:00:00,2021-03-19 18:00:00,118.179,117.63,117.217,117.097,6,ENTRY_A_B_BREAK,2021-03-25 02:00:00,44885,44805,116.371,2021-03-24 15:00:00,74,2021-03-25 02:00:00,44885,116.371,0,
CHFJPY,H1,Research_2015_2024,2021-03-22 00:00:00,2021-03-18 08:00:00,2021-03-19 03:00:00,2021-03-19 18:00:00,118.179,117.63,117.217,117.097,6,ENTRY_B_B_SUPPORT_REACCEL,2021-03-25 10:00:00,44893,44805,116.558,2021-03-25 03:00:00,74,2021-03-25 02:00:00,44885,116.371,8,2021-03-25 03:00:00
CHFJPY,H1,Research_2015_2024,2021-03-22 00:00:00,2021-03-18 08:00:00,2021-03-19 03:00:00,2021-03-19 18:00:00,118.179,117.63,117.217,117.097,6,ENTRY_C_A_AFTER_B,2021-03-31 00:00:00,44979,44805,117.217,2021-03-19 18:00:00,74,2021-03-25 02:00:00,44885,116.371,94,
CHFJPY,H1,Research_2015_2024,2021-04-08 15:00:00,2021-04-07 13:00:00,2021-04-08 00:00:00,2021-04-08 06:00:00,118.36,118.222,118.149,118.119,9,ENTRY_A_B_BREAK,2021-04-09 07:00:00,45154,45129,118.341,2021-04-09 00:00:00,16,2021-04-09 07:00:00,45154,118.341,0,
CHFJPY,H1,Research_2015_2024,2021-04-08 15:00:00,2021-04-07 13:00:00,2021-04-08 00:00:00,2021-04-08 06:00:00,118.36,118.222,118.149,118.119,9,ENTRY_B_B_SUPPORT_REACCEL,2021-04-09 10:00:00,45157,45129,118.465,2021-04-09 09:00:00,16,2021-04-09 07:00:00,45154,118.341,3,2021-04-09 09:00:00
CHFJPY,H1,Research_2015_2024,2021-04-08 15:00:00,2021-04-07 13:00:00,2021-04-08 00:00:00,2021-04-08 06:00:00,118.36,118.222,118.149,118.119,9,ENTRY_C_A_AFTER_B,2021-04-09 07:00:00,45154,45129,118.149,2021-04-08 06:00:00,16,2021-04-09 07:00:00,45154,118.341,0,
CHFJPY,H1,Research_2015_2024,2021-07-15 08:00:00,2021-07-13 03:00:00,2021-07-13 21:00:00,2021-07-14 08:00:00,120.726,120.511,120.421,120.302,24,ENTRY_A_B_BREAK,2021-07-20 07:00:00,46882,46787,119.324,2021-07-19 15:00:00,71,2021-07-20 07:00:00,46882,119.324,0,
CHFJPY,H1,Research_2015_2024,2021-07-28 07:00:00,2021-07-26 17:00:00,2021-07-27 12:00:00,2021-07-28 00:00:00,120.599,120.336,120.136,120.16,7,ENTRY_A_B_BREAK,2021-07-29 07:00:00,47050,47019,120.809,2021-07-28 22:00:00,24,2021-07-29 07:00:00,47050,120.809,0,
CHFJPY,H1,Research_2015_2024,2021-07-28 07:00:00,2021-07-26 17:00:00,2021-07-27 12:00:00,2021-07-28 00:00:00,120.599,120.336,120.136,120.16,7,ENTRY_B_B_SUPPORT_REACCEL,2021-07-29 13:00:00,47056,47019,120.94,2021-07-29 08:00:00,24,2021-07-29 07:00:00,47050,120.809,6,2021-07-29 08:00:00
CHFJPY,H1,Research_2015_2024,2021-07-28 07:00:00,2021-07-26 17:00:00,2021-07-27 12:00:00,2021-07-28 00:00:00,120.599,120.336,120.136,120.16,7,ENTRY_C_A_AFTER_B,2021-07-29 07:00:00,47050,47019,120.136,2021-07-28 00:00:00,24,2021-07-29 07:00:00,47050,120.809,0,
CHFJPY,H1,Research_2015_2024,2021-08-23 01:00:00,2021-08-17 08:00:00,2021-08-18 09:00:00,2021-08-18 18:00:00,120.12,120.082,120.018,119.93,55,ENTRY_A_B_BREAK,2021-08-23 01:00:00,47452,47397,119.806,2021-08-20 03:00:00,0,2021-08-23 01:00:00,47452,119.806,0,
CHFJPY,H1,Research_2015_2024,2021-08-23 01:00:00,2021-08-17 08:00:00,2021-08-18 09:00:00,2021-08-18 18:00:00,120.12,120.082,120.018,119.93,55,ENTRY_C_A_AFTER_B,2021-08-23 07:00:00,47458,47397,120.018,2021-08-18 18:00:00,0,2021-08-23 01:00:00,47452,119.806,6,
CHFJPY,H1,Research_2015_2024,2021-09-17 03:00:00,2021-09-14 12:00:00,2021-09-15 10:00:00,2021-09-16 00:00:00,119.648,119.236,118.965,118.505,27,ENTRY_A_B_BREAK,2021-09-17 07:00:00,47914,47883,118.601,2021-09-16 14:00:00,4,2021-09-17 07:00:00,47914,118.601,0,
CHFJPY,H1,Research_2015_2024,2021-11-10 09:00:00,2021-11-04 22:00:00,2021-11-05 08:00:00,2021-11-08 01:00:00,124.753,124.662,124.517,124.085,56,ENTRY_A_B_BREAK,2021-11-10 09:00:00,48827,48771,123.984,2021-11-09 19:00:00,0,2021-11-10 09:00:00,48827,123.984,0,
CHFJPY,H1,Research_2015_2024,2022-01-12 13:00:00,2022-01-04 15:00:00,2022-01-05 08:00:00,2022-01-05 18:00:00,127.072,126.823,126.706,125.324,115,ENTRY_A_B_BREAK,2022-01-12 13:00:00,49891,49776,124.794,2022-01-11 09:00:00,0,2022-01-12 13:00:00,49891,124.794,0,
CHFJPY,H1,Research_2015_2024,2022-01-12 13:00:00,2022-01-04 15:00:00,2022-01-05 08:00:00,2022-01-05 18:00:00,127.072,126.823,126.706,125.324,115,ENTRY_B_B_SUPPORT_REACCEL,2022-01-14 08:00:00,49934,49776,125.057,2022-01-14 03:00:00,0,2022-01-12 13:00:00,49891,124.794,43,2022-01-14 03:00:00
CHFJPY,H1,Research_2015_2024,2022-02-25 17:00:00,2022-02-23 14:00:00,2022-02-24 01:00:00,2022-02-24 20:00:00,125.521,125.33,125.052,124.75,21,ENTRY_A_B_BREAK,2022-03-03 05:00:00,50747,50642,125.649,2022-02-28 15:00:00,84,2022-03-03 05:00:00,50747,125.649,0,
CHFJPY,H1,Research_2015_2024,2022-02-25 17:00:00,2022-02-23 14:00:00,2022-02-24 01:00:00,2022-02-24 20:00:00,125.521,125.33,125.052,124.75,21,ENTRY_C_A_AFTER_B,2022-03-03 05:00:00,50747,50642,125.052,2022-02-24 20:00:00,84,2022-03-03 05:00:00,50747,125.649,0,
CHFJPY,H1,Research_2015_2024,2022-04-21 01:00:00,2022-04-19 13:00:00,2022-04-19 22:00:00,2022-04-20 08:00:00,136.18,135.863,135.56,135.097,17,ENTRY_A_B_BREAK,2022-04-21 07:00:00,51590,51567,135.245,2022-04-21 00:00:00,6,2022-04-21 07:00:00,51590,135.245,0,
CHFJPY,H1,Research_2015_2024,2022-04-24 22:00:00,2022-04-21 08:00:00,2022-04-22 01:00:00,2022-04-22 15:00:00,135.36,134.879,134.612,134.56,7,ENTRY_A_B_BREAK,2022-04-28 00:00:00,51703,51622,132.832,2022-04-27 10:00:00,74,2022-04-28 00:00:00,51703,132.832,0,
CHFJPY,H1,Research_2015_2024,2022-04-24 22:00:00,2022-04-21 08:00:00,2022-04-22 01:00:00,2022-04-22 15:00:00,135.36,134.879,134.612,134.56,7,ENTRY_B_B_SUPPORT_REACCEL,2022-04-28 03:00:00,51706,51622,132.999,2022-04-28 01:00:00,74,2022-04-28 00:00:00,51703,132.832,3,2022-04-28 01:00:00
CHFJPY,H1,Research_2015_2024,2022-04-24 22:00:00,2022-04-21 08:00:00,2022-04-22 01:00:00,2022-04-22 15:00:00,135.36,134.879,134.612,134.56,7,ENTRY_C_A_AFTER_B,2022-04-28 07:00:00,51710,51622,134.612,2022-04-22 15:00:00,74,2022-04-28 00:00:00,51703,132.832,7,
CHFJPY,H1,Research_2015_2024,2022-05-10 20:00:00,2022-05-09 10:00:00,2022-05-10 05:00:00,2022-05-10 13:00:00,132.366,131.623,131.27,131.004,7,ENTRY_A_B_BREAK,2022-05-13 10:00:00,51977,51908,128.92,2022-05-13 01:00:00,62,2022-05-13 10:00:00,51977,128.92,0,
CHFJPY,H1,Research_2015_2024,2022-06-16 02:00:00,2022-06-09 13:00:00,2022-06-13 05:00:00,2022-06-14 08:00:00,137.612,136.607,135.913,135.01,42,ENTRY_A_B_BREAK,2022-06-17 00:00:00,52565,52501,137.183,2022-06-16 07:00:00,22,2022-06-17 00:00:00,52565,137.183,0,
CHFJPY,H1,Research_2015_2024,2022-06-16 02:00:00,2022-06-09 13:00:00,2022-06-13 05:00:00,2022-06-14 08:00:00,137.612,136.607,135.913,135.01,42,ENTRY_C_A_AFTER_B,2022-06-17 00:00:00,52565,52501,135.913,2022-06-14 08:00:00,22,2022-06-17 00:00:00,52565,137.183,0,
CHFJPY,H1,Research_2015_2024,2022-07-11 01:00:00,2022-07-07 08:00:00,2022-07-08 02:00:00,2022-07-08 13:00:00,140.364,139.845,139.67,139.989,12,ENTRY_A_B_BREAK,2022-07-11 12:00:00,52960,52937,140.135,2022-07-11 01:00:00,11,2022-07-11 12:00:00,52960,140.135,0,
CHFJPY,H1,Research_2015_2024,2022-07-11 01:00:00,2022-07-07 08:00:00,2022-07-08 02:00:00,2022-07-08 13:00:00,140.364,139.845,139.67,139.989,12,ENTRY_C_A_AFTER_B,2022-07-11 12:00:00,52960,52937,139.67,2022-07-08 13:00:00,11,2022-07-11 12:00:00,52960,140.135,0,
CHFJPY,H1,Research_2015_2024,2022-07-25 08:00:00,2022-07-21 13:00:00,2022-07-22 07:00:00,2022-07-25 00:00:00,143.109,142.429,141.669,141.563,8,ENTRY_A_B_BREAK,2022-07-26 14:00:00,53226,53188,141.788,2022-07-25 12:00:00,30,2022-07-26 14:00:00,53226,141.788,0,
CHFJPY,H1,Research_2015_2024,2022-07-25 08:00:00,2022-07-21 13:00:00,2022-07-22 07:00:00,2022-07-25 00:00:00,143.109,142.429,141.669,141.563,8,ENTRY_B_B_SUPPORT_REACCEL,2022-07-26 19:00:00,53231,53188,141.988,2022-07-26 15:00:00,30,2022-07-26 14:00:00,53226,141.788,5,2022-07-26 15:00:00
CHFJPY,H1,Research_2015_2024,2022-07-25 08:00:00,2022-07-21 13:00:00,2022-07-22 07:00:00,2022-07-25 00:00:00,143.109,142.429,141.669,141.563,8,ENTRY_C_A_AFTER_B,2022-07-26 14:00:00,53226,53188,141.669,2022-07-25 00:00:00,30,2022-07-26 14:00:00,53226,141.788,0,
CHFJPY,H1,Research_2015_2024,2022-08-04 05:00:00,2022-07-29 14:00:00,2022-08-03 01:00:00,2022-08-03 14:00:00,140.443,139.664,139.511,139.451,15,ENTRY_A_B_BREAK,2022-08-05 07:00:00,53411,53370,139.391,2022-08-04 18:00:00,26,2022-08-05 07:00:00,53411,139.391,0,
CHFJPY,H1,Research_2015_2024,2022-08-04 05:00:00,2022-07-29 14:00:00,2022-08-03 01:00:00,2022-08-03 14:00:00,140.443,139.664,139.511,139.451,15,ENTRY_C_A_AFTER_B,2022-08-05 12:00:00,53416,53370,139.511,2022-08-03 14:00:00,26,2022-08-05 07:00:00,53411,139.391,5,
CHFJPY,H1,Research_2015_2024,2022-08-29 00:00:00,2022-08-19 11:00:00,2022-08-22 03:00:00,2022-08-22 12:00:00,143.306,143.247,143.191,142.809,108,ENTRY_A_B_BREAK,2022-08-29 00:00:00,53788,53680,141.967,2022-08-24 09:00:00,0,2022-08-29 00:00:00,53788,141.967,0,
CHFJPY,H1,Research_2015_2024,2022-08-29 00:00:00,2022-08-19 11:00:00,2022-08-22 03:00:00,2022-08-22 12:00:00,143.306,143.247,143.191,142.809,108,ENTRY_C_A_AFTER_B,2022-08-29 09:00:00,53797,53680,143.191,2022-08-22 12:00:00,0,2022-08-29 00:00:00,53788,141.967,9,
CHFJPY,H1,Research_2015_2024,2022-09-01 06:00:00,2022-08-29 18:00:00,2022-08-30 00:00:00,2022-08-30 06:00:00,143.402,143.351,143.258,142.702,48,ENTRY_A_B_BREAK,2022-09-01 06:00:00,53866,53818,142.353,2022-08-31 15:00:00,0,2022-09-01 06:00:00,53866,142.353,0,
CHFJPY,H1,Research_2015_2024,2022-09-01 06:00:00,2022-08-29 18:00:00,2022-08-30 00:00:00,2022-08-30 06:00:00,143.402,143.351,143.258,142.702,48,ENTRY_C_A_AFTER_B,2022-09-05 13:00:00,53921,53818,143.258,2022-08-30 06:00:00,0,2022-09-01 06:00:00,53866,142.353,55,
CHFJPY,H1,Research_2015_2024,2022-10-11 11:00:00,2022-10-06 21:00:00,2022-10-07 08:00:00,2022-10-07 16:00:00,146.675,146.611,146.489,146.19,43,ENTRY_A_B_BREAK,2022-10-12 05:00:00,54561,54500,146.793,2022-10-11 17:00:00,18,2022-10-12 05:00:00,54561,146.793,0,
CHFJPY,H1,Research_2015_2024,2022-10-11 11:00:00,2022-10-06 21:00:00,2022-10-07 08:00:00,2022-10-07 16:00:00,146.675,146.611,146.489,146.19,43,ENTRY_B_B_SUPPORT_REACCEL,2022-10-12 07:00:00,54563,54500,147.019,2022-10-12 06:00:00,18,2022-10-12 05:00:00,54561,146.793,2,2022-10-12 06:00:00
CHFJPY,H1,Research_2015_2024,2022-10-11 11:00:00,2022-10-06 21:00:00,2022-10-07 08:00:00,2022-10-07 16:00:00,146.675,146.611,146.489,146.19,43,ENTRY_C_A_AFTER_B,2022-10-12 05:00:00,54561,54500,146.489,2022-10-07 16:00:00,18,2022-10-12 05:00:00,54561,146.793,0,
CHFJPY,H1,Research_2015_2024,2022-10-28 00:00:00,2022-10-26 02:00:00,2022-10-26 23:00:00,2022-10-27 12:00:00,149.099,148.572,148.181,147.931,12,ENTRY_A_B_BREAK,2022-10-28 09:00:00,54851,54830,148.327,2022-10-28 02:00:00,9,2022-10-28 09:00:00,54851,148.327,0,
CHFJPY,H1,Research_2015_2024,2022-10-28 00:00:00,2022-10-26 02:00:00,2022-10-26 23:00:00,2022-10-27 12:00:00,149.099,148.572,148.181,147.931,12,ENTRY_C_A_AFTER_B,2022-10-28 09:00:00,54851,54830,148.181,2022-10-27 12:00:00,9,2022-10-28 09:00:00,54851,148.327,0,
CHFJPY,H1,Research_2015_2024,2022-11-04 12:00:00,2022-11-01 09:00:00,2022-11-02 13:00:00,2022-11-02 22:00:00,148.676,147.915,147.753,147.008,38,ENTRY_A_B_BREAK,2022-11-04 12:00:00,54974,54936,146.465,2022-11-03 19:00:00,0,2022-11-04 12:00:00,54974,146.465,0,
CHFJPY,H1,Research_2015_2024,2022-11-04 12:00:00,2022-11-01 09:00:00,2022-11-02 13:00:00,2022-11-02 22:00:00,148.676,147.915,147.753,147.008,38,ENTRY_C_A_AFTER_B,2022-11-07 03:00:00,54988,54936,147.753,2022-11-02 22:00:00,0,2022-11-04 12:00:00,54974,146.465,14,
CHFJPY,H1,Research_2015_2024,2022-11-09 00:00:00,2022-11-08 01:00:00,2022-11-08 08:00:00,2022-11-08 17:00:00,148.394,148.198,147.833,147.743,7,ENTRY_A_B_BREAK,2022-11-13 22:00:00,55103,55026,147.476,2022-11-11 13:00:00,70,2022-11-13 22:00:00,55103,147.476,0,
CHFJPY,H1,Research_2015_2024,2022-11-09 00:00:00,2022-11-08 01:00:00,2022-11-08 08:00:00,2022-11-08 17:00:00,148.394,148.198,147.833,147.743,7,ENTRY_C_A_AFTER_B,2022-11-13 22:00:00,55103,55026,147.833,2022-11-08 17:00:00,70,2022-11-13 22:00:00,55103,147.476,0,
CHFJPY,H1,Research_2015_2024,2022-11-16 10:00:00,2022-11-14 17:00:00,2022-11-15 06:00:00,2022-11-16 03:00:00,149.079,148.788,148.302,148.445,7,ENTRY_A_B_BREAK,2022-11-21 08:00:00,55233,55156,147.29,2022-11-20 23:00:00,70,2022-11-21 08:00:00,55233,147.29,0,
CHFJPY,H1,Research_2015_2024,2022-11-16 10:00:00,2022-11-14 17:00:00,2022-11-15 06:00:00,2022-11-16 03:00:00,149.079,148.788,148.302,148.445,7,ENTRY_C_A_AFTER_B,2022-11-22 13:00:00,55262,55156,148.302,2022-11-16 03:00:00,70,2022-11-21 08:00:00,55233,147.29,29,
CHFJPY,H1,Research_2015_2024,2022-11-30 09:00:00,2022-11-25 10:00:00,2022-11-28 15:00:00,2022-11-29 01:00:00,147.695,146.945,146.67,145.979,32,ENTRY_A_B_BREAK,2022-11-30 09:00:00,55402,55370,145.631,2022-11-29 15:00:00,0,2022-11-30 09:00:00,55402,145.631,0,
CHFJPY,H1,Research_2015_2024,2022-11-30 09:00:00,2022-11-25 10:00:00,2022-11-28 15:00:00,2022-11-29 01:00:00,147.695,146.945,146.67,145.979,32,ENTRY_C_A_AFTER_B,2022-11-30 16:00:00,55409,55370,146.67,2022-11-29 01:00:00,0,2022-11-30 09:00:00,55402,145.631,7,
CHFJPY,H1,Research_2015_2024,2023-03-09 21:00:00,2023-03-07 05:00:00,2023-03-08 05:00:00,2023-03-08 16:00:00,146.342,146.157,146.02,145.959,29,ENTRY_A_B_BREAK,2023-03-10 10:00:00,57128,57086,147.284,2023-03-10 04:00:00,13,2023-03-10 10:00:00,57128,147.284,0,
CHFJPY,H1,Research_2015_2024,2023-03-09 21:00:00,2023-03-07 05:00:00,2023-03-08 05:00:00,2023-03-08 16:00:00,146.342,146.157,146.02,145.959,29,ENTRY_C_A_AFTER_B,2023-03-10 10:00:00,57128,57086,146.02,2023-03-08 16:00:00,13,2023-03-10 10:00:00,57128,147.284,0,
CHFJPY,H1,Research_2015_2024,2023-03-21 07:00:00,2023-03-17 09:00:00,2023-03-20 01:00:00,2023-03-20 15:00:00,144.154,143.168,142.451,141.816,16,ENTRY_A_B_BREAK,2023-03-22 10:00:00,57321,57278,143.933,2023-03-22 01:00:00,27,2023-03-22 10:00:00,57321,143.933,0,
CHFJPY,H1,Research_2015_2024,2023-03-21 07:00:00,2023-03-17 09:00:00,2023-03-20 01:00:00,2023-03-20 15:00:00,144.154,143.168,142.451,141.816,16,ENTRY_C_A_AFTER_B,2023-03-22 10:00:00,57321,57278,142.451,2023-03-20 15:00:00,27,2023-03-22 10:00:00,57321,143.933,0,
CHFJPY,H1,Research_2015_2024,2023-04-28 00:00:00,2023-04-26 12:00:00,2023-04-27 06:00:00,2023-04-27 18:00:00,150.508,150.233,149.921,149.935,6,ENTRY_A_B_BREAK,2023-05-01 03:00:00,57986,57953,153.149,2023-04-28 14:00:00,27,2023-05-01 03:00:00,57986,153.149,0,
CHFJPY,H1,Research_2015_2024,2023-04-28 00:00:00,2023-04-26 12:00:00,2023-04-27 06:00:00,2023-04-27 18:00:00,150.508,150.233,149.921,149.935,6,ENTRY_C_A_AFTER_B,2023-05-01 03:00:00,57986,57953,149.921,2023-04-27 18:00:00,27,2023-05-01 03:00:00,57986,153.149,0,
CHFJPY,H1,Research_2015_2024,2023-05-14 23:00:00,2023-05-10 07:00:00,2023-05-12 07:00:00,2023-05-12 17:00:00,152.347,151.537,151.219,151.17,6,ENTRY_A_B_BREAK,2023-05-16 14:00:00,58261,58216,152.19,2023-05-15 14:00:00,39,2023-05-16 14:00:00,58261,152.19,0,
CHFJPY,H1,Research_2015_2024,2023-05-14 23:00:00,2023-05-10 07:00:00,2023-05-12 07:00:00,2023-05-12 17:00:00,152.347,151.537,151.219,151.17,6,ENTRY_C_A_AFTER_B,2023-05-16 14:00:00,58261,58216,151.219,2023-05-12 17:00:00,39,2023-05-16 14:00:00,58261,152.19,0,
CHFJPY,H1,Research_2015_2024,2023-07-05 05:00:00,2023-07-03 03:00:00,2023-07-03 19:00:00,2023-07-04 17:00:00,161.594,161.478,161.271,161.216,12,ENTRY_A_B_BREAK,2023-07-10 02:00:00,59185,59104,160.42,2023-07-07 13:00:00,69,2023-07-10 02:00:00,59185,160.42,0,
CHFJPY,H1,Research_2015_2024,2023-07-25 15:00:00,2023-07-21 08:00:00,2023-07-21 20:00:00,2023-07-24 07:00:00,163.977,163.795,163.561,163.01,32,ENTRY_A_B_BREAK,2023-07-25 16:00:00,59462,59429,163.076,2023-07-25 06:00:00,1,2023-07-25 16:00:00,59462,163.076,0,
CHFJPY,H1,Research_2015_2024,2023-07-25 15:00:00,2023-07-21 08:00:00,2023-07-21 20:00:00,2023-07-24 07:00:00,163.977,163.795,163.561,163.01,32,ENTRY_C_A_AFTER_B,2023-07-27 09:00:00,59503,59429,163.561,2023-07-24 07:00:00,1,2023-07-25 16:00:00,59462,163.076,41,
CHFJPY,H1,Research_2015_2024,2023-08-07 14:00:00,2023-08-03 05:00:00,2023-08-04 00:00:00,2023-08-07 07:00:00,163.756,163.36,162.658,162.769,7,ENTRY_A_B_BREAK,2023-08-10 05:00:00,59739,59669,164.256,2023-08-08 06:00:00,63,2023-08-10 05:00:00,59739,164.256,0,
CHFJPY,H1,Research_2015_2024,2023-08-07 14:00:00,2023-08-03 05:00:00,2023-08-04 00:00:00,2023-08-07 07:00:00,163.756,163.36,162.658,162.769,7,ENTRY_B_B_SUPPORT_REACCEL,2023-08-10 07:00:00,59741,59669,164.472,2023-08-10 06:00:00,63,2023-08-10 05:00:00,59739,164.256,2,2023-08-10 06:00:00
CHFJPY,H1,Research_2015_2024,2023-08-07 14:00:00,2023-08-03 05:00:00,2023-08-04 00:00:00,2023-08-07 07:00:00,163.756,163.36,162.658,162.769,7,ENTRY_C_A_AFTER_B,2023-08-10 05:00:00,59739,59669,162.658,2023-08-07 07:00:00,63,2023-08-10 05:00:00,59739,164.256,0,
CHFJPY,H1,Research_2015_2024,2023-08-25 13:00:00,2023-08-23 07:00:00,2023-08-24 06:00:00,2023-08-24 13:00:00,165.907,165.664,165.501,165.191,24,ENTRY_A_B_BREAK,2023-08-29 11:00:00,60057,59987,166.004,2023-08-28 07:00:00,46,2023-08-29 11:00:00,60057,166.004,0,
CHFJPY,H1,Research_2015_2024,2023-08-25 13:00:00,2023-08-23 07:00:00,2023-08-24 06:00:00,2023-08-24 13:00:00,165.907,165.664,165.501,165.191,24,ENTRY_B_B_SUPPORT_REACCEL,2023-08-29 19:00:00,60065,59987,166.092,2023-08-29 17:00:00,46,2023-08-29 11:00:00,60057,166.004,8,2023-08-29 17:00:00
CHFJPY,H1,Research_2015_2024,2023-08-25 13:00:00,2023-08-23 07:00:00,2023-08-24 06:00:00,2023-08-24 13:00:00,165.907,165.664,165.501,165.191,24,ENTRY_C_A_AFTER_B,2023-08-29 11:00:00,60057,59987,165.501,2023-08-24 13:00:00,46,2023-08-29 11:00:00,60057,166.004,0,
CHFJPY,H1,Research_2015_2024,2023-09-08 14:00:00,2023-09-05 15:00:00,2023-09-06 01:00:00,2023-09-07 00:00:00,166.192,166.099,165.847,165.575,38,ENTRY_A_B_BREAK,2023-09-08 14:00:00,60252,60214,165.499,2023-09-08 07:00:00,0,2023-09-08 14:00:00,60252,165.499,0,
CHFJPY,H1,Research_2015_2024,2023-11-06 02:00:00,2023-10-20 08:00:00,2023-10-23 11:00:00,2023-10-24 00:00:00,168.413,168.22,168.142,166.701,217,ENTRY_A_B_BREAK,2023-11-08 10:00:00,61279,61006,167.217,2023-10-31 10:00:00,56,2023-11-08 10:00:00,61279,167.217,0,
CHFJPY,H1,Research_2015_2024,2023-11-06 02:00:00,2023-10-20 08:00:00,2023-10-23 11:00:00,2023-10-24 00:00:00,168.413,168.22,168.142,166.701,217,ENTRY_B_B_SUPPORT_REACCEL,2023-11-08 12:00:00,61281,61006,167.426,2023-11-08 11:00:00,56,2023-11-08 10:00:00,61279,167.217,2,2023-11-08 11:00:00
CHFJPY,H1,Research_2015_2024,2023-11-06 02:00:00,2023-10-20 08:00:00,2023-10-23 11:00:00,2023-10-24 00:00:00,168.413,168.22,168.142,166.701,217,ENTRY_C_A_AFTER_B,2023-11-13 05:00:00,61346,61006,168.142,2023-10-24 00:00:00,56,2023-11-08 10:00:00,61279,167.217,67,
CHFJPY,H1,Research_2015_2024,2023-11-22 06:00:00,2023-11-17 00:00:00,2023-11-17 07:00:00,2023-11-20 00:00:00,169.689,169.587,169.282,168.47,54,ENTRY_A_B_BREAK,2023-11-22 06:00:00,61515,61461,167.96,2023-11-21 19:00:00,0,2023-11-22 06:00:00,61515,167.96,0,
CHFJPY,H1,Research_2015_2024,2023-11-22 06:00:00,2023-11-17 00:00:00,2023-11-17 07:00:00,2023-11-20 00:00:00,169.689,169.587,169.282,168.47,54,ENTRY_C_A_AFTER_B,2023-11-22 20:00:00,61529,61461,169.282,2023-11-20 00:00:00,0,2023-11-22 06:00:00,61515,167.96,14,
CHFJPY,H1,Research_2015_2024,2023-11-29 11:00:00,2023-11-27 10:00:00,2023-11-28 08:00:00,2023-11-28 14:00:00,169.439,168.944,168.844,168.429,21,ENTRY_A_B_BREAK,2023-11-30 11:00:00,61664,61619,168.685,2023-11-29 20:00:00,24,2023-11-30 11:00:00,61664,168.685,0,
CHFJPY,H1,Research_2015_2024,2023-11-29 11:00:00,2023-11-27 10:00:00,2023-11-28 08:00:00,2023-11-28 14:00:00,169.439,168.944,168.844,168.429,21,ENTRY_C_A_AFTER_B,2023-11-30 13:00:00,61666,61619,168.844,2023-11-28 14:00:00,24,2023-11-30 11:00:00,61664,168.685,2,
CHFJPY,H1,Research_2015_2024,2024-01-23 05:00:00,2024-01-17 10:00:00,2024-01-18 00:00:00,2024-01-19 06:00:00,171.576,171.457,171.193,170.864,47,ENTRY_A_B_BREAK,2024-01-23 05:00:00,62522,62475,170.514,2024-01-22 18:00:00,0,2024-01-23 05:00:00,62522,170.514,0,
CHFJPY,H1,Research_2015_2024,2024-01-23 05:00:00,2024-01-17 10:00:00,2024-01-18 00:00:00,2024-01-19 06:00:00,171.576,171.457,171.193,170.864,47,ENTRY_C_A_AFTER_B,2024-01-26 14:00:00,62603,62475,171.193,2024-01-19 06:00:00,0,2024-01-23 05:00:00,62522,170.514,81,
CHFJPY,H1,Research_2015_2024,2024-02-13 04:00:00,2024-02-09 14:00:00,2024-02-12 07:00:00,2024-02-12 16:00:00,170.902,170.813,170.671,170.618,12,ENTRY_A_B_BREAK,2024-02-15 14:00:00,62939,62869,170.054,2024-02-13 16:00:00,58,2024-02-15 14:00:00,62939,170.054,0,
CHFJPY,H1,Research_2015_2024,2024-02-13 04:00:00,2024-02-09 14:00:00,2024-02-12 07:00:00,2024-02-12 16:00:00,170.902,170.813,170.671,170.618,12,ENTRY_B_B_SUPPORT_REACCEL,2024-02-18 23:00:00,62972,62869,170.413,2024-02-18 22:00:00,58,2024-02-15 14:00:00,62939,170.054,33,2024-02-18 22:00:00
CHFJPY,H1,Research_2015_2024,2024-03-08 01:00:00,2024-03-05 16:00:00,2024-03-06 15:00:00,2024-03-07 17:00:00,170.036,169.472,168.749,168.656,8,ENTRY_A_B_BREAK,2024-03-12 01:00:00,63359,63302,167.482,2024-03-11 19:00:00,49,2024-03-12 01:00:00,63359,167.482,0,
CHFJPY,H1,Research_2015_2024,2024-03-08 01:00:00,2024-03-05 16:00:00,2024-03-06 15:00:00,2024-03-07 17:00:00,170.036,169.472,168.749,168.656,8,ENTRY_B_B_SUPPORT_REACCEL,2024-03-12 05:00:00,63363,63302,168.038,2024-03-12 02:00:00,49,2024-03-12 01:00:00,63359,167.482,4,2024-03-12 02:00:00
CHFJPY,H1,Research_2015_2024,2024-03-08 01:00:00,2024-03-05 16:00:00,2024-03-06 15:00:00,2024-03-07 17:00:00,170.036,169.472,168.749,168.656,8,ENTRY_C_A_AFTER_B,2024-03-15 15:00:00,63445,63302,168.749,2024-03-07 17:00:00,49,2024-03-12 01:00:00,63359,167.482,86,
CHFJPY,H1,Research_2015_2024,2024-04-01 08:00:00,2024-03-21 23:00:00,2024-03-22 20:00:00,2024-03-25 14:00:00,168.979,168.832,168.72,167.978,114,ENTRY_A_B_BREAK,2024-04-01 08:00:00,63702,63588,167.334,2024-03-27 20:00:00,0,2024-04-01 08:00:00,63702,167.334,0,
CHFJPY,H1,Research_2015_2024,2024-04-01 08:00:00,2024-03-21 23:00:00,2024-03-22 20:00:00,2024-03-25 14:00:00,168.979,168.832,168.72,167.978,114,ENTRY_B_B_SUPPORT_REACCEL,2024-04-02 01:00:00,63719,63588,167.566,2024-04-02 00:00:00,0,2024-04-01 08:00:00,63702,167.334,17,2024-04-02 00:00:00
CHFJPY,H1,Research_2015_2024,2024-04-03 08:00:00,2024-04-01 08:00:00,2024-04-01 21:00:00,2024-04-02 13:00:00,168.053,167.724,167.393,167.047,19,ENTRY_A_B_BREAK,2024-04-05 15:00:00,63805,63731,168.021,2024-04-03 20:00:00,55,2024-04-05 15:00:00,63805,168.021,0,
CHFJPY,H1,Research_2015_2024,2024-04-03 08:00:00,2024-04-01 08:00:00,2024-04-01 21:00:00,2024-04-02 13:00:00,168.053,167.724,167.393,167.047,19,ENTRY_C_A_AFTER_B,2024-04-05 15:00:00,63805,63731,167.393,2024-04-02 13:00:00,55,2024-04-05 15:00:00,63805,168.021,0,
CHFJPY,H1,Research_2015_2024,2024-07-02 07:00:00,2024-07-01 06:00:00,2024-07-01 14:00:00,2024-07-02 01:00:00,179.172,179.049,178.916,178.902,6,ENTRY_A_B_BREAK,2024-07-04 05:00:00,65327,65275,179.369,2024-07-03 10:00:00,46,2024-07-04 05:00:00,65327,179.369,0,
CHFJPY,H1,Research_2015_2024,2024-07-02 07:00:00,2024-07-01 06:00:00,2024-07-01 14:00:00,2024-07-02 01:00:00,179.172,179.049,178.916,178.902,6,ENTRY_C_A_AFTER_B,2024-07-04 05:00:00,65327,65275,178.916,2024-07-02 01:00:00,46,2024-07-04 05:00:00,65327,179.369,0,
CHFJPY,H1,Research_2015_2024,2024-08-05 23:00:00,2024-08-01 13:00:00,2024-08-02 01:00:00,2024-08-02 12:00:00,172.195,171.595,171.277,170.54,35,ENTRY_A_B_BREAK,2024-08-05 23:00:00,65873,65838,169.459,2024-08-05 16:00:00,0,2024-08-05 23:00:00,65873,169.459,0,
CHFJPY,H1,Research_2015_2024,2024-08-05 23:00:00,2024-08-01 13:00:00,2024-08-02 01:00:00,2024-08-02 12:00:00,172.195,171.595,171.277,170.54,35,ENTRY_C_A_AFTER_B,2024-08-07 01:00:00,65899,65838,171.277,2024-08-02 12:00:00,0,2024-08-05 23:00:00,65873,169.459,26,
CHFJPY,H1,Research_2015_2024,2024-08-11 23:00:00,2024-08-08 12:00:00,2024-08-08 23:00:00,2024-08-09 10:00:00,170.837,170.507,170.277,170.019,13,ENTRY_A_B_BREAK,2024-08-12 13:00:00,65983,65956,170.052,2024-08-11 23:00:00,14,2024-08-12 13:00:00,65983,170.052,0,
CHFJPY,H1,Research_2015_2024,2024-08-11 23:00:00,2024-08-08 12:00:00,2024-08-08 23:00:00,2024-08-09 10:00:00,170.837,170.507,170.277,170.019,13,ENTRY_B_B_SUPPORT_REACCEL,2024-08-13 06:00:00,66000,65956,170.386,2024-08-12 15:00:00,14,2024-08-12 13:00:00,65983,170.052,17,2024-08-12 15:00:00
CHFJPY,H1,Research_2015_2024,2024-08-11 23:00:00,2024-08-08 12:00:00,2024-08-08 23:00:00,2024-08-09 10:00:00,170.837,170.507,170.277,170.019,13,ENTRY_C_A_AFTER_B,2024-08-12 14:00:00,65984,65956,170.277,2024-08-09 10:00:00,14,2024-08-12 13:00:00,65983,170.052,1,
CHFJPY,H1,Research_2015_2024,2024-08-12 11:00:00,2024-08-08 23:00:00,2024-08-09 10:00:00,2024-08-11 23:00:00,170.507,170.277,170.052,169.858,12,ENTRY_A_B_BREAK,2024-08-15 13:00:00,66055,65969,170.728,2024-08-14 08:00:00,74,2024-08-15 13:00:00,66055,170.728,0,
CHFJPY,H1,Research_2015_2024,2024-08-12 11:00:00,2024-08-08 23:00:00,2024-08-09 10:00:00,2024-08-11 23:00:00,170.507,170.277,170.052,169.858,12,ENTRY_B_B_SUPPORT_REACCEL,2024-08-16 07:00:00,66073,65969,171.162,2024-08-15 14:00:00,74,2024-08-15 13:00:00,66055,170.728,18,2024-08-15 14:00:00
CHFJPY,H1,Research_2015_2024,2024-08-12 11:00:00,2024-08-08 23:00:00,2024-08-09 10:00:00,2024-08-11 23:00:00,170.507,170.277,170.052,169.858,12,ENTRY_C_A_AFTER_B,2024-08-15 13:00:00,66055,65969,170.052,2024-08-11 23:00:00,74,2024-08-15 13:00:00,66055,170.728,0,
CHFJPY,H1,Research_2015_2024,2024-08-27 02:00:00,2024-08-22 17:00:00,2024-08-23 00:00:00,2024-08-23 13:00:00,171.848,171.748,171.53,170.981,37,ENTRY_A_B_BREAK,2024-08-28 01:00:00,66259,66199,171.248,2024-08-27 08:00:00,23,2024-08-28 01:00:00,66259,171.248,0,
CHFJPY,H1,Research_2015_2024,2024-08-27 02:00:00,2024-08-22 17:00:00,2024-08-23 00:00:00,2024-08-23 13:00:00,171.848,171.748,171.53,170.981,37,ENTRY_C_A_AFTER_B,2024-08-28 14:00:00,66272,66199,171.53,2024-08-23 13:00:00,23,2024-08-28 01:00:00,66259,171.248,13,
CHFJPY,H1,Research_2015_2024,2024-10-16 05:00:00,2024-10-13 23:00:00,2024-10-14 23:00:00,2024-10-15 14:00:00,174.083,173.685,173.354,173.174,15,ENTRY_A_B_BREAK,2024-10-22 02:00:00,67196,67088,174.203,2024-10-21 18:00:00,93,2024-10-22 02:00:00,67196,174.203,0,
CHFJPY,H1,Research_2015_2024,2024-10-16 05:00:00,2024-10-13 23:00:00,2024-10-14 23:00:00,2024-10-15 14:00:00,174.083,173.685,173.354,173.174,15,ENTRY_B_B_SUPPORT_REACCEL,2024-10-22 07:00:00,67201,67088,174.447,2024-10-22 05:00:00,93,2024-10-22 02:00:00,67196,174.203,5,2024-10-22 05:00:00
CHFJPY,H1,Research_2015_2024,2024-10-16 05:00:00,2024-10-13 23:00:00,2024-10-14 23:00:00,2024-10-15 14:00:00,174.083,173.685,173.354,173.174,15,ENTRY_C_A_AFTER_B,2024-10-22 02:00:00,67196,67088,173.354,2024-10-15 14:00:00,93,2024-10-22 02:00:00,67196,174.203,0,
CHFJPY,H1,Research_2015_2024,2024-12-23 00:00:00,2024-12-19 16:00:00,2024-12-20 00:00:00,2024-12-20 12:00:00,175.811,175.727,175.46,175.304,12,ENTRY_A_B_BREAK,2024-12-26 10:00:00,68317,68237,175.006,2024-12-26 01:00:00,68,2024-12-26 10:00:00,68317,175.006,0,
CHFJPY,H1,Research_2015_2024,2024-12-23 00:00:00,2024-12-19 16:00:00,2024-12-20 00:00:00,2024-12-20 12:00:00,175.811,175.727,175.46,175.304,12,ENTRY_B_B_SUPPORT_REACCEL,2024-12-26 13:00:00,68320,68237,175.107,2024-12-26 11:00:00,68,2024-12-26 10:00:00,68317,175.006,3,2024-12-26 11:00:00
CHFJPY,H1,Research_2015_2024,2024-12-23 00:00:00,2024-12-19 16:00:00,2024-12-20 00:00:00,2024-12-20 12:00:00,175.811,175.727,175.46,175.304,12,ENTRY_C_A_AFTER_B,2024-12-26 15:00:00,68322,68237,175.46,2024-12-20 12:00:00,68,2024-12-26 10:00:00,68317,175.006,5,
CHFJPY,H1,OOS_2025_2026,2025-01-08 21:00:00,2025-01-07 01:00:00,2025-01-08 05:00:00,2025-01-08 14:00:00,174.9,174.067,173.921,173.762,7,ENTRY_A_B_BREAK,2025-01-14 09:00:00,68584,68493,172.333,2025-01-14 01:00:00,84,2025-01-14 09:00:00,68584,172.333,0,
CHFJPY,H1,OOS_2025_2026,2025-02-10 07:00:00,2025-02-05 14:00:00,2025-02-05 20:00:00,2025-02-06 07:00:00,169.767,169.483,169.041,167.067,48,ENTRY_A_B_BREAK,2025-02-10 07:00:00,69038,68990,166.916,2025-02-10 01:00:00,0,2025-02-10 07:00:00,69038,166.916,0,
CHFJPY,H1,OOS_2025_2026,2025-02-10 07:00:00,2025-02-05 14:00:00,2025-02-05 20:00:00,2025-02-06 07:00:00,169.767,169.483,169.041,167.067,48,ENTRY_C_A_AFTER_B,2025-02-12 15:00:00,69094,68990,169.041,2025-02-06 07:00:00,0,2025-02-10 07:00:00,69038,166.916,56,
CHFJPY,H1,OOS_2025_2026,2025-04-01 05:00:00,2025-03-27 17:00:00,2025-03-28 12:00:00,2025-03-31 23:00:00,171.437,170.853,169.78,169.634,6,ENTRY_A_B_BREAK,2025-04-04 01:00:00,69969,69895,170.325,2025-04-03 10:00:00,68,2025-04-04 01:00:00,69969,170.325,0,
CHFJPY,H1,OOS_2025_2026,2025-04-01 05:00:00,2025-03-27 17:00:00,2025-03-28 12:00:00,2025-03-31 23:00:00,171.437,170.853,169.78,169.634,6,ENTRY_B_B_SUPPORT_REACCEL,2025-04-04 07:00:00,69975,69895,170.913,2025-04-04 04:00:00,68,2025-04-04 01:00:00,69969,170.325,6,2025-04-04 04:00:00
CHFJPY,H1,OOS_2025_2026,2025-04-01 05:00:00,2025-03-27 17:00:00,2025-03-28 12:00:00,2025-03-31 23:00:00,171.437,170.853,169.78,169.634,6,ENTRY_C_A_AFTER_B,2025-04-04 01:00:00,69969,69895,169.78,2025-03-31 23:00:00,68,2025-04-04 01:00:00,69969,170.325,0,
CHFJPY,H1,OOS_2025_2026,2025-05-19 14:00:00,2025-05-15 14:00:00,2025-05-15 23:00:00,2025-05-18 23:00:00,174.541,174.407,174.09,174.055,15,ENTRY_A_B_BREAK,2025-05-26 06:00:00,70814,70711,173.786,2025-05-23 15:00:00,88,2025-05-26 06:00:00,70814,173.786,0,
CHFJPY,H1,OOS_2025_2026,2025-05-19 14:00:00,2025-05-15 14:00:00,2025-05-15 23:00:00,2025-05-18 23:00:00,174.541,174.407,174.09,174.055,15,ENTRY_B_B_SUPPORT_REACCEL,2025-05-26 09:00:00,70817,70711,173.968,2025-05-26 08:00:00,88,2025-05-26 06:00:00,70814,173.786,3,2025-05-26 08:00:00
CHFJPY,H1,OOS_2025_2026,2025-05-19 14:00:00,2025-05-15 14:00:00,2025-05-15 23:00:00,2025-05-18 23:00:00,174.541,174.407,174.09,174.055,15,ENTRY_C_A_AFTER_B,2025-05-27 05:00:00,70837,70711,174.09,2025-05-18 23:00:00,88,2025-05-26 06:00:00,70814,173.786,23,
CHFJPY,H1,OOS_2025_2026,2025-06-03 01:00:00,2025-05-30 14:00:00,2025-06-02 09:00:00,2025-06-02 19:00:00,175.719,175.09,174.806,174.911,6,ENTRY_A_B_BREAK,2025-06-04 10:00:00,70986,70947,175.033,2025-06-03 02:00:00,33,2025-06-04 10:00:00,70986,175.033,0,
CHFJPY,H1,OOS_2025_2026,2025-06-03 01:00:00,2025-05-30 14:00:00,2025-06-02 09:00:00,2025-06-02 19:00:00,175.719,175.09,174.806,174.911,6,ENTRY_C_A_AFTER_B,2025-06-04 10:00:00,70986,70947,174.806,2025-06-02 19:00:00,33,2025-06-04 10:00:00,70986,175.033,0,
CHFJPY,H1,OOS_2025_2026,2025-06-19 07:00:00,2025-06-17 07:00:00,2025-06-17 16:00:00,2025-06-18 00:00:00,178.362,178.202,178.003,177.577,31,ENTRY_A_B_BREAK,2025-06-20 13:00:00,71277,71216,178.217,2025-06-19 12:00:00,30,2025-06-20 13:00:00,71277,178.217,0,
CHFJPY,H1,OOS_2025_2026,2025-06-19 07:00:00,2025-06-17 07:00:00,2025-06-17 16:00:00,2025-06-18 00:00:00,178.362,178.202,178.003,177.577,31,ENTRY_B_B_SUPPORT_REACCEL,2025-06-20 15:00:00,71279,71216,178.469,2025-06-20 14:00:00,30,2025-06-20 13:00:00,71277,178.217,2,2025-06-20 14:00:00
CHFJPY,H1,OOS_2025_2026,2025-06-19 07:00:00,2025-06-17 07:00:00,2025-06-17 16:00:00,2025-06-18 00:00:00,178.362,178.202,178.003,177.577,31,ENTRY_C_A_AFTER_B,2025-06-20 13:00:00,71277,71216,178.003,2025-06-18 00:00:00,30,2025-06-20 13:00:00,71277,178.217,0,
CHFJPY,H1,OOS_2025_2026,2025-07-02 00:00:00,2025-06-30 18:00:00,2025-07-01 04:00:00,2025-07-01 14:00:00,181.829,181.661,181.523,181.502,10,ENTRY_A_B_BREAK,2025-07-02 09:00:00,71465,71446,181.655,2025-07-02 00:00:00,9,2025-07-02 09:00:00,71465,181.655,0,
CHFJPY,H1,OOS_2025_2026,2025-07-02 00:00:00,2025-06-30 18:00:00,2025-07-01 04:00:00,2025-07-01 14:00:00,181.829,181.661,181.523,181.502,10,ENTRY_C_A_AFTER_B,2025-07-02 09:00:00,71465,71446,181.523,2025-07-01 14:00:00,9,2025-07-02 09:00:00,71465,181.655,0,
CHFJPY,H1,OOS_2025_2026,2025-10-13 06:00:00,2025-10-09 23:00:00,2025-10-10 07:00:00,2025-10-10 16:00:00,189.994,189.831,189.766,189.693,14,ENTRY_A_B_BREAK,2025-10-16 04:00:00,73284,73200,189.836,2025-10-15 20:00:00,70,2025-10-16 04:00:00,73284,189.836,0,
CHFJPY,H1,OOS_2025_2026,2025-10-13 06:00:00,2025-10-09 23:00:00,2025-10-10 07:00:00,2025-10-10 16:00:00,189.994,189.831,189.766,189.693,14,ENTRY_C_A_AFTER_B,2025-10-16 04:00:00,73284,73200,189.766,2025-10-10 16:00:00,70,2025-10-16 04:00:00,73284,189.836,0,
CHFJPY,H1,OOS_2025_2026,2026-01-02 01:00:00,2025-12-28 23:00:00,2025-12-29 10:00:00,2025-12-30 04:00:00,198.483,198.411,198.192,197.978,25,ENTRY_A_B_BREAK,2026-01-05 00:00:00,74586,74538,198.098,2026-01-02 04:00:00,23,2026-01-05 00:00:00,74586,198.098,0,
CHFJPY,H1,OOS_2025_2026,2026-01-08 10:00:00,2026-01-05 00:00:00,2026-01-06 00:00:00,2026-01-07 02:00:00,198.33,197.852,197.245,196.636,32,ENTRY_A_B_BREAK,2026-01-12 00:00:00,74706,74636,197.464,2026-01-09 14:00:00,38,2026-01-12 00:00:00,74706,197.464,0,
CHFJPY,H1,OOS_2025_2026,2026-01-08 10:00:00,2026-01-05 00:00:00,2026-01-06 00:00:00,2026-01-07 02:00:00,198.33,197.852,197.245,196.636,32,ENTRY_B_B_SUPPORT_REACCEL,2026-01-12 02:00:00,74708,74636,197.701,2026-01-12 01:00:00,38,2026-01-12 00:00:00,74706,197.464,2,2026-01-12 01:00:00
CHFJPY,H1,OOS_2025_2026,2026-01-08 10:00:00,2026-01-05 00:00:00,2026-01-06 00:00:00,2026-01-07 02:00:00,198.33,197.852,197.245,196.636,32,ENTRY_C_A_AFTER_B,2026-01-12 00:00:00,74706,74636,197.245,2026-01-07 02:00:00,38,2026-01-12 00:00:00,74706,197.464,0,
CHFJPY,H1,OOS_2025_2026,2026-01-16 06:00:00,2026-01-14 06:00:00,2026-01-15 00:00:00,2026-01-15 23:00:00,198.904,198.253,197.509,197.36,7,ENTRY_A_B_BREAK,2026-01-20 04:00:00,74854,74801,198.396,2026-01-19 16:00:00,46,2026-01-20 04:00:00,74854,198.396,0,
CHFJPY,H1,OOS_2025_2026,2026-01-16 06:00:00,2026-01-14 06:00:00,2026-01-15 00:00:00,2026-01-15 23:00:00,198.904,198.253,197.509,197.36,7,ENTRY_B_B_SUPPORT_REACCEL,2026-01-20 06:00:00,74856,74801,198.553,2026-01-20 05:00:00,46,2026-01-20 04:00:00,74854,198.396,2,2026-01-20 05:00:00
CHFJPY,H1,OOS_2025_2026,2026-01-16 06:00:00,2026-01-14 06:00:00,2026-01-15 00:00:00,2026-01-15 23:00:00,198.904,198.253,197.509,197.36,7,ENTRY_C_A_AFTER_B,2026-01-20 04:00:00,74854,74801,197.509,2026-01-15 23:00:00,46,2026-01-20 04:00:00,74854,198.396,0,
CHFJPY,H1,OOS_2025_2026,2026-03-16 02:00:00,2026-03-11 19:00:00,2026-03-12 06:00:00,2026-03-13 04:00:00,203.882,203.528,202.821,202.202,22,ENTRY_A_B_BREAK,2026-03-17 07:00:00,75818,75767,202.121,2026-03-16 10:00:00,29,2026-03-17 07:00:00,75818,202.121,0,
CHFJPY,H1,OOS_2025_2026,2026-03-26 03:00:00,2026-03-23 14:00:00,2026-03-24 09:00:00,2026-03-25 00:00:00,201.991,201.754,201.637,201.378,27,ENTRY_A_B_BREAK,2026-03-27 15:00:00,76018,75955,200.854,2026-03-27 07:00:00,36,2026-03-27 15:00:00,76018,200.854,0,
CHFJPY,H1,OOS_2025_2026,2026-04-03 01:00:00,2026-04-01 13:00:00,2026-04-02 01:00:00,2026-04-02 17:00:00,200.258,200.084,199.861,199.779,8,ENTRY_A_B_BREAK,2026-04-06 14:00:00,76160,76116,200.079,2026-04-06 07:00:00,36,2026-04-06 14:00:00,76160,200.079,0,
CHFJPY,H1,OOS_2025_2026,2026-04-03 01:00:00,2026-04-01 13:00:00,2026-04-02 01:00:00,2026-04-02 17:00:00,200.258,200.084,199.861,199.779,8,ENTRY_C_A_AFTER_B,2026-04-06 14:00:00,76160,76116,199.861,2026-04-02 17:00:00,36,2026-04-06 14:00:00,76160,200.079,0,
CHFJPY,H1,OOS_2025_2026,2026-04-24 08:00:00,2026-04-22 08:00:00,2026-04-23 08:00:00,2026-04-24 00:00:00,204.325,203.662,203.28,203.164,8,ENTRY_A_B_BREAK,2026-04-29 11:00:00,76565,76482,202.366,2026-04-28 15:00:00,75,2026-04-29 11:00:00,76565,202.366,0,
CHFJPY,H1,OOS_2025_2026,2026-04-24 08:00:00,2026-04-22 08:00:00,2026-04-23 08:00:00,2026-04-24 00:00:00,204.325,203.662,203.28,203.164,8,ENTRY_B_B_SUPPORT_REACCEL,2026-04-29 14:00:00,76568,76482,202.602,2026-04-29 12:00:00,75,2026-04-29 11:00:00,76565,202.366,3,2026-04-29 12:00:00
CHFJPY,H4,Research_2015_2024,2014-01-28 00:00:00,2014-01-23 08:00:00,2014-01-24 04:00:00,2014-01-27 04:00:00,115.642,115.383,114.808,114.551,5,ENTRY_A_B_BREAK,2014-02-06 12:00:00,159,108,112.573,2014-02-04 20:00:00,46,2014-02-06 12:00:00,159,112.573,0,
CHFJPY,H4,Research_2015_2024,2014-01-28 00:00:00,2014-01-23 08:00:00,2014-01-24 04:00:00,2014-01-27 04:00:00,115.642,115.383,114.808,114.551,5,ENTRY_C_A_AFTER_B,2014-02-18 04:00:00,207,108,114.808,2014-01-27 04:00:00,46,2014-02-06 12:00:00,159,112.573,48,
CHFJPY,H4,Research_2015_2024,2014-02-28 08:00:00,2014-02-21 12:00:00,2014-02-25 12:00:00,2014-02-27 16:00:00,115.782,115.499,115.123,115.588,4,ENTRY_A_B_BREAK,2014-03-06 12:00:00,283,253,116.037,2014-02-28 12:00:00,26,2014-03-06 12:00:00,283,116.037,0,
CHFJPY,H4,Research_2015_2024,2014-02-28 08:00:00,2014-02-21 12:00:00,2014-02-25 12:00:00,2014-02-27 16:00:00,115.782,115.499,115.123,115.588,4,ENTRY_C_A_AFTER_B,2014-03-06 12:00:00,283,253,115.123,2014-02-27 16:00:00,26,2014-03-06 12:00:00,283,116.037,0,
CHFJPY,H4,Research_2015_2024,2014-03-24 04:00:00,2014-03-17 12:00:00,2014-03-18 04:00:00,2014-03-19 16:00:00,116.805,116.704,116.46,116.087,16,ENTRY_A_B_BREAK,2014-03-24 04:00:00,356,340,116.038,2014-03-21 12:00:00,0,2014-03-24 04:00:00,356,116.038,0,
CHFJPY,H4,Research_2015_2024,2014-03-24 04:00:00,2014-03-17 12:00:00,2014-03-18 04:00:00,2014-03-19 16:00:00,116.805,116.704,116.46,116.087,16,ENTRY_C_A_AFTER_B,2014-03-31 08:00:00,388,340,116.46,2014-03-19 16:00:00,0,2014-03-24 04:00:00,356,116.038,32,
CHFJPY,H4,Research_2015_2024,2014-03-24 00:00:00,2014-03-18 04:00:00,2014-03-19 16:00:00,2014-03-21 12:00:00,116.704,116.46,116.038,116.005,4,ENTRY_A_B_BREAK,2014-03-28 12:00:00,382,351,115.603,2014-03-27 12:00:00,27,2014-03-28 12:00:00,382,115.603,0,
CHFJPY,H4,Research_2015_2024,2014-03-24 00:00:00,2014-03-18 04:00:00,2014-03-19 16:00:00,2014-03-21 12:00:00,116.704,116.46,116.038,116.005,4,ENTRY_C_A_AFTER_B,2014-03-31 04:00:00,387,351,116.038,2014-03-21 12:00:00,27,2014-03-28 12:00:00,382,115.603,5,
CHFJPY,H4,Research_2015_2024,2014-04-23 16:00:00,2014-04-17 12:00:00,2014-04-21 04:00:00,2014-04-22 08:00:00,116.349,116.262,116.091,115.994,8,ENTRY_A_B_BREAK,2014-04-29 08:00:00,518,487,116.689,2014-04-28 08:00:00,23,2014-04-29 08:00:00,518,116.689,0,
CHFJPY,H4,Research_2015_2024,2014-04-23 16:00:00,2014-04-17 12:00:00,2014-04-21 04:00:00,2014-04-22 08:00:00,116.349,116.262,116.091,115.994,8,ENTRY_C_A_AFTER_B,2014-04-29 08:00:00,518,487,116.091,2014-04-22 08:00:00,23,2014-04-29 08:00:00,518,116.689,0,
CHFJPY,H4,Research_2015_2024,2014-05-16 04:00:00,2014-05-08 12:00:00,2014-05-13 08:00:00,2014-05-14 04:00:00,116.878,115.423,114.997,114.064,12,ENTRY_A_B_BREAK,2014-05-23 16:00:00,631,585,113.849,2014-05-22 08:00:00,34,2014-05-23 16:00:00,631,113.849,0,
CHFJPY,H4,Research_2015_2024,2014-08-08 16:00:00,2014-08-01 12:00:00,2014-08-04 04:00:00,2014-08-07 04:00:00,113.47,113.344,112.842,112.743,9,ENTRY_A_B_BREAK,2014-08-13 12:00:00,990,963,112.807,2014-08-10 20:00:00,18,2014-08-13 12:00:00,990,112.807,0,
CHFJPY,H4,Research_2015_2024,2014-08-08 16:00:00,2014-08-01 12:00:00,2014-08-04 04:00:00,2014-08-07 04:00:00,113.47,113.344,112.842,112.743,9,ENTRY_B_B_SUPPORT_REACCEL,2014-08-14 00:00:00,993,963,112.941,2014-08-13 16:00:00,18,2014-08-13 12:00:00,990,112.807,3,2014-08-13 16:00:00
CHFJPY,H4,Research_2015_2024,2014-08-08 16:00:00,2014-08-01 12:00:00,2014-08-04 04:00:00,2014-08-07 04:00:00,113.47,113.344,112.842,112.743,9,ENTRY_C_A_AFTER_B,2014-08-13 12:00:00,990,963,112.842,2014-08-07 04:00:00,18,2014-08-13 12:00:00,990,112.807,0,
CHFJPY,H4,Research_2015_2024,2015-01-28 08:00:00,2015-01-22 12:00:00,2015-01-26 04:00:00,2015-01-27 08:00:00,138.012,134.742,132.155,130.527,6,ENTRY_A_B_BREAK,2015-02-06 12:00:00,1765,1715,127.706,2015-02-04 00:00:00,44,2015-02-06 12:00:00,1765,127.706,0,
CHFJPY,H4,Research_2015_2024,2015-01-28 08:00:00,2015-01-22 12:00:00,2015-01-26 04:00:00,2015-01-27 08:00:00,138.012,134.742,132.155,130.527,6,ENTRY_B_B_SUPPORT_REACCEL,2015-02-11 08:00:00,1783,1715,129.266,2015-02-09 08:00:00,44,2015-02-06 12:00:00,1765,127.706,18,2015-02-09 08:00:00
CHFJPY,H4,Research_2015_2024,2015-03-10 00:00:00,2015-02-27 16:00:00,2015-03-02 16:00:00,2015-03-04 12:00:00,126.267,125.779,124.767,123.03,22,ENTRY_A_B_BREAK,2015-03-18 12:00:00,1939,1877,121.188,2015-03-12 12:00:00,40,2015-03-18 12:00:00,1939,121.188,0,
CHFJPY,H4,Research_2015_2024,2015-03-10 00:00:00,2015-02-27 16:00:00,2015-03-02 16:00:00,2015-03-04 12:00:00,126.267,125.779,124.767,123.03,22,ENTRY_C_A_AFTER_B,2015-03-24 12:00:00,1964,1877,124.767,2015-03-04 12:00:00,40,2015-03-18 12:00:00,1939,121.188,25,
CHFJPY,H4,Research_2015_2024,2015-03-30 08:00:00,2015-03-24 12:00:00,2015-03-25 08:00:00,2015-03-26 08:00:00,125.354,125.078,124.876,124.432,13,ENTRY_A_B_BREAK,2015-04-02 08:00:00,2006,1975,124.088,2015-04-01 12:00:00,18,2015-04-02 08:00:00,2006,124.088,0,
CHFJPY,H4,Research_2015_2024,2015-03-30 08:00:00,2015-03-24 12:00:00,2015-03-25 08:00:00,2015-03-26 08:00:00,125.354,125.078,124.876,124.432,13,ENTRY_C_A_AFTER_B,2015-04-02 12:00:00,2007,1975,124.876,2015-03-26 08:00:00,18,2015-04-02 08:00:00,2006,124.088,1,
CHFJPY,H4,Research_2015_2024,2015-04-14 16:00:00,2015-04-07 04:00:00,2015-04-08 08:00:00,2015-04-13 16:00:00,125.324,124.749,123.2,122.784,6,ENTRY_A_B_BREAK,2015-04-15 16:00:00,2064,2052,123.163,2015-04-14 12:00:00,6,2015-04-15 16:00:00,2064,123.163,0,
CHFJPY,H4,Research_2015_2024,2015-04-14 16:00:00,2015-04-07 04:00:00,2015-04-08 08:00:00,2015-04-13 16:00:00,125.324,124.749,123.2,122.784,6,ENTRY_B_B_SUPPORT_REACCEL,2015-04-16 00:00:00,2066,2052,123.565,2015-04-15 20:00:00,6,2015-04-15 16:00:00,2064,123.163,2,2015-04-15 20:00:00
CHFJPY,H4,Research_2015_2024,2015-04-14 16:00:00,2015-04-07 04:00:00,2015-04-08 08:00:00,2015-04-13 16:00:00,125.324,124.749,123.2,122.784,6,ENTRY_C_A_AFTER_B,2015-04-15 16:00:00,2064,2052,123.2,2015-04-13 16:00:00,6,2015-04-15 16:00:00,2064,123.163,0,
CHFJPY,H4,Research_2015_2024,2015-05-12 00:00:00,2015-05-07 08:00:00,2015-05-08 08:00:00,2015-05-11 08:00:00,131.41,130.379,129.038,128.635,4,ENTRY_A_B_BREAK,2015-05-14 04:00:00,2191,2174,130.24,2015-05-12 08:00:00,13,2015-05-14 04:00:00,2191,130.24,0,
CHFJPY,H4,Research_2015_2024,2015-05-12 00:00:00,2015-05-07 08:00:00,2015-05-08 08:00:00,2015-05-11 08:00:00,131.41,130.379,129.038,128.635,4,ENTRY_C_A_AFTER_B,2015-05-14 04:00:00,2191,2174,129.038,2015-05-11 08:00:00,13,2015-05-14 04:00:00,2191,130.24,0,
CHFJPY,H4,Research_2015_2024,2015-05-21 00:00:00,2015-05-14 08:00:00,2015-05-15 04:00:00,2015-05-18 08:00:00,131.29,131.002,130.566,129.71,16,ENTRY_A_B_BREAK,2015-05-27 12:00:00,2249,2205,130.063,2015-05-21 08:00:00,28,2015-05-27 12:00:00,2249,130.063,0,
CHFJPY,H4,Research_2015_2024,2015-05-21 00:00:00,2015-05-14 08:00:00,2015-05-15 04:00:00,2015-05-18 08:00:00,131.29,131.002,130.566,129.71,16,ENTRY_B_B_SUPPORT_REACCEL,2015-05-28 00:00:00,2252,2205,130.498,2015-05-27 16:00:00,28,2015-05-27 12:00:00,2249,130.063,3,2015-05-27 16:00:00
CHFJPY,H4,Research_2015_2024,2015-05-21 00:00:00,2015-05-14 08:00:00,2015-05-15 04:00:00,2015-05-18 08:00:00,131.29,131.002,130.566,129.71,16,ENTRY_C_A_AFTER_B,2015-05-28 00:00:00,2252,2205,130.566,2015-05-18 08:00:00,28,2015-05-27 12:00:00,2249,130.063,3,
CHFJPY,H4,Research_2015_2024,2015-06-11 20:00:00,2015-06-09 08:00:00,2015-06-10 00:00:00,2015-06-11 04:00:00,134.617,133.83,132.502,132.325,4,ENTRY_A_B_BREAK,2015-06-17 04:00:00,2340,2315,133.253,2015-06-16 04:00:00,21,2015-06-17 04:00:00,2340,133.253,0,
CHFJPY,H4,Research_2015_2024,2015-06-11 20:00:00,2015-06-09 08:00:00,2015-06-10 00:00:00,2015-06-11 04:00:00,134.617,133.83,132.502,132.325,4,ENTRY_B_B_SUPPORT_REACCEL,2015-06-17 12:00:00,2342,2315,133.837,2015-06-17 08:00:00,21,2015-06-17 04:00:00,2340,133.253,2,2015-06-17 08:00:00
CHFJPY,H4,Research_2015_2024,2015-06-11 20:00:00,2015-06-09 08:00:00,2015-06-10 00:00:00,2015-06-11 04:00:00,134.617,133.83,132.502,132.325,4,ENTRY_C_A_AFTER_B,2015-06-17 04:00:00,2340,2315,132.502,2015-06-11 04:00:00,21,2015-06-17 04:00:00,2340,133.253,0,
CHFJPY,H4,Research_2015_2024,2015-07-10 08:00:00,2015-06-24 04:00:00,2015-06-26 12:00:00,2015-06-29 20:00:00,133.409,132.943,132.53,130.716,52,ENTRY_A_B_BREAK,2015-07-10 08:00:00,2446,2394,128.857,2015-07-09 04:00:00,0,2015-07-10 08:00:00,2446,128.857,0,
CHFJPY,H4,Research_2015_2024,2015-07-22 20:00:00,2015-07-13 04:00:00,2015-07-14 12:00:00,2015-07-15 08:00:00,131.343,130.875,130.746,129.239,34,ENTRY_A_B_BREAK,2015-07-31 04:00:00,2538,2465,128.348,2015-07-30 12:00:00,39,2015-07-31 04:00:00,2538,128.348,0,
CHFJPY,H4,Research_2015_2024,2015-08-11 04:00:00,2015-08-03 04:00:00,2015-08-04 04:00:00,2015-08-06 00:00:00,128.561,128.227,127.682,127.202,20,ENTRY_A_B_BREAK,2015-08-12 12:00:00,2590,2562,127.365,2015-08-11 04:00:00,8,2015-08-12 12:00:00,2590,127.365,0,
CHFJPY,H4,Research_2015_2024,2015-08-11 04:00:00,2015-08-03 04:00:00,2015-08-04 04:00:00,2015-08-06 00:00:00,128.561,128.227,127.682,127.202,20,ENTRY_C_A_AFTER_B,2015-08-12 12:00:00,2590,2562,127.682,2015-08-06 00:00:00,8,2015-08-12 12:00:00,2590,127.365,0,
CHFJPY,H4,Research_2015_2024,2015-09-08 04:00:00,2015-08-28 20:00:00,2015-09-01 04:00:00,2015-09-02 00:00:00,126.445,125.755,125.269,123.144,26,ENTRY_A_B_BREAK,2015-09-08 04:00:00,2706,2680,122.986,2015-09-07 00:00:00,0,2015-09-08 04:00:00,2706,122.986,0,
CHFJPY,H4,Research_2015_2024,2015-09-25 08:00:00,2015-09-18 00:00:00,2015-09-21 08:00:00,2015-09-23 12:00:00,125.286,124.607,123.651,123.64,11,ENTRY_A_B_BREAK,2015-09-25 08:00:00,2787,2776,123.351,2015-09-24 12:00:00,0,2015-09-25 08:00:00,2787,123.351,0,
CHFJPY,H4,Research_2015_2024,2015-09-25 08:00:00,2015-09-18 00:00:00,2015-09-21 08:00:00,2015-09-23 12:00:00,125.286,124.607,123.651,123.64,11,ENTRY_C_A_AFTER_B,2015-09-25 12:00:00,2788,2776,123.651,2015-09-23 12:00:00,0,2015-09-25 08:00:00,2787,123.351,1,
CHFJPY,H4,Research_2015_2024,2015-09-25 08:00:00,2015-09-21 08:00:00,2015-09-23 12:00:00,2015-09-24 12:00:00,124.607,123.651,123.351,123.64,5,ENTRY_A_B_BREAK,2015-10-06 12:00:00,2832,2782,124.061,2015-10-05 08:00:00,45,2015-10-06 12:00:00,2832,124.061,0,
CHFJPY,H4,Research_2015_2024,2015-09-25 08:00:00,2015-09-21 08:00:00,2015-09-23 12:00:00,2015-09-24 12:00:00,124.607,123.651,123.351,123.64,5,ENTRY_C_A_AFTER_B,2015-10-06 12:00:00,2832,2782,123.351,2015-09-24 12:00:00,45,2015-10-06 12:00:00,2832,124.061,0,
CHFJPY,H4,Research_2015_2024,2015-11-24 16:00:00,2015-11-16 08:00:00,2015-11-19 20:00:00,2015-11-23 08:00:00,122.446,121.351,120.98,120.63,8,ENTRY_A_B_BREAK,2015-12-02 16:00:00,3087,3042,120.063,2015-11-30 16:00:00,37,2015-12-02 16:00:00,3087,120.063,0,
CHFJPY,H4,Research_2015_2024,2015-11-24 16:00:00,2015-11-16 08:00:00,2015-11-19 20:00:00,2015-11-23 08:00:00,122.446,121.351,120.98,120.63,8,ENTRY_B_B_SUPPORT_REACCEL,2015-12-03 16:00:00,3093,3042,122.939,2015-12-03 12:00:00,37,2015-12-02 16:00:00,3087,120.063,6,2015-12-03 12:00:00
CHFJPY,H4,Research_2015_2024,2015-11-24 16:00:00,2015-11-16 08:00:00,2015-11-19 20:00:00,2015-11-23 08:00:00,122.446,121.351,120.98,120.63,8,ENTRY_C_A_AFTER_B,2015-12-03 12:00:00,3092,3042,120.98,2015-11-23 08:00:00,37,2015-12-02 16:00:00,3087,120.063,5,
CHFJPY,H4,Research_2015_2024,2015-12-16 04:00:00,2015-12-08 20:00:00,2015-12-10 08:00:00,2015-12-11 08:00:00,124.012,123.854,123.625,123.299,18,ENTRY_A_B_BREAK,2015-12-16 04:00:00,3146,3128,123.213,2015-12-15 08:00:00,0,2015-12-16 04:00:00,3146,123.213,0,
CHFJPY,H4,Research_2015_2024,2015-12-16 04:00:00,2015-12-08 20:00:00,2015-12-10 08:00:00,2015-12-11 08:00:00,124.012,123.854,123.625,123.299,18,ENTRY_C_A_AFTER_B,2015-12-16 16:00:00,3149,3128,123.625,2015-12-11 08:00:00,0,2015-12-16 04:00:00,3146,123.213,3,
CHFJPY,H4,Research_2015_2024,2016-01-13 00:00:00,2016-01-08 00:00:00,2016-01-11 12:00:00,2016-01-12 08:00:00,118.931,118.301,117.859,117.641,4,ENTRY_A_B_BREAK,2016-01-19 04:00:00,3281,3251,116.915,2016-01-18 08:00:00,26,2016-01-19 04:00:00,3281,116.915,0,
CHFJPY,H4,Research_2015_2024,2016-01-13 00:00:00,2016-01-08 00:00:00,2016-01-11 12:00:00,2016-01-12 08:00:00,118.931,118.301,117.859,117.641,4,ENTRY_C_A_AFTER_B,2016-01-29 00:00:00,3329,3251,117.859,2016-01-12 08:00:00,26,2016-01-19 04:00:00,3281,116.915,48,
CHFJPY,H4,Research_2015_2024,2016-01-27 16:00:00,2016-01-19 12:00:00,2016-01-22 08:00:00,2016-01-25 04:00:00,117.543,117.342,117.186,116.996,15,ENTRY_A_B_BREAK,2016-01-28 08:00:00,3325,3306,117.146,2016-01-27 16:00:00,4,2016-01-28 08:00:00,3325,117.146,0,
CHFJPY,H4,Research_2015_2024,2016-01-27 16:00:00,2016-01-19 12:00:00,2016-01-22 08:00:00,2016-01-25 04:00:00,117.543,117.342,117.186,116.996,15,ENTRY_B_B_SUPPORT_REACCEL,2016-01-29 00:00:00,3329,3306,117.306,2016-01-28 16:00:00,4,2016-01-28 08:00:00,3325,117.146,4,2016-01-28 16:00:00
CHFJPY,H4,Research_2015_2024,2016-01-27 16:00:00,2016-01-19 12:00:00,2016-01-22 08:00:00,2016-01-25 04:00:00,117.543,117.342,117.186,116.996,15,ENTRY_C_A_AFTER_B,2016-01-28 08:00:00,3325,3306,117.186,2016-01-25 04:00:00,4,2016-01-28 08:00:00,3325,117.146,0,
CHFJPY,H4,Research_2015_2024,2016-02-24 16:00:00,2016-02-17 00:00:00,2016-02-22 00:00:00,2016-02-23 16:00:00,115.604,114.003,113.264,113.004,6,ENTRY_A_B_BREAK,2016-03-04 04:00:00,3485,3439,114.636,2016-03-02 08:00:00,40,2016-03-04 04:00:00,3485,114.636,0,
CHFJPY,H4,Research_2015_2024,2016-02-24 16:00:00,2016-02-17 00:00:00,2016-02-22 00:00:00,2016-02-23 16:00:00,115.604,114.003,113.264,113.004,6,ENTRY_C_A_AFTER_B,2016-03-04 04:00:00,3485,3439,113.264,2016-02-23 16:00:00,40,2016-03-04 04:00:00,3485,114.636,0,
CHFJPY,H4,Research_2015_2024,2016-04-22 12:00:00,2016-04-19 12:00:00,2016-04-20 08:00:00,2016-04-21 12:00:00,113.98,113.738,113.632,114.046,6,ENTRY_A_B_BREAK,2016-04-26 12:00:00,3717,3698,114.269,2016-04-24 20:00:00,13,2016-04-26 12:00:00,3717,114.269,0,
CHFJPY,H4,Research_2015_2024,2016-04-22 12:00:00,2016-04-19 12:00:00,2016-04-20 08:00:00,2016-04-21 12:00:00,113.98,113.738,113.632,114.046,6,ENTRY_B_B_SUPPORT_REACCEL,2016-04-27 16:00:00,3724,3698,114.627,2016-04-26 16:00:00,13,2016-04-26 12:00:00,3717,114.269,7,2016-04-26 16:00:00
CHFJPY,H4,Research_2015_2024,2016-04-22 12:00:00,2016-04-19 12:00:00,2016-04-20 08:00:00,2016-04-21 12:00:00,113.98,113.738,113.632,114.046,6,ENTRY_C_A_AFTER_B,2016-04-26 12:00:00,3717,3698,113.632,2016-04-21 12:00:00,13,2016-04-26 12:00:00,3717,114.269,0,
CHFJPY,H4,Research_2015_2024,2016-05-25 08:00:00,2016-05-12 12:00:00,2016-05-17 08:00:00,2016-05-18 12:00:00,112.754,112.107,111.924,111.158,30,ENTRY_A_B_BREAK,2016-05-30 00:00:00,3863,3816,111.425,2016-05-25 12:00:00,17,2016-05-30 00:00:00,3863,111.425,0,
CHFJPY,H4,Research_2015_2024,2016-05-25 08:00:00,2016-05-12 12:00:00,2016-05-17 08:00:00,2016-05-18 12:00:00,112.754,112.107,111.924,111.158,30,ENTRY_B_B_SUPPORT_REACCEL,2016-05-31 00:00:00,3869,3816,112.127,2016-05-30 04:00:00,17,2016-05-30 00:00:00,3863,111.425,6,2016-05-30 04:00:00
CHFJPY,H4,Research_2015_2024,2016-05-25 08:00:00,2016-05-12 12:00:00,2016-05-17 08:00:00,2016-05-18 12:00:00,112.754,112.107,111.924,111.158,30,ENTRY_C_A_AFTER_B,2016-05-30 04:00:00,3864,3816,111.924,2016-05-18 12:00:00,17,2016-05-30 00:00:00,3863,111.425,1,
CHFJPY,H4,Research_2015_2024,2016-06-23 12:00:00,2016-05-31 12:00:00,2016-06-07 08:00:00,2016-06-08 20:00:00,112.334,111.775,111.626,110.684,66,ENTRY_A_B_BREAK,2016-06-23 12:00:00,3977,3911,108.623,2016-06-17 00:00:00,0,2016-06-23 12:00:00,3977,108.623,0,
CHFJPY,H4,Research_2015_2024,2016-08-24 20:00:00,2016-08-19 00:00:00,2016-08-21 20:00:00,2016-08-23 08:00:00,105.139,104.819,104.387,103.957,9,ENTRY_A_B_BREAK,2016-08-31 00:00:00,4278,4243,104.787,2016-08-29 04:00:00,26,2016-08-31 00:00:00,4278,104.787,0,
CHFJPY,H4,Research_2015_2024,2016-08-24 20:00:00,2016-08-19 00:00:00,2016-08-21 20:00:00,2016-08-23 08:00:00,105.139,104.819,104.387,103.957,9,ENTRY_B_B_SUPPORT_REACCEL,2016-08-31 12:00:00,4281,4243,105.033,2016-08-31 04:00:00,26,2016-08-31 00:00:00,4278,104.787,3,2016-08-31 04:00:00
CHFJPY,H4,Research_2015_2024,2016-08-24 20:00:00,2016-08-19 00:00:00,2016-08-21 20:00:00,2016-08-23 08:00:00,105.139,104.819,104.387,103.957,9,ENTRY_C_A_AFTER_B,2016-08-31 00:00:00,4278,4243,104.387,2016-08-23 08:00:00,26,2016-08-31 00:00:00,4278,104.787,0,
CHFJPY,H4,Research_2015_2024,2016-09-28 20:00:00,2016-09-21 04:00:00,2016-09-23 00:00:00,2016-09-23 16:00:00,104.76,104.402,104.303,103.995,20,ENTRY_A_B_BREAK,2016-10-05 08:00:00,4435,4387,105.282,2016-09-30 00:00:00,28,2016-10-05 08:00:00,4435,105.282,0,
CHFJPY,H4,Research_2015_2024,2016-09-28 20:00:00,2016-09-21 04:00:00,2016-09-23 00:00:00,2016-09-23 16:00:00,104.76,104.402,104.303,103.995,20,ENTRY_B_B_SUPPORT_REACCEL,2016-10-05 16:00:00,4437,4387,106.041,2016-10-05 12:00:00,28,2016-10-05 08:00:00,4435,105.282,2,2016-10-05 12:00:00
CHFJPY,H4,Research_2015_2024,2016-09-28 20:00:00,2016-09-21 04:00:00,2016-09-23 00:00:00,2016-09-23 16:00:00,104.76,104.402,104.303,103.995,20,ENTRY_C_A_AFTER_B,2016-10-05 08:00:00,4435,4387,104.303,2016-09-23 16:00:00,28,2016-10-05 08:00:00,4435,105.282,0,
CHFJPY,H4,Research_2015_2024,2016-10-17 00:00:00,2016-10-05 16:00:00,2016-10-11 04:00:00,2016-10-12 16:00:00,106.447,105.765,105.625,105.338,15,ENTRY_A_B_BREAK,2016-10-26 12:00:00,4529,4468,105.175,2016-10-25 08:00:00,46,2016-10-26 12:00:00,4529,105.175,0,
CHFJPY,H4,Research_2015_2024,2016-10-17 00:00:00,2016-10-05 16:00:00,2016-10-11 04:00:00,2016-10-12 16:00:00,106.447,105.765,105.625,105.338,15,ENTRY_B_B_SUPPORT_REACCEL,2016-10-27 08:00:00,4534,4468,105.383,2016-10-26 20:00:00,46,2016-10-26 12:00:00,4529,105.175,5,2016-10-26 20:00:00
CHFJPY,H4,Research_2015_2024,2016-10-17 00:00:00,2016-10-05 16:00:00,2016-10-11 04:00:00,2016-10-12 16:00:00,106.447,105.765,105.625,105.338,15,ENTRY_C_A_AFTER_B,2016-10-27 12:00:00,4535,4468,105.625,2016-10-12 16:00:00,46,2016-10-26 12:00:00,4529,105.175,6,
CHFJPY,H4,Research_2015_2024,2017-02-08 12:00:00,2017-02-01 12:00:00,2017-02-03 08:00:00,2017-02-07 20:00:00,114.701,113.937,112.719,112.505,4,ENTRY_A_B_BREAK,2017-02-15 04:00:00,5023,4990,113.642,2017-02-10 00:00:00,29,2017-02-15 04:00:00,5023,113.642,0,
CHFJPY,H4,Research_2015_2024,2017-02-08 12:00:00,2017-02-01 12:00:00,2017-02-03 08:00:00,2017-02-07 20:00:00,114.701,113.937,112.719,112.505,4,ENTRY_C_A_AFTER_B,2017-02-15 04:00:00,5023,4990,112.719,2017-02-07 20:00:00,29,2017-02-15 04:00:00,5023,113.642,0,
CHFJPY,H4,Research_2015_2024,2017-02-24 04:00:00,2017-02-21 00:00:00,2017-02-22 00:00:00,2017-02-23 08:00:00,113.028,112.675,112.251,112.083,5,ENTRY_A_B_BREAK,2017-02-28 20:00:00,5083,5061,111.806,2017-02-27 16:00:00,17,2017-02-28 20:00:00,5083,111.806,0,
CHFJPY,H4,Research_2015_2024,2017-02-24 04:00:00,2017-02-21 00:00:00,2017-02-22 00:00:00,2017-02-23 08:00:00,113.028,112.675,112.251,112.083,5,ENTRY_C_A_AFTER_B,2017-02-28 20:00:00,5083,5061,112.251,2017-02-23 08:00:00,17,2017-02-28 20:00:00,5083,111.806,0,
CHFJPY,H4,Research_2015_2024,2017-05-10 20:00:00,2017-05-07 20:00:00,2017-05-09 08:00:00,2017-05-10 04:00:00,114.351,113.738,113.443,113.298,4,ENTRY_A_B_BREAK,2017-05-15 04:00:00,5414,5395,113.46,2017-05-12 12:00:00,15,2017-05-15 04:00:00,5414,113.46,0,
CHFJPY,H4,Research_2015_2024,2017-05-10 20:00:00,2017-05-07 20:00:00,2017-05-09 08:00:00,2017-05-10 04:00:00,114.351,113.738,113.443,113.298,4,ENTRY_C_A_AFTER_B,2017-05-15 04:00:00,5414,5395,113.443,2017-05-10 04:00:00,15,2017-05-15 04:00:00,5414,113.46,0,
CHFJPY,H4,Research_2015_2024,2017-05-31 04:00:00,2017-05-25 08:00:00,2017-05-29 08:00:00,2017-05-30 12:00:00,115.164,114.458,114.001,113.796,4,ENTRY_A_B_BREAK,2017-06-07 16:00:00,5522,5484,113.852,2017-06-07 00:00:00,34,2017-06-07 16:00:00,5522,113.852,0,
CHFJPY,H4,Research_2015_2024,2017-05-31 04:00:00,2017-05-25 08:00:00,2017-05-29 08:00:00,2017-05-30 12:00:00,115.164,114.458,114.001,113.796,4,ENTRY_C_A_AFTER_B,2017-06-09 12:00:00,5533,5484,114.001,2017-05-30 12:00:00,34,2017-06-07 16:00:00,5522,113.852,11,
CHFJPY,H4,Research_2015_2024,2017-07-17 08:00:00,2017-07-11 04:00:00,2017-07-13 04:00:00,2017-07-14 00:00:00,118.359,117.638,117.435,116.992,9,ENTRY_A_B_BREAK,2017-07-18 04:00:00,5699,5685,117.255,2017-07-17 12:00:00,5,2017-07-18 04:00:00,5699,117.255,0,
CHFJPY,H4,Research_2015_2024,2017-07-17 08:00:00,2017-07-11 04:00:00,2017-07-13 04:00:00,2017-07-14 00:00:00,118.359,117.638,117.435,116.992,9,ENTRY_C_A_AFTER_B,2017-07-19 04:00:00,5705,5685,117.435,2017-07-14 00:00:00,5,2017-07-18 04:00:00,5699,117.255,6,
CHFJPY,H4,Research_2015_2024,2017-08-24 04:00:00,2017-08-17 16:00:00,2017-08-22 00:00:00,2017-08-23 00:00:00,114.252,113.541,113.332,113.257,7,ENTRY_A_B_BREAK,2017-08-29 08:00:00,5886,5859,114.649,2017-08-28 08:00:00,20,2017-08-29 08:00:00,5886,114.649,0,
CHFJPY,H4,Research_2015_2024,2017-08-24 04:00:00,2017-08-17 16:00:00,2017-08-22 00:00:00,2017-08-23 00:00:00,114.252,113.541,113.332,113.257,7,ENTRY_B_B_SUPPORT_REACCEL,2017-08-30 04:00:00,5891,5859,115.08,2017-08-29 12:00:00,20,2017-08-29 08:00:00,5886,114.649,5,2017-08-29 12:00:00
CHFJPY,H4,Research_2015_2024,2017-08-24 04:00:00,2017-08-17 16:00:00,2017-08-22 00:00:00,2017-08-23 00:00:00,114.252,113.541,113.332,113.257,7,ENTRY_C_A_AFTER_B,2017-08-29 08:00:00,5886,5859,113.332,2017-08-23 00:00:00,20,2017-08-29 08:00:00,5886,114.649,0,
CHFJPY,H4,Research_2015_2024,2017-09-07 08:00:00,2017-08-30 04:00:00,2017-09-01 08:00:00,2017-09-04 12:00:00,115.327,114.862,114.73,114.264,17,ENTRY_A_B_BREAK,2017-09-12 04:00:00,5947,5912,114.516,2017-09-10 20:00:00,18,2017-09-12 04:00:00,5947,114.516,0,
CHFJPY,H4,Research_2015_2024,2017-09-07 08:00:00,2017-08-30 04:00:00,2017-09-01 08:00:00,2017-09-04 12:00:00,115.327,114.862,114.73,114.264,17,ENTRY_B_B_SUPPORT_REACCEL,2017-09-12 20:00:00,5951,5912,114.721,2017-09-12 16:00:00,18,2017-09-12 04:00:00,5947,114.516,4,2017-09-12 16:00:00
CHFJPY,H4,Research_2015_2024,2017-09-07 08:00:00,2017-08-30 04:00:00,2017-09-01 08:00:00,2017-09-04 12:00:00,115.327,114.862,114.73,114.264,17,ENTRY_C_A_AFTER_B,2017-09-12 20:00:00,5951,5912,114.73,2017-09-04 12:00:00,18,2017-09-12 04:00:00,5947,114.516,4,
CHFJPY,H4,Research_2015_2024,2017-09-26 16:00:00,2017-09-21 12:00:00,2017-09-25 00:00:00,2017-09-25 20:00:00,115.956,115.858,115.687,115.873,5,ENTRY_A_B_BREAK,2017-09-29 12:00:00,6029,6007,116.203,2017-09-27 16:00:00,17,2017-09-29 12:00:00,6029,116.203,0,
CHFJPY,H4,Research_2015_2024,2017-09-26 16:00:00,2017-09-21 12:00:00,2017-09-25 00:00:00,2017-09-25 20:00:00,115.956,115.858,115.687,115.873,5,ENTRY_B_B_SUPPORT_REACCEL,2017-10-01 20:00:00,6032,6007,116.316,2017-09-29 16:00:00,17,2017-09-29 12:00:00,6029,116.203,3,2017-09-29 16:00:00
CHFJPY,H4,Research_2015_2024,2017-09-26 16:00:00,2017-09-21 12:00:00,2017-09-25 00:00:00,2017-09-25 20:00:00,115.956,115.858,115.687,115.873,5,ENTRY_C_A_AFTER_B,2017-09-29 12:00:00,6029,6007,115.687,2017-09-25 20:00:00,17,2017-09-29 12:00:00,6029,116.203,0,
CHFJPY,H4,Research_2015_2024,2017-11-02 00:00:00,2017-10-23 00:00:00,2017-10-24 08:00:00,2017-10-25 16:00:00,115.737,115.38,115.127,113.969,33,ENTRY_A_B_BREAK,2017-11-02 08:00:00,6177,6142,114.112,2017-10-31 16:00:00,2,2017-11-02 08:00:00,6177,114.112,0,
CHFJPY,H4,Research_2015_2024,2018-04-02 00:00:00,2018-03-27 04:00:00,2018-03-28 16:00:00,2018-03-30 12:00:00,111.969,111.741,111.498,111.434,4,ENTRY_A_B_BREAK,2018-04-09 12:00:00,6864,6826,111.635,2018-04-05 16:00:00,34,2018-04-09 12:00:00,6864,111.635,0,
CHFJPY,H4,Research_2015_2024,2018-04-02 00:00:00,2018-03-27 04:00:00,2018-03-28 16:00:00,2018-03-30 12:00:00,111.969,111.741,111.498,111.434,4,ENTRY_B_B_SUPPORT_REACCEL,2018-04-10 08:00:00,6869,6826,112.046,2018-04-10 00:00:00,34,2018-04-09 12:00:00,6864,111.635,5,2018-04-10 00:00:00
CHFJPY,H4,Research_2015_2024,2018-04-02 00:00:00,2018-03-27 04:00:00,2018-03-28 16:00:00,2018-03-30 12:00:00,111.969,111.741,111.498,111.434,4,ENTRY_C_A_AFTER_B,2018-04-09 12:00:00,6864,6826,111.498,2018-03-30 12:00:00,34,2018-04-09 12:00:00,6864,111.635,0,
CHFJPY,H4,Research_2015_2024,2018-05-31 08:00:00,2018-05-24 12:00:00,2018-05-27 20:00:00,2018-05-30 16:00:00,110.796,110.689,110.277,110.467,4,ENTRY_A_B_BREAK,2018-06-04 08:00:00,7111,7094,111.006,2018-06-01 08:00:00,13,2018-06-04 08:00:00,7111,111.006,0,
CHFJPY,H4,Research_2015_2024,2018-05-31 08:00:00,2018-05-24 12:00:00,2018-05-27 20:00:00,2018-05-30 16:00:00,110.796,110.689,110.277,110.467,4,ENTRY_B_B_SUPPORT_REACCEL,2018-06-04 20:00:00,7114,7094,111.126,2018-06-04 16:00:00,13,2018-06-04 08:00:00,7111,111.006,3,2018-06-04 16:00:00
CHFJPY,H4,Research_2015_2024,2018-05-31 08:00:00,2018-05-24 12:00:00,2018-05-27 20:00:00,2018-05-30 16:00:00,110.796,110.689,110.277,110.467,4,ENTRY_C_A_AFTER_B,2018-06-04 08:00:00,7111,7094,110.277,2018-05-30 16:00:00,13,2018-06-04 08:00:00,7111,111.006,0,
CHFJPY,H4,Research_2015_2024,2018-06-20 12:00:00,2018-06-13 16:00:00,2018-06-18 16:00:00,2018-06-19 20:00:00,112.192,111.164,110.792,110.622,4,ENTRY_A_B_BREAK,2018-06-22 04:00:00,7196,7182,111.148,2018-06-21 12:00:00,10,2018-06-22 04:00:00,7196,111.148,0,
CHFJPY,H4,Research_2015_2024,2018-06-20 12:00:00,2018-06-13 16:00:00,2018-06-18 16:00:00,2018-06-19 20:00:00,112.192,111.164,110.792,110.622,4,ENTRY_C_A_AFTER_B,2018-06-22 04:00:00,7196,7182,110.792,2018-06-19 20:00:00,10,2018-06-22 04:00:00,7196,111.148,0,
CHFJPY,H4,Research_2015_2024,2018-10-29 08:00:00,2018-10-24 04:00:00,2018-10-25 16:00:00,2018-10-26 20:00:00,113.215,112.628,112.279,112.414,4,ENTRY_A_B_BREAK,2018-10-30 08:00:00,7768,7758,112.53,2018-10-29 12:00:00,6,2018-10-30 08:00:00,7768,112.53,0,
CHFJPY,H4,Research_2015_2024,2018-10-29 08:00:00,2018-10-24 04:00:00,2018-10-25 16:00:00,2018-10-26 20:00:00,113.215,112.628,112.279,112.414,4,ENTRY_C_A_AFTER_B,2018-10-30 08:00:00,7768,7758,112.279,2018-10-26 20:00:00,6,2018-10-30 08:00:00,7768,112.53,0,
CHFJPY,H4,Research_2015_2024,2018-11-19 08:00:00,2018-11-14 00:00:00,2018-11-15 16:00:00,2018-11-16 16:00:00,113.282,113.022,112.918,113.237,5,ENTRY_A_B_BREAK,2018-11-27 12:00:00,7893,7850,113.803,2018-11-26 16:00:00,38,2018-11-27 12:00:00,7893,113.803,0,
CHFJPY,H4,Research_2015_2024,2018-11-19 08:00:00,2018-11-14 00:00:00,2018-11-15 16:00:00,2018-11-16 16:00:00,113.282,113.022,112.918,113.237,5,ENTRY_B_B_SUPPORT_REACCEL,2018-11-28 16:00:00,7900,7850,114.109,2018-11-27 16:00:00,38,2018-11-27 12:00:00,7893,113.803,7,2018-11-27 16:00:00
CHFJPY,H4,Research_2015_2024,2018-11-19 08:00:00,2018-11-14 00:00:00,2018-11-15 16:00:00,2018-11-16 16:00:00,113.282,113.022,112.918,113.237,5,ENTRY_C_A_AFTER_B,2018-11-27 12:00:00,7893,7850,112.918,2018-11-16 16:00:00,38,2018-11-27 12:00:00,7893,113.803,0,
CHFJPY,H4,Research_2015_2024,2018-12-03 16:00:00,2018-11-28 20:00:00,2018-11-30 08:00:00,2018-12-02 20:00:00,114.407,114.006,113.936,113.81,5,ENTRY_A_B_BREAK,2018-12-07 00:00:00,7939,7914,113.494,2018-12-05 20:00:00,20,2018-12-07 00:00:00,7939,113.494,0,
CHFJPY,H4,Research_2015_2024,2018-12-03 16:00:00,2018-11-28 20:00:00,2018-11-30 08:00:00,2018-12-02 20:00:00,114.407,114.006,113.936,113.81,5,ENTRY_B_B_SUPPORT_REACCEL,2018-12-07 16:00:00,7943,7914,113.767,2018-12-07 04:00:00,20,2018-12-07 00:00:00,7939,113.494,4,2018-12-07 04:00:00
CHFJPY,H4,Research_2015_2024,2018-12-03 16:00:00,2018-11-28 20:00:00,2018-11-30 08:00:00,2018-12-02 20:00:00,114.407,114.006,113.936,113.81,5,ENTRY_C_A_AFTER_B,2018-12-10 12:00:00,7949,7914,113.936,2018-12-02 20:00:00,20,2018-12-07 00:00:00,7939,113.494,10,
CHFJPY,H4,Research_2015_2024,2018-12-26 16:00:00,2018-12-17 12:00:00,2018-12-20 08:00:00,2018-12-21 04:00:00,114.161,113.259,112.902,111.91,19,ENTRY_A_B_BREAK,2019-01-04 16:00:00,8055,8002,109.829,2019-01-04 00:00:00,34,2019-01-04 16:00:00,8055,109.829,0,
CHFJPY,H4,Research_2015_2024,2018-12-26 16:00:00,2018-12-17 12:00:00,2018-12-20 08:00:00,2018-12-21 04:00:00,114.161,113.259,112.902,111.91,19,ENTRY_B_B_SUPPORT_REACCEL,2019-01-06 20:00:00,8057,8002,110.003,2019-01-04 20:00:00,34,2019-01-04 16:00:00,8055,109.829,2,2019-01-04 20:00:00
CHFJPY,H4,Research_2015_2024,2019-02-08 08:00:00,2019-02-04 16:00:00,2019-02-06 00:00:00,2019-02-07 08:00:00,110.334,110.041,109.811,109.664,6,ENTRY_A_B_BREAK,2019-02-12 00:00:00,8219,8202,110.129,2019-02-11 08:00:00,11,2019-02-12 00:00:00,8219,110.129,0,
CHFJPY,H4,Research_2015_2024,2019-02-08 08:00:00,2019-02-04 16:00:00,2019-02-06 00:00:00,2019-02-07 08:00:00,110.334,110.041,109.811,109.664,6,ENTRY_C_A_AFTER_B,2019-02-12 00:00:00,8219,8202,109.811,2019-02-07 08:00:00,11,2019-02-12 00:00:00,8219,110.129,0,
CHFJPY,H4,Research_2015_2024,2019-03-27 20:00:00,2019-03-20 16:00:00,2019-03-21 20:00:00,2019-03-26 12:00:00,111.946,111.764,111.269,111.08,8,ENTRY_A_B_BREAK,2019-04-03 04:00:00,8443,8408,111.738,2019-04-01 08:00:00,27,2019-04-03 04:00:00,8443,111.738,0,
CHFJPY,H4,Research_2015_2024,2019-03-27 20:00:00,2019-03-20 16:00:00,2019-03-21 20:00:00,2019-03-26 12:00:00,111.946,111.764,111.269,111.08,8,ENTRY_C_A_AFTER_B,2019-04-03 04:00:00,8443,8408,111.269,2019-03-26 12:00:00,27,2019-04-03 04:00:00,8443,111.738,0,
CHFJPY,H4,Research_2015_2024,2019-06-19 08:00:00,2019-06-11 00:00:00,2019-06-13 08:00:00,2019-06-17 12:00:00,109.752,109.317,108.9,108.646,11,ENTRY_A_B_BREAK,2019-06-21 12:00:00,8796,8772,109.611,2019-06-20 16:00:00,13,2019-06-21 12:00:00,8796,109.611,0,
CHFJPY,H4,Research_2015_2024,2019-06-19 08:00:00,2019-06-11 00:00:00,2019-06-13 08:00:00,2019-06-17 12:00:00,109.752,109.317,108.9,108.646,11,ENTRY_B_B_SUPPORT_REACCEL,2019-06-25 12:00:00,8809,8772,109.835,2019-06-25 08:00:00,13,2019-06-21 12:00:00,8796,109.611,13,2019-06-25 08:00:00
CHFJPY,H4,Research_2015_2024,2019-06-19 08:00:00,2019-06-11 00:00:00,2019-06-13 08:00:00,2019-06-17 12:00:00,109.752,109.317,108.9,108.646,11,ENTRY_C_A_AFTER_B,2019-06-21 12:00:00,8796,8772,108.9,2019-06-17 12:00:00,13,2019-06-21 12:00:00,8796,109.611,0,
CHFJPY,H4,Research_2015_2024,2020-01-30 04:00:00,2020-01-21 12:00:00,2020-01-22 20:00:00,2020-01-24 08:00:00,113.888,113.522,113.087,111.974,24,ENTRY_A_B_BREAK,2020-01-30 08:00:00,9770,9745,112.149,2020-01-29 16:00:00,1,2020-01-30 08:00:00,9770,112.149,0,
CHFJPY,H4,Research_2015_2024,2020-04-06 04:00:00,2020-03-26 20:00:00,2020-03-27 20:00:00,2020-03-31 00:00:00,113.937,113.582,113.053,111.76,26,ENTRY_A_B_BREAK,2020-04-06 04:00:00,10061,10035,111.229,2020-04-03 08:00:00,0,2020-04-06 04:00:00,10061,111.229,0,
CHFJPY,H4,Research_2015_2024,2020-04-06 04:00:00,2020-03-26 20:00:00,2020-03-27 20:00:00,2020-03-31 00:00:00,113.937,113.582,113.053,111.76,26,ENTRY_B_B_SUPPORT_REACCEL,2020-04-07 04:00:00,10067,10035,111.787,2020-04-06 08:00:00,0,2020-04-06 04:00:00,10061,111.229,6,2020-04-06 08:00:00
CHFJPY,H4,Research_2015_2024,2020-06-22 12:00:00,2020-06-11 16:00:00,2020-06-16 08:00:00,2020-06-17 04:00:00,113.754,113.438,113.205,112.757,21,ENTRY_A_B_BREAK,2020-06-30 12:00:00,10441,10383,113.429,2020-06-23 04:00:00,37,2020-06-30 12:00:00,10441,113.429,0,
CHFJPY,H4,Research_2015_2024,2020-06-22 12:00:00,2020-06-11 16:00:00,2020-06-16 08:00:00,2020-06-17 04:00:00,113.754,113.438,113.205,112.757,21,ENTRY_B_B_SUPPORT_REACCEL,2020-07-02 04:00:00,10451,10383,113.675,2020-07-01 20:00:00,37,2020-06-30 12:00:00,10441,113.429,10,2020-07-01 20:00:00
CHFJPY,H4,Research_2015_2024,2020-06-22 12:00:00,2020-06-11 16:00:00,2020-06-16 08:00:00,2020-06-17 04:00:00,113.754,113.438,113.205,112.757,21,ENTRY_C_A_AFTER_B,2020-06-30 12:00:00,10441,10383,113.205,2020-06-17 04:00:00,37,2020-06-30 12:00:00,10441,113.429,0,
CHFJPY,H4,Research_2015_2024,2020-07-29 12:00:00,2020-07-23 12:00:00,2020-07-24 20:00:00,2020-07-28 12:00:00,115.674,115.282,114.829,114.931,6,ENTRY_A_B_BREAK,2020-07-31 08:00:00,10582,10565,115.345,2020-07-30 16:00:00,11,2020-07-31 08:00:00,10582,115.345,0,
CHFJPY,H4,Research_2015_2024,2020-07-29 12:00:00,2020-07-23 12:00:00,2020-07-24 20:00:00,2020-07-28 12:00:00,115.674,115.282,114.829,114.931,6,ENTRY_C_A_AFTER_B,2020-07-31 08:00:00,10582,10565,114.829,2020-07-28 12:00:00,11,2020-07-31 08:00:00,10582,115.345,0,
CHFJPY,H4,Research_2015_2024,2020-08-11 04:00:00,2020-08-05 12:00:00,2020-08-06 08:00:00,2020-08-07 20:00:00,116.518,116.353,116.108,116.004,9,ENTRY_A_B_BREAK,2020-08-12 04:00:00,10631,10616,116.426,2020-08-11 12:00:00,6,2020-08-12 04:00:00,10631,116.426,0,
CHFJPY,H4,Research_2015_2024,2020-08-11 04:00:00,2020-08-05 12:00:00,2020-08-06 08:00:00,2020-08-07 20:00:00,116.518,116.353,116.108,116.004,9,ENTRY_B_B_SUPPORT_REACCEL,2020-08-12 12:00:00,10633,10616,117.056,2020-08-12 08:00:00,6,2020-08-12 04:00:00,10631,116.426,2,2020-08-12 08:00:00
CHFJPY,H4,Research_2015_2024,2020-08-11 04:00:00,2020-08-05 12:00:00,2020-08-06 08:00:00,2020-08-07 20:00:00,116.518,116.353,116.108,116.004,9,ENTRY_C_A_AFTER_B,2020-08-12 04:00:00,10631,10616,116.108,2020-08-07 20:00:00,6,2020-08-12 04:00:00,10631,116.426,0,
CHFJPY,H4,Research_2015_2024,2020-08-24 04:00:00,2020-08-17 04:00:00,2020-08-19 04:00:00,2020-08-20 20:00:00,117.445,116.915,116.591,116.264,9,ENTRY_A_B_BREAK,2020-08-25 04:00:00,10687,10672,116.616,2020-08-24 12:00:00,6,2020-08-25 04:00:00,10687,116.616,0,
CHFJPY,H4,Research_2015_2024,2020-08-24 04:00:00,2020-08-17 04:00:00,2020-08-19 04:00:00,2020-08-20 20:00:00,117.445,116.915,116.591,116.264,9,ENTRY_C_A_AFTER_B,2020-08-25 04:00:00,10687,10672,116.591,2020-08-20 20:00:00,6,2020-08-25 04:00:00,10687,116.616,0,
CHFJPY,H4,Research_2015_2024,2020-10-05 12:00:00,2020-09-11 08:00:00,2020-09-14 12:00:00,2020-09-15 08:00:00,116.982,116.913,116.767,115.471,84,ENTRY_A_B_BREAK,2020-10-05 12:00:00,10865,10781,115.047,2020-09-30 12:00:00,0,2020-10-05 12:00:00,10865,115.047,0,
CHFJPY,H4,Research_2015_2024,2020-10-05 12:00:00,2020-09-11 08:00:00,2020-09-14 12:00:00,2020-09-15 08:00:00,116.982,116.913,116.767,115.471,84,ENTRY_B_B_SUPPORT_REACCEL,2020-10-07 04:00:00,10875,10781,115.487,2020-10-06 16:00:00,0,2020-10-05 12:00:00,10865,115.047,10,2020-10-06 16:00:00
CHFJPY,H4,Research_2015_2024,2020-11-02 04:00:00,2020-10-26 04:00:00,2020-10-29 04:00:00,2020-10-30 12:00:00,115.952,114.897,114.469,114.224,5,ENTRY_A_B_BREAK,2020-11-09 04:00:00,11018,10982,114.967,2020-11-04 00:00:00,31,2020-11-09 04:00:00,11018,114.967,0,
CHFJPY,H4,Research_2015_2024,2020-11-02 04:00:00,2020-10-26 04:00:00,2020-10-29 04:00:00,2020-10-30 12:00:00,115.952,114.897,114.469,114.224,5,ENTRY_B_B_SUPPORT_REACCEL,2020-11-09 12:00:00,11020,10982,115.642,2020-11-09 08:00:00,31,2020-11-09 04:00:00,11018,114.967,2,2020-11-09 08:00:00
CHFJPY,H4,Research_2015_2024,2020-11-02 04:00:00,2020-10-26 04:00:00,2020-10-29 04:00:00,2020-10-30 12:00:00,115.952,114.897,114.469,114.224,5,ENTRY_C_A_AFTER_B,2020-11-09 04:00:00,11018,10982,114.469,2020-10-30 12:00:00,31,2020-11-09 04:00:00,11018,114.967,0,
CHFJPY,H4,Research_2015_2024,2020-12-28 12:00:00,2020-12-18 08:00:00,2020-12-21 08:00:00,2020-12-22 12:00:00,117.176,117.064,116.909,116.729,21,ENTRY_A_B_BREAK,2021-01-06 08:00:00,11265,11212,117.28,2020-12-29 12:00:00,32,2021-01-06 08:00:00,11265,117.28,0,
CHFJPY,H4,Research_2015_2024,2020-12-28 12:00:00,2020-12-18 08:00:00,2020-12-21 08:00:00,2020-12-22 12:00:00,117.176,117.064,116.909,116.729,21,ENTRY_C_A_AFTER_B,2021-01-06 08:00:00,11265,11212,116.909,2020-12-22 12:00:00,32,2021-01-06 08:00:00,11265,117.28,0,
CHFJPY,H4,Research_2015_2024,2021-07-21 00:00:00,2021-07-15 08:00:00,2021-07-16 12:00:00,2021-07-20 08:00:00,120.443,120.037,119.479,119.297,4,ENTRY_A_B_BREAK,2021-07-26 12:00:00,12153,12127,120.268,2021-07-21 16:00:00,22,2021-07-26 12:00:00,12153,120.268,0,
CHFJPY,H4,Research_2015_2024,2021-07-21 00:00:00,2021-07-15 08:00:00,2021-07-16 12:00:00,2021-07-20 08:00:00,120.443,120.037,119.479,119.297,4,ENTRY_C_A_AFTER_B,2021-07-26 12:00:00,12153,12127,119.479,2021-07-20 08:00:00,22,2021-07-26 12:00:00,12153,120.268,0,
CHFJPY,H4,Research_2015_2024,2021-08-17 04:00:00,2021-08-11 00:00:00,2021-08-13 12:00:00,2021-08-16 12:00:00,119.997,119.942,119.811,120.04,4,ENTRY_A_B_BREAK,2021-08-23 00:00:00,12274,12246,119.813,2021-08-20 12:00:00,24,2021-08-23 00:00:00,12274,119.813,0,
CHFJPY,H4,Research_2015_2024,2021-08-17 04:00:00,2021-08-11 00:00:00,2021-08-13 12:00:00,2021-08-16 12:00:00,119.997,119.942,119.811,120.04,4,ENTRY_C_A_AFTER_B,2021-08-23 00:00:00,12274,12246,119.811,2021-08-16 12:00:00,24,2021-08-23 00:00:00,12274,119.813,0,
CHFJPY,H4,Research_2015_2024,2021-10-04 04:00:00,2021-09-28 12:00:00,2021-09-30 04:00:00,2021-10-01 12:00:00,120.204,119.945,119.624,119.511,5,ENTRY_A_B_BREAK,2021-10-08 00:00:00,12484,12456,120.266,2021-10-04 12:00:00,23,2021-10-08 00:00:00,12484,120.266,0,
CHFJPY,H4,Research_2015_2024,2021-10-04 04:00:00,2021-09-28 12:00:00,2021-09-30 04:00:00,2021-10-01 12:00:00,120.204,119.945,119.624,119.511,5,ENTRY_B_B_SUPPORT_REACCEL,2021-10-08 12:00:00,12487,12456,120.457,2021-10-08 04:00:00,23,2021-10-08 00:00:00,12484,120.266,3,2021-10-08 04:00:00
CHFJPY,H4,Research_2015_2024,2021-10-04 04:00:00,2021-09-28 12:00:00,2021-09-30 04:00:00,2021-10-01 12:00:00,120.204,119.945,119.624,119.511,5,ENTRY_C_A_AFTER_B,2021-10-08 00:00:00,12484,12456,119.624,2021-10-01 12:00:00,23,2021-10-08 00:00:00,12484,120.266,0,
CHFJPY,H4,Research_2015_2024,2021-10-26 12:00:00,2021-10-20 20:00:00,2021-10-22 00:00:00,2021-10-25 00:00:00,124.541,124.38,124.198,124.074,9,ENTRY_A_B_BREAK,2021-10-28 12:00:00,12574,12553,124.214,2021-10-26 12:00:00,12,2021-10-28 12:00:00,12574,124.214,0,
CHFJPY,H4,Research_2015_2024,2021-10-26 12:00:00,2021-10-20 20:00:00,2021-10-22 00:00:00,2021-10-25 00:00:00,124.541,124.38,124.198,124.074,9,ENTRY_B_B_SUPPORT_REACCEL,2021-10-28 20:00:00,12576,12553,124.527,2021-10-28 16:00:00,12,2021-10-28 12:00:00,12574,124.214,2,2021-10-28 16:00:00
CHFJPY,H4,Research_2015_2024,2021-10-26 12:00:00,2021-10-20 20:00:00,2021-10-22 00:00:00,2021-10-25 00:00:00,124.541,124.38,124.198,124.074,9,ENTRY_C_A_AFTER_B,2021-10-28 12:00:00,12574,12553,124.198,2021-10-25 00:00:00,12,2021-10-28 12:00:00,12574,124.214,0,
CHFJPY,H4,Research_2015_2024,2021-11-29 20:00:00,2021-11-25 04:00:00,2021-11-26 12:00:00,2021-11-29 00:00:00,123.705,123.349,123.15,123.296,5,ENTRY_A_B_BREAK,2021-12-01 04:00:00,12721,12708,123.36,2021-11-30 00:00:00,8,2021-12-01 04:00:00,12721,123.36,0,
CHFJPY,H4,Research_2015_2024,2021-11-29 20:00:00,2021-11-25 04:00:00,2021-11-26 12:00:00,2021-11-29 00:00:00,123.705,123.349,123.15,123.296,5,ENTRY_C_A_AFTER_B,2021-12-01 04:00:00,12721,12708,123.15,2021-11-29 00:00:00,8,2021-12-01 04:00:00,12721,123.36,0,
CHFJPY,H4,Research_2015_2024,2022-01-31 16:00:00,2022-01-20 04:00:00,2022-01-21 08:00:00,2022-01-24 12:00:00,125.163,125.006,124.848,124.27,32,ENTRY_A_B_BREAK,2022-01-31 16:00:00,12987,12955,124.217,2022-01-28 08:00:00,0,2022-01-31 16:00:00,12987,124.217,0,
CHFJPY,H4,Research_2015_2024,2022-01-31 16:00:00,2022-01-20 04:00:00,2022-01-21 08:00:00,2022-01-24 12:00:00,125.163,125.006,124.848,124.27,32,ENTRY_C_A_AFTER_B,2022-02-03 12:00:00,13004,12955,124.848,2022-01-24 12:00:00,0,2022-01-31 16:00:00,12987,124.217,17,
CHFJPY,H4,Research_2015_2024,2022-04-28 00:00:00,2022-04-19 12:00:00,2022-04-21 08:00:00,2022-04-25 00:00:00,136.18,135.36,134.682,133.538,18,ENTRY_A_B_BREAK,2022-04-28 00:00:00,13373,13355,132.832,2022-04-27 08:00:00,0,2022-04-28 00:00:00,13373,132.832,0,
CHFJPY,H4,Research_2015_2024,2022-04-28 00:00:00,2022-04-19 12:00:00,2022-04-21 08:00:00,2022-04-25 00:00:00,136.18,135.36,134.682,133.538,18,ENTRY_B_B_SUPPORT_REACCEL,2022-05-03 08:00:00,13394,13355,133.282,2022-05-02 16:00:00,0,2022-04-28 00:00:00,13373,132.832,21,2022-05-02 16:00:00
CHFJPY,H4,Research_2015_2024,2022-04-28 00:00:00,2022-04-19 12:00:00,2022-04-21 08:00:00,2022-04-25 00:00:00,136.18,135.36,134.682,133.538,18,ENTRY_C_A_AFTER_B,2022-04-28 04:00:00,13374,13355,134.682,2022-04-25 00:00:00,0,2022-04-28 00:00:00,13373,132.832,1,
CHFJPY,H4,Research_2015_2024,2022-05-08 20:00:00,2022-05-02 04:00:00,2022-05-03 12:00:00,2022-05-04 20:00:00,134.057,133.628,132.979,132.164,13,ENTRY_A_B_BREAK,2022-05-17 04:00:00,13455,13403,129.22,2022-05-13 12:00:00,39,2022-05-17 04:00:00,13455,129.22,0,
CHFJPY,H4,Research_2015_2024,2022-05-08 20:00:00,2022-05-02 04:00:00,2022-05-03 12:00:00,2022-05-04 20:00:00,134.057,133.628,132.979,132.164,13,ENTRY_B_B_SUPPORT_REACCEL,2022-05-19 00:00:00,13466,13403,130.113,2022-05-18 08:00:00,39,2022-05-17 04:00:00,13455,129.22,11,2022-05-18 08:00:00
CHFJPY,H4,Research_2015_2024,2022-06-16 04:00:00,2022-06-09 12:00:00,2022-06-13 04:00:00,2022-06-14 08:00:00,137.612,136.607,135.913,137.017,11,ENTRY_A_B_BREAK,2022-06-17 00:00:00,13596,13580,137.183,2022-06-16 04:00:00,5,2022-06-17 00:00:00,13596,137.183,0,
CHFJPY,H4,Research_2015_2024,2022-06-16 04:00:00,2022-06-09 12:00:00,2022-06-13 04:00:00,2022-06-14 08:00:00,137.612,136.607,135.913,137.017,11,ENTRY_C_A_AFTER_B,2022-06-17 00:00:00,13596,13580,135.913,2022-06-14 08:00:00,5,2022-06-17 00:00:00,13596,137.183,0,
CHFJPY,H4,Research_2015_2024,2022-07-10 20:00:00,2022-07-05 04:00:00,2022-07-07 08:00:00,2022-07-08 00:00:00,142.012,140.364,139.845,139.38,6,ENTRY_A_B_BREAK,2022-07-13 08:00:00,13710,13689,140.359,2022-07-11 12:00:00,15,2022-07-13 08:00:00,13710,140.359,0,
CHFJPY,H4,Research_2015_2024,2022-07-10 20:00:00,2022-07-05 04:00:00,2022-07-07 08:00:00,2022-07-08 00:00:00,142.012,140.364,139.845,139.38,6,ENTRY_B_B_SUPPORT_REACCEL,2022-07-14 04:00:00,13715,13689,140.671,2022-07-14 00:00:00,15,2022-07-13 08:00:00,13710,140.359,5,2022-07-14 00:00:00
CHFJPY,H4,Research_2015_2024,2022-07-10 20:00:00,2022-07-05 04:00:00,2022-07-07 08:00:00,2022-07-08 00:00:00,142.012,140.364,139.845,139.38,6,ENTRY_C_A_AFTER_B,2022-07-13 08:00:00,13710,13689,139.845,2022-07-08 00:00:00,15,2022-07-13 08:00:00,13710,140.359,0,
CHFJPY,H4,Research_2015_2024,2022-08-17 08:00:00,2022-08-10 12:00:00,2022-08-12 12:00:00,2022-08-16 12:00:00,142.418,142.136,141.817,141.969,5,ENTRY_A_B_BREAK,2022-08-19 04:00:00,13876,13860,142.318,2022-08-17 12:00:00,11,2022-08-19 04:00:00,13876,142.318,0,
CHFJPY,H4,Research_2015_2024,2022-08-17 08:00:00,2022-08-10 12:00:00,2022-08-12 12:00:00,2022-08-16 12:00:00,142.418,142.136,141.817,141.969,5,ENTRY_C_A_AFTER_B,2022-08-19 04:00:00,13876,13860,141.817,2022-08-16 12:00:00,11,2022-08-19 04:00:00,13876,142.318,0,
CHFJPY,H4,Research_2015_2024,2022-12-26 08:00:00,2022-12-21 12:00:00,2022-12-22 08:00:00,2022-12-23 12:00:00,143.219,143.033,142.86,142.817,6,ENTRY_A_B_BREAK,2022-12-28 00:00:00,14452,14436,143.796,2022-12-27 08:00:00,10,2022-12-28 00:00:00,14452,143.796,0,
CHFJPY,H4,Research_2015_2024,2022-12-26 08:00:00,2022-12-21 12:00:00,2022-12-22 08:00:00,2022-12-23 12:00:00,143.219,143.033,142.86,142.817,6,ENTRY_B_B_SUPPORT_REACCEL,2022-12-28 12:00:00,14455,14436,144.385,2022-12-28 04:00:00,10,2022-12-28 00:00:00,14452,143.796,3,2022-12-28 04:00:00
CHFJPY,H4,Research_2015_2024,2022-12-26 08:00:00,2022-12-21 12:00:00,2022-12-22 08:00:00,2022-12-23 12:00:00,143.219,143.033,142.86,142.817,6,ENTRY_C_A_AFTER_B,2022-12-28 00:00:00,14452,14436,142.86,2022-12-23 12:00:00,10,2022-12-28 00:00:00,14452,143.796,0,
CHFJPY,H4,Research_2015_2024,2023-02-13 04:00:00,2023-02-06 12:00:00,2023-02-09 04:00:00,2023-02-10 00:00:00,143.234,143.14,142.872,143.247,8,ENTRY_A_B_BREAK,2023-02-14 16:00:00,14666,14649,144.244,2023-02-13 12:00:00,9,2023-02-14 16:00:00,14666,144.244,0,
CHFJPY,H4,Research_2015_2024,2023-02-13 04:00:00,2023-02-06 12:00:00,2023-02-09 04:00:00,2023-02-10 00:00:00,143.234,143.14,142.872,143.247,8,ENTRY_B_B_SUPPORT_REACCEL,2023-02-15 08:00:00,14670,14649,144.43,2023-02-14 20:00:00,9,2023-02-14 16:00:00,14666,144.244,4,2023-02-14 20:00:00
CHFJPY,H4,Research_2015_2024,2023-02-13 04:00:00,2023-02-06 12:00:00,2023-02-09 04:00:00,2023-02-10 00:00:00,143.234,143.14,142.872,143.247,8,ENTRY_C_A_AFTER_B,2023-02-14 16:00:00,14666,14649,142.872,2023-02-10 00:00:00,9,2023-02-14 16:00:00,14666,144.244,0,
CHFJPY,H4,Research_2015_2024,2023-07-13 04:00:00,2023-07-03 00:00:00,2023-07-05 04:00:00,2023-07-06 16:00:00,161.594,161.344,160.957,160.269,28,ENTRY_A_B_BREAK,2023-07-14 08:00:00,15333,15298,161.082,2023-07-13 12:00:00,7,2023-07-14 08:00:00,15333,161.082,0,
CHFJPY,H4,Research_2015_2024,2023-07-13 04:00:00,2023-07-03 00:00:00,2023-07-05 04:00:00,2023-07-06 16:00:00,161.594,161.344,160.957,160.269,28,ENTRY_B_B_SUPPORT_REACCEL,2023-07-18 12:00:00,15347,15298,161.785,2023-07-17 12:00:00,7,2023-07-14 08:00:00,15333,161.082,14,2023-07-17 12:00:00
CHFJPY,H4,Research_2015_2024,2023-07-13 04:00:00,2023-07-03 00:00:00,2023-07-05 04:00:00,2023-07-06 16:00:00,161.594,161.344,160.957,160.269,28,ENTRY_C_A_AFTER_B,2023-07-14 08:00:00,15333,15298,160.957,2023-07-06 16:00:00,7,2023-07-14 08:00:00,15333,161.082,0,
CHFJPY,H4,Research_2015_2024,2023-08-07 12:00:00,2023-08-02 00:00:00,2023-08-03 04:00:00,2023-08-04 00:00:00,164.027,163.756,163.36,162.929,10,ENTRY_A_B_BREAK,2023-08-10 04:00:00,15450,15424,164.256,2023-08-08 04:00:00,16,2023-08-10 04:00:00,15450,164.256,0,
CHFJPY,H4,Research_2015_2024,2023-08-07 12:00:00,2023-08-02 00:00:00,2023-08-03 04:00:00,2023-08-04 00:00:00,164.027,163.756,163.36,162.929,10,ENTRY_C_A_AFTER_B,2023-08-10 04:00:00,15450,15424,163.36,2023-08-04 00:00:00,16,2023-08-10 04:00:00,15450,164.256,0,
CHFJPY,H4,Research_2015_2024,2023-09-19 04:00:00,2023-09-08 12:00:00,2023-09-13 04:00:00,2023-09-15 08:00:00,165.65,165.418,165.165,164.993,12,ENTRY_A_B_BREAK,2023-09-19 04:00:00,15624,15612,164.911,2023-09-18 08:00:00,0,2023-09-19 04:00:00,15624,164.911,0,
CHFJPY,H4,Research_2015_2024,2023-09-28 08:00:00,2023-09-22 04:00:00,2023-09-26 08:00:00,2023-09-27 08:00:00,164.027,163.289,162.83,162.583,6,ENTRY_A_B_BREAK,2023-10-02 04:00:00,15680,15662,163.905,2023-09-29 08:00:00,12,2023-10-02 04:00:00,15680,163.905,0,
CHFJPY,H4,Research_2015_2024,2023-09-28 08:00:00,2023-09-22 04:00:00,2023-09-26 08:00:00,2023-09-27 08:00:00,164.027,163.289,162.83,162.583,6,ENTRY_C_A_AFTER_B,2023-10-02 04:00:00,15680,15662,162.83,2023-09-27 08:00:00,12,2023-10-02 04:00:00,15680,163.905,0,
CHFJPY,H4,Research_2015_2024,2023-11-06 00:00:00,2023-10-24 00:00:00,2023-10-25 04:00:00,2023-10-26 04:00:00,168.142,167.97,167.741,166.668,43,ENTRY_A_B_BREAK,2023-11-08 08:00:00,15848,15791,167.217,2023-10-31 08:00:00,14,2023-11-08 08:00:00,15848,167.217,0,
CHFJPY,H4,Research_2015_2024,2023-11-06 00:00:00,2023-10-24 00:00:00,2023-10-25 04:00:00,2023-10-26 04:00:00,168.142,167.97,167.741,166.668,43,ENTRY_B_B_SUPPORT_REACCEL,2023-11-10 08:00:00,15860,15791,167.609,2023-11-09 20:00:00,14,2023-11-08 08:00:00,15848,167.217,12,2023-11-09 20:00:00
CHFJPY,H4,Research_2015_2024,2023-11-06 00:00:00,2023-10-24 00:00:00,2023-10-25 04:00:00,2023-10-26 04:00:00,168.142,167.97,167.741,166.668,43,ENTRY_C_A_AFTER_B,2023-11-08 12:00:00,15849,15791,167.741,2023-10-26 04:00:00,14,2023-11-08 08:00:00,15848,167.217,1,
CHFJPY,H4,Research_2015_2024,2023-12-19 04:00:00,2023-12-01 08:00:00,2023-12-05 00:00:00,2023-12-06 12:00:00,169.571,168.909,168.643,166.468,54,ENTRY_A_B_BREAK,2023-12-19 04:00:00,16027,15973,165.359,2023-12-08 08:00:00,0,2023-12-19 04:00:00,16027,165.359,0,
CHFJPY,H4,Research_2015_2024,2023-12-19 04:00:00,2023-12-01 08:00:00,2023-12-05 00:00:00,2023-12-06 12:00:00,169.571,168.909,168.643,166.468,54,ENTRY_C_A_AFTER_B,2023-12-29 08:00:00,16071,15973,168.643,2023-12-06 12:00:00,0,2023-12-19 04:00:00,16027,165.359,44,
CHFJPY,H4,Research_2015_2024,2024-01-24 16:00:00,2024-01-17 08:00:00,2024-01-18 00:00:00,2024-01-19 04:00:00,171.576,171.457,171.193,170.936,22,ENTRY_A_B_BREAK,2024-01-26 12:00:00,16190,16157,171.173,2024-01-25 08:00:00,11,2024-01-26 12:00:00,16190,171.173,0,
CHFJPY,H4,Research_2015_2024,2024-01-24 16:00:00,2024-01-17 08:00:00,2024-01-18 00:00:00,2024-01-19 04:00:00,171.576,171.457,171.193,170.936,22,ENTRY_C_A_AFTER_B,2024-01-26 12:00:00,16190,16157,171.193,2024-01-19 04:00:00,11,2024-01-26 12:00:00,16190,171.173,0,
CHFJPY,H4,Research_2015_2024,2024-04-11 12:00:00,2024-04-05 12:00:00,2024-04-09 12:00:00,2024-04-10 12:00:00,168.476,168.378,168.19,168.189,6,ENTRY_A_B_BREAK,2024-04-15 04:00:00,16536,16519,168.473,2024-04-11 16:00:00,11,2024-04-15 04:00:00,16536,168.473,0,
CHFJPY,H4,Research_2015_2024,2024-04-11 12:00:00,2024-04-05 12:00:00,2024-04-09 12:00:00,2024-04-10 12:00:00,168.476,168.378,168.19,168.189,6,ENTRY_B_B_SUPPORT_REACCEL,2024-04-15 12:00:00,16538,16519,168.683,2024-04-15 08:00:00,11,2024-04-15 04:00:00,16536,168.473,2,2024-04-15 08:00:00
CHFJPY,H4,Research_2015_2024,2024-04-11 12:00:00,2024-04-05 12:00:00,2024-04-09 12:00:00,2024-04-10 12:00:00,168.476,168.378,168.19,168.189,6,ENTRY_C_A_AFTER_B,2024-04-15 04:00:00,16536,16519,168.19,2024-04-10 12:00:00,11,2024-04-15 04:00:00,16536,168.473,0,
CHFJPY,H4,Research_2015_2024,2024-05-23 08:00:00,2024-05-20 12:00:00,2024-05-21 12:00:00,2024-05-22 04:00:00,171.954,171.878,171.634,171.517,7,ENTRY_A_B_BREAK,2024-05-28 04:00:00,16728,16703,171.902,2024-05-23 12:00:00,18,2024-05-28 04:00:00,16728,171.902,0,
CHFJPY,H4,Research_2015_2024,2024-05-23 08:00:00,2024-05-20 12:00:00,2024-05-21 12:00:00,2024-05-22 04:00:00,171.954,171.878,171.634,171.517,7,ENTRY_B_B_SUPPORT_REACCEL,2024-05-29 12:00:00,16736,16703,172.49,2024-05-28 08:00:00,18,2024-05-28 04:00:00,16728,171.902,8,2024-05-28 08:00:00
CHFJPY,H4,Research_2015_2024,2024-05-23 08:00:00,2024-05-20 12:00:00,2024-05-21 12:00:00,2024-05-22 04:00:00,171.954,171.878,171.634,171.517,7,ENTRY_C_A_AFTER_B,2024-05-28 04:00:00,16728,16703,171.634,2024-05-22 04:00:00,18,2024-05-28 04:00:00,16728,171.902,0,
CHFJPY,H4,Research_2015_2024,2024-12-04 08:00:00,2024-11-20 12:00:00,2024-11-22 08:00:00,2024-11-25 16:00:00,176.097,174.847,174.058,170.296,41,ENTRY_A_B_BREAK,2024-12-05 12:00:00,17578,17530,170.568,2024-12-04 20:00:00,7,2024-12-05 12:00:00,17578,170.568,0,
CHFJPY,H4,Research_2015_2024,2024-12-04 08:00:00,2024-11-20 12:00:00,2024-11-22 08:00:00,2024-11-25 16:00:00,176.097,174.847,174.058,170.296,41,ENTRY_B_B_SUPPORT_REACCEL,2024-12-06 08:00:00,17583,17530,171.012,2024-12-05 16:00:00,7,2024-12-05 12:00:00,17578,170.568,5,2024-12-05 16:00:00
CHFJPY,H4,OOS_2025_2026,2025-02-21 04:00:00,2025-02-14 12:00:00,2025-02-18 08:00:00,2025-02-19 00:00:00,169.649,168.848,168.483,167.636,13,ENTRY_A_B_BREAK,2025-02-24 16:00:00,17921,17898,166.833,2025-02-24 00:00:00,10,2025-02-24 16:00:00,17921,166.833,0,
CHFJPY,H4,OOS_2025_2026,2025-02-28 12:00:00,2025-02-25 12:00:00,2025-02-26 12:00:00,2025-02-27 08:00:00,167.574,167.404,167.084,166.992,7,ENTRY_A_B_BREAK,2025-03-03 08:00:00,17950,17937,167.305,2025-02-28 12:00:00,6,2025-03-03 08:00:00,17950,167.305,0,
CHFJPY,H4,OOS_2025_2026,2025-02-28 12:00:00,2025-02-25 12:00:00,2025-02-26 12:00:00,2025-02-27 08:00:00,167.574,167.404,167.084,166.992,7,ENTRY_C_A_AFTER_B,2025-03-03 08:00:00,17950,17937,167.084,2025-02-27 08:00:00,6,2025-03-03 08:00:00,17950,167.305,0,
CHFJPY,H4,OOS_2025_2026,2025-09-05 04:00:00,2025-09-02 04:00:00,2025-09-03 08:00:00,2025-09-04 12:00:00,185.119,184.907,184.48,184.412,4,ENTRY_A_B_BREAK,2025-09-16 16:00:00,18820,18769,186.219,2025-09-08 12:00:00,47,2025-09-16 16:00:00,18820,186.219,0,
CHFJPY,H4,OOS_2025_2026,2025-09-05 04:00:00,2025-09-02 04:00:00,2025-09-03 08:00:00,2025-09-04 12:00:00,185.119,184.907,184.48,184.412,4,ENTRY_C_A_AFTER_B,2025-09-16 16:00:00,18820,18769,184.48,2025-09-04 12:00:00,47,2025-09-16 16:00:00,18820,186.219,0,
CHFJPY,H4,OOS_2025_2026,2025-10-15 08:00:00,2025-10-08 08:00:00,2025-10-09 04:00:00,2025-10-13 04:00:00,191.163,190.879,189.999,189.256,13,ENTRY_A_B_BREAK,2025-10-19 20:00:00,18964,18935,190.133,2025-10-16 04:00:00,16,2025-10-19 20:00:00,18964,190.133,0,
CHFJPY,H4,OOS_2025_2026,2025-10-15 08:00:00,2025-10-08 08:00:00,2025-10-09 04:00:00,2025-10-13 04:00:00,191.163,190.879,189.999,189.256,13,ENTRY_B_B_SUPPORT_REACCEL,2025-10-21 04:00:00,18972,18935,190.588,2025-10-20 12:00:00,16,2025-10-19 20:00:00,18964,190.133,8,2025-10-20 12:00:00
CHFJPY,H4,OOS_2025_2026,2025-10-15 08:00:00,2025-10-08 08:00:00,2025-10-09 04:00:00,2025-10-13 04:00:00,191.163,190.879,189.999,189.256,13,ENTRY_C_A_AFTER_B,2025-10-19 20:00:00,18964,18935,189.999,2025-10-13 04:00:00,16,2025-10-19 20:00:00,18964,190.133,0,
CHFJPY,H4,OOS_2025_2026,2026-01-09 04:00:00,2026-01-05 00:00:00,2026-01-06 00:00:00,2026-01-08 12:00:00,198.33,197.852,196.815,196.948,4,ENTRY_A_B_BREAK,2026-01-12 00:00:00,19324,19314,197.464,2026-01-09 12:00:00,6,2026-01-12 00:00:00,19324,197.464,0,
CHFJPY,H4,OOS_2025_2026,2026-01-09 04:00:00,2026-01-05 00:00:00,2026-01-06 00:00:00,2026-01-08 12:00:00,198.33,197.852,196.815,196.948,4,ENTRY_C_A_AFTER_B,2026-01-12 00:00:00,19324,19314,196.815,2026-01-08 12:00:00,6,2026-01-12 00:00:00,19324,197.464,0,
CHFJPY,H4,OOS_2025_2026,2026-01-18 20:00:00,2026-01-13 08:00:00,2026-01-14 04:00:00,2026-01-15 00:00:00,199.44,198.904,198.253,197.233,12,ENTRY_A_B_BREAK,2026-01-22 16:00:00,19377,19342,200.32,2026-01-20 20:00:00,23,2026-01-22 16:00:00,19377,200.32,0,
CHFJPY,H4,OOS_2025_2026,2026-01-18 20:00:00,2026-01-13 08:00:00,2026-01-14 04:00:00,2026-01-15 00:00:00,199.44,198.904,198.253,197.233,12,ENTRY_C_A_AFTER_B,2026-01-22 16:00:00,19377,19342,198.253,2026-01-15 00:00:00,23,2026-01-22 16:00:00,19377,200.32,0,
CHFJPY,H4,OOS_2025_2026,2026-02-24 04:00:00,2026-02-19 04:00:00,2026-02-20 08:00:00,2026-02-23 08:00:00,200.941,200.713,200.219,201.27,5,ENTRY_A_B_BREAK,2026-02-25 08:00:00,19524,19512,201.69,2026-02-24 08:00:00,7,2026-02-25 08:00:00,19524,201.69,0,
CHFJPY,H4,OOS_2025_2026,2026-02-24 04:00:00,2026-02-19 04:00:00,2026-02-20 08:00:00,2026-02-23 08:00:00,200.941,200.713,200.219,201.27,5,ENTRY_C_A_AFTER_B,2026-02-25 08:00:00,19524,19512,200.219,2026-02-23 08:00:00,7,2026-02-25 08:00:00,19524,201.69,0,
CHFJPY,H4,OOS_2025_2026,2026-04-07 20:00:00,2026-03-24 08:00:00,2026-03-25 00:00:00,2026-03-26 08:00:00,201.754,201.637,201.512,200.778,53,ENTRY_A_B_BREAK,2026-04-07 20:00:00,19707,19654,200.258,2026-04-01 12:00:00,0,2026-04-07 20:00:00,19707,200.258,0,
CHFJPY,H4,OOS_2025_2026,2026-04-07 20:00:00,2026-03-24 08:00:00,2026-03-25 00:00:00,2026-03-26 08:00:00,201.754,201.637,201.512,200.778,53,ENTRY_B_B_SUPPORT_REACCEL,2026-04-08 04:00:00,19709,19654,200.778,2026-04-08 00:00:00,0,2026-04-07 20:00:00,19707,200.258,2,2026-04-08 00:00:00
CHFJPY,H4,OOS_2025_2026,2026-04-07 20:00:00,2026-03-24 08:00:00,2026-03-25 00:00:00,2026-03-26 08:00:00,201.754,201.637,201.512,200.778,53,ENTRY_C_A_AFTER_B,2026-04-10 04:00:00,19721,19654,201.512,2026-03-26 08:00:00,0,2026-04-07 20:00:00,19707,200.258,14,
AUDJPY,H1,Research_2015_2024,2014-01-07 14:00:00,2014-01-06 00:00:00,2014-01-06 14:00:00,2014-01-07 00:00:00,94.069,93.82,93.539,93.327,14,ENTRY_A_B_BREAK,2014-01-08 00:00:00,99,75,93.37,2014-01-07 14:00:00,10,2014-01-08 00:00:00,99,93.37,0,
AUDJPY,H1,Research_2015_2024,2014-01-07 14:00:00,2014-01-06 00:00:00,2014-01-06 14:00:00,2014-01-07 00:00:00,94.069,93.82,93.539,93.327,14,ENTRY_B_B_SUPPORT_REACCEL,2014-01-08 02:00:00,101,75,93.579,2014-01-08 01:00:00,10,2014-01-08 00:00:00,99,93.37,2,2014-01-08 01:00:00
AUDJPY,H1,Research_2015_2024,2014-01-07 14:00:00,2014-01-06 00:00:00,2014-01-06 14:00:00,2014-01-07 00:00:00,94.069,93.82,93.539,93.327,14,ENTRY_C_A_AFTER_B,2014-01-08 02:00:00,101,75,93.539,2014-01-07 00:00:00,10,2014-01-08 00:00:00,99,93.37,2,
AUDJPY,H1,Research_2015_2024,2014-02-16 22:00:00,2014-02-12 02:00:00,2014-02-12 15:00:00,2014-02-14 01:00:00,92.97,92.802,92.296,92.057,21,ENTRY_A_B_BREAK,2014-02-17 23:00:00,794,748,92.144,2014-02-14 09:00:00,25,2014-02-17 23:00:00,794,92.144,0,
AUDJPY,H1,Research_2015_2024,2014-02-16 22:00:00,2014-02-12 02:00:00,2014-02-12 15:00:00,2014-02-14 01:00:00,92.97,92.802,92.296,92.057,21,ENTRY_B_B_SUPPORT_REACCEL,2014-02-18 11:00:00,806,748,92.359,2014-02-18 09:00:00,25,2014-02-17 23:00:00,794,92.144,12,2014-02-18 09:00:00
AUDJPY,H1,Research_2015_2024,2014-02-16 22:00:00,2014-02-12 02:00:00,2014-02-12 15:00:00,2014-02-14 01:00:00,92.97,92.802,92.296,92.057,21,ENTRY_C_A_AFTER_B,2014-02-18 00:00:00,795,748,92.296,2014-02-14 01:00:00,25,2014-02-17 23:00:00,794,92.144,1,
AUDJPY,H1,Research_2015_2024,2014-04-09 20:00:00,2014-04-07 09:00:00,2014-04-08 07:00:00,2014-04-09 09:00:00,95.937,95.891,95.784,95.771,11,ENTRY_A_B_BREAK,2014-04-14 11:00:00,1743,1669,95.702,2014-04-11 10:00:00,63,2014-04-14 11:00:00,1743,95.702,0,
AUDJPY,H1,Research_2015_2024,2014-04-09 20:00:00,2014-04-07 09:00:00,2014-04-08 07:00:00,2014-04-09 09:00:00,95.937,95.891,95.784,95.771,11,ENTRY_C_A_AFTER_B,2014-04-14 12:00:00,1744,1669,95.784,2014-04-09 09:00:00,63,2014-04-14 11:00:00,1743,95.702,1,
AUDJPY,H1,Research_2015_2024,2014-05-23 13:00:00,2014-05-19 23:00:00,2014-05-22 04:00:00,2014-05-23 02:00:00,94.735,94.359,94.137,94.092,11,ENTRY_A_B_BREAK,2014-05-26 23:00:00,2475,2430,94.245,2014-05-23 17:00:00,34,2014-05-26 23:00:00,2475,94.245,0,
AUDJPY,H1,Research_2015_2024,2014-05-23 13:00:00,2014-05-19 23:00:00,2014-05-22 04:00:00,2014-05-23 02:00:00,94.735,94.359,94.137,94.092,11,ENTRY_B_B_SUPPORT_REACCEL,2014-05-27 08:00:00,2484,2430,94.359,2014-05-27 07:00:00,34,2014-05-26 23:00:00,2475,94.245,9,2014-05-27 07:00:00
AUDJPY,H1,Research_2015_2024,2014-05-23 13:00:00,2014-05-19 23:00:00,2014-05-22 04:00:00,2014-05-23 02:00:00,94.735,94.359,94.137,94.092,11,ENTRY_C_A_AFTER_B,2014-05-26 23:00:00,2475,2430,94.137,2014-05-23 02:00:00,34,2014-05-26 23:00:00,2475,94.245,0,
AUDJPY,H1,Research_2015_2024,2014-06-17 00:00:00,2014-06-15 22:00:00,2014-06-16 06:00:00,2014-06-16 14:00:00,95.941,95.834,95.781,95.737,10,ENTRY_A_B_BREAK,2014-06-18 18:00:00,2878,2826,95.53,2014-06-17 11:00:00,42,2014-06-18 18:00:00,2878,95.53,0,
AUDJPY,H1,Research_2015_2024,2014-06-17 00:00:00,2014-06-15 22:00:00,2014-06-16 06:00:00,2014-06-16 14:00:00,95.941,95.834,95.781,95.737,10,ENTRY_C_A_AFTER_B,2014-06-18 19:00:00,2879,2826,95.781,2014-06-16 14:00:00,42,2014-06-18 18:00:00,2878,95.53,1,
AUDJPY,H1,Research_2015_2024,2014-06-30 14:00:00,2014-06-27 01:00:00,2014-06-27 20:00:00,2014-06-30 06:00:00,95.775,95.629,95.56,95.609,8,ENTRY_A_B_BREAK,2014-07-01 01:00:00,3077,3058,95.619,2014-06-30 14:00:00,11,2014-07-01 01:00:00,3077,95.619,0,
AUDJPY,H1,Research_2015_2024,2014-06-30 14:00:00,2014-06-27 01:00:00,2014-06-27 20:00:00,2014-06-30 06:00:00,95.775,95.629,95.56,95.609,8,ENTRY_B_B_SUPPORT_REACCEL,2014-07-01 04:00:00,3080,3058,95.765,2014-07-01 02:00:00,11,2014-07-01 01:00:00,3077,95.619,3,2014-07-01 02:00:00
AUDJPY,H1,Research_2015_2024,2014-06-30 14:00:00,2014-06-27 01:00:00,2014-06-27 20:00:00,2014-06-30 06:00:00,95.775,95.629,95.56,95.609,8,ENTRY_C_A_AFTER_B,2014-07-01 01:00:00,3077,3058,95.56,2014-06-30 06:00:00,11,2014-07-01 01:00:00,3077,95.619,0,
AUDJPY,H1,Research_2015_2024,2014-07-25 07:00:00,2014-07-24 01:00:00,2014-07-24 12:00:00,2014-07-24 21:00:00,96.178,96.015,95.925,95.866,10,ENTRY_A_B_BREAK,2014-07-30 18:00:00,3598,3505,95.897,2014-07-29 00:00:00,83,2014-07-30 18:00:00,3598,95.897,0,
AUDJPY,H1,Research_2015_2024,2014-07-25 07:00:00,2014-07-24 01:00:00,2014-07-24 12:00:00,2014-07-24 21:00:00,96.178,96.015,95.925,95.866,10,ENTRY_C_A_AFTER_B,2014-07-30 18:00:00,3598,3505,95.925,2014-07-24 21:00:00,83,2014-07-30 18:00:00,3598,95.897,0,
AUDJPY,H1,Research_2015_2024,2014-08-07 00:00:00,2014-08-05 09:00:00,2014-08-06 07:00:00,2014-08-06 16:00:00,95.825,95.569,95.524,95.474,8,ENTRY_A_B_BREAK,2014-08-13 00:00:00,3820,3716,94.865,2014-08-11 03:00:00,96,2014-08-13 00:00:00,3820,94.865,0,
AUDJPY,H1,Research_2015_2024,2014-08-07 00:00:00,2014-08-05 09:00:00,2014-08-06 07:00:00,2014-08-06 16:00:00,95.825,95.569,95.524,95.474,8,ENTRY_B_B_SUPPORT_REACCEL,2014-08-13 05:00:00,3825,3716,94.953,2014-08-13 01:00:00,96,2014-08-13 00:00:00,3820,94.865,5,2014-08-13 01:00:00
AUDJPY,H1,Research_2015_2024,2014-08-07 00:00:00,2014-08-05 09:00:00,2014-08-06 07:00:00,2014-08-06 16:00:00,95.825,95.569,95.524,95.474,8,ENTRY_C_A_AFTER_B,2014-08-15 02:00:00,3870,3716,95.524,2014-08-06 16:00:00,96,2014-08-13 00:00:00,3820,94.865,50,
AUDJPY,H1,Research_2015_2024,2014-09-24 14:00:00,2014-09-21 21:00:00,2014-09-23 05:00:00,2014-09-24 07:00:00,97.512,96.98,96.601,96.517,7,ENTRY_A_B_BREAK,2014-09-30 04:00:00,4640,4547,95.684,2014-09-29 09:00:00,86,2014-09-30 04:00:00,4640,95.684,0,
AUDJPY,H1,Research_2015_2024,2014-09-24 14:00:00,2014-09-21 21:00:00,2014-09-23 05:00:00,2014-09-24 07:00:00,97.512,96.98,96.601,96.517,7,ENTRY_B_B_SUPPORT_REACCEL,2014-09-30 14:00:00,4650,4547,95.838,2014-09-30 05:00:00,86,2014-09-30 04:00:00,4640,95.684,10,2014-09-30 05:00:00
AUDJPY,H1,Research_2015_2024,2014-10-08 18:00:00,2014-10-07 12:00:00,2014-10-08 00:00:00,2014-10-08 11:00:00,95.582,95.412,95.197,95.533,7,ENTRY_A_B_BREAK,2014-10-14 02:00:00,4878,4791,94.309,2014-10-13 13:00:00,80,2014-10-14 02:00:00,4878,94.309,0,
AUDJPY,H1,Research_2015_2024,2014-10-16 22:00:00,2014-10-14 02:00:00,2014-10-15 06:00:00,2014-10-15 20:00:00,94.51,94.009,93.618,93.126,26,ENTRY_A_B_BREAK,2014-10-16 23:00:00,4947,4920,93.295,2014-10-16 17:00:00,1,2014-10-16 23:00:00,4947,93.295,0,
AUDJPY,H1,Research_2015_2024,2014-10-16 22:00:00,2014-10-14 02:00:00,2014-10-15 06:00:00,2014-10-15 20:00:00,94.51,94.009,93.618,93.126,26,ENTRY_B_B_SUPPORT_REACCEL,2014-10-17 01:00:00,4949,4920,93.407,2014-10-17 00:00:00,1,2014-10-16 23:00:00,4947,93.295,2,2014-10-17 00:00:00
AUDJPY,H1,Research_2015_2024,2014-10-16 22:00:00,2014-10-14 02:00:00,2014-10-15 06:00:00,2014-10-15 20:00:00,94.51,94.009,93.618,93.126,26,ENTRY_C_A_AFTER_B,2014-10-17 19:00:00,4967,4920,93.618,2014-10-15 20:00:00,1,2014-10-16 23:00:00,4947,93.295,20,
AUDJPY,H1,Research_2015_2024,2014-11-27 04:00:00,2014-11-21 11:00:00,2014-11-24 02:00:00,2014-11-24 23:00:00,102.841,102.465,102.009,100.864,53,ENTRY_A_B_BREAK,2014-11-27 04:00:00,5647,5594,100.726,2014-11-26 20:00:00,0,2014-11-27 04:00:00,5647,100.726,0,
AUDJPY,H1,Research_2015_2024,2014-11-27 04:00:00,2014-11-21 11:00:00,2014-11-24 02:00:00,2014-11-24 23:00:00,102.841,102.465,102.009,100.864,53,ENTRY_B_B_SUPPORT_REACCEL,2014-11-27 07:00:00,5650,5594,100.883,2014-11-27 05:00:00,0,2014-11-27 04:00:00,5647,100.726,3,2014-11-27 05:00:00
AUDJPY,H1,Research_2015_2024,2015-01-07 21:00:00,2015-01-06 02:00:00,2015-01-06 11:00:00,2015-01-07 13:00:00,97.22,97.024,96.383,96.328,8,ENTRY_A_B_BREAK,2015-01-09 00:00:00,6329,6294,97.252,2015-01-08 09:00:00,27,2015-01-09 00:00:00,6329,97.252,0,
AUDJPY,H1,Research_2015_2024,2015-01-07 21:00:00,2015-01-06 02:00:00,2015-01-06 11:00:00,2015-01-07 13:00:00,97.22,97.024,96.383,96.328,8,ENTRY_C_A_AFTER_B,2015-01-09 00:00:00,6329,6294,96.383,2015-01-07 13:00:00,27,2015-01-09 00:00:00,6329,97.252,0,
AUDJPY,H1,Research_2015_2024,2015-02-10 23:00:00,2015-02-06 17:00:00,2015-02-09 15:00:00,2015-02-10 02:00:00,93.101,92.977,92.9,92.898,21,ENTRY_A_B_BREAK,2015-02-11 01:00:00,6882,6859,92.966,2015-02-10 17:00:00,2,2015-02-11 01:00:00,6882,92.966,0,
AUDJPY,H1,Research_2015_2024,2015-02-10 23:00:00,2015-02-06 17:00:00,2015-02-09 15:00:00,2015-02-10 02:00:00,93.101,92.977,92.9,92.898,21,ENTRY_C_A_AFTER_B,2015-02-11 01:00:00,6882,6859,92.9,2015-02-10 02:00:00,2,2015-02-11 01:00:00,6882,92.966,0,
AUDJPY,H1,Research_2015_2024,2015-02-19 23:00:00,2015-02-17 18:00:00,2015-02-18 19:00:00,2015-02-19 03:00:00,93.366,93.071,92.98,92.756,20,ENTRY_A_B_BREAK,2015-02-20 02:00:00,7051,7028,92.863,2015-02-19 16:00:00,3,2015-02-20 02:00:00,7051,92.863,0,
AUDJPY,H1,Research_2015_2024,2015-02-19 23:00:00,2015-02-17 18:00:00,2015-02-18 19:00:00,2015-02-19 03:00:00,93.366,93.071,92.98,92.756,20,ENTRY_B_B_SUPPORT_REACCEL,2015-02-20 07:00:00,7056,7028,92.879,2015-02-20 04:00:00,3,2015-02-20 02:00:00,7051,92.863,5,2015-02-20 04:00:00
AUDJPY,H1,Research_2015_2024,2015-02-19 23:00:00,2015-02-17 18:00:00,2015-02-18 19:00:00,2015-02-19 03:00:00,93.366,93.071,92.98,92.756,20,ENTRY_C_A_AFTER_B,2015-02-20 07:00:00,7056,7028,92.98,2015-02-19 03:00:00,3,2015-02-20 02:00:00,7051,92.863,5,
AUDJPY,H1,Research_2015_2024,2015-02-20 00:00:00,2015-02-18 19:00:00,2015-02-19 03:00:00,2015-02-19 16:00:00,93.071,92.98,92.863,92.802,8,ENTRY_A_B_BREAK,2015-02-25 01:00:00,7122,7041,93.452,2015-02-22 22:00:00,73,2015-02-25 01:00:00,7122,93.452,0,
AUDJPY,H1,Research_2015_2024,2015-02-20 00:00:00,2015-02-18 19:00:00,2015-02-19 03:00:00,2015-02-19 16:00:00,93.071,92.98,92.863,92.802,8,ENTRY_B_B_SUPPORT_REACCEL,2015-02-25 04:00:00,7125,7041,93.575,2015-02-25 02:00:00,73,2015-02-25 01:00:00,7122,93.452,3,2015-02-25 02:00:00
AUDJPY,H1,Research_2015_2024,2015-02-20 00:00:00,2015-02-18 19:00:00,2015-02-19 03:00:00,2015-02-19 16:00:00,93.071,92.98,92.863,92.802,8,ENTRY_C_A_AFTER_B,2015-02-25 01:00:00,7122,7041,92.863,2015-02-19 16:00:00,73,2015-02-25 01:00:00,7122,93.452,0,
AUDJPY,H1,Research_2015_2024,2015-04-02 13:00:00,2015-03-24 12:00:00,2015-03-26 12:00:00,2015-03-26 21:00:00,94.664,93.5,93.376,90.889,112,ENTRY_A_B_BREAK,2015-04-03 11:00:00,7781,7647,91.031,2015-04-02 13:00:00,22,2015-04-03 11:00:00,7781,91.031,0,
AUDJPY,H1,Research_2015_2024,2015-04-14 13:00:00,2015-04-10 02:00:00,2015-04-10 20:00:00,2015-04-14 01:00:00,93.053,92.423,91.378,91.047,12,ENTRY_A_B_BREAK,2015-04-15 01:00:00,7963,7939,91.173,2015-04-14 15:00:00,12,2015-04-15 01:00:00,7963,91.173,0,
AUDJPY,H1,Research_2015_2024,2015-04-14 13:00:00,2015-04-10 02:00:00,2015-04-10 20:00:00,2015-04-14 01:00:00,93.053,92.423,91.378,91.047,12,ENTRY_C_A_AFTER_B,2015-04-15 19:00:00,7981,7939,91.378,2015-04-14 01:00:00,12,2015-04-15 01:00:00,7963,91.173,18,
AUDJPY,H1,Research_2015_2024,2015-05-21 04:00:00,2015-05-19 05:00:00,2015-05-20 03:00:00,2015-05-20 19:00:00,96.058,95.887,95.753,95.72,9,ENTRY_A_B_BREAK,2015-05-26 02:00:00,8660,8581,95.292,2015-05-25 04:00:00,70,2015-05-26 02:00:00,8660,95.292,0,
AUDJPY,H1,Research_2015_2024,2015-05-21 04:00:00,2015-05-19 05:00:00,2015-05-20 03:00:00,2015-05-20 19:00:00,96.058,95.887,95.753,95.72,9,ENTRY_B_B_SUPPORT_REACCEL,2015-05-26 06:00:00,8664,8581,95.459,2015-05-26 03:00:00,70,2015-05-26 02:00:00,8660,95.292,4,2015-05-26 03:00:00
AUDJPY,H1,Research_2015_2024,2015-05-21 04:00:00,2015-05-19 05:00:00,2015-05-20 03:00:00,2015-05-20 19:00:00,96.058,95.887,95.753,95.72,9,ENTRY_C_A_AFTER_B,2015-05-28 00:00:00,8706,8581,95.753,2015-05-20 19:00:00,70,2015-05-26 02:00:00,8660,95.292,46,
AUDJPY,H1,Research_2015_2024,2015-06-29 17:00:00,2015-06-25 15:00:00,2015-06-26 20:00:00,2015-06-29 02:00:00,95.807,94.847,94.72,94.299,15,ENTRY_A_B_BREAK,2015-07-01 01:00:00,9283,9236,94.45,2015-06-30 13:00:00,32,2015-07-01 01:00:00,9283,94.45,0,
AUDJPY,H1,Research_2015_2024,2015-07-09 05:00:00,2015-07-06 14:00:00,2015-07-07 05:00:00,2015-07-07 19:00:00,92.416,92.021,91.639,90.913,34,ENTRY_A_B_BREAK,2015-07-10 01:00:00,9451,9397,91.02,2015-07-09 06:00:00,20,2015-07-10 01:00:00,9451,91.02,0,
AUDJPY,H1,Research_2015_2024,2015-07-09 05:00:00,2015-07-06 14:00:00,2015-07-07 05:00:00,2015-07-07 19:00:00,92.416,92.021,91.639,90.913,34,ENTRY_C_A_AFTER_B,2015-07-13 06:00:00,9480,9397,91.639,2015-07-07 19:00:00,20,2015-07-10 01:00:00,9451,91.02,29,
AUDJPY,H1,Research_2015_2024,2015-09-30 04:00:00,2015-09-25 17:00:00,2015-09-28 07:00:00,2015-09-29 14:00:00,84.984,84.729,84.299,84.126,14,ENTRY_A_B_BREAK,2015-09-30 08:00:00,10850,10832,84.209,2015-09-30 00:00:00,4,2015-09-30 08:00:00,10850,84.209,0,
AUDJPY,H1,Research_2015_2024,2015-09-30 04:00:00,2015-09-25 17:00:00,2015-09-28 07:00:00,2015-09-29 14:00:00,84.984,84.729,84.299,84.126,14,ENTRY_C_A_AFTER_B,2015-09-30 08:00:00,10850,10832,84.299,2015-09-29 14:00:00,4,2015-09-30 08:00:00,10850,84.209,0,
AUDJPY,H1,Research_2015_2024,2015-09-30 08:00:00,2015-09-28 07:00:00,2015-09-29 14:00:00,2015-09-30 00:00:00,84.729,84.299,84.209,84.582,8,ENTRY_A_B_BREAK,2015-10-06 03:00:00,10941,10842,85.519,2015-10-05 09:00:00,91,2015-10-06 03:00:00,10941,85.519,0,
AUDJPY,H1,Research_2015_2024,2015-09-30 08:00:00,2015-09-28 07:00:00,2015-09-29 14:00:00,2015-09-30 00:00:00,84.729,84.299,84.209,84.582,8,ENTRY_B_B_SUPPORT_REACCEL,2015-10-06 13:00:00,10951,10842,85.744,2015-10-06 09:00:00,91,2015-10-06 03:00:00,10941,85.519,10,2015-10-06 09:00:00
AUDJPY,H1,Research_2015_2024,2015-09-30 08:00:00,2015-09-28 07:00:00,2015-09-29 14:00:00,2015-09-30 00:00:00,84.729,84.299,84.209,84.582,8,ENTRY_C_A_AFTER_B,2015-10-06 03:00:00,10941,10842,84.209,2015-09-30 00:00:00,91,2015-10-06 03:00:00,10941,85.519,0,
AUDJPY,H1,Research_2015_2024,2015-10-29 23:00:00,2015-10-28 17:00:00,2015-10-29 07:00:00,2015-10-29 14:00:00,86.25,85.986,85.925,85.798,9,ENTRY_A_B_BREAK,2015-11-02 21:00:00,11414,11360,86.26,2015-10-30 16:00:00,45,2015-11-02 21:00:00,11414,86.26,0,
AUDJPY,H1,Research_2015_2024,2015-10-29 23:00:00,2015-10-28 17:00:00,2015-10-29 07:00:00,2015-10-29 14:00:00,86.25,85.986,85.925,85.798,9,ENTRY_B_B_SUPPORT_REACCEL,2015-11-03 00:00:00,11417,11360,86.527,2015-11-02 23:00:00,45,2015-11-02 21:00:00,11414,86.26,3,2015-11-02 23:00:00
AUDJPY,H1,Research_2015_2024,2015-10-29 23:00:00,2015-10-28 17:00:00,2015-10-29 07:00:00,2015-10-29 14:00:00,86.25,85.986,85.925,85.798,9,ENTRY_C_A_AFTER_B,2015-11-02 21:00:00,11414,11360,85.925,2015-10-29 14:00:00,45,2015-11-02 21:00:00,11414,86.26,0,
AUDJPY,H1,Research_2015_2024,2015-12-23 05:00:00,2015-12-22 08:00:00,2015-12-22 14:00:00,2015-12-22 21:00:00,87.721,87.679,87.613,87.613,8,ENTRY_A_B_BREAK,2015-12-29 13:00:00,12376,12278,87.658,2015-12-24 02:00:00,90,2015-12-29 13:00:00,12376,87.658,0,
AUDJPY,H1,Research_2015_2024,2015-12-23 05:00:00,2015-12-22 08:00:00,2015-12-22 14:00:00,2015-12-22 21:00:00,87.721,87.679,87.613,87.613,8,ENTRY_C_A_AFTER_B,2015-12-29 13:00:00,12376,12278,87.613,2015-12-22 21:00:00,90,2015-12-29 13:00:00,12376,87.658,0,
AUDJPY,H1,Research_2015_2024,2016-01-12 12:00:00,2016-01-08 01:00:00,2016-01-11 13:00:00,2016-01-12 01:00:00,83.883,83.02,82.625,82.556,11,ENTRY_A_B_BREAK,2016-01-13 01:00:00,12584,12560,82.774,2016-01-12 14:00:00,13,2016-01-13 01:00:00,12584,82.774,0,
AUDJPY,H1,Research_2015_2024,2016-01-12 12:00:00,2016-01-08 01:00:00,2016-01-11 13:00:00,2016-01-12 01:00:00,83.883,83.02,82.625,82.556,11,ENTRY_B_B_SUPPORT_REACCEL,2016-01-13 08:00:00,12591,12560,83.133,2016-01-13 06:00:00,13,2016-01-13 01:00:00,12584,82.774,7,2016-01-13 06:00:00
AUDJPY,H1,Research_2015_2024,2016-01-12 12:00:00,2016-01-08 01:00:00,2016-01-11 13:00:00,2016-01-12 01:00:00,83.883,83.02,82.625,82.556,11,ENTRY_C_A_AFTER_B,2016-01-13 01:00:00,12584,12560,82.625,2016-01-12 01:00:00,13,2016-01-13 01:00:00,12584,82.774,0,
AUDJPY,H1,Research_2015_2024,2016-01-26 09:00:00,2016-01-25 04:00:00,2016-01-25 15:00:00,2016-01-26 02:00:00,83.49,82.948,82.401,82.36,7,ENTRY_A_B_BREAK,2016-01-27 06:00:00,12829,12801,83.263,2016-01-26 17:00:00,21,2016-01-27 06:00:00,12829,83.263,0,
AUDJPY,H1,Research_2015_2024,2016-01-26 09:00:00,2016-01-25 04:00:00,2016-01-25 15:00:00,2016-01-26 02:00:00,83.49,82.948,82.401,82.36,7,ENTRY_C_A_AFTER_B,2016-01-27 06:00:00,12829,12801,82.401,2016-01-26 02:00:00,21,2016-01-27 06:00:00,12829,83.263,0,
AUDJPY,H1,Research_2015_2024,2016-04-12 08:00:00,2016-03-31 14:00:00,2016-04-01 00:00:00,2016-04-01 09:00:00,86.701,86.473,86.305,82.864,167,ENTRY_A_B_BREAK,2016-04-12 08:00:00,14128,13961,82.467,2016-04-08 07:00:00,0,2016-04-12 08:00:00,14128,82.467,0,
AUDJPY,H1,Research_2015_2024,2016-06-14 01:00:00,2016-06-08 21:00:00,2016-06-09 19:00:00,2016-06-10 13:00:00,80.274,79.742,79.292,78.42,36,ENTRY_A_B_BREAK,2016-06-15 06:00:00,15230,15165,78.345,2016-06-14 13:00:00,29,2016-06-15 06:00:00,15230,78.345,0,
AUDJPY,H1,Research_2015_2024,2016-06-14 01:00:00,2016-06-08 21:00:00,2016-06-09 19:00:00,2016-06-10 13:00:00,80.274,79.742,79.292,78.42,36,ENTRY_B_B_SUPPORT_REACCEL,2016-06-15 08:00:00,15232,15165,78.503,2016-06-15 07:00:00,29,2016-06-15 06:00:00,15230,78.345,2,2016-06-15 07:00:00
AUDJPY,H1,Research_2015_2024,2016-06-15 02:00:00,2016-06-14 00:00:00,2016-06-14 13:00:00,2016-06-14 20:00:00,78.562,78.345,78.137,78.248,6,ENTRY_A_B_BREAK,2016-06-19 21:00:00,15293,15220,77.534,2016-06-17 01:00:00,67,2016-06-19 21:00:00,15293,77.534,0,
AUDJPY,H1,Research_2015_2024,2016-06-15 02:00:00,2016-06-14 00:00:00,2016-06-14 13:00:00,2016-06-14 20:00:00,78.562,78.345,78.137,78.248,6,ENTRY_C_A_AFTER_B,2016-06-21 07:00:00,15327,15220,78.137,2016-06-14 20:00:00,67,2016-06-19 21:00:00,15293,77.534,34,
AUDJPY,H1,Research_2015_2024,2016-07-06 13:00:00,2016-07-04 14:00:00,2016-07-05 20:00:00,2016-07-06 07:00:00,77.402,75.955,75.524,75.517,6,ENTRY_A_B_BREAK,2016-07-11 04:00:00,15660,15591,76.252,2016-07-10 22:00:00,63,2016-07-11 04:00:00,15660,76.252,0,
AUDJPY,H1,Research_2015_2024,2016-07-06 13:00:00,2016-07-04 14:00:00,2016-07-05 20:00:00,2016-07-06 07:00:00,77.402,75.955,75.524,75.517,6,ENTRY_C_A_AFTER_B,2016-07-11 04:00:00,15660,15591,75.524,2016-07-06 07:00:00,63,2016-07-11 04:00:00,15660,76.252,0,
AUDJPY,H1,Research_2015_2024,2016-08-03 15:00:00,2016-08-02 02:00:00,2016-08-02 12:00:00,2016-08-03 02:00:00,77.47,77.346,77.081,76.917,13,ENTRY_A_B_BREAK,2016-08-04 00:00:00,16088,16066,77.051,2016-08-03 14:00:00,9,2016-08-04 00:00:00,16088,77.051,0,
AUDJPY,H1,Research_2015_2024,2016-08-03 15:00:00,2016-08-02 02:00:00,2016-08-02 12:00:00,2016-08-03 02:00:00,77.47,77.346,77.081,76.917,13,ENTRY_C_A_AFTER_B,2016-08-04 00:00:00,16088,16066,77.081,2016-08-03 02:00:00,9,2016-08-04 00:00:00,16088,77.051,0,
AUDJPY,H1,Research_2015_2024,2016-08-23 14:00:00,2016-08-22 08:00:00,2016-08-22 21:00:00,2016-08-23 08:00:00,76.773,76.685,76.636,76.643,6,ENTRY_A_B_BREAK,2016-08-25 02:00:00,16450,16408,76.622,2016-08-24 13:00:00,36,2016-08-25 02:00:00,16450,76.622,0,
AUDJPY,H1,Research_2015_2024,2016-08-23 14:00:00,2016-08-22 08:00:00,2016-08-22 21:00:00,2016-08-23 08:00:00,76.773,76.685,76.636,76.643,6,ENTRY_C_A_AFTER_B,2016-08-25 22:00:00,16470,16408,76.636,2016-08-23 08:00:00,36,2016-08-25 02:00:00,16450,76.622,20,
AUDJPY,H1,Research_2015_2024,2016-09-18 23:00:00,2016-09-15 15:00:00,2016-09-16 02:00:00,2016-09-16 16:00:00,76.893,76.834,76.696,76.749,7,ENTRY_A_B_BREAK,2016-09-21 04:00:00,16908,16848,77.028,2016-09-19 07:00:00,53,2016-09-21 04:00:00,16908,77.028,0,
AUDJPY,H1,Research_2015_2024,2016-09-18 23:00:00,2016-09-15 15:00:00,2016-09-16 02:00:00,2016-09-16 16:00:00,76.893,76.834,76.696,76.749,7,ENTRY_C_A_AFTER_B,2016-09-21 04:00:00,16908,16848,76.696,2016-09-16 16:00:00,53,2016-09-21 04:00:00,16908,77.028,0,
AUDJPY,H1,Research_2015_2024,2016-09-27 01:00:00,2016-09-23 13:00:00,2016-09-26 05:00:00,2016-09-26 13:00:00,77.082,76.98,76.856,76.989,12,ENTRY_A_B_BREAK,2016-09-28 22:00:00,17046,16989,77.497,2016-09-27 06:00:00,45,2016-09-28 22:00:00,17046,77.497,0,
AUDJPY,H1,Research_2015_2024,2016-09-27 01:00:00,2016-09-23 13:00:00,2016-09-26 05:00:00,2016-09-26 13:00:00,77.082,76.98,76.856,76.989,12,ENTRY_B_B_SUPPORT_REACCEL,2016-09-29 00:00:00,17048,16989,77.701,2016-09-28 23:00:00,45,2016-09-28 22:00:00,17046,77.497,2,2016-09-28 23:00:00
AUDJPY,H1,Research_2015_2024,2016-09-27 01:00:00,2016-09-23 13:00:00,2016-09-26 05:00:00,2016-09-26 13:00:00,77.082,76.98,76.856,76.989,12,ENTRY_C_A_AFTER_B,2016-09-28 22:00:00,17046,16989,76.856,2016-09-26 13:00:00,45,2016-09-28 22:00:00,17046,77.497,0,
AUDJPY,H1,Research_2015_2024,2016-10-12 12:00:00,2016-10-10 15:00:00,2016-10-11 00:00:00,2016-10-12 06:00:00,78.978,78.916,78.637,78.593,6,ENTRY_A_B_BREAK,2016-10-14 00:00:00,17312,17270,78.518,2016-10-13 11:00:00,36,2016-10-14 00:00:00,17312,78.518,0,
AUDJPY,H1,Research_2015_2024,2016-10-12 12:00:00,2016-10-10 15:00:00,2016-10-11 00:00:00,2016-10-12 06:00:00,78.978,78.916,78.637,78.593,6,ENTRY_B_B_SUPPORT_REACCEL,2016-10-14 07:00:00,17319,17270,79.009,2016-10-14 01:00:00,36,2016-10-14 00:00:00,17312,78.518,7,2016-10-14 01:00:00
AUDJPY,H1,Research_2015_2024,2016-10-12 12:00:00,2016-10-10 15:00:00,2016-10-11 00:00:00,2016-10-12 06:00:00,78.978,78.916,78.637,78.593,6,ENTRY_C_A_AFTER_B,2016-10-14 01:00:00,17313,17270,78.637,2016-10-12 06:00:00,36,2016-10-14 00:00:00,17312,78.518,1,
AUDJPY,H1,Research_2015_2024,2016-10-27 15:00:00,2016-10-26 02:00:00,2016-10-27 00:00:00,2016-10-27 08:00:00,80.312,80.032,79.92,79.968,7,ENTRY_A_B_BREAK,2016-10-31 15:00:00,17591,17536,79.93,2016-10-31 08:00:00,48,2016-10-31 15:00:00,17591,79.93,0,
AUDJPY,H1,Research_2015_2024,2016-10-27 15:00:00,2016-10-26 02:00:00,2016-10-27 00:00:00,2016-10-27 08:00:00,80.312,80.032,79.92,79.968,7,ENTRY_C_A_AFTER_B,2016-10-31 15:00:00,17591,17536,79.92,2016-10-27 08:00:00,48,2016-10-31 15:00:00,17591,79.93,0,
AUDJPY,H1,Research_2015_2024,2016-12-27 07:00:00,2016-12-22 14:00:00,2016-12-22 23:00:00,2016-12-26 10:00:00,85.0,84.914,84.556,84.383,21,ENTRY_A_B_BREAK,2016-12-28 01:00:00,18584,18545,84.601,2016-12-27 15:00:00,18,2016-12-28 01:00:00,18584,84.601,0,
AUDJPY,H1,Research_2015_2024,2016-12-27 07:00:00,2016-12-22 14:00:00,2016-12-22 23:00:00,2016-12-26 10:00:00,85.0,84.914,84.556,84.383,21,ENTRY_C_A_AFTER_B,2016-12-28 01:00:00,18584,18545,84.556,2016-12-26 10:00:00,18,2016-12-28 01:00:00,18584,84.601,0,
AUDJPY,H1,Research_2015_2024,2017-01-24 08:00:00,2017-01-20 16:00:00,2017-01-23 14:00:00,2017-01-24 02:00:00,86.883,86.27,85.858,85.69,6,ENTRY_A_B_BREAK,2017-01-26 09:00:00,19096,19041,86.013,2017-01-25 17:00:00,49,2017-01-26 09:00:00,19096,86.013,0,
AUDJPY,H1,Research_2015_2024,2017-01-24 08:00:00,2017-01-20 16:00:00,2017-01-23 14:00:00,2017-01-24 02:00:00,86.883,86.27,85.858,85.69,6,ENTRY_B_B_SUPPORT_REACCEL,2017-01-26 15:00:00,19102,19041,86.192,2017-01-26 14:00:00,49,2017-01-26 09:00:00,19096,86.013,6,2017-01-26 14:00:00
AUDJPY,H1,Research_2015_2024,2017-01-24 08:00:00,2017-01-20 16:00:00,2017-01-23 14:00:00,2017-01-24 02:00:00,86.883,86.27,85.858,85.69,6,ENTRY_C_A_AFTER_B,2017-01-26 09:00:00,19096,19041,85.858,2017-01-24 02:00:00,49,2017-01-26 09:00:00,19096,86.013,0,
AUDJPY,H1,Research_2015_2024,2017-04-16 21:00:00,2017-04-13 14:00:00,2017-04-14 02:00:00,2017-04-14 12:00:00,82.897,82.693,82.492,82.349,9,ENTRY_A_B_BREAK,2017-04-20 07:00:00,20535,20444,81.852,2017-04-20 01:00:00,82,2017-04-20 07:00:00,20535,81.852,0,
AUDJPY,H1,Research_2015_2024,2017-04-16 21:00:00,2017-04-13 14:00:00,2017-04-14 02:00:00,2017-04-14 12:00:00,82.897,82.693,82.492,82.349,9,ENTRY_C_A_AFTER_B,2017-04-23 21:00:00,20573,20444,82.492,2017-04-14 12:00:00,82,2017-04-20 07:00:00,20535,81.852,38,
AUDJPY,H1,Research_2015_2024,2017-05-18 23:00:00,2017-05-16 13:00:00,2017-05-18 06:00:00,2017-05-18 17:00:00,84.401,83.081,82.852,82.69,6,ENTRY_A_B_BREAK,2017-05-23 12:00:00,21092,21025,83.419,2017-05-19 08:00:00,61,2017-05-23 12:00:00,21092,83.419,0,
AUDJPY,H1,Research_2015_2024,2017-05-18 23:00:00,2017-05-16 13:00:00,2017-05-18 06:00:00,2017-05-18 17:00:00,84.401,83.081,82.852,82.69,6,ENTRY_C_A_AFTER_B,2017-05-23 12:00:00,21092,21025,82.852,2017-05-18 17:00:00,61,2017-05-23 12:00:00,21092,83.419,0,
AUDJPY,H1,Research_2015_2024,2017-06-19 15:00:00,2017-06-16 11:00:00,2017-06-19 01:00:00,2017-06-19 07:00:00,84.808,84.738,84.675,84.657,8,ENTRY_A_B_BREAK,2017-06-23 05:00:00,21637,21543,84.089,2017-06-22 15:00:00,86,2017-06-23 05:00:00,21637,84.089,0,
AUDJPY,H1,Research_2015_2024,2017-06-19 15:00:00,2017-06-16 11:00:00,2017-06-19 01:00:00,2017-06-19 07:00:00,84.808,84.738,84.675,84.657,8,ENTRY_B_B_SUPPORT_REACCEL,2017-06-23 07:00:00,21639,21543,84.211,2017-06-23 06:00:00,86,2017-06-23 05:00:00,21637,84.089,2,2017-06-23 06:00:00
AUDJPY,H1,Research_2015_2024,2017-06-19 15:00:00,2017-06-16 11:00:00,2017-06-19 01:00:00,2017-06-19 07:00:00,84.808,84.738,84.675,84.657,8,ENTRY_C_A_AFTER_B,2017-06-26 13:00:00,21669,21543,84.675,2017-06-19 07:00:00,86,2017-06-23 05:00:00,21637,84.089,32,
AUDJPY,H1,Research_2015_2024,2017-07-24 04:00:00,2017-07-20 19:00:00,2017-07-21 09:00:00,2017-07-23 21:00:00,89.147,88.565,88.147,87.971,7,ENTRY_A_B_BREAK,2017-07-25 09:00:00,22169,22133,88.267,2017-07-24 13:00:00,29,2017-07-25 09:00:00,22169,88.267,0,
AUDJPY,H1,Research_2015_2024,2017-07-24 04:00:00,2017-07-20 19:00:00,2017-07-21 09:00:00,2017-07-23 21:00:00,89.147,88.565,88.147,87.971,7,ENTRY_B_B_SUPPORT_REACCEL,2017-07-25 11:00:00,22171,22133,88.402,2017-07-25 10:00:00,29,2017-07-25 09:00:00,22169,88.267,2,2017-07-25 10:00:00
AUDJPY,H1,Research_2015_2024,2017-07-24 04:00:00,2017-07-20 19:00:00,2017-07-21 09:00:00,2017-07-23 21:00:00,89.147,88.565,88.147,87.971,7,ENTRY_C_A_AFTER_B,2017-07-25 09:00:00,22169,22133,88.147,2017-07-23 21:00:00,29,2017-07-25 09:00:00,22169,88.267,0,
AUDJPY,H1,Research_2015_2024,2017-09-06 14:00:00,2017-09-05 14:00:00,2017-09-06 01:00:00,2017-09-06 08:00:00,87.612,87.192,86.914,86.96,6,ENTRY_A_B_BREAK,2017-09-08 02:00:00,22954,22912,87.508,2017-09-06 18:00:00,36,2017-09-08 02:00:00,22954,87.508,0,
AUDJPY,H1,Research_2015_2024,2017-09-06 14:00:00,2017-09-05 14:00:00,2017-09-06 01:00:00,2017-09-06 08:00:00,87.612,87.192,86.914,86.96,6,ENTRY_C_A_AFTER_B,2017-09-08 02:00:00,22954,22912,86.914,2017-09-06 08:00:00,36,2017-09-08 02:00:00,22954,87.508,0,
AUDJPY,H1,Research_2015_2024,2017-10-10 05:00:00,2017-10-05 16:00:00,2017-10-06 01:00:00,2017-10-06 12:00:00,88.032,87.988,87.922,87.724,41,ENTRY_A_B_BREAK,2017-10-10 05:00:00,23485,23444,87.529,2017-10-09 16:00:00,0,2017-10-10 05:00:00,23485,87.529,0,
AUDJPY,H1,Research_2015_2024,2017-10-10 05:00:00,2017-10-05 16:00:00,2017-10-06 01:00:00,2017-10-06 12:00:00,88.032,87.988,87.922,87.724,41,ENTRY_C_A_AFTER_B,2017-10-12 15:00:00,23543,23444,87.922,2017-10-06 12:00:00,0,2017-10-10 05:00:00,23485,87.529,58,
AUDJPY,H1,Research_2015_2024,2017-10-26 03:00:00,2017-10-24 22:00:00,2017-10-25 11:00:00,2017-10-25 21:00:00,88.666,88.083,87.646,87.526,6,ENTRY_A_B_BREAK,2017-10-31 15:00:00,23855,23765,87.076,2017-10-30 23:00:00,84,2017-10-31 15:00:00,23855,87.076,0,
AUDJPY,H1,Research_2015_2024,2017-10-26 03:00:00,2017-10-24 22:00:00,2017-10-25 11:00:00,2017-10-25 21:00:00,88.666,88.083,87.646,87.526,6,ENTRY_C_A_AFTER_B,2017-11-01 13:00:00,23877,23765,87.646,2017-10-25 21:00:00,84,2017-10-31 15:00:00,23855,87.076,22,
AUDJPY,H1,Research_2015_2024,2017-11-06 19:00:00,2017-11-02 16:00:00,2017-11-06 01:00:00,2017-11-06 12:00:00,88.097,87.657,87.526,87.475,7,ENTRY_A_B_BREAK,2017-11-08 07:00:00,23990,23947,87.176,2017-11-07 22:00:00,36,2017-11-08 07:00:00,23990,87.176,0,
AUDJPY,H1,Research_2015_2024,2017-11-06 19:00:00,2017-11-02 16:00:00,2017-11-06 01:00:00,2017-11-06 12:00:00,88.097,87.657,87.526,87.475,7,ENTRY_C_A_AFTER_B,2017-11-09 02:00:00,24009,23947,87.526,2017-11-06 12:00:00,36,2017-11-08 07:00:00,23990,87.176,19,
AUDJPY,H1,Research_2015_2024,2017-11-13 02:00:00,2017-11-09 03:00:00,2017-11-10 07:00:00,2017-11-10 20:00:00,87.667,87.251,87.026,86.966,6,ENTRY_A_B_BREAK,2017-11-16 04:00:00,24131,24051,85.83,2017-11-15 16:00:00,74,2017-11-16 04:00:00,24131,85.83,0,
AUDJPY,H1,Research_2015_2024,2017-11-13 02:00:00,2017-11-09 03:00:00,2017-11-10 07:00:00,2017-11-10 20:00:00,87.667,87.251,87.026,86.966,6,ENTRY_B_B_SUPPORT_REACCEL,2017-11-16 08:00:00,24135,24051,85.917,2017-11-16 05:00:00,74,2017-11-16 04:00:00,24131,85.83,4,2017-11-16 05:00:00
AUDJPY,H1,Research_2015_2024,2017-11-23 03:00:00,2017-11-21 12:00:00,2017-11-22 13:00:00,2017-11-22 21:00:00,85.313,84.953,84.78,84.741,6,ENTRY_A_B_BREAK,2017-11-24 04:00:00,24275,24244,84.934,2017-11-23 10:00:00,25,2017-11-24 04:00:00,24275,84.934,0,
AUDJPY,H1,Research_2015_2024,2017-11-23 03:00:00,2017-11-21 12:00:00,2017-11-22 13:00:00,2017-11-22 21:00:00,85.313,84.953,84.78,84.741,6,ENTRY_C_A_AFTER_B,2017-11-24 04:00:00,24275,24244,84.78,2017-11-22 21:00:00,25,2017-11-24 04:00:00,24275,84.934,0,
AUDJPY,H1,Research_2015_2024,2017-12-29 00:00:00,2017-12-27 18:00:00,2017-12-28 04:00:00,2017-12-28 15:00:00,88.146,88.111,88.028,88.042,9,ENTRY_A_B_BREAK,2018-01-02 02:00:00,24882,24847,88.156,2017-12-29 15:00:00,26,2018-01-02 02:00:00,24882,88.156,0,
AUDJPY,H1,Research_2015_2024,2017-12-29 00:00:00,2017-12-27 18:00:00,2017-12-28 04:00:00,2017-12-28 15:00:00,88.146,88.111,88.028,88.042,9,ENTRY_B_B_SUPPORT_REACCEL,2018-01-02 04:00:00,24884,24847,88.289,2018-01-02 03:00:00,26,2018-01-02 02:00:00,24882,88.156,2,2018-01-02 03:00:00
AUDJPY,H1,Research_2015_2024,2017-12-29 00:00:00,2017-12-27 18:00:00,2017-12-28 04:00:00,2017-12-28 15:00:00,88.146,88.111,88.028,88.042,9,ENTRY_C_A_AFTER_B,2018-01-02 02:00:00,24882,24847,88.028,2017-12-28 15:00:00,26,2018-01-02 02:00:00,24882,88.156,0,
AUDJPY,H1,Research_2015_2024,2018-02-12 03:00:00,2018-02-06 22:00:00,2018-02-08 07:00:00,2018-02-09 13:00:00,86.728,85.985,85.443,85.176,14,ENTRY_A_B_BREAK,2018-02-12 17:00:00,25593,25565,85.203,2018-02-12 04:00:00,14,2018-02-12 17:00:00,25593,85.203,0,
AUDJPY,H1,Research_2015_2024,2018-02-12 03:00:00,2018-02-06 22:00:00,2018-02-08 07:00:00,2018-02-09 13:00:00,86.728,85.985,85.443,85.176,14,ENTRY_B_B_SUPPORT_REACCEL,2018-02-12 21:00:00,25597,25565,85.357,2018-02-12 18:00:00,14,2018-02-12 17:00:00,25593,85.203,4,2018-02-12 18:00:00
AUDJPY,H1,Research_2015_2024,2018-02-12 03:00:00,2018-02-06 22:00:00,2018-02-08 07:00:00,2018-02-09 13:00:00,86.728,85.985,85.443,85.176,14,ENTRY_C_A_AFTER_B,2018-02-12 22:00:00,25598,25565,85.443,2018-02-09 13:00:00,14,2018-02-12 17:00:00,25593,85.203,5,
AUDJPY,H1,Research_2015_2024,2018-02-20 00:00:00,2018-02-14 20:00:00,2018-02-15 08:00:00,2018-02-16 09:00:00,84.889,84.814,84.663,84.535,39,ENTRY_A_B_BREAK,2018-02-20 00:00:00,25720,25681,84.505,2018-02-19 09:00:00,0,2018-02-20 00:00:00,25720,84.505,0,
AUDJPY,H1,Research_2015_2024,2018-02-20 00:00:00,2018-02-14 20:00:00,2018-02-15 08:00:00,2018-02-16 09:00:00,84.889,84.814,84.663,84.535,39,ENTRY_C_A_AFTER_B,2018-02-20 06:00:00,25726,25681,84.663,2018-02-16 09:00:00,0,2018-02-20 00:00:00,25720,84.505,6,
AUDJPY,H1,Research_2015_2024,2018-03-06 11:00:00,2018-02-27 02:00:00,2018-02-27 08:00:00,2018-02-27 16:00:00,84.163,84.089,84.02,83.007,115,ENTRY_A_B_BREAK,2018-03-06 11:00:00,25971,25856,82.883,2018-03-06 02:00:00,0,2018-03-06 11:00:00,25971,82.883,0,
AUDJPY,H1,Research_2015_2024,2018-03-06 11:00:00,2018-02-27 02:00:00,2018-02-27 08:00:00,2018-02-27 16:00:00,84.163,84.089,84.02,83.007,115,ENTRY_C_A_AFTER_B,2018-03-11 23:00:00,26056,25856,84.02,2018-02-27 16:00:00,0,2018-03-06 11:00:00,25971,82.883,85,
AUDJPY,H1,Research_2015_2024,2018-04-09 15:00:00,2018-04-05 16:00:00,2018-04-06 09:00:00,2018-04-09 06:00:00,82.646,82.58,82.463,82.516,9,ENTRY_A_B_BREAK,2018-04-10 02:00:00,26563,26543,82.581,2018-04-09 16:00:00,11,2018-04-10 02:00:00,26563,82.581,0,
AUDJPY,H1,Research_2015_2024,2018-04-09 15:00:00,2018-04-05 16:00:00,2018-04-06 09:00:00,2018-04-09 06:00:00,82.646,82.58,82.463,82.516,9,ENTRY_B_B_SUPPORT_REACCEL,2018-04-10 14:00:00,26575,26543,82.912,2018-04-10 08:00:00,11,2018-04-10 02:00:00,26563,82.581,12,2018-04-10 08:00:00
AUDJPY,H1,Research_2015_2024,2018-04-09 15:00:00,2018-04-05 16:00:00,2018-04-06 09:00:00,2018-04-09 06:00:00,82.646,82.58,82.463,82.516,9,ENTRY_C_A_AFTER_B,2018-04-10 02:00:00,26563,26543,82.463,2018-04-09 06:00:00,11,2018-04-10 02:00:00,26563,82.581,0,
AUDJPY,H1,Research_2015_2024,2018-04-18 01:00:00,2018-04-16 14:00:00,2018-04-16 22:00:00,2018-04-17 07:00:00,83.448,83.383,83.335,83.289,18,ENTRY_A_B_BREAK,2018-04-18 14:00:00,26719,26688,83.436,2018-04-18 05:00:00,13,2018-04-18 14:00:00,26719,83.436,0,
AUDJPY,H1,Research_2015_2024,2018-04-18 01:00:00,2018-04-16 14:00:00,2018-04-16 22:00:00,2018-04-17 07:00:00,83.448,83.383,83.335,83.289,18,ENTRY_B_B_SUPPORT_REACCEL,2018-04-18 23:00:00,26728,26688,83.572,2018-04-18 15:00:00,13,2018-04-18 14:00:00,26719,83.436,9,2018-04-18 15:00:00
AUDJPY,H1,Research_2015_2024,2018-04-18 01:00:00,2018-04-16 14:00:00,2018-04-16 22:00:00,2018-04-17 07:00:00,83.448,83.383,83.335,83.289,18,ENTRY_C_A_AFTER_B,2018-04-18 14:00:00,26719,26688,83.335,2018-04-17 07:00:00,13,2018-04-18 14:00:00,26719,83.436,0,
AUDJPY,H1,Research_2015_2024,2018-05-10 12:00:00,2018-05-02 07:00:00,2018-05-02 18:00:00,2018-05-03 10:00:00,82.651,82.614,82.576,82.363,122,ENTRY_A_B_BREAK,2018-05-10 12:00:00,27101,26979,81.49,2018-05-09 01:00:00,0,2018-05-10 12:00:00,27101,81.49,0,
AUDJPY,H1,Research_2015_2024,2018-05-10 12:00:00,2018-05-02 07:00:00,2018-05-02 18:00:00,2018-05-03 10:00:00,82.651,82.614,82.576,82.363,122,ENTRY_C_A_AFTER_B,2018-05-11 09:00:00,27122,26979,82.576,2018-05-03 10:00:00,0,2018-05-10 12:00:00,27101,81.49,21,
AUDJPY,H1,Research_2015_2024,2018-05-16 13:00:00,2018-05-14 13:00:00,2018-05-15 01:00:00,2018-05-15 09:00:00,82.788,82.704,82.669,82.77,28,ENTRY_A_B_BREAK,2018-05-16 20:00:00,27205,27170,82.925,2018-05-16 14:00:00,7,2018-05-16 20:00:00,27205,82.925,0,
AUDJPY,H1,Research_2015_2024,2018-05-16 13:00:00,2018-05-14 13:00:00,2018-05-15 01:00:00,2018-05-15 09:00:00,82.788,82.704,82.669,82.77,28,ENTRY_B_B_SUPPORT_REACCEL,2018-05-17 01:00:00,27210,27170,83.008,2018-05-16 22:00:00,7,2018-05-16 20:00:00,27205,82.925,5,2018-05-16 22:00:00
AUDJPY,H1,Research_2015_2024,2018-05-16 13:00:00,2018-05-14 13:00:00,2018-05-15 01:00:00,2018-05-15 09:00:00,82.788,82.704,82.669,82.77,28,ENTRY_C_A_AFTER_B,2018-05-16 20:00:00,27205,27170,82.669,2018-05-15 09:00:00,7,2018-05-16 20:00:00,27205,82.925,0,
AUDJPY,H1,Research_2015_2024,2018-05-24 17:00:00,2018-05-22 07:00:00,2018-05-23 23:00:00,2018-05-24 08:00:00,84.477,83.329,83.027,82.848,9,ENTRY_A_B_BREAK,2018-05-25 08:00:00,27361,27337,83.092,2018-05-25 01:00:00,15,2018-05-25 08:00:00,27361,83.092,0,
AUDJPY,H1,Research_2015_2024,2018-05-24 17:00:00,2018-05-22 07:00:00,2018-05-23 23:00:00,2018-05-24 08:00:00,84.477,83.329,83.027,82.848,9,ENTRY_C_A_AFTER_B,2018-05-25 08:00:00,27361,27337,83.027,2018-05-24 08:00:00,15,2018-05-25 08:00:00,27361,83.092,0,
AUDJPY,H1,Research_2015_2024,2018-06-10 22:00:00,2018-06-07 12:00:00,2018-06-08 01:00:00,2018-06-08 16:00:00,84.265,83.778,83.27,83.085,6,ENTRY_A_B_BREAK,2018-06-11 22:00:00,27639,27609,83.785,2018-06-11 07:00:00,24,2018-06-11 22:00:00,27639,83.785,0,
AUDJPY,H1,Research_2015_2024,2018-06-10 22:00:00,2018-06-07 12:00:00,2018-06-08 01:00:00,2018-06-08 16:00:00,84.265,83.778,83.27,83.085,6,ENTRY_B_B_SUPPORT_REACCEL,2018-06-12 04:00:00,27645,27609,84.007,2018-06-11 23:00:00,24,2018-06-11 22:00:00,27639,83.785,6,2018-06-11 23:00:00
AUDJPY,H1,Research_2015_2024,2018-06-10 22:00:00,2018-06-07 12:00:00,2018-06-08 01:00:00,2018-06-08 16:00:00,84.265,83.778,83.27,83.085,6,ENTRY_C_A_AFTER_B,2018-06-11 22:00:00,27639,27609,83.27,2018-06-08 16:00:00,24,2018-06-11 22:00:00,27639,83.785,0,
AUDJPY,H1,Research_2015_2024,2018-06-15 11:00:00,2018-06-13 16:00:00,2018-06-14 13:00:00,2018-06-15 05:00:00,83.988,83.371,82.844,82.728,6,ENTRY_A_B_BREAK,2018-06-19 23:00:00,27784,27718,81.288,2018-06-19 15:00:00,60,2018-06-19 23:00:00,27784,81.288,0,
AUDJPY,H1,Research_2015_2024,2018-08-17 18:00:00,2018-08-16 16:00:00,2018-08-17 01:00:00,2018-08-17 08:00:00,80.827,80.724,80.689,80.923,10,ENTRY_A_B_BREAK,2018-08-21 03:00:00,28844,28801,80.971,2018-08-17 19:00:00,33,2018-08-21 03:00:00,28844,80.971,0,
AUDJPY,H1,Research_2015_2024,2018-08-17 18:00:00,2018-08-16 16:00:00,2018-08-17 01:00:00,2018-08-17 08:00:00,80.827,80.724,80.689,80.923,10,ENTRY_B_B_SUPPORT_REACCEL,2018-08-21 08:00:00,28849,28801,81.073,2018-08-21 04:00:00,33,2018-08-21 03:00:00,28844,80.971,5,2018-08-21 04:00:00
AUDJPY,H1,Research_2015_2024,2018-08-17 18:00:00,2018-08-16 16:00:00,2018-08-17 01:00:00,2018-08-17 08:00:00,80.827,80.724,80.689,80.923,10,ENTRY_C_A_AFTER_B,2018-08-21 03:00:00,28844,28801,80.689,2018-08-17 08:00:00,33,2018-08-21 03:00:00,28844,80.971,0,
AUDJPY,H1,Research_2015_2024,2018-09-12 15:00:00,2018-09-05 13:00:00,2018-09-06 00:00:00,2018-09-06 12:00:00,80.378,80.286,80.213,79.691,99,ENTRY_A_B_BREAK,2018-09-12 15:00:00,29240,29141,78.994,2018-09-10 00:00:00,0,2018-09-12 15:00:00,29240,78.994,0,
AUDJPY,H1,Research_2015_2024,2018-09-12 15:00:00,2018-09-05 13:00:00,2018-09-06 00:00:00,2018-09-06 12:00:00,80.378,80.286,80.213,79.691,99,ENTRY_C_A_AFTER_B,2018-09-13 12:00:00,29261,29141,80.213,2018-09-06 12:00:00,0,2018-09-12 15:00:00,29240,78.994,21,
AUDJPY,H1,Research_2015_2024,2018-10-12 03:00:00,2018-10-10 05:00:00,2018-10-10 13:00:00,2018-10-11 14:00:00,80.595,80.5,80.152,80.066,13,ENTRY_A_B_BREAK,2018-10-16 13:00:00,29814,29743,80.141,2018-10-12 05:00:00,58,2018-10-16 13:00:00,29814,80.141,0,
AUDJPY,H1,Research_2015_2024,2018-10-12 03:00:00,2018-10-10 05:00:00,2018-10-10 13:00:00,2018-10-11 14:00:00,80.595,80.5,80.152,80.066,13,ENTRY_C_A_AFTER_B,2018-10-16 13:00:00,29814,29743,80.152,2018-10-11 14:00:00,58,2018-10-16 13:00:00,29814,80.141,0,
AUDJPY,H1,Research_2015_2024,2018-12-06 23:00:00,2018-12-05 00:00:00,2018-12-05 14:00:00,2018-12-05 21:00:00,82.993,82.542,82.322,81.533,26,ENTRY_A_B_BREAK,2018-12-07 03:00:00,30715,30685,81.591,2018-12-06 20:00:00,4,2018-12-07 03:00:00,30715,81.591,0,
AUDJPY,H1,Research_2015_2024,2018-12-21 06:00:00,2018-12-19 01:00:00,2018-12-20 01:00:00,2018-12-20 11:00:00,81.014,80.207,79.842,79.239,19,ENTRY_A_B_BREAK,2018-12-26 11:00:00,31021,30939,78.056,2018-12-26 01:00:00,63,2018-12-26 11:00:00,31021,78.056,0,
AUDJPY,H1,Research_2015_2024,2019-02-19 14:00:00,2019-02-18 14:00:00,2019-02-19 00:00:00,2019-02-19 08:00:00,79.192,79.025,78.882,78.83,6,ENTRY_A_B_BREAK,2019-02-21 00:00:00,31944,31904,79.573,2019-02-20 01:00:00,34,2019-02-21 00:00:00,31944,79.573,0,
AUDJPY,H1,Research_2015_2024,2019-02-19 14:00:00,2019-02-18 14:00:00,2019-02-19 00:00:00,2019-02-19 08:00:00,79.192,79.025,78.882,78.83,6,ENTRY_C_A_AFTER_B,2019-02-21 00:00:00,31944,31904,78.882,2019-02-19 08:00:00,34,2019-02-21 00:00:00,31944,79.573,0,
AUDJPY,H1,Research_2015_2024,2019-03-22 05:00:00,2019-03-21 00:00:00,2019-03-21 14:00:00,2019-03-21 21:00:00,79.358,79.01,78.887,78.76,8,ENTRY_A_B_BREAK,2019-03-26 00:00:00,32497,32446,78.346,2019-03-25 15:00:00,43,2019-03-26 00:00:00,32497,78.346,0,
AUDJPY,H1,Research_2015_2024,2019-03-22 05:00:00,2019-03-21 00:00:00,2019-03-21 14:00:00,2019-03-21 21:00:00,79.358,79.01,78.887,78.76,8,ENTRY_B_B_SUPPORT_REACCEL,2019-03-26 07:00:00,32504,32446,78.524,2019-03-26 01:00:00,43,2019-03-26 00:00:00,32497,78.346,7,2019-03-26 01:00:00
AUDJPY,H1,Research_2015_2024,2019-03-22 05:00:00,2019-03-21 00:00:00,2019-03-21 14:00:00,2019-03-21 21:00:00,79.358,79.01,78.887,78.76,8,ENTRY_C_A_AFTER_B,2019-03-26 13:00:00,32510,32446,78.887,2019-03-21 21:00:00,43,2019-03-26 00:00:00,32497,78.346,13,
AUDJPY,H1,Research_2015_2024,2019-05-03 12:00:00,2019-05-01 08:00:00,2019-05-02 03:00:00,2019-05-02 09:00:00,78.702,78.46,78.399,78.093,27,ENTRY_A_B_BREAK,2019-05-06 18:00:00,33211,33154,77.589,2019-05-06 07:00:00,30,2019-05-06 18:00:00,33211,77.589,0,
AUDJPY,H1,Research_2015_2024,2019-05-22 01:00:00,2019-05-20 08:00:00,2019-05-21 01:00:00,2019-05-21 15:00:00,76.389,76.281,76.175,76.117,10,ENTRY_A_B_BREAK,2019-05-27 00:00:00,33550,33472,75.828,2019-05-24 13:00:00,68,2019-05-27 00:00:00,33550,75.828,0,
AUDJPY,H1,Research_2015_2024,2019-05-22 01:00:00,2019-05-20 08:00:00,2019-05-21 01:00:00,2019-05-21 15:00:00,76.389,76.281,76.175,76.117,10,ENTRY_B_B_SUPPORT_REACCEL,2019-05-27 05:00:00,33555,33472,75.918,2019-05-27 01:00:00,68,2019-05-27 00:00:00,33550,75.828,5,2019-05-27 01:00:00
AUDJPY,H1,Research_2015_2024,2019-06-18 13:00:00,2019-06-11 13:00:00,2019-06-11 21:00:00,2019-06-12 15:00:00,75.676,75.586,75.396,74.577,94,ENTRY_A_B_BREAK,2019-06-18 23:00:00,33957,33853,74.665,2019-06-18 14:00:00,10,2019-06-18 23:00:00,33957,74.665,0,
AUDJPY,H1,Research_2015_2024,2019-08-28 14:00:00,2019-08-26 17:00:00,2019-08-27 14:00:00,2019-08-28 01:00:00,72.075,71.735,71.589,71.41,13,ENTRY_A_B_BREAK,2019-08-28 16:00:00,35174,35159,71.429,2019-08-28 08:00:00,2,2019-08-28 16:00:00,35174,71.429,0,
AUDJPY,H1,Research_2015_2024,2019-08-28 14:00:00,2019-08-26 17:00:00,2019-08-27 14:00:00,2019-08-28 01:00:00,72.075,71.735,71.589,71.41,13,ENTRY_B_B_SUPPORT_REACCEL,2019-08-28 19:00:00,35177,35159,71.496,2019-08-28 17:00:00,2,2019-08-28 16:00:00,35174,71.429,3,2019-08-28 17:00:00
AUDJPY,H1,Research_2015_2024,2019-08-28 14:00:00,2019-08-26 17:00:00,2019-08-27 14:00:00,2019-08-28 01:00:00,72.075,71.735,71.589,71.41,13,ENTRY_C_A_AFTER_B,2019-08-29 08:00:00,35190,35159,71.589,2019-08-28 01:00:00,2,2019-08-28 16:00:00,35174,71.429,16,
AUDJPY,H1,Research_2015_2024,2019-08-30 16:00:00,2019-08-29 18:00:00,2019-08-30 00:00:00,2019-08-30 07:00:00,71.801,71.755,71.632,71.545,9,ENTRY_A_B_BREAK,2019-09-04 01:00:00,35279,35213,71.726,2019-09-03 19:00:00,57,2019-09-04 01:00:00,35279,71.726,0,
AUDJPY,H1,Research_2015_2024,2019-08-30 16:00:00,2019-08-29 18:00:00,2019-08-30 00:00:00,2019-08-30 07:00:00,71.801,71.755,71.632,71.545,9,ENTRY_C_A_AFTER_B,2019-09-04 01:00:00,35279,35213,71.632,2019-08-30 07:00:00,57,2019-09-04 01:00:00,35279,71.726,0,
AUDJPY,H1,Research_2015_2024,2019-10-02 20:00:00,2019-10-01 04:00:00,2019-10-02 03:00:00,2019-10-02 14:00:00,73.374,72.483,72.003,71.851,6,ENTRY_A_B_BREAK,2019-10-03 17:00:00,35799,35772,72.092,2019-10-03 08:00:00,21,2019-10-03 17:00:00,35799,72.092,0,
AUDJPY,H1,Research_2015_2024,2019-10-02 20:00:00,2019-10-01 04:00:00,2019-10-02 03:00:00,2019-10-02 14:00:00,73.374,72.483,72.003,71.851,6,ENTRY_B_B_SUPPORT_REACCEL,2019-10-04 12:00:00,35818,35772,72.195,2019-10-03 22:00:00,21,2019-10-03 17:00:00,35799,72.092,19,2019-10-03 22:00:00
AUDJPY,H1,Research_2015_2024,2019-10-02 20:00:00,2019-10-01 04:00:00,2019-10-02 03:00:00,2019-10-02 14:00:00,73.374,72.483,72.003,71.851,6,ENTRY_C_A_AFTER_B,2019-10-03 17:00:00,35799,35772,72.003,2019-10-02 14:00:00,21,2019-10-03 17:00:00,35799,72.092,0,
AUDJPY,H1,Research_2015_2024,2019-11-15 14:00:00,2019-11-12 07:00:00,2019-11-13 01:00:00,2019-11-14 00:00:00,74.942,74.706,74.428,73.976,38,ENTRY_A_B_BREAK,2019-11-15 14:00:00,36538,36500,73.85,2019-11-15 01:00:00,0,2019-11-15 14:00:00,36538,73.85,0,
AUDJPY,H1,Research_2015_2024,2019-11-20 14:00:00,2019-11-19 14:00:00,2019-11-20 00:00:00,2019-11-20 07:00:00,74.277,74.159,74.049,74.065,7,ENTRY_A_B_BREAK,2019-11-27 00:00:00,36692,36603,74.05,2019-11-21 13:00:00,82,2019-11-27 00:00:00,36692,74.05,0,
AUDJPY,H1,Research_2015_2024,2019-11-20 14:00:00,2019-11-19 14:00:00,2019-11-20 00:00:00,2019-11-20 07:00:00,74.277,74.159,74.049,74.065,7,ENTRY_C_A_AFTER_B,2019-11-27 00:00:00,36692,36603,74.049,2019-11-20 07:00:00,82,2019-11-27 00:00:00,36692,74.05,0,
AUDJPY,H1,Research_2015_2024,2019-12-06 13:00:00,2019-12-04 19:00:00,2019-12-05 08:00:00,2019-12-06 06:00:00,74.643,74.577,74.446,74.483,7,ENTRY_A_B_BREAK,2019-12-12 02:00:00,36958,36866,74.755,2019-12-11 20:00:00,85,2019-12-12 02:00:00,36958,74.755,0,
AUDJPY,H1,Research_2015_2024,2019-12-06 13:00:00,2019-12-04 19:00:00,2019-12-05 08:00:00,2019-12-06 06:00:00,74.643,74.577,74.446,74.483,7,ENTRY_C_A_AFTER_B,2019-12-12 02:00:00,36958,36866,74.446,2019-12-06 06:00:00,85,2019-12-12 02:00:00,36958,74.755,0,
AUDJPY,H1,Research_2015_2024,2020-01-10 15:00:00,2019-12-27 15:00:00,2019-12-30 00:00:00,2019-12-30 13:00:00,76.545,76.508,76.433,75.66,174,ENTRY_A_B_BREAK,2020-01-10 15:00:00,37417,37243,75.202,2020-01-09 07:00:00,0,2020-01-10 15:00:00,37417,75.202,0,
AUDJPY,H1,Research_2015_2024,2020-02-16 23:00:00,2020-02-12 16:00:00,2020-02-13 14:00:00,2020-02-14 03:00:00,74.284,74.09,73.985,73.841,20,ENTRY_A_B_BREAK,2020-02-19 02:00:00,38076,38005,73.594,2020-02-18 15:00:00,51,2020-02-19 02:00:00,38076,73.594,0,
AUDJPY,H1,Research_2015_2024,2020-02-16 23:00:00,2020-02-12 16:00:00,2020-02-13 14:00:00,2020-02-14 03:00:00,74.284,74.09,73.985,73.841,20,ENTRY_B_B_SUPPORT_REACCEL,2020-02-19 06:00:00,38080,38005,73.673,2020-02-19 05:00:00,51,2020-02-19 02:00:00,38076,73.594,4,2020-02-19 05:00:00
AUDJPY,H1,Research_2015_2024,2020-02-16 23:00:00,2020-02-12 16:00:00,2020-02-13 14:00:00,2020-02-14 03:00:00,74.284,74.09,73.985,73.841,20,ENTRY_C_A_AFTER_B,2020-02-19 15:00:00,38089,38005,73.985,2020-02-14 03:00:00,51,2020-02-19 02:00:00,38076,73.594,13,
AUDJPY,H1,Research_2015_2024,2020-02-27 14:00:00,2020-02-21 16:00:00,2020-02-25 01:00:00,2020-02-26 02:00:00,74.171,73.498,73.012,72.326,36,ENTRY_A_B_BREAK,2020-03-03 15:00:00,38305,38196,71.198,2020-03-02 08:00:00,73,2020-03-03 15:00:00,38305,71.198,0,
AUDJPY,H1,Research_2015_2024,2020-03-19 13:00:00,2020-03-17 01:00:00,2020-03-17 21:00:00,2020-03-18 05:00:00,65.825,64.856,64.647,63.973,32,ENTRY_A_B_BREAK,2020-03-24 02:00:00,38653,38560,65.543,2020-03-19 15:00:00,61,2020-03-24 02:00:00,38653,65.543,0,
AUDJPY,H1,Research_2015_2024,2020-03-19 13:00:00,2020-03-17 01:00:00,2020-03-17 21:00:00,2020-03-18 05:00:00,65.825,64.856,64.647,63.973,32,ENTRY_C_A_AFTER_B,2020-03-24 02:00:00,38653,38560,64.647,2020-03-18 05:00:00,61,2020-03-24 02:00:00,38653,65.543,0,
AUDJPY,H1,Research_2015_2024,2020-04-14 01:00:00,2020-04-10 06:00:00,2020-04-12 22:00:00,2020-04-13 17:00:00,69.027,68.971,68.924,69.168,8,ENTRY_A_B_BREAK,2020-04-16 20:00:00,39079,39004,68.163,2020-04-15 17:00:00,67,2020-04-16 20:00:00,39079,68.163,0,
AUDJPY,H1,Research_2015_2024,2020-05-05 00:00:00,2020-05-01 14:00:00,2020-05-04 12:00:00,2020-05-04 18:00:00,69.02,68.714,68.645,68.671,6,ENTRY_A_B_BREAK,2020-05-07 22:00:00,39441,39365,69.157,2020-05-07 15:00:00,70,2020-05-07 22:00:00,39441,69.157,0,
AUDJPY,H1,Research_2015_2024,2020-05-05 00:00:00,2020-05-01 14:00:00,2020-05-04 12:00:00,2020-05-04 18:00:00,69.02,68.714,68.645,68.671,6,ENTRY_B_B_SUPPORT_REACCEL,2020-05-10 22:00:00,39465,39365,69.727,2020-05-08 00:00:00,70,2020-05-07 22:00:00,39441,69.157,24,2020-05-08 00:00:00
AUDJPY,H1,Research_2015_2024,2020-05-05 00:00:00,2020-05-01 14:00:00,2020-05-04 12:00:00,2020-05-04 18:00:00,69.02,68.714,68.645,68.671,6,ENTRY_C_A_AFTER_B,2020-05-07 22:00:00,39441,39365,68.645,2020-05-04 18:00:00,70,2020-05-07 22:00:00,39441,69.157,0,
AUDJPY,H1,Research_2015_2024,2020-06-17 06:00:00,2020-06-16 02:00:00,2020-06-16 12:00:00,2020-06-16 23:00:00,75.087,74.68,74.094,73.961,7,ENTRY_A_B_BREAK,2020-06-22 22:00:00,40209,40114,73.989,2020-06-22 16:00:00,88,2020-06-22 22:00:00,40209,73.989,0,
AUDJPY,H1,Research_2015_2024,2020-06-17 06:00:00,2020-06-16 02:00:00,2020-06-16 12:00:00,2020-06-16 23:00:00,75.087,74.68,74.094,73.961,7,ENTRY_B_B_SUPPORT_REACCEL,2020-06-23 02:00:00,40213,40114,74.143,2020-06-22 23:00:00,88,2020-06-22 22:00:00,40209,73.989,4,2020-06-22 23:00:00
AUDJPY,H1,Research_2015_2024,2020-06-17 06:00:00,2020-06-16 02:00:00,2020-06-16 12:00:00,2020-06-16 23:00:00,75.087,74.68,74.094,73.961,7,ENTRY_C_A_AFTER_B,2020-06-23 02:00:00,40213,40114,74.094,2020-06-16 23:00:00,88,2020-06-22 22:00:00,40209,73.989,4,
AUDJPY,H1,Research_2015_2024,2020-06-25 02:00:00,2020-06-23 12:00:00,2020-06-24 01:00:00,2020-06-24 13:00:00,74.421,74.161,73.839,73.575,13,ENTRY_A_B_BREAK,2020-06-29 22:00:00,40329,40248,73.87,2020-06-25 09:00:00,68,2020-06-29 22:00:00,40329,73.87,0,
AUDJPY,H1,Research_2015_2024,2020-06-25 02:00:00,2020-06-23 12:00:00,2020-06-24 01:00:00,2020-06-24 13:00:00,74.421,74.161,73.839,73.575,13,ENTRY_B_B_SUPPORT_REACCEL,2020-06-30 01:00:00,40332,40248,74.012,2020-06-29 23:00:00,68,2020-06-29 22:00:00,40329,73.87,3,2020-06-29 23:00:00
AUDJPY,H1,Research_2015_2024,2020-06-25 02:00:00,2020-06-23 12:00:00,2020-06-24 01:00:00,2020-06-24 13:00:00,74.421,74.161,73.839,73.575,13,ENTRY_C_A_AFTER_B,2020-06-29 22:00:00,40329,40248,73.839,2020-06-24 13:00:00,68,2020-06-29 22:00:00,40329,73.87,0,
AUDJPY,H1,Research_2015_2024,2020-07-08 13:00:00,2020-07-06 06:00:00,2020-07-06 14:00:00,2020-07-07 00:00:00,75.161,75.125,75.062,74.906,37,ENTRY_A_B_BREAK,2020-07-09 04:00:00,40503,40451,74.956,2020-07-08 13:00:00,15,2020-07-09 04:00:00,40503,74.956,0,
AUDJPY,H1,Research_2015_2024,2020-07-08 13:00:00,2020-07-06 06:00:00,2020-07-06 14:00:00,2020-07-07 00:00:00,75.161,75.125,75.062,74.906,37,ENTRY_C_A_AFTER_B,2020-07-15 01:00:00,40596,40451,75.062,2020-07-07 00:00:00,15,2020-07-09 04:00:00,40503,74.956,93,
AUDJPY,H1,Research_2015_2024,2020-07-31 12:00:00,2020-07-29 13:00:00,2020-07-30 00:00:00,2020-07-31 00:00:00,75.514,75.482,75.442,75.542,12,ENTRY_A_B_BREAK,2020-08-05 06:00:00,40961,40883,75.921,2020-07-31 13:00:00,66,2020-08-05 06:00:00,40961,75.921,0,
AUDJPY,H1,Research_2015_2024,2020-07-31 12:00:00,2020-07-29 13:00:00,2020-07-30 00:00:00,2020-07-31 00:00:00,75.514,75.482,75.442,75.542,12,ENTRY_B_B_SUPPORT_REACCEL,2020-08-05 09:00:00,40964,40883,76.098,2020-08-05 07:00:00,66,2020-08-05 06:00:00,40961,75.921,3,2020-08-05 07:00:00
AUDJPY,H1,Research_2015_2024,2020-07-31 12:00:00,2020-07-29 13:00:00,2020-07-30 00:00:00,2020-07-31 00:00:00,75.514,75.482,75.442,75.542,12,ENTRY_C_A_AFTER_B,2020-08-05 06:00:00,40961,40883,75.442,2020-07-31 00:00:00,66,2020-08-05 06:00:00,40961,75.921,0,
AUDJPY,H1,Research_2015_2024,2020-08-18 12:00:00,2020-08-17 00:00:00,2020-08-17 14:00:00,2020-08-17 20:00:00,76.677,76.616,76.545,76.48,16,ENTRY_A_B_BREAK,2020-08-24 05:00:00,41271,41166,75.905,2020-08-23 23:00:00,89,2020-08-24 05:00:00,41271,75.905,0,
AUDJPY,H1,Research_2015_2024,2020-08-18 12:00:00,2020-08-17 00:00:00,2020-08-17 14:00:00,2020-08-17 20:00:00,76.677,76.616,76.545,76.48,16,ENTRY_B_B_SUPPORT_REACCEL,2020-08-24 07:00:00,41273,41166,75.972,2020-08-24 06:00:00,89,2020-08-24 05:00:00,41271,75.905,2,2020-08-24 06:00:00
AUDJPY,H1,Research_2015_2024,2020-08-18 12:00:00,2020-08-17 00:00:00,2020-08-17 14:00:00,2020-08-17 20:00:00,76.677,76.616,76.545,76.48,16,ENTRY_C_A_AFTER_B,2020-08-25 23:00:00,41313,41166,76.545,2020-08-17 20:00:00,89,2020-08-24 05:00:00,41271,75.905,42,
AUDJPY,H1,Research_2015_2024,2020-09-08 06:00:00,2020-08-31 14:00:00,2020-09-01 00:00:00,2020-09-01 14:00:00,78.461,78.36,78.283,77.49,112,ENTRY_A_B_BREAK,2020-09-10 13:00:00,41591,41424,77.425,2020-09-09 17:00:00,55,2020-09-10 13:00:00,41591,77.425,0,
AUDJPY,H1,Research_2015_2024,2020-09-24 15:00:00,2020-09-22 13:00:00,2020-09-22 23:00:00,2020-09-23 15:00:00,75.696,75.388,74.933,74.272,24,ENTRY_A_B_BREAK,2020-09-24 16:00:00,41834,41809,74.386,2020-09-24 10:00:00,1,2020-09-24 16:00:00,41834,74.386,0,
AUDJPY,H1,Research_2015_2024,2020-09-24 15:00:00,2020-09-22 13:00:00,2020-09-22 23:00:00,2020-09-23 15:00:00,75.696,75.388,74.933,74.272,24,ENTRY_C_A_AFTER_B,2020-09-29 07:00:00,41897,41809,74.933,2020-09-23 15:00:00,1,2020-09-24 16:00:00,41834,74.386,63,
AUDJPY,H1,Research_2015_2024,2020-11-08 23:00:00,2020-11-05 19:00:00,2020-11-06 08:00:00,2020-11-06 14:00:00,75.461,75.349,75.254,75.23,9,ENTRY_A_B_BREAK,2020-11-09 11:00:00,42596,42575,75.568,2020-11-09 05:00:00,12,2020-11-09 11:00:00,42596,75.568,0,
AUDJPY,H1,Research_2015_2024,2020-11-08 23:00:00,2020-11-05 19:00:00,2020-11-06 08:00:00,2020-11-06 14:00:00,75.461,75.349,75.254,75.23,9,ENTRY_C_A_AFTER_B,2020-11-09 11:00:00,42596,42575,75.254,2020-11-06 14:00:00,12,2020-11-09 11:00:00,42596,75.568,0,
AUDJPY,H1,Research_2015_2024,2020-11-11 02:00:00,2020-11-09 13:00:00,2020-11-10 10:00:00,2020-11-10 17:00:00,77.038,76.825,76.74,76.757,9,ENTRY_A_B_BREAK,2020-11-16 11:00:00,42716,42626,76.302,2020-11-13 10:00:00,81,2020-11-16 11:00:00,42716,76.302,0,
AUDJPY,H1,Research_2015_2024,2020-11-11 02:00:00,2020-11-09 13:00:00,2020-11-10 10:00:00,2020-11-10 17:00:00,77.038,76.825,76.74,76.757,9,ENTRY_B_B_SUPPORT_REACCEL,2020-11-16 15:00:00,42720,42626,76.548,2020-11-16 14:00:00,81,2020-11-16 11:00:00,42716,76.302,4,2020-11-16 14:00:00
AUDJPY,H1,Research_2015_2024,2020-11-18 08:00:00,2020-11-16 11:00:00,2020-11-16 22:00:00,2020-11-17 19:00:00,76.771,76.572,76.154,76.074,13,ENTRY_A_B_BREAK,2020-11-20 10:00:00,42811,42748,75.727,2020-11-19 20:00:00,50,2020-11-20 10:00:00,42811,75.727,0,
AUDJPY,H1,Research_2015_2024,2020-11-18 08:00:00,2020-11-16 11:00:00,2020-11-16 22:00:00,2020-11-17 19:00:00,76.771,76.572,76.154,76.074,13,ENTRY_B_B_SUPPORT_REACCEL,2020-11-23 08:00:00,42833,42748,76.009,2020-11-20 11:00:00,50,2020-11-20 10:00:00,42811,75.727,22,2020-11-20 11:00:00
AUDJPY,H1,Research_2015_2024,2020-11-18 08:00:00,2020-11-16 11:00:00,2020-11-16 22:00:00,2020-11-17 19:00:00,76.771,76.572,76.154,76.074,13,ENTRY_C_A_AFTER_B,2020-11-23 19:00:00,42844,42748,76.154,2020-11-17 19:00:00,50,2020-11-20 10:00:00,42811,75.727,33,
AUDJPY,H1,Research_2015_2024,2020-12-04 14:00:00,2020-12-03 07:00:00,2020-12-03 19:00:00,2020-12-04 08:00:00,77.562,77.436,77.274,77.361,6,ENTRY_A_B_BREAK,2020-12-09 05:00:00,43118,43049,77.488,2020-12-07 16:00:00,63,2020-12-09 05:00:00,43118,77.488,0,
AUDJPY,H1,Research_2015_2024,2020-12-04 14:00:00,2020-12-03 07:00:00,2020-12-03 19:00:00,2020-12-04 08:00:00,77.562,77.436,77.274,77.361,6,ENTRY_B_B_SUPPORT_REACCEL,2020-12-09 08:00:00,43121,43049,77.655,2020-12-09 06:00:00,63,2020-12-09 05:00:00,43118,77.488,3,2020-12-09 06:00:00
AUDJPY,H1,Research_2015_2024,2020-12-04 14:00:00,2020-12-03 07:00:00,2020-12-03 19:00:00,2020-12-04 08:00:00,77.562,77.436,77.274,77.361,6,ENTRY_C_A_AFTER_B,2020-12-09 05:00:00,43118,43049,77.274,2020-12-04 08:00:00,63,2020-12-09 05:00:00,43118,77.488,0,
AUDJPY,H1,Research_2015_2024,2021-01-05 16:00:00,2021-01-03 23:00:00,2021-01-04 14:00:00,2021-01-05 07:00:00,79.681,79.557,79.498,79.606,9,ENTRY_A_B_BREAK,2021-01-06 05:00:00,43540,43518,79.836,2021-01-05 19:00:00,13,2021-01-06 05:00:00,43540,79.836,0,
AUDJPY,H1,Research_2015_2024,2021-01-05 16:00:00,2021-01-03 23:00:00,2021-01-04 14:00:00,2021-01-05 07:00:00,79.681,79.557,79.498,79.606,9,ENTRY_B_B_SUPPORT_REACCEL,2021-01-06 07:00:00,43542,43518,80.002,2021-01-06 06:00:00,13,2021-01-06 05:00:00,43540,79.836,2,2021-01-06 06:00:00
AUDJPY,H1,Research_2015_2024,2021-01-05 16:00:00,2021-01-03 23:00:00,2021-01-04 14:00:00,2021-01-05 07:00:00,79.681,79.557,79.498,79.606,9,ENTRY_C_A_AFTER_B,2021-01-06 05:00:00,43540,43518,79.498,2021-01-05 07:00:00,13,2021-01-06 05:00:00,43540,79.836,0,
AUDJPY,H1,Research_2015_2024,2021-01-14 00:00:00,2021-01-12 22:00:00,2021-01-13 07:00:00,2021-01-13 18:00:00,80.72,80.61,80.507,80.5,6,ENTRY_A_B_BREAK,2021-01-14 17:00:00,43696,43673,80.798,2021-01-14 10:00:00,17,2021-01-14 17:00:00,43696,80.798,0,
AUDJPY,H1,Research_2015_2024,2021-01-14 00:00:00,2021-01-12 22:00:00,2021-01-13 07:00:00,2021-01-13 18:00:00,80.72,80.61,80.507,80.5,6,ENTRY_C_A_AFTER_B,2021-01-14 17:00:00,43696,43673,80.507,2021-01-13 18:00:00,17,2021-01-14 17:00:00,43696,80.798,0,
AUDJPY,H1,Research_2015_2024,2021-02-12 15:00:00,2021-02-11 14:00:00,2021-02-11 22:00:00,2021-02-12 05:00:00,81.372,81.301,81.278,81.334,10,ENTRY_A_B_BREAK,2021-02-18 08:00:00,44287,44188,82.196,2021-02-18 00:00:00,89,2021-02-18 08:00:00,44287,82.196,0,
AUDJPY,H1,Research_2015_2024,2021-02-12 15:00:00,2021-02-11 14:00:00,2021-02-11 22:00:00,2021-02-12 05:00:00,81.372,81.301,81.278,81.334,10,ENTRY_C_A_AFTER_B,2021-02-18 08:00:00,44287,44188,81.278,2021-02-12 05:00:00,89,2021-02-18 08:00:00,44287,82.196,0,
AUDJPY,H1,Research_2015_2024,2021-03-05 20:00:00,2021-03-04 17:00:00,2021-03-05 06:00:00,2021-03-05 14:00:00,84.038,83.592,83.407,83.345,6,ENTRY_A_B_BREAK,2021-03-09 04:00:00,44595,44557,83.607,2021-03-08 15:00:00,32,2021-03-09 04:00:00,44595,83.607,0,
AUDJPY,H1,Research_2015_2024,2021-03-05 20:00:00,2021-03-04 17:00:00,2021-03-05 06:00:00,2021-03-05 14:00:00,84.038,83.592,83.407,83.345,6,ENTRY_C_A_AFTER_B,2021-03-09 04:00:00,44595,44557,83.407,2021-03-05 14:00:00,32,2021-03-09 04:00:00,44595,83.607,0,
AUDJPY,H1,Research_2015_2024,2021-04-23 15:00:00,2021-04-21 15:00:00,2021-04-22 01:00:00,2021-04-22 10:00:00,83.923,83.861,83.756,83.526,29,ENTRY_A_B_BREAK,2021-04-23 17:00:00,45401,45370,83.571,2021-04-23 07:00:00,2,2021-04-23 17:00:00,45401,83.571,0,
AUDJPY,H1,Research_2015_2024,2021-04-23 15:00:00,2021-04-21 15:00:00,2021-04-22 01:00:00,2021-04-22 10:00:00,83.923,83.861,83.756,83.526,29,ENTRY_C_A_AFTER_B,2021-04-26 02:00:00,45410,45370,83.756,2021-04-22 10:00:00,2,2021-04-23 17:00:00,45401,83.571,9,
AUDJPY,H1,Research_2015_2024,2021-05-14 12:00:00,2021-05-13 00:00:00,2021-05-13 14:00:00,2021-05-14 01:00:00,84.839,84.808,84.76,84.818,11,ENTRY_A_B_BREAK,2021-05-20 04:00:00,45844,45745,84.564,2021-05-19 18:00:00,88,2021-05-20 04:00:00,45844,84.564,0,
AUDJPY,H1,Research_2015_2024,2021-07-20 11:00:00,2021-07-16 08:00:00,2021-07-19 06:00:00,2021-07-20 02:00:00,81.942,81.253,80.601,80.331,9,ENTRY_A_B_BREAK,2021-07-21 13:00:00,46909,46874,80.694,2021-07-21 00:00:00,26,2021-07-21 13:00:00,46909,80.694,0,
AUDJPY,H1,Research_2015_2024,2021-07-20 11:00:00,2021-07-16 08:00:00,2021-07-19 06:00:00,2021-07-20 02:00:00,81.942,81.253,80.601,80.331,9,ENTRY_C_A_AFTER_B,2021-07-21 13:00:00,46909,46874,80.601,2021-07-20 02:00:00,26,2021-07-21 13:00:00,46909,80.694,0,
AUDJPY,H1,Research_2015_2024,2021-08-10 06:00:00,2021-08-09 07:00:00,2021-08-09 13:00:00,2021-08-10 00:00:00,81.097,81.063,80.955,80.961,6,ENTRY_A_B_BREAK,2021-08-11 12:00:00,47268,47232,81.321,2021-08-10 14:00:00,30,2021-08-11 12:00:00,47268,81.321,0,
AUDJPY,H1,Research_2015_2024,2021-08-10 06:00:00,2021-08-09 07:00:00,2021-08-09 13:00:00,2021-08-10 00:00:00,81.097,81.063,80.955,80.961,6,ENTRY_C_A_AFTER_B,2021-08-11 12:00:00,47268,47232,80.955,2021-08-10 00:00:00,30,2021-08-11 12:00:00,47268,81.321,0,
AUDJPY,H1,Research_2015_2024,2021-09-07 00:00:00,2021-09-03 13:00:00,2021-09-06 07:00:00,2021-09-06 17:00:00,82.025,81.832,81.738,81.791,7,ENTRY_A_B_BREAK,2021-09-08 00:00:00,47736,47705,81.508,2021-09-07 17:00:00,24,2021-09-08 00:00:00,47736,81.508,0,
AUDJPY,H1,Research_2015_2024,2021-09-17 01:00:00,2021-09-16 00:00:00,2021-09-16 12:00:00,2021-09-16 19:00:00,80.366,80.238,80.102,80.029,6,ENTRY_A_B_BREAK,2021-09-21 03:00:00,47955,47899,79.63,2021-09-20 13:00:00,50,2021-09-21 03:00:00,47955,79.63,0,
AUDJPY,H1,Research_2015_2024,2021-09-17 01:00:00,2021-09-16 00:00:00,2021-09-16 12:00:00,2021-09-16 19:00:00,80.366,80.238,80.102,80.029,6,ENTRY_C_A_AFTER_B,2021-09-23 12:00:00,48012,47899,80.102,2021-09-16 19:00:00,50,2021-09-21 03:00:00,47955,79.63,57,
AUDJPY,H1,Research_2015_2024,2021-11-19 06:00:00,2021-11-16 01:00:00,2021-11-16 13:00:00,2021-11-16 23:00:00,84.159,84.006,83.903,83.27,55,ENTRY_A_B_BREAK,2021-11-19 06:00:00,48989,48934,83.258,2021-11-18 12:00:00,0,2021-11-19 06:00:00,48989,83.258,0,
AUDJPY,H1,Research_2015_2024,2021-12-03 13:00:00,2021-12-02 08:00:00,2021-12-02 17:00:00,2021-12-03 06:00:00,80.558,80.4,80.201,80.122,7,ENTRY_A_B_BREAK,2021-12-06 15:00:00,49262,49229,79.807,2021-12-06 09:00:00,26,2021-12-06 15:00:00,49262,79.807,0,
AUDJPY,H1,Research_2015_2024,2021-12-03 13:00:00,2021-12-02 08:00:00,2021-12-02 17:00:00,2021-12-03 06:00:00,80.558,80.4,80.201,80.122,7,ENTRY_B_B_SUPPORT_REACCEL,2021-12-06 18:00:00,49265,49229,79.982,2021-12-06 16:00:00,26,2021-12-06 15:00:00,49262,79.807,3,2021-12-06 16:00:00
AUDJPY,H1,Research_2015_2024,2021-12-03 13:00:00,2021-12-02 08:00:00,2021-12-02 17:00:00,2021-12-03 06:00:00,80.558,80.4,80.201,80.122,7,ENTRY_C_A_AFTER_B,2021-12-07 03:00:00,49274,49229,80.201,2021-12-03 06:00:00,26,2021-12-06 15:00:00,49262,79.807,12,
AUDJPY,H1,Research_2015_2024,2022-01-11 15:00:00,2022-01-10 07:00:00,2022-01-11 03:00:00,2022-01-11 09:00:00,83.361,83.028,82.959,82.897,6,ENTRY_A_B_BREAK,2022-01-12 13:00:00,49888,49860,83.308,2022-01-12 06:00:00,22,2022-01-12 13:00:00,49888,83.308,0,
AUDJPY,H1,Research_2015_2024,2022-01-11 15:00:00,2022-01-10 07:00:00,2022-01-11 03:00:00,2022-01-11 09:00:00,83.361,83.028,82.959,82.897,6,ENTRY_B_B_SUPPORT_REACCEL,2022-01-13 08:00:00,49907,49860,83.612,2022-01-12 17:00:00,22,2022-01-12 13:00:00,49888,83.308,19,2022-01-12 17:00:00
AUDJPY,H1,Research_2015_2024,2022-01-11 15:00:00,2022-01-10 07:00:00,2022-01-11 03:00:00,2022-01-11 09:00:00,83.361,83.028,82.959,82.897,6,ENTRY_C_A_AFTER_B,2022-01-12 13:00:00,49888,49860,82.959,2022-01-11 09:00:00,22,2022-01-12 13:00:00,49888,83.308,0,
AUDJPY,H1,Research_2015_2024,2022-02-15 02:00:00,2022-02-10 17:00:00,2022-02-11 18:00:00,2022-02-14 18:00:00,83.988,83.252,82.583,82.398,8,ENTRY_A_B_BREAK,2022-02-15 08:00:00,50459,50445,82.471,2022-02-15 00:00:00,6,2022-02-15 08:00:00,50459,82.471,0,
AUDJPY,H1,Research_2015_2024,2022-02-15 02:00:00,2022-02-10 17:00:00,2022-02-11 18:00:00,2022-02-14 18:00:00,83.988,83.252,82.583,82.398,8,ENTRY_B_B_SUPPORT_REACCEL,2022-02-16 06:00:00,50481,50445,82.861,2022-02-15 09:00:00,6,2022-02-15 08:00:00,50459,82.471,22,2022-02-15 09:00:00
AUDJPY,H1,Research_2015_2024,2022-02-15 02:00:00,2022-02-10 17:00:00,2022-02-11 18:00:00,2022-02-14 18:00:00,83.988,83.252,82.583,82.398,8,ENTRY_C_A_AFTER_B,2022-02-15 08:00:00,50459,50445,82.583,2022-02-14 18:00:00,6,2022-02-15 08:00:00,50459,82.471,0,
AUDJPY,H1,Research_2015_2024,2022-03-09 00:00:00,2022-03-07 07:00:00,2022-03-08 01:00:00,2022-03-08 12:00:00,85.465,84.836,84.478,84.318,12,ENTRY_A_B_BREAK,2022-03-09 07:00:00,50828,50809,84.411,2022-03-09 01:00:00,7,2022-03-09 07:00:00,50828,84.411,0,
AUDJPY,H1,Research_2015_2024,2022-03-09 00:00:00,2022-03-07 07:00:00,2022-03-08 01:00:00,2022-03-08 12:00:00,85.465,84.836,84.478,84.318,12,ENTRY_B_B_SUPPORT_REACCEL,2022-03-09 09:00:00,50830,50809,84.706,2022-03-09 08:00:00,7,2022-03-09 07:00:00,50828,84.411,2,2022-03-09 08:00:00
AUDJPY,H1,Research_2015_2024,2022-03-09 00:00:00,2022-03-07 07:00:00,2022-03-08 01:00:00,2022-03-08 12:00:00,85.465,84.836,84.478,84.318,12,ENTRY_C_A_AFTER_B,2022-03-09 07:00:00,50828,50809,84.478,2022-03-08 12:00:00,7,2022-03-09 07:00:00,50828,84.411,0,
AUDJPY,H1,Research_2015_2024,2022-04-01 03:00:00,2022-03-28 22:00:00,2022-03-29 07:00:00,2022-03-29 23:00:00,93.118,93.007,92.644,91.806,52,ENTRY_A_B_BREAK,2022-04-04 14:00:00,51268,51181,92.324,2022-04-01 13:00:00,35,2022-04-04 14:00:00,51268,92.324,0,
AUDJPY,H1,Research_2015_2024,2022-04-01 03:00:00,2022-03-28 22:00:00,2022-03-29 07:00:00,2022-03-29 23:00:00,93.118,93.007,92.644,91.806,52,ENTRY_B_B_SUPPORT_REACCEL,2022-04-05 04:00:00,51282,51181,92.699,2022-04-05 00:00:00,35,2022-04-04 14:00:00,51268,92.324,14,2022-04-05 00:00:00
AUDJPY,H1,Research_2015_2024,2022-04-01 03:00:00,2022-03-28 22:00:00,2022-03-29 07:00:00,2022-03-29 23:00:00,93.118,93.007,92.644,91.806,52,ENTRY_C_A_AFTER_B,2022-04-04 18:00:00,51272,51181,92.644,2022-03-29 23:00:00,35,2022-04-04 14:00:00,51268,92.324,4,
AUDJPY,H1,Research_2015_2024,2022-04-14 23:00:00,2022-04-13 06:00:00,2022-04-13 21:00:00,2022-04-14 17:00:00,93.861,93.692,93.506,93.461,6,ENTRY_A_B_BREAK,2022-04-18 17:00:00,51511,51463,93.347,2022-04-18 08:00:00,42,2022-04-18 17:00:00,51511,93.347,0,
AUDJPY,H1,Research_2015_2024,2022-04-14 23:00:00,2022-04-13 06:00:00,2022-04-13 21:00:00,2022-04-14 17:00:00,93.861,93.692,93.506,93.461,6,ENTRY_C_A_AFTER_B,2022-04-18 22:00:00,51516,51463,93.506,2022-04-14 17:00:00,42,2022-04-18 17:00:00,51511,93.347,5,
AUDJPY,H1,Research_2015_2024,2022-05-03 00:00:00,2022-05-01 22:00:00,2022-05-02 06:00:00,2022-05-02 16:00:00,92.142,92.027,91.965,92.142,8,ENTRY_A_B_BREAK,2022-05-04 16:00:00,51798,51750,92.937,2022-05-03 04:00:00,40,2022-05-04 16:00:00,51798,92.937,0,
AUDJPY,H1,Research_2015_2024,2022-05-03 00:00:00,2022-05-01 22:00:00,2022-05-02 06:00:00,2022-05-02 16:00:00,92.142,92.027,91.965,92.142,8,ENTRY_B_B_SUPPORT_REACCEL,2022-05-04 18:00:00,51800,51750,93.044,2022-05-04 17:00:00,40,2022-05-04 16:00:00,51798,92.937,2,2022-05-04 17:00:00
AUDJPY,H1,Research_2015_2024,2022-05-03 00:00:00,2022-05-01 22:00:00,2022-05-02 06:00:00,2022-05-02 16:00:00,92.142,92.027,91.965,92.142,8,ENTRY_C_A_AFTER_B,2022-05-04 16:00:00,51798,51750,91.965,2022-05-02 16:00:00,40,2022-05-04 16:00:00,51798,92.937,0,
AUDJPY,H1,Research_2015_2024,2022-05-10 17:00:00,2022-05-06 12:00:00,2022-05-09 07:00:00,2022-05-10 05:00:00,92.936,92.07,91.155,90.658,12,ENTRY_A_B_BREAK,2022-05-13 14:00:00,51964,51883,89.094,2022-05-13 01:00:00,69,2022-05-13 14:00:00,51964,89.094,0,
AUDJPY,H1,Research_2015_2024,2022-05-20 07:00:00,2022-05-18 00:00:00,2022-05-19 04:00:00,2022-05-19 18:00:00,91.168,90.529,90.292,90.329,13,ENTRY_A_B_BREAK,2022-05-23 05:00:00,52099,52064,90.693,2022-05-20 09:00:00,22,2022-05-23 05:00:00,52099,90.693,0,
AUDJPY,H1,Research_2015_2024,2022-05-20 07:00:00,2022-05-18 00:00:00,2022-05-19 04:00:00,2022-05-19 18:00:00,91.168,90.529,90.292,90.329,13,ENTRY_C_A_AFTER_B,2022-05-23 05:00:00,52099,52064,90.292,2022-05-19 18:00:00,22,2022-05-23 05:00:00,52099,90.693,0,
AUDJPY,H1,Research_2015_2024,2022-08-01 07:00:00,2022-07-27 19:00:00,2022-07-29 00:00:00,2022-07-29 19:00:00,95.69,94.261,93.326,93.003,12,ENTRY_A_B_BREAK,2022-08-03 11:00:00,53353,53289,92.563,2022-08-03 02:00:00,52,2022-08-03 11:00:00,53353,92.563,0,
AUDJPY,H1,Research_2015_2024,2022-08-01 07:00:00,2022-07-27 19:00:00,2022-07-29 00:00:00,2022-07-29 19:00:00,95.69,94.261,93.326,93.003,12,ENTRY_B_B_SUPPORT_REACCEL,2022-08-03 14:00:00,53356,53289,92.767,2022-08-03 12:00:00,52,2022-08-03 11:00:00,53353,92.563,3,2022-08-03 12:00:00
AUDJPY,H1,Research_2015_2024,2022-08-01 07:00:00,2022-07-27 19:00:00,2022-07-29 00:00:00,2022-07-29 19:00:00,95.69,94.261,93.326,93.003,12,ENTRY_C_A_AFTER_B,2022-08-04 06:00:00,53372,53289,93.326,2022-07-29 19:00:00,52,2022-08-03 11:00:00,53353,92.563,19,
AUDJPY,H1,Research_2015_2024,2022-08-18 09:00:00,2022-08-12 18:00:00,2022-08-16 13:00:00,2022-08-17 00:00:00,95.147,94.473,94.379,94.052,33,ENTRY_A_B_BREAK,2022-08-19 03:00:00,53633,53582,94.184,2022-08-18 10:00:00,18,2022-08-19 03:00:00,53633,94.184,0,
AUDJPY,H1,Research_2015_2024,2022-08-18 09:00:00,2022-08-12 18:00:00,2022-08-16 13:00:00,2022-08-17 00:00:00,95.147,94.473,94.379,94.052,33,ENTRY_B_B_SUPPORT_REACCEL,2022-08-19 07:00:00,53637,53582,94.319,2022-08-19 06:00:00,18,2022-08-19 03:00:00,53633,94.184,4,2022-08-19 06:00:00
AUDJPY,H1,Research_2015_2024,2022-08-18 09:00:00,2022-08-12 18:00:00,2022-08-16 13:00:00,2022-08-17 00:00:00,95.147,94.473,94.379,94.052,33,ENTRY_C_A_AFTER_B,2022-08-19 07:00:00,53637,53582,94.379,2022-08-17 00:00:00,18,2022-08-19 03:00:00,53633,94.184,4,
AUDJPY,H1,Research_2015_2024,2022-08-26 02:00:00,2022-08-25 08:00:00,2022-08-25 14:00:00,2022-08-25 20:00:00,95.436,95.405,95.306,95.273,6,ENTRY_A_B_BREAK,2022-08-30 08:00:00,53806,53746,95.92,2022-08-29 17:00:00,54,2022-08-30 08:00:00,53806,95.92,0,
AUDJPY,H1,Research_2015_2024,2022-08-26 02:00:00,2022-08-25 08:00:00,2022-08-25 14:00:00,2022-08-25 20:00:00,95.436,95.405,95.306,95.273,6,ENTRY_C_A_AFTER_B,2022-08-30 08:00:00,53806,53746,95.306,2022-08-25 20:00:00,54,2022-08-30 08:00:00,53806,95.92,0,
AUDJPY,H1,Research_2015_2024,2022-09-16 19:00:00,2022-09-13 12:00:00,2022-09-15 07:00:00,2022-09-16 03:00:00,98.588,97.13,96.426,96.023,16,ENTRY_A_B_BREAK,2022-09-19 19:00:00,54153,54113,96.173,2022-09-19 02:00:00,24,2022-09-19 19:00:00,54153,96.173,0,
AUDJPY,H1,Research_2015_2024,2022-09-21 17:00:00,2022-09-20 07:00:00,2022-09-21 00:00:00,2022-09-21 11:00:00,96.538,96.258,96.171,96.112,6,ENTRY_A_B_BREAK,2022-09-26 13:00:00,54267,54193,93.953,2022-09-26 01:00:00,68,2022-09-26 13:00:00,54267,93.953,0,
AUDJPY,H1,Research_2015_2024,2022-10-25 07:00:00,2022-10-21 14:00:00,2022-10-23 22:00:00,2022-10-25 01:00:00,95.741,95.423,94.428,94.225,6,ENTRY_A_B_BREAK,2022-10-26 01:00:00,54781,54757,94.664,2022-10-25 15:00:00,18,2022-10-26 01:00:00,54781,94.664,0,
AUDJPY,H1,Research_2015_2024,2022-10-25 07:00:00,2022-10-21 14:00:00,2022-10-23 22:00:00,2022-10-25 01:00:00,95.741,95.423,94.428,94.225,6,ENTRY_B_B_SUPPORT_REACCEL,2022-10-26 03:00:00,54783,54757,94.872,2022-10-26 02:00:00,18,2022-10-26 01:00:00,54781,94.664,2,2022-10-26 02:00:00
AUDJPY,H1,Research_2015_2024,2022-10-25 07:00:00,2022-10-21 14:00:00,2022-10-23 22:00:00,2022-10-25 01:00:00,95.741,95.423,94.428,94.225,6,ENTRY_C_A_AFTER_B,2022-10-26 01:00:00,54781,54757,94.428,2022-10-25 01:00:00,18,2022-10-26 01:00:00,54781,94.664,0,
AUDJPY,H1,Research_2015_2024,2022-12-04 23:00:00,2022-12-01 14:00:00,2022-12-02 06:00:00,2022-12-02 16:00:00,92.981,92.234,91.87,91.61,7,ENTRY_A_B_BREAK,2022-12-06 05:00:00,55480,55443,92.192,2022-12-05 13:00:00,30,2022-12-06 05:00:00,55480,92.192,0,
AUDJPY,H1,Research_2015_2024,2022-12-04 23:00:00,2022-12-01 14:00:00,2022-12-02 06:00:00,2022-12-02 16:00:00,92.981,92.234,91.87,91.61,7,ENTRY_C_A_AFTER_B,2022-12-06 05:00:00,55480,55443,91.87,2022-12-02 16:00:00,30,2022-12-06 05:00:00,55480,92.192,0,
AUDJPY,H1,Research_2015_2024,2022-12-08 02:00:00,2022-12-06 07:00:00,2022-12-07 06:00:00,2022-12-07 16:00:00,92.334,92.129,91.967,91.877,10,ENTRY_A_B_BREAK,2022-12-09 15:00:00,55562,55515,92.709,2022-12-09 00:00:00,37,2022-12-09 15:00:00,55562,92.709,0,
AUDJPY,H1,Research_2015_2024,2022-12-08 02:00:00,2022-12-06 07:00:00,2022-12-07 06:00:00,2022-12-07 16:00:00,92.334,92.129,91.967,91.877,10,ENTRY_C_A_AFTER_B,2022-12-09 15:00:00,55562,55515,91.967,2022-12-07 16:00:00,37,2022-12-09 15:00:00,55562,92.709,0,
AUDJPY,H1,Research_2015_2024,2022-12-19 09:00:00,2022-12-16 00:00:00,2022-12-16 14:00:00,2022-12-19 03:00:00,92.398,91.888,91.52,91.449,6,ENTRY_A_B_BREAK,2022-12-20 00:00:00,55715,55694,91.956,2022-12-19 17:00:00,15,2022-12-20 00:00:00,55715,91.956,0,
AUDJPY,H1,Research_2015_2024,2022-12-19 09:00:00,2022-12-16 00:00:00,2022-12-16 14:00:00,2022-12-19 03:00:00,92.398,91.888,91.52,91.449,6,ENTRY_C_A_AFTER_B,2022-12-20 00:00:00,55715,55694,91.52,2022-12-19 03:00:00,15,2022-12-20 00:00:00,55715,91.956,0,
AUDJPY,H1,Research_2015_2024,2023-01-02 23:00:00,2022-12-28 15:00:00,2022-12-29 17:00:00,2022-12-30 17:00:00,91.057,90.321,89.735,89.038,30,ENTRY_A_B_BREAK,2023-01-03 23:00:00,55977,55923,88.234,2023-01-03 15:00:00,24,2023-01-03 23:00:00,55977,88.234,0,
AUDJPY,H1,Research_2015_2024,2023-01-02 23:00:00,2022-12-28 15:00:00,2022-12-29 17:00:00,2022-12-30 17:00:00,91.057,90.321,89.735,89.038,30,ENTRY_C_A_AFTER_B,2023-01-04 13:00:00,55991,55923,89.735,2022-12-30 17:00:00,24,2023-01-03 23:00:00,55977,88.234,14,
AUDJPY,H1,Research_2015_2024,2023-01-30 00:00:00,2023-01-26 14:00:00,2023-01-26 20:00:00,2023-01-27 15:00:00,92.813,92.702,92.449,92.608,9,ENTRY_A_B_BREAK,2023-02-01 04:00:00,56462,56401,91.886,2023-01-31 20:00:00,52,2023-02-01 04:00:00,56462,91.886,0,
AUDJPY,H1,Research_2015_2024,2023-02-23 01:00:00,2023-02-21 15:00:00,2023-02-22 00:00:00,2023-02-22 19:00:00,93.009,92.686,92.023,92.096,6,ENTRY_A_B_BREAK,2023-02-23 13:00:00,56855,56837,92.179,2023-02-23 03:00:00,12,2023-02-23 13:00:00,56855,92.179,0,
AUDJPY,H1,Research_2015_2024,2023-02-23 01:00:00,2023-02-21 15:00:00,2023-02-22 00:00:00,2023-02-22 19:00:00,93.009,92.686,92.023,92.096,6,ENTRY_C_A_AFTER_B,2023-02-23 13:00:00,56855,56837,92.023,2023-02-22 19:00:00,12,2023-02-23 13:00:00,56855,92.179,0,
AUDJPY,H1,Research_2015_2024,2023-03-10 04:00:00,2023-03-08 09:00:00,2023-03-09 05:00:00,2023-03-09 14:00:00,90.922,90.503,90.312,90.116,14,ENTRY_A_B_BREAK,2023-03-13 06:00:00,57137,57096,89.572,2023-03-12 23:00:00,27,2023-03-13 06:00:00,57137,89.572,0,
AUDJPY,H1,Research_2015_2024,2023-04-03 04:00:00,2023-03-31 01:00:00,2023-03-31 10:00:00,2023-04-02 21:00:00,89.68,89.389,89.12,88.973,7,ENTRY_A_B_BREAK,2023-04-04 03:00:00,57518,57488,90.051,2023-04-03 13:00:00,23,2023-04-04 03:00:00,57518,90.051,0,
AUDJPY,H1,Research_2015_2024,2023-04-03 04:00:00,2023-03-31 01:00:00,2023-03-31 10:00:00,2023-04-02 21:00:00,89.68,89.389,89.12,88.973,7,ENTRY_C_A_AFTER_B,2023-04-04 03:00:00,57518,57488,89.12,2023-04-02 21:00:00,23,2023-04-04 03:00:00,57518,90.051,0,
AUDJPY,H1,Research_2015_2024,2023-04-07 02:00:00,2023-04-05 20:00:00,2023-04-06 06:00:00,2023-04-06 19:00:00,88.263,88.154,87.994,88.016,7,ENTRY_A_B_BREAK,2023-04-10 00:00:00,57611,57582,88.254,2023-04-07 13:00:00,22,2023-04-10 00:00:00,57611,88.254,0,
AUDJPY,H1,Research_2015_2024,2023-04-07 02:00:00,2023-04-05 20:00:00,2023-04-06 06:00:00,2023-04-06 19:00:00,88.263,88.154,87.994,88.016,7,ENTRY_C_A_AFTER_B,2023-04-10 00:00:00,57611,57582,87.994,2023-04-06 19:00:00,22,2023-04-10 00:00:00,57611,88.254,0,
AUDJPY,H1,Research_2015_2024,2023-04-17 14:00:00,2023-04-13 18:00:00,2023-04-14 14:00:00,2023-04-17 05:00:00,90.17,90.086,90.04,90.021,9,ENTRY_A_B_BREAK,2023-04-19 15:00:00,57794,57736,90.511,2023-04-18 07:00:00,49,2023-04-19 15:00:00,57794,90.511,0,
AUDJPY,H1,Research_2015_2024,2023-04-17 14:00:00,2023-04-13 18:00:00,2023-04-14 14:00:00,2023-04-17 05:00:00,90.17,90.086,90.04,90.021,9,ENTRY_C_A_AFTER_B,2023-04-19 15:00:00,57794,57736,90.04,2023-04-17 05:00:00,49,2023-04-19 15:00:00,57794,90.511,0,
AUDJPY,H1,Research_2015_2024,2023-05-04 12:00:00,2023-05-02 07:00:00,2023-05-03 18:00:00,2023-05-04 05:00:00,92.434,90.711,90.12,89.889,7,ENTRY_A_B_BREAK,2023-05-05 12:00:00,58079,58048,90.446,2023-05-05 06:00:00,24,2023-05-05 12:00:00,58079,90.446,0,
AUDJPY,H1,Research_2015_2024,2023-05-04 12:00:00,2023-05-02 07:00:00,2023-05-03 18:00:00,2023-05-04 05:00:00,92.434,90.711,90.12,89.889,7,ENTRY_B_B_SUPPORT_REACCEL,2023-05-05 14:00:00,58081,58048,90.874,2023-05-05 13:00:00,24,2023-05-05 12:00:00,58079,90.446,2,2023-05-05 13:00:00
AUDJPY,H1,Research_2015_2024,2023-05-04 12:00:00,2023-05-02 07:00:00,2023-05-03 18:00:00,2023-05-04 05:00:00,92.434,90.711,90.12,89.889,7,ENTRY_C_A_AFTER_B,2023-05-05 12:00:00,58079,58048,90.12,2023-05-04 05:00:00,24,2023-05-05 12:00:00,58079,90.446,0,
AUDJPY,H1,Research_2015_2024,2023-05-24 19:00:00,2023-05-23 01:00:00,2023-05-23 15:00:00,2023-05-23 23:00:00,92.348,91.89,91.672,91.101,20,ENTRY_A_B_BREAK,2023-05-26 10:00:00,58437,58378,91.203,2023-05-25 19:00:00,39,2023-05-26 10:00:00,58437,91.203,0,
AUDJPY,H1,Research_2015_2024,2023-05-24 19:00:00,2023-05-23 01:00:00,2023-05-23 15:00:00,2023-05-23 23:00:00,92.348,91.89,91.672,91.101,20,ENTRY_B_B_SUPPORT_REACCEL,2023-05-26 16:00:00,58443,58378,91.505,2023-05-26 14:00:00,39,2023-05-26 10:00:00,58437,91.203,6,2023-05-26 14:00:00
AUDJPY,H1,Research_2015_2024,2023-05-24 19:00:00,2023-05-23 01:00:00,2023-05-23 15:00:00,2023-05-23 23:00:00,92.348,91.89,91.672,91.101,20,ENTRY_C_A_AFTER_B,2023-05-26 18:00:00,58445,58378,91.672,2023-05-23 23:00:00,39,2023-05-26 10:00:00,58437,91.203,8,
AUDJPY,H1,Research_2015_2024,2023-06-01 01:00:00,2023-05-30 09:00:00,2023-05-31 01:00:00,2023-05-31 14:00:00,91.942,91.405,90.887,90.689,11,ENTRY_A_B_BREAK,2023-06-04 21:00:00,58547,58513,91.347,2023-06-01 17:00:00,23,2023-06-04 21:00:00,58547,91.347,0,
AUDJPY,H1,Research_2015_2024,2023-06-01 01:00:00,2023-05-30 09:00:00,2023-05-31 01:00:00,2023-05-31 14:00:00,91.942,91.405,90.887,90.689,11,ENTRY_C_A_AFTER_B,2023-06-04 21:00:00,58547,58513,90.887,2023-05-31 14:00:00,23,2023-06-04 21:00:00,58547,91.347,0,
AUDJPY,H1,Research_2015_2024,2023-06-23 00:00:00,2023-06-18 23:00:00,2023-06-19 07:00:00,2023-06-20 01:00:00,97.673,97.576,97.411,96.783,71,ENTRY_A_B_BREAK,2023-06-23 00:00:00,58886,58815,96.365,2023-06-21 04:00:00,0,2023-06-23 00:00:00,58886,96.365,0,
AUDJPY,H1,Research_2015_2024,2023-06-27 01:00:00,2023-06-23 16:00:00,2023-06-26 01:00:00,2023-06-26 14:00:00,96.165,96.088,95.943,96.202,11,ENTRY_A_B_BREAK,2023-06-29 14:00:00,58996,58924,95.869,2023-06-28 07:00:00,61,2023-06-29 14:00:00,58996,95.869,0,
AUDJPY,H1,Research_2015_2024,2023-06-27 01:00:00,2023-06-23 16:00:00,2023-06-26 01:00:00,2023-06-26 14:00:00,96.165,96.088,95.943,96.202,11,ENTRY_C_A_AFTER_B,2023-06-29 15:00:00,58997,58924,95.943,2023-06-26 14:00:00,61,2023-06-29 14:00:00,58996,95.869,1,
AUDJPY,H1,Research_2015_2024,2023-07-13 01:00:00,2023-07-05 01:00:00,2023-07-06 02:00:00,2023-07-06 11:00:00,96.829,96.31,96.168,94.177,110,ENTRY_A_B_BREAK,2023-07-13 02:00:00,59224,59113,94.211,2023-07-12 13:00:00,1,2023-07-13 02:00:00,59224,94.211,0,
AUDJPY,H1,Research_2015_2024,2023-07-13 01:00:00,2023-07-05 01:00:00,2023-07-06 02:00:00,2023-07-06 11:00:00,96.829,96.31,96.168,94.177,110,ENTRY_B_B_SUPPORT_REACCEL,2023-07-13 05:00:00,59227,59113,94.416,2023-07-13 03:00:00,1,2023-07-13 02:00:00,59224,94.211,3,2023-07-13 03:00:00
AUDJPY,H1,Research_2015_2024,2023-07-18 14:00:00,2023-07-14 10:00:00,2023-07-17 15:00:00,2023-07-18 01:00:00,95.382,94.891,94.781,94.626,13,ENTRY_A_B_BREAK,2023-07-19 13:00:00,59331,59295,94.722,2023-07-18 15:00:00,23,2023-07-19 13:00:00,59331,94.722,0,
AUDJPY,H1,Research_2015_2024,2023-07-18 14:00:00,2023-07-14 10:00:00,2023-07-17 15:00:00,2023-07-18 01:00:00,95.382,94.891,94.781,94.626,13,ENTRY_C_A_AFTER_B,2023-07-20 01:00:00,59343,59295,94.781,2023-07-18 01:00:00,23,2023-07-19 13:00:00,59331,94.722,12,
AUDJPY,H1,Research_2015_2024,2023-08-07 16:00:00,2023-08-04 01:00:00,2023-08-04 16:00:00,2023-08-07 04:00:00,93.927,93.724,93.624,93.605,12,ENTRY_A_B_BREAK,2023-08-09 02:00:00,59680,59634,93.866,2023-08-08 20:00:00,34,2023-08-09 02:00:00,59680,93.866,0,
AUDJPY,H1,Research_2015_2024,2023-08-07 16:00:00,2023-08-04 01:00:00,2023-08-04 16:00:00,2023-08-07 04:00:00,93.927,93.724,93.624,93.605,12,ENTRY_B_B_SUPPORT_REACCEL,2023-08-09 07:00:00,59685,59634,94.01,2023-08-09 03:00:00,34,2023-08-09 02:00:00,59680,93.866,5,2023-08-09 03:00:00
AUDJPY,H1,Research_2015_2024,2023-08-07 16:00:00,2023-08-04 01:00:00,2023-08-04 16:00:00,2023-08-07 04:00:00,93.927,93.724,93.624,93.605,12,ENTRY_C_A_AFTER_B,2023-08-09 02:00:00,59680,59634,93.624,2023-08-07 04:00:00,34,2023-08-09 02:00:00,59680,93.866,0,
AUDJPY,H1,Research_2015_2024,2023-08-14 09:00:00,2023-08-11 01:00:00,2023-08-11 14:00:00,2023-08-14 00:00:00,94.589,94.435,94.228,94.16,9,ENTRY_A_B_BREAK,2023-08-15 02:00:00,59776,59750,94.437,2023-08-14 16:00:00,17,2023-08-15 02:00:00,59776,94.437,0,
AUDJPY,H1,Research_2015_2024,2023-08-14 09:00:00,2023-08-11 01:00:00,2023-08-11 14:00:00,2023-08-14 00:00:00,94.589,94.435,94.228,94.16,9,ENTRY_C_A_AFTER_B,2023-08-15 02:00:00,59776,59750,94.228,2023-08-14 00:00:00,17,2023-08-15 02:00:00,59776,94.437,0,
AUDJPY,H1,Research_2015_2024,2023-08-18 16:00:00,2023-08-17 12:00:00,2023-08-18 02:00:00,2023-08-18 10:00:00,94.001,93.556,93.197,93.046,6,ENTRY_A_B_BREAK,2023-08-21 09:00:00,59879,59856,93.337,2023-08-21 02:00:00,17,2023-08-21 09:00:00,59879,93.337,0,
AUDJPY,H1,Research_2015_2024,2023-08-18 16:00:00,2023-08-17 12:00:00,2023-08-18 02:00:00,2023-08-18 10:00:00,94.001,93.556,93.197,93.046,6,ENTRY_C_A_AFTER_B,2023-08-21 09:00:00,59879,59856,93.197,2023-08-18 10:00:00,17,2023-08-21 09:00:00,59879,93.337,0,
AUDJPY,H1,Research_2015_2024,2023-09-01 12:00:00,2023-08-31 01:00:00,2023-08-31 12:00:00,2023-09-01 01:00:00,94.938,94.733,94.421,94.214,11,ENTRY_A_B_BREAK,2023-09-04 00:00:00,60110,60087,94.345,2023-09-01 12:00:00,12,2023-09-04 00:00:00,60110,94.345,0,
AUDJPY,H1,Research_2015_2024,2023-09-01 12:00:00,2023-08-31 01:00:00,2023-08-31 12:00:00,2023-09-01 01:00:00,94.938,94.733,94.421,94.214,11,ENTRY_B_B_SUPPORT_REACCEL,2023-09-04 02:00:00,60112,60087,94.505,2023-09-04 01:00:00,12,2023-09-04 00:00:00,60110,94.345,2,2023-09-04 01:00:00
AUDJPY,H1,Research_2015_2024,2023-09-01 12:00:00,2023-08-31 01:00:00,2023-08-31 12:00:00,2023-09-01 01:00:00,94.938,94.733,94.421,94.214,11,ENTRY_C_A_AFTER_B,2023-09-04 00:00:00,60110,60087,94.421,2023-09-01 01:00:00,12,2023-09-04 00:00:00,60110,94.345,0,
AUDJPY,H1,Research_2015_2024,2023-09-27 14:00:00,2023-09-26 02:00:00,2023-09-26 13:00:00,2023-09-27 01:00:00,95.767,95.606,95.46,95.32,13,ENTRY_A_B_BREAK,2023-09-29 01:00:00,60567,60519,95.967,2023-09-28 16:00:00,35,2023-09-29 01:00:00,60567,95.967,0,
AUDJPY,H1,Research_2015_2024,2023-09-27 14:00:00,2023-09-26 02:00:00,2023-09-26 13:00:00,2023-09-27 01:00:00,95.767,95.606,95.46,95.32,13,ENTRY_C_A_AFTER_B,2023-09-29 01:00:00,60567,60519,95.46,2023-09-27 01:00:00,35,2023-09-29 01:00:00,60567,95.967,0,
AUDJPY,H1,Research_2015_2024,2023-10-22 23:00:00,2023-10-18 06:00:00,2023-10-19 17:00:00,2023-10-20 14:00:00,95.662,95.165,94.795,94.725,9,ENTRY_A_B_BREAK,2023-10-23 14:00:00,60964,60940,94.742,2023-10-23 00:00:00,15,2023-10-23 14:00:00,60964,94.742,0,
AUDJPY,H1,Research_2015_2024,2023-10-22 23:00:00,2023-10-18 06:00:00,2023-10-19 17:00:00,2023-10-20 14:00:00,95.662,95.165,94.795,94.725,9,ENTRY_B_B_SUPPORT_REACCEL,2023-10-23 16:00:00,60966,60940,94.932,2023-10-23 15:00:00,15,2023-10-23 14:00:00,60964,94.742,2,2023-10-23 15:00:00
AUDJPY,H1,Research_2015_2024,2023-10-22 23:00:00,2023-10-18 06:00:00,2023-10-19 17:00:00,2023-10-20 14:00:00,95.662,95.165,94.795,94.725,9,ENTRY_C_A_AFTER_B,2023-10-23 15:00:00,60965,60940,94.795,2023-10-20 14:00:00,15,2023-10-23 14:00:00,60964,94.742,1,
AUDJPY,H1,Research_2015_2024,2024-01-04 02:00:00,2023-12-28 16:00:00,2023-12-29 01:00:00,2024-01-02 09:00:00,96.905,96.857,96.713,96.542,41,ENTRY_A_B_BREAK,2024-01-04 02:00:00,62183,62142,96.203,2024-01-03 00:00:00,0,2024-01-04 02:00:00,62183,96.203,0,
AUDJPY,H1,Research_2015_2024,2024-01-04 02:00:00,2023-12-28 16:00:00,2023-12-29 01:00:00,2024-01-02 09:00:00,96.905,96.857,96.713,96.542,41,ENTRY_C_A_AFTER_B,2024-01-04 04:00:00,62185,62142,96.713,2024-01-02 09:00:00,0,2024-01-04 02:00:00,62183,96.203,2,
AUDJPY,H1,Research_2015_2024,2024-01-15 02:00:00,2024-01-11 02:00:00,2024-01-12 02:00:00,2024-01-12 13:00:00,97.796,97.449,97.312,97.154,13,ENTRY_A_B_BREAK,2024-01-17 00:00:00,62397,62338,97.041,2024-01-16 16:00:00,46,2024-01-17 00:00:00,62397,97.041,0,
AUDJPY,H1,Research_2015_2024,2024-01-15 02:00:00,2024-01-11 02:00:00,2024-01-12 02:00:00,2024-01-12 13:00:00,97.796,97.449,97.312,97.154,13,ENTRY_C_A_AFTER_B,2024-01-18 20:00:00,62441,62338,97.312,2024-01-12 13:00:00,46,2024-01-17 00:00:00,62397,97.041,44,
AUDJPY,H1,Research_2015_2024,2024-01-25 03:00:00,2024-01-23 21:00:00,2024-01-24 09:00:00,2024-01-24 18:00:00,97.635,97.392,97.236,97.089,9,ENTRY_A_B_BREAK,2024-01-26 05:00:00,62570,62535,97.357,2024-01-25 14:00:00,26,2024-01-26 05:00:00,62570,97.357,0,
AUDJPY,H1,Research_2015_2024,2024-01-25 03:00:00,2024-01-23 21:00:00,2024-01-24 09:00:00,2024-01-24 18:00:00,97.635,97.392,97.236,97.089,9,ENTRY_C_A_AFTER_B,2024-01-26 05:00:00,62570,62535,97.236,2024-01-24 18:00:00,26,2024-01-26 05:00:00,62570,97.357,0,
AUDJPY,H1,Research_2015_2024,2024-02-08 01:00:00,2024-01-30 01:00:00,2024-01-30 20:00:00,2024-01-31 14:00:00,97.583,97.503,97.379,96.786,131,ENTRY_A_B_BREAK,2024-02-08 06:00:00,62787,62651,96.922,2024-02-02 10:00:00,5,2024-02-08 06:00:00,62787,96.922,0,
AUDJPY,H1,Research_2015_2024,2024-02-08 01:00:00,2024-01-30 01:00:00,2024-01-30 20:00:00,2024-01-31 14:00:00,97.583,97.503,97.379,96.786,131,ENTRY_C_A_AFTER_B,2024-02-09 13:00:00,62818,62651,97.379,2024-01-31 14:00:00,5,2024-02-08 06:00:00,62787,96.922,31,
AUDJPY,H1,Research_2015_2024,2024-02-28 00:00:00,2024-02-25 23:00:00,2024-02-26 14:00:00,2024-02-27 07:00:00,98.836,98.763,98.621,98.522,17,ENTRY_A_B_BREAK,2024-03-01 00:00:00,63165,63100,97.572,2024-02-29 14:00:00,48,2024-03-01 00:00:00,63165,97.572,0,
AUDJPY,H1,Research_2015_2024,2024-03-13 04:00:00,2024-03-08 08:00:00,2024-03-12 12:00:00,2024-03-12 20:00:00,98.152,97.701,97.58,97.593,8,ENTRY_A_B_BREAK,2024-03-18 08:00:00,63438,63354,97.959,2024-03-13 18:00:00,76,2024-03-18 08:00:00,63438,97.959,0,
AUDJPY,H1,Research_2015_2024,2024-03-13 04:00:00,2024-03-08 08:00:00,2024-03-12 12:00:00,2024-03-12 20:00:00,98.152,97.701,97.58,97.593,8,ENTRY_C_A_AFTER_B,2024-03-18 08:00:00,63438,63354,97.58,2024-03-12 20:00:00,76,2024-03-18 08:00:00,63438,97.959,0,
AUDJPY,H1,Research_2015_2024,2024-06-06 01:00:00,2024-06-04 00:00:00,2024-06-05 08:00:00,2024-06-05 19:00:00,104.625,104.004,103.866,103.922,6,ENTRY_A_B_BREAK,2024-06-10 15:00:00,64882,64814,103.603,2024-06-10 06:00:00,62,2024-06-10 15:00:00,64882,103.603,0,
AUDJPY,H1,Research_2015_2024,2024-06-06 01:00:00,2024-06-04 00:00:00,2024-06-05 08:00:00,2024-06-05 19:00:00,104.625,104.004,103.866,103.922,6,ENTRY_B_B_SUPPORT_REACCEL,2024-06-10 18:00:00,64885,64814,103.748,2024-06-10 17:00:00,62,2024-06-10 15:00:00,64882,103.603,3,2024-06-10 17:00:00
AUDJPY,H1,Research_2015_2024,2024-06-06 01:00:00,2024-06-04 00:00:00,2024-06-05 08:00:00,2024-06-05 19:00:00,104.625,104.004,103.866,103.922,6,ENTRY_C_A_AFTER_B,2024-06-11 06:00:00,64897,64814,103.866,2024-06-05 19:00:00,62,2024-06-10 15:00:00,64882,103.603,15,
AUDJPY,H1,Research_2015_2024,2024-07-26 02:00:00,2024-07-21 23:00:00,2024-07-24 00:00:00,2024-07-25 16:00:00,105.424,103.114,101.152,100.809,10,ENTRY_A_B_BREAK,2024-07-26 07:00:00,65690,65675,100.879,2024-07-26 00:00:00,5,2024-07-26 07:00:00,65690,100.879,0,
AUDJPY,H1,Research_2015_2024,2024-07-26 02:00:00,2024-07-21 23:00:00,2024-07-24 00:00:00,2024-07-25 16:00:00,105.424,103.114,101.152,100.809,10,ENTRY_B_B_SUPPORT_REACCEL,2024-07-26 10:00:00,65693,65675,101.328,2024-07-26 08:00:00,5,2024-07-26 07:00:00,65690,100.879,3,2024-07-26 08:00:00
AUDJPY,H1,Research_2015_2024,2024-07-26 02:00:00,2024-07-21 23:00:00,2024-07-24 00:00:00,2024-07-25 16:00:00,105.424,103.114,101.152,100.809,10,ENTRY_C_A_AFTER_B,2024-07-26 08:00:00,65691,65675,101.152,2024-07-25 16:00:00,5,2024-07-26 07:00:00,65690,100.879,1,
AUDJPY,H1,Research_2015_2024,2024-09-05 08:00:00,2024-09-03 00:00:00,2024-09-04 13:00:00,2024-09-05 02:00:00,99.838,97.648,96.836,96.64,6,ENTRY_A_B_BREAK,2024-09-10 06:00:00,66457,66381,95.629,2024-09-09 02:00:00,70,2024-09-10 06:00:00,66457,95.629,0,
AUDJPY,H1,Research_2015_2024,2024-10-16 16:00:00,2024-10-14 14:00:00,2024-10-15 14:00:00,2024-10-16 05:00:00,100.948,100.38,100.051,99.834,11,ENTRY_A_B_BREAK,2024-10-17 00:00:00,67099,67080,99.866,2024-10-16 17:00:00,8,2024-10-17 00:00:00,67099,99.866,0,
AUDJPY,H1,Research_2015_2024,2024-10-16 16:00:00,2024-10-14 14:00:00,2024-10-15 14:00:00,2024-10-16 05:00:00,100.948,100.38,100.051,99.834,11,ENTRY_B_B_SUPPORT_REACCEL,2024-10-17 14:00:00,67113,67080,100.37,2024-10-17 02:00:00,8,2024-10-17 00:00:00,67099,99.866,14,2024-10-17 02:00:00
AUDJPY,H1,Research_2015_2024,2024-10-16 16:00:00,2024-10-14 14:00:00,2024-10-15 14:00:00,2024-10-16 05:00:00,100.948,100.38,100.051,99.834,11,ENTRY_C_A_AFTER_B,2024-10-17 00:00:00,67099,67080,100.051,2024-10-16 05:00:00,8,2024-10-17 00:00:00,67099,99.866,0,
AUDJPY,H1,Research_2015_2024,2024-10-30 09:00:00,2024-10-28 02:00:00,2024-10-29 08:00:00,2024-10-30 02:00:00,101.521,100.953,100.689,100.669,7,ENTRY_A_B_BREAK,2024-11-01 14:00:00,67377,67317,100.362,2024-11-01 04:00:00,53,2024-11-01 14:00:00,67377,100.362,0,
AUDJPY,H1,Research_2015_2024,2024-10-30 09:00:00,2024-10-28 02:00:00,2024-10-29 08:00:00,2024-10-30 02:00:00,101.521,100.953,100.689,100.669,7,ENTRY_C_A_AFTER_B,2024-11-05 08:00:00,67418,67317,100.689,2024-10-30 02:00:00,53,2024-11-01 14:00:00,67377,100.362,41,
AUDJPY,H1,Research_2015_2024,2024-11-13 02:00:00,2024-11-11 05:00:00,2024-11-11 12:00:00,2024-11-12 01:00:00,101.355,101.309,101.262,101.166,25,ENTRY_A_B_BREAK,2024-11-13 02:00:00,67556,67531,101.148,2024-11-12 14:00:00,0,2024-11-13 02:00:00,67556,101.148,0,
AUDJPY,H1,Research_2015_2024,2024-11-13 02:00:00,2024-11-11 05:00:00,2024-11-11 12:00:00,2024-11-12 01:00:00,101.355,101.309,101.262,101.166,25,ENTRY_B_B_SUPPORT_REACCEL,2024-11-13 04:00:00,67558,67531,101.196,2024-11-13 03:00:00,0,2024-11-13 02:00:00,67556,101.148,2,2024-11-13 03:00:00
AUDJPY,H1,Research_2015_2024,2024-11-13 02:00:00,2024-11-11 12:00:00,2024-11-12 01:00:00,2024-11-12 14:00:00,101.309,101.262,101.148,101.166,12,ENTRY_A_B_BREAK,2024-11-18 15:00:00,67641,67544,100.369,2024-11-18 01:00:00,85,2024-11-18 15:00:00,67641,100.369,0,
AUDJPY,H1,Research_2015_2024,2024-11-13 02:00:00,2024-11-11 12:00:00,2024-11-12 01:00:00,2024-11-12 14:00:00,101.309,101.262,101.148,101.166,12,ENTRY_B_B_SUPPORT_REACCEL,2024-11-19 06:00:00,67656,67544,100.502,2024-11-19 05:00:00,85,2024-11-18 15:00:00,67641,100.369,15,2024-11-19 05:00:00
AUDJPY,H1,Research_2015_2024,2024-11-13 02:00:00,2024-11-11 12:00:00,2024-11-12 01:00:00,2024-11-12 14:00:00,101.309,101.262,101.148,101.166,12,ENTRY_C_A_AFTER_B,2024-11-19 23:00:00,67673,67544,101.148,2024-11-12 14:00:00,85,2024-11-18 15:00:00,67641,100.369,32,
AUDJPY,H1,Research_2015_2024,2024-11-24 22:00:00,2024-11-21 05:00:00,2024-11-22 08:00:00,2024-11-22 14:00:00,101.142,100.804,100.728,100.745,8,ENTRY_A_B_BREAK,2024-11-28 08:00:00,67826,67736,98.608,2024-11-28 01:00:00,82,2024-11-28 08:00:00,67826,98.608,0,
AUDJPY,H1,Research_2015_2024,2024-12-04 19:00:00,2024-12-02 05:00:00,2024-12-03 08:00:00,2024-12-04 00:00:00,98.017,97.541,97.146,96.813,19,ENTRY_A_B_BREAK,2024-12-04 20:00:00,67934,67914,96.916,2024-12-04 08:00:00,1,2024-12-04 20:00:00,67934,96.916,0,
AUDJPY,H1,Research_2015_2024,2024-12-04 19:00:00,2024-12-02 05:00:00,2024-12-03 08:00:00,2024-12-04 00:00:00,98.017,97.541,97.146,96.813,19,ENTRY_C_A_AFTER_B,2024-12-09 12:00:00,67998,67914,97.146,2024-12-04 00:00:00,1,2024-12-04 20:00:00,67934,96.916,64,
AUDJPY,H1,Research_2015_2024,2024-12-04 15:00:00,2024-12-03 08:00:00,2024-12-04 00:00:00,2024-12-04 08:00:00,97.541,97.146,96.916,96.755,7,ENTRY_A_B_BREAK,2024-12-09 07:00:00,67993,67922,96.045,2024-12-08 23:00:00,64,2024-12-09 07:00:00,67993,96.045,0,
AUDJPY,H1,Research_2015_2024,2024-12-04 15:00:00,2024-12-03 08:00:00,2024-12-04 00:00:00,2024-12-04 08:00:00,97.541,97.146,96.916,96.755,7,ENTRY_C_A_AFTER_B,2024-12-09 10:00:00,67996,67922,96.916,2024-12-04 08:00:00,64,2024-12-09 07:00:00,67993,96.045,3,
AUDJPY,H1,OOS_2025_2026,2025-01-14 15:00:00,2025-01-07 23:00:00,2025-01-08 19:00:00,2025-01-10 05:00:00,98.658,98.498,98.199,97.868,58,ENTRY_A_B_BREAK,2025-01-14 15:00:00,68566,68508,97.693,2025-01-14 01:00:00,0,2025-01-14 15:00:00,68566,97.693,0,
AUDJPY,H1,OOS_2025_2026,2025-01-17 15:00:00,2025-01-14 15:00:00,2025-01-14 22:00:00,2025-01-15 14:00:00,97.957,97.864,97.66,97.072,49,ENTRY_A_B_BREAK,2025-01-20 13:00:00,68660,68589,97.16,2025-01-17 16:00:00,22,2025-01-20 13:00:00,68660,97.16,0,
AUDJPY,H1,OOS_2025_2026,2025-01-17 15:00:00,2025-01-14 15:00:00,2025-01-14 22:00:00,2025-01-15 14:00:00,97.957,97.864,97.66,97.072,49,ENTRY_B_B_SUPPORT_REACCEL,2025-01-20 19:00:00,68666,68589,97.555,2025-01-20 17:00:00,22,2025-01-20 13:00:00,68660,97.16,6,2025-01-20 17:00:00
AUDJPY,H1,OOS_2025_2026,2025-01-17 15:00:00,2025-01-14 15:00:00,2025-01-14 22:00:00,2025-01-15 14:00:00,97.957,97.864,97.66,97.072,49,ENTRY_C_A_AFTER_B,2025-01-22 03:00:00,68698,68589,97.66,2025-01-15 14:00:00,22,2025-01-20 13:00:00,68660,97.16,38,
AUDJPY,H1,OOS_2025_2026,2025-02-06 16:00:00,2025-02-05 14:00:00,2025-02-05 20:00:00,2025-02-06 07:00:00,96.214,96.015,95.69,95.43,9,ENTRY_A_B_BREAK,2025-02-07 08:00:00,68991,68966,95.522,2025-02-07 02:00:00,16,2025-02-07 08:00:00,68991,95.522,0,
AUDJPY,H1,OOS_2025_2026,2025-02-06 16:00:00,2025-02-05 14:00:00,2025-02-05 20:00:00,2025-02-06 07:00:00,96.214,96.015,95.69,95.43,9,ENTRY_B_B_SUPPORT_REACCEL,2025-02-07 10:00:00,68993,68966,95.59,2025-02-07 09:00:00,16,2025-02-07 08:00:00,68991,95.522,2,2025-02-07 09:00:00
AUDJPY,H1,OOS_2025_2026,2025-02-06 16:00:00,2025-02-05 14:00:00,2025-02-05 20:00:00,2025-02-06 07:00:00,96.214,96.015,95.69,95.43,9,ENTRY_C_A_AFTER_B,2025-02-11 12:00:00,69043,68966,95.69,2025-02-06 07:00:00,16,2025-02-07 08:00:00,68991,95.522,52,
AUDJPY,H1,OOS_2025_2026,2025-02-27 09:00:00,2025-02-24 13:00:00,2025-02-25 01:00:00,2025-02-25 13:00:00,95.448,95.312,95.068,94.431,44,ENTRY_A_B_BREAK,2025-03-03 11:00:00,69378,69284,93.853,2025-02-28 13:00:00,50,2025-03-03 11:00:00,69378,93.853,0,
AUDJPY,H1,OOS_2025_2026,2025-03-07 14:00:00,2025-03-06 16:00:00,2025-03-07 00:00:00,2025-03-07 08:00:00,94.395,93.808,93.283,93.015,6,ENTRY_A_B_BREAK,2025-03-11 08:00:00,69520,69471,92.555,2025-03-11 02:00:00,43,2025-03-11 08:00:00,69520,92.555,0,
AUDJPY,H1,OOS_2025_2026,2025-03-07 14:00:00,2025-03-06 16:00:00,2025-03-07 00:00:00,2025-03-07 08:00:00,94.395,93.808,93.283,93.015,6,ENTRY_B_B_SUPPORT_REACCEL,2025-03-11 11:00:00,69523,69471,92.785,2025-03-11 09:00:00,43,2025-03-11 08:00:00,69520,92.555,3,2025-03-11 09:00:00
AUDJPY,H1,OOS_2025_2026,2025-03-07 14:00:00,2025-03-06 16:00:00,2025-03-07 00:00:00,2025-03-07 08:00:00,94.395,93.808,93.283,93.015,6,ENTRY_C_A_AFTER_B,2025-03-12 07:00:00,69543,69471,93.283,2025-03-07 08:00:00,43,2025-03-11 08:00:00,69520,92.555,23,
AUDJPY,H1,OOS_2025_2026,2025-04-22 21:00:00,2025-04-17 18:00:00,2025-04-21 11:00:00,2025-04-22 00:00:00,91.169,90.656,90.571,90.709,21,ENTRY_A_B_BREAK,2025-04-23 13:00:00,70269,70232,91.032,2025-04-22 23:00:00,16,2025-04-23 13:00:00,70269,91.032,0,
AUDJPY,H1,OOS_2025_2026,2025-04-22 21:00:00,2025-04-17 18:00:00,2025-04-21 11:00:00,2025-04-22 00:00:00,91.169,90.656,90.571,90.709,21,ENTRY_C_A_AFTER_B,2025-04-23 13:00:00,70269,70232,90.571,2025-04-22 00:00:00,16,2025-04-23 13:00:00,70269,91.032,0,
AUDJPY,H1,OOS_2025_2026,2025-04-30 09:00:00,2025-04-25 04:00:00,2025-04-25 17:00:00,2025-04-28 06:00:00,92.219,92.097,91.954,91.524,51,ENTRY_A_B_BREAK,2025-04-30 20:00:00,70396,70334,91.542,2025-04-30 09:00:00,11,2025-04-30 20:00:00,70396,91.542,0,
AUDJPY,H1,OOS_2025_2026,2025-04-30 09:00:00,2025-04-25 04:00:00,2025-04-25 17:00:00,2025-04-28 06:00:00,92.219,92.097,91.954,91.524,51,ENTRY_B_B_SUPPORT_REACCEL,2025-05-01 01:00:00,70401,70334,91.734,2025-04-30 22:00:00,11,2025-04-30 20:00:00,70396,91.542,5,2025-04-30 22:00:00
AUDJPY,H1,OOS_2025_2026,2025-04-30 09:00:00,2025-04-25 04:00:00,2025-04-25 17:00:00,2025-04-28 06:00:00,92.219,92.097,91.954,91.524,51,ENTRY_C_A_AFTER_B,2025-05-01 03:00:00,70403,70334,91.954,2025-04-28 06:00:00,11,2025-04-30 20:00:00,70396,91.542,7,
AUDJPY,H1,OOS_2025_2026,2025-05-06 22:00:00,2025-05-05 07:00:00,2025-05-06 01:00:00,2025-05-06 16:00:00,93.473,93.045,92.799,93.222,6,ENTRY_A_B_BREAK,2025-05-08 08:00:00,70528,70488,92.808,2025-05-08 02:00:00,34,2025-05-08 08:00:00,70528,92.808,0,
AUDJPY,H1,OOS_2025_2026,2025-05-06 22:00:00,2025-05-05 07:00:00,2025-05-06 01:00:00,2025-05-06 16:00:00,93.473,93.045,92.799,93.222,6,ENTRY_B_B_SUPPORT_REACCEL,2025-05-08 15:00:00,70535,70488,93.122,2025-05-08 09:00:00,34,2025-05-08 08:00:00,70528,92.808,7,2025-05-08 09:00:00
AUDJPY,H1,OOS_2025_2026,2025-05-06 22:00:00,2025-05-05 07:00:00,2025-05-06 01:00:00,2025-05-06 16:00:00,93.473,93.045,92.799,93.222,6,ENTRY_C_A_AFTER_B,2025-05-08 08:00:00,70528,70488,92.799,2025-05-06 16:00:00,34,2025-05-08 08:00:00,70528,92.808,0,
AUDJPY,H1,OOS_2025_2026,2025-05-23 07:00:00,2025-05-21 16:00:00,2025-05-22 18:00:00,2025-05-23 01:00:00,92.935,92.518,92.446,92.473,6,ENTRY_A_B_BREAK,2025-05-28 23:00:00,70879,70785,93.195,2025-05-26 06:00:00,88,2025-05-28 23:00:00,70879,93.195,0,
AUDJPY,H1,OOS_2025_2026,2025-05-23 07:00:00,2025-05-21 16:00:00,2025-05-22 18:00:00,2025-05-23 01:00:00,92.935,92.518,92.446,92.473,6,ENTRY_C_A_AFTER_B,2025-05-28 23:00:00,70879,70785,92.446,2025-05-23 01:00:00,88,2025-05-28 23:00:00,70879,93.195,0,
AUDJPY,H1,OOS_2025_2026,2025-06-30 13:00:00,2025-06-27 00:00:00,2025-06-27 07:00:00,2025-06-30 00:00:00,94.851,94.748,94.546,94.474,13,ENTRY_A_B_BREAK,2025-07-02 09:00:00,71465,71408,94.56,2025-07-01 19:00:00,44,2025-07-02 09:00:00,71465,94.56,0,
AUDJPY,H1,OOS_2025_2026,2025-06-30 13:00:00,2025-06-27 00:00:00,2025-06-27 07:00:00,2025-06-30 00:00:00,94.851,94.748,94.546,94.474,13,ENTRY_C_A_AFTER_B,2025-07-02 09:00:00,71465,71408,94.546,2025-06-30 00:00:00,44,2025-07-02 09:00:00,71465,94.56,0,
AUDJPY,H1,OOS_2025_2026,2026-02-27 05:00:00,2026-02-25 19:00:00,2026-02-26 06:00:00,2026-02-26 19:00:00,111.476,111.301,111.062,111.044,10,ENTRY_A_B_BREAK,2026-03-02 10:00:00,72525,72486,111.227,2026-03-02 01:00:00,29,2026-03-02 10:00:00,72525,111.227,0,
AUDJPY,H1,OOS_2025_2026,2026-02-27 05:00:00,2026-02-25 19:00:00,2026-02-26 06:00:00,2026-02-26 19:00:00,111.476,111.301,111.062,111.044,10,ENTRY_C_A_AFTER_B,2026-03-02 10:00:00,72525,72486,111.062,2026-02-26 19:00:00,29,2026-03-02 10:00:00,72525,111.227,0,
AUDJPY,H1,OOS_2025_2026,2026-03-16 06:00:00,2026-03-13 02:00:00,2026-03-13 12:00:00,2026-03-16 00:00:00,112.89,112.447,111.911,111.79,6,ENTRY_A_B_BREAK,2026-03-17 01:00:00,72781,72756,112.581,2026-03-16 19:00:00,19,2026-03-17 01:00:00,72781,112.581,0,
AUDJPY,H1,OOS_2025_2026,2026-03-16 06:00:00,2026-03-13 02:00:00,2026-03-13 12:00:00,2026-03-16 00:00:00,112.89,112.447,111.911,111.79,6,ENTRY_B_B_SUPPORT_REACCEL,2026-03-17 13:00:00,72793,72756,112.922,2026-03-17 04:00:00,19,2026-03-17 01:00:00,72781,112.581,12,2026-03-17 04:00:00
AUDJPY,H1,OOS_2025_2026,2026-03-16 06:00:00,2026-03-13 02:00:00,2026-03-13 12:00:00,2026-03-16 00:00:00,112.89,112.447,111.911,111.79,6,ENTRY_C_A_AFTER_B,2026-03-17 01:00:00,72781,72756,111.911,2026-03-16 00:00:00,19,2026-03-17 01:00:00,72781,112.581,0,
AUDJPY,H1,OOS_2025_2026,2026-04-24 15:00:00,2026-04-23 08:00:00,2026-04-24 01:00:00,2026-04-24 08:00:00,114.261,113.993,113.951,113.962,7,ENTRY_A_B_BREAK,2026-04-28 00:00:00,73500,73460,114.636,2026-04-27 17:00:00,33,2026-04-28 00:00:00,73500,114.636,0,
AUDJPY,H1,OOS_2025_2026,2026-04-24 15:00:00,2026-04-23 08:00:00,2026-04-24 01:00:00,2026-04-24 08:00:00,114.261,113.993,113.951,113.962,7,ENTRY_C_A_AFTER_B,2026-04-28 00:00:00,73500,73460,113.951,2026-04-24 08:00:00,33,2026-04-28 00:00:00,73500,114.636,0,
AUDJPY,H4,Research_2015_2024,2014-02-04 08:00:00,2014-01-22 04:00:00,2014-01-29 00:00:00,2014-01-31 00:00:00,92.693,91.112,90.727,90.164,15,ENTRY_A_B_BREAK,2014-02-06 00:00:00,157,132,90.896,2014-02-04 16:00:00,10,2014-02-06 00:00:00,157,90.896,0,
AUDJPY,H4,Research_2015_2024,2014-02-04 08:00:00,2014-01-22 04:00:00,2014-01-29 00:00:00,2014-01-31 00:00:00,92.693,91.112,90.727,90.164,15,ENTRY_B_B_SUPPORT_REACCEL,2014-02-06 12:00:00,160,132,91.12,2014-02-06 04:00:00,10,2014-02-06 00:00:00,157,90.896,3,2014-02-06 04:00:00
AUDJPY,H4,Research_2015_2024,2014-02-04 08:00:00,2014-01-22 04:00:00,2014-01-29 00:00:00,2014-01-31 00:00:00,92.693,91.112,90.727,90.164,15,ENTRY_C_A_AFTER_B,2014-02-06 00:00:00,157,132,90.727,2014-01-31 00:00:00,10,2014-02-06 00:00:00,157,90.896,0,
AUDJPY,H4,Research_2015_2024,2014-02-17 16:00:00,2014-02-12 00:00:00,2014-02-14 00:00:00,2014-02-16 20:00:00,92.97,92.296,92.169,92.006,5,ENTRY_A_B_BREAK,2014-02-24 16:00:00,236,200,92.405,2014-02-21 04:00:00,31,2014-02-24 16:00:00,236,92.405,0,
AUDJPY,H4,Research_2015_2024,2014-02-17 16:00:00,2014-02-12 00:00:00,2014-02-14 00:00:00,2014-02-16 20:00:00,92.97,92.296,92.169,92.006,5,ENTRY_C_A_AFTER_B,2014-02-24 16:00:00,236,200,92.169,2014-02-16 20:00:00,31,2014-02-24 16:00:00,236,92.405,0,
AUDJPY,H4,Research_2015_2024,2014-05-06 04:00:00,2014-04-30 08:00:00,2014-05-01 08:00:00,2014-05-02 04:00:00,95.269,95.148,95.043,94.945,13,ENTRY_A_B_BREAK,2014-05-08 00:00:00,560,536,95.172,2014-05-06 16:00:00,11,2014-05-08 00:00:00,560,95.172,0,
AUDJPY,H4,Research_2015_2024,2014-05-06 04:00:00,2014-04-30 08:00:00,2014-05-01 08:00:00,2014-05-02 04:00:00,95.269,95.148,95.043,94.945,13,ENTRY_C_A_AFTER_B,2014-05-08 00:00:00,560,536,95.043,2014-05-02 04:00:00,11,2014-05-08 00:00:00,560,95.172,0,
AUDJPY,H4,Research_2015_2024,2014-05-22 00:00:00,2014-05-14 04:00:00,2014-05-15 04:00:00,2014-05-18 20:00:00,96.102,95.795,95.18,94.215,19,ENTRY_A_B_BREAK,2014-05-27 00:00:00,641,603,94.359,2014-05-22 04:00:00,19,2014-05-27 00:00:00,641,94.359,0,
AUDJPY,H4,Research_2015_2024,2014-05-22 00:00:00,2014-05-14 04:00:00,2014-05-15 04:00:00,2014-05-18 20:00:00,96.102,95.795,95.18,94.215,19,ENTRY_B_B_SUPPORT_REACCEL,2014-05-27 20:00:00,646,603,94.46,2014-05-27 12:00:00,19,2014-05-27 00:00:00,641,94.359,5,2014-05-27 12:00:00
AUDJPY,H4,Research_2015_2024,2014-05-22 00:00:00,2014-05-14 04:00:00,2014-05-15 04:00:00,2014-05-18 20:00:00,96.102,95.795,95.18,94.215,19,ENTRY_C_A_AFTER_B,2014-06-04 00:00:00,678,603,95.18,2014-05-18 20:00:00,19,2014-05-27 00:00:00,641,94.359,37,
AUDJPY,H4,Research_2015_2024,2014-07-07 04:00:00,2014-07-01 16:00:00,2014-07-02 16:00:00,2014-07-04 16:00:00,96.497,96.173,95.623,95.498,4,ENTRY_A_B_BREAK,2014-07-14 08:00:00,854,818,95.326,2014-07-11 12:00:00,32,2014-07-14 08:00:00,854,95.326,0,
AUDJPY,H4,Research_2015_2024,2014-07-07 04:00:00,2014-07-01 16:00:00,2014-07-02 16:00:00,2014-07-04 16:00:00,96.497,96.173,95.623,95.498,4,ENTRY_B_B_SUPPORT_REACCEL,2014-07-15 00:00:00,858,818,95.439,2014-07-14 12:00:00,32,2014-07-14 08:00:00,854,95.326,4,2014-07-14 12:00:00
AUDJPY,H4,Research_2015_2024,2014-07-07 04:00:00,2014-07-01 16:00:00,2014-07-02 16:00:00,2014-07-04 16:00:00,96.497,96.173,95.623,95.498,4,ENTRY_C_A_AFTER_B,2014-07-23 00:00:00,895,818,95.623,2014-07-04 16:00:00,32,2014-07-14 08:00:00,854,95.326,41,
AUDJPY,H4,Research_2015_2024,2014-10-16 20:00:00,2014-10-09 04:00:00,2014-10-14 00:00:00,2014-10-15 04:00:00,95.833,94.51,94.009,93.347,10,ENTRY_A_B_BREAK,2014-10-22 12:00:00,1301,1268,94.215,2014-10-20 00:00:00,23,2014-10-22 12:00:00,1301,94.215,0,
AUDJPY,H4,Research_2015_2024,2014-10-16 20:00:00,2014-10-09 04:00:00,2014-10-14 00:00:00,2014-10-15 04:00:00,95.833,94.51,94.009,93.347,10,ENTRY_C_A_AFTER_B,2014-10-22 12:00:00,1301,1268,94.009,2014-10-15 04:00:00,23,2014-10-22 12:00:00,1301,94.215,0,
AUDJPY,H4,Research_2015_2024,2014-11-21 08:00:00,2014-11-16 20:00:00,2014-11-18 08:00:00,2014-11-20 04:00:00,102.399,102.232,102.019,102.641,7,ENTRY_A_B_BREAK,2014-11-28 12:00:00,1468,1429,101.055,2014-11-27 04:00:00,32,2014-11-28 12:00:00,1468,101.055,0,
AUDJPY,H4,Research_2015_2024,2014-11-28 08:00:00,2014-11-21 08:00:00,2014-11-24 00:00:00,2014-11-27 04:00:00,102.841,102.465,101.055,100.751,7,ENTRY_A_B_BREAK,2014-12-05 12:00:00,1499,1460,100.942,2014-12-04 00:00:00,32,2014-12-05 12:00:00,1499,100.942,0,
AUDJPY,H4,Research_2015_2024,2014-11-28 08:00:00,2014-11-21 08:00:00,2014-11-24 00:00:00,2014-11-27 04:00:00,102.841,102.465,101.055,100.751,7,ENTRY_C_A_AFTER_B,2014-12-05 12:00:00,1499,1460,101.055,2014-11-27 04:00:00,32,2014-12-05 12:00:00,1499,100.942,0,
AUDJPY,H4,Research_2015_2024,2014-12-17 20:00:00,2014-12-05 12:00:00,2014-12-10 08:00:00,2014-12-11 16:00:00,101.36,99.469,98.776,96.501,26,ENTRY_A_B_BREAK,2014-12-23 08:00:00,1573,1525,97.613,2014-12-18 12:00:00,22,2014-12-23 08:00:00,1573,97.613,0,
AUDJPY,H4,Research_2015_2024,2015-04-03 04:00:00,2015-03-31 00:00:00,2015-04-01 04:00:00,2015-04-02 12:00:00,92.064,91.658,91.031,90.842,4,ENTRY_A_B_BREAK,2015-04-08 04:00:00,2031,2008,92.179,2015-04-07 04:00:00,19,2015-04-08 04:00:00,2031,92.179,0,
AUDJPY,H4,Research_2015_2024,2015-04-03 04:00:00,2015-03-31 00:00:00,2015-04-01 04:00:00,2015-04-02 12:00:00,92.064,91.658,91.031,90.842,4,ENTRY_B_B_SUPPORT_REACCEL,2015-04-09 00:00:00,2036,2008,92.596,2015-04-08 08:00:00,19,2015-04-08 04:00:00,2031,92.179,5,2015-04-08 08:00:00
AUDJPY,H4,Research_2015_2024,2015-04-03 04:00:00,2015-03-31 00:00:00,2015-04-01 04:00:00,2015-04-02 12:00:00,92.064,91.658,91.031,90.842,4,ENTRY_C_A_AFTER_B,2015-04-08 04:00:00,2031,2008,91.031,2015-04-02 12:00:00,19,2015-04-08 04:00:00,2031,92.179,0,
AUDJPY,H4,Research_2015_2024,2015-05-21 00:00:00,2015-05-14 00:00:00,2015-05-19 04:00:00,2015-05-20 00:00:00,97.292,96.058,95.887,95.631,6,ENTRY_A_B_BREAK,2015-05-26 00:00:00,2241,2216,95.292,2015-05-25 04:00:00,19,2015-05-26 00:00:00,2241,95.292,0,
AUDJPY,H4,Research_2015_2024,2015-05-21 00:00:00,2015-05-14 00:00:00,2015-05-19 04:00:00,2015-05-20 00:00:00,97.292,96.058,95.887,95.631,6,ENTRY_C_A_AFTER_B,2015-06-02 08:00:00,2274,2216,95.887,2015-05-20 00:00:00,19,2015-05-26 00:00:00,2241,95.292,33,
AUDJPY,H4,Research_2015_2024,2015-06-15 12:00:00,2015-06-05 08:00:00,2015-06-09 00:00:00,2015-06-11 20:00:00,96.352,96.097,95.819,95.822,11,ENTRY_A_B_BREAK,2015-06-18 08:00:00,2348,2320,96.002,2015-06-16 00:00:00,17,2015-06-18 08:00:00,2348,96.002,0,
AUDJPY,H4,Research_2015_2024,2015-06-15 12:00:00,2015-06-05 08:00:00,2015-06-09 00:00:00,2015-06-11 20:00:00,96.352,96.097,95.819,95.822,11,ENTRY_C_A_AFTER_B,2015-06-18 08:00:00,2348,2320,95.819,2015-06-11 20:00:00,17,2015-06-18 08:00:00,2348,96.002,0,
AUDJPY,H4,Research_2015_2024,2015-07-30 00:00:00,2015-07-21 12:00:00,2015-07-23 08:00:00,2015-07-28 20:00:00,92.26,91.811,90.828,90.707,7,ENTRY_A_B_BREAK,2015-08-04 04:00:00,2552,2525,91.019,2015-07-31 12:00:00,20,2015-08-04 04:00:00,2552,91.019,0,
AUDJPY,H4,Research_2015_2024,2015-07-30 00:00:00,2015-07-21 12:00:00,2015-07-23 08:00:00,2015-07-28 20:00:00,92.26,91.811,90.828,90.707,7,ENTRY_C_A_AFTER_B,2015-08-04 04:00:00,2552,2525,90.828,2015-07-28 20:00:00,20,2015-08-04 04:00:00,2552,91.019,0,
AUDJPY,H4,Research_2015_2024,2015-09-07 16:00:00,2015-09-01 04:00:00,2015-09-02 20:00:00,2015-09-07 00:00:00,86.458,85.144,83.08,82.644,4,ENTRY_A_B_BREAK,2015-09-10 04:00:00,2719,2700,85.486,2015-09-09 12:00:00,15,2015-09-10 04:00:00,2719,85.486,0,
AUDJPY,H4,Research_2015_2024,2015-09-07 16:00:00,2015-09-01 04:00:00,2015-09-02 20:00:00,2015-09-07 00:00:00,86.458,85.144,83.08,82.644,4,ENTRY_C_A_AFTER_B,2015-09-10 04:00:00,2719,2700,83.08,2015-09-07 00:00:00,15,2015-09-10 04:00:00,2719,85.486,0,
AUDJPY,H4,Research_2015_2024,2015-09-25 16:00:00,2015-09-18 12:00:00,2015-09-21 12:00:00,2015-09-22 04:00:00,86.862,86.377,86.115,84.749,21,ENTRY_A_B_BREAK,2015-09-30 08:00:00,2807,2769,84.299,2015-09-29 12:00:00,17,2015-09-30 08:00:00,2807,84.299,0,
AUDJPY,H4,Research_2015_2024,2015-09-25 16:00:00,2015-09-18 12:00:00,2015-09-21 12:00:00,2015-09-22 04:00:00,86.862,86.377,86.115,84.749,21,ENTRY_C_A_AFTER_B,2015-10-06 16:00:00,2834,2769,86.115,2015-09-22 04:00:00,17,2015-09-30 08:00:00,2807,84.299,27,
AUDJPY,H4,Research_2015_2024,2015-11-12 00:00:00,2015-11-06 08:00:00,2015-11-09 12:00:00,2015-11-10 04:00:00,87.375,87.269,87.09,87.816,11,ENTRY_A_B_BREAK,2015-11-19 00:00:00,3028,2986,87.949,2015-11-12 00:00:00,31,2015-11-19 00:00:00,3028,87.949,0,
AUDJPY,H4,Research_2015_2024,2015-11-12 00:00:00,2015-11-06 08:00:00,2015-11-09 12:00:00,2015-11-10 04:00:00,87.375,87.269,87.09,87.816,11,ENTRY_B_B_SUPPORT_REACCEL,2015-11-20 12:00:00,3037,2986,88.649,2015-11-19 12:00:00,31,2015-11-19 00:00:00,3028,87.949,9,2015-11-19 12:00:00
AUDJPY,H4,Research_2015_2024,2015-11-12 00:00:00,2015-11-06 08:00:00,2015-11-09 12:00:00,2015-11-10 04:00:00,87.375,87.269,87.09,87.816,11,ENTRY_C_A_AFTER_B,2015-11-19 00:00:00,3028,2986,87.09,2015-11-10 04:00:00,31,2015-11-19 00:00:00,3028,87.949,0,
AUDJPY,H4,Research_2015_2024,2016-01-12 08:00:00,2015-12-30 08:00:00,2016-01-05 00:00:00,2016-01-08 00:00:00,87.975,86.345,83.883,82.17,15,ENTRY_A_B_BREAK,2016-01-13 00:00:00,3256,3237,83.02,2016-01-11 12:00:00,4,2016-01-13 00:00:00,3256,83.02,0,
AUDJPY,H4,Research_2015_2024,2016-02-12 20:00:00,2016-02-04 08:00:00,2016-02-08 08:00:00,2016-02-10 12:00:00,85.051,83.48,81.935,80.418,14,ENTRY_A_B_BREAK,2016-02-14 20:00:00,3398,3383,80.537,2016-02-12 00:00:00,1,2016-02-14 20:00:00,3398,80.537,0,
AUDJPY,H4,Research_2015_2024,2016-02-12 20:00:00,2016-02-04 08:00:00,2016-02-08 08:00:00,2016-02-10 12:00:00,85.051,83.48,81.935,80.418,14,ENTRY_B_B_SUPPORT_REACCEL,2016-02-15 16:00:00,3403,3383,81.841,2016-02-15 00:00:00,1,2016-02-14 20:00:00,3398,80.537,5,2016-02-15 00:00:00
AUDJPY,H4,Research_2015_2024,2016-02-12 20:00:00,2016-02-04 08:00:00,2016-02-08 08:00:00,2016-02-10 12:00:00,85.051,83.48,81.935,80.418,14,ENTRY_C_A_AFTER_B,2016-02-16 00:00:00,3405,3383,81.935,2016-02-10 12:00:00,1,2016-02-14 20:00:00,3398,80.537,7,
AUDJPY,H4,Research_2015_2024,2016-05-26 08:00:00,2016-05-18 16:00:00,2016-05-20 12:00:00,2016-05-23 04:00:00,80.038,79.952,79.747,79.422,19,ENTRY_A_B_BREAK,2016-05-30 00:00:00,3864,3834,79.505,2016-05-25 12:00:00,11,2016-05-30 00:00:00,3864,79.505,0,
AUDJPY,H4,Research_2015_2024,2016-05-26 08:00:00,2016-05-18 16:00:00,2016-05-20 12:00:00,2016-05-23 04:00:00,80.038,79.952,79.747,79.422,19,ENTRY_B_B_SUPPORT_REACCEL,2016-05-31 00:00:00,3870,3834,79.904,2016-05-30 04:00:00,11,2016-05-30 00:00:00,3864,79.505,6,2016-05-30 04:00:00
AUDJPY,H4,Research_2015_2024,2016-05-26 08:00:00,2016-05-18 16:00:00,2016-05-20 12:00:00,2016-05-23 04:00:00,80.038,79.952,79.747,79.422,19,ENTRY_C_A_AFTER_B,2016-05-30 04:00:00,3865,3834,79.747,2016-05-23 04:00:00,11,2016-05-30 00:00:00,3864,79.505,1,
AUDJPY,H4,Research_2015_2024,2016-08-24 12:00:00,2016-08-15 16:00:00,2016-08-17 04:00:00,2016-08-18 08:00:00,77.805,77.565,77.273,76.426,26,ENTRY_A_B_BREAK,2016-08-26 12:00:00,4263,4225,76.773,2016-08-22 08:00:00,12,2016-08-26 12:00:00,4263,76.773,0,
AUDJPY,H4,Research_2015_2024,2016-08-24 12:00:00,2016-08-15 16:00:00,2016-08-17 04:00:00,2016-08-18 08:00:00,77.805,77.565,77.273,76.426,26,ENTRY_B_B_SUPPORT_REACCEL,2016-08-29 12:00:00,4270,4225,77.3,2016-08-28 20:00:00,12,2016-08-26 12:00:00,4263,76.773,7,2016-08-28 20:00:00
AUDJPY,H4,Research_2015_2024,2016-08-24 12:00:00,2016-08-15 16:00:00,2016-08-17 04:00:00,2016-08-18 08:00:00,77.805,77.565,77.273,76.426,26,ENTRY_C_A_AFTER_B,2016-08-29 12:00:00,4270,4225,77.273,2016-08-18 08:00:00,12,2016-08-26 12:00:00,4263,76.773,7,
AUDJPY,H4,Research_2015_2024,2017-02-20 20:00:00,2017-02-15 20:00:00,2017-02-17 04:00:00,2017-02-20 04:00:00,88.179,87.457,87.006,87.095,4,ENTRY_A_B_BREAK,2017-03-01 00:00:00,5085,5043,86.639,2017-02-27 16:00:00,38,2017-03-01 00:00:00,5085,86.639,0,
AUDJPY,H4,Research_2015_2024,2017-02-20 20:00:00,2017-02-15 20:00:00,2017-02-17 04:00:00,2017-02-20 04:00:00,88.179,87.457,87.006,87.095,4,ENTRY_C_A_AFTER_B,2017-03-01 08:00:00,5087,5043,87.006,2017-02-20 04:00:00,38,2017-03-01 00:00:00,5085,86.639,2,
AUDJPY,H4,Research_2015_2024,2017-03-27 20:00:00,2017-03-23 00:00:00,2017-03-24 00:00:00,2017-03-24 20:00:00,85.504,85.079,84.871,84.487,7,ENTRY_A_B_BREAK,2017-03-29 20:00:00,5214,5195,85.162,2017-03-28 20:00:00,12,2017-03-29 20:00:00,5214,85.162,0,
AUDJPY,H4,Research_2015_2024,2017-03-27 20:00:00,2017-03-23 00:00:00,2017-03-24 00:00:00,2017-03-24 20:00:00,85.504,85.079,84.871,84.487,7,ENTRY_B_B_SUPPORT_REACCEL,2017-03-31 00:00:00,5221,5195,85.609,2017-03-30 00:00:00,12,2017-03-29 20:00:00,5214,85.162,7,2017-03-30 00:00:00
AUDJPY,H4,Research_2015_2024,2017-03-27 20:00:00,2017-03-23 00:00:00,2017-03-24 00:00:00,2017-03-24 20:00:00,85.504,85.079,84.871,84.487,7,ENTRY_C_A_AFTER_B,2017-03-29 20:00:00,5214,5195,84.871,2017-03-24 20:00:00,12,2017-03-29 20:00:00,5214,85.162,0,
AUDJPY,H4,Research_2015_2024,2017-06-05 00:00:00,2017-05-31 00:00:00,2017-06-01 00:00:00,2017-06-02 04:00:00,82.95,82.73,82.543,82.371,6,ENTRY_A_B_BREAK,2017-06-09 12:00:00,5534,5501,83.212,2017-06-08 12:00:00,27,2017-06-09 12:00:00,5534,83.212,0,
AUDJPY,H4,Research_2015_2024,2017-06-05 00:00:00,2017-05-31 00:00:00,2017-06-01 00:00:00,2017-06-02 04:00:00,82.95,82.73,82.543,82.371,6,ENTRY_C_A_AFTER_B,2017-06-09 12:00:00,5534,5501,82.543,2017-06-02 04:00:00,27,2017-06-09 12:00:00,5534,83.212,0,
AUDJPY,H4,Research_2015_2024,2017-07-07 00:00:00,2017-07-04 00:00:00,2017-07-05 08:00:00,2017-07-06 08:00:00,86.989,86.548,86.317,86.179,4,ENTRY_A_B_BREAK,2017-07-11 00:00:00,5668,5651,86.919,2017-07-10 00:00:00,13,2017-07-11 00:00:00,5668,86.919,0,
AUDJPY,H4,Research_2015_2024,2017-07-07 00:00:00,2017-07-04 00:00:00,2017-07-05 08:00:00,2017-07-06 08:00:00,86.989,86.548,86.317,86.179,4,ENTRY_C_A_AFTER_B,2017-07-11 00:00:00,5668,5651,86.317,2017-07-06 08:00:00,13,2017-07-11 00:00:00,5668,86.919,0,
AUDJPY,H4,Research_2015_2024,2017-08-16 08:00:00,2017-08-02 12:00:00,2017-08-07 00:00:00,2017-08-08 00:00:00,88.309,88.013,87.839,87.058,39,ENTRY_A_B_BREAK,2017-08-16 08:00:00,5831,5792,86.631,2017-08-14 00:00:00,0,2017-08-16 08:00:00,5831,86.631,0,
AUDJPY,H4,Research_2015_2024,2017-09-08 00:00:00,2017-09-01 16:00:00,2017-09-05 12:00:00,2017-09-06 16:00:00,87.938,87.612,87.508,87.639,8,ENTRY_A_B_BREAK,2017-09-13 08:00:00,5955,5926,88.477,2017-09-12 16:00:00,21,2017-09-13 08:00:00,5955,88.477,0,
AUDJPY,H4,Research_2015_2024,2017-09-08 00:00:00,2017-09-01 16:00:00,2017-09-05 12:00:00,2017-09-06 16:00:00,87.938,87.612,87.508,87.639,8,ENTRY_C_A_AFTER_B,2017-09-13 08:00:00,5955,5926,87.508,2017-09-06 16:00:00,21,2017-09-13 08:00:00,5955,88.477,0,
AUDJPY,H4,Research_2015_2024,2017-10-01 20:00:00,2017-09-20 20:00:00,2017-09-25 00:00:00,2017-09-27 12:00:00,90.3,89.678,88.893,88.344,15,ENTRY_A_B_BREAK,2017-10-04 00:00:00,6046,6018,88.48,2017-10-02 00:00:00,13,2017-10-04 00:00:00,6046,88.48,0,
AUDJPY,H4,Research_2015_2024,2017-11-30 00:00:00,2017-11-10 04:00:00,2017-11-13 00:00:00,2017-11-14 08:00:00,87.251,87.089,86.84,84.942,72,ENTRY_A_B_BREAK,2017-11-30 00:00:00,6300,6228,84.915,2017-11-28 20:00:00,0,2017-11-30 00:00:00,6300,84.915,0,
AUDJPY,H4,Research_2015_2024,2017-11-30 00:00:00,2017-11-10 04:00:00,2017-11-13 00:00:00,2017-11-14 08:00:00,87.251,87.089,86.84,84.942,72,ENTRY_B_B_SUPPORT_REACCEL,2017-12-01 04:00:00,6307,6228,85.208,2017-11-30 04:00:00,0,2017-11-30 00:00:00,6300,84.915,7,2017-11-30 04:00:00
AUDJPY,H4,Research_2015_2024,2018-05-10 04:00:00,2018-05-02 04:00:00,2018-05-03 08:00:00,2018-05-04 00:00:00,82.651,82.576,82.461,82.255,26,ENTRY_A_B_BREAK,2018-05-14 04:00:00,7018,6979,82.671,2018-05-11 08:00:00,13,2018-05-14 04:00:00,7018,82.671,0,
AUDJPY,H4,Research_2015_2024,2018-05-10 04:00:00,2018-05-02 04:00:00,2018-05-03 08:00:00,2018-05-04 00:00:00,82.651,82.576,82.461,82.255,26,ENTRY_C_A_AFTER_B,2018-05-14 04:00:00,7018,6979,82.461,2018-05-04 00:00:00,13,2018-05-14 04:00:00,7018,82.671,0,
AUDJPY,H4,Research_2015_2024,2018-06-01 12:00:00,2018-05-23 20:00:00,2018-05-25 08:00:00,2018-05-28 04:00:00,83.329,83.163,83.068,82.813,26,ENTRY_A_B_BREAK,2018-06-01 12:00:00,7106,7080,82.608,2018-05-30 12:00:00,0,2018-06-01 12:00:00,7106,82.608,0,
AUDJPY,H4,Research_2015_2024,2018-06-01 12:00:00,2018-05-23 20:00:00,2018-05-25 08:00:00,2018-05-28 04:00:00,83.329,83.163,83.068,82.813,26,ENTRY_C_A_AFTER_B,2018-06-04 00:00:00,7110,7080,83.068,2018-05-28 04:00:00,0,2018-06-01 12:00:00,7106,82.608,4,
AUDJPY,H4,Research_2015_2024,2018-07-06 16:00:00,2018-06-07 00:00:00,2018-06-12 04:00:00,2018-06-13 16:00:00,84.535,84.157,83.988,82.029,105,ENTRY_A_B_BREAK,2018-07-06 16:00:00,7262,7157,81.662,2018-06-20 04:00:00,0,2018-07-06 16:00:00,7262,81.662,0,
AUDJPY,H4,Research_2015_2024,2018-07-31 04:00:00,2018-07-20 08:00:00,2018-07-25 00:00:00,2018-07-25 16:00:00,82.993,82.89,82.816,82.644,22,ENTRY_A_B_BREAK,2018-07-31 04:00:00,7365,7343,82.309,2018-07-27 12:00:00,0,2018-07-31 04:00:00,7365,82.309,0,
AUDJPY,H4,Research_2015_2024,2018-07-31 04:00:00,2018-07-20 08:00:00,2018-07-25 00:00:00,2018-07-25 16:00:00,82.993,82.89,82.816,82.644,22,ENTRY_C_A_AFTER_B,2018-07-31 12:00:00,7367,7343,82.816,2018-07-25 16:00:00,0,2018-07-31 04:00:00,7365,82.309,2,
AUDJPY,H4,Research_2015_2024,2018-10-29 04:00:00,2018-10-19 12:00:00,2018-10-22 04:00:00,2018-10-24 04:00:00,80.487,80.313,80.029,79.54,19,ENTRY_A_B_BREAK,2018-10-29 08:00:00,7763,7743,79.54,2018-10-26 16:00:00,1,2018-10-29 08:00:00,7763,79.54,0,
AUDJPY,H4,Research_2015_2024,2018-10-29 04:00:00,2018-10-19 12:00:00,2018-10-22 04:00:00,2018-10-24 04:00:00,80.487,80.313,80.029,79.54,19,ENTRY_C_A_AFTER_B,2018-10-30 08:00:00,7769,7743,80.029,2018-10-24 04:00:00,1,2018-10-29 08:00:00,7763,79.54,6,
AUDJPY,H4,Research_2015_2024,2018-11-26 00:00:00,2018-11-15 16:00:00,2018-11-16 16:00:00,2018-11-19 08:00:00,82.894,82.821,82.621,82.013,29,ENTRY_A_B_BREAK,2018-11-26 04:00:00,7886,7856,82.236,2018-11-21 16:00:00,1,2018-11-26 04:00:00,7886,82.236,0,
AUDJPY,H4,Research_2015_2024,2018-11-26 00:00:00,2018-11-15 16:00:00,2018-11-16 16:00:00,2018-11-19 08:00:00,82.894,82.821,82.621,82.013,29,ENTRY_C_A_AFTER_B,2018-11-28 16:00:00,7901,7856,82.621,2018-11-19 08:00:00,1,2018-11-26 04:00:00,7886,82.236,15,
AUDJPY,H4,Research_2015_2024,2019-03-01 04:00:00,2019-02-25 16:00:00,2019-02-26 20:00:00,2019-02-28 00:00:00,79.776,79.571,79.468,79.365,7,ENTRY_A_B_BREAK,2019-03-11 04:00:00,8339,8294,78.396,2019-03-08 16:00:00,38,2019-03-11 04:00:00,8339,78.396,0,
AUDJPY,H4,Research_2015_2024,2019-05-27 00:00:00,2019-05-08 08:00:00,2019-05-10 00:00:00,2019-05-10 16:00:00,77.38,77.234,77.091,75.889,64,ENTRY_A_B_BREAK,2019-06-04 08:00:00,8717,8614,75.486,2019-06-03 12:00:00,39,2019-06-04 08:00:00,8717,75.486,0,
AUDJPY,H4,Research_2015_2024,2019-05-27 00:00:00,2019-05-08 08:00:00,2019-05-10 00:00:00,2019-05-10 16:00:00,77.38,77.234,77.091,75.889,64,ENTRY_B_B_SUPPORT_REACCEL,2019-06-05 04:00:00,8722,8614,75.702,2019-06-04 12:00:00,39,2019-06-04 08:00:00,8717,75.486,5,2019-06-04 12:00:00
AUDJPY,H4,Research_2015_2024,2019-09-03 08:00:00,2019-08-29 12:00:00,2019-08-30 20:00:00,2019-09-02 08:00:00,71.808,71.618,71.532,71.428,6,ENTRY_A_B_BREAK,2019-09-06 12:00:00,9139,9114,73.148,2019-09-05 12:00:00,19,2019-09-06 12:00:00,9139,73.148,0,
AUDJPY,H4,Research_2015_2024,2019-09-03 08:00:00,2019-08-29 12:00:00,2019-08-30 20:00:00,2019-09-02 08:00:00,71.808,71.618,71.532,71.428,6,ENTRY_B_B_SUPPORT_REACCEL,2019-09-09 04:00:00,9144,9114,73.28,2019-09-06 16:00:00,19,2019-09-06 12:00:00,9139,73.148,5,2019-09-06 16:00:00
AUDJPY,H4,Research_2015_2024,2019-09-03 08:00:00,2019-08-29 12:00:00,2019-08-30 20:00:00,2019-09-02 08:00:00,71.808,71.618,71.532,71.428,6,ENTRY_C_A_AFTER_B,2019-09-06 12:00:00,9139,9114,71.532,2019-09-02 08:00:00,19,2019-09-06 12:00:00,9139,73.148,0,
AUDJPY,H4,Research_2015_2024,2019-11-25 00:00:00,2019-11-19 12:00:00,2019-11-21 12:00:00,2019-11-22 08:00:00,74.277,74.05,73.917,73.902,5,ENTRY_A_B_BREAK,2019-12-02 00:00:00,9509,9479,74.294,2019-11-27 20:00:00,25,2019-12-02 00:00:00,9509,74.294,0,
AUDJPY,H4,Research_2015_2024,2019-11-25 00:00:00,2019-11-19 12:00:00,2019-11-21 12:00:00,2019-11-22 08:00:00,74.277,74.05,73.917,73.902,5,ENTRY_B_B_SUPPORT_REACCEL,2019-12-03 00:00:00,9515,9479,74.519,2019-12-02 12:00:00,25,2019-12-02 00:00:00,9509,74.294,6,2019-12-02 12:00:00
AUDJPY,H4,Research_2015_2024,2019-11-25 00:00:00,2019-11-19 12:00:00,2019-11-21 12:00:00,2019-11-22 08:00:00,74.277,74.05,73.917,73.902,5,ENTRY_C_A_AFTER_B,2019-12-02 00:00:00,9509,9479,73.917,2019-11-22 08:00:00,25,2019-12-02 00:00:00,9509,74.294,0,
AUDJPY,H4,Research_2015_2024,2020-03-13 08:00:00,2020-03-04 20:00:00,2020-03-10 08:00:00,2020-03-12 16:00:00,71.427,68.987,67.691,67.375,4,ENTRY_A_B_BREAK,2020-03-24 04:00:00,10000,9953,65.543,2020-03-19 12:00:00,43,2020-03-24 04:00:00,10000,65.543,0,
AUDJPY,H4,Research_2015_2024,2020-03-13 08:00:00,2020-03-04 20:00:00,2020-03-10 08:00:00,2020-03-12 16:00:00,71.427,68.987,67.691,67.375,4,ENTRY_B_B_SUPPORT_REACCEL,2020-03-24 20:00:00,10004,9953,66.203,2020-03-24 16:00:00,43,2020-03-24 04:00:00,10000,65.543,4,2020-03-24 16:00:00
AUDJPY,H4,Research_2015_2024,2020-04-02 20:00:00,2020-03-31 00:00:00,2020-04-01 12:00:00,2020-04-02 04:00:00,67.265,66.356,65.626,65.518,4,ENTRY_A_B_BREAK,2020-04-06 04:00:00,10056,10043,65.612,2020-04-02 20:00:00,9,2020-04-06 04:00:00,10056,65.612,0,
AUDJPY,H4,Research_2015_2024,2020-04-02 20:00:00,2020-03-31 00:00:00,2020-04-01 12:00:00,2020-04-02 04:00:00,67.265,66.356,65.626,65.518,4,ENTRY_C_A_AFTER_B,2020-04-06 04:00:00,10056,10043,65.626,2020-04-02 04:00:00,9,2020-04-06 04:00:00,10056,65.612,0,
AUDJPY,H4,Research_2015_2024,2020-07-15 00:00:00,2020-07-06 04:00:00,2020-07-09 08:00:00,2020-07-13 12:00:00,75.161,75.061,75.007,75.012,9,ENTRY_A_B_BREAK,2020-07-21 00:00:00,10526,10492,75.275,2020-07-15 00:00:00,25,2020-07-21 00:00:00,10526,75.275,0,
AUDJPY,H4,Research_2015_2024,2020-07-15 00:00:00,2020-07-06 04:00:00,2020-07-09 08:00:00,2020-07-13 12:00:00,75.161,75.061,75.007,75.012,9,ENTRY_B_B_SUPPORT_REACCEL,2020-07-21 08:00:00,10528,10492,75.675,2020-07-21 04:00:00,25,2020-07-21 00:00:00,10526,75.275,2,2020-07-21 04:00:00
AUDJPY,H4,Research_2015_2024,2020-07-15 00:00:00,2020-07-06 04:00:00,2020-07-09 08:00:00,2020-07-13 12:00:00,75.161,75.061,75.007,75.012,9,ENTRY_C_A_AFTER_B,2020-07-21 00:00:00,10526,10492,75.007,2020-07-13 12:00:00,25,2020-07-21 00:00:00,10526,75.275,0,
AUDJPY,H4,Research_2015_2024,2020-11-27 12:00:00,2020-11-25 00:00:00,2020-11-25 20:00:00,2020-11-26 20:00:00,77.042,76.986,76.851,76.927,4,ENTRY_A_B_BREAK,2020-12-02 04:00:00,11122,11101,77.112,2020-11-29 20:00:00,17,2020-12-02 04:00:00,11122,77.112,0,
AUDJPY,H4,Research_2015_2024,2020-11-27 12:00:00,2020-11-25 00:00:00,2020-11-25 20:00:00,2020-11-26 20:00:00,77.042,76.986,76.851,76.927,4,ENTRY_B_B_SUPPORT_REACCEL,2020-12-02 16:00:00,11125,11101,77.321,2020-12-02 08:00:00,17,2020-12-02 04:00:00,11122,77.112,3,2020-12-02 08:00:00
AUDJPY,H4,Research_2015_2024,2020-11-27 12:00:00,2020-11-25 00:00:00,2020-11-25 20:00:00,2020-11-26 20:00:00,77.042,76.986,76.851,76.927,4,ENTRY_C_A_AFTER_B,2020-12-02 04:00:00,11122,11101,76.851,2020-11-26 20:00:00,17,2020-12-02 04:00:00,11122,77.112,0,
AUDJPY,H4,Research_2015_2024,2020-12-17 00:00:00,2020-12-11 04:00:00,2020-12-14 08:00:00,2020-12-15 16:00:00,78.78,78.704,78.518,78.417,8,ENTRY_A_B_BREAK,2020-12-24 00:00:00,11220,11181,78.524,2020-12-21 16:00:00,31,2020-12-24 00:00:00,11220,78.524,0,
AUDJPY,H4,Research_2015_2024,2020-12-17 00:00:00,2020-12-11 04:00:00,2020-12-14 08:00:00,2020-12-15 16:00:00,78.78,78.704,78.518,78.417,8,ENTRY_B_B_SUPPORT_REACCEL,2020-12-24 08:00:00,11222,11181,78.656,2020-12-24 04:00:00,31,2020-12-24 00:00:00,11220,78.524,2,2020-12-24 04:00:00
AUDJPY,H4,Research_2015_2024,2020-12-17 00:00:00,2020-12-11 04:00:00,2020-12-14 08:00:00,2020-12-15 16:00:00,78.78,78.704,78.518,78.417,8,ENTRY_C_A_AFTER_B,2020-12-24 00:00:00,11220,11181,78.518,2020-12-15 16:00:00,31,2020-12-24 00:00:00,11220,78.524,0,
AUDJPY,H4,Research_2015_2024,2021-06-25 00:00:00,2021-06-11 04:00:00,2021-06-14 12:00:00,2021-06-16 08:00:00,85.052,84.938,84.755,84.168,41,ENTRY_A_B_BREAK,2021-06-25 00:00:00,12018,11977,83.273,2021-06-21 20:00:00,0,2021-06-25 00:00:00,12018,83.273,0,
AUDJPY,H4,Research_2015_2024,2021-08-05 00:00:00,2021-07-23 12:00:00,2021-07-26 20:00:00,2021-07-29 08:00:00,81.656,81.513,81.355,81.058,29,ENTRY_A_B_BREAK,2021-08-05 00:00:00,12198,12169,81.034,2021-08-04 08:00:00,0,2021-08-05 00:00:00,12198,81.034,0,
AUDJPY,H4,Research_2015_2024,2021-08-05 00:00:00,2021-07-23 12:00:00,2021-07-26 20:00:00,2021-07-29 08:00:00,81.656,81.513,81.355,81.058,29,ENTRY_B_B_SUPPORT_REACCEL,2021-08-05 12:00:00,12201,12169,81.238,2021-08-05 04:00:00,0,2021-08-05 00:00:00,12198,81.034,3,2021-08-05 04:00:00
AUDJPY,H4,Research_2015_2024,2021-08-05 00:00:00,2021-07-23 12:00:00,2021-07-26 20:00:00,2021-07-29 08:00:00,81.656,81.513,81.355,81.058,29,ENTRY_C_A_AFTER_B,2021-08-11 12:00:00,12226,12169,81.355,2021-07-29 08:00:00,0,2021-08-05 00:00:00,12198,81.034,28,
AUDJPY,H4,Research_2015_2024,2021-12-15 16:00:00,2021-12-08 16:00:00,2021-12-10 12:00:00,2021-12-13 04:00:00,81.715,81.555,81.487,81.444,15,ENTRY_A_B_BREAK,2021-12-15 16:00:00,12785,12770,81.148,2021-12-14 08:00:00,0,2021-12-15 16:00:00,12785,81.148,0,
AUDJPY,H4,Research_2015_2024,2021-12-15 16:00:00,2021-12-08 16:00:00,2021-12-10 12:00:00,2021-12-13 04:00:00,81.715,81.555,81.487,81.444,15,ENTRY_C_A_AFTER_B,2021-12-15 20:00:00,12786,12770,81.487,2021-12-13 04:00:00,0,2021-12-15 16:00:00,12785,81.148,1,
AUDJPY,H4,Research_2015_2024,2022-02-15 08:00:00,2022-02-10 16:00:00,2022-02-11 16:00:00,2022-02-14 16:00:00,83.988,83.252,82.583,82.548,4,ENTRY_A_B_BREAK,2022-02-16 00:00:00,13056,13048,82.727,2022-02-15 08:00:00,4,2022-02-16 00:00:00,13056,82.727,0,
AUDJPY,H4,Research_2015_2024,2022-02-15 08:00:00,2022-02-10 16:00:00,2022-02-11 16:00:00,2022-02-14 16:00:00,83.988,83.252,82.583,82.548,4,ENTRY_B_B_SUPPORT_REACCEL,2022-02-16 08:00:00,13058,13048,83.003,2022-02-16 04:00:00,4,2022-02-16 00:00:00,13056,82.727,2,2022-02-16 04:00:00
AUDJPY,H4,Research_2015_2024,2022-02-15 08:00:00,2022-02-10 16:00:00,2022-02-11 16:00:00,2022-02-14 16:00:00,83.988,83.252,82.583,82.548,4,ENTRY_C_A_AFTER_B,2022-02-16 00:00:00,13056,13048,82.583,2022-02-14 16:00:00,4,2022-02-16 00:00:00,13056,82.727,0,
AUDJPY,H4,Research_2015_2024,2022-04-27 20:00:00,2022-04-21 00:00:00,2022-04-26 04:00:00,2022-04-27 04:00:00,95.584,92.584,91.982,91.473,4,ENTRY_A_B_BREAK,2022-05-04 16:00:00,13400,13366,92.937,2022-05-03 04:00:00,30,2022-05-04 16:00:00,13400,92.937,0,
AUDJPY,H4,Research_2015_2024,2022-04-27 20:00:00,2022-04-21 00:00:00,2022-04-26 04:00:00,2022-04-27 04:00:00,95.584,92.584,91.982,91.473,4,ENTRY_C_A_AFTER_B,2022-05-04 16:00:00,13400,13366,91.982,2022-04-27 04:00:00,30,2022-05-04 16:00:00,13400,92.937,0,
AUDJPY,H4,Research_2015_2024,2022-05-16 16:00:00,2022-05-04 20:00:00,2022-05-11 12:00:00,2022-05-16 00:00:00,94.024,91.765,90.121,90.007,4,ENTRY_A_B_BREAK,2022-05-23 04:00:00,13478,13446,90.529,2022-05-19 04:00:00,28,2022-05-23 04:00:00,13478,90.529,0,
AUDJPY,H4,Research_2015_2024,2022-05-16 16:00:00,2022-05-04 20:00:00,2022-05-11 12:00:00,2022-05-16 00:00:00,94.024,91.765,90.121,90.007,4,ENTRY_C_A_AFTER_B,2022-05-23 04:00:00,13478,13446,90.121,2022-05-16 00:00:00,28,2022-05-23 04:00:00,13478,90.529,0,
AUDJPY,H4,Research_2015_2024,2022-06-15 16:00:00,2022-06-08 12:00:00,2022-06-10 12:00:00,2022-06-13 04:00:00,96.878,95.533,94.988,93.676,15,ENTRY_A_B_BREAK,2022-06-21 08:00:00,13609,13571,94.569,2022-06-17 00:00:00,23,2022-06-21 08:00:00,13609,94.569,0,
AUDJPY,H4,Research_2015_2024,2022-06-15 16:00:00,2022-06-08 12:00:00,2022-06-10 12:00:00,2022-06-13 04:00:00,96.878,95.533,94.988,93.676,15,ENTRY_C_A_AFTER_B,2022-06-21 16:00:00,13611,13571,94.988,2022-06-13 04:00:00,23,2022-06-21 08:00:00,13609,94.569,2,
AUDJPY,H4,Research_2015_2024,2022-07-25 16:00:00,2022-07-20 08:00:00,2022-07-21 12:00:00,2022-07-22 04:00:00,95.753,95.594,95.38,95.124,10,ENTRY_A_B_BREAK,2022-07-27 16:00:00,13772,13750,95.268,2022-07-26 04:00:00,12,2022-07-27 16:00:00,13772,95.268,0,
AUDJPY,H4,Research_2015_2024,2022-07-25 16:00:00,2022-07-20 08:00:00,2022-07-21 12:00:00,2022-07-22 04:00:00,95.753,95.594,95.38,95.124,10,ENTRY_C_A_AFTER_B,2022-07-27 16:00:00,13772,13750,95.38,2022-07-22 04:00:00,12,2022-07-27 16:00:00,13772,95.268,0,
AUDJPY,H4,Research_2015_2024,2023-05-17 08:00:00,2023-05-02 04:00:00,2023-05-08 12:00:00,2023-05-10 04:00:00,92.434,91.874,91.686,91.201,32,ENTRY_A_B_BREAK,2023-05-17 08:00:00,15072,15040,90.407,2023-05-12 04:00:00,0,2023-05-17 08:00:00,15072,90.407,0,
AUDJPY,H4,Research_2015_2024,2023-05-17 08:00:00,2023-05-02 04:00:00,2023-05-08 12:00:00,2023-05-10 04:00:00,92.434,91.874,91.686,91.201,32,ENTRY_C_A_AFTER_B,2023-05-18 16:00:00,15080,15040,91.686,2023-05-10 04:00:00,0,2023-05-17 08:00:00,15072,90.407,8,
AUDJPY,H4,Research_2015_2024,2023-06-27 16:00:00,2023-06-18 20:00:00,2023-06-20 00:00:00,2023-06-23 00:00:00,97.673,97.411,96.845,96.324,17,ENTRY_A_B_BREAK,2023-06-27 16:00:00,15248,15231,96.165,2023-06-23 16:00:00,0,2023-06-27 16:00:00,15248,96.165,0,
AUDJPY,H4,Research_2015_2024,2023-09-08 04:00:00,2023-08-30 12:00:00,2023-09-04 08:00:00,2023-09-06 08:00:00,95.063,94.716,94.331,94.255,11,ENTRY_A_B_BREAK,2023-09-12 12:00:00,15588,15562,94.456,2023-09-08 12:00:00,15,2023-09-12 12:00:00,15588,94.456,0,
AUDJPY,H4,Research_2015_2024,2023-09-08 04:00:00,2023-08-30 12:00:00,2023-09-04 08:00:00,2023-09-06 08:00:00,95.063,94.716,94.331,94.255,11,ENTRY_B_B_SUPPORT_REACCEL,2023-09-12 20:00:00,15590,15562,94.56,2023-09-12 16:00:00,15,2023-09-12 12:00:00,15588,94.456,2,2023-09-12 16:00:00
AUDJPY,H4,Research_2015_2024,2023-09-08 04:00:00,2023-08-30 12:00:00,2023-09-04 08:00:00,2023-09-06 08:00:00,95.063,94.716,94.331,94.255,11,ENTRY_C_A_AFTER_B,2023-09-12 12:00:00,15588,15562,94.331,2023-09-06 08:00:00,15,2023-09-12 12:00:00,15588,94.456,0,
AUDJPY,H4,Research_2015_2024,2023-10-05 16:00:00,2023-09-29 08:00:00,2023-10-02 00:00:00,2023-10-05 00:00:00,96.92,96.414,94.693,94.592,4,ENTRY_A_B_BREAK,2023-10-10 16:00:00,15713,15690,95.556,2023-10-06 16:00:00,19,2023-10-10 16:00:00,15713,95.556,0,
AUDJPY,H4,Research_2015_2024,2023-10-05 16:00:00,2023-09-29 08:00:00,2023-10-02 00:00:00,2023-10-05 00:00:00,96.92,96.414,94.693,94.592,4,ENTRY_B_B_SUPPORT_REACCEL,2023-10-12 00:00:00,15721,15690,95.729,2023-10-10 20:00:00,19,2023-10-10 16:00:00,15713,95.556,8,2023-10-10 20:00:00
AUDJPY,H4,Research_2015_2024,2023-10-05 16:00:00,2023-09-29 08:00:00,2023-10-02 00:00:00,2023-10-05 00:00:00,96.92,96.414,94.693,94.592,4,ENTRY_C_A_AFTER_B,2023-10-10 16:00:00,15713,15690,94.693,2023-10-05 00:00:00,19,2023-10-10 16:00:00,15713,95.556,0,
AUDJPY,H4,Research_2015_2024,2023-10-23 00:00:00,2023-10-18 04:00:00,2023-10-19 16:00:00,2023-10-20 12:00:00,95.662,95.165,94.795,94.63,4,ENTRY_A_B_BREAK,2023-10-30 08:00:00,15798,15761,95.366,2023-10-27 08:00:00,33,2023-10-30 08:00:00,15798,95.366,0,
AUDJPY,H4,Research_2015_2024,2023-10-23 00:00:00,2023-10-18 04:00:00,2023-10-19 16:00:00,2023-10-20 12:00:00,95.662,95.165,94.795,94.63,4,ENTRY_C_A_AFTER_B,2023-10-30 08:00:00,15798,15761,94.795,2023-10-20 12:00:00,33,2023-10-30 08:00:00,15798,95.366,0,
AUDJPY,H4,Research_2015_2024,2023-12-01 08:00:00,2023-11-27 08:00:00,2023-11-28 08:00:00,2023-11-30 12:00:00,98.494,98.378,98.099,98.029,5,ENTRY_A_B_BREAK,2023-12-11 04:00:00,15983,15941,95.595,2023-12-08 08:00:00,37,2023-12-11 04:00:00,15983,95.595,0,
AUDJPY,H4,Research_2015_2024,2023-12-01 08:00:00,2023-11-27 08:00:00,2023-11-28 08:00:00,2023-11-30 12:00:00,98.494,98.378,98.099,98.029,5,ENTRY_B_B_SUPPORT_REACCEL,2023-12-11 12:00:00,15985,15941,96.018,2023-12-11 08:00:00,37,2023-12-11 04:00:00,15983,95.595,2,2023-12-11 08:00:00
AUDJPY,H4,Research_2015_2024,2024-02-09 04:00:00,2024-01-22 00:00:00,2024-01-23 00:00:00,2024-01-26 12:00:00,97.88,97.814,97.658,97.185,60,ENTRY_A_B_BREAK,2024-02-09 04:00:00,16245,16185,96.922,2024-02-02 08:00:00,0,2024-02-09 04:00:00,16245,96.922,0,
AUDJPY,H4,Research_2015_2024,2024-02-09 04:00:00,2024-01-22 00:00:00,2024-01-23 00:00:00,2024-01-26 12:00:00,97.88,97.814,97.658,97.185,60,ENTRY_C_A_AFTER_B,2024-02-14 12:00:00,16266,16185,97.658,2024-01-26 12:00:00,0,2024-02-09 04:00:00,16245,96.922,21,
AUDJPY,H4,Research_2015_2024,2024-03-04 04:00:00,2024-02-23 08:00:00,2024-02-27 04:00:00,2024-02-28 00:00:00,99.056,98.621,98.55,98.084,20,ENTRY_A_B_BREAK,2024-03-04 08:00:00,16346,16325,98.086,2024-03-01 12:00:00,1,2024-03-04 08:00:00,16346,98.086,0,
AUDJPY,H4,Research_2015_2024,2024-04-17 08:00:00,2024-04-09 12:00:00,2024-04-10 08:00:00,2024-04-11 20:00:00,100.806,100.642,100.241,99.373,22,ENTRY_A_B_BREAK,2024-04-22 00:00:00,16561,16522,99.403,2024-04-19 12:00:00,17,2024-04-22 00:00:00,16561,99.403,0,
AUDJPY,H4,Research_2015_2024,2024-04-17 08:00:00,2024-04-09 12:00:00,2024-04-10 08:00:00,2024-04-11 20:00:00,100.806,100.642,100.241,99.373,22,ENTRY_B_B_SUPPORT_REACCEL,2024-04-22 16:00:00,16565,16522,99.689,2024-04-22 04:00:00,17,2024-04-22 00:00:00,16561,99.403,4,2024-04-22 04:00:00
AUDJPY,H4,Research_2015_2024,2024-04-17 08:00:00,2024-04-09 12:00:00,2024-04-10 08:00:00,2024-04-11 20:00:00,100.806,100.642,100.241,99.373,22,ENTRY_C_A_AFTER_B,2024-04-23 12:00:00,16570,16522,100.241,2024-04-11 20:00:00,17,2024-04-22 00:00:00,16561,99.403,9,
AUDJPY,H4,Research_2015_2024,2024-05-08 16:00:00,2024-04-30 00:00:00,2024-05-01 16:00:00,2024-05-07 00:00:00,102.898,102.751,102.466,102.376,10,ENTRY_A_B_BREAK,2024-05-13 08:00:00,16656,16629,103.049,2024-05-10 12:00:00,17,2024-05-13 08:00:00,16656,103.049,0,
AUDJPY,H4,Research_2015_2024,2024-05-08 16:00:00,2024-04-30 00:00:00,2024-05-01 16:00:00,2024-05-07 00:00:00,102.898,102.751,102.466,102.376,10,ENTRY_B_B_SUPPORT_REACCEL,2024-05-13 20:00:00,16659,16629,103.266,2024-05-13 12:00:00,17,2024-05-13 08:00:00,16656,103.049,3,2024-05-13 12:00:00
AUDJPY,H4,Research_2015_2024,2024-05-08 16:00:00,2024-04-30 00:00:00,2024-05-01 16:00:00,2024-05-07 00:00:00,102.898,102.751,102.466,102.376,10,ENTRY_C_A_AFTER_B,2024-05-13 08:00:00,16656,16629,102.466,2024-05-07 00:00:00,17,2024-05-13 08:00:00,16656,103.049,0,
AUDJPY,H4,Research_2015_2024,2024-06-12 12:00:00,2024-05-29 00:00:00,2024-06-03 00:00:00,2024-06-04 00:00:00,104.86,104.721,104.625,104.43,40,ENTRY_A_B_BREAK,2024-06-12 12:00:00,16792,16752,104.004,2024-06-05 08:00:00,0,2024-06-12 12:00:00,16792,104.004,0,
AUDJPY,H4,Research_2015_2024,2024-06-12 12:00:00,2024-05-29 00:00:00,2024-06-03 00:00:00,2024-06-04 00:00:00,104.86,104.721,104.625,104.43,40,ENTRY_C_A_AFTER_B,2024-06-14 00:00:00,16801,16752,104.625,2024-06-04 00:00:00,0,2024-06-12 12:00:00,16792,104.004,9,
AUDJPY,H4,Research_2015_2024,2024-08-07 00:00:00,2024-07-30 04:00:00,2024-08-01 12:00:00,2024-08-06 00:00:00,101.775,98.734,95.501,96.539,6,ENTRY_A_B_BREAK,2024-08-08 20:00:00,17048,17031,97.072,2024-08-07 04:00:00,11,2024-08-08 20:00:00,17048,97.072,0,
AUDJPY,H4,Research_2015_2024,2024-08-07 00:00:00,2024-07-30 04:00:00,2024-08-01 12:00:00,2024-08-06 00:00:00,101.775,98.734,95.501,96.539,6,ENTRY_C_A_AFTER_B,2024-08-08 20:00:00,17048,17031,95.501,2024-08-06 00:00:00,11,2024-08-08 20:00:00,17048,97.072,0,
AUDJPY,H4,Research_2015_2024,2024-12-03 04:00:00,2024-11-24 20:00:00,2024-11-28 08:00:00,2024-11-29 16:00:00,101.028,98.752,98.029,97.264,10,ENTRY_A_B_BREAK,2024-12-12 04:00:00,17602,17549,97.798,2024-12-09 16:00:00,43,2024-12-12 04:00:00,17602,97.798,0,
AUDJPY,H4,Research_2015_2024,2024-12-03 04:00:00,2024-11-24 20:00:00,2024-11-28 08:00:00,2024-11-29 16:00:00,101.028,98.752,98.029,97.264,10,ENTRY_C_A_AFTER_B,2024-12-16 12:00:00,17617,17549,98.029,2024-11-29 16:00:00,43,2024-12-12 04:00:00,17602,97.798,15,
AUDJPY,H4,OOS_2025_2026,2025-01-20 04:00:00,2025-01-14 12:00:00,2025-01-16 00:00:00,2025-01-17 16:00:00,97.957,97.686,97.16,97.052,4,ENTRY_A_B_BREAK,2025-01-22 08:00:00,17771,17754,97.774,2025-01-20 12:00:00,13,2025-01-22 08:00:00,17771,97.774,0,
AUDJPY,H4,OOS_2025_2026,2025-01-20 04:00:00,2025-01-14 12:00:00,2025-01-16 00:00:00,2025-01-17 16:00:00,97.957,97.686,97.16,97.052,4,ENTRY_B_B_SUPPORT_REACCEL,2025-01-22 16:00:00,17773,17754,98.106,2025-01-22 12:00:00,13,2025-01-22 08:00:00,17771,97.774,2,2025-01-22 12:00:00
AUDJPY,H4,OOS_2025_2026,2025-01-20 04:00:00,2025-01-14 12:00:00,2025-01-16 00:00:00,2025-01-17 16:00:00,97.957,97.686,97.16,97.052,4,ENTRY_C_A_AFTER_B,2025-01-22 08:00:00,17771,17754,97.16,2025-01-17 16:00:00,13,2025-01-22 08:00:00,17771,97.774,0,
AUDJPY,H4,OOS_2025_2026,2025-02-04 12:00:00,2025-01-28 00:00:00,2025-01-29 00:00:00,2025-01-31 16:00:00,97.506,97.337,96.927,96.646,12,ENTRY_A_B_BREAK,2025-02-04 12:00:00,17828,17816,96.625,2025-02-03 20:00:00,0,2025-02-04 12:00:00,17828,96.625,0,
AUDJPY,H4,OOS_2025_2026,2025-02-04 12:00:00,2025-01-28 00:00:00,2025-01-29 00:00:00,2025-01-31 16:00:00,97.506,97.337,96.927,96.646,12,ENTRY_C_A_AFTER_B,2025-02-12 16:00:00,17866,17816,96.927,2025-01-31 16:00:00,0,2025-02-04 12:00:00,17828,96.625,38,
AUDJPY,H4,OOS_2025_2026,2025-02-04 12:00:00,2025-01-29 00:00:00,2025-01-31 16:00:00,2025-02-03 20:00:00,97.337,96.927,96.625,96.646,4,ENTRY_A_B_BREAK,2025-02-11 12:00:00,17859,17824,95.675,2025-02-10 08:00:00,31,2025-02-11 12:00:00,17859,95.675,0,
AUDJPY,H4,OOS_2025_2026,2025-02-04 12:00:00,2025-01-29 00:00:00,2025-01-31 16:00:00,2025-02-03 20:00:00,97.337,96.927,96.625,96.646,4,ENTRY_C_A_AFTER_B,2025-02-12 00:00:00,17862,17824,96.625,2025-02-03 20:00:00,31,2025-02-11 12:00:00,17859,95.675,3,
AUDJPY,H4,OOS_2025_2026,2025-03-14 16:00:00,2025-02-12 16:00:00,2025-02-14 12:00:00,2025-02-18 04:00:00,97.328,96.987,96.783,94.034,114,ENTRY_A_B_BREAK,2025-03-14 16:00:00,18002,17888,93.94,2025-03-13 00:00:00,0,2025-03-14 16:00:00,18002,93.94,0,
AUDJPY,H4,OOS_2025_2026,2025-03-14 16:00:00,2025-02-12 16:00:00,2025-02-14 12:00:00,2025-02-18 04:00:00,97.328,96.987,96.783,94.034,114,ENTRY_B_B_SUPPORT_REACCEL,2025-03-17 04:00:00,18006,17888,94.239,2025-03-14 20:00:00,0,2025-03-14 16:00:00,18002,93.94,4,2025-03-14 20:00:00
AUDJPY,H4,OOS_2025_2026,2025-03-23 20:00:00,2025-03-18 08:00:00,2025-03-19 04:00:00,2025-03-21 04:00:00,95.747,95.352,94.21,94.118,5,ENTRY_A_B_BREAK,2025-03-26 04:00:00,18049,18030,94.912,2025-03-25 00:00:00,14,2025-03-26 04:00:00,18049,94.912,0,
AUDJPY,H4,OOS_2025_2026,2025-03-23 20:00:00,2025-03-18 08:00:00,2025-03-19 04:00:00,2025-03-21 04:00:00,95.747,95.352,94.21,94.118,5,ENTRY_C_A_AFTER_B,2025-03-26 04:00:00,18049,18030,94.21,2025-03-21 04:00:00,14,2025-03-26 04:00:00,18049,94.912,0,
AUDJPY,H4,OOS_2025_2026,2025-05-23 12:00:00,2025-05-20 00:00:00,2025-05-21 16:00:00,2025-05-22 16:00:00,93.845,92.935,92.518,92.351,5,ENTRY_A_B_BREAK,2025-05-28 20:00:00,18332,18306,93.195,2025-05-26 04:00:00,21,2025-05-28 20:00:00,18332,93.195,0,
AUDJPY,H4,OOS_2025_2026,2025-05-23 12:00:00,2025-05-20 00:00:00,2025-05-21 16:00:00,2025-05-22 16:00:00,93.845,92.935,92.518,92.351,5,ENTRY_C_A_AFTER_B,2025-05-28 20:00:00,18332,18306,92.518,2025-05-22 16:00:00,21,2025-05-28 20:00:00,18332,93.195,0,
AUDJPY,H4,OOS_2025_2026,2026-02-18 08:00:00,2026-02-12 12:00:00,2026-02-16 08:00:00,2026-02-17 16:00:00,109.484,108.891,108.727,108.685,4,ENTRY_A_B_BREAK,2026-02-25 00:00:00,18739,18706,110.437,2026-02-24 08:00:00,29,2026-02-25 00:00:00,18739,110.437,0,
AUDJPY,H4,OOS_2025_2026,2026-02-18 08:00:00,2026-02-12 12:00:00,2026-02-16 08:00:00,2026-02-17 16:00:00,109.484,108.891,108.727,108.685,4,ENTRY_B_B_SUPPORT_REACCEL,2026-02-25 08:00:00,18741,18706,110.883,2026-02-25 04:00:00,29,2026-02-25 00:00:00,18739,110.437,2,2026-02-25 04:00:00
AUDJPY,H4,OOS_2025_2026,2026-02-18 08:00:00,2026-02-12 12:00:00,2026-02-16 08:00:00,2026-02-17 16:00:00,109.484,108.891,108.727,108.685,4,ENTRY_C_A_AFTER_B,2026-02-25 00:00:00,18739,18706,108.727,2026-02-17 16:00:00,29,2026-02-25 00:00:00,18739,110.437,0,
AUDJPY,H4,OOS_2025_2026,2026-03-26 00:00:00,2026-03-18 00:00:00,2026-03-20 04:00:00,2026-03-23 12:00:00,113.213,112.384,111.775,110.825,15,ENTRY_A_B_BREAK,2026-04-02 16:00:00,18904,18854,110.217,2026-04-01 12:00:00,35,2026-04-02 16:00:00,18904,110.217,0,
AUDJPY,H4,OOS_2025_2026,2026-03-26 00:00:00,2026-03-18 00:00:00,2026-03-20 04:00:00,2026-03-23 12:00:00,113.213,112.384,111.775,110.825,15,ENTRY_C_A_AFTER_B,2026-04-07 20:00:00,18924,18854,111.775,2026-03-23 12:00:00,35,2026-04-02 16:00:00,18904,110.217,20,
SILVER,H1,Research_2015_2024,2014-01-09 12:00:00,2014-01-07 21:00:00,2014-01-08 13:00:00,2014-01-09 01:00:00,19.884,19.743,19.691,19.621,11,ENTRY_A_B_BREAK,2014-01-10 05:00:00,145,117,19.703,2014-01-09 18:00:00,17,2014-01-10 05:00:00,145,19.703,0,
SILVER,H1,Research_2015_2024,2014-01-09 12:00:00,2014-01-07 21:00:00,2014-01-08 13:00:00,2014-01-09 01:00:00,19.884,19.743,19.691,19.621,11,ENTRY_B_B_SUPPORT_REACCEL,2014-01-10 13:00:00,153,117,19.834,2014-01-10 06:00:00,17,2014-01-10 05:00:00,145,19.703,8,2014-01-10 06:00:00
SILVER,H1,Research_2015_2024,2014-01-09 12:00:00,2014-01-07 21:00:00,2014-01-08 13:00:00,2014-01-09 01:00:00,19.884,19.743,19.691,19.621,11,ENTRY_C_A_AFTER_B,2014-01-10 05:00:00,145,117,19.691,2014-01-09 01:00:00,17,2014-01-10 05:00:00,145,19.703,0,
SILVER,H1,Research_2015_2024,2014-01-29 10:00:00,2014-01-26 23:00:00,2014-01-27 09:00:00,2014-01-28 06:00:00,20.072,20.0,19.827,19.666,28,ENTRY_A_B_BREAK,2014-01-29 10:00:00,453,425,19.589,2014-01-28 20:00:00,0,2014-01-29 10:00:00,453,19.589,0,
SILVER,H1,Research_2015_2024,2014-01-29 10:00:00,2014-01-26 23:00:00,2014-01-27 09:00:00,2014-01-28 06:00:00,20.072,20.0,19.827,19.666,28,ENTRY_B_B_SUPPORT_REACCEL,2014-01-29 19:00:00,462,425,19.681,2014-01-29 16:00:00,0,2014-01-29 10:00:00,453,19.589,9,2014-01-29 16:00:00
SILVER,H1,Research_2015_2024,2014-01-29 10:00:00,2014-01-26 23:00:00,2014-01-27 09:00:00,2014-01-28 06:00:00,20.072,20.0,19.827,19.666,28,ENTRY_C_A_AFTER_B,2014-01-29 13:00:00,456,425,19.827,2014-01-28 06:00:00,0,2014-01-29 10:00:00,453,19.589,3,
SILVER,H1,Research_2015_2024,2014-03-05 05:00:00,2014-03-03 08:00:00,2014-03-03 15:00:00,2014-03-04 01:00:00,21.701,21.63,21.5,21.227,28,ENTRY_A_B_BREAK,2014-03-05 11:00:00,1041,1007,21.263,2014-03-04 19:00:00,6,2014-03-05 11:00:00,1041,21.263,0,
SILVER,H1,Research_2015_2024,2014-03-05 05:00:00,2014-03-03 08:00:00,2014-03-03 15:00:00,2014-03-04 01:00:00,21.701,21.63,21.5,21.227,28,ENTRY_C_A_AFTER_B,2014-03-06 16:00:00,1070,1007,21.5,2014-03-04 01:00:00,6,2014-03-05 11:00:00,1041,21.263,29,
SILVER,H1,Research_2015_2024,2014-03-19 16:00:00,2014-03-16 23:00:00,2014-03-17 08:00:00,2014-03-19 01:00:00,21.576,21.458,20.938,20.788,15,ENTRY_A_B_BREAK,2014-03-21 08:00:00,1314,1261,20.426,2014-03-20 15:00:00,38,2014-03-21 08:00:00,1314,20.426,0,
SILVER,H1,Research_2015_2024,2014-03-19 16:00:00,2014-03-16 23:00:00,2014-03-17 08:00:00,2014-03-19 01:00:00,21.576,21.458,20.938,20.788,15,ENTRY_B_B_SUPPORT_REACCEL,2014-03-21 10:00:00,1316,1261,20.491,2014-03-21 09:00:00,38,2014-03-21 08:00:00,1314,20.426,2,2014-03-21 09:00:00
SILVER,H1,Research_2015_2024,2014-03-31 09:00:00,2014-03-24 11:00:00,2014-03-25 08:00:00,2014-03-26 11:00:00,20.236,20.194,20.12,19.962,66,ENTRY_A_B_BREAK,2014-03-31 09:00:00,1451,1385,19.759,2014-03-27 14:00:00,0,2014-03-31 09:00:00,1451,19.759,0,
SILVER,H1,Research_2015_2024,2014-03-31 09:00:00,2014-03-24 11:00:00,2014-03-25 08:00:00,2014-03-26 11:00:00,20.236,20.194,20.12,19.962,66,ENTRY_C_A_AFTER_B,2014-04-04 12:00:00,1546,1385,20.12,2014-03-26 11:00:00,0,2014-03-31 09:00:00,1451,19.759,95,
SILVER,H1,Research_2015_2024,2014-04-02 06:00:00,2014-03-31 09:00:00,2014-04-01 08:00:00,2014-04-02 00:00:00,19.992,19.894,19.816,19.84,6,ENTRY_A_B_BREAK,2014-04-04 07:00:00,1541,1488,19.887,2014-04-03 15:00:00,47,2014-04-04 07:00:00,1541,19.887,0,
SILVER,H1,Research_2015_2024,2014-04-02 06:00:00,2014-03-31 09:00:00,2014-04-01 08:00:00,2014-04-02 00:00:00,19.992,19.894,19.816,19.84,6,ENTRY_B_B_SUPPORT_REACCEL,2014-04-04 12:00:00,1546,1488,19.992,2014-04-04 08:00:00,47,2014-04-04 07:00:00,1541,19.887,5,2014-04-04 08:00:00
SILVER,H1,Research_2015_2024,2014-04-02 06:00:00,2014-03-31 09:00:00,2014-04-01 08:00:00,2014-04-02 00:00:00,19.992,19.894,19.816,19.84,6,ENTRY_C_A_AFTER_B,2014-04-04 07:00:00,1541,1488,19.816,2014-04-02 00:00:00,47,2014-04-04 07:00:00,1541,19.887,0,
SILVER,H1,Research_2015_2024,2014-05-02 14:00:00,2014-04-25 12:00:00,2014-04-28 01:00:00,2014-04-28 12:00:00,19.794,19.741,19.709,19.436,97,ENTRY_A_B_BREAK,2014-05-07 04:00:00,2048,1891,19.668,2014-05-02 15:00:00,60,2014-05-07 04:00:00,2048,19.668,0,
SILVER,H1,Research_2015_2024,2014-08-15 07:00:00,2014-08-13 12:00:00,2014-08-14 09:00:00,2014-08-14 20:00:00,20.056,19.968,19.903,19.878,10,ENTRY_A_B_BREAK,2014-08-20 12:00:00,3810,3724,19.482,2014-08-19 20:00:00,76,2014-08-20 12:00:00,3810,19.482,0,
SILVER,H1,Research_2015_2024,2014-10-06 16:00:00,2014-09-26 06:00:00,2014-09-26 20:00:00,2014-09-29 10:00:00,17.724,17.668,17.633,17.28,121,ENTRY_A_B_BREAK,2014-10-09 10:00:00,4642,4457,17.61,2014-10-07 07:00:00,64,2014-10-09 10:00:00,4642,17.61,0,
SILVER,H1,Research_2015_2024,2014-10-06 16:00:00,2014-09-26 06:00:00,2014-09-26 20:00:00,2014-09-29 10:00:00,17.724,17.668,17.633,17.28,121,ENTRY_C_A_AFTER_B,2014-10-09 10:00:00,4642,4457,17.633,2014-09-29 10:00:00,64,2014-10-09 10:00:00,4642,17.61,0,
SILVER,H1,Research_2015_2024,2014-10-17 05:00:00,2014-10-16 01:00:00,2014-10-16 08:00:00,2014-10-16 17:00:00,17.534,17.503,17.452,17.411,12,ENTRY_A_B_BREAK,2014-10-21 12:00:00,4827,4762,17.511,2014-10-20 14:00:00,53,2014-10-21 12:00:00,4827,17.511,0,
SILVER,H1,Research_2015_2024,2014-10-17 05:00:00,2014-10-16 01:00:00,2014-10-16 08:00:00,2014-10-16 17:00:00,17.534,17.503,17.452,17.411,12,ENTRY_C_A_AFTER_B,2014-10-21 12:00:00,4827,4762,17.452,2014-10-16 17:00:00,53,2014-10-21 12:00:00,4827,17.511,0,
SILVER,H1,Research_2015_2024,2014-12-01 17:00:00,2014-11-25 10:00:00,2014-11-25 21:00:00,2014-11-26 15:00:00,16.713,16.695,16.657,16.66,65,ENTRY_A_B_BREAK,2014-12-01 17:00:00,5499,5434,16.346,2014-12-01 09:00:00,0,2014-12-01 17:00:00,5499,16.346,0,
SILVER,H1,Research_2015_2024,2014-12-18 10:00:00,2014-12-12 09:00:00,2014-12-15 13:00:00,2014-12-16 12:00:00,17.193,16.907,16.635,16.14,45,ENTRY_A_B_BREAK,2014-12-18 10:00:00,5793,5748,15.944,2014-12-17 04:00:00,0,2014-12-18 10:00:00,5793,15.944,0,
SILVER,H1,Research_2015_2024,2015-02-06 03:00:00,2015-02-04 15:00:00,2015-02-05 05:00:00,2015-02-05 20:00:00,17.641,17.478,17.318,17.258,6,ENTRY_A_B_BREAK,2015-02-06 12:00:00,6556,6541,17.314,2015-02-06 05:00:00,9,2015-02-06 12:00:00,6556,17.314,0,
SILVER,H1,Research_2015_2024,2015-02-06 03:00:00,2015-02-04 15:00:00,2015-02-05 05:00:00,2015-02-05 20:00:00,17.641,17.478,17.318,17.258,6,ENTRY_C_A_AFTER_B,2015-02-06 12:00:00,6556,6541,17.318,2015-02-05 20:00:00,9,2015-02-06 12:00:00,6556,17.314,0,
SILVER,H1,Research_2015_2024,2015-03-12 06:00:00,2015-03-09 10:00:00,2015-03-10 12:00:00,2015-03-11 06:00:00,15.974,15.841,15.755,15.667,23,ENTRY_A_B_BREAK,2015-03-12 06:00:00,7101,7078,15.541,2015-03-11 20:00:00,0,2015-03-12 06:00:00,7101,15.541,0,
SILVER,H1,Research_2015_2024,2015-03-12 06:00:00,2015-03-09 10:00:00,2015-03-10 12:00:00,2015-03-11 06:00:00,15.974,15.841,15.755,15.667,23,ENTRY_C_A_AFTER_B,2015-03-16 05:00:00,7146,7078,15.755,2015-03-11 06:00:00,0,2015-03-12 06:00:00,7101,15.541,45,
SILVER,H1,Research_2015_2024,2015-04-23 11:00:00,2015-04-20 06:00:00,2015-04-21 11:00:00,2015-04-22 05:00:00,16.37,16.196,16.104,15.937,29,ENTRY_A_B_BREAK,2015-04-27 13:00:00,7824,7747,15.884,2015-04-27 05:00:00,48,2015-04-27 13:00:00,7824,15.884,0,
SILVER,H1,Research_2015_2024,2015-04-23 11:00:00,2015-04-20 06:00:00,2015-04-21 11:00:00,2015-04-22 05:00:00,16.37,16.196,16.104,15.937,29,ENTRY_C_A_AFTER_B,2015-04-27 14:00:00,7825,7747,16.104,2015-04-22 05:00:00,48,2015-04-27 13:00:00,7824,15.884,1,
SILVER,H1,Research_2015_2024,2015-05-21 02:00:00,2015-05-18 15:00:00,2015-05-19 12:00:00,2015-05-20 13:00:00,17.735,17.53,17.274,17.199,12,ENTRY_A_B_BREAK,2015-05-25 15:00:00,8286,8215,17.1,2015-05-25 07:00:00,59,2015-05-25 15:00:00,8286,17.1,0,
SILVER,H1,Research_2015_2024,2015-06-16 23:00:00,2015-06-15 15:00:00,2015-06-16 07:00:00,2015-06-16 16:00:00,16.267,16.143,16.044,16.001,6,ENTRY_A_B_BREAK,2015-06-18 08:00:00,8692,8654,16.263,2015-06-17 18:00:00,32,2015-06-18 08:00:00,8692,16.263,0,
SILVER,H1,Research_2015_2024,2015-06-16 23:00:00,2015-06-15 15:00:00,2015-06-16 07:00:00,2015-06-16 16:00:00,16.267,16.143,16.044,16.001,6,ENTRY_C_A_AFTER_B,2015-06-18 08:00:00,8692,8654,16.044,2015-06-16 16:00:00,32,2015-06-18 08:00:00,8692,16.263,0,
SILVER,H1,Research_2015_2024,2015-07-16 14:00:00,2015-07-14 13:00:00,2015-07-15 01:00:00,2015-07-16 04:00:00,15.49,15.383,15.136,15.063,10,ENTRY_A_B_BREAK,2015-07-20 15:00:00,9200,9143,14.875,2015-07-20 07:00:00,47,2015-07-20 15:00:00,9200,14.875,0,
SILVER,H1,Research_2015_2024,2015-07-28 13:00:00,2015-07-27 07:00:00,2015-07-27 14:00:00,2015-07-28 05:00:00,14.772,14.738,14.654,14.667,8,ENTRY_A_B_BREAK,2015-07-29 01:00:00,9347,9328,14.713,2015-07-28 13:00:00,11,2015-07-29 01:00:00,9347,14.713,0,
SILVER,H1,Research_2015_2024,2015-07-28 13:00:00,2015-07-27 07:00:00,2015-07-27 14:00:00,2015-07-28 05:00:00,14.772,14.738,14.654,14.667,8,ENTRY_C_A_AFTER_B,2015-07-29 01:00:00,9347,9328,14.654,2015-07-28 05:00:00,11,2015-07-29 01:00:00,9347,14.713,0,
SILVER,H1,Research_2015_2024,2015-08-25 22:00:00,2015-08-21 03:00:00,2015-08-23 22:00:00,2015-08-24 14:00:00,15.662,15.401,15.13,14.684,30,ENTRY_A_B_BREAK,2015-08-31 15:00:00,9893,9777,14.602,2015-08-27 15:00:00,86,2015-08-31 15:00:00,9893,14.602,0,
SILVER,H1,Research_2015_2024,2015-09-15 03:00:00,2015-09-10 13:00:00,2015-09-11 02:00:00,2015-09-11 19:00:00,14.86,14.755,14.635,14.413,30,ENTRY_A_B_BREAK,2015-09-16 06:00:00,10158,10102,14.419,2015-09-15 19:00:00,26,2015-09-16 06:00:00,10158,14.419,0,
SILVER,H1,Research_2015_2024,2015-09-15 03:00:00,2015-09-10 13:00:00,2015-09-11 02:00:00,2015-09-11 19:00:00,14.86,14.755,14.635,14.413,30,ENTRY_B_B_SUPPORT_REACCEL,2015-09-16 09:00:00,10161,10102,14.525,2015-09-16 07:00:00,26,2015-09-16 06:00:00,10158,14.419,3,2015-09-16 07:00:00
SILVER,H1,Research_2015_2024,2015-09-15 03:00:00,2015-09-10 13:00:00,2015-09-11 02:00:00,2015-09-11 19:00:00,14.86,14.755,14.635,14.413,30,ENTRY_C_A_AFTER_B,2015-09-16 12:00:00,10164,10102,14.635,2015-09-11 19:00:00,26,2015-09-16 06:00:00,10158,14.419,6,
SILVER,H1,Research_2015_2024,2015-11-12 14:00:00,2015-11-10 00:00:00,2015-11-10 07:00:00,2015-11-11 01:00:00,14.582,14.557,14.513,14.455,36,ENTRY_A_B_BREAK,2015-11-13 11:00:00,11128,11072,14.313,2015-11-13 00:00:00,20,2015-11-13 11:00:00,11128,14.313,0,
SILVER,H1,Research_2015_2024,2015-11-26 03:00:00,2015-11-24 14:00:00,2015-11-25 02:00:00,2015-11-25 19:00:00,14.298,14.268,14.212,14.223,7,ENTRY_A_B_BREAK,2015-11-26 11:00:00,11335,11320,14.266,2015-11-26 05:00:00,8,2015-11-26 11:00:00,11335,14.266,0,
SILVER,H1,Research_2015_2024,2015-11-26 03:00:00,2015-11-24 14:00:00,2015-11-25 02:00:00,2015-11-25 19:00:00,14.298,14.268,14.212,14.223,7,ENTRY_C_A_AFTER_B,2015-11-26 11:00:00,11335,11320,14.212,2015-11-25 19:00:00,8,2015-11-26 11:00:00,11335,14.266,0,
SILVER,H1,Research_2015_2024,2015-11-30 07:00:00,2015-11-26 11:00:00,2015-11-27 00:00:00,2015-11-27 12:00:00,14.375,14.295,14.189,14.081,15,ENTRY_A_B_BREAK,2015-12-01 03:00:00,11390,11356,14.185,2015-11-30 13:00:00,19,2015-12-01 03:00:00,11390,14.185,0,
SILVER,H1,Research_2015_2024,2015-11-30 07:00:00,2015-11-26 11:00:00,2015-11-27 00:00:00,2015-11-27 12:00:00,14.375,14.295,14.189,14.081,15,ENTRY_C_A_AFTER_B,2015-12-01 11:00:00,11398,11356,14.189,2015-11-27 12:00:00,19,2015-12-01 03:00:00,11390,14.185,8,
SILVER,H1,Research_2015_2024,2016-01-06 07:00:00,2016-01-04 14:00:00,2016-01-05 13:00:00,2016-01-06 00:00:00,14.183,14.063,14.01,13.977,7,ENTRY_A_B_BREAK,2016-01-07 16:00:00,11955,11916,14.132,2016-01-06 14:00:00,32,2016-01-07 16:00:00,11955,14.132,0,
SILVER,H1,Research_2015_2024,2016-01-06 07:00:00,2016-01-04 14:00:00,2016-01-05 13:00:00,2016-01-06 00:00:00,14.183,14.063,14.01,13.977,7,ENTRY_C_A_AFTER_B,2016-01-07 16:00:00,11955,11916,14.01,2016-01-06 00:00:00,32,2016-01-07 16:00:00,11955,14.132,0,
SILVER,H1,Research_2015_2024,2016-03-01 11:00:00,2016-02-25 08:00:00,2016-02-26 01:00:00,2016-02-26 12:00:00,15.31,15.211,15.158,14.966,45,ENTRY_A_B_BREAK,2016-03-01 12:00:00,12819,12773,14.985,2016-03-01 04:00:00,1,2016-03-01 12:00:00,12819,14.985,0,
SILVER,H1,Research_2015_2024,2016-03-01 11:00:00,2016-02-25 08:00:00,2016-02-26 01:00:00,2016-02-26 12:00:00,15.31,15.211,15.158,14.966,45,ENTRY_C_A_AFTER_B,2016-03-03 20:00:00,12873,12773,15.158,2016-02-26 12:00:00,1,2016-03-01 12:00:00,12819,14.985,54,
SILVER,H1,Research_2015_2024,2016-03-10 14:00:00,2016-03-07 13:00:00,2016-03-08 02:00:00,2016-03-08 08:00:00,15.785,15.721,15.692,15.493,52,ENTRY_A_B_BREAK,2016-03-10 14:00:00,12982,12930,15.427,2016-03-09 15:00:00,0,2016-03-10 14:00:00,12982,15.427,0,
SILVER,H1,Research_2015_2024,2016-03-10 14:00:00,2016-03-07 13:00:00,2016-03-08 02:00:00,2016-03-08 08:00:00,15.785,15.721,15.692,15.493,52,ENTRY_B_B_SUPPORT_REACCEL,2016-03-11 01:00:00,12992,12930,15.596,2016-03-10 16:00:00,0,2016-03-10 14:00:00,12982,15.427,10,2016-03-10 16:00:00
SILVER,H1,Research_2015_2024,2016-05-25 12:00:00,2016-05-17 14:00:00,2016-05-18 00:00:00,2016-05-18 13:00:00,17.332,17.276,17.156,16.249,114,ENTRY_A_B_BREAK,2016-05-25 17:00:00,14205,14086,16.3,2016-05-25 05:00:00,5,2016-05-25 17:00:00,14205,16.3,0,
SILVER,H1,Research_2015_2024,2016-07-05 19:00:00,2016-07-04 02:00:00,2016-07-04 12:00:00,2016-07-05 13:00:00,21.114,20.745,20.053,19.939,6,ENTRY_A_B_BREAK,2016-07-08 14:00:00,14930,14860,19.767,2016-07-08 01:00:00,64,2016-07-08 14:00:00,14930,19.767,0,
SILVER,H1,Research_2015_2024,2016-07-05 19:00:00,2016-07-04 02:00:00,2016-07-04 12:00:00,2016-07-05 13:00:00,21.114,20.745,20.053,19.939,6,ENTRY_C_A_AFTER_B,2016-07-08 17:00:00,14933,14860,20.053,2016-07-05 13:00:00,64,2016-07-08 14:00:00,14930,19.767,3,
SILVER,H1,Research_2015_2024,2016-07-21 18:00:00,2016-07-14 22:00:00,2016-07-15 12:00:00,2016-07-15 20:00:00,20.342,20.291,20.227,19.783,90,ENTRY_A_B_BREAK,2016-07-21 18:00:00,15141,15051,19.505,2016-07-21 08:00:00,0,2016-07-21 18:00:00,15141,19.505,0,
SILVER,H1,Research_2015_2024,2016-07-21 18:00:00,2016-07-14 22:00:00,2016-07-15 12:00:00,2016-07-15 20:00:00,20.342,20.291,20.227,19.783,90,ENTRY_C_A_AFTER_B,2016-07-27 19:00:00,15234,15051,20.227,2016-07-15 20:00:00,0,2016-07-21 18:00:00,15141,19.505,93,
SILVER,H1,Research_2015_2024,2016-07-26 07:00:00,2016-07-22 11:00:00,2016-07-25 16:00:00,2016-07-26 01:00:00,19.777,19.695,19.67,19.672,6,ENTRY_A_B_BREAK,2016-07-28 07:00:00,15245,15193,20.395,2016-07-27 19:00:00,46,2016-07-28 07:00:00,15245,20.395,0,
SILVER,H1,Research_2015_2024,2016-07-26 07:00:00,2016-07-22 11:00:00,2016-07-25 16:00:00,2016-07-26 01:00:00,19.777,19.695,19.67,19.672,6,ENTRY_C_A_AFTER_B,2016-07-28 07:00:00,15245,15193,19.67,2016-07-26 01:00:00,46,2016-07-28 07:00:00,15245,20.395,0,
SILVER,H1,Research_2015_2024,2016-08-26 11:00:00,2016-08-18 01:00:00,2016-08-18 13:00:00,2016-08-19 05:00:00,19.925,19.825,19.702,18.747,121,ENTRY_A_B_BREAK,2016-08-26 11:00:00,15732,15611,18.632,2016-08-25 15:00:00,0,2016-08-26 11:00:00,15732,18.632,0,
SILVER,H1,Research_2015_2024,2016-10-24 12:00:00,2016-10-19 12:00:00,2016-10-20 03:00:00,2016-10-20 13:00:00,17.767,17.732,17.719,17.797,45,ENTRY_A_B_BREAK,2016-10-24 12:00:00,16672,16627,17.544,2016-10-21 13:00:00,0,2016-10-24 12:00:00,16672,17.544,0,
SILVER,H1,Research_2015_2024,2016-10-24 12:00:00,2016-10-19 12:00:00,2016-10-20 03:00:00,2016-10-20 13:00:00,17.767,17.732,17.719,17.797,45,ENTRY_B_B_SUPPORT_REACCEL,2016-10-25 07:00:00,16690,16627,17.706,2016-10-24 14:00:00,0,2016-10-24 12:00:00,16672,17.544,18,2016-10-24 14:00:00
SILVER,H1,Research_2015_2024,2016-10-24 12:00:00,2016-10-19 12:00:00,2016-10-20 03:00:00,2016-10-20 13:00:00,17.767,17.732,17.719,17.797,45,ENTRY_C_A_AFTER_B,2016-10-24 12:00:00,16672,16627,17.719,2016-10-20 13:00:00,0,2016-10-24 12:00:00,16672,17.544,0,
SILVER,H1,Research_2015_2024,2016-11-17 07:00:00,2016-11-16 02:00:00,2016-11-16 14:00:00,2016-11-17 00:00:00,17.227,17.083,17.007,16.991,7,ENTRY_A_B_BREAK,2016-11-22 01:00:00,17143,17073,16.759,2016-11-21 09:00:00,63,2016-11-22 01:00:00,17143,16.759,0,
SILVER,H1,Research_2015_2024,2016-11-24 15:00:00,2016-11-22 09:00:00,2016-11-23 05:00:00,2016-11-24 09:00:00,16.883,16.691,16.401,16.346,6,ENTRY_A_B_BREAK,2016-11-25 15:00:00,17220,17194,16.503,2016-11-25 08:00:00,20,2016-11-25 15:00:00,17220,16.503,0,
SILVER,H1,Research_2015_2024,2016-11-24 15:00:00,2016-11-22 09:00:00,2016-11-23 05:00:00,2016-11-24 09:00:00,16.883,16.691,16.401,16.346,6,ENTRY_B_B_SUPPORT_REACCEL,2016-11-28 01:00:00,17226,17194,16.659,2016-11-28 00:00:00,20,2016-11-25 15:00:00,17220,16.503,6,2016-11-28 00:00:00
SILVER,H1,Research_2015_2024,2016-11-24 15:00:00,2016-11-22 09:00:00,2016-11-23 05:00:00,2016-11-24 09:00:00,16.883,16.691,16.401,16.346,6,ENTRY_C_A_AFTER_B,2016-11-25 15:00:00,17220,17194,16.401,2016-11-24 09:00:00,20,2016-11-25 15:00:00,17220,16.503,0,
SILVER,H1,Research_2015_2024,2017-01-09 13:00:00,2017-01-05 15:00:00,2017-01-06 00:00:00,2017-01-06 13:00:00,16.709,16.66,16.621,16.545,23,ENTRY_A_B_BREAK,2017-01-10 14:00:00,17906,17859,16.677,2017-01-09 16:00:00,24,2017-01-10 14:00:00,17906,16.677,0,
SILVER,H1,Research_2015_2024,2017-01-09 13:00:00,2017-01-05 15:00:00,2017-01-06 00:00:00,2017-01-06 13:00:00,16.709,16.66,16.621,16.545,23,ENTRY_C_A_AFTER_B,2017-01-10 14:00:00,17906,17859,16.621,2017-01-06 13:00:00,24,2017-01-10 14:00:00,17906,16.677,0,
SILVER,H1,Research_2015_2024,2017-01-27 14:00:00,2017-01-24 15:00:00,2017-01-26 00:00:00,2017-01-26 09:00:00,17.28,17.026,16.958,16.743,28,ENTRY_A_B_BREAK,2017-01-31 11:00:00,18244,18173,17.24,2017-01-27 16:00:00,43,2017-01-31 11:00:00,18244,17.24,0,
SILVER,H1,Research_2015_2024,2017-01-27 14:00:00,2017-01-24 15:00:00,2017-01-26 00:00:00,2017-01-26 09:00:00,17.28,17.026,16.958,16.743,28,ENTRY_C_A_AFTER_B,2017-01-31 11:00:00,18244,18173,16.958,2017-01-26 09:00:00,43,2017-01-31 11:00:00,18244,17.24,0,
SILVER,H1,Research_2015_2024,2017-03-16 02:00:00,2017-03-01 18:00:00,2017-03-02 01:00:00,2017-03-02 07:00:00,18.454,18.425,18.402,17.438,225,ENTRY_A_B_BREAK,2017-03-16 11:00:00,18976,18742,17.48,2017-03-16 01:00:00,9,2017-03-16 11:00:00,18976,17.48,0,
SILVER,H1,Research_2015_2024,2017-05-05 05:00:00,2017-05-03 03:00:00,2017-05-04 03:00:00,2017-05-04 20:00:00,16.88,16.631,16.459,16.426,8,ENTRY_A_B_BREAK,2017-05-10 10:00:00,19850,19768,16.215,2017-05-09 22:00:00,74,2017-05-10 10:00:00,19850,16.215,0,
SILVER,H1,Research_2015_2024,2017-05-05 05:00:00,2017-05-03 03:00:00,2017-05-04 03:00:00,2017-05-04 20:00:00,16.88,16.631,16.459,16.426,8,ENTRY_C_A_AFTER_B,2017-05-15 01:00:00,19910,19768,16.459,2017-05-04 20:00:00,74,2017-05-10 10:00:00,19850,16.215,60,
SILVER,H1,Research_2015_2024,2017-06-02 13:00:00,2017-05-30 06:00:00,2017-05-30 14:00:00,2017-05-31 17:00:00,17.464,17.452,17.419,17.392,42,ENTRY_A_B_BREAK,2017-06-02 13:00:00,20241,20199,17.34,2017-06-01 19:00:00,0,2017-06-02 13:00:00,20241,17.34,0,
SILVER,H1,Research_2015_2024,2017-06-02 13:00:00,2017-05-30 06:00:00,2017-05-30 14:00:00,2017-05-31 17:00:00,17.464,17.452,17.419,17.392,42,ENTRY_C_A_AFTER_B,2017-06-02 14:00:00,20242,20199,17.419,2017-05-31 17:00:00,0,2017-06-02 13:00:00,20241,17.34,1,
SILVER,H1,Research_2015_2024,2017-06-27 06:00:00,2017-06-23 08:00:00,2017-06-25 22:00:00,2017-06-26 06:00:00,16.788,16.737,16.715,16.657,23,ENTRY_A_B_BREAK,2017-06-27 18:00:00,20638,20603,16.704,2017-06-27 08:00:00,12,2017-06-27 18:00:00,20638,16.704,0,
SILVER,H1,Research_2015_2024,2017-06-27 06:00:00,2017-06-23 08:00:00,2017-06-25 22:00:00,2017-06-26 06:00:00,16.788,16.737,16.715,16.657,23,ENTRY_C_A_AFTER_B,2017-06-27 18:00:00,20638,20603,16.715,2017-06-26 06:00:00,12,2017-06-27 18:00:00,20638,16.704,0,
SILVER,H1,Research_2015_2024,2017-08-14 02:00:00,2017-08-10 13:00:00,2017-08-11 01:00:00,2017-08-11 08:00:00,17.234,17.191,17.161,17.104,17,ENTRY_A_B_BREAK,2017-08-14 03:00:00,21402,21384,17.116,2017-08-11 20:00:00,1,2017-08-14 03:00:00,21402,17.116,0,
SILVER,H1,Research_2015_2024,2017-08-14 02:00:00,2017-08-10 13:00:00,2017-08-11 01:00:00,2017-08-11 08:00:00,17.234,17.191,17.161,17.104,17,ENTRY_B_B_SUPPORT_REACCEL,2017-08-14 06:00:00,21405,21384,17.156,2017-08-14 04:00:00,1,2017-08-14 03:00:00,21402,17.116,3,2017-08-14 04:00:00
SILVER,H1,Research_2015_2024,2017-08-14 02:00:00,2017-08-10 13:00:00,2017-08-11 01:00:00,2017-08-11 08:00:00,17.234,17.191,17.161,17.104,17,ENTRY_C_A_AFTER_B,2017-08-14 06:00:00,21405,21384,17.161,2017-08-11 08:00:00,1,2017-08-14 03:00:00,21402,17.116,3,
SILVER,H1,Research_2015_2024,2017-08-14 03:00:00,2017-08-11 01:00:00,2017-08-11 08:00:00,2017-08-11 20:00:00,17.191,17.161,17.116,17.155,6,ENTRY_A_B_BREAK,2017-08-16 13:00:00,21458,21396,16.701,2017-08-16 04:00:00,56,2017-08-16 13:00:00,21458,16.701,0,
SILVER,H1,Research_2015_2024,2017-08-14 03:00:00,2017-08-11 01:00:00,2017-08-11 08:00:00,2017-08-11 20:00:00,17.191,17.161,17.116,17.155,6,ENTRY_C_A_AFTER_B,2017-08-17 01:00:00,21469,21396,17.116,2017-08-11 20:00:00,56,2017-08-16 13:00:00,21458,16.701,11,
SILVER,H1,Research_2015_2024,2017-12-13 13:00:00,2017-12-11 12:00:00,2017-12-12 09:00:00,2017-12-13 03:00:00,15.874,15.807,15.742,15.736,10,ENTRY_A_B_BREAK,2017-12-18 15:00:00,23472,23391,16.139,2017-12-13 19:00:00,71,2017-12-18 15:00:00,23472,16.139,0,
SILVER,H1,Research_2015_2024,2017-12-13 13:00:00,2017-12-11 12:00:00,2017-12-12 09:00:00,2017-12-13 03:00:00,15.874,15.807,15.742,15.736,10,ENTRY_C_A_AFTER_B,2017-12-18 15:00:00,23472,23391,15.742,2017-12-13 03:00:00,71,2017-12-18 15:00:00,23472,16.139,0,
SILVER,H1,Research_2015_2024,2018-01-19 08:00:00,2018-01-15 15:00:00,2018-01-17 02:00:00,2018-01-17 11:00:00,17.369,17.283,17.242,17.109,43,ENTRY_A_B_BREAK,2018-01-24 08:00:00,24037,23925,17.069,2018-01-24 00:00:00,69,2018-01-24 08:00:00,24037,17.069,0,
SILVER,H1,Research_2015_2024,2018-01-19 08:00:00,2018-01-15 15:00:00,2018-01-17 02:00:00,2018-01-17 11:00:00,17.369,17.283,17.242,17.109,43,ENTRY_C_A_AFTER_B,2018-01-24 12:00:00,24041,23925,17.242,2018-01-17 11:00:00,69,2018-01-24 08:00:00,24037,17.069,4,
SILVER,H1,Research_2015_2024,2018-01-29 03:00:00,2018-01-25 06:00:00,2018-01-25 14:00:00,2018-01-26 07:00:00,17.693,17.632,17.534,17.415,19,ENTRY_A_B_BREAK,2018-01-31 23:00:00,24166,24082,17.327,2018-01-30 14:00:00,65,2018-01-31 23:00:00,24166,17.327,0,
SILVER,H1,Research_2015_2024,2018-01-31 12:00:00,2018-01-26 07:00:00,2018-01-26 19:00:00,2018-01-30 14:00:00,17.534,17.482,17.327,17.266,21,ENTRY_A_B_BREAK,2018-02-06 02:00:00,24238,24135,16.896,2018-02-05 11:00:00,82,2018-02-06 02:00:00,24238,16.896,0,
SILVER,H1,Research_2015_2024,2018-03-01 20:00:00,2018-02-26 06:00:00,2018-02-27 01:00:00,2018-02-27 09:00:00,16.76,16.689,16.654,16.474,57,ENTRY_A_B_BREAK,2018-03-05 01:00:00,24671,24587,16.541,2018-03-01 20:00:00,27,2018-03-05 01:00:00,24671,16.541,0,
SILVER,H1,Research_2015_2024,2018-03-01 20:00:00,2018-02-26 06:00:00,2018-02-27 01:00:00,2018-02-27 09:00:00,16.76,16.689,16.654,16.474,57,ENTRY_C_A_AFTER_B,2018-03-06 14:00:00,24707,24587,16.654,2018-02-27 09:00:00,27,2018-03-05 01:00:00,24671,16.541,36,
SILVER,H1,Research_2015_2024,2018-03-21 18:00:00,2018-03-13 12:00:00,2018-03-14 05:00:00,2018-03-14 12:00:00,16.659,16.649,16.634,16.569,121,ENTRY_A_B_BREAK,2018-03-26 13:00:00,25029,24844,16.641,2018-03-21 19:00:00,64,2018-03-26 13:00:00,25029,16.641,0,
SILVER,H1,Research_2015_2024,2018-03-21 18:00:00,2018-03-13 12:00:00,2018-03-14 05:00:00,2018-03-14 12:00:00,16.659,16.649,16.634,16.569,121,ENTRY_B_B_SUPPORT_REACCEL,2018-03-27 03:00:00,25042,24844,16.73,2018-03-26 17:00:00,64,2018-03-26 13:00:00,25029,16.641,13,2018-03-26 17:00:00
SILVER,H1,Research_2015_2024,2018-03-21 18:00:00,2018-03-13 12:00:00,2018-03-14 05:00:00,2018-03-14 12:00:00,16.659,16.649,16.634,16.569,121,ENTRY_C_A_AFTER_B,2018-03-26 13:00:00,25029,24844,16.634,2018-03-14 12:00:00,64,2018-03-26 13:00:00,25029,16.641,0,
SILVER,H1,Research_2015_2024,2018-04-27 07:00:00,2018-04-19 14:00:00,2018-04-20 12:00:00,2018-04-23 06:00:00,17.348,17.207,17.102,16.515,93,ENTRY_A_B_BREAK,2018-05-02 09:00:00,25623,25459,16.337,2018-05-02 03:00:00,71,2018-05-02 09:00:00,25623,16.337,0,
SILVER,H1,Research_2015_2024,2018-04-27 07:00:00,2018-04-19 14:00:00,2018-04-20 12:00:00,2018-04-23 06:00:00,17.348,17.207,17.102,16.515,93,ENTRY_B_B_SUPPORT_REACCEL,2018-05-02 12:00:00,25626,25459,16.359,2018-05-02 10:00:00,71,2018-05-02 09:00:00,25623,16.337,3,2018-05-02 10:00:00
SILVER,H1,Research_2015_2024,2018-06-21 12:00:00,2018-06-20 05:00:00,2018-06-20 13:00:00,2018-06-21 00:00:00,16.362,16.345,16.316,16.293,12,ENTRY_A_B_BREAK,2018-06-22 06:00:00,26467,26438,16.351,2018-06-21 18:00:00,17,2018-06-22 06:00:00,26467,16.351,0,
SILVER,H1,Research_2015_2024,2018-06-21 12:00:00,2018-06-20 05:00:00,2018-06-20 13:00:00,2018-06-21 00:00:00,16.362,16.345,16.316,16.293,12,ENTRY_B_B_SUPPORT_REACCEL,2018-06-22 17:00:00,26478,26438,16.431,2018-06-22 12:00:00,17,2018-06-22 06:00:00,26467,16.351,11,2018-06-22 12:00:00
SILVER,H1,Research_2015_2024,2018-06-21 12:00:00,2018-06-20 05:00:00,2018-06-20 13:00:00,2018-06-21 00:00:00,16.362,16.345,16.316,16.293,12,ENTRY_C_A_AFTER_B,2018-06-22 06:00:00,26467,26438,16.316,2018-06-21 00:00:00,17,2018-06-22 06:00:00,26467,16.351,0,
SILVER,H1,Research_2015_2024,2018-06-26 18:00:00,2018-06-24 22:00:00,2018-06-25 08:00:00,2018-06-26 01:00:00,16.483,16.437,16.35,16.273,17,ENTRY_A_B_BREAK,2018-06-29 15:00:00,26591,26508,16.115,2018-06-29 05:00:00,66,2018-06-29 15:00:00,26591,16.115,0,
SILVER,H1,Research_2015_2024,2018-07-04 01:00:00,2018-06-26 13:00:00,2018-06-26 23:00:00,2018-06-27 11:00:00,16.315,16.296,16.278,16.104,105,ENTRY_A_B_BREAK,2018-07-04 01:00:00,26646,26541,16.033,2018-07-03 14:00:00,0,2018-07-04 01:00:00,26646,16.033,0,
SILVER,H1,Research_2015_2024,2018-09-19 05:00:00,2018-09-14 07:00:00,2018-09-17 14:00:00,2018-09-18 11:00:00,14.276,14.24,14.224,14.217,17,ENTRY_A_B_BREAK,2018-09-21 00:00:00,27948,27890,14.33,2018-09-19 15:00:00,41,2018-09-21 00:00:00,27948,14.33,0,
SILVER,H1,Research_2015_2024,2018-09-19 05:00:00,2018-09-14 07:00:00,2018-09-17 14:00:00,2018-09-18 11:00:00,14.276,14.24,14.224,14.217,17,ENTRY_B_B_SUPPORT_REACCEL,2018-09-21 03:00:00,27951,27890,14.378,2018-09-21 01:00:00,41,2018-09-21 00:00:00,27948,14.33,3,2018-09-21 01:00:00
SILVER,H1,Research_2015_2024,2018-09-19 05:00:00,2018-09-14 07:00:00,2018-09-17 14:00:00,2018-09-18 11:00:00,14.276,14.24,14.224,14.217,17,ENTRY_C_A_AFTER_B,2018-09-21 00:00:00,27948,27890,14.224,2018-09-18 11:00:00,41,2018-09-21 00:00:00,27948,14.33,0,
SILVER,H1,Research_2015_2024,2018-09-27 02:00:00,2018-09-25 15:00:00,2018-09-26 05:00:00,2018-09-26 18:00:00,14.549,14.503,14.451,14.444,7,ENTRY_A_B_BREAK,2018-10-02 13:00:00,28122,28035,14.71,2018-09-28 17:00:00,80,2018-10-02 13:00:00,28122,14.71,0,
SILVER,H1,Research_2015_2024,2018-09-27 02:00:00,2018-09-25 15:00:00,2018-09-26 05:00:00,2018-09-26 18:00:00,14.549,14.503,14.451,14.444,7,ENTRY_C_A_AFTER_B,2018-10-02 13:00:00,28122,28035,14.451,2018-09-26 18:00:00,80,2018-10-02 13:00:00,28122,14.71,0,
SILVER,H1,Research_2015_2024,2018-10-09 23:00:00,2018-10-08 11:00:00,2018-10-09 07:00:00,2018-10-09 15:00:00,14.49,14.431,14.407,14.39,7,ENTRY_A_B_BREAK,2018-10-11 07:00:00,28277,28239,14.331,2018-10-10 22:00:00,31,2018-10-11 07:00:00,28277,14.331,0,
SILVER,H1,Research_2015_2024,2018-10-09 23:00:00,2018-10-08 11:00:00,2018-10-09 07:00:00,2018-10-09 15:00:00,14.49,14.431,14.407,14.39,7,ENTRY_B_B_SUPPORT_REACCEL,2018-10-11 12:00:00,28282,28239,14.44,2018-10-11 09:00:00,31,2018-10-11 07:00:00,28277,14.331,5,2018-10-11 09:00:00
SILVER,H1,Research_2015_2024,2018-10-09 23:00:00,2018-10-08 11:00:00,2018-10-09 07:00:00,2018-10-09 15:00:00,14.49,14.431,14.407,14.39,7,ENTRY_C_A_AFTER_B,2018-10-11 09:00:00,28279,28239,14.407,2018-10-09 15:00:00,31,2018-10-11 07:00:00,28277,14.331,2,
SILVER,H1,Research_2015_2024,2018-11-13 05:00:00,2018-11-07 11:00:00,2018-11-08 06:00:00,2018-11-08 19:00:00,14.714,14.584,14.484,14.079,55,ENTRY_A_B_BREAK,2018-11-15 06:00:00,28850,28748,14.183,2018-11-14 19:00:00,47,2018-11-15 06:00:00,28850,14.183,0,
SILVER,H1,Research_2015_2024,2019-01-25 03:00:00,2019-01-23 11:00:00,2019-01-24 01:00:00,2019-01-24 14:00:00,15.426,15.386,15.357,15.333,12,ENTRY_A_B_BREAK,2019-01-29 06:00:00,29989,29928,15.762,2019-01-29 00:00:00,49,2019-01-29 06:00:00,29989,15.762,0,
SILVER,H1,Research_2015_2024,2019-01-25 03:00:00,2019-01-23 11:00:00,2019-01-24 01:00:00,2019-01-24 14:00:00,15.426,15.386,15.357,15.333,12,ENTRY_B_B_SUPPORT_REACCEL,2019-01-29 08:00:00,29991,29928,15.842,2019-01-29 07:00:00,49,2019-01-29 06:00:00,29989,15.762,2,2019-01-29 07:00:00
SILVER,H1,Research_2015_2024,2019-01-25 03:00:00,2019-01-23 11:00:00,2019-01-24 01:00:00,2019-01-24 14:00:00,15.426,15.386,15.357,15.333,12,ENTRY_C_A_AFTER_B,2019-01-29 06:00:00,29989,29928,15.357,2019-01-24 14:00:00,49,2019-01-29 06:00:00,29989,15.762,0,
SILVER,H1,Research_2015_2024,2019-02-12 05:00:00,2019-02-08 13:00:00,2019-02-08 20:00:00,2019-02-11 15:00:00,15.857,15.835,15.769,15.743,13,ENTRY_A_B_BREAK,2019-02-15 08:00:00,30290,30205,15.623,2019-02-14 17:00:00,72,2019-02-15 08:00:00,30290,15.623,0,
SILVER,H1,Research_2015_2024,2019-02-12 05:00:00,2019-02-08 13:00:00,2019-02-08 20:00:00,2019-02-11 15:00:00,15.857,15.835,15.769,15.743,13,ENTRY_B_B_SUPPORT_REACCEL,2019-02-15 10:00:00,30292,30205,15.641,2019-02-15 09:00:00,72,2019-02-15 08:00:00,30290,15.623,2,2019-02-15 09:00:00
SILVER,H1,Research_2015_2024,2019-02-12 05:00:00,2019-02-08 13:00:00,2019-02-08 20:00:00,2019-02-11 15:00:00,15.857,15.835,15.769,15.743,13,ENTRY_C_A_AFTER_B,2019-02-15 20:00:00,30302,30205,15.769,2019-02-11 15:00:00,72,2019-02-15 08:00:00,30290,15.623,12,
SILVER,H1,Research_2015_2024,2019-04-02 22:00:00,2019-03-25 18:00:00,2019-03-26 01:00:00,2019-03-26 13:00:00,15.575,15.55,15.513,15.113,123,ENTRY_A_B_BREAK,2019-04-05 10:00:00,31093,30912,15.17,2019-04-04 19:00:00,58,2019-04-05 10:00:00,31093,15.17,0,
SILVER,H1,Research_2015_2024,2019-04-16 18:00:00,2019-04-12 14:00:00,2019-04-15 17:00:00,2019-04-16 07:00:00,15.106,15.028,15.007,15.001,11,ENTRY_A_B_BREAK,2019-04-17 02:00:00,31269,31251,15.007,2019-04-16 19:00:00,7,2019-04-17 02:00:00,31269,15.007,0,
SILVER,H1,Research_2015_2024,2019-04-16 18:00:00,2019-04-12 14:00:00,2019-04-15 17:00:00,2019-04-16 07:00:00,15.106,15.028,15.007,15.001,11,ENTRY_B_B_SUPPORT_REACCEL,2019-04-17 05:00:00,31272,31251,15.024,2019-04-17 04:00:00,7,2019-04-17 02:00:00,31269,15.007,3,2019-04-17 04:00:00
SILVER,H1,Research_2015_2024,2019-04-16 18:00:00,2019-04-12 14:00:00,2019-04-15 17:00:00,2019-04-16 07:00:00,15.106,15.028,15.007,15.001,11,ENTRY_C_A_AFTER_B,2019-04-17 02:00:00,31269,31251,15.007,2019-04-16 07:00:00,7,2019-04-17 02:00:00,31269,15.007,0,
SILVER,H1,Research_2015_2024,2019-04-25 13:00:00,2019-04-23 01:00:00,2019-04-24 15:00:00,2019-04-25 07:00:00,15.03,14.982,14.947,14.982,6,ENTRY_A_B_BREAK,2019-04-26 06:00:00,31411,31389,15.005,2019-04-25 13:00:00,16,2019-04-26 06:00:00,31411,15.005,0,
SILVER,H1,Research_2015_2024,2019-04-25 13:00:00,2019-04-23 01:00:00,2019-04-24 15:00:00,2019-04-25 07:00:00,15.03,14.982,14.947,14.982,6,ENTRY_C_A_AFTER_B,2019-04-26 06:00:00,31411,31389,14.947,2019-04-25 07:00:00,16,2019-04-26 06:00:00,31411,15.005,0,
SILVER,H1,Research_2015_2024,2019-05-22 11:00:00,2019-05-20 19:00:00,2019-05-21 14:00:00,2019-05-22 00:00:00,14.472,14.465,14.458,14.466,11,ENTRY_A_B_BREAK,2019-05-23 12:00:00,31854,31819,14.49,2019-05-22 12:00:00,24,2019-05-23 12:00:00,31854,14.49,0,
SILVER,H1,Research_2015_2024,2019-05-22 11:00:00,2019-05-20 19:00:00,2019-05-21 14:00:00,2019-05-22 00:00:00,14.472,14.465,14.458,14.466,11,ENTRY_B_B_SUPPORT_REACCEL,2019-05-23 14:00:00,31856,31819,14.574,2019-05-23 13:00:00,24,2019-05-23 12:00:00,31854,14.49,2,2019-05-23 13:00:00
SILVER,H1,Research_2015_2024,2019-05-22 11:00:00,2019-05-20 19:00:00,2019-05-21 14:00:00,2019-05-22 00:00:00,14.472,14.465,14.458,14.466,11,ENTRY_C_A_AFTER_B,2019-05-23 12:00:00,31854,31819,14.458,2019-05-22 00:00:00,24,2019-05-23 12:00:00,31854,14.49,0,
SILVER,H1,Research_2015_2024,2019-05-24 15:00:00,2019-05-23 15:00:00,2019-05-24 01:00:00,2019-05-24 07:00:00,14.637,14.605,14.587,14.563,8,ENTRY_A_B_BREAK,2019-05-30 14:00:00,31965,31872,14.472,2019-05-29 13:00:00,85,2019-05-30 14:00:00,31965,14.472,0,
SILVER,H1,Research_2015_2024,2019-05-24 15:00:00,2019-05-23 15:00:00,2019-05-24 01:00:00,2019-05-24 07:00:00,14.637,14.605,14.587,14.563,8,ENTRY_B_B_SUPPORT_REACCEL,2019-05-31 14:00:00,31988,31872,14.566,2019-05-30 15:00:00,85,2019-05-30 14:00:00,31965,14.472,23,2019-05-30 15:00:00
SILVER,H1,Research_2015_2024,2019-05-24 15:00:00,2019-05-23 15:00:00,2019-05-24 01:00:00,2019-05-24 07:00:00,14.637,14.605,14.587,14.563,8,ENTRY_C_A_AFTER_B,2019-05-31 14:00:00,31988,31872,14.587,2019-05-24 07:00:00,85,2019-05-30 14:00:00,31965,14.472,23,
SILVER,H1,Research_2015_2024,2019-06-27 19:00:00,2019-06-25 14:00:00,2019-06-26 16:00:00,2019-06-27 12:00:00,15.48,15.348,15.272,15.245,7,ENTRY_A_B_BREAK,2019-07-02 15:00:00,32495,32423,15.199,2019-07-02 05:00:00,65,2019-07-02 15:00:00,32495,15.199,0,
SILVER,H1,Research_2015_2024,2019-06-27 19:00:00,2019-06-25 14:00:00,2019-06-26 16:00:00,2019-06-27 12:00:00,15.48,15.348,15.272,15.245,7,ENTRY_B_B_SUPPORT_REACCEL,2019-07-02 19:00:00,32499,32423,15.245,2019-07-02 16:00:00,65,2019-07-02 15:00:00,32495,15.199,4,2019-07-02 16:00:00
SILVER,H1,Research_2015_2024,2019-06-27 19:00:00,2019-06-25 14:00:00,2019-06-26 16:00:00,2019-06-27 12:00:00,15.48,15.348,15.272,15.245,7,ENTRY_C_A_AFTER_B,2019-07-02 20:00:00,32500,32423,15.272,2019-06-27 12:00:00,65,2019-07-02 15:00:00,32495,15.199,5,
SILVER,H1,Research_2015_2024,2019-07-29 15:00:00,2019-07-25 12:00:00,2019-07-26 13:00:00,2019-07-29 01:00:00,16.639,16.51,16.46,16.401,14,ENTRY_A_B_BREAK,2019-07-30 09:00:00,32946,32915,16.465,2019-07-29 19:00:00,17,2019-07-30 09:00:00,32946,16.465,0,
SILVER,H1,Research_2015_2024,2019-07-29 15:00:00,2019-07-25 12:00:00,2019-07-26 13:00:00,2019-07-29 01:00:00,16.639,16.51,16.46,16.401,14,ENTRY_C_A_AFTER_B,2019-07-30 09:00:00,32946,32915,16.46,2019-07-29 01:00:00,17,2019-07-30 09:00:00,32946,16.465,0,
SILVER,H1,Research_2015_2024,2019-08-05 02:00:00,2019-07-31 18:00:00,2019-08-01 19:00:00,2019-08-02 14:00:00,16.465,16.375,16.308,16.314,11,ENTRY_A_B_BREAK,2019-08-07 01:00:00,33076,33020,16.563,2019-08-05 06:00:00,45,2019-08-07 01:00:00,33076,16.563,0,
SILVER,H1,Research_2015_2024,2019-08-05 02:00:00,2019-07-31 18:00:00,2019-08-01 19:00:00,2019-08-02 14:00:00,16.465,16.375,16.308,16.314,11,ENTRY_C_A_AFTER_B,2019-08-07 01:00:00,33076,33020,16.308,2019-08-02 14:00:00,45,2019-08-07 01:00:00,33076,16.563,0,
SILVER,H1,Research_2015_2024,2019-08-12 08:00:00,2019-08-09 05:00:00,2019-08-09 15:00:00,2019-08-11 23:00:00,17.134,17.049,17.005,16.944,9,ENTRY_A_B_BREAK,2019-08-13 01:00:00,33168,33143,17.153,2019-08-12 18:00:00,16,2019-08-13 01:00:00,33168,17.153,0,
SILVER,H1,Research_2015_2024,2019-08-12 08:00:00,2019-08-09 05:00:00,2019-08-09 15:00:00,2019-08-11 23:00:00,17.134,17.049,17.005,16.944,9,ENTRY_C_A_AFTER_B,2019-08-13 01:00:00,33168,33143,17.005,2019-08-11 23:00:00,16,2019-08-13 01:00:00,33168,17.153,0,
SILVER,H1,Research_2015_2024,2019-08-20 14:00:00,2019-08-15 01:00:00,2019-08-16 01:00:00,2019-08-16 07:00:00,17.382,17.325,17.278,17.114,53,ENTRY_A_B_BREAK,2019-08-23 14:00:00,33365,33243,17.182,2019-08-20 18:00:00,69,2019-08-23 14:00:00,33365,17.182,0,
SILVER,H1,Research_2015_2024,2019-08-20 14:00:00,2019-08-15 01:00:00,2019-08-16 01:00:00,2019-08-16 07:00:00,17.382,17.325,17.278,17.114,53,ENTRY_C_A_AFTER_B,2019-08-23 14:00:00,33365,33243,17.278,2019-08-16 07:00:00,69,2019-08-23 14:00:00,33365,17.182,0,
SILVER,H1,Research_2015_2024,2019-09-20 04:00:00,2019-09-17 17:00:00,2019-09-18 15:00:00,2019-09-19 13:00:00,18.084,17.992,17.932,17.887,14,ENTRY_A_B_BREAK,2019-09-23 08:00:00,33838,33797,18.341,2019-09-23 02:00:00,27,2019-09-23 08:00:00,33838,18.341,0,
SILVER,H1,Research_2015_2024,2019-09-20 04:00:00,2019-09-17 17:00:00,2019-09-18 15:00:00,2019-09-19 13:00:00,18.084,17.992,17.932,17.887,14,ENTRY_B_B_SUPPORT_REACCEL,2019-09-23 13:00:00,33843,33797,18.419,2019-09-23 09:00:00,27,2019-09-23 08:00:00,33838,18.341,5,2019-09-23 09:00:00
SILVER,H1,Research_2015_2024,2019-09-20 04:00:00,2019-09-17 17:00:00,2019-09-18 15:00:00,2019-09-19 13:00:00,18.084,17.992,17.932,17.887,14,ENTRY_C_A_AFTER_B,2019-09-23 08:00:00,33838,33797,17.932,2019-09-19 13:00:00,27,2019-09-23 08:00:00,33838,18.341,0,
SILVER,H1,Research_2015_2024,2019-09-30 00:00:00,2019-09-26 13:00:00,2019-09-27 01:00:00,2019-09-27 17:00:00,18.042,17.894,17.62,17.551,6,ENTRY_A_B_BREAK,2019-10-02 12:00:00,34003,33939,17.316,2019-10-01 16:00:00,58,2019-10-02 12:00:00,34003,17.316,0,
SILVER,H1,Research_2015_2024,2019-09-30 00:00:00,2019-09-26 13:00:00,2019-09-27 01:00:00,2019-09-27 17:00:00,18.042,17.894,17.62,17.551,6,ENTRY_B_B_SUPPORT_REACCEL,2019-10-04 14:00:00,34051,33939,17.483,2019-10-04 13:00:00,58,2019-10-02 12:00:00,34003,17.316,48,2019-10-04 13:00:00
SILVER,H1,Research_2015_2024,2019-09-30 00:00:00,2019-09-26 13:00:00,2019-09-27 01:00:00,2019-09-27 17:00:00,18.042,17.894,17.62,17.551,6,ENTRY_C_A_AFTER_B,2019-10-02 17:00:00,34008,33939,17.62,2019-09-27 17:00:00,58,2019-10-02 12:00:00,34003,17.316,5,
SILVER,H1,Research_2015_2024,2019-10-14 15:00:00,2019-10-09 07:00:00,2019-10-09 23:00:00,2019-10-11 08:00:00,17.946,17.886,17.743,17.639,30,ENTRY_A_B_BREAK,2019-10-15 01:00:00,34199,34160,17.694,2019-10-14 13:00:00,9,2019-10-15 01:00:00,34199,17.694,0,
SILVER,H1,Research_2015_2024,2019-10-17 08:00:00,2019-10-16 01:00:00,2019-10-16 13:00:00,2019-10-17 00:00:00,17.466,17.437,17.419,17.443,8,ENTRY_A_B_BREAK,2019-10-21 05:00:00,34295,34244,17.634,2019-10-17 16:00:00,43,2019-10-21 05:00:00,34295,17.634,0,
SILVER,H1,Research_2015_2024,2019-10-17 08:00:00,2019-10-16 01:00:00,2019-10-16 13:00:00,2019-10-17 00:00:00,17.466,17.437,17.419,17.443,8,ENTRY_B_B_SUPPORT_REACCEL,2019-10-21 12:00:00,34302,34244,17.739,2019-10-21 07:00:00,43,2019-10-21 05:00:00,34295,17.634,7,2019-10-21 07:00:00
SILVER,H1,Research_2015_2024,2019-10-17 08:00:00,2019-10-16 01:00:00,2019-10-16 13:00:00,2019-10-17 00:00:00,17.466,17.437,17.419,17.443,8,ENTRY_C_A_AFTER_B,2019-10-21 05:00:00,34295,34244,17.419,2019-10-17 00:00:00,43,2019-10-21 05:00:00,34295,17.634,0,
SILVER,H1,Research_2015_2024,2019-10-29 15:00:00,2019-10-25 12:00:00,2019-10-28 07:00:00,2019-10-29 08:00:00,18.323,18.129,17.861,17.881,7,ENTRY_A_B_BREAK,2019-10-30 11:00:00,34462,34436,17.891,2019-10-29 16:00:00,19,2019-10-30 11:00:00,34462,17.891,0,
SILVER,H1,Research_2015_2024,2019-10-29 15:00:00,2019-10-25 12:00:00,2019-10-28 07:00:00,2019-10-29 08:00:00,18.323,18.129,17.861,17.881,7,ENTRY_C_A_AFTER_B,2019-10-30 11:00:00,34462,34436,17.861,2019-10-29 08:00:00,19,2019-10-30 11:00:00,34462,17.891,0,
SILVER,H1,Research_2015_2024,2019-11-12 23:00:00,2019-11-11 08:00:00,2019-11-12 01:00:00,2019-11-12 13:00:00,16.934,16.895,16.833,16.807,9,ENTRY_A_B_BREAK,2019-11-14 05:00:00,34708,34670,16.976,2019-11-13 06:00:00,29,2019-11-14 05:00:00,34708,16.976,0,
SILVER,H1,Research_2015_2024,2019-11-12 23:00:00,2019-11-11 08:00:00,2019-11-12 01:00:00,2019-11-12 13:00:00,16.934,16.895,16.833,16.807,9,ENTRY_B_B_SUPPORT_REACCEL,2019-11-14 08:00:00,34711,34670,17.0,2019-11-14 07:00:00,29,2019-11-14 05:00:00,34708,16.976,3,2019-11-14 07:00:00
SILVER,H1,Research_2015_2024,2019-11-12 23:00:00,2019-11-11 08:00:00,2019-11-12 01:00:00,2019-11-12 13:00:00,16.934,16.895,16.833,16.807,9,ENTRY_C_A_AFTER_B,2019-11-14 05:00:00,34708,34670,16.833,2019-11-12 13:00:00,29,2019-11-14 05:00:00,34708,16.976,0,
SILVER,H1,Research_2015_2024,2019-11-17 23:00:00,2019-11-14 09:00:00,2019-11-14 18:00:00,2019-11-15 15:00:00,17.097,17.075,17.001,16.984,7,ENTRY_A_B_BREAK,2019-11-20 08:00:00,34803,34741,17.176,2019-11-19 06:00:00,55,2019-11-20 08:00:00,34803,17.176,0,
SILVER,H1,Research_2015_2024,2019-11-17 23:00:00,2019-11-14 09:00:00,2019-11-14 18:00:00,2019-11-15 15:00:00,17.097,17.075,17.001,16.984,7,ENTRY_C_A_AFTER_B,2019-11-20 08:00:00,34803,34741,17.001,2019-11-15 15:00:00,55,2019-11-20 08:00:00,34803,17.176,0,
SILVER,H1,Research_2015_2024,2019-11-28 10:00:00,2019-11-26 18:00:00,2019-11-27 10:00:00,2019-11-28 02:00:00,17.108,17.066,17.008,16.987,8,ENTRY_A_B_BREAK,2019-11-29 16:00:00,34968,34935,16.987,2019-11-29 05:00:00,25,2019-11-29 16:00:00,34968,16.987,0,
SILVER,H1,Research_2015_2024,2019-11-28 10:00:00,2019-11-26 18:00:00,2019-11-27 10:00:00,2019-11-28 02:00:00,17.108,17.066,17.008,16.987,8,ENTRY_C_A_AFTER_B,2019-11-29 17:00:00,34969,34935,17.008,2019-11-28 02:00:00,25,2019-11-29 16:00:00,34968,16.987,1,
SILVER,H1,Research_2015_2024,2020-01-10 02:00:00,2020-01-09 01:00:00,2020-01-09 12:00:00,2020-01-09 19:00:00,18.198,18.027,17.941,17.868,6,ENTRY_A_B_BREAK,2020-01-15 02:00:00,35641,35566,17.851,2020-01-14 14:00:00,69,2020-01-15 02:00:00,35641,17.851,0,
SILVER,H1,Research_2015_2024,2020-01-10 02:00:00,2020-01-09 01:00:00,2020-01-09 12:00:00,2020-01-09 19:00:00,18.198,18.027,17.941,17.868,6,ENTRY_C_A_AFTER_B,2020-01-15 16:00:00,35655,35566,17.941,2020-01-09 19:00:00,69,2020-01-15 02:00:00,35641,17.851,14,
SILVER,H1,Research_2015_2024,2020-02-06 05:00:00,2020-02-03 11:00:00,2020-02-04 07:00:00,2020-02-05 07:00:00,17.822,17.775,17.719,17.686,21,ENTRY_A_B_BREAK,2020-02-06 05:00:00,36008,35987,17.657,2020-02-05 14:00:00,0,2020-02-06 05:00:00,36008,17.657,0,
SILVER,H1,Research_2015_2024,2020-02-06 05:00:00,2020-02-03 11:00:00,2020-02-04 07:00:00,2020-02-05 07:00:00,17.822,17.775,17.719,17.686,21,ENTRY_B_B_SUPPORT_REACCEL,2020-02-06 10:00:00,36013,35987,17.751,2020-02-06 06:00:00,0,2020-02-06 05:00:00,36008,17.657,5,2020-02-06 06:00:00
SILVER,H1,Research_2015_2024,2020-02-06 05:00:00,2020-02-03 11:00:00,2020-02-04 07:00:00,2020-02-05 07:00:00,17.822,17.775,17.719,17.686,21,ENTRY_C_A_AFTER_B,2020-02-06 09:00:00,36012,35987,17.719,2020-02-05 07:00:00,0,2020-02-06 05:00:00,36008,17.657,4,
SILVER,H1,Research_2015_2024,2020-02-10 08:00:00,2020-02-06 13:00:00,2020-02-07 01:00:00,2020-02-07 07:00:00,17.877,17.857,17.835,17.784,24,ENTRY_A_B_BREAK,2020-02-10 18:00:00,36067,36033,17.812,2020-02-07 14:00:00,10,2020-02-10 18:00:00,36067,17.812,0,
SILVER,H1,Research_2015_2024,2020-03-08 22:00:00,2020-02-26 09:00:00,2020-02-27 06:00:00,2020-02-27 13:00:00,18.203,18.131,18.098,17.535,147,ENTRY_A_B_BREAK,2020-03-08 22:00:00,36504,36357,17.049,2020-03-02 05:00:00,0,2020-03-08 22:00:00,36504,17.049,0,
SILVER,H1,Research_2015_2024,2020-04-02 12:00:00,2020-03-26 13:00:00,2020-03-27 05:00:00,2020-03-29 22:00:00,14.662,14.611,14.54,14.35,83,ENTRY_A_B_BREAK,2020-04-02 12:00:00,36932,36849,14.195,2020-03-30 13:00:00,0,2020-04-02 12:00:00,36932,14.195,0,
SILVER,H1,Research_2015_2024,2020-04-02 12:00:00,2020-03-26 13:00:00,2020-03-27 05:00:00,2020-03-29 22:00:00,14.662,14.611,14.54,14.35,83,ENTRY_B_B_SUPPORT_REACCEL,2020-04-06 07:00:00,36973,36849,14.543,2020-04-05 22:00:00,0,2020-04-02 12:00:00,36932,14.195,41,2020-04-05 22:00:00
SILVER,H1,Research_2015_2024,2020-04-02 12:00:00,2020-03-26 13:00:00,2020-03-27 05:00:00,2020-03-29 22:00:00,14.662,14.611,14.54,14.35,83,ENTRY_C_A_AFTER_B,2020-04-06 07:00:00,36973,36849,14.54,2020-03-29 22:00:00,0,2020-04-02 12:00:00,36932,14.195,41,
SILVER,H1,Research_2015_2024,2020-04-29 01:00:00,2020-04-23 14:00:00,2020-04-24 12:00:00,2020-04-27 06:00:00,15.429,15.38,15.319,15.219,41,ENTRY_A_B_BREAK,2020-04-29 11:00:00,37345,37294,15.221,2020-04-28 12:00:00,10,2020-04-29 11:00:00,37345,15.221,0,
SILVER,H1,Research_2015_2024,2020-04-29 01:00:00,2020-04-23 14:00:00,2020-04-24 12:00:00,2020-04-27 06:00:00,15.429,15.38,15.319,15.219,41,ENTRY_C_A_AFTER_B,2020-04-30 05:00:00,37362,37294,15.319,2020-04-27 06:00:00,10,2020-04-29 11:00:00,37345,15.221,17,
SILVER,H1,Research_2015_2024,2020-05-12 03:00:00,2020-05-11 01:00:00,2020-05-11 13:00:00,2020-05-11 20:00:00,15.606,15.562,15.508,15.496,6,ENTRY_A_B_BREAK,2020-05-14 13:00:00,37600,37538,15.618,2020-05-13 23:00:00,56,2020-05-14 13:00:00,37600,15.618,0,
SILVER,H1,Research_2015_2024,2020-05-12 03:00:00,2020-05-11 01:00:00,2020-05-11 13:00:00,2020-05-11 20:00:00,15.606,15.562,15.508,15.496,6,ENTRY_B_B_SUPPORT_REACCEL,2020-05-14 19:00:00,37606,37538,15.871,2020-05-14 14:00:00,56,2020-05-14 13:00:00,37600,15.618,6,2020-05-14 14:00:00
SILVER,H1,Research_2015_2024,2020-05-12 03:00:00,2020-05-11 01:00:00,2020-05-11 13:00:00,2020-05-11 20:00:00,15.606,15.562,15.508,15.496,6,ENTRY_C_A_AFTER_B,2020-05-14 13:00:00,37600,37538,15.508,2020-05-11 20:00:00,56,2020-05-14 13:00:00,37600,15.618,0,
SILVER,H1,Research_2015_2024,2020-06-15 16:00:00,2020-06-11 14:00:00,2020-06-12 13:00:00,2020-06-15 00:00:00,18.101,17.74,17.544,17.312,16,ENTRY_A_B_BREAK,2020-06-16 13:00:00,38125,38089,17.449,2020-06-15 19:00:00,20,2020-06-16 13:00:00,38125,17.449,0,
SILVER,H1,Research_2015_2024,2020-06-15 16:00:00,2020-06-11 14:00:00,2020-06-12 13:00:00,2020-06-15 00:00:00,18.101,17.74,17.544,17.312,16,ENTRY_C_A_AFTER_B,2020-06-17 17:00:00,38152,38089,17.544,2020-06-15 00:00:00,20,2020-06-16 13:00:00,38125,17.449,27,
SILVER,H1,Research_2015_2024,2020-06-30 13:00:00,2020-06-29 01:00:00,2020-06-29 11:00:00,2020-06-30 07:00:00,17.95,17.921,17.888,17.904,6,ENTRY_A_B_BREAK,2020-07-01 02:00:00,38367,38349,18.231,2020-06-30 15:00:00,12,2020-07-01 02:00:00,38367,18.231,0,
SILVER,H1,Research_2015_2024,2020-06-30 13:00:00,2020-06-29 01:00:00,2020-06-29 11:00:00,2020-06-30 07:00:00,17.95,17.921,17.888,17.904,6,ENTRY_B_B_SUPPORT_REACCEL,2020-07-01 07:00:00,38372,38349,18.268,2020-07-01 03:00:00,12,2020-07-01 02:00:00,38367,18.231,5,2020-07-01 03:00:00
SILVER,H1,Research_2015_2024,2020-06-30 13:00:00,2020-06-29 01:00:00,2020-06-29 11:00:00,2020-06-30 07:00:00,17.95,17.921,17.888,17.904,6,ENTRY_C_A_AFTER_B,2020-07-01 02:00:00,38367,38349,17.888,2020-06-30 07:00:00,12,2020-07-01 02:00:00,38367,18.231,0,
SILVER,H1,Research_2015_2024,2020-07-03 08:00:00,2020-07-01 09:00:00,2020-07-02 14:00:00,2020-07-03 02:00:00,18.435,18.118,18.033,18.012,6,ENTRY_A_B_BREAK,2020-07-08 09:00:00,38485,38413,18.388,2020-07-06 13:00:00,66,2020-07-08 09:00:00,38485,18.388,0,
SILVER,H1,Research_2015_2024,2020-07-03 08:00:00,2020-07-01 09:00:00,2020-07-02 14:00:00,2020-07-03 02:00:00,18.435,18.118,18.033,18.012,6,ENTRY_B_B_SUPPORT_REACCEL,2020-07-08 13:00:00,38489,38413,18.514,2020-07-08 11:00:00,66,2020-07-08 09:00:00,38485,18.388,4,2020-07-08 11:00:00
SILVER,H1,Research_2015_2024,2020-07-03 08:00:00,2020-07-01 09:00:00,2020-07-02 14:00:00,2020-07-03 02:00:00,18.435,18.118,18.033,18.012,6,ENTRY_C_A_AFTER_B,2020-07-08 09:00:00,38485,38413,18.033,2020-07-03 02:00:00,66,2020-07-08 09:00:00,38485,18.388,0,
SILVER,H1,Research_2015_2024,2020-08-17 05:00:00,2020-08-13 23:00:00,2020-08-14 13:00:00,2020-08-16 22:00:00,27.726,27.096,26.825,26.739,7,ENTRY_A_B_BREAK,2020-08-18 01:00:00,39143,39117,27.555,2020-08-17 17:00:00,19,2020-08-18 01:00:00,39143,27.555,0,
SILVER,H1,Research_2015_2024,2020-08-17 05:00:00,2020-08-13 23:00:00,2020-08-14 13:00:00,2020-08-16 22:00:00,27.726,27.096,26.825,26.739,7,ENTRY_B_B_SUPPORT_REACCEL,2020-08-18 05:00:00,39147,39117,27.872,2020-08-18 03:00:00,19,2020-08-18 01:00:00,39143,27.555,4,2020-08-18 03:00:00
SILVER,H1,Research_2015_2024,2020-08-17 05:00:00,2020-08-13 23:00:00,2020-08-14 13:00:00,2020-08-16 22:00:00,27.726,27.096,26.825,26.739,7,ENTRY_C_A_AFTER_B,2020-08-18 01:00:00,39143,39117,26.825,2020-08-16 22:00:00,19,2020-08-18 01:00:00,39143,27.555,0,
SILVER,H1,Research_2015_2024,2020-08-20 18:00:00,2020-08-19 13:00:00,2020-08-20 04:00:00,2020-08-20 12:00:00,28.01,27.44,27.286,27.349,6,ENTRY_A_B_BREAK,2020-08-24 10:00:00,39244,39200,26.816,2020-08-23 22:00:00,38,2020-08-24 10:00:00,39244,26.816,0,
SILVER,H1,Research_2015_2024,2020-08-20 18:00:00,2020-08-19 13:00:00,2020-08-20 04:00:00,2020-08-20 12:00:00,28.01,27.44,27.286,27.349,6,ENTRY_B_B_SUPPORT_REACCEL,2020-08-24 12:00:00,39246,39200,26.886,2020-08-24 11:00:00,38,2020-08-24 10:00:00,39244,26.816,2,2020-08-24 11:00:00
SILVER,H1,Research_2015_2024,2020-08-20 18:00:00,2020-08-19 13:00:00,2020-08-20 04:00:00,2020-08-20 12:00:00,28.01,27.44,27.286,27.349,6,ENTRY_C_A_AFTER_B,2020-08-26 17:00:00,39297,39200,27.286,2020-08-20 12:00:00,38,2020-08-24 10:00:00,39244,26.816,53,
SILVER,H1,Research_2015_2024,2020-08-26 08:00:00,2020-08-25 01:00:00,2020-08-25 13:00:00,2020-08-25 19:00:00,26.792,26.697,26.593,26.492,12,ENTRY_A_B_BREAK,2020-08-28 09:00:00,39335,39276,27.485,2020-08-26 22:00:00,47,2020-08-28 09:00:00,39335,27.485,0,
SILVER,H1,Research_2015_2024,2020-08-26 08:00:00,2020-08-25 01:00:00,2020-08-25 13:00:00,2020-08-25 19:00:00,26.792,26.697,26.593,26.492,12,ENTRY_B_B_SUPPORT_REACCEL,2020-08-28 11:00:00,39337,39276,27.587,2020-08-28 10:00:00,47,2020-08-28 09:00:00,39335,27.485,2,2020-08-28 10:00:00
SILVER,H1,Research_2015_2024,2020-08-26 08:00:00,2020-08-25 01:00:00,2020-08-25 13:00:00,2020-08-25 19:00:00,26.792,26.697,26.593,26.492,12,ENTRY_C_A_AFTER_B,2020-08-28 09:00:00,39335,39276,26.593,2020-08-25 19:00:00,47,2020-08-28 09:00:00,39335,27.485,0,
SILVER,H1,Research_2015_2024,2020-09-04 09:00:00,2020-09-01 10:00:00,2020-09-03 02:00:00,2020-09-03 14:00:00,28.895,27.702,27.383,26.882,18,ENTRY_A_B_BREAK,2020-09-09 18:00:00,39524,39432,26.946,2020-09-08 17:00:00,74,2020-09-09 18:00:00,39524,26.946,0,
SILVER,H1,Research_2015_2024,2020-09-04 09:00:00,2020-09-01 10:00:00,2020-09-03 02:00:00,2020-09-03 14:00:00,28.895,27.702,27.383,26.882,18,ENTRY_B_B_SUPPORT_REACCEL,2020-09-10 12:00:00,39541,39432,27.199,2020-09-09 19:00:00,74,2020-09-09 18:00:00,39524,26.946,17,2020-09-09 19:00:00
SILVER,H1,Research_2015_2024,2020-09-04 09:00:00,2020-09-01 10:00:00,2020-09-03 02:00:00,2020-09-03 14:00:00,28.895,27.702,27.383,26.882,18,ENTRY_C_A_AFTER_B,2020-09-15 04:00:00,39602,39432,27.383,2020-09-03 14:00:00,74,2020-09-09 18:00:00,39524,26.946,78,
SILVER,H1,Research_2015_2024,2020-10-01 15:00:00,2020-09-18 06:00:00,2020-09-18 16:00:00,2020-09-21 01:00:00,27.217,27.119,26.952,24.102,198,ENTRY_A_B_BREAK,2020-10-01 15:00:00,39889,39691,23.339,2020-09-24 17:00:00,0,2020-10-01 15:00:00,39889,23.339,0,
SILVER,H1,Research_2015_2024,2020-10-23 07:00:00,2020-10-21 14:00:00,2020-10-22 07:00:00,2020-10-22 22:00:00,25.276,24.97,24.755,24.711,9,ENTRY_A_B_BREAK,2020-10-27 06:00:00,40294,40240,24.512,2020-10-26 14:00:00,45,2020-10-27 06:00:00,40294,24.512,0,
SILVER,H1,Research_2015_2024,2020-12-23 08:00:00,2020-12-21 06:00:00,2020-12-22 02:00:00,2020-12-22 14:00:00,27.401,26.568,26.08,25.56,17,ENTRY_A_B_BREAK,2020-12-24 01:00:00,41247,41214,25.783,2020-12-23 18:00:00,16,2020-12-24 01:00:00,41247,25.783,0,
SILVER,H1,Research_2015_2024,2020-12-23 08:00:00,2020-12-21 06:00:00,2020-12-22 02:00:00,2020-12-22 14:00:00,27.401,26.568,26.08,25.56,17,ENTRY_C_A_AFTER_B,2020-12-27 23:00:00,41265,41214,26.08,2020-12-22 14:00:00,16,2020-12-24 01:00:00,41247,25.783,18,
SILVER,H1,Research_2015_2024,2020-12-30 04:00:00,2020-12-28 01:00:00,2020-12-28 14:00:00,2020-12-29 01:00:00,26.762,26.704,26.596,26.426,26,ENTRY_A_B_BREAK,2020-12-30 04:00:00,41316,41290,26.378,2020-12-29 16:00:00,0,2020-12-30 04:00:00,41316,26.378,0,
SILVER,H1,Research_2015_2024,2020-12-30 04:00:00,2020-12-28 01:00:00,2020-12-28 14:00:00,2020-12-29 01:00:00,26.762,26.704,26.596,26.426,26,ENTRY_C_A_AFTER_B,2020-12-30 20:00:00,41332,41290,26.596,2020-12-29 01:00:00,0,2020-12-30 04:00:00,41316,26.378,16,
SILVER,H1,Research_2015_2024,2021-01-28 10:00:00,2021-01-26 15:00:00,2021-01-27 06:00:00,2021-01-27 17:00:00,25.642,25.458,25.414,25.279,16,ENTRY_A_B_BREAK,2021-01-29 09:00:00,41780,41742,26.962,2021-01-28 14:00:00,22,2021-01-29 09:00:00,41780,26.962,0,
SILVER,H1,Research_2015_2024,2021-01-28 10:00:00,2021-01-26 15:00:00,2021-01-27 06:00:00,2021-01-27 17:00:00,25.642,25.458,25.414,25.279,16,ENTRY_B_B_SUPPORT_REACCEL,2021-01-29 11:00:00,41782,41742,27.113,2021-01-29 10:00:00,22,2021-01-29 09:00:00,41780,26.962,2,2021-01-29 10:00:00
SILVER,H1,Research_2015_2024,2021-01-28 10:00:00,2021-01-26 15:00:00,2021-01-27 06:00:00,2021-01-27 17:00:00,25.642,25.458,25.414,25.279,16,ENTRY_C_A_AFTER_B,2021-01-29 09:00:00,41780,41742,25.414,2021-01-27 17:00:00,22,2021-01-29 09:00:00,41780,26.962,0,
SILVER,H1,Research_2015_2024,2021-03-31 19:00:00,2021-03-26 05:00:00,2021-03-28 22:00:00,2021-03-29 13:00:00,25.249,25.095,24.917,24.43,52,ENTRY_A_B_BREAK,2021-03-31 19:00:00,42776,42724,24.187,2021-03-31 07:00:00,0,2021-03-31 19:00:00,42776,24.187,0,
SILVER,H1,Research_2015_2024,2021-03-31 19:00:00,2021-03-26 05:00:00,2021-03-28 22:00:00,2021-03-29 13:00:00,25.249,25.095,24.917,24.43,52,ENTRY_C_A_AFTER_B,2021-04-01 19:00:00,42799,42724,24.917,2021-03-29 13:00:00,0,2021-03-31 19:00:00,42776,24.187,23,
SILVER,H1,Research_2015_2024,2021-05-20 13:00:00,2021-05-18 13:00:00,2021-05-19 13:00:00,2021-05-20 05:00:00,28.646,28.228,27.897,27.839,8,ENTRY_A_B_BREAK,2021-05-24 14:00:00,43622,43567,27.749,2021-05-24 01:00:00,47,2021-05-24 14:00:00,43622,27.749,0,
SILVER,H1,Research_2015_2024,2021-05-20 13:00:00,2021-05-18 13:00:00,2021-05-19 13:00:00,2021-05-20 05:00:00,28.646,28.228,27.897,27.839,8,ENTRY_C_A_AFTER_B,2021-05-25 16:00:00,43647,43567,27.897,2021-05-20 05:00:00,47,2021-05-24 14:00:00,43622,27.749,25,
SILVER,H1,Research_2015_2024,2021-08-23 01:00:00,2021-08-18 07:00:00,2021-08-19 13:00:00,2021-08-20 06:00:00,23.818,23.508,23.316,23.157,18,ENTRY_A_B_BREAK,2021-08-24 10:00:00,45128,45078,23.686,2021-08-23 16:00:00,32,2021-08-24 10:00:00,45128,23.686,0,
SILVER,H1,Research_2015_2024,2021-08-23 01:00:00,2021-08-18 07:00:00,2021-08-19 13:00:00,2021-08-20 06:00:00,23.818,23.508,23.316,23.157,18,ENTRY_B_B_SUPPORT_REACCEL,2021-08-24 12:00:00,45130,45078,23.747,2021-08-24 11:00:00,32,2021-08-24 10:00:00,45128,23.686,2,2021-08-24 11:00:00
SILVER,H1,Research_2015_2024,2021-08-23 01:00:00,2021-08-18 07:00:00,2021-08-19 13:00:00,2021-08-20 06:00:00,23.818,23.508,23.316,23.157,18,ENTRY_C_A_AFTER_B,2021-08-24 10:00:00,45128,45078,23.316,2021-08-20 06:00:00,32,2021-08-24 10:00:00,45128,23.686,0,
SILVER,H1,Research_2015_2024,2021-08-27 14:00:00,2021-08-24 14:00:00,2021-08-25 18:00:00,2021-08-27 06:00:00,23.944,23.884,23.77,23.947,8,ENTRY_A_B_BREAK,2021-08-30 01:00:00,45211,45193,24.108,2021-08-27 17:00:00,10,2021-08-30 01:00:00,45211,24.108,0,
SILVER,H1,Research_2015_2024,2021-08-27 14:00:00,2021-08-24 14:00:00,2021-08-25 18:00:00,2021-08-27 06:00:00,23.944,23.884,23.77,23.947,8,ENTRY_C_A_AFTER_B,2021-08-30 01:00:00,45211,45193,23.77,2021-08-27 06:00:00,10,2021-08-30 01:00:00,45211,24.108,0,
SILVER,H1,Research_2015_2024,2021-09-27 13:00:00,2021-09-23 09:00:00,2021-09-24 06:00:00,2021-09-27 02:00:00,22.871,22.791,22.731,22.793,11,ENTRY_A_B_BREAK,2021-10-01 11:00:00,45769,45668,22.226,2021-09-30 19:00:00,90,2021-10-01 11:00:00,45769,22.226,0,
SILVER,H1,Research_2015_2024,2021-09-27 13:00:00,2021-09-23 09:00:00,2021-09-24 06:00:00,2021-09-27 02:00:00,22.871,22.791,22.731,22.793,11,ENTRY_B_B_SUPPORT_REACCEL,2021-10-03 22:00:00,45779,45668,22.577,2021-10-01 12:00:00,90,2021-10-01 11:00:00,45769,22.226,10,2021-10-01 12:00:00
SILVER,H1,Research_2015_2024,2021-09-27 13:00:00,2021-09-23 09:00:00,2021-09-24 06:00:00,2021-09-27 02:00:00,22.871,22.791,22.731,22.793,11,ENTRY_C_A_AFTER_B,2021-10-07 07:00:00,45857,45668,22.731,2021-09-27 02:00:00,90,2021-10-01 11:00:00,45769,22.226,88,
SILVER,H1,Research_2015_2024,2021-10-06 18:00:00,2021-10-03 22:00:00,2021-10-04 16:00:00,2021-10-05 17:00:00,22.77,22.696,22.651,22.596,24,ENTRY_A_B_BREAK,2021-10-07 06:00:00,45856,45821,22.674,2021-10-06 19:00:00,11,2021-10-07 06:00:00,45856,22.674,0,
SILVER,H1,Research_2015_2024,2021-10-06 18:00:00,2021-10-03 22:00:00,2021-10-04 16:00:00,2021-10-05 17:00:00,22.77,22.696,22.651,22.596,24,ENTRY_C_A_AFTER_B,2021-10-07 06:00:00,45856,45821,22.651,2021-10-05 17:00:00,11,2021-10-07 06:00:00,45856,22.674,0,
SILVER,H1,Research_2015_2024,2021-12-03 00:00:00,2021-11-30 15:00:00,2021-12-01 06:00:00,2021-12-01 13:00:00,23.304,23.02,22.937,22.401,33,ENTRY_A_B_BREAK,2021-12-03 18:00:00,46803,46752,22.48,2021-12-02 02:00:00,18,2021-12-03 18:00:00,46803,22.48,0,
SILVER,H1,Research_2015_2024,2021-12-03 00:00:00,2021-11-30 15:00:00,2021-12-01 06:00:00,2021-12-01 13:00:00,23.304,23.02,22.937,22.401,33,ENTRY_B_B_SUPPORT_REACCEL,2021-12-03 20:00:00,46805,46752,22.515,2021-12-03 19:00:00,18,2021-12-03 18:00:00,46803,22.48,2,2021-12-03 19:00:00
SILVER,H1,Research_2015_2024,2021-12-13 01:00:00,2021-12-07 17:00:00,2021-12-08 02:00:00,2021-12-08 20:00:00,22.592,22.553,22.476,22.295,50,ENTRY_A_B_BREAK,2021-12-13 01:00:00,46924,46874,22.222,2021-12-10 14:00:00,0,2021-12-13 01:00:00,46924,22.222,0,
SILVER,H1,Research_2015_2024,2021-12-13 01:00:00,2021-12-07 17:00:00,2021-12-08 02:00:00,2021-12-08 20:00:00,22.592,22.553,22.476,22.295,50,ENTRY_C_A_AFTER_B,2021-12-16 15:00:00,47007,46874,22.476,2021-12-08 20:00:00,0,2021-12-13 01:00:00,46924,22.222,83,
SILVER,H1,Research_2015_2024,2022-01-25 14:00:00,2022-01-21 13:00:00,2022-01-24 08:00:00,2022-01-24 21:00:00,24.57,24.258,24.008,23.794,16,ENTRY_A_B_BREAK,2022-01-31 08:00:00,47689,47587,22.468,2022-01-28 21:00:00,86,2022-01-31 08:00:00,47689,22.468,0,
SILVER,H1,Research_2015_2024,2022-01-25 14:00:00,2022-01-21 13:00:00,2022-01-24 08:00:00,2022-01-24 21:00:00,24.57,24.258,24.008,23.794,16,ENTRY_B_B_SUPPORT_REACCEL,2022-01-31 12:00:00,47693,47587,22.593,2022-01-31 09:00:00,86,2022-01-31 08:00:00,47689,22.468,4,2022-01-31 09:00:00
SILVER,H1,Research_2015_2024,2022-03-10 20:00:00,2022-03-08 15:00:00,2022-03-09 03:00:00,2022-03-10 14:00:00,26.94,26.753,26.053,25.956,6,ENTRY_A_B_BREAK,2022-03-11 16:00:00,48362,48337,25.911,2022-03-11 08:00:00,19,2022-03-11 16:00:00,48362,25.911,0,
SILVER,H1,Research_2015_2024,2022-03-16 11:00:00,2022-03-14 04:00:00,2022-03-15 17:00:00,2022-03-16 01:00:00,25.743,25.044,24.975,24.89,10,ENTRY_A_B_BREAK,2022-03-16 19:00:00,48435,48417,24.993,2022-03-16 13:00:00,8,2022-03-16 19:00:00,48435,24.993,0,
SILVER,H1,Research_2015_2024,2022-03-16 11:00:00,2022-03-14 04:00:00,2022-03-15 17:00:00,2022-03-16 01:00:00,25.743,25.044,24.975,24.89,10,ENTRY_B_B_SUPPORT_REACCEL,2022-03-16 23:00:00,48438,48417,25.111,2022-03-16 20:00:00,8,2022-03-16 19:00:00,48435,24.993,3,2022-03-16 20:00:00
SILVER,H1,Research_2015_2024,2022-03-16 11:00:00,2022-03-14 04:00:00,2022-03-15 17:00:00,2022-03-16 01:00:00,25.743,25.044,24.975,24.89,10,ENTRY_C_A_AFTER_B,2022-03-16 19:00:00,48435,48417,24.975,2022-03-16 01:00:00,8,2022-03-16 19:00:00,48435,24.993,0,
SILVER,H1,Research_2015_2024,2022-03-21 13:00:00,2022-03-17 15:00:00,2022-03-18 00:00:00,2022-03-18 08:00:00,25.534,25.437,25.37,25.108,28,ENTRY_A_B_BREAK,2022-03-21 14:00:00,48499,48470,25.13,2022-03-20 22:00:00,1,2022-03-21 14:00:00,48499,25.13,0,
SILVER,H1,Research_2015_2024,2022-03-21 13:00:00,2022-03-17 15:00:00,2022-03-18 00:00:00,2022-03-18 08:00:00,25.534,25.437,25.37,25.108,28,ENTRY_B_B_SUPPORT_REACCEL,2022-03-22 03:00:00,48511,48470,25.3,2022-03-21 15:00:00,1,2022-03-21 14:00:00,48499,25.13,12,2022-03-21 15:00:00
SILVER,H1,Research_2015_2024,2022-03-21 13:00:00,2022-03-17 15:00:00,2022-03-18 00:00:00,2022-03-18 08:00:00,25.534,25.437,25.37,25.108,28,ENTRY_C_A_AFTER_B,2022-03-24 13:00:00,48567,48470,25.37,2022-03-18 08:00:00,1,2022-03-21 14:00:00,48499,25.13,68,
SILVER,H1,Research_2015_2024,2022-05-11 08:00:00,2022-05-06 12:00:00,2022-05-10 05:00:00,2022-05-10 13:00:00,22.633,22.095,22.012,21.804,18,ENTRY_A_B_BREAK,2022-05-16 13:00:00,49395,49303,21.285,2022-05-16 01:00:00,74,2022-05-16 13:00:00,49395,21.285,0,
SILVER,H1,Research_2015_2024,2022-05-11 08:00:00,2022-05-06 12:00:00,2022-05-10 05:00:00,2022-05-10 13:00:00,22.633,22.095,22.012,21.804,18,ENTRY_B_B_SUPPORT_REACCEL,2022-05-16 17:00:00,49399,49303,21.505,2022-05-16 14:00:00,74,2022-05-16 13:00:00,49395,21.285,4,2022-05-16 14:00:00
SILVER,H1,Research_2015_2024,2022-05-11 08:00:00,2022-05-06 12:00:00,2022-05-10 05:00:00,2022-05-10 13:00:00,22.633,22.095,22.012,21.804,18,ENTRY_C_A_AFTER_B,2022-05-20 06:00:00,49480,49303,22.012,2022-05-10 13:00:00,74,2022-05-16 13:00:00,49395,21.285,85,
SILVER,H1,Research_2015_2024,2022-05-26 18:00:00,2022-05-24 14:00:00,2022-05-25 00:00:00,2022-05-25 19:00:00,22.196,22.135,22.042,21.963,22,ENTRY_A_B_BREAK,2022-05-27 01:00:00,49590,49562,22.063,2022-05-26 14:00:00,6,2022-05-27 01:00:00,49590,22.063,0,
SILVER,H1,Research_2015_2024,2022-05-26 18:00:00,2022-05-24 14:00:00,2022-05-25 00:00:00,2022-05-25 19:00:00,22.196,22.135,22.042,21.963,22,ENTRY_B_B_SUPPORT_REACCEL,2022-05-27 07:00:00,49596,49562,22.142,2022-05-27 02:00:00,6,2022-05-27 01:00:00,49590,22.063,6,2022-05-27 02:00:00
SILVER,H1,Research_2015_2024,2022-05-26 18:00:00,2022-05-24 14:00:00,2022-05-25 00:00:00,2022-05-25 19:00:00,22.196,22.135,22.042,21.963,22,ENTRY_C_A_AFTER_B,2022-05-27 01:00:00,49590,49562,22.042,2022-05-25 19:00:00,6,2022-05-27 01:00:00,49590,22.063,0,
SILVER,H1,Research_2015_2024,2022-06-10 14:00:00,2022-06-09 05:00:00,2022-06-09 12:00:00,2022-06-10 07:00:00,22.137,22.035,21.741,21.793,7,ENTRY_A_B_BREAK,2022-06-15 23:00:00,49908,49824,21.667,2022-06-15 12:00:00,77,2022-06-15 23:00:00,49908,21.667,0,
SILVER,H1,Research_2015_2024,2022-06-10 14:00:00,2022-06-09 05:00:00,2022-06-09 12:00:00,2022-06-10 07:00:00,22.137,22.035,21.741,21.793,7,ENTRY_C_A_AFTER_B,2022-06-16 15:00:00,49924,49824,21.741,2022-06-10 07:00:00,77,2022-06-15 23:00:00,49908,21.667,16,
SILVER,H1,Research_2015_2024,2022-06-21 00:00:00,2022-06-17 09:00:00,2022-06-20 04:00:00,2022-06-20 13:00:00,21.94,21.752,21.693,21.677,8,ENTRY_A_B_BREAK,2022-06-24 15:00:00,50060,49968,21.134,2022-06-24 05:00:00,84,2022-06-24 15:00:00,50060,21.134,0,
SILVER,H1,Research_2015_2024,2022-06-21 00:00:00,2022-06-17 09:00:00,2022-06-20 04:00:00,2022-06-20 13:00:00,21.94,21.752,21.693,21.677,8,ENTRY_B_B_SUPPORT_REACCEL,2022-06-27 01:00:00,50069,49968,21.249,2022-06-24 16:00:00,84,2022-06-24 15:00:00,50060,21.134,9,2022-06-24 16:00:00
SILVER,H1,Research_2015_2024,2022-07-13 11:00:00,2022-07-11 08:00:00,2022-07-12 02:00:00,2022-07-12 15:00:00,19.363,19.194,19.125,19.001,19,ENTRY_A_B_BREAK,2022-07-13 14:00:00,50356,50334,19.029,2022-07-13 06:00:00,3,2022-07-13 14:00:00,50356,19.029,0,
SILVER,H1,Research_2015_2024,2022-07-13 11:00:00,2022-07-11 08:00:00,2022-07-12 02:00:00,2022-07-12 15:00:00,19.363,19.194,19.125,19.001,19,ENTRY_C_A_AFTER_B,2022-07-13 14:00:00,50356,50334,19.125,2022-07-12 15:00:00,3,2022-07-13 14:00:00,50356,19.029,0,
SILVER,H1,Research_2015_2024,2022-08-12 12:00:00,2022-08-10 14:00:00,2022-08-11 12:00:00,2022-08-12 06:00:00,20.834,20.624,20.441,20.48,6,ENTRY_A_B_BREAK,2022-08-17 05:00:00,50922,50854,20.211,2022-08-16 13:00:00,62,2022-08-17 05:00:00,50922,20.211,0,
SILVER,H1,Research_2015_2024,2022-09-16 18:00:00,2022-09-14 15:00:00,2022-09-14 23:00:00,2022-09-15 14:00:00,19.689,19.655,19.583,19.545,27,ENTRY_A_B_BREAK,2022-09-21 18:00:00,51508,51412,19.646,2022-09-18 23:00:00,69,2022-09-21 18:00:00,51508,19.646,0,
SILVER,H1,Research_2015_2024,2022-09-16 18:00:00,2022-09-14 15:00:00,2022-09-14 23:00:00,2022-09-15 14:00:00,19.689,19.655,19.583,19.545,27,ENTRY_C_A_AFTER_B,2022-09-21 18:00:00,51508,51412,19.583,2022-09-15 14:00:00,69,2022-09-21 18:00:00,51508,19.646,0,
SILVER,H1,Research_2015_2024,2022-10-06 19:00:00,2022-10-04 16:00:00,2022-10-06 05:00:00,2022-10-06 12:00:00,21.233,20.86,20.715,20.659,7,ENTRY_A_B_BREAK,2022-10-07 02:00:00,51768,51755,20.676,2022-10-06 18:00:00,6,2022-10-07 02:00:00,51768,20.676,0,
SILVER,H1,Research_2015_2024,2022-10-06 19:00:00,2022-10-04 16:00:00,2022-10-06 05:00:00,2022-10-06 12:00:00,21.233,20.86,20.715,20.659,7,ENTRY_B_B_SUPPORT_REACCEL,2022-10-07 05:00:00,51771,51755,20.77,2022-10-07 03:00:00,6,2022-10-07 02:00:00,51768,20.676,3,2022-10-07 03:00:00
SILVER,H1,Research_2015_2024,2022-10-06 19:00:00,2022-10-04 16:00:00,2022-10-06 05:00:00,2022-10-06 12:00:00,21.233,20.86,20.715,20.659,7,ENTRY_C_A_AFTER_B,2022-10-07 05:00:00,51771,51755,20.715,2022-10-06 12:00:00,6,2022-10-07 02:00:00,51768,20.676,3,
SILVER,H1,Research_2015_2024,2022-11-28 08:00:00,2022-11-24 09:00:00,2022-11-25 02:00:00,2022-11-25 18:00:00,21.644,21.542,21.462,21.423,10,ENTRY_A_B_BREAK,2022-11-30 09:00:00,52641,52584,21.44,2022-11-29 15:00:00,47,2022-11-30 09:00:00,52641,21.44,0,
SILVER,H1,Research_2015_2024,2022-11-28 08:00:00,2022-11-24 09:00:00,2022-11-25 02:00:00,2022-11-25 18:00:00,21.644,21.542,21.462,21.423,10,ENTRY_B_B_SUPPORT_REACCEL,2022-11-30 11:00:00,52643,52584,21.537,2022-11-30 10:00:00,47,2022-11-30 09:00:00,52641,21.44,2,2022-11-30 10:00:00
SILVER,H1,Research_2015_2024,2022-11-28 08:00:00,2022-11-24 09:00:00,2022-11-25 02:00:00,2022-11-25 18:00:00,21.644,21.542,21.462,21.423,10,ENTRY_C_A_AFTER_B,2022-11-30 09:00:00,52641,52584,21.462,2022-11-25 18:00:00,47,2022-11-30 09:00:00,52641,21.44,0,
SILVER,H1,Research_2015_2024,2022-12-26 23:00:00,2022-12-21 01:00:00,2022-12-21 15:00:00,2022-12-23 13:00:00,24.29,24.188,23.888,23.836,9,ENTRY_A_B_BREAK,2022-12-29 11:00:00,53103,53036,23.743,2022-12-29 05:00:00,58,2022-12-29 11:00:00,53103,23.743,0,
SILVER,H1,Research_2015_2024,2022-12-26 23:00:00,2022-12-21 01:00:00,2022-12-21 15:00:00,2022-12-23 13:00:00,24.29,24.188,23.888,23.836,9,ENTRY_C_A_AFTER_B,2022-12-29 13:00:00,53105,53036,23.888,2022-12-23 13:00:00,58,2022-12-29 11:00:00,53103,23.743,2,
SILVER,H1,Research_2015_2024,2023-02-14 06:00:00,2023-02-10 08:00:00,2023-02-13 12:00:00,2023-02-13 23:00:00,22.295,22.072,22.011,21.977,7,ENTRY_A_B_BREAK,2023-02-20 07:00:00,53923,53823,21.799,2023-02-17 20:00:00,93,2023-02-20 07:00:00,53923,21.799,0,
SILVER,H1,Research_2015_2024,2023-04-28 14:00:00,2023-04-26 13:00:00,2023-04-27 12:00:00,2023-04-28 05:00:00,25.22,25.128,25.004,25.008,9,ENTRY_A_B_BREAK,2023-05-01 04:00:00,55046,55024,25.06,2023-04-28 15:00:00,13,2023-05-01 04:00:00,55046,25.06,0,
SILVER,H1,Research_2015_2024,2023-04-28 14:00:00,2023-04-26 13:00:00,2023-04-27 12:00:00,2023-04-28 05:00:00,25.22,25.128,25.004,25.008,9,ENTRY_C_A_AFTER_B,2023-05-01 04:00:00,55046,55024,25.004,2023-04-28 05:00:00,13,2023-05-01 04:00:00,55046,25.06,0,
SILVER,H1,Research_2015_2024,2023-05-09 17:00:00,2023-05-08 04:00:00,2023-05-08 12:00:00,2023-05-09 04:00:00,25.726,25.71,25.642,25.645,13,ENTRY_A_B_BREAK,2023-05-10 12:00:00,55215,55184,25.663,2023-05-09 17:00:00,18,2023-05-10 12:00:00,55215,25.663,0,
SILVER,H1,Research_2015_2024,2023-05-09 17:00:00,2023-05-08 04:00:00,2023-05-08 12:00:00,2023-05-09 04:00:00,25.726,25.71,25.642,25.645,13,ENTRY_C_A_AFTER_B,2023-05-10 12:00:00,55215,55184,25.642,2023-05-09 04:00:00,18,2023-05-10 12:00:00,55215,25.663,0,
SILVER,H1,Research_2015_2024,2023-05-26 07:00:00,2023-05-22 10:00:00,2023-05-23 14:00:00,2023-05-24 05:00:00,23.909,23.629,23.526,23.107,48,ENTRY_A_B_BREAK,2023-05-29 06:00:00,55508,55438,23.325,2023-05-26 16:00:00,22,2023-05-29 06:00:00,55508,23.325,0,
SILVER,H1,Research_2015_2024,2023-05-26 07:00:00,2023-05-22 10:00:00,2023-05-23 14:00:00,2023-05-24 05:00:00,23.909,23.629,23.526,23.107,48,ENTRY_C_A_AFTER_B,2023-05-31 15:00:00,55561,55438,23.526,2023-05-24 05:00:00,22,2023-05-29 06:00:00,55508,23.325,53,
SILVER,H1,Research_2015_2024,2023-06-29 01:00:00,2023-06-27 13:00:00,2023-06-28 06:00:00,2023-06-28 15:00:00,23.09,22.951,22.865,22.796,9,ENTRY_A_B_BREAK,2023-06-30 15:00:00,56065,56019,22.689,2023-06-30 05:00:00,37,2023-06-30 15:00:00,56065,22.689,0,
SILVER,H1,Research_2015_2024,2023-06-29 01:00:00,2023-06-27 13:00:00,2023-06-28 06:00:00,2023-06-28 15:00:00,23.09,22.951,22.865,22.796,9,ENTRY_B_B_SUPPORT_REACCEL,2023-07-03 04:00:00,56077,56019,22.835,2023-06-30 16:00:00,37,2023-06-30 15:00:00,56065,22.689,12,2023-06-30 16:00:00
SILVER,H1,Research_2015_2024,2023-06-29 01:00:00,2023-06-27 13:00:00,2023-06-28 06:00:00,2023-06-28 15:00:00,23.09,22.951,22.865,22.796,9,ENTRY_C_A_AFTER_B,2023-07-03 05:00:00,56078,56019,22.865,2023-06-28 15:00:00,37,2023-06-30 15:00:00,56065,22.689,13,
SILVER,H1,Research_2015_2024,2023-08-15 14:00:00,2023-08-11 14:00:00,2023-08-14 08:00:00,2023-08-15 01:00:00,22.836,22.755,22.67,22.652,13,ENTRY_A_B_BREAK,2023-08-16 08:00:00,56815,56785,22.703,2023-08-15 14:00:00,17,2023-08-16 08:00:00,56815,22.703,0,
SILVER,H1,Research_2015_2024,2023-08-15 14:00:00,2023-08-11 14:00:00,2023-08-14 08:00:00,2023-08-15 01:00:00,22.836,22.755,22.67,22.652,13,ENTRY_C_A_AFTER_B,2023-08-16 08:00:00,56815,56785,22.67,2023-08-15 01:00:00,17,2023-08-16 08:00:00,56815,22.703,0,
SILVER,H1,Research_2015_2024,2023-09-11 04:00:00,2023-09-06 05:00:00,2023-09-08 06:00:00,2023-09-08 14:00:00,23.587,23.165,23.143,23.085,13,ENTRY_A_B_BREAK,2023-09-15 01:00:00,57312,57210,22.73,2023-09-14 17:00:00,89,2023-09-15 01:00:00,57312,22.73,0,
SILVER,H1,Research_2015_2024,2023-09-11 04:00:00,2023-09-06 05:00:00,2023-09-08 06:00:00,2023-09-08 14:00:00,23.587,23.165,23.143,23.085,13,ENTRY_C_A_AFTER_B,2023-09-15 11:00:00,57322,57210,23.143,2023-09-08 14:00:00,89,2023-09-15 01:00:00,57312,22.73,10,
SILVER,H1,Research_2015_2024,2023-11-01 22:00:00,2023-10-30 13:00:00,2023-10-31 14:00:00,2023-11-01 14:00:00,23.596,23.308,23.003,22.979,7,ENTRY_A_B_BREAK,2023-11-02 09:00:00,58102,58084,23.051,2023-11-02 00:00:00,11,2023-11-02 09:00:00,58102,23.051,0,
SILVER,H1,Research_2015_2024,2023-11-01 22:00:00,2023-10-30 13:00:00,2023-10-31 14:00:00,2023-11-01 14:00:00,23.596,23.308,23.003,22.979,7,ENTRY_C_A_AFTER_B,2023-11-02 09:00:00,58102,58084,23.003,2023-11-01 14:00:00,11,2023-11-02 09:00:00,58102,23.051,0,
SILVER,H1,Research_2015_2024,2023-11-13 15:00:00,2023-11-10 03:00:00,2023-11-13 00:00:00,2023-11-13 07:00:00,22.731,22.336,22.146,22.107,8,ENTRY_A_B_BREAK,2023-11-14 09:00:00,58285,58260,22.391,2023-11-14 02:00:00,17,2023-11-14 09:00:00,58285,22.391,0,
SILVER,H1,Research_2015_2024,2023-11-13 15:00:00,2023-11-10 03:00:00,2023-11-13 00:00:00,2023-11-13 07:00:00,22.731,22.336,22.146,22.107,8,ENTRY_C_A_AFTER_B,2023-11-14 09:00:00,58285,58260,22.146,2023-11-13 07:00:00,17,2023-11-14 09:00:00,58285,22.391,0,
SILVER,H1,Research_2015_2024,2023-11-24 13:00:00,2023-11-23 06:00:00,2023-11-23 15:00:00,2023-11-24 05:00:00,23.783,23.769,23.744,23.945,8,ENTRY_A_B_BREAK,2023-11-28 15:00:00,58514,58462,24.809,2023-11-27 01:00:00,44,2023-11-28 15:00:00,58514,24.809,0,
SILVER,H1,Research_2015_2024,2023-11-24 13:00:00,2023-11-23 06:00:00,2023-11-23 15:00:00,2023-11-24 05:00:00,23.783,23.769,23.744,23.945,8,ENTRY_B_B_SUPPORT_REACCEL,2023-11-28 20:00:00,58519,58462,25.002,2023-11-28 16:00:00,44,2023-11-28 15:00:00,58514,24.809,5,2023-11-28 16:00:00
SILVER,H1,Research_2015_2024,2023-11-24 13:00:00,2023-11-23 06:00:00,2023-11-23 15:00:00,2023-11-24 05:00:00,23.783,23.769,23.744,23.945,8,ENTRY_C_A_AFTER_B,2023-11-28 15:00:00,58514,58462,23.744,2023-11-24 05:00:00,44,2023-11-28 15:00:00,58514,24.809,0,
SILVER,H1,Research_2015_2024,2023-12-08 01:00:00,2023-12-05 13:00:00,2023-12-06 07:00:00,2023-12-07 09:00:00,24.603,24.351,24.018,23.825,15,ENTRY_A_B_BREAK,2023-12-13 19:00:00,58771,58669,22.776,2023-12-13 13:00:00,87,2023-12-13 19:00:00,58771,22.776,0,
SILVER,H1,Research_2015_2024,2023-12-08 01:00:00,2023-12-05 13:00:00,2023-12-06 07:00:00,2023-12-07 09:00:00,24.603,24.351,24.018,23.825,15,ENTRY_C_A_AFTER_B,2023-12-14 08:00:00,58783,58669,24.018,2023-12-07 09:00:00,87,2023-12-13 19:00:00,58771,22.776,12,
SILVER,H1,Research_2015_2024,2024-01-04 15:00:00,2024-01-02 09:00:00,2024-01-03 03:00:00,2024-01-04 09:00:00,24.086,23.722,23.068,22.968,6,ENTRY_A_B_BREAK,2024-01-05 15:00:00,59112,59083,23.188,2024-01-05 02:00:00,23,2024-01-05 15:00:00,59112,23.188,0,
SILVER,H1,Research_2015_2024,2024-01-04 15:00:00,2024-01-02 09:00:00,2024-01-03 03:00:00,2024-01-04 09:00:00,24.086,23.722,23.068,22.968,6,ENTRY_C_A_AFTER_B,2024-01-05 15:00:00,59112,59083,23.068,2024-01-04 09:00:00,23,2024-01-05 15:00:00,59112,23.188,0,
SILVER,H1,Research_2015_2024,2024-01-19 07:00:00,2024-01-15 03:00:00,2024-01-15 09:00:00,2024-01-15 17:00:00,23.325,23.297,23.235,22.799,80,ENTRY_A_B_BREAK,2024-01-19 07:00:00,59332,59252,22.785,2024-01-19 00:00:00,0,2024-01-19 07:00:00,59332,22.785,0,
SILVER,H1,Research_2015_2024,2024-02-28 23:00:00,2024-02-23 18:00:00,2024-02-27 12:00:00,2024-02-28 13:00:00,22.992,22.706,22.508,22.447,9,ENTRY_A_B_BREAK,2024-03-01 15:00:00,60028,59980,22.779,2024-02-29 14:00:00,39,2024-03-01 15:00:00,60028,22.779,0,
SILVER,H1,Research_2015_2024,2024-02-28 23:00:00,2024-02-23 18:00:00,2024-02-27 12:00:00,2024-02-28 13:00:00,22.992,22.706,22.508,22.447,9,ENTRY_C_A_AFTER_B,2024-03-01 15:00:00,60028,59980,22.508,2024-02-28 13:00:00,39,2024-03-01 15:00:00,60028,22.779,0,
SILVER,H1,Research_2015_2024,2024-03-19 18:00:00,2024-03-18 12:00:00,2024-03-19 02:00:00,2024-03-19 12:00:00,25.321,25.143,24.997,24.92,6,ENTRY_A_B_BREAK,2024-03-20 18:00:00,60331,60302,24.991,2024-03-20 02:00:00,23,2024-03-20 18:00:00,60331,24.991,0,
SILVER,H1,Research_2015_2024,2024-03-19 18:00:00,2024-03-18 12:00:00,2024-03-19 02:00:00,2024-03-19 12:00:00,25.321,25.143,24.997,24.92,6,ENTRY_C_A_AFTER_B,2024-03-20 18:00:00,60331,60302,24.997,2024-03-19 12:00:00,23,2024-03-20 18:00:00,60331,24.991,0,
SILVER,H1,Research_2015_2024,2024-03-26 11:00:00,2024-03-22 14:00:00,2024-03-25 01:00:00,2024-03-25 14:00:00,24.939,24.884,24.849,24.838,20,ENTRY_A_B_BREAK,2024-03-28 02:00:00,60453,60396,24.652,2024-03-27 13:00:00,37,2024-03-28 02:00:00,60453,24.652,0,
SILVER,H1,Research_2015_2024,2024-03-26 11:00:00,2024-03-22 14:00:00,2024-03-25 01:00:00,2024-03-25 14:00:00,24.939,24.884,24.849,24.838,20,ENTRY_C_A_AFTER_B,2024-03-28 17:00:00,60468,60396,24.849,2024-03-25 14:00:00,37,2024-03-28 02:00:00,60453,24.652,15,
SILVER,H1,Research_2015_2024,2024-05-03 04:00:00,2024-04-29 16:00:00,2024-05-01 18:00:00,2024-05-02 14:00:00,27.427,26.962,26.757,26.715,13,ENTRY_A_B_BREAK,2024-05-09 04:00:00,61122,61017,27.506,2024-05-07 01:00:00,92,2024-05-09 04:00:00,61122,27.506,0,
SILVER,H1,Research_2015_2024,2024-05-03 04:00:00,2024-04-29 16:00:00,2024-05-01 18:00:00,2024-05-02 14:00:00,27.427,26.962,26.757,26.715,13,ENTRY_B_B_SUPPORT_REACCEL,2024-05-09 12:00:00,61130,61017,27.719,2024-05-09 05:00:00,92,2024-05-09 04:00:00,61122,27.506,8,2024-05-09 05:00:00
SILVER,H1,Research_2015_2024,2024-05-03 04:00:00,2024-04-29 16:00:00,2024-05-01 18:00:00,2024-05-02 14:00:00,27.427,26.962,26.757,26.715,13,ENTRY_C_A_AFTER_B,2024-05-09 04:00:00,61122,61017,26.757,2024-05-02 14:00:00,92,2024-05-09 04:00:00,61122,27.506,0,
SILVER,H1,Research_2015_2024,2024-05-27 13:00:00,2024-05-21 01:00:00,2024-05-21 14:00:00,2024-05-22 02:00:00,32.493,32.275,32.185,31.496,80,ENTRY_A_B_BREAK,2024-05-27 13:00:00,61407,61327,30.617,2024-05-24 13:00:00,0,2024-05-27 13:00:00,61407,30.617,0,
SILVER,H1,Research_2015_2024,2024-05-27 13:00:00,2024-05-21 01:00:00,2024-05-21 14:00:00,2024-05-22 02:00:00,32.493,32.275,32.185,31.496,80,ENTRY_C_A_AFTER_B,2024-05-29 06:00:00,61444,61327,32.185,2024-05-22 02:00:00,0,2024-05-27 13:00:00,61407,30.617,37,
SILVER,H1,Research_2015_2024,2024-05-31 12:00:00,2024-05-29 18:00:00,2024-05-30 01:00:00,2024-05-30 13:00:00,32.241,32.085,31.795,31.501,22,ENTRY_A_B_BREAK,2024-06-05 15:00:00,61566,61474,29.795,2024-06-05 05:00:00,70,2024-06-05 15:00:00,61566,29.795,0,
SILVER,H1,Research_2015_2024,2024-07-05 01:00:00,2024-07-03 14:00:00,2024-07-04 01:00:00,2024-07-04 14:00:00,30.663,30.577,30.518,30.481,8,ENTRY_A_B_BREAK,2024-07-05 12:00:00,62065,62046,30.686,2024-07-05 06:00:00,11,2024-07-05 12:00:00,62065,30.686,0,
SILVER,H1,Research_2015_2024,2024-07-05 01:00:00,2024-07-03 14:00:00,2024-07-04 01:00:00,2024-07-04 14:00:00,30.663,30.577,30.518,30.481,8,ENTRY_B_B_SUPPORT_REACCEL,2024-07-05 14:00:00,62067,62046,30.995,2024-07-05 13:00:00,11,2024-07-05 12:00:00,62065,30.686,2,2024-07-05 13:00:00
SILVER,H1,Research_2015_2024,2024-07-05 01:00:00,2024-07-03 14:00:00,2024-07-04 01:00:00,2024-07-04 14:00:00,30.663,30.577,30.518,30.481,8,ENTRY_C_A_AFTER_B,2024-07-05 12:00:00,62065,62046,30.518,2024-07-04 14:00:00,11,2024-07-05 12:00:00,62065,30.686,0,
SILVER,H1,Research_2015_2024,2024-09-11 11:00:00,2024-08-29 08:00:00,2024-08-29 15:00:00,2024-08-30 08:00:00,29.675,29.636,29.58,28.831,185,ENTRY_A_B_BREAK,2024-09-11 11:00:00,63166,62981,28.115,2024-09-09 02:00:00,0,2024-09-11 11:00:00,63166,28.115,0,
SILVER,H1,Research_2015_2024,2024-09-11 11:00:00,2024-08-29 08:00:00,2024-08-29 15:00:00,2024-08-30 08:00:00,29.675,29.636,29.58,28.831,185,ENTRY_B_B_SUPPORT_REACCEL,2024-09-11 15:00:00,63170,62981,28.519,2024-09-11 14:00:00,0,2024-09-11 11:00:00,63166,28.115,4,2024-09-11 14:00:00
SILVER,H1,Research_2015_2024,2024-09-11 11:00:00,2024-08-29 08:00:00,2024-08-29 15:00:00,2024-08-30 08:00:00,29.675,29.636,29.58,28.831,185,ENTRY_C_A_AFTER_B,2024-09-12 15:00:00,63193,62981,29.58,2024-08-30 08:00:00,0,2024-09-11 11:00:00,63166,28.115,27,
SILVER,H1,Research_2015_2024,2024-09-17 13:00:00,2024-09-16 06:00:00,2024-09-16 13:00:00,2024-09-17 06:00:00,31.086,31.02,30.872,30.83,7,ENTRY_A_B_BREAK,2024-09-20 10:00:00,63326,63253,31.293,2024-09-19 09:00:00,66,2024-09-20 10:00:00,63326,31.293,0,
SILVER,H1,Research_2015_2024,2024-09-17 13:00:00,2024-09-16 06:00:00,2024-09-16 13:00:00,2024-09-17 06:00:00,31.086,31.02,30.872,30.83,7,ENTRY_B_B_SUPPORT_REACCEL,2024-09-20 12:00:00,63328,63253,31.334,2024-09-20 11:00:00,66,2024-09-20 10:00:00,63326,31.293,2,2024-09-20 11:00:00
SILVER,H1,Research_2015_2024,2024-09-17 13:00:00,2024-09-16 06:00:00,2024-09-16 13:00:00,2024-09-17 06:00:00,31.086,31.02,30.872,30.83,7,ENTRY_C_A_AFTER_B,2024-09-20 10:00:00,63326,63253,30.872,2024-09-17 06:00:00,66,2024-09-20 10:00:00,63326,31.293,0,
SILVER,H1,Research_2015_2024,2024-10-09 15:00:00,2024-10-04 15:00:00,2024-10-08 01:00:00,2024-10-08 12:00:00,32.951,31.768,31.446,30.56,26,ENTRY_A_B_BREAK,2024-10-10 13:00:00,63651,63604,30.757,2024-10-09 05:00:00,21,2024-10-10 13:00:00,63651,30.757,0,
SILVER,H1,Research_2015_2024,2024-10-09 15:00:00,2024-10-04 15:00:00,2024-10-08 01:00:00,2024-10-08 12:00:00,32.951,31.768,31.446,30.56,26,ENTRY_B_B_SUPPORT_REACCEL,2024-10-11 01:00:00,63662,63604,31.18,2024-10-10 14:00:00,21,2024-10-10 13:00:00,63651,30.757,11,2024-10-10 14:00:00
SILVER,H1,Research_2015_2024,2024-10-09 15:00:00,2024-10-04 15:00:00,2024-10-08 01:00:00,2024-10-08 12:00:00,32.951,31.768,31.446,30.56,26,ENTRY_C_A_AFTER_B,2024-10-11 14:00:00,63675,63604,31.446,2024-10-08 12:00:00,21,2024-10-10 13:00:00,63651,30.757,24,
SILVER,H1,Research_2015_2024,2024-10-15 13:00:00,2024-10-11 19:00:00,2024-10-14 06:00:00,2024-10-15 02:00:00,31.628,31.539,31.307,31.195,11,ENTRY_A_B_BREAK,2024-10-16 06:00:00,63736,63709,31.681,2024-10-15 14:00:00,16,2024-10-16 06:00:00,63736,31.681,0,
SILVER,H1,Research_2015_2024,2024-10-15 13:00:00,2024-10-11 19:00:00,2024-10-14 06:00:00,2024-10-15 02:00:00,31.628,31.539,31.307,31.195,11,ENTRY_B_B_SUPPORT_REACCEL,2024-10-16 08:00:00,63738,63709,31.822,2024-10-16 07:00:00,16,2024-10-16 06:00:00,63736,31.681,2,2024-10-16 07:00:00
SILVER,H1,Research_2015_2024,2024-10-15 13:00:00,2024-10-11 19:00:00,2024-10-14 06:00:00,2024-10-15 02:00:00,31.628,31.539,31.307,31.195,11,ENTRY_C_A_AFTER_B,2024-10-16 06:00:00,63736,63709,31.307,2024-10-15 02:00:00,16,2024-10-16 06:00:00,63736,31.681,0,
SILVER,H1,Research_2015_2024,2024-11-15 10:00:00,2024-11-13 13:00:00,2024-11-14 19:00:00,2024-11-15 03:00:00,31.136,30.648,30.556,30.568,7,ENTRY_A_B_BREAK,2024-11-19 02:00:00,64283,64238,31.261,2024-11-18 16:00:00,38,2024-11-19 02:00:00,64283,31.261,0,
SILVER,H1,Research_2015_2024,2024-11-15 10:00:00,2024-11-13 13:00:00,2024-11-14 19:00:00,2024-11-15 03:00:00,31.136,30.648,30.556,30.568,7,ENTRY_C_A_AFTER_B,2024-11-19 02:00:00,64283,64238,30.556,2024-11-15 03:00:00,38,2024-11-19 02:00:00,64283,31.261,0,
SILVER,H1,Research_2015_2024,2024-11-21 03:00:00,2024-11-19 09:00:00,2024-11-20 01:00:00,2024-11-20 13:00:00,31.527,31.322,31.227,31.143,13,ENTRY_A_B_BREAK,2024-11-26 09:00:00,64405,64317,30.401,2024-11-26 03:00:00,75,2024-11-26 09:00:00,64405,30.401,0,
SILVER,H1,Research_2015_2024,2024-11-21 03:00:00,2024-11-19 09:00:00,2024-11-20 01:00:00,2024-11-20 13:00:00,31.527,31.322,31.227,31.143,13,ENTRY_B_B_SUPPORT_REACCEL,2024-11-26 11:00:00,64407,64317,30.502,2024-11-26 10:00:00,75,2024-11-26 09:00:00,64405,30.401,2,2024-11-26 10:00:00
SILVER,H1,Research_2015_2024,2024-11-26 09:00:00,2024-11-24 23:00:00,2024-11-25 13:00:00,2024-11-26 03:00:00,31.466,30.863,30.401,30.434,6,ENTRY_A_B_BREAK,2024-11-29 12:00:00,64475,64399,30.751,2024-11-29 06:00:00,70,2024-11-29 12:00:00,64475,30.751,0,
SILVER,H1,Research_2015_2024,2024-11-26 09:00:00,2024-11-24 23:00:00,2024-11-25 13:00:00,2024-11-26 03:00:00,31.466,30.863,30.401,30.434,6,ENTRY_C_A_AFTER_B,2024-11-29 12:00:00,64475,64399,30.401,2024-11-26 03:00:00,70,2024-11-29 12:00:00,64475,30.751,0,
SILVER,H1,OOS_2025_2026,2025-01-14 15:00:00,2025-01-10 14:00:00,2025-01-13 00:00:00,2025-01-13 08:00:00,30.652,30.497,30.368,29.897,30,ENTRY_A_B_BREAK,2025-01-14 15:00:00,65143,65113,29.744,2025-01-13 23:00:00,0,2025-01-14 15:00:00,65143,29.744,0,
SILVER,H1,OOS_2025_2026,2025-01-14 15:00:00,2025-01-10 14:00:00,2025-01-13 00:00:00,2025-01-13 08:00:00,30.652,30.497,30.368,29.897,30,ENTRY_B_B_SUPPORT_REACCEL,2025-01-15 06:00:00,65157,65113,29.896,2025-01-14 17:00:00,0,2025-01-14 15:00:00,65143,29.744,14,2025-01-14 17:00:00
SILVER,H1,OOS_2025_2026,2025-01-14 15:00:00,2025-01-10 14:00:00,2025-01-13 00:00:00,2025-01-13 08:00:00,30.652,30.497,30.368,29.897,30,ENTRY_C_A_AFTER_B,2025-01-15 16:00:00,65167,65113,30.368,2025-01-13 08:00:00,0,2025-01-14 15:00:00,65143,29.744,24,
SILVER,H1,OOS_2025_2026,2025-01-20 14:00:00,2025-01-16 17:00:00,2025-01-17 12:00:00,2025-01-20 05:00:00,30.966,30.67,30.428,30.453,9,ENTRY_A_B_BREAK,2025-01-21 16:00:00,65257,65225,30.722,2025-01-21 03:00:00,23,2025-01-21 16:00:00,65257,30.722,0,
SILVER,H1,OOS_2025_2026,2025-01-20 14:00:00,2025-01-16 17:00:00,2025-01-17 12:00:00,2025-01-20 05:00:00,30.966,30.67,30.428,30.453,9,ENTRY_C_A_AFTER_B,2025-01-21 16:00:00,65257,65225,30.428,2025-01-20 05:00:00,23,2025-01-21 16:00:00,65257,30.722,0,
SILVER,H1,OOS_2025_2026,2025-03-04 12:00:00,2025-02-20 11:00:00,2025-02-21 01:00:00,2025-02-21 14:00:00,33.194,33.071,33.016,31.954,159,ENTRY_A_B_BREAK,2025-03-04 12:00:00,65941,65782,31.395,2025-03-03 02:00:00,0,2025-03-04 12:00:00,65941,31.395,0,
SILVER,H1,OOS_2025_2026,2025-03-25 10:00:00,2025-03-18 13:00:00,2025-03-19 05:00:00,2025-03-20 01:00:00,34.226,34.091,33.934,33.357,78,ENTRY_A_B_BREAK,2025-03-25 10:00:00,66285,66207,33.294,2025-03-24 08:00:00,0,2025-03-25 10:00:00,66285,33.294,0,
SILVER,H1,OOS_2025_2026,2025-03-25 10:00:00,2025-03-18 13:00:00,2025-03-19 05:00:00,2025-03-20 01:00:00,34.226,34.091,33.934,33.357,78,ENTRY_C_A_AFTER_B,2025-03-27 10:00:00,66331,66207,33.934,2025-03-20 01:00:00,0,2025-03-25 10:00:00,66285,33.294,46,
SILVER,H1,OOS_2025_2026,2025-05-09 07:00:00,2025-05-06 22:00:00,2025-05-08 04:00:00,2025-05-08 14:00:00,33.247,32.93,32.745,32.638,16,ENTRY_A_B_BREAK,2025-05-09 15:00:00,67026,67002,32.706,2025-05-09 07:00:00,8,2025-05-09 15:00:00,67026,32.706,0,
SILVER,H1,OOS_2025_2026,2025-05-09 07:00:00,2025-05-06 22:00:00,2025-05-08 04:00:00,2025-05-08 14:00:00,33.247,32.93,32.745,32.638,16,ENTRY_C_A_AFTER_B,2025-05-09 15:00:00,67026,67002,32.745,2025-05-08 14:00:00,8,2025-05-09 15:00:00,67026,32.706,0,
SILVER,H1,OOS_2025_2026,2025-05-29 10:00:00,2025-05-26 02:00:00,2025-05-27 01:00:00,2025-05-28 09:00:00,33.558,33.516,33.424,33.386,24,ENTRY_A_B_BREAK,2025-06-02 12:00:00,67389,67317,33.489,2025-05-29 12:00:00,48,2025-06-02 12:00:00,67389,33.489,0,
SILVER,H1,OOS_2025_2026,2025-05-29 10:00:00,2025-05-26 02:00:00,2025-05-27 01:00:00,2025-05-28 09:00:00,33.558,33.516,33.424,33.386,24,ENTRY_C_A_AFTER_B,2025-06-02 12:00:00,67389,67317,33.424,2025-05-28 09:00:00,48,2025-06-02 12:00:00,67389,33.489,0,
SILVER,H1,OOS_2025_2026,2025-06-05 00:00:00,2025-06-02 20:00:00,2025-06-04 01:00:00,2025-06-04 14:00:00,34.779,34.637,34.561,34.523,9,ENTRY_A_B_BREAK,2025-06-06 04:00:00,67473,67437,36.056,2025-06-05 12:00:00,27,2025-06-06 04:00:00,67473,36.056,0,
SILVER,H1,OOS_2025_2026,2025-06-05 00:00:00,2025-06-02 20:00:00,2025-06-04 01:00:00,2025-06-04 14:00:00,34.779,34.637,34.561,34.523,9,ENTRY_C_A_AFTER_B,2025-06-06 04:00:00,67473,67437,34.561,2025-06-04 14:00:00,27,2025-06-06 04:00:00,67473,36.056,0,
SILVER,H1,OOS_2025_2026,2025-06-12 23:00:00,2025-06-11 01:00:00,2025-06-12 05:00:00,2025-06-12 13:00:00,36.633,36.443,36.388,36.384,9,ENTRY_A_B_BREAK,2025-06-16 12:00:00,67619,67574,36.448,2025-06-13 09:00:00,36,2025-06-16 12:00:00,67619,36.448,0,
SILVER,H1,OOS_2025_2026,2025-06-12 23:00:00,2025-06-11 01:00:00,2025-06-12 05:00:00,2025-06-12 13:00:00,36.633,36.443,36.388,36.384,9,ENTRY_C_A_AFTER_B,2025-06-16 12:00:00,67619,67574,36.388,2025-06-12 13:00:00,36,2025-06-16 12:00:00,67619,36.448,0,
SILVER,H1,OOS_2025_2026,2025-06-20 17:00:00,2025-06-18 06:00:00,2025-06-19 22:00:00,2025-06-20 10:00:00,37.303,36.417,36.152,36.046,7,ENTRY_A_B_BREAK,2025-06-23 08:00:00,67728,67707,36.125,2025-06-23 01:00:00,14,2025-06-23 08:00:00,67728,36.125,0,
SILVER,H1,OOS_2025_2026,2025-06-20 17:00:00,2025-06-18 06:00:00,2025-06-19 22:00:00,2025-06-20 10:00:00,37.303,36.417,36.152,36.046,7,ENTRY_C_A_AFTER_B,2025-06-23 08:00:00,67728,67707,36.152,2025-06-20 10:00:00,14,2025-06-23 08:00:00,67728,36.125,0,
SILVER,H1,OOS_2025_2026,2026-01-22 15:00:00,2026-01-20 12:00:00,2026-01-21 00:00:00,2026-01-21 09:00:00,95.86,95.542,95.319,95.624,29,ENTRY_A_B_BREAK,2026-01-22 15:00:00,68281,68252,94.384,2026-01-22 08:00:00,0,2026-01-22 15:00:00,68281,94.384,0,
SILVER,H1,OOS_2025_2026,2026-01-22 15:00:00,2026-01-20 12:00:00,2026-01-21 00:00:00,2026-01-21 09:00:00,95.86,95.542,95.319,95.624,29,ENTRY_C_A_AFTER_B,2026-01-22 15:00:00,68281,68252,95.319,2026-01-21 09:00:00,0,2026-01-22 15:00:00,68281,94.384,0,
SILVER,H1,OOS_2025_2026,2026-02-06 12:00:00,2026-02-05 08:00:00,2026-02-05 18:00:00,2026-02-06 06:00:00,81.054,77.837,75.321,74.871,6,ENTRY_A_B_BREAK,2026-02-11 09:00:00,68597,68525,84.013,2026-02-09 20:00:00,66,2026-02-11 09:00:00,68597,84.013,0,
SILVER,H1,OOS_2025_2026,2026-02-06 12:00:00,2026-02-05 08:00:00,2026-02-05 18:00:00,2026-02-06 06:00:00,81.054,77.837,75.321,74.871,6,ENTRY_C_A_AFTER_B,2026-02-11 09:00:00,68597,68525,75.321,2026-02-06 06:00:00,66,2026-02-11 09:00:00,68597,84.013,0,
SILVER,H1,OOS_2025_2026,2026-02-18 04:00:00,2026-02-13 08:00:00,2026-02-16 09:00:00,2026-02-16 23:00:00,79.331,77.348,76.879,75.833,28,ENTRY_A_B_BREAK,2026-02-19 06:00:00,68730,68677,78.313,2026-02-18 17:00:00,25,2026-02-19 06:00:00,68730,78.313,0,
SILVER,H1,OOS_2025_2026,2026-02-18 04:00:00,2026-02-13 08:00:00,2026-02-16 09:00:00,2026-02-16 23:00:00,79.331,77.348,76.879,75.833,28,ENTRY_C_A_AFTER_B,2026-02-19 06:00:00,68730,68677,76.879,2026-02-16 23:00:00,25,2026-02-19 06:00:00,68730,78.313,0,
SILVER,H1,OOS_2025_2026,2026-03-06 01:00:00,2026-03-04 12:00:00,2026-03-05 03:00:00,2026-03-05 09:00:00,86.794,85.363,84.941,83.919,15,ENTRY_A_B_BREAK,2026-03-09 18:00:00,68996,68940,84.75,2026-03-09 06:00:00,41,2026-03-09 18:00:00,68996,84.75,0,
SILVER,H1,OOS_2025_2026,2026-03-06 01:00:00,2026-03-04 12:00:00,2026-03-05 03:00:00,2026-03-05 09:00:00,86.794,85.363,84.941,83.919,15,ENTRY_C_A_AFTER_B,2026-03-09 18:00:00,68996,68940,84.941,2026-03-05 09:00:00,41,2026-03-09 18:00:00,68996,84.75,0,
SILVER,H1,OOS_2025_2026,2026-03-24 07:00:00,2026-03-19 01:00:00,2026-03-20 01:00:00,2026-03-23 14:00:00,76.527,74.353,70.738,70.02,16,ENTRY_A_B_BREAK,2026-03-24 20:00:00,69251,69222,70.372,2026-03-24 07:00:00,13,2026-03-24 20:00:00,69251,70.372,0,
SILVER,H1,OOS_2025_2026,2026-03-24 07:00:00,2026-03-19 01:00:00,2026-03-20 01:00:00,2026-03-23 14:00:00,76.527,74.353,70.738,70.02,16,ENTRY_B_B_SUPPORT_REACCEL,2026-03-26 00:00:00,69277,69222,70.647,2026-03-25 23:00:00,13,2026-03-24 20:00:00,69251,70.372,26,2026-03-25 23:00:00
SILVER,H1,OOS_2025_2026,2026-03-24 07:00:00,2026-03-19 01:00:00,2026-03-20 01:00:00,2026-03-23 14:00:00,76.527,74.353,70.738,70.02,16,ENTRY_C_A_AFTER_B,2026-03-24 20:00:00,69251,69222,70.738,2026-03-23 14:00:00,13,2026-03-24 20:00:00,69251,70.372,0,
SILVER,H1,OOS_2025_2026,2026-04-10 13:00:00,2026-04-08 13:00:00,2026-04-09 17:00:00,2026-04-10 05:00:00,77.584,76.621,76.195,76.282,8,ENTRY_A_B_BREAK,2026-04-13 16:00:00,69546,69512,74.894,2026-04-13 08:00:00,26,2026-04-13 16:00:00,69546,74.894,0,
SILVER,H1,OOS_2025_2026,2026-04-10 13:00:00,2026-04-08 13:00:00,2026-04-09 17:00:00,2026-04-10 05:00:00,77.584,76.621,76.195,76.282,8,ENTRY_B_B_SUPPORT_REACCEL,2026-04-13 22:00:00,69551,69512,75.607,2026-04-13 17:00:00,26,2026-04-13 16:00:00,69546,74.894,5,2026-04-13 17:00:00
SILVER,H1,OOS_2025_2026,2026-04-10 13:00:00,2026-04-08 13:00:00,2026-04-09 17:00:00,2026-04-10 05:00:00,77.584,76.621,76.195,76.282,8,ENTRY_C_A_AFTER_B,2026-04-14 02:00:00,69555,69512,76.195,2026-04-10 05:00:00,26,2026-04-13 16:00:00,69546,74.894,9,
SILVER,H4,Research_2015_2024,2014-02-10 04:00:00,2014-02-05 12:00:00,2014-02-06 12:00:00,2014-02-07 12:00:00,20.275,20.163,20.074,20.093,5,ENTRY_A_B_BREAK,2014-02-12 12:00:00,184,165,20.272,2014-02-11 16:00:00,14,2014-02-12 12:00:00,184,20.272,0,
SILVER,H4,Research_2015_2024,2014-02-10 04:00:00,2014-02-05 12:00:00,2014-02-06 12:00:00,2014-02-07 12:00:00,20.275,20.163,20.074,20.093,5,ENTRY_C_A_AFTER_B,2014-02-12 12:00:00,184,165,20.074,2014-02-07 12:00:00,14,2014-02-12 12:00:00,184,20.272,0,
SILVER,H4,Research_2015_2024,2014-03-26 04:00:00,2014-03-19 16:00:00,2014-03-21 08:00:00,2014-03-25 08:00:00,20.887,20.561,20.194,20.102,5,ENTRY_A_B_BREAK,2014-03-31 08:00:00,388,363,19.91,2014-03-28 04:00:00,20,2014-03-31 08:00:00,388,19.91,0,
SILVER,H4,Research_2015_2024,2014-03-26 04:00:00,2014-03-19 16:00:00,2014-03-21 08:00:00,2014-03-25 08:00:00,20.887,20.561,20.194,20.102,5,ENTRY_C_A_AFTER_B,2014-04-10 04:00:00,436,363,20.194,2014-03-25 08:00:00,20,2014-03-31 08:00:00,388,19.91,48,
SILVER,H4,Research_2015_2024,2014-04-22 08:00:00,2014-04-13 20:00:00,2014-04-16 12:00:00,2014-04-17 08:00:00,20.127,19.803,19.711,19.461,13,ENTRY_A_B_BREAK,2014-04-24 12:00:00,494,468,19.524,2014-04-22 08:00:00,13,2014-04-24 12:00:00,494,19.524,0,
SILVER,H4,Research_2015_2024,2014-05-02 12:00:00,2014-04-24 12:00:00,2014-04-25 12:00:00,2014-04-28 00:00:00,19.894,19.794,19.741,19.553,27,ENTRY_A_B_BREAK,2014-05-07 04:00:00,548,504,19.668,2014-05-02 12:00:00,17,2014-05-07 04:00:00,548,19.668,0,
SILVER,H4,Research_2015_2024,2014-05-02 12:00:00,2014-04-24 12:00:00,2014-04-25 12:00:00,2014-04-28 00:00:00,19.894,19.794,19.741,19.553,27,ENTRY_C_A_AFTER_B,2014-05-14 08:00:00,580,504,19.741,2014-04-28 00:00:00,17,2014-05-07 04:00:00,548,19.668,32,
SILVER,H4,Research_2015_2024,2014-08-26 04:00:00,2014-08-12 04:00:00,2014-08-13 12:00:00,2014-08-14 08:00:00,20.128,20.056,19.968,19.518,48,ENTRY_A_B_BREAK,2014-08-26 04:00:00,1036,988,19.483,2014-08-25 12:00:00,0,2014-08-26 04:00:00,1036,19.483,0,
SILVER,H4,Research_2015_2024,2014-09-08 00:00:00,2014-08-29 12:00:00,2014-09-01 08:00:00,2014-09-02 04:00:00,19.614,19.516,19.477,19.256,24,ENTRY_A_B_BREAK,2014-09-08 00:00:00,1091,1067,19.218,2014-09-05 12:00:00,0,2014-09-08 00:00:00,1091,19.218,0,
SILVER,H4,Research_2015_2024,2014-09-15 20:00:00,2014-09-08 04:00:00,2014-09-09 20:00:00,2014-09-15 04:00:00,19.305,19.121,18.687,18.634,4,ENTRY_A_B_BREAK,2014-09-23 08:00:00,1161,1123,17.846,2014-09-22 12:00:00,34,2014-09-23 08:00:00,1161,17.846,0,
SILVER,H4,Research_2015_2024,2014-10-06 16:00:00,2014-09-24 04:00:00,2014-09-26 04:00:00,2014-09-26 20:00:00,17.867,17.724,17.668,17.298,37,ENTRY_A_B_BREAK,2014-10-09 08:00:00,1235,1182,17.61,2014-10-07 04:00:00,16,2014-10-09 08:00:00,1235,17.61,0,
SILVER,H4,Research_2015_2024,2014-12-19 12:00:00,2014-12-12 08:00:00,2014-12-16 12:00:00,2014-12-18 08:00:00,17.193,16.635,16.211,16.019,7,ENTRY_A_B_BREAK,2014-12-26 00:00:00,1573,1544,15.879,2014-12-23 12:00:00,22,2014-12-26 00:00:00,1573,15.879,0,
SILVER,H4,Research_2015_2024,2014-12-19 12:00:00,2014-12-12 08:00:00,2014-12-16 12:00:00,2014-12-18 08:00:00,17.193,16.635,16.211,16.019,7,ENTRY_B_B_SUPPORT_REACCEL,2014-12-26 08:00:00,1575,1544,16.052,2014-12-26 04:00:00,22,2014-12-26 00:00:00,1573,15.879,2,2014-12-26 04:00:00
SILVER,H4,Research_2015_2024,2014-12-19 12:00:00,2014-12-12 08:00:00,2014-12-16 12:00:00,2014-12-18 08:00:00,17.193,16.635,16.211,16.019,7,ENTRY_C_A_AFTER_B,2014-12-26 08:00:00,1575,1544,16.211,2014-12-18 08:00:00,22,2014-12-26 00:00:00,1573,15.879,2,
SILVER,H4,Research_2015_2024,2015-02-11 04:00:00,2015-02-03 08:00:00,2015-02-04 12:00:00,2015-02-06 12:00:00,17.729,17.641,17.363,17.051,17,ENTRY_A_B_BREAK,2015-02-13 12:00:00,1784,1753,17.152,2015-02-09 08:00:00,14,2015-02-13 12:00:00,1784,17.152,0,
SILVER,H4,Research_2015_2024,2015-02-11 04:00:00,2015-02-03 08:00:00,2015-02-04 12:00:00,2015-02-06 12:00:00,17.729,17.641,17.363,17.051,17,ENTRY_C_A_AFTER_B,2015-02-13 12:00:00,1784,1753,17.363,2015-02-06 12:00:00,14,2015-02-13 12:00:00,1784,17.152,0,
SILVER,H4,Research_2015_2024,2015-02-23 12:00:00,2015-02-16 04:00:00,2015-02-19 12:00:00,2015-02-20 12:00:00,17.401,16.785,16.571,16.469,7,ENTRY_A_B_BREAK,2015-02-25 00:00:00,1831,1815,16.6,2015-02-23 12:00:00,9,2015-02-25 00:00:00,1831,16.6,0,
SILVER,H4,Research_2015_2024,2015-02-23 12:00:00,2015-02-16 04:00:00,2015-02-19 12:00:00,2015-02-20 12:00:00,17.401,16.785,16.571,16.469,7,ENTRY_C_A_AFTER_B,2015-02-25 00:00:00,1831,1815,16.571,2015-02-20 12:00:00,9,2015-02-25 00:00:00,1831,16.6,0,
SILVER,H4,Research_2015_2024,2015-03-13 20:00:00,2015-03-02 00:00:00,2015-03-03 12:00:00,2015-03-05 12:00:00,16.78,16.578,16.358,15.629,39,ENTRY_A_B_BREAK,2015-03-16 04:00:00,1913,1871,15.703,2015-03-12 04:00:00,3,2015-03-16 04:00:00,1913,15.703,0,
SILVER,H4,Research_2015_2024,2015-03-13 20:00:00,2015-03-02 00:00:00,2015-03-03 12:00:00,2015-03-05 12:00:00,16.78,16.578,16.358,15.629,39,ENTRY_C_A_AFTER_B,2015-03-20 12:00:00,1939,1871,16.358,2015-03-05 12:00:00,3,2015-03-16 04:00:00,1913,15.703,26,
SILVER,H4,Research_2015_2024,2015-03-13 20:00:00,2015-03-10 12:00:00,2015-03-11 04:00:00,2015-03-12 04:00:00,15.841,15.755,15.703,15.629,10,ENTRY_A_B_BREAK,2015-03-20 12:00:00,1939,1900,16.184,2015-03-19 12:00:00,29,2015-03-20 12:00:00,1939,16.184,0,
SILVER,H4,Research_2015_2024,2015-03-13 20:00:00,2015-03-10 12:00:00,2015-03-11 04:00:00,2015-03-12 04:00:00,15.841,15.755,15.703,15.629,10,ENTRY_C_A_AFTER_B,2015-03-20 12:00:00,1939,1900,15.703,2015-03-12 04:00:00,29,2015-03-20 12:00:00,1939,16.184,0,
SILVER,H4,Research_2015_2024,2015-04-01 12:00:00,2015-03-26 08:00:00,2015-03-27 12:00:00,2015-03-31 12:00:00,17.393,17.195,16.827,16.848,6,ENTRY_A_B_BREAK,2015-04-06 00:00:00,1999,1983,17.082,2015-04-01 16:00:00,10,2015-04-06 00:00:00,1999,17.082,0,
SILVER,H4,Research_2015_2024,2015-04-01 12:00:00,2015-03-26 08:00:00,2015-03-27 12:00:00,2015-03-31 12:00:00,17.393,17.195,16.827,16.848,6,ENTRY_C_A_AFTER_B,2015-04-06 00:00:00,1999,1983,16.827,2015-03-31 12:00:00,10,2015-04-06 00:00:00,1999,17.082,0,
SILVER,H4,Research_2015_2024,2015-04-23 08:00:00,2015-04-17 08:00:00,2015-04-20 04:00:00,2015-04-21 08:00:00,16.516,16.37,16.196,15.937,12,ENTRY_A_B_BREAK,2015-04-28 12:00:00,2101,2069,16.473,2015-04-27 12:00:00,20,2015-04-28 12:00:00,2101,16.473,0,
SILVER,H4,Research_2015_2024,2015-04-23 08:00:00,2015-04-17 08:00:00,2015-04-20 04:00:00,2015-04-21 08:00:00,16.516,16.37,16.196,15.937,12,ENTRY_B_B_SUPPORT_REACCEL,2015-04-29 12:00:00,2107,2069,16.605,2015-04-29 00:00:00,20,2015-04-28 12:00:00,2101,16.473,6,2015-04-29 00:00:00
SILVER,H4,Research_2015_2024,2015-04-23 08:00:00,2015-04-17 08:00:00,2015-04-20 04:00:00,2015-04-21 08:00:00,16.516,16.37,16.196,15.937,12,ENTRY_C_A_AFTER_B,2015-04-28 12:00:00,2101,2069,16.196,2015-04-21 08:00:00,20,2015-04-28 12:00:00,2101,16.473,0,
SILVER,H4,Research_2015_2024,2015-05-12 08:00:00,2015-05-04 12:00:00,2015-05-05 12:00:00,2015-05-06 12:00:00,16.753,16.698,16.642,16.478,24,ENTRY_A_B_BREAK,2015-05-12 12:00:00,2163,2138,16.537,2015-05-08 12:00:00,1,2015-05-12 12:00:00,2163,16.537,0,
SILVER,H4,Research_2015_2024,2015-05-12 08:00:00,2015-05-04 12:00:00,2015-05-05 12:00:00,2015-05-06 12:00:00,16.753,16.698,16.642,16.478,24,ENTRY_B_B_SUPPORT_REACCEL,2015-05-13 04:00:00,2167,2138,16.608,2015-05-12 16:00:00,1,2015-05-12 12:00:00,2163,16.537,4,2015-05-12 16:00:00
SILVER,H4,Research_2015_2024,2015-05-12 08:00:00,2015-05-04 12:00:00,2015-05-05 12:00:00,2015-05-06 12:00:00,16.753,16.698,16.642,16.478,24,ENTRY_C_A_AFTER_B,2015-05-13 04:00:00,2167,2138,16.642,2015-05-06 12:00:00,1,2015-05-12 12:00:00,2163,16.537,4,
SILVER,H4,Research_2015_2024,2015-07-23 04:00:00,2015-07-16 12:00:00,2015-07-20 12:00:00,2015-07-21 12:00:00,15.176,15.018,14.962,14.946,10,ENTRY_A_B_BREAK,2015-07-29 12:00:00,2509,2472,14.772,2015-07-27 04:00:00,27,2015-07-29 12:00:00,2509,14.772,0,
SILVER,H4,Research_2015_2024,2015-11-26 08:00:00,2015-11-11 04:00:00,2015-11-12 12:00:00,2015-11-16 04:00:00,14.529,14.487,14.448,14.299,50,ENTRY_A_B_BREAK,2015-11-26 08:00:00,3041,2991,14.19,2015-11-23 12:00:00,0,2015-11-26 08:00:00,3041,14.19,0,
SILVER,H4,Research_2015_2024,2015-11-26 08:00:00,2015-11-11 04:00:00,2015-11-12 12:00:00,2015-11-16 04:00:00,14.529,14.487,14.448,14.299,50,ENTRY_C_A_AFTER_B,2015-12-04 12:00:00,3078,2991,14.448,2015-11-16 04:00:00,0,2015-11-26 08:00:00,3041,14.19,37,
SILVER,H4,Research_2015_2024,2016-02-17 00:00:00,2016-02-11 16:00:00,2016-02-12 12:00:00,2016-02-16 08:00:00,15.934,15.79,15.416,15.32,4,ENTRY_A_B_BREAK,2016-02-18 16:00:00,3397,3383,15.373,2016-02-17 16:00:00,10,2016-02-18 16:00:00,3397,15.373,0,
SILVER,H4,Research_2015_2024,2016-02-17 00:00:00,2016-02-11 16:00:00,2016-02-12 12:00:00,2016-02-16 08:00:00,15.934,15.79,15.416,15.32,4,ENTRY_C_A_AFTER_B,2016-02-18 16:00:00,3397,3383,15.416,2016-02-16 08:00:00,10,2016-02-18 16:00:00,3397,15.373,0,
SILVER,H4,Research_2015_2024,2016-05-24 08:00:00,2016-05-17 12:00:00,2016-05-20 12:00:00,2016-05-23 00:00:00,17.332,16.64,16.554,16.287,8,ENTRY_A_B_BREAK,2016-06-03 04:00:00,3859,3803,16.036,2016-06-02 08:00:00,48,2016-06-03 04:00:00,3859,16.036,0,
SILVER,H4,Research_2015_2024,2016-05-24 08:00:00,2016-05-17 12:00:00,2016-05-20 12:00:00,2016-05-23 00:00:00,17.332,16.64,16.554,16.287,8,ENTRY_B_B_SUPPORT_REACCEL,2016-06-03 12:00:00,3861,3803,16.105,2016-06-03 08:00:00,48,2016-06-03 04:00:00,3859,16.036,2,2016-06-03 08:00:00
SILVER,H4,Research_2015_2024,2016-05-24 08:00:00,2016-05-17 12:00:00,2016-05-20 12:00:00,2016-05-23 00:00:00,17.332,16.64,16.554,16.287,8,ENTRY_C_A_AFTER_B,2016-06-08 04:00:00,3878,3803,16.554,2016-05-23 00:00:00,48,2016-06-03 04:00:00,3859,16.036,19,
SILVER,H4,Research_2015_2024,2016-06-03 04:00:00,2016-05-31 00:00:00,2016-06-01 12:00:00,2016-06-02 08:00:00,16.148,16.072,16.036,16.077,5,ENTRY_A_B_BREAK,2016-06-13 12:00:00,3899,3854,17.363,2016-06-10 12:00:00,40,2016-06-13 12:00:00,3899,17.363,0,
SILVER,H4,Research_2015_2024,2016-06-03 04:00:00,2016-05-31 00:00:00,2016-06-01 12:00:00,2016-06-02 08:00:00,16.148,16.072,16.036,16.077,5,ENTRY_C_A_AFTER_B,2016-06-13 12:00:00,3899,3854,16.036,2016-06-02 08:00:00,40,2016-06-13 12:00:00,3899,17.363,0,
SILVER,H4,Research_2015_2024,2016-06-23 04:00:00,2016-06-16 04:00:00,2016-06-20 04:00:00,2016-06-21 00:00:00,17.848,17.631,17.568,17.405,13,ENTRY_A_B_BREAK,2016-06-24 00:00:00,3951,3933,17.468,2016-06-23 04:00:00,5,2016-06-24 00:00:00,3951,17.468,0,
SILVER,H4,Research_2015_2024,2016-06-23 04:00:00,2016-06-16 04:00:00,2016-06-20 04:00:00,2016-06-21 00:00:00,17.848,17.631,17.568,17.405,13,ENTRY_C_A_AFTER_B,2016-06-24 00:00:00,3951,3933,17.568,2016-06-21 00:00:00,5,2016-06-24 00:00:00,3951,17.468,0,
SILVER,H4,Research_2015_2024,2016-07-27 12:00:00,2016-07-18 16:00:00,2016-07-22 00:00:00,2016-07-26 08:00:00,20.1,19.937,19.73,19.957,7,ENTRY_A_B_BREAK,2016-08-01 00:00:00,4113,4090,20.506,2016-07-28 12:00:00,16,2016-08-01 00:00:00,4113,20.506,0,
SILVER,H4,Research_2015_2024,2016-07-27 12:00:00,2016-07-18 16:00:00,2016-07-22 00:00:00,2016-07-26 08:00:00,20.1,19.937,19.73,19.957,7,ENTRY_C_A_AFTER_B,2016-08-01 00:00:00,4113,4090,19.73,2016-07-26 08:00:00,16,2016-08-01 00:00:00,4113,20.506,0,
SILVER,H4,Research_2015_2024,2016-08-25 20:00:00,2016-08-18 00:00:00,2016-08-23 04:00:00,2016-08-25 04:00:00,19.925,19.111,18.655,18.544,4,ENTRY_A_B_BREAK,2016-09-02 12:00:00,4264,4225,18.953,2016-08-30 00:00:00,35,2016-09-02 12:00:00,4264,18.953,0,
SILVER,H4,Research_2015_2024,2016-08-25 20:00:00,2016-08-18 00:00:00,2016-08-23 04:00:00,2016-08-25 04:00:00,19.925,19.111,18.655,18.544,4,ENTRY_C_A_AFTER_B,2016-09-02 12:00:00,4264,4225,18.655,2016-08-25 04:00:00,35,2016-09-02 12:00:00,4264,18.953,0,
SILVER,H4,Research_2015_2024,2016-10-18 00:00:00,2016-10-13 04:00:00,2016-10-14 12:00:00,2016-10-17 08:00:00,17.672,17.573,17.49,17.596,4,ENTRY_A_B_BREAK,2016-10-24 04:00:00,4486,4456,17.544,2016-10-21 12:00:00,26,2016-10-24 04:00:00,4486,17.544,0,
SILVER,H4,Research_2015_2024,2016-10-18 00:00:00,2016-10-13 04:00:00,2016-10-14 12:00:00,2016-10-17 08:00:00,17.672,17.573,17.49,17.596,4,ENTRY_C_A_AFTER_B,2016-10-24 04:00:00,4486,4456,17.49,2016-10-17 08:00:00,26,2016-10-24 04:00:00,4486,17.544,0,
SILVER,H4,Research_2015_2024,2016-12-02 12:00:00,2016-11-28 04:00:00,2016-11-30 08:00:00,2016-12-01 16:00:00,16.856,16.76,16.67,16.658,5,ENTRY_A_B_BREAK,2016-12-07 12:00:00,4685,4661,16.972,2016-12-04 20:00:00,19,2016-12-07 12:00:00,4685,16.972,0,
SILVER,H4,Research_2015_2024,2016-12-02 12:00:00,2016-11-28 04:00:00,2016-11-30 08:00:00,2016-12-01 16:00:00,16.856,16.76,16.67,16.658,5,ENTRY_C_A_AFTER_B,2016-12-07 12:00:00,4685,4661,16.67,2016-12-01 16:00:00,19,2016-12-07 12:00:00,4685,16.972,0,
SILVER,H4,Research_2015_2024,2017-05-07 20:00:00,2017-04-24 20:00:00,2017-04-28 08:00:00,2017-05-02 08:00:00,18.001,17.415,16.998,16.441,22,ENTRY_A_B_BREAK,2017-05-12 00:00:00,5358,5311,16.34,2017-05-10 08:00:00,25,2017-05-12 00:00:00,5358,16.34,0,
SILVER,H4,Research_2015_2024,2017-05-07 20:00:00,2017-04-24 20:00:00,2017-04-28 08:00:00,2017-05-02 08:00:00,18.001,17.415,16.998,16.441,22,ENTRY_B_B_SUPPORT_REACCEL,2017-05-15 00:00:00,5365,5311,16.49,2017-05-12 08:00:00,25,2017-05-12 00:00:00,5358,16.34,7,2017-05-12 08:00:00
SILVER,H4,Research_2015_2024,2017-05-07 20:00:00,2017-04-24 20:00:00,2017-04-28 08:00:00,2017-05-02 08:00:00,18.001,17.415,16.998,16.441,22,ENTRY_C_A_AFTER_B,2017-05-22 08:00:00,5398,5311,16.998,2017-05-02 08:00:00,25,2017-05-12 00:00:00,5358,16.34,40,
SILVER,H4,Research_2015_2024,2017-06-02 12:00:00,2017-05-30 04:00:00,2017-05-31 16:00:00,2017-06-01 16:00:00,17.464,17.419,17.34,17.509,5,ENTRY_A_B_BREAK,2017-06-06 08:00:00,5466,5449,17.642,2017-06-05 12:00:00,12,2017-06-06 08:00:00,5466,17.642,0,
SILVER,H4,Research_2015_2024,2017-06-02 12:00:00,2017-05-30 04:00:00,2017-05-31 16:00:00,2017-06-01 16:00:00,17.464,17.419,17.34,17.509,5,ENTRY_C_A_AFTER_B,2017-06-06 08:00:00,5466,5449,17.34,2017-06-01 16:00:00,12,2017-06-06 08:00:00,5466,17.642,0,
SILVER,H4,Research_2015_2024,2017-06-21 20:00:00,2017-06-16 08:00:00,2017-06-20 08:00:00,2017-06-21 04:00:00,16.824,16.633,16.529,16.494,4,ENTRY_A_B_BREAK,2017-06-23 04:00:00,5545,5533,16.673,2017-06-22 04:00:00,8,2017-06-23 04:00:00,5545,16.673,0,
SILVER,H4,Research_2015_2024,2017-06-21 20:00:00,2017-06-16 08:00:00,2017-06-20 08:00:00,2017-06-21 04:00:00,16.824,16.633,16.529,16.494,4,ENTRY_C_A_AFTER_B,2017-06-23 04:00:00,5545,5533,16.529,2017-06-21 04:00:00,8,2017-06-23 04:00:00,5545,16.673,0,
SILVER,H4,Research_2015_2024,2017-07-06 16:00:00,2017-06-29 04:00:00,2017-07-05 00:00:00,2017-07-05 20:00:00,16.893,16.216,16.095,16.01,5,ENTRY_A_B_BREAK,2017-07-16 20:00:00,5643,5599,15.993,2017-07-07 12:00:00,39,2017-07-16 20:00:00,5643,15.993,0,
SILVER,H4,Research_2015_2024,2017-07-06 16:00:00,2017-06-29 04:00:00,2017-07-05 00:00:00,2017-07-05 20:00:00,16.893,16.216,16.095,16.01,5,ENTRY_B_B_SUPPORT_REACCEL,2017-07-17 08:00:00,5646,5599,16.086,2017-07-17 00:00:00,39,2017-07-16 20:00:00,5643,15.993,3,2017-07-17 00:00:00
SILVER,H4,Research_2015_2024,2017-07-06 16:00:00,2017-06-29 04:00:00,2017-07-05 00:00:00,2017-07-05 20:00:00,16.893,16.216,16.095,16.01,5,ENTRY_C_A_AFTER_B,2017-07-17 08:00:00,5646,5599,16.095,2017-07-05 20:00:00,39,2017-07-16 20:00:00,5643,15.993,3,
SILVER,H4,Research_2015_2024,2017-10-31 04:00:00,2017-10-16 12:00:00,2017-10-19 20:00:00,2017-10-24 00:00:00,17.453,17.279,17.137,16.858,32,ENTRY_A_B_BREAK,2017-10-31 04:00:00,6116,6084,16.852,2017-10-27 16:00:00,0,2017-10-31 04:00:00,6116,16.852,0,
SILVER,H4,Research_2015_2024,2017-10-31 04:00:00,2017-10-16 12:00:00,2017-10-19 20:00:00,2017-10-24 00:00:00,17.453,17.279,17.137,16.858,32,ENTRY_C_A_AFTER_B,2017-11-02 20:00:00,6132,6084,17.137,2017-10-24 00:00:00,0,2017-10-31 04:00:00,6116,16.852,16,
SILVER,H4,Research_2015_2024,2017-11-15 00:00:00,2017-11-09 08:00:00,2017-11-10 12:00:00,2017-11-13 16:00:00,17.132,17.09,17.062,17.035,8,ENTRY_A_B_BREAK,2017-11-17 16:00:00,6199,6175,17.192,2017-11-15 12:00:00,16,2017-11-17 16:00:00,6199,17.192,0,
SILVER,H4,Research_2015_2024,2017-11-15 00:00:00,2017-11-09 08:00:00,2017-11-10 12:00:00,2017-11-13 16:00:00,17.132,17.09,17.062,17.035,8,ENTRY_C_A_AFTER_B,2017-11-17 16:00:00,6199,6175,17.062,2017-11-13 16:00:00,16,2017-11-17 16:00:00,6199,17.192,0,
SILVER,H4,Research_2015_2024,2018-02-09 20:00:00,2018-02-06 00:00:00,2018-02-07 04:00:00,2018-02-08 16:00:00,16.978,16.768,16.466,16.315,7,ENTRY_A_B_BREAK,2018-02-14 12:00:00,6576,6552,16.676,2018-02-13 08:00:00,17,2018-02-14 12:00:00,6576,16.676,0,
SILVER,H4,Research_2015_2024,2018-02-09 20:00:00,2018-02-06 00:00:00,2018-02-07 04:00:00,2018-02-08 16:00:00,16.978,16.768,16.466,16.315,7,ENTRY_C_A_AFTER_B,2018-02-14 12:00:00,6576,6552,16.466,2018-02-08 16:00:00,17,2018-02-14 12:00:00,6576,16.676,0,
SILVER,H4,Research_2015_2024,2018-02-26 00:00:00,2018-02-21 16:00:00,2018-02-22 16:00:00,2018-02-23 12:00:00,16.76,16.678,16.631,16.687,4,ENTRY_A_B_BREAK,2018-03-05 00:00:00,6654,6619,16.541,2018-03-01 20:00:00,31,2018-03-05 00:00:00,6654,16.541,0,
SILVER,H4,Research_2015_2024,2018-02-26 00:00:00,2018-02-21 16:00:00,2018-02-22 16:00:00,2018-02-23 12:00:00,16.76,16.678,16.631,16.687,4,ENTRY_C_A_AFTER_B,2018-03-06 12:00:00,6663,6619,16.631,2018-02-23 12:00:00,31,2018-03-05 00:00:00,6654,16.541,9,
SILVER,H4,Research_2015_2024,2018-03-21 12:00:00,2018-03-14 04:00:00,2018-03-15 04:00:00,2018-03-16 08:00:00,16.649,16.569,16.492,16.459,20,ENTRY_A_B_BREAK,2018-03-26 12:00:00,6750,6711,16.641,2018-03-21 16:00:00,19,2018-03-26 12:00:00,6750,16.641,0,
SILVER,H4,Research_2015_2024,2018-03-21 12:00:00,2018-03-14 04:00:00,2018-03-15 04:00:00,2018-03-16 08:00:00,16.649,16.569,16.492,16.459,20,ENTRY_B_B_SUPPORT_REACCEL,2018-03-27 04:00:00,6754,6711,16.743,2018-03-26 16:00:00,19,2018-03-26 12:00:00,6750,16.641,4,2018-03-26 16:00:00
SILVER,H4,Research_2015_2024,2018-03-21 12:00:00,2018-03-14 04:00:00,2018-03-15 04:00:00,2018-03-16 08:00:00,16.649,16.569,16.492,16.459,20,ENTRY_C_A_AFTER_B,2018-03-26 12:00:00,6750,6711,16.492,2018-03-16 08:00:00,19,2018-03-26 12:00:00,6750,16.641,0,
SILVER,H4,Research_2015_2024,2018-04-09 12:00:00,2018-03-27 04:00:00,2018-04-02 16:00:00,2018-04-03 12:00:00,16.797,16.672,16.611,16.448,25,ENTRY_A_B_BREAK,2018-04-09 16:00:00,6807,6781,16.489,2018-04-06 12:00:00,1,2018-04-09 16:00:00,6807,16.489,0,
SILVER,H4,Research_2015_2024,2018-04-09 12:00:00,2018-03-27 04:00:00,2018-04-02 16:00:00,2018-04-03 12:00:00,16.797,16.672,16.611,16.448,25,ENTRY_C_A_AFTER_B,2018-04-11 12:00:00,6818,6781,16.611,2018-04-03 12:00:00,1,2018-04-09 16:00:00,6807,16.489,11,
SILVER,H4,Research_2015_2024,2018-05-09 12:00:00,2018-05-03 08:00:00,2018-05-07 00:00:00,2018-05-08 00:00:00,16.579,16.559,16.513,16.535,9,ENTRY_A_B_BREAK,2018-05-09 12:00:00,6942,6933,16.515,2018-05-08 16:00:00,0,2018-05-09 12:00:00,6942,16.515,0,
SILVER,H4,Research_2015_2024,2018-05-09 12:00:00,2018-05-03 08:00:00,2018-05-07 00:00:00,2018-05-08 00:00:00,16.579,16.559,16.513,16.535,9,ENTRY_B_B_SUPPORT_REACCEL,2018-05-10 12:00:00,6948,6933,16.633,2018-05-10 08:00:00,0,2018-05-09 12:00:00,6942,16.515,6,2018-05-10 08:00:00
SILVER,H4,Research_2015_2024,2018-05-09 12:00:00,2018-05-03 08:00:00,2018-05-07 00:00:00,2018-05-08 00:00:00,16.579,16.559,16.513,16.535,9,ENTRY_C_A_AFTER_B,2018-05-09 12:00:00,6942,6933,16.513,2018-05-08 00:00:00,0,2018-05-09 12:00:00,6942,16.515,0,
SILVER,H4,Research_2015_2024,2018-07-17 04:00:00,2018-07-09 08:00:00,2018-07-12 12:00:00,2018-07-16 04:00:00,16.204,15.986,15.868,15.838,6,ENTRY_A_B_BREAK,2018-07-25 08:00:00,7282,7238,15.551,2018-07-23 00:00:00,38,2018-07-25 08:00:00,7282,15.551,0,
SILVER,H4,Research_2015_2024,2018-08-17 16:00:00,2018-08-09 08:00:00,2018-08-14 12:00:00,2018-08-16 12:00:00,15.503,15.102,14.827,14.804,7,ENTRY_A_B_BREAK,2018-08-22 08:00:00,7406,7382,14.841,2018-08-20 08:00:00,17,2018-08-22 08:00:00,7406,14.841,0,
SILVER,H4,Research_2015_2024,2018-08-17 16:00:00,2018-08-09 08:00:00,2018-08-14 12:00:00,2018-08-16 12:00:00,15.503,15.102,14.827,14.804,7,ENTRY_C_A_AFTER_B,2018-08-22 08:00:00,7406,7382,14.827,2018-08-16 12:00:00,17,2018-08-22 08:00:00,7406,14.841,0,
SILVER,H4,Research_2015_2024,2018-09-10 04:00:00,2018-09-03 08:00:00,2018-09-06 08:00:00,2018-09-07 12:00:00,14.543,14.297,14.247,14.21,5,ENTRY_A_B_BREAK,2018-09-20 00:00:00,7534,7481,14.272,2018-09-12 12:00:00,48,2018-09-20 00:00:00,7534,14.272,0,
SILVER,H4,Research_2015_2024,2018-09-10 04:00:00,2018-09-03 08:00:00,2018-09-06 08:00:00,2018-09-07 12:00:00,14.543,14.297,14.247,14.21,5,ENTRY_C_A_AFTER_B,2018-09-20 00:00:00,7534,7481,14.247,2018-09-07 12:00:00,48,2018-09-20 00:00:00,7534,14.272,0,
SILVER,H4,Research_2015_2024,2018-09-28 12:00:00,2018-09-25 12:00:00,2018-09-26 04:00:00,2018-09-27 00:00:00,14.549,14.503,14.451,14.656,9,ENTRY_A_B_BREAK,2018-10-02 12:00:00,7587,7565,14.71,2018-09-28 16:00:00,13,2018-10-02 12:00:00,7587,14.71,0,
SILVER,H4,Research_2015_2024,2018-09-28 12:00:00,2018-09-25 12:00:00,2018-09-26 04:00:00,2018-09-27 00:00:00,14.549,14.503,14.451,14.656,9,ENTRY_B_B_SUPPORT_REACCEL,2018-10-03 00:00:00,7590,7565,14.737,2018-10-02 20:00:00,13,2018-10-02 12:00:00,7587,14.71,3,2018-10-02 20:00:00
SILVER,H4,Research_2015_2024,2018-09-28 12:00:00,2018-09-25 12:00:00,2018-09-26 04:00:00,2018-09-27 00:00:00,14.549,14.503,14.451,14.656,9,ENTRY_C_A_AFTER_B,2018-10-02 12:00:00,7587,7565,14.451,2018-09-27 00:00:00,13,2018-10-02 12:00:00,7587,14.71,0,
SILVER,H4,Research_2015_2024,2018-10-11 12:00:00,2018-10-02 12:00:00,2018-10-04 12:00:00,2018-10-05 12:00:00,14.901,14.759,14.709,14.572,25,ENTRY_A_B_BREAK,2018-10-15 00:00:00,7640,7605,14.616,2018-10-11 16:00:00,10,2018-10-15 00:00:00,7640,14.616,0,
SILVER,H4,Research_2015_2024,2018-10-11 12:00:00,2018-10-02 12:00:00,2018-10-04 12:00:00,2018-10-05 12:00:00,14.901,14.759,14.709,14.572,25,ENTRY_C_A_AFTER_B,2018-10-16 08:00:00,7648,7605,14.709,2018-10-05 12:00:00,10,2018-10-15 00:00:00,7640,14.616,8,
SILVER,H4,Research_2015_2024,2019-01-25 12:00:00,2019-01-04 00:00:00,2019-01-07 12:00:00,2019-01-09 12:00:00,15.862,15.808,15.766,15.642,74,ENTRY_A_B_BREAK,2019-01-25 12:00:00,8085,8011,15.426,2019-01-23 08:00:00,0,2019-01-25 12:00:00,8085,15.426,0,
SILVER,H4,Research_2015_2024,2019-01-25 12:00:00,2019-01-04 00:00:00,2019-01-07 12:00:00,2019-01-09 12:00:00,15.862,15.808,15.766,15.642,74,ENTRY_C_A_AFTER_B,2019-01-28 00:00:00,8089,8011,15.766,2019-01-09 12:00:00,0,2019-01-25 12:00:00,8085,15.426,4,
SILVER,H4,Research_2015_2024,2019-02-15 16:00:00,2019-02-05 04:00:00,2019-02-08 12:00:00,2019-02-12 08:00:00,15.918,15.857,15.821,15.769,20,ENTRY_A_B_BREAK,2019-02-19 12:00:00,8191,8159,15.849,2019-02-18 12:00:00,12,2019-02-19 12:00:00,8191,15.849,0,
SILVER,H4,Research_2015_2024,2019-02-15 16:00:00,2019-02-05 04:00:00,2019-02-08 12:00:00,2019-02-12 08:00:00,15.918,15.857,15.821,15.769,20,ENTRY_C_A_AFTER_B,2019-02-19 12:00:00,8191,8159,15.821,2019-02-12 08:00:00,12,2019-02-19 12:00:00,8191,15.849,0,
SILVER,H4,Research_2015_2024,2019-04-01 00:00:00,2019-03-25 16:00:00,2019-03-28 04:00:00,2019-03-29 12:00:00,15.575,15.327,15.196,15.157,4,ENTRY_A_B_BREAK,2019-04-08 12:00:00,8402,8364,15.202,2019-04-05 12:00:00,34,2019-04-08 12:00:00,8402,15.202,0,
SILVER,H4,Research_2015_2024,2019-04-01 00:00:00,2019-03-25 16:00:00,2019-03-28 04:00:00,2019-03-29 12:00:00,15.575,15.327,15.196,15.157,4,ENTRY_B_B_SUPPORT_REACCEL,2019-04-09 00:00:00,8405,8364,15.252,2019-04-08 16:00:00,34,2019-04-08 12:00:00,8402,15.202,3,2019-04-08 16:00:00
SILVER,H4,Research_2015_2024,2019-04-01 00:00:00,2019-03-25 16:00:00,2019-03-28 04:00:00,2019-03-29 12:00:00,15.575,15.327,15.196,15.157,4,ENTRY_C_A_AFTER_B,2019-04-08 12:00:00,8402,8364,15.196,2019-03-29 12:00:00,34,2019-04-08 12:00:00,8402,15.202,0,
SILVER,H4,Research_2015_2024,2019-07-29 16:00:00,2019-07-25 12:00:00,2019-07-26 12:00:00,2019-07-29 00:00:00,16.639,16.51,16.46,16.444,4,ENTRY_A_B_BREAK,2019-08-05 00:00:00,8919,8888,16.375,2019-08-01 16:00:00,27,2019-08-05 00:00:00,8919,16.375,0,
SILVER,H4,Research_2015_2024,2019-07-29 16:00:00,2019-07-25 12:00:00,2019-07-26 12:00:00,2019-07-29 00:00:00,16.639,16.51,16.46,16.444,4,ENTRY_B_B_SUPPORT_REACCEL,2019-08-07 00:00:00,8931,8888,16.536,2019-08-05 08:00:00,27,2019-08-05 00:00:00,8919,16.375,12,2019-08-05 08:00:00
SILVER,H4,Research_2015_2024,2019-07-29 16:00:00,2019-07-25 12:00:00,2019-07-26 12:00:00,2019-07-29 00:00:00,16.639,16.51,16.46,16.444,4,ENTRY_C_A_AFTER_B,2019-08-05 04:00:00,8920,8888,16.46,2019-07-29 00:00:00,27,2019-08-05 00:00:00,8919,16.375,1,
SILVER,H4,Research_2015_2024,2019-08-21 12:00:00,2019-08-13 08:00:00,2019-08-15 00:00:00,2019-08-16 00:00:00,17.5,17.382,17.325,17.109,22,ENTRY_A_B_BREAK,2019-08-23 12:00:00,9008,8974,17.182,2019-08-20 16:00:00,12,2019-08-23 12:00:00,9008,17.182,0,
SILVER,H4,Research_2015_2024,2019-08-21 12:00:00,2019-08-13 08:00:00,2019-08-15 00:00:00,2019-08-16 00:00:00,17.5,17.382,17.325,17.109,22,ENTRY_C_A_AFTER_B,2019-08-23 12:00:00,9008,8974,17.325,2019-08-16 00:00:00,12,2019-08-23 12:00:00,9008,17.182,0,
SILVER,H4,Research_2015_2024,2019-10-08 08:00:00,2019-09-26 12:00:00,2019-10-03 12:00:00,2019-10-04 12:00:00,18.042,17.784,17.65,17.559,12,ENTRY_A_B_BREAK,2019-10-09 04:00:00,9211,9194,17.799,2019-10-08 12:00:00,5,2019-10-09 04:00:00,9211,17.799,0,
SILVER,H4,Research_2015_2024,2019-10-08 08:00:00,2019-09-26 12:00:00,2019-10-03 12:00:00,2019-10-04 12:00:00,18.042,17.784,17.65,17.559,12,ENTRY_C_A_AFTER_B,2019-10-09 04:00:00,9211,9194,17.65,2019-10-04 12:00:00,5,2019-10-09 04:00:00,9211,17.799,0,
SILVER,H4,Research_2015_2024,2019-10-21 04:00:00,2019-10-15 00:00:00,2019-10-17 16:00:00,2019-10-18 12:00:00,17.726,17.634,17.593,17.66,5,ENTRY_A_B_BREAK,2019-10-24 12:00:00,9281,9256,17.612,2019-10-23 12:00:00,20,2019-10-24 12:00:00,9281,17.612,0,
SILVER,H4,Research_2015_2024,2019-10-21 04:00:00,2019-10-15 00:00:00,2019-10-17 16:00:00,2019-10-18 12:00:00,17.726,17.634,17.593,17.66,5,ENTRY_B_B_SUPPORT_REACCEL,2019-10-30 08:00:00,9305,9256,17.891,2019-10-29 12:00:00,20,2019-10-24 12:00:00,9281,17.612,24,2019-10-29 12:00:00
SILVER,H4,Research_2015_2024,2019-10-21 04:00:00,2019-10-15 00:00:00,2019-10-17 16:00:00,2019-10-18 12:00:00,17.726,17.634,17.593,17.66,5,ENTRY_C_A_AFTER_B,2019-10-24 12:00:00,9281,9256,17.593,2019-10-18 12:00:00,20,2019-10-24 12:00:00,9281,17.612,0,
SILVER,H4,Research_2015_2024,2020-04-29 08:00:00,2020-04-23 12:00:00,2020-04-24 12:00:00,2020-04-27 04:00:00,15.429,15.38,15.319,15.227,13,ENTRY_A_B_BREAK,2020-05-06 04:00:00,10119,10076,15.033,2020-05-01 16:00:00,30,2020-05-06 04:00:00,10119,15.033,0,
SILVER,H4,Research_2015_2024,2020-04-29 08:00:00,2020-04-23 12:00:00,2020-04-24 12:00:00,2020-04-27 04:00:00,15.429,15.38,15.319,15.227,13,ENTRY_C_A_AFTER_B,2020-05-08 00:00:00,10130,10076,15.319,2020-04-27 04:00:00,30,2020-05-06 04:00:00,10119,15.033,11,
SILVER,H4,Research_2015_2024,2020-08-26 12:00:00,2020-08-18 12:00:00,2020-08-21 00:00:00,2020-08-24 12:00:00,28.454,27.53,27.222,26.99,12,ENTRY_A_B_BREAK,2020-08-31 00:00:00,10632,10604,27.911,2020-08-27 12:00:00,16,2020-08-31 00:00:00,10632,27.911,0,
SILVER,H4,Research_2015_2024,2020-08-26 12:00:00,2020-08-18 12:00:00,2020-08-21 00:00:00,2020-08-24 12:00:00,28.454,27.53,27.222,26.99,12,ENTRY_B_B_SUPPORT_REACCEL,2020-09-01 00:00:00,10638,10604,28.351,2020-08-31 12:00:00,16,2020-08-31 00:00:00,10632,27.911,6,2020-08-31 12:00:00
SILVER,H4,Research_2015_2024,2020-08-26 12:00:00,2020-08-18 12:00:00,2020-08-21 00:00:00,2020-08-24 12:00:00,28.454,27.53,27.222,26.99,12,ENTRY_C_A_AFTER_B,2020-08-31 00:00:00,10632,10604,27.222,2020-08-24 12:00:00,16,2020-08-31 00:00:00,10632,27.911,0,
SILVER,H4,Research_2015_2024,2020-12-01 12:00:00,2020-11-16 00:00:00,2020-11-18 12:00:00,2020-11-20 12:00:00,25.062,24.696,24.516,23.683,43,ENTRY_A_B_BREAK,2020-12-02 08:00:00,11048,11000,24.043,2020-12-01 16:00:00,5,2020-12-02 08:00:00,11048,24.043,0,
SILVER,H4,Research_2015_2024,2020-12-01 12:00:00,2020-11-16 00:00:00,2020-11-18 12:00:00,2020-11-20 12:00:00,25.062,24.696,24.516,23.683,43,ENTRY_B_B_SUPPORT_REACCEL,2020-12-03 04:00:00,11053,11000,24.102,2020-12-02 20:00:00,5,2020-12-02 08:00:00,11048,24.043,5,2020-12-02 20:00:00
SILVER,H4,Research_2015_2024,2020-12-01 12:00:00,2020-11-16 00:00:00,2020-11-18 12:00:00,2020-11-20 12:00:00,25.062,24.696,24.516,23.683,43,ENTRY_C_A_AFTER_B,2020-12-07 12:00:00,11068,11000,24.516,2020-11-20 12:00:00,5,2020-12-02 08:00:00,11048,24.043,20,
SILVER,H4,Research_2015_2024,2020-12-14 12:00:00,2020-12-08 12:00:00,2020-12-10 12:00:00,2020-12-11 12:00:00,24.857,24.276,24.109,23.975,7,ENTRY_A_B_BREAK,2020-12-15 12:00:00,11105,11092,24.227,2020-12-14 12:00:00,6,2020-12-15 12:00:00,11105,24.227,0,
SILVER,H4,Research_2015_2024,2020-12-14 12:00:00,2020-12-08 12:00:00,2020-12-10 12:00:00,2020-12-11 12:00:00,24.857,24.276,24.109,23.975,7,ENTRY_C_A_AFTER_B,2020-12-15 12:00:00,11105,11092,24.109,2020-12-11 12:00:00,6,2020-12-15 12:00:00,11105,24.227,0,
SILVER,H4,Research_2015_2024,2021-01-28 12:00:00,2021-01-21 20:00:00,2021-01-25 08:00:00,2021-01-26 12:00:00,26.032,25.757,25.642,26.342,12,ENTRY_A_B_BREAK,2021-01-29 08:00:00,11291,11274,26.962,2021-01-28 12:00:00,5,2021-01-29 08:00:00,11291,26.962,0,
SILVER,H4,Research_2015_2024,2021-01-28 12:00:00,2021-01-21 20:00:00,2021-01-25 08:00:00,2021-01-26 12:00:00,26.032,25.757,25.642,26.342,12,ENTRY_B_B_SUPPORT_REACCEL,2021-01-31 20:00:00,11295,11274,27.644,2021-01-29 12:00:00,5,2021-01-29 08:00:00,11291,26.962,4,2021-01-29 12:00:00
SILVER,H4,Research_2015_2024,2021-01-28 12:00:00,2021-01-21 20:00:00,2021-01-25 08:00:00,2021-01-26 12:00:00,26.032,25.757,25.642,26.342,12,ENTRY_C_A_AFTER_B,2021-01-29 08:00:00,11291,11274,25.642,2021-01-26 12:00:00,5,2021-01-29 08:00:00,11291,26.962,0,
SILVER,H4,Research_2015_2024,2021-02-12 08:00:00,2021-02-09 08:00:00,2021-02-10 12:00:00,2021-02-11 08:00:00,27.797,27.525,27.281,27.088,6,ENTRY_A_B_BREAK,2021-02-22 12:00:00,11392,11347,27.599,2021-02-19 12:00:00,39,2021-02-22 12:00:00,11392,27.599,0,
SILVER,H4,Research_2015_2024,2021-02-12 08:00:00,2021-02-09 08:00:00,2021-02-10 12:00:00,2021-02-11 08:00:00,27.797,27.525,27.281,27.088,6,ENTRY_C_A_AFTER_B,2021-02-22 12:00:00,11392,11347,27.281,2021-02-11 08:00:00,39,2021-02-22 12:00:00,11392,27.599,0,
SILVER,H4,Research_2015_2024,2021-03-09 08:00:00,2021-03-02 16:00:00,2021-03-04 16:00:00,2021-03-08 00:00:00,26.894,26.291,25.915,25.739,8,ENTRY_A_B_BREAK,2021-03-10 16:00:00,11467,11451,26.124,2021-03-09 16:00:00,8,2021-03-10 16:00:00,11467,26.124,0,
SILVER,H4,Research_2015_2024,2021-03-09 08:00:00,2021-03-02 16:00:00,2021-03-04 16:00:00,2021-03-08 00:00:00,26.894,26.291,25.915,25.739,8,ENTRY_B_B_SUPPORT_REACCEL,2021-03-11 04:00:00,11470,11451,26.297,2021-03-10 20:00:00,8,2021-03-10 16:00:00,11467,26.124,3,2021-03-10 20:00:00
SILVER,H4,Research_2015_2024,2021-03-09 08:00:00,2021-03-02 16:00:00,2021-03-04 16:00:00,2021-03-08 00:00:00,26.894,26.291,25.915,25.739,8,ENTRY_C_A_AFTER_B,2021-03-10 16:00:00,11467,11451,25.915,2021-03-08 00:00:00,8,2021-03-10 16:00:00,11467,26.124,0,
SILVER,H4,Research_2015_2024,2021-03-25 20:00:00,2021-03-18 04:00:00,2021-03-19 12:00:00,2021-03-23 00:00:00,26.625,26.312,25.82,25.088,17,ENTRY_A_B_BREAK,2021-04-01 12:00:00,11565,11519,24.518,2021-03-31 16:00:00,29,2021-04-01 12:00:00,11565,24.518,0,
SILVER,H4,Research_2015_2024,2021-03-25 20:00:00,2021-03-18 04:00:00,2021-03-19 12:00:00,2021-03-23 00:00:00,26.625,26.312,25.82,25.088,17,ENTRY_B_B_SUPPORT_REACCEL,2021-04-06 12:00:00,11578,11519,25.189,2021-04-05 04:00:00,29,2021-04-01 12:00:00,11565,24.518,13,2021-04-05 04:00:00
SILVER,H4,Research_2015_2024,2021-05-24 00:00:00,2021-05-18 00:00:00,2021-05-19 12:00:00,2021-05-20 16:00:00,28.735,28.228,27.996,27.62,9,ENTRY_A_B_BREAK,2021-05-25 16:00:00,11796,11777,27.895,2021-05-24 12:00:00,10,2021-05-25 16:00:00,11796,27.895,0,
SILVER,H4,Research_2015_2024,2021-05-24 00:00:00,2021-05-18 00:00:00,2021-05-19 12:00:00,2021-05-20 16:00:00,28.735,28.228,27.996,27.62,9,ENTRY_B_B_SUPPORT_REACCEL,2021-05-26 00:00:00,11798,11777,28.007,2021-05-25 20:00:00,10,2021-05-25 16:00:00,11796,27.895,2,2021-05-25 20:00:00
SILVER,H4,Research_2015_2024,2021-05-24 00:00:00,2021-05-18 00:00:00,2021-05-19 12:00:00,2021-05-20 16:00:00,28.735,28.228,27.996,27.62,9,ENTRY_C_A_AFTER_B,2021-05-26 00:00:00,11798,11777,27.996,2021-05-20 16:00:00,10,2021-05-25 16:00:00,11796,27.895,2,
SILVER,H4,Research_2015_2024,2021-06-07 08:00:00,2021-06-01 12:00:00,2021-06-03 00:00:00,2021-06-04 12:00:00,28.547,28.224,27.841,27.633,6,ENTRY_A_B_BREAK,2021-06-10 16:00:00,11870,11844,27.967,2021-06-08 00:00:00,20,2021-06-10 16:00:00,11870,27.967,0,
SILVER,H4,Research_2015_2024,2021-06-07 08:00:00,2021-06-01 12:00:00,2021-06-03 00:00:00,2021-06-04 12:00:00,28.547,28.224,27.841,27.633,6,ENTRY_B_B_SUPPORT_REACCEL,2021-06-11 00:00:00,11872,11844,28.012,2021-06-10 20:00:00,20,2021-06-10 16:00:00,11870,27.967,2,2021-06-10 20:00:00
SILVER,H4,Research_2015_2024,2021-06-07 08:00:00,2021-06-01 12:00:00,2021-06-03 00:00:00,2021-06-04 12:00:00,28.547,28.224,27.841,27.633,6,ENTRY_C_A_AFTER_B,2021-06-10 16:00:00,11870,11844,27.841,2021-06-04 12:00:00,20,2021-06-10 16:00:00,11870,27.967,0,
SILVER,H4,Research_2015_2024,2021-07-09 08:00:00,2021-07-06 12:00:00,2021-07-07 12:00:00,2021-07-08 08:00:00,26.765,26.429,26.205,25.984,6,ENTRY_A_B_BREAK,2021-07-12 20:00:00,12008,11992,26.201,2021-07-09 12:00:00,10,2021-07-12 20:00:00,12008,26.201,0,
SILVER,H4,Research_2015_2024,2021-07-09 08:00:00,2021-07-06 12:00:00,2021-07-07 12:00:00,2021-07-08 08:00:00,26.765,26.429,26.205,25.984,6,ENTRY_C_A_AFTER_B,2021-07-12 20:00:00,12008,11992,26.205,2021-07-08 08:00:00,10,2021-07-12 20:00:00,12008,26.201,0,
SILVER,H4,Research_2015_2024,2021-08-10 20:00:00,2021-08-04 12:00:00,2021-08-05 08:00:00,2021-08-10 04:00:00,25.996,25.501,23.665,23.314,4,ENTRY_A_B_BREAK,2021-08-16 16:00:00,12162,12134,23.824,2021-08-13 16:00:00,24,2021-08-16 16:00:00,12162,23.824,0,
SILVER,H4,Research_2015_2024,2021-08-10 20:00:00,2021-08-04 12:00:00,2021-08-05 08:00:00,2021-08-10 04:00:00,25.996,25.501,23.665,23.314,4,ENTRY_C_A_AFTER_B,2021-08-16 16:00:00,12162,12134,23.665,2021-08-10 04:00:00,24,2021-08-16 16:00:00,12162,23.824,0,
SILVER,H4,Research_2015_2024,2021-08-23 00:00:00,2021-08-18 04:00:00,2021-08-19 12:00:00,2021-08-20 04:00:00,23.818,23.508,23.316,23.198,6,ENTRY_A_B_BREAK,2021-08-24 08:00:00,12197,12183,23.686,2021-08-23 16:00:00,8,2021-08-24 08:00:00,12197,23.686,0,
SILVER,H4,Research_2015_2024,2021-08-23 00:00:00,2021-08-18 04:00:00,2021-08-19 12:00:00,2021-08-20 04:00:00,23.818,23.508,23.316,23.198,6,ENTRY_C_A_AFTER_B,2021-08-24 08:00:00,12197,12183,23.316,2021-08-20 04:00:00,8,2021-08-24 08:00:00,12197,23.686,0,
SILVER,H4,Research_2015_2024,2021-10-06 16:00:00,2021-10-03 20:00:00,2021-10-04 16:00:00,2021-10-05 16:00:00,22.77,22.696,22.651,22.635,6,ENTRY_A_B_BREAK,2021-10-13 08:00:00,12420,12385,22.8,2021-10-07 08:00:00,29,2021-10-13 08:00:00,12420,22.8,0,
SILVER,H4,Research_2015_2024,2021-10-06 16:00:00,2021-10-03 20:00:00,2021-10-04 16:00:00,2021-10-05 16:00:00,22.77,22.696,22.651,22.635,6,ENTRY_C_A_AFTER_B,2021-10-13 08:00:00,12420,12385,22.651,2021-10-05 16:00:00,29,2021-10-13 08:00:00,12420,22.8,0,
SILVER,H4,Research_2015_2024,2021-10-28 12:00:00,2021-10-22 12:00:00,2021-10-25 12:00:00,2021-10-27 12:00:00,24.817,24.612,24.246,24.076,6,ENTRY_A_B_BREAK,2021-11-05 16:00:00,12527,12483,24.035,2021-11-04 12:00:00,38,2021-11-05 16:00:00,12527,24.035,0,
SILVER,H4,Research_2015_2024,2021-10-28 12:00:00,2021-10-22 12:00:00,2021-10-25 12:00:00,2021-10-27 12:00:00,24.817,24.612,24.246,24.076,6,ENTRY_B_B_SUPPORT_REACCEL,2021-11-08 12:00:00,12533,12483,24.303,2021-11-08 00:00:00,38,2021-11-05 16:00:00,12527,24.035,6,2021-11-08 00:00:00
SILVER,H4,Research_2015_2024,2021-10-28 12:00:00,2021-10-22 12:00:00,2021-10-25 12:00:00,2021-10-27 12:00:00,24.817,24.612,24.246,24.076,6,ENTRY_C_A_AFTER_B,2021-11-08 12:00:00,12533,12483,24.246,2021-10-27 12:00:00,38,2021-11-05 16:00:00,12527,24.035,6,
SILVER,H4,Research_2015_2024,2021-12-16 04:00:00,2021-11-16 12:00:00,2021-11-17 12:00:00,2021-11-18 04:00:00,25.395,25.199,25.149,22.157,123,ENTRY_A_B_BREAK,2021-12-21 08:00:00,12723,12580,22.67,2021-12-17 12:00:00,20,2021-12-21 08:00:00,12723,22.67,0,
SILVER,H4,Research_2015_2024,2022-03-01 04:00:00,2022-02-24 08:00:00,2022-02-27 20:00:00,2022-02-28 12:00:00,25.611,24.764,24.575,24.446,4,ENTRY_A_B_BREAK,2022-03-04 16:00:00,13043,13018,25.469,2022-03-03 12:00:00,21,2022-03-04 16:00:00,13043,25.469,0,
SILVER,H4,Research_2015_2024,2022-03-01 04:00:00,2022-02-24 08:00:00,2022-02-27 20:00:00,2022-02-28 12:00:00,25.611,24.764,24.575,24.446,4,ENTRY_B_B_SUPPORT_REACCEL,2022-03-06 20:00:00,13045,13018,25.727,2022-03-04 20:00:00,21,2022-03-04 16:00:00,13043,25.469,2,2022-03-04 20:00:00
SILVER,H4,Research_2015_2024,2022-03-01 04:00:00,2022-02-24 08:00:00,2022-02-27 20:00:00,2022-02-28 12:00:00,25.611,24.764,24.575,24.446,4,ENTRY_C_A_AFTER_B,2022-03-04 16:00:00,13043,13018,24.575,2022-02-28 12:00:00,21,2022-03-04 16:00:00,13043,25.469,0,
SILVER,H4,Research_2015_2024,2022-05-05 00:00:00,2022-04-26 00:00:00,2022-04-27 12:00:00,2022-04-29 04:00:00,23.918,23.688,23.552,23.131,24,ENTRY_A_B_BREAK,2022-05-05 00:00:00,13306,13282,22.831,2022-05-03 12:00:00,0,2022-05-05 00:00:00,13306,22.831,0,
SILVER,H4,Research_2015_2024,2022-07-12 12:00:00,2022-06-27 08:00:00,2022-06-28 04:00:00,2022-06-29 12:00:00,21.528,21.354,21.05,19.085,56,ENTRY_A_B_BREAK,2022-07-18 00:00:00,13629,13551,18.769,2022-07-15 12:00:00,22,2022-07-18 00:00:00,13629,18.769,0,
SILVER,H4,Research_2015_2024,2022-07-26 20:00:00,2022-07-20 12:00:00,2022-07-22 12:00:00,2022-07-25 08:00:00,19.089,18.942,18.776,18.66,9,ENTRY_A_B_BREAK,2022-07-27 08:00:00,13674,13662,18.718,2022-07-26 12:00:00,3,2022-07-27 08:00:00,13674,18.718,0,
SILVER,H4,Research_2015_2024,2022-07-26 20:00:00,2022-07-20 12:00:00,2022-07-22 12:00:00,2022-07-25 08:00:00,19.089,18.942,18.776,18.66,9,ENTRY_C_A_AFTER_B,2022-07-27 16:00:00,13676,13662,18.776,2022-07-25 08:00:00,3,2022-07-27 08:00:00,13674,18.718,2,
SILVER,H4,Research_2015_2024,2022-08-23 12:00:00,2022-08-15 00:00:00,2022-08-17 04:00:00,2022-08-18 12:00:00,20.863,20.265,19.929,19.153,19,ENTRY_A_B_BREAK,2022-08-25 04:00:00,13803,13774,19.269,2022-08-23 12:00:00,10,2022-08-25 04:00:00,13803,19.269,0,
SILVER,H4,Research_2015_2024,2022-09-06 00:00:00,2022-08-31 04:00:00,2022-09-02 12:00:00,2022-09-05 08:00:00,18.529,18.279,18.242,18.276,4,ENTRY_A_B_BREAK,2022-09-09 00:00:00,13870,13848,18.73,2022-09-08 08:00:00,18,2022-09-09 00:00:00,13870,18.73,0,
SILVER,H4,Research_2015_2024,2022-09-06 00:00:00,2022-08-31 04:00:00,2022-09-02 12:00:00,2022-09-05 08:00:00,18.529,18.279,18.242,18.276,4,ENTRY_B_B_SUPPORT_REACCEL,2022-09-12 04:00:00,13878,13848,18.998,2022-09-09 04:00:00,18,2022-09-09 00:00:00,13870,18.73,8,2022-09-09 04:00:00
SILVER,H4,Research_2015_2024,2022-09-06 00:00:00,2022-08-31 04:00:00,2022-09-02 12:00:00,2022-09-05 08:00:00,18.529,18.279,18.242,18.276,4,ENTRY_C_A_AFTER_B,2022-09-09 00:00:00,13870,13848,18.242,2022-09-05 08:00:00,18,2022-09-09 00:00:00,13870,18.73,0,
SILVER,H4,Research_2015_2024,2022-10-18 00:00:00,2022-10-11 16:00:00,2022-10-13 08:00:00,2022-10-14 04:00:00,19.618,19.304,19.068,18.749,12,ENTRY_A_B_BREAK,2022-10-21 12:00:00,14059,14026,18.932,2022-10-17 12:00:00,21,2022-10-21 12:00:00,14059,18.932,0,
SILVER,H4,Research_2015_2024,2022-10-18 00:00:00,2022-10-11 16:00:00,2022-10-13 08:00:00,2022-10-14 04:00:00,19.618,19.304,19.068,18.749,12,ENTRY_B_B_SUPPORT_REACCEL,2022-10-21 20:00:00,14061,14026,19.297,2022-10-21 16:00:00,21,2022-10-21 12:00:00,14059,18.932,2,2022-10-21 16:00:00
SILVER,H4,Research_2015_2024,2022-10-18 00:00:00,2022-10-11 16:00:00,2022-10-13 08:00:00,2022-10-14 04:00:00,19.618,19.304,19.068,18.749,12,ENTRY_C_A_AFTER_B,2022-10-21 12:00:00,14059,14026,19.068,2022-10-14 04:00:00,21,2022-10-21 12:00:00,14059,18.932,0,
SILVER,H4,Research_2015_2024,2023-01-11 04:00:00,2023-01-03 08:00:00,2023-01-04 08:00:00,2023-01-09 04:00:00,24.541,24.45,24.093,23.901,12,ENTRY_A_B_BREAK,2023-01-11 04:00:00,14404,14392,23.76,2023-01-10 12:00:00,0,2023-01-11 04:00:00,14404,23.76,0,
SILVER,H4,Research_2015_2024,2023-01-11 04:00:00,2023-01-03 08:00:00,2023-01-04 08:00:00,2023-01-09 04:00:00,24.541,24.45,24.093,23.901,12,ENTRY_C_A_AFTER_B,2023-01-13 12:00:00,14418,14392,24.093,2023-01-09 04:00:00,0,2023-01-11 04:00:00,14404,23.76,14,
SILVER,H4,Research_2015_2024,2023-07-10 04:00:00,2023-07-05 12:00:00,2023-07-06 04:00:00,2023-07-07 12:00:00,23.301,23.247,23.144,23.091,5,ENTRY_A_B_BREAK,2023-07-12 12:00:00,15206,15187,23.377,2023-07-11 04:00:00,14,2023-07-12 12:00:00,15206,23.377,0,
SILVER,H4,Research_2015_2024,2023-07-10 04:00:00,2023-07-05 12:00:00,2023-07-06 04:00:00,2023-07-07 12:00:00,23.301,23.247,23.144,23.091,5,ENTRY_C_A_AFTER_B,2023-07-12 12:00:00,15206,15187,23.144,2023-07-07 12:00:00,14,2023-07-12 12:00:00,15206,23.377,0,
SILVER,H4,Research_2015_2024,2023-07-25 00:00:00,2023-07-20 00:00:00,2023-07-21 12:00:00,2023-07-24 00:00:00,25.258,24.91,24.719,24.524,6,ENTRY_A_B_BREAK,2023-07-26 12:00:00,15268,15253,24.713,2023-07-25 12:00:00,9,2023-07-26 12:00:00,15268,24.713,0,
SILVER,H4,Research_2015_2024,2023-07-25 00:00:00,2023-07-20 00:00:00,2023-07-21 12:00:00,2023-07-24 00:00:00,25.258,24.91,24.719,24.524,6,ENTRY_B_B_SUPPORT_REACCEL,2023-07-27 00:00:00,15271,15253,25.029,2023-07-26 16:00:00,9,2023-07-26 12:00:00,15268,24.713,3,2023-07-26 16:00:00
SILVER,H4,Research_2015_2024,2023-07-25 00:00:00,2023-07-20 00:00:00,2023-07-21 12:00:00,2023-07-24 00:00:00,25.258,24.91,24.719,24.524,6,ENTRY_C_A_AFTER_B,2023-07-26 12:00:00,15268,15253,24.719,2023-07-24 00:00:00,9,2023-07-26 12:00:00,15268,24.713,0,
SILVER,H4,Research_2015_2024,2023-08-09 20:00:00,2023-08-02 08:00:00,2023-08-04 12:00:00,2023-08-08 04:00:00,24.481,23.786,23.179,22.684,10,ENTRY_A_B_BREAK,2023-08-18 00:00:00,15370,15322,22.78,2023-08-16 08:00:00,38,2023-08-18 00:00:00,15370,22.78,0,
SILVER,H4,Research_2015_2024,2023-08-09 20:00:00,2023-08-02 08:00:00,2023-08-04 12:00:00,2023-08-08 04:00:00,24.481,23.786,23.179,22.684,10,ENTRY_B_B_SUPPORT_REACCEL,2023-08-21 08:00:00,15379,15322,22.874,2023-08-18 08:00:00,38,2023-08-18 00:00:00,15370,22.78,9,2023-08-18 08:00:00
SILVER,H4,Research_2015_2024,2023-08-09 20:00:00,2023-08-02 08:00:00,2023-08-04 12:00:00,2023-08-08 04:00:00,24.481,23.786,23.179,22.684,10,ENTRY_C_A_AFTER_B,2023-08-21 16:00:00,15381,15322,23.179,2023-08-08 04:00:00,38,2023-08-18 00:00:00,15370,22.78,11,
SILVER,H4,Research_2015_2024,2023-11-24 08:00:00,2023-11-21 12:00:00,2023-11-22 08:00:00,2023-11-23 04:00:00,24.009,23.938,23.783,23.694,7,ENTRY_A_B_BREAK,2023-11-28 16:00:00,15820,15799,24.87,2023-11-27 12:00:00,14,2023-11-28 16:00:00,15820,24.87,0,
SILVER,H4,Research_2015_2024,2023-11-24 08:00:00,2023-11-21 12:00:00,2023-11-22 08:00:00,2023-11-23 04:00:00,24.009,23.938,23.783,23.694,7,ENTRY_B_B_SUPPORT_REACCEL,2023-11-30 20:00:00,15833,15799,25.261,2023-11-28 20:00:00,14,2023-11-28 16:00:00,15820,24.87,13,2023-11-28 20:00:00
SILVER,H4,Research_2015_2024,2023-11-24 08:00:00,2023-11-21 12:00:00,2023-11-22 08:00:00,2023-11-23 04:00:00,24.009,23.938,23.783,23.694,7,ENTRY_C_A_AFTER_B,2023-11-28 16:00:00,15820,15799,23.783,2023-11-23 04:00:00,14,2023-11-28 16:00:00,15820,24.87,0,
SILVER,H4,Research_2015_2024,2023-12-13 16:00:00,2023-12-06 04:00:00,2023-12-07 08:00:00,2023-12-12 12:00:00,24.351,24.018,23.145,23.474,7,ENTRY_A_B_BREAK,2023-12-20 12:00:00,15918,15881,24.209,2023-12-14 16:00:00,30,2023-12-20 12:00:00,15918,24.209,0,
SILVER,H4,Research_2015_2024,2023-12-13 16:00:00,2023-12-06 04:00:00,2023-12-07 08:00:00,2023-12-12 12:00:00,24.351,24.018,23.145,23.474,7,ENTRY_B_B_SUPPORT_REACCEL,2023-12-21 04:00:00,15922,15881,24.251,2023-12-21 00:00:00,30,2023-12-20 12:00:00,15918,24.209,4,2023-12-21 00:00:00
SILVER,H4,Research_2015_2024,2023-12-13 16:00:00,2023-12-06 04:00:00,2023-12-07 08:00:00,2023-12-12 12:00:00,24.351,24.018,23.145,23.474,7,ENTRY_C_A_AFTER_B,2023-12-20 12:00:00,15918,15881,23.145,2023-12-12 12:00:00,30,2023-12-20 12:00:00,15918,24.209,0,
SILVER,H4,Research_2015_2024,2024-01-23 16:00:00,2024-01-12 12:00:00,2024-01-19 08:00:00,2024-01-22 00:00:00,23.523,22.835,22.654,22.439,10,ENTRY_A_B_BREAK,2024-01-29 04:00:00,16078,16046,22.952,2024-01-24 12:00:00,22,2024-01-29 04:00:00,16078,22.952,0,
SILVER,H4,Research_2015_2024,2024-01-23 16:00:00,2024-01-12 12:00:00,2024-01-19 08:00:00,2024-01-22 00:00:00,23.523,22.835,22.654,22.439,10,ENTRY_B_B_SUPPORT_REACCEL,2024-01-29 16:00:00,16081,16046,23.071,2024-01-29 08:00:00,22,2024-01-29 04:00:00,16078,22.952,3,2024-01-29 08:00:00
SILVER,H4,Research_2015_2024,2024-01-23 16:00:00,2024-01-12 12:00:00,2024-01-19 08:00:00,2024-01-22 00:00:00,23.523,22.835,22.654,22.439,10,ENTRY_C_A_AFTER_B,2024-01-29 04:00:00,16078,16046,22.654,2024-01-22 00:00:00,22,2024-01-29 04:00:00,16078,22.952,0,
SILVER,H4,Research_2015_2024,2024-02-29 12:00:00,2024-02-22 08:00:00,2024-02-23 16:00:00,2024-02-27 12:00:00,23.154,22.992,22.706,22.65,12,ENTRY_A_B_BREAK,2024-03-04 12:00:00,16235,16210,23.261,2024-03-01 16:00:00,13,2024-03-04 12:00:00,16235,23.261,0,
SILVER,H4,Research_2015_2024,2024-02-29 12:00:00,2024-02-22 08:00:00,2024-02-23 16:00:00,2024-02-27 12:00:00,23.154,22.992,22.706,22.65,12,ENTRY_C_A_AFTER_B,2024-03-04 12:00:00,16235,16210,22.706,2024-02-27 12:00:00,13,2024-03-04 12:00:00,16235,23.261,0,
SILVER,H4,Research_2015_2024,2024-05-03 20:00:00,2024-04-26 08:00:00,2024-04-29 16:00:00,2024-05-01 16:00:00,27.724,27.427,26.962,26.539,13,ENTRY_A_B_BREAK,2024-05-06 00:00:00,16505,16490,26.874,2024-05-03 12:00:00,2,2024-05-06 00:00:00,16505,26.874,0,
SILVER,H4,Research_2015_2024,2024-05-03 20:00:00,2024-04-26 08:00:00,2024-04-29 16:00:00,2024-05-01 16:00:00,27.724,27.427,26.962,26.539,13,ENTRY_B_B_SUPPORT_REACCEL,2024-05-06 12:00:00,16508,16490,27.191,2024-05-06 04:00:00,2,2024-05-06 00:00:00,16505,26.874,3,2024-05-06 04:00:00
SILVER,H4,Research_2015_2024,2024-05-03 20:00:00,2024-04-26 08:00:00,2024-04-29 16:00:00,2024-05-01 16:00:00,27.724,27.427,26.962,26.539,13,ENTRY_C_A_AFTER_B,2024-05-06 04:00:00,16506,16490,26.962,2024-05-01 16:00:00,2,2024-05-06 00:00:00,16505,26.874,1,
SILVER,H4,Research_2015_2024,2024-07-22 16:00:00,2024-07-17 00:00:00,2024-07-18 08:00:00,2024-07-21 20:00:00,31.422,30.588,29.42,29.171,5,ENTRY_A_B_BREAK,2024-07-28 20:00:00,16875,16844,28.064,2024-07-26 00:00:00,26,2024-07-28 20:00:00,16875,28.064,0,
SILVER,H4,Research_2015_2024,2024-09-12 04:00:00,2024-08-30 12:00:00,2024-09-05 12:00:00,2024-09-06 12:00:00,29.58,29.167,29.105,28.831,23,ENTRY_A_B_BREAK,2024-09-12 12:00:00,17083,17058,28.866,2024-09-11 04:00:00,2,2024-09-12 12:00:00,17083,28.866,0,
SILVER,H4,Research_2015_2024,2024-09-12 04:00:00,2024-08-30 12:00:00,2024-09-05 12:00:00,2024-09-06 12:00:00,29.58,29.167,29.105,28.831,23,ENTRY_C_A_AFTER_B,2024-09-12 12:00:00,17083,17058,29.105,2024-09-06 12:00:00,2,2024-09-12 12:00:00,17083,28.866,0,
SILVER,H4,Research_2015_2024,2024-09-12 04:00:00,2024-09-05 12:00:00,2024-09-06 12:00:00,2024-09-11 04:00:00,29.167,29.105,28.866,28.831,6,ENTRY_A_B_BREAK,2024-09-19 04:00:00,17112,17075,31.086,2024-09-16 04:00:00,31,2024-09-19 04:00:00,17112,31.086,0,
SILVER,H4,Research_2015_2024,2024-09-12 04:00:00,2024-09-05 12:00:00,2024-09-06 12:00:00,2024-09-11 04:00:00,29.167,29.105,28.866,28.831,6,ENTRY_C_A_AFTER_B,2024-09-19 04:00:00,17112,17075,28.866,2024-09-11 04:00:00,31,2024-09-19 04:00:00,17112,31.086,0,
SILVER,H4,Research_2015_2024,2024-11-14 16:00:00,2024-11-05 12:00:00,2024-11-07 20:00:00,2024-11-11 08:00:00,32.915,32.148,31.556,30.62,20,ENTRY_A_B_BREAK,2024-11-15 08:00:00,17367,17343,30.648,2024-11-14 16:00:00,4,2024-11-15 08:00:00,17367,30.648,0,
SILVER,H4,Research_2015_2024,2024-12-25 20:00:00,2024-12-18 00:00:00,2024-12-23 04:00:00,2024-12-24 00:00:00,30.565,29.862,29.77,29.663,5,ENTRY_A_B_BREAK,2025-01-06 08:00:00,17575,17532,29.887,2025-01-03 12:00:00,38,2025-01-06 08:00:00,17575,29.887,0,
SILVER,H4,Research_2015_2024,2024-12-25 20:00:00,2024-12-18 00:00:00,2024-12-23 04:00:00,2024-12-24 00:00:00,30.565,29.862,29.77,29.663,5,ENTRY_B_B_SUPPORT_REACCEL,2025-01-07 08:00:00,17581,17532,30.17,2025-01-06 16:00:00,38,2025-01-06 08:00:00,17575,29.887,6,2025-01-06 16:00:00
SILVER,H4,Research_2015_2024,2024-12-25 20:00:00,2024-12-18 00:00:00,2024-12-23 04:00:00,2024-12-24 00:00:00,30.565,29.862,29.77,29.663,5,ENTRY_C_A_AFTER_B,2025-01-06 08:00:00,17575,17532,29.77,2024-12-24 00:00:00,38,2025-01-06 08:00:00,17575,29.887,0,
SILVER,H4,OOS_2025_2026,2025-04-16 08:00:00,2025-03-28 12:00:00,2025-03-31 08:00:00,2025-04-02 20:00:00,34.579,34.457,34.13,32.937,59,ENTRY_A_B_BREAK,2025-04-16 08:00:00,18021,17962,30.797,2025-04-07 00:00:00,0,2025-04-16 08:00:00,18021,30.797,0,
SILVER,H4,OOS_2025_2026,2026-02-11 04:00:00,2026-02-04 12:00:00,2026-02-09 20:00:00,2026-02-10 12:00:00,92.166,84.013,83.026,83.809,4,ENTRY_A_B_BREAK,2026-02-20 08:00:00,18592,18544,79.473,2026-02-19 08:00:00,44,2026-02-20 08:00:00,18592,79.473,0,
SILVER,H4,OOS_2025_2026,2026-02-11 04:00:00,2026-02-04 12:00:00,2026-02-09 20:00:00,2026-02-10 12:00:00,92.166,84.013,83.026,83.809,4,ENTRY_B_B_SUPPORT_REACCEL,2026-02-20 16:00:00,18594,18544,82.486,2026-02-20 12:00:00,44,2026-02-20 08:00:00,18592,79.473,2,2026-02-20 12:00:00
SILVER,H4,OOS_2025_2026,2026-02-11 04:00:00,2026-02-04 12:00:00,2026-02-09 20:00:00,2026-02-10 12:00:00,92.166,84.013,83.026,83.809,4,ENTRY_C_A_AFTER_B,2026-02-20 16:00:00,18594,18544,83.026,2026-02-10 12:00:00,44,2026-02-20 08:00:00,18592,79.473,2,
