family,direction,lookback,pre_bars,trigger_atr,move_atr,wick_ratio,wick_max,close_location,range_atr,body_min,body_max,h4,rr,max_hold,trades,win_rate,total_r,avg_r,pf,max_dd_r,max_losing_streak,worst_year_r,worst_2y_r,is_trades,is_r,oos_trades,oos_r,score
wick_sweep,long,48,6,0.05,1.2,0.55,1.0,0.75,1.2,0.0,0.65,not_oppose,1.0,12,58,51.724137931034484,2.094311862695267,0.036108825218883915,1.0884637666394992,3.7061880187732137,4,-3.547098067588663,-2.663823436968804,53,2.5032939556338767,5,-0.40898209293861054,-2.5866771616245705
breakout,long,24,6,0.05,1.2,0.0,0.6,0.6,1.0,0.5,1.0,align,1.5,24,666,42.492492492492495,-46.80899074471692,-0.07028376988696235,0.8795625165022412,69.0342497094839,10,-13.194458191596912,-18.866221232337175,575,-58.822788644481,91,12.013797899764079,-110.36729072927942
