year,trades,win_rate,total_r,avg_r,pf,max_dd_r,max_losing_streak
2015,1,100.0,0.9880316160814533,0.9880316160814533,inf,0.0,0
2017,1,100.0,0.9901577447691354,0.9901577447691354,inf,0.0,0
2018,1,100.0,1.9833261961470972,1.9833261961470972,inf,0.0,0
2019,1,100.0,1.9784910659324018,1.9784910659324018,inf,0.0,0
2020,3,66.66666666666666,0.9888070959632727,0.3296023653210909,1.9847815173948808,1.0040877885066741,1
2022,1,0.0,-1.002854747579258,-1.002854747579258,0.0,0.0,1
2023,1,100.0,1.9813369114831985,1.9813369114831985,inf,0.0,0
2024,1,100.0,1.9925406917528978,1.9925406917528978,inf,0.0,0
2026,1,0.0,-1.002559992827004,-1.002559992827004,0.0,0.0,1
