operation,trades,win_rate,raw_total_r,account_total_r,avg_raw_r
FULL,7,57.14285714285714,4.926192336402659,4.926192336402659,0.703741762343237
HALF,4,100.0,7.9421684906410706,3.9710842453205353,1.9855421226602676
SKIP,6,33.33333333333333,-0.8724592728763936,0.0,-0.14540987881273226
