year,trades,win_rate,total_r,avg_r,pf,max_dd_r,max_losing_streak
2015,2,0.0,-1.5917046456858932,-0.7958523228429466,0.0,1.0673577133575973,2
2017,1,100.0,1.1969383232469963,1.1969383232469963,inf,0.0,0
2020,1,0.0,-1.0193894230050036,-1.0193894230050036,0.0,0.0,1
2025,1,0.0,-0.5047432473896741,-0.5047432473896741,0.0,0.0,1
