trigger_type,trades,win_rate,total_r,avg_r,pf,max_dd_r,max_losing_streak
stagnation,2,50.0,-0.7772424397009982,-0.3886212198504991,0.2382221800399832,0.0,1
stagnation+rebreak,1,0.0,-1.017542350010522,-1.017542350010522,0.0,0.0,1
rebreak,15,6.666666666666667,-11.028278284271689,-0.7352185522847793,0.15383669792938104,10.01938441950547,10
