case,notes,all_trades,all_win_rate,all_total_r,all_avg_r,all_pf,all_max_dd_r,all_max_losing_streak,research_trades,research_win_rate,research_total_r,research_avg_r,research_pf,research_max_dd_r,research_max_losing_streak,oos_trades,oos_win_rate,oos_total_r,oos_avg_r,oos_pf,oos_max_dd_r,oos_max_losing_streak
A inverse V candidate only,急騰後61.8-80%下落候補で即ショート,320,32.8125,-25.486364480163807,-0.07964488900051189,0.8780795452126164,56.846089370145705,18,284,34.859154929577464,-9.679269286254442,-0.034081934106529724,0.9469807954651226,42.152364675181644,15,36,16.666666666666664,-15.807095193909372,-0.4390859776085937,0.4030407180460961,17.227834106891468,18
B short T5 broad,逆V候補後にstagnation/rebreak。追加フィルタなし,202,32.67326732673268,-37.488936528891536,-0.18558879469748285,0.6838740282567527,43.56720386332895,12,187,34.22459893048128,-27.54114502841924,-0.14727885041935423,0.7455694573219334,33.61941236285665,9,15,13.333333333333334,-9.947791500472293,-0.6631861000314863,0.038152421963364956,10.09932002470958,12
C mirror practical width<=7,"BB 0.05-0.40, recovery<=16, MACD<0, BB幅<=7ATR, 弱い単独rebreak除外",18,11.11111111111111,-12.82306307398321,-0.7123923929990672,0.14916307034445186,11.81416920921699,10,14,7.142857142857142,-11.139476696675352,-0.7956769069053823,0.1525352842355901,10.130582831909132,9,4,25.0,-1.683586377307857,-0.42089659432696425,0.1261562468906117,1.3196234874890325,2
D mirror strict width<=4,実戦用よりBB幅を4ATRまで厳格化,10,10.0,-6.703957121990083,-0.6703957121990083,0.23022237712494314,6.682940320764164,7,9,11.11111111111111,-6.0969359761368604,-0.6774373306818734,0.24747133132988816,6.075919174910942,6,1,0.0,-0.6070211458532221,-0.6070211458532221,0.0,0.0,1
E mirror super strict,BB幅<=4ATR + MACD slope3<-0.03,8,12.5,-4.666114076244165,-0.5832642595305206,0.3005490656198757,4.645097275018244,5,7,14.285714285714285,-4.059092930390943,-0.5798704186272775,0.3306343174343652,4.038076129165022,4,1,0.0,-0.6070211458532221,-0.6070211458532221,0.0,0.0,1
F practical no rebreak guard,Cから弱い単独rebreak除外だけ外す,27,18.51851851851852,-12.881494475014494,-0.4770923879634998,0.3881979165483626,13.708436912281496,10,23,17.391304347826086,-11.197908097706634,-0.4868655694655058,0.4145912523848095,12.024850534973638,9,4,25.0,-1.683586377307857,-0.42089659432696425,0.1261562468906117,1.3196234874890325,2
